<annotation><folder>Proposals</folder><filename>img-190.jpg</filename><size><width>720</width><height>720</height><depth>3</depth></size><object><name>proposal</name><bndbox><xmin>201</xmin><ymin>257</ymin><xmax>79</xmax><ymax>40</ymax></bndbox></object><object><name>proposal</name><bndbox><xmin>280</xmin><ymin>231</ymin><xmax>57</xmax><ymax>57</ymax></bndbox></object><object><name>proposal</name><bndbox><xmin>295</xmin><ymin>317</ymin><xmax>21</xmax><ymax>38</ymax></bndbox></object><object><name>proposal</name><bndbox><xmin>201</xmin><ymin>253</ymin><xmax>80</xmax><ymax>68</ymax></bndbox></object><object><name>proposal</name><bndbox><xmin>200</xmin><ymin>257</ymin><xmax>139</xmax><ymax>97</ymax></bndbox></object><object><name>proposal</name><bndbox><xmin>201</xmin><ymin>232</ymin><xmax>79</xmax><ymax>43</ymax></bndbox></object><object><name>proposal</name><bndbox><xmin>202</xmin><ymin>256</ymin><xmax>136</xmax><ymax>55</ymax></bndbox></object><object><name>proposal</name><bndbox><xmin>254</xmin><ymin>11</ymin><xmax>60</xmax><ymax>44</ymax></bndbox></object><object><name>proposal</name><bndbox><xmin>288</xmin><ymin>319</ymin><xmax>29</xmax><ymax>39</ymax></bndbox></object><object><name>proposal</name><bndbox><xmin>278</xmin><ymin>265</ymin><xmax>59</xmax><ymax>89</ymax></bndbox></object><object><name>proposal</name><bndbox><xmin>200</xmin><ymin>203</ymin><xmax>89</xmax><ymax>72</ymax></bndbox></object><object><name>proposal</name><bndbox><xmin>165</xmin><ymin>257</ymin><xmax>114</xmax><ymax>61</ymax></bndbox></object><object><name>proposal</name><bndbox><xmin>308</xmin><ymin>319</ymin><xmax>29</xmax><ymax>39</ymax></bndbox></object><object><name>proposal</name><bndbox><xmin>555</xmin><ymin>4</ymin><xmax>158</xmax><ymax>79</ymax></bndbox></object><object><name>proposal</name><bndbox><xmin>622</xmin><ymin>7</ymin><xmax>34</xmax><ymax>34</ymax></bndbox></object><object><name>proposal</name><bndbox><xmin>176</xmin><ymin>257</ymin><xmax>102</xmax><ymax>88</ymax></bndbox></object><object><name>proposal</name><bndbox><xmin>264</xmin><ymin>268</ymin><xmax>72</xmax><ymax>53</ymax></bndbox></object><object><name>proposal</name><bndbox><xmin>178</xmin><ymin>256</ymin><xmax>160</xmax><ymax>136</ymax></bndbox></object><object><name>proposal</name><bndbox><xmin>185</xmin><ymin>220</ymin><xmax>96</xmax><ymax>56</ymax></bndbox></object><object><name>proposal</name><bndbox><xmin>308</xmin><ymin>317</ymin><xmax>20</xmax><ymax>38</ymax></bndbox></object><object><name>proposal</name><bndbox><xmin>270</xmin><ymin>267</ymin><xmax>112</xmax><ymax>87</ymax></bndbox></object><object><name>proposal</name><bndbox><xmin>270</xmin><ymin>215</ymin><xmax>68</xmax><ymax>74</ymax></bndbox></object><object><name>proposal</name><bndbox><xmin>200</xmin><ymin>175</ymin><xmax>139</xmax><ymax>114</ymax></bndbox></object><object><name>proposal</name><bndbox><xmin>555</xmin><ymin>50</ymin><xmax>158</xmax><ymax>92</ymax></bndbox></object><object><name>proposal</name><bndbox><xmin>322</xmin><ymin>17</ymin><xmax>246</xmax><ymax>139</ymax></bndbox></object><object><name>proposal</name><bndbox><xmin>178</xmin><ymin>192</ymin><xmax>101</xmax><ymax>84</ymax></bndbox></object><object><name>proposal</name><bndbox><xmin>214</xmin><ymin>7</ymin><xmax>100</xmax><ymax>52</ymax></bndbox></object><object><name>proposal</name><bndbox><xmin>256</xmin><ymin>9</ymin><xmax>59</xmax><ymax>73</ymax></bndbox></object><object><name>proposal</name><bndbox><xmin>277</xmin><ymin>312</ymin><xmax>39</xmax><ymax>42</ymax></bndbox></object><object><name>proposal</name><bndbox><xmin>356</xmin><ymin>281</ymin><xmax>29</xmax><ymax>45</ymax></bndbox></object><object><name>proposal</name><bndbox><xmin>199</xmin><ymin>256</ymin><xmax>183</xmax><ymax>120</ymax></bndbox></object><object><name>proposal</name><bndbox><xmin>305</xmin><ymin>319</ymin><xmax>45</xmax><ymax>39</ymax></bndbox></object><object><name>proposal</name><bndbox><xmin>277</xmin><ymin>267</ymin><xmax>77</xmax><ymax>68</ymax></bndbox></object><object><name>proposal</name><bndbox><xmin>200</xmin><ymin>219</ymin><xmax>141</xmax><ymax>71</ymax></bndbox></object><object><name>proposal</name><bndbox><xmin>280</xmin><ymin>229</ymin><xmax>87</xmax><ymax>60</ymax></bndbox></object><object><name>proposal</name><bndbox><xmin>277</xmin><ymin>268</ymin><xmax>114</xmax><ymax>57</ymax></bndbox></object><object><name>proposal</name><bndbox><xmin>193</xmin><ymin>254</ymin><xmax>86</xmax><ymax>117</ymax></bndbox></object><object><name>proposal</name><bndbox><xmin>388</xmin><ymin>317</ymin><xmax>35</xmax><ymax>26</ymax></bndbox></object><object><name>proposal</name><bndbox><xmin>174</xmin><ymin>247</ymin><xmax>142</xmax><ymax>110</ymax></bndbox></object><object><name>proposal</name><bndbox><xmin>193</xmin><ymin>187</ymin><xmax>111</xmax><ymax>89</ymax></bndbox></object><object><name>proposal</name><bndbox><xmin>307</xmin><ymin>307</ymin><xmax>75</xmax><ymax>55</ymax></bndbox></object><object><name>proposal</name><bndbox><xmin>254</xmin><ymin>8</ymin><xmax>61</xmax><ymax>28</ymax></bndbox></object><object><name>proposal</name><bndbox><xmin>557</xmin><ymin>50</ymin><xmax>156</xmax><ymax>144</ymax></bndbox></object><object><name>proposal</name><bndbox><xmin>508</xmin><ymin>50</ymin><xmax>204</xmax><ymax>110</ymax></bndbox></object><object><name>proposal</name><bndbox><xmin>199</xmin><ymin>156</ymin><xmax>80</xmax><ymax>123</ymax></bndbox></object><object><name>proposal</name><bndbox><xmin>355</xmin><ymin>308</ymin><xmax>73</xmax><ymax>35</ymax></bndbox></object><object><name>proposal</name><bndbox><xmin>356</xmin><ymin>296</ymin><xmax>31</xmax><ymax>31</ymax></bndbox></object><object><name>proposal</name><bndbox><xmin>266</xmin><ymin>319</ymin><xmax>50</xmax><ymax>37</ymax></bndbox></object><object><name>proposal</name><bndbox><xmin>286</xmin><ymin>303</ymin><xmax>30</xmax><ymax>56</ymax></bndbox></object><object><name>proposal</name><bndbox><xmin>116</xmin><ymin>257</ymin><xmax>222</xmax><ymax>97</ymax></bndbox></object><object><name>proposal</name><bndbox><xmin>253</xmin><ymin>10</ymin><xmax>85</xmax><ymax>60</ymax></bndbox></object><object><name>proposal</name><bndbox><xmin>254</xmin><ymin>3</ymin><xmax>61</xmax><ymax>26</ymax></bndbox></object><object><name>proposal</name><bndbox><xmin>280</xmin><ymin>250</ymin><xmax>64</xmax><ymax>39</ymax></bndbox></object><object><name>proposal</name><bndbox><xmin>200</xmin><ymin>6</ymin><xmax>353</xmax><ymax>282</ymax></bndbox></object><object><name>proposal</name><bndbox><xmin>356</xmin><ymin>299</ymin><xmax>47</xmax><ymax>27</ymax></bndbox></object><object><name>proposal</name><bndbox><xmin>253</xmin><ymin>10</ymin><xmax>299</xmax><ymax>178</ymax></bndbox></object><object><name>proposal</name><bndbox><xmin>321</xmin><ymin>17</ymin><xmax>391</xmax><ymax>204</ymax></bndbox></object><object><name>proposal</name><bndbox><xmin>261</xmin><ymin>267</ymin><xmax>84</xmax><ymax>97</ymax></bndbox></object><object><name>proposal</name><bndbox><xmin>201</xmin><ymin>7</ymin><xmax>510</xmax><ymax>347</ymax></bndbox></object><object><name>proposal</name><bndbox><xmin>242</xmin><ymin>267</ymin><xmax>94</xmax><ymax>69</ymax></bndbox></object><object><name>proposal</name><bndbox><xmin>213</xmin><ymin>6</ymin><xmax>114</xmax><ymax>72</ymax></bndbox></object><object><name>proposal</name><bndbox><xmin>201</xmin><ymin>250</ymin><xmax>79</xmax><ymax>35</ymax></bndbox></object><object><name>proposal</name><bndbox><xmin>308</xmin><ymin>296</ymin><xmax>32</xmax><ymax>61</ymax></bndbox></object><object><name>proposal</name><bndbox><xmin>287</xmin><ymin>319</ymin><xmax>29</xmax><ymax>64</ymax></bndbox></object><object><name>proposal</name><bndbox><xmin>176</xmin><ymin>254</ymin><xmax>205</xmax><ymax>173</ymax></bndbox></object><object><name>proposal</name><bndbox><xmin>158</xmin><ymin>257</ymin><xmax>122</xmax><ymax>122</ymax></bndbox></object><object><name>proposal</name><bndbox><xmin>156</xmin><ymin>158</ymin><xmax>183</xmax><ymax>135</ymax></bndbox></object><object><name>proposal</name><bndbox><xmin>177</xmin><ymin>256</ymin><xmax>159</xmax><ymax>213</ymax></bndbox></object><object><name>proposal</name><bndbox><xmin>613</xmin><ymin>1</ymin><xmax>45</xmax><ymax>42</ymax></bndbox></object><object><name>proposal</name><bndbox><xmin>388</xmin><ymin>333</ymin><xmax>35</xmax><ymax>28</ymax></bndbox></object><object><name>proposal</name><bndbox><xmin>277</xmin><ymin>267</ymin><xmax>149</xmax><ymax>93</ymax></bndbox></object><object><name>proposal</name><bndbox><xmin>281</xmin><ymin>309</ymin><xmax>35</xmax><ymax>61</ymax></bndbox></object><object><name>proposal</name><bndbox><xmin>308</xmin><ymin>309</ymin><xmax>35</xmax><ymax>61</ymax></bndbox></object><object><name>proposal</name><bndbox><xmin>525</xmin><ymin>421</ymin><xmax>42</xmax><ymax>21</ymax></bndbox></object><object><name>proposal</name><bndbox><xmin>529</xmin><ymin>25</ymin><xmax>184</xmax><ymax>188</ymax></bndbox></object><object><name>proposal</name><bndbox><xmin>199</xmin><ymin>128</ymin><xmax>160</xmax><ymax>160</ymax></bndbox></object><object><name>proposal</name><bndbox><xmin>255</xmin><ymin>11</ymin><xmax>297</xmax><ymax>395</ymax></bndbox></object><object><name>proposal</name><bndbox><xmin>132</xmin><ymin>256</ymin><xmax>148</xmax><ymax>79</ymax></bndbox></object><object><name>proposal</name><bndbox><xmin>374</xmin><ymin>319</ymin><xmax>51</xmax><ymax>23</ymax></bndbox></object><object><name>proposal</name><bndbox><xmin>280</xmin><ymin>195</ymin><xmax>84</xmax><ymax>93</ymax></bndbox></object><object><name>proposal</name><bndbox><xmin>202</xmin><ymin>4</ymin><xmax>137</xmax><ymax>285</ymax></bndbox></object><object><name>proposal</name><bndbox><xmin>305</xmin><ymin>308</ymin><xmax>119</xmax><ymax>60</ymax></bndbox></object><object><name>proposal</name><bndbox><xmin>625</xmin><ymin>17</ymin><xmax>35</xmax><ymax>24</ymax></bndbox></object><object><name>proposal</name><bndbox><xmin>201</xmin><ymin>194</ymin><xmax>197</xmax><ymax>96</ymax></bndbox></object><object><name>proposal</name><bndbox><xmin>278</xmin><ymin>267</ymin><xmax>104</xmax><ymax>128</ymax></bndbox></object><object><name>proposal</name><bndbox><xmin>253</xmin><ymin>246</ymin><xmax>83</xmax><ymax>43</ymax></bndbox></object><object><name>proposal</name><bndbox><xmin>624</xmin><ymin>4</ymin><xmax>42</xmax><ymax>39</ymax></bndbox></object><object><name>proposal</name><bndbox><xmin>266</xmin><ymin>178</ymin><xmax>70</xmax><ymax>112</ymax></bndbox></object><object><name>proposal</name><bndbox><xmin>352</xmin><ymin>307</ymin><xmax>31</xmax><ymax>58</ymax></bndbox></object><object><name>proposal</name><bndbox><xmin>625</xmin><ymin>28</ymin><xmax>26</xmax><ymax>38</ymax></bndbox></object><object><name>proposal</name><bndbox><xmin>508</xmin><ymin>87</ymin><xmax>35</xmax><ymax>24</ymax></bndbox></object><object><name>proposal</name><bndbox><xmin>193</xmin><ymin>7</ymin><xmax>121</xmax><ymax>87</ymax></bndbox></object><object><name>proposal</name><bndbox><xmin>280</xmin><ymin>267</ymin><xmax>59</xmax><ymax>127</ymax></bndbox></object><object><name>proposal</name><bndbox><xmin>234</xmin><ymin>267</ymin><xmax>103</xmax><ymax>127</ymax></bndbox></object><object><name>proposal</name><bndbox><xmin>389</xmin><ymin>333</ymin><xmax>39</xmax><ymax>39</ymax></bndbox></object><object><name>proposal</name><bndbox><xmin>353</xmin><ymin>260</ymin><xmax>28</xmax><ymax>66</ymax></bndbox></object><object><name>proposal</name><bndbox><xmin>212</xmin><ymin>7</ymin><xmax>54</xmax><ymax>40</ymax></bndbox></object><object><name>proposal</name><bndbox><xmin>306</xmin><ymin>316</ymin><xmax>64</xmax><ymax>39</ymax></bndbox></object><object><name>proposal</name><bndbox><xmin>424</xmin><ymin>367</ymin><xmax>34</xmax><ymax>37</ymax></bndbox></object><object><name>proposal</name><bndbox><xmin>161</xmin><ymin>173</ymin><xmax>135</xmax><ymax>104</ymax></bndbox></object><object><name>proposal</name><bndbox><xmin>356</xmin><ymin>296</ymin><xmax>87</xmax><ymax>48</ymax></bndbox></object><object><name>proposal</name><bndbox><xmin>169</xmin><ymin>280</ymin><xmax>24</xmax><ymax>38</ymax></bndbox></object><object><name>proposal</name><bndbox><xmin>306</xmin><ymin>305</ymin><xmax>75</xmax><ymax>98</ymax></bndbox></object><object><name>proposal</name><bndbox><xmin>95</xmin><ymin>3</ymin><xmax>457</xmax><ymax>340</ymax></bndbox></object><object><name>proposal</name><bndbox><xmin>388</xmin><ymin>315</ymin><xmax>51</xmax><ymax>27</ymax></bndbox></object><object><name>proposal</name><bndbox><xmin>427</xmin><ymin>388</ymin><xmax>34</xmax><ymax>37</ymax></bndbox></object><object><name>proposal</name><bndbox><xmin>213</xmin><ymin>7</ymin><xmax>453</xmax><ymax>188</ymax></bndbox></object><object><name>proposal</name><bndbox><xmin>592</xmin><ymin>4</ymin><xmax>64</xmax><ymax>39</ymax></bndbox></object><object><name>proposal</name><bndbox><xmin>201</xmin><ymin>250</ymin><xmax>197</xmax><ymax>86</ymax></bndbox></object><object><name>proposal</name><bndbox><xmin>356</xmin><ymin>276</ymin><xmax>45</xmax><ymax>53</ymax></bndbox></object><object><name>proposal</name><bndbox><xmin>300</xmin><ymin>281</ymin><xmax>83</xmax><ymax>74</ymax></bndbox></object><object><name>proposal</name><bndbox><xmin>355</xmin><ymin>292</ymin><xmax>67</xmax><ymax>33</ymax></bndbox></object><object><name>proposal</name><bndbox><xmin>76</xmin><ymin>257</ymin><xmax>307</xmax><ymax>121</ymax></bndbox></object><object><name>proposal</name><bndbox><xmin>242</xmin><ymin>10</ymin><xmax>84</xmax><ymax>88</ymax></bndbox></object><object><name>proposal</name><bndbox><xmin>214</xmin><ymin>6</ymin><xmax>38</xmax><ymax>55</ymax></bndbox></object><object><name>proposal</name><bndbox><xmin>354</xmin><ymin>265</ymin><xmax>38</xmax><ymax>60</ymax></bndbox></object><object><name>proposal</name><bndbox><xmin>291</xmin><ymin>312</ymin><xmax>29</xmax><ymax>42</ymax></bndbox></object><object><name>proposal</name><bndbox><xmin>555</xmin><ymin>25</ymin><xmax>158</xmax><ymax>85</ymax></bndbox></object><object><name>proposal</name><bndbox><xmin>278</xmin><ymin>281</ymin><xmax>39</xmax><ymax>75</ymax></bndbox></object><object><name>proposal</name><bndbox><xmin>133</xmin><ymin>257</ymin><xmax>291</xmax><ymax>152</ymax></bndbox></object><object><name>proposal</name><bndbox><xmin>340</xmin><ymin>281</ymin><xmax>42</xmax><ymax>45</ymax></bndbox></object><object><name>proposal</name><bndbox><xmin>94</xmin><ymin>257</ymin><xmax>243</xmax><ymax>155</ymax></bndbox></object><object><name>proposal</name><bndbox><xmin>509</xmin><ymin>73</ymin><xmax>38</xmax><ymax>21</ymax></bndbox></object><object><name>proposal</name><bndbox><xmin>382</xmin><ymin>305</ymin><xmax>42</xmax><ymax>39</ymax></bndbox></object><object><name>proposal</name><bndbox><xmin>340</xmin><ymin>296</ymin><xmax>42</xmax><ymax>29</ymax></bndbox></object><object><name>proposal</name><bndbox><xmin>305</xmin><ymin>305</ymin><xmax>119</xmax><ymax>97</ymax></bndbox></object><object><name>proposal</name><bndbox><xmin>176</xmin><ymin>250</ymin><xmax>105</xmax><ymax>52</ymax></bndbox></object><object><name>proposal</name><bndbox><xmin>201</xmin><ymin>116</ymin><xmax>89</xmax><ymax>162</ymax></bndbox></object><object><name>proposal</name><bndbox><xmin>254</xmin><ymin>11</ymin><xmax>119</xmax><ymax>65</ymax></bndbox></object><object><name>proposal</name><bndbox><xmin>273</xmin><ymin>319</ymin><xmax>45</xmax><ymax>63</ymax></bndbox></object><object><name>proposal</name><bndbox><xmin>213</xmin><ymin>6</ymin><xmax>110</xmax><ymax>110</ymax></bndbox></object><object><name>proposal</name><bndbox><xmin>173</xmin><ymin>128</ymin><xmax>106</xmax><ymax>147</ymax></bndbox></object><object><name>proposal</name><bndbox><xmin>178</xmin><ymin>256</ymin><xmax>100</xmax><ymax>182</ymax></bndbox></object><object><name>proposal</name><bndbox><xmin>418</xmin><ymin>377</ymin><xmax>41</xmax><ymax>26</ymax></bndbox></object><object><name>proposal</name><bndbox><xmin>276</xmin><ymin>261</ymin><xmax>61</xmax><ymax>28</ymax></bndbox></object><object><name>proposal</name><bndbox><xmin>303</xmin><ymin>303</ymin><xmax>54</xmax><ymax>54</ymax></bndbox></object><object><name>proposal</name><bndbox><xmin>116</xmin><ymin>178</ymin><xmax>162</xmax><ymax>98</ymax></bndbox></object><object><name>proposal</name><bndbox><xmin>428</xmin><ymin>388</ymin><xmax>45</xmax><ymax>29</ymax></bndbox></object><object><name>proposal</name><bndbox><xmin>348</xmin><ymin>286</ymin><xmax>61</xmax><ymax>39</ymax></bndbox></object><object><name>proposal</name><bndbox><xmin>277</xmin><ymin>207</ymin><xmax>117</xmax><ymax>84</ymax></bndbox></object><object><name>proposal</name><bndbox><xmin>616</xmin><ymin>17</ymin><xmax>35</xmax><ymax>24</ymax></bndbox></object><object><name>proposal</name><bndbox><xmin>214</xmin><ymin>6</ymin><xmax>39</xmax><ymax>33</ymax></bndbox></object><object><name>proposal</name><bndbox><xmin>556</xmin><ymin>7</ymin><xmax>112</xmax><ymax>69</ymax></bndbox></object><object><name>proposal</name><bndbox><xmin>388</xmin><ymin>293</ymin><xmax>34</xmax><ymax>50</ymax></bndbox></object><object><name>proposal</name><bndbox><xmin>202</xmin><ymin>7</ymin><xmax>79</xmax><ymax>36</ymax></bndbox></object><object><name>proposal</name><bndbox><xmin>201</xmin><ymin>4</ymin><xmax>510</xmax><ymax>543</ymax></bndbox></object><object><name>proposal</name><bndbox><xmin>616</xmin><ymin>7</ymin><xmax>32</xmax><ymax>22</ymax></bndbox></object><object><name>proposal</name><bndbox><xmin>229</xmin><ymin>264</ymin><xmax>107</xmax><ymax>40</ymax></bndbox></object><object><name>proposal</name><bndbox><xmin>424</xmin><ymin>388</ymin><xmax>34</xmax><ymax>50</ymax></bndbox></object><object><name>proposal</name><bndbox><xmin>200</xmin><ymin>4</ymin><xmax>244</xmax><ymax>350</ymax></bndbox></object><object><name>proposal</name><bndbox><xmin>307</xmin><ymin>316</ymin><xmax>55</xmax><ymax>78</ymax></bndbox></object><object><name>proposal</name><bndbox><xmin>259</xmin><ymin>314</ymin><xmax>59</xmax><ymax>54</ymax></bndbox></object><object><name>proposal</name><bndbox><xmin>526</xmin><ymin>409</ymin><xmax>34</xmax><ymax>34</ymax></bndbox></object><object><name>proposal</name><bndbox><xmin>388</xmin><ymin>330</ymin><xmax>34</xmax><ymax>54</ymax></bndbox></object><object><name>proposal</name><bndbox><xmin>510</xmin><ymin>8</ymin><xmax>201</xmax><ymax>267</ymax></bndbox></object><object><name>proposal</name><bndbox><xmin>429</xmin><ymin>388</ymin><xmax>38</xmax><ymax>21</ymax></bndbox></object><object><name>proposal</name><bndbox><xmin>255</xmin><ymin>11</ymin><xmax>61</xmax><ymax>128</ymax></bndbox></object><object><name>proposal</name><bndbox><xmin>352</xmin><ymin>306</ymin><xmax>71</xmax><ymax>68</ymax></bndbox></object><object><name>proposal</name><bndbox><xmin>428</xmin><ymin>388</ymin><xmax>45</xmax><ymax>49</ymax></bndbox></object><object><name>proposal</name><bndbox><xmin>237</xmin><ymin>319</ymin><xmax>79</xmax><ymax>37</ymax></bndbox></object><object><name>proposal</name><bndbox><xmin>303</xmin><ymin>277</ymin><xmax>51</xmax><ymax>77</ymax></bndbox></object><object><name>proposal</name><bndbox><xmin>213</xmin><ymin>5</ymin><xmax>157</xmax><ymax>89</ymax></bndbox></object><object><name>proposal</name><bndbox><xmin>199</xmin><ymin>196</ymin><xmax>139</xmax><ymax>158</ymax></bndbox></object><object><name>proposal</name><bndbox><xmin>256</xmin><ymin>6</ymin><xmax>80</xmax><ymax>112</ymax></bndbox></object><object><name>proposal</name><bndbox><xmin>526</xmin><ymin>433</ymin><xmax>34</xmax><ymax>37</ymax></bndbox></object><object><name>proposal</name><bndbox><xmin>410</xmin><ymin>356</ymin><xmax>49</xmax><ymax>49</ymax></bndbox></object><object><name>proposal</name><bndbox><xmin>215</xmin><ymin>7</ymin><xmax>68</xmax><ymax>62</ymax></bndbox></object><object><name>proposal</name><bndbox><xmin>151</xmin><ymin>284</ymin><xmax>42</xmax><ymax>33</ymax></bndbox></object><object><name>proposal</name><bndbox><xmin>109</xmin><ymin>4</ymin><xmax>227</xmax><ymax>290</ymax></bndbox></object><object><name>proposal</name><bndbox><xmin>280</xmin><ymin>197</ymin><xmax>161</xmax><ymax>157</ymax></bndbox></object><object><name>proposal</name><bndbox><xmin>199</xmin><ymin>153</ymin><xmax>254</xmax><ymax>137</ymax></bndbox></object><object><name>proposal</name><bndbox><xmin>428</xmin><ymin>358</ymin><xmax>42</xmax><ymax>45</ymax></bndbox></object><object><name>proposal</name><bndbox><xmin>509</xmin><ymin>419</ymin><xmax>55</xmax><ymax>23</ymax></bndbox></object><object><name>proposal</name><bndbox><xmin>608</xmin><ymin>15</ymin><xmax>51</xmax><ymax>27</ymax></bndbox></object><object><name>proposal</name><bndbox><xmin>369</xmin><ymin>333</ymin><xmax>55</xmax><ymax>41</ymax></bndbox></object><object><name>proposal</name><bndbox><xmin>177</xmin><ymin>257</ymin><xmax>246</xmax><ymax>246</ymax></bndbox></object><object><name>proposal</name><bndbox><xmin>176</xmin><ymin>87</ymin><xmax>195</xmax><ymax>206</ymax></bndbox></object><object><name>proposal</name><bndbox><xmin>337</xmin><ymin>308</ymin><xmax>45</xmax><ymax>29</ymax></bndbox></object><object><name>proposal</name><bndbox><xmin>325</xmin><ymin>278</ymin><xmax>60</xmax><ymax>47</ymax></bndbox></object><object><name>proposal</name><bndbox><xmin>261</xmin><ymin>277</ymin><xmax>56</xmax><ymax>77</ymax></bndbox></object><object><name>proposal</name><bndbox><xmin>522</xmin><ymin>403</ymin><xmax>45</xmax><ymax>39</ymax></bndbox></object><object><name>proposal</name><bndbox><xmin>335</xmin><ymin>286</ymin><xmax>61</xmax><ymax>39</ymax></bndbox></object><object><name>proposal</name><bndbox><xmin>110</xmin><ymin>113</ymin><xmax>229</xmax><ymax>180</ymax></bndbox></object><object><name>proposal</name><bndbox><xmin>427</xmin><ymin>348</ymin><xmax>34</xmax><ymax>58</ymax></bndbox></object><object><name>proposal</name><bndbox><xmin>157</xmin><ymin>295</ymin><xmax>38</xmax><ymax>21</ymax></bndbox></object><object><name>proposal</name><bndbox><xmin>277</xmin><ymin>252</ymin><xmax>177</xmax><ymax>75</ymax></bndbox></object><object><name>proposal</name><bndbox><xmin>501</xmin><ymin>66</ymin><xmax>42</xmax><ymax>29</ymax></bndbox></object><object><name>proposal</name><bndbox><xmin>356</xmin><ymin>307</ymin><xmax>45</xmax><ymax>57</ymax></bndbox></object><object><name>proposal</name><bndbox><xmin>615</xmin><ymin>4</ymin><xmax>67</xmax><ymax>39</ymax></bndbox></object><object><name>proposal</name><bndbox><xmin>244</xmin><ymin>151</ymin><xmax>93</xmax><ymax>139</ymax></bndbox></object><object><name>proposal</name><bndbox><xmin>303</xmin><ymin>319</ymin><xmax>22</xmax><ymax>35</ymax></bndbox></object><object><name>proposal</name><bndbox><xmin>381</xmin><ymin>333</ymin><xmax>80</xmax><ymax>72</ymax></bndbox></object><object><name>proposal</name><bndbox><xmin>185</xmin><ymin>7</ymin><xmax>129</xmax><ymax>129</ymax></bndbox></object><object><name>proposal</name><bndbox><xmin>529</xmin><ymin>131</ymin><xmax>38</xmax><ymax>24</ymax></bndbox></object><object><name>proposal</name><bndbox><xmin>529</xmin><ymin>149</ymin><xmax>42</xmax><ymax>20</ymax></bndbox></object><object><name>proposal</name><bndbox><xmin>279</xmin><ymin>132</ymin><xmax>71</xmax><ymax>157</ymax></bndbox></object><object><name>proposal</name><bndbox><xmin>204</xmin><ymin>6</ymin><xmax>64</xmax><ymax>54</ymax></bndbox></object><object><name>proposal</name><bndbox><xmin>64</xmin><ymin>256</ymin><xmax>319</xmax><ymax>198</ymax></bndbox></object><object><name>proposal</name><bndbox><xmin>611</xmin><ymin>9</ymin><xmax>56</xmax><ymax>32</ymax></bndbox></object><object><name>proposal</name><bndbox><xmin>193</xmin><ymin>6</ymin><xmax>59</xmax><ymax>54</ymax></bndbox></object><object><name>proposal</name><bndbox><xmin>576</xmin><ymin>7</ymin><xmax>75</xmax><ymax>41</ymax></bndbox></object><object><name>proposal</name><bndbox><xmin>351</xmin><ymin>288</ymin><xmax>114</xmax><ymax>55</ymax></bndbox></object><object><name>proposal</name><bndbox><xmin>277</xmin><ymin>267</ymin><xmax>183</xmax><ymax>127</ymax></bndbox></object><object><name>proposal</name><bndbox><xmin>622</xmin><ymin>15</ymin><xmax>51</xmax><ymax>27</ymax></bndbox></object><object><name>proposal</name><bndbox><xmin>347</xmin><ymin>245</ymin><xmax>37</xmax><ymax>83</ymax></bndbox></object><object><name>proposal</name><bndbox><xmin>354</xmin><ymin>305</ymin><xmax>37</xmax><ymax>83</ymax></bndbox></object><object><name>proposal</name><bndbox><xmin>215</xmin><ymin>5</ymin><xmax>100</xmax><ymax>159</ymax></bndbox></object><object><name>proposal</name><bndbox><xmin>386</xmin><ymin>333</ymin><xmax>60</xmax><ymax>41</ymax></bndbox></object><object><name>proposal</name><bndbox><xmin>338</xmin><ymin>305</ymin><xmax>49</xmax><ymax>89</ymax></bndbox></object><object><name>proposal</name><bndbox><xmin>277</xmin><ymin>219</ymin><xmax>161</xmax><ymax>71</ymax></bndbox></object><object><name>proposal</name><bndbox><xmin>485</xmin><ymin>325</ymin><xmax>19</xmax><ymax>38</ymax></bndbox></object><object><name>proposal</name><bndbox><xmin>353</xmin><ymin>269</ymin><xmax>80</xmax><ymax>76</ymax></bndbox></object><object><name>proposal</name><bndbox><xmin>235</xmin><ymin>5</ymin><xmax>79</xmax><ymax>29</ymax></bndbox></object><object><name>proposal</name><bndbox><xmin>315</xmin><ymin>296</ymin><xmax>66</xmax><ymax>30</ymax></bndbox></object><object><name>proposal</name><bndbox><xmin>369</xmin><ymin>299</ymin><xmax>55</xmax><ymax>44</ymax></bndbox></object><object><name>proposal</name><bndbox><xmin>421</xmin><ymin>25</ymin><xmax>292</xmax><ymax>245</ymax></bndbox></object><object><name>proposal</name><bndbox><xmin>201</xmin><ymin>200</ymin><xmax>223</xmax><ymax>154</ymax></bndbox></object><object><name>proposal</name><bndbox><xmin>387</xmin><ymin>304</ymin><xmax>61</xmax><ymax>39</ymax></bndbox></object><object><name>proposal</name><bndbox><xmin>128</xmin><ymin>128</ymin><xmax>152</xmax><ymax>164</ymax></bndbox></object><object><name>proposal</name><bndbox><xmin>193</xmin><ymin>6</ymin><xmax>61</xmax><ymax>32</ymax></bndbox></object><object><name>proposal</name><bndbox><xmin>355</xmin><ymin>307</ymin><xmax>41</xmax><ymax>22</ymax></bndbox></object><object><name>proposal</name><bndbox><xmin>353</xmin><ymin>287</ymin><xmax>83</xmax><ymax>41</ymax></bndbox></object><object><name>proposal</name><bndbox><xmin>349</xmin><ymin>304</ymin><xmax>38</xmax><ymax>21</ymax></bndbox></object><object><name>proposal</name><bndbox><xmin>177</xmin><ymin>280</ymin><xmax>24</xmax><ymax>38</ymax></bndbox></object><object><name>proposal</name><bndbox><xmin>215</xmin><ymin>5</ymin><xmax>39</xmax><ymax>79</ymax></bndbox></object><object><name>proposal</name><bndbox><xmin>254</xmin><ymin>11</ymin><xmax>127</xmax><ymax>343</ymax></bndbox></object><object><name>proposal</name><bndbox><xmin>388</xmin><ymin>294</ymin><xmax>49</xmax><ymax>53</ymax></bndbox></object><object><name>proposal</name><bndbox><xmin>427</xmin><ymin>346</ymin><xmax>78</xmax><ymax>57</ymax></bndbox></object><object><name>proposal</name><bndbox><xmin>173</xmin><ymin>7</ymin><xmax>109</xmax><ymax>268</ymax></bndbox></object><object><name>proposal</name><bndbox><xmin>508</xmin><ymin>53</ymin><xmax>39</xmax><ymax>42</ymax></bndbox></object><object><name>proposal</name><bndbox><xmin>322</xmin><ymin>257</ymin><xmax>59</xmax><ymax>68</ymax></bndbox></object><object><name>proposal</name><bndbox><xmin>376</xmin><ymin>331</ymin><xmax>47</xmax><ymax>60</ymax></bndbox></object><object><name>proposal</name><bndbox><xmin>347</xmin><ymin>260</ymin><xmax>54</xmax><ymax>69</ymax></bndbox></object><object><name>proposal</name><bndbox><xmin>484</xmin><ymin>337</ymin><xmax>32</xmax><ymax>26</ymax></bndbox></object><object><name>proposal</name><bndbox><xmin>333</xmin><ymin>308</ymin><xmax>50</xmax><ymax>19</ymax></bndbox></object><object><name>proposal</name><bndbox><xmin>171</xmin><ymin>266</ymin><xmax>23</xmax><ymax>51</ymax></bndbox></object><object><name>proposal</name><bndbox><xmin>353</xmin><ymin>303</ymin><xmax>71</xmax><ymax>26</ymax></bndbox></object><object><name>proposal</name><bndbox><xmin>268</xmin><ymin>270</ymin><xmax>55</xmax><ymax>103</ymax></bndbox></object><object><name>proposal</name><bndbox><xmin>625</xmin><ymin>4</ymin><xmax>83</xmax><ymax>37</ymax></bndbox></object><object><name>proposal</name><bndbox><xmin>570</xmin><ymin>25</ymin><xmax>87</xmax><ymax>45</ymax></bndbox></object><object><name>proposal</name><bndbox><xmin>428</xmin><ymin>335</ymin><xmax>43</xmax><ymax>69</ymax></bndbox></object><object><name>proposal</name><bndbox><xmin>374</xmin><ymin>333</ymin><xmax>51</xmax><ymax>25</ymax></bndbox></object><object><name>proposal</name><bndbox><xmin>625</xmin><ymin>23</ymin><xmax>89</xmax><ymax>61</ymax></bndbox></object><object><name>proposal</name><bndbox><xmin>481</xmin><ymin>331</ymin><xmax>31</xmax><ymax>31</ymax></bndbox></object><object><name>proposal</name><bndbox><xmin>508</xmin><ymin>85</ymin><xmax>39</xmax><ymax>42</ymax></bndbox></object><object><name>proposal</name><bndbox><xmin>354</xmin><ymin>25</ymin><xmax>357</xmax><ymax>380</ymax></bndbox></object><object><name>proposal</name><bndbox><xmin>303</xmin><ymin>277</ymin><xmax>63</xmax><ymax>119</ymax></bndbox></object><object><name>proposal</name><bndbox><xmin>625</xmin><ymin>22</ymin><xmax>46</xmax><ymax>21</ymax></bndbox></object><object><name>proposal</name><bndbox><xmin>277</xmin><ymin>224</ymin><xmax>147</xmax><ymax>104</ymax></bndbox></object><object><name>proposal</name><bndbox><xmin>355</xmin><ymin>307</ymin><xmax>34</xmax><ymax>40</ymax></bndbox></object><object><name>proposal</name><bndbox><xmin>526</xmin><ymin>392</ymin><xmax>34</xmax><ymax>50</ymax></bndbox></object><object><name>proposal</name><bndbox><xmin>617</xmin><ymin>8</ymin><xmax>42</xmax><ymax>42</ymax></bndbox></object><object><name>proposal</name><bndbox><xmin>355</xmin><ymin>257</ymin><xmax>65</xmax><ymax>68</ymax></bndbox></object><object><name>proposal</name><bndbox><xmin>199</xmin><ymin>217</ymin><xmax>183</xmax><ymax>109</ymax></bndbox></object><object><name>proposal</name><bndbox><xmin>388</xmin><ymin>333</ymin><xmax>51</xmax><ymax>25</ymax></bndbox></object><object><name>proposal</name><bndbox><xmin>293</xmin><ymin>296</ymin><xmax>91</xmax><ymax>39</ymax></bndbox></object><object><name>proposal</name><bndbox><xmin>31</xmin><ymin>218</ymin><xmax>247</xmax><ymax>101</ymax></bndbox></object><object><name>proposal</name><bndbox><xmin>625</xmin><ymin>25</ymin><xmax>41</xmax><ymax>28</ymax></bndbox></object><object><name>proposal</name><bndbox><xmin>341</xmin><ymin>333</ymin><xmax>81</xmax><ymax>61</ymax></bndbox></object><object><name>proposal</name><bndbox><xmin>413</xmin><ymin>386</ymin><xmax>54</xmax><ymax>64</ymax></bndbox></object><object><name>proposal</name><bndbox><xmin>518</xmin><ymin>149</ymin><xmax>51</xmax><ymax>25</ymax></bndbox></object><object><name>proposal</name><bndbox><xmin>625</xmin><ymin>25</ymin><xmax>85</xmax><ymax>33</ymax></bndbox></object><object><name>proposal</name><bndbox><xmin>413</xmin><ymin>337</ymin><xmax>54</xmax><ymax>69</ymax></bndbox></object><object><name>proposal</name><bndbox><xmin>486</xmin><ymin>21</ymin><xmax>226</xmax><ymax>422</ymax></bndbox></object><object><name>proposal</name><bndbox><xmin>343</xmin><ymin>385</ymin><xmax>24</xmax><ymax>35</ymax></bndbox></object><object><name>proposal</name><bndbox><xmin>213</xmin><ymin>7</ymin><xmax>42</xmax><ymax>21</ymax></bndbox></object><object><name>proposal</name><bndbox><xmin>148</xmin><ymin>298</ymin><xmax>45</xmax><ymax>27</ymax></bndbox></object><object><name>proposal</name><bndbox><xmin>472</xmin><ymin>328</ymin><xmax>34</xmax><ymax>34</ymax></bndbox></object></annotation>