<annotation><folder>Proposals</folder><filename>img-395.jpg</filename><size><width>451</width><height>300</height><depth>3</depth></size><object><name>proposal</name><bndbox><xmin>1</xmin><ymin>2</ymin><xmax>199</xmax><ymax>81</ymax></bndbox></object><object><name>proposal</name><bndbox><xmin>117</xmin><ymin>2</ymin><xmax>331</xmax><ymax>141</ymax></bndbox></object><object><name>proposal</name><bndbox><xmin>151</xmin><ymin>2</ymin><xmax>170</xmax><ymax>67</ymax></bndbox></object><object><name>proposal</name><bndbox><xmin>271</xmin><ymin>4</ymin><xmax>158</xmax><ymax>77</ymax></bndbox></object><object><name>proposal</name><bndbox><xmin>1</xmin><ymin>3</ymin><xmax>449</xmax><ymax>253</ymax></bndbox></object><object><name>proposal</name><bndbox><xmin>176</xmin><ymin>4</ymin><xmax>252</xmax><ymax>79</ymax></bndbox></object><object><name>proposal</name><bndbox><xmin>1</xmin><ymin>3</ymin><xmax>199</xmax><ymax>125</ymax></bndbox></object><object><name>proposal</name><bndbox><xmin>1</xmin><ymin>3</ymin><xmax>313</xmax><ymax>125</ymax></bndbox></object><object><name>proposal</name><bndbox><xmin>62</xmin><ymin>4</ymin><xmax>381</xmax><ymax>192</ymax></bndbox></object><object><name>proposal</name><bndbox><xmin>300</xmin><ymin>3</ymin><xmax>148</xmax><ymax>99</ymax></bndbox></object><object><name>proposal</name><bndbox><xmin>117</xmin><ymin>30</ymin><xmax>299</xmax><ymax>153</ymax></bndbox></object><object><name>proposal</name><bndbox><xmin>172</xmin><ymin>3</ymin><xmax>276</xmax><ymax>240</ymax></bndbox></object><object><name>proposal</name><bndbox><xmin>309</xmin><ymin>22</ymin><xmax>105</xmax><ymax>60</ymax></bndbox></object><object><name>proposal</name><bndbox><xmin>74</xmin><ymin>1</ymin><xmax>248</xmax><ymax>79</ymax></bndbox></object><object><name>proposal</name><bndbox><xmin>151</xmin><ymin>3</ymin><xmax>172</xmax><ymax>113</ymax></bndbox></object><object><name>proposal</name><bndbox><xmin>174</xmin><ymin>1</ymin><xmax>173</xmax><ymax>141</ymax></bndbox></object><object><name>proposal</name><bndbox><xmin>1</xmin><ymin>1</ymin><xmax>203</xmax><ymax>297</ymax></bndbox></object><object><name>proposal</name><bndbox><xmin>386</xmin><ymin>1</ymin><xmax>41</xmax><ymax>65</ymax></bndbox></object><object><name>proposal</name><bndbox><xmin>384</xmin><ymin>4</ymin><xmax>64</xmax><ymax>63</ymax></bndbox></object><object><name>proposal</name><bndbox><xmin>269</xmin><ymin>3</ymin><xmax>182</xmax><ymax>141</ymax></bndbox></object><object><name>proposal</name><bndbox><xmin>309</xmin><ymin>32</ymin><xmax>139</xmax><ymax>73</ymax></bndbox></object><object><name>proposal</name><bndbox><xmin>176</xmin><ymin>4</ymin><xmax>169</xmax><ymax>89</ymax></bndbox></object><object><name>proposal</name><bndbox><xmin>69</xmin><ymin>3</ymin><xmax>105</xmax><ymax>68</ymax></bndbox></object><object><name>proposal</name><bndbox><xmin>1</xmin><ymin>3</ymin><xmax>315</xmax><ymax>205</ymax></bndbox></object><object><name>proposal</name><bndbox><xmin>271</xmin><ymin>6</ymin><xmax>75</xmax><ymax>51</ymax></bndbox></object><object><name>proposal</name><bndbox><xmin>176</xmin><ymin>3</ymin><xmax>122</xmax><ymax>54</ymax></bndbox></object><object><name>proposal</name><bndbox><xmin>205</xmin><ymin>6</ymin><xmax>109</xmax><ymax>55</ymax></bndbox></object><object><name>proposal</name><bndbox><xmin>176</xmin><ymin>3</ymin><xmax>75</xmax><ymax>55</ymax></bndbox></object><object><name>proposal</name><bndbox><xmin>369</xmin><ymin>1</ymin><xmax>79</xmax><ymax>100</ymax></bndbox></object><object><name>proposal</name><bndbox><xmin>286</xmin><ymin>4</ymin><xmax>122</xmax><ymax>64</ymax></bndbox></object><object><name>proposal</name><bndbox><xmin>64</xmin><ymin>8</ymin><xmax>133</xmax><ymax>75</ymax></bndbox></object><object><name>proposal</name><bndbox><xmin>226</xmin><ymin>6</ymin><xmax>224</xmax><ymax>96</ymax></bndbox></object><object><name>proposal</name><bndbox><xmin>60</xmin><ymin>2</ymin><xmax>191</xmax><ymax>81</ymax></bndbox></object><object><name>proposal</name><bndbox><xmin>147</xmin><ymin>1</ymin><xmax>199</xmax><ymax>249</ymax></bndbox></object><object><name>proposal</name><bndbox><xmin>368</xmin><ymin>52</ymin><xmax>81</xmax><ymax>47</ymax></bndbox></object><object><name>proposal</name><bndbox><xmin>267</xmin><ymin>4</ymin><xmax>181</xmax><ymax>285</ymax></bndbox></object><object><name>proposal</name><bndbox><xmin>117</xmin><ymin>95</ymin><xmax>299</xmax><ymax>169</ymax></bndbox></object><object><name>proposal</name><bndbox><xmin>315</xmin><ymin>4</ymin><xmax>133</xmax><ymax>66</ymax></bndbox></object><object><name>proposal</name><bndbox><xmin>171</xmin><ymin>40</ymin><xmax>275</xmax><ymax>117</ymax></bndbox></object><object><name>proposal</name><bndbox><xmin>180</xmin><ymin>26</ymin><xmax>232</xmax><ymax>101</ymax></bndbox></object><object><name>proposal</name><bndbox><xmin>1</xmin><ymin>6</ymin><xmax>203</xmax><ymax>186</ymax></bndbox></object><object><name>proposal</name><bndbox><xmin>199</xmin><ymin>128</ymin><xmax>61</xmax><ymax>28</ymax></bndbox></object><object><name>proposal</name><bndbox><xmin>48</xmin><ymin>1</ymin><xmax>297</xmax><ymax>299</ymax></bndbox></object><object><name>proposal</name><bndbox><xmin>149</xmin><ymin>3</ymin><xmax>101</xmax><ymax>66</ymax></bndbox></object><object><name>proposal</name><bndbox><xmin>299</xmin><ymin>8</ymin><xmax>45</xmax><ymax>45</ymax></bndbox></object><object><name>proposal</name><bndbox><xmin>1</xmin><ymin>56</ymin><xmax>199</xmax><ymax>100</ymax></bndbox></object><object><name>proposal</name><bndbox><xmin>309</xmin><ymin>32</ymin><xmax>139</xmax><ymax>128</ymax></bndbox></object><object><name>proposal</name><bndbox><xmin>179</xmin><ymin>39</ymin><xmax>156</xmax><ymax>81</ymax></bndbox></object><object><name>proposal</name><bndbox><xmin>211</xmin><ymin>4</ymin><xmax>197</xmax><ymax>65</ymax></bndbox></object><object><name>proposal</name><bndbox><xmin>349</xmin><ymin>4</ymin><xmax>87</xmax><ymax>63</ymax></bndbox></object><object><name>proposal</name><bndbox><xmin>220</xmin><ymin>6</ymin><xmax>127</xmax><ymax>50</ymax></bndbox></object><object><name>proposal</name><bndbox><xmin>147</xmin><ymin>1</ymin><xmax>53</xmax><ymax>69</ymax></bndbox></object><object><name>proposal</name><bndbox><xmin>1</xmin><ymin>5</ymin><xmax>89</xmax><ymax>73</ymax></bndbox></object><object><name>proposal</name><bndbox><xmin>302</xmin><ymin>22</ymin><xmax>147</xmax><ymax>211</ymax></bndbox></object><object><name>proposal</name><bndbox><xmin>317</xmin><ymin>13</ymin><xmax>90</xmax><ymax>55</ymax></bndbox></object><object><name>proposal</name><bndbox><xmin>333</xmin><ymin>137</ymin><xmax>79</xmax><ymax>44</ymax></bndbox></object><object><name>proposal</name><bndbox><xmin>269</xmin><ymin>6</ymin><xmax>109</xmax><ymax>65</ymax></bndbox></object><object><name>proposal</name><bndbox><xmin>274</xmin><ymin>32</ymin><xmax>138</xmax><ymax>124</ymax></bndbox></object><object><name>proposal</name><bndbox><xmin>202</xmin><ymin>129</ymin><xmax>63</xmax><ymax>45</ymax></bndbox></object><object><name>proposal</name><bndbox><xmin>209</xmin><ymin>7</ymin><xmax>85</xmax><ymax>40</ymax></bndbox></object><object><name>proposal</name><bndbox><xmin>386</xmin><ymin>4</ymin><xmax>60</xmax><ymax>41</ymax></bndbox></object><object><name>proposal</name><bndbox><xmin>287</xmin><ymin>5</ymin><xmax>87</xmax><ymax>51</ymax></bndbox></object><object><name>proposal</name><bndbox><xmin>299</xmin><ymin>8</ymin><xmax>45</xmax><ymax>29</ymax></bndbox></object><object><name>proposal</name><bndbox><xmin>232</xmin><ymin>5</ymin><xmax>65</xmax><ymax>50</ymax></bndbox></object><object><name>proposal</name><bndbox><xmin>356</xmin><ymin>30</ymin><xmax>95</xmax><ymax>72</ymax></bndbox></object><object><name>proposal</name><bndbox><xmin>61</xmin><ymin>4</ymin><xmax>286</xmax><ymax>157</ymax></bndbox></object><object><name>proposal</name><bndbox><xmin>271</xmin><ymin>17</ymin><xmax>147</xmax><ymax>81</ymax></bndbox></object><object><name>proposal</name><bndbox><xmin>91</xmin><ymin>1</ymin><xmax>116</xmax><ymax>75</ymax></bndbox></object><object><name>proposal</name><bndbox><xmin>260</xmin><ymin>31</ymin><xmax>188</xmax><ymax>92</ymax></bndbox></object><object><name>proposal</name><bndbox><xmin>325</xmin><ymin>4</ymin><xmax>83</xmax><ymax>47</ymax></bndbox></object><object><name>proposal</name><bndbox><xmin>305</xmin><ymin>50</ymin><xmax>143</xmax><ymax>81</ymax></bndbox></object><object><name>proposal</name><bndbox><xmin>382</xmin><ymin>4</ymin><xmax>45</xmax><ymax>45</ymax></bndbox></object><object><name>proposal</name><bndbox><xmin>309</xmin><ymin>1</ymin><xmax>107</xmax><ymax>149</ymax></bndbox></object><object><name>proposal</name><bndbox><xmin>146</xmin><ymin>33</ymin><xmax>202</xmax><ymax>125</ymax></bndbox></object><object><name>proposal</name><bndbox><xmin>181</xmin><ymin>17</ymin><xmax>165</xmax><ymax>175</ymax></bndbox></object><object><name>proposal</name><bndbox><xmin>287</xmin><ymin>4</ymin><xmax>61</xmax><ymax>66</ymax></bndbox></object><object><name>proposal</name><bndbox><xmin>391</xmin><ymin>5</ymin><xmax>57</xmax><ymax>87</ymax></bndbox></object><object><name>proposal</name><bndbox><xmin>346</xmin><ymin>4</ymin><xmax>61</xmax><ymax>69</ymax></bndbox></object><object><name>proposal</name><bndbox><xmin>318</xmin><ymin>10</ymin><xmax>57</xmax><ymax>60</ymax></bndbox></object><object><name>proposal</name><bndbox><xmin>178</xmin><ymin>39</ymin><xmax>136</xmax><ymax>119</ymax></bndbox></object><object><name>proposal</name><bndbox><xmin>337</xmin><ymin>137</ymin><xmax>85</xmax><ymax>60</ymax></bndbox></object><object><name>proposal</name><bndbox><xmin>212</xmin><ymin>4</ymin><xmax>198</xmax><ymax>280</ymax></bndbox></object><object><name>proposal</name><bndbox><xmin>294</xmin><ymin>32</ymin><xmax>119</xmax><ymax>174</ymax></bndbox></object><object><name>proposal</name><bndbox><xmin>239</xmin><ymin>5</ymin><xmax>84</xmax><ymax>53</ymax></bndbox></object><object><name>proposal</name><bndbox><xmin>309</xmin><ymin>34</ymin><xmax>103</xmax><ymax>87</ymax></bndbox></object><object><name>proposal</name><bndbox><xmin>293</xmin><ymin>8</ymin><xmax>64</xmax><ymax>39</ymax></bndbox></object><object><name>proposal</name><bndbox><xmin>192</xmin><ymin>127</ymin><xmax>65</xmax><ymax>59</ymax></bndbox></object><object><name>proposal</name><bndbox><xmin>235</xmin><ymin>7</ymin><xmax>50</xmax><ymax>40</ymax></bndbox></object><object><name>proposal</name><bndbox><xmin>62</xmin><ymin>1</ymin><xmax>115</xmax><ymax>115</ymax></bndbox></object><object><name>proposal</name><bndbox><xmin>59</xmin><ymin>3</ymin><xmax>191</xmax><ymax>125</ymax></bndbox></object><object><name>proposal</name><bndbox><xmin>57</xmin><ymin>1</ymin><xmax>193</xmax><ymax>296</ymax></bndbox></object><object><name>proposal</name><bndbox><xmin>337</xmin><ymin>109</ymin><xmax>91</xmax><ymax>47</ymax></bndbox></object><object><name>proposal</name><bndbox><xmin>396</xmin><ymin>12</ymin><xmax>31</xmax><ymax>51</ymax></bndbox></object><object><name>proposal</name><bndbox><xmin>348</xmin><ymin>4</ymin><xmax>58</xmax><ymax>43</ymax></bndbox></object><object><name>proposal</name><bndbox><xmin>267</xmin><ymin>5</ymin><xmax>45</xmax><ymax>51</ymax></bndbox></object><object><name>proposal</name><bndbox><xmin>121</xmin><ymin>1</ymin><xmax>53</xmax><ymax>75</ymax></bndbox></object><object><name>proposal</name><bndbox><xmin>269</xmin><ymin>5</ymin><xmax>76</xmax><ymax>76</ymax></bndbox></object><object><name>proposal</name><bndbox><xmin>293</xmin><ymin>8</ymin><xmax>50</xmax><ymax>21</ymax></bndbox></object><object><name>proposal</name><bndbox><xmin>370</xmin><ymin>4</ymin><xmax>78</xmax><ymax>174</ymax></bndbox></object><object><name>proposal</name><bndbox><xmin>272</xmin><ymin>122</ymin><xmax>170</xmax><ymax>108</ymax></bndbox></object><object><name>proposal</name><bndbox><xmin>186</xmin><ymin>10</ymin><xmax>62</xmax><ymax>43</ymax></bndbox></object><object><name>proposal</name><bndbox><xmin>166</xmin><ymin>129</ymin><xmax>91</xmax><ymax>44</ymax></bndbox></object><object><name>proposal</name><bndbox><xmin>338</xmin><ymin>125</ymin><xmax>104</xmax><ymax>106</ymax></bndbox></object><object><name>proposal</name><bndbox><xmin>425</xmin><ymin>33</ymin><xmax>23</xmax><ymax>59</ymax></bndbox></object><object><name>proposal</name><bndbox><xmin>6</xmin><ymin>76</ymin><xmax>56</xmax><ymax>28</ymax></bndbox></object><object><name>proposal</name><bndbox><xmin>186</xmin><ymin>6</ymin><xmax>128</xmax><ymax>242</ymax></bndbox></object><object><name>proposal</name><bndbox><xmin>201</xmin><ymin>129</ymin><xmax>56</xmax><ymax>81</ymax></bndbox></object><object><name>proposal</name><bndbox><xmin>391</xmin><ymin>30</ymin><xmax>57</xmax><ymax>72</ymax></bndbox></object><object><name>proposal</name><bndbox><xmin>232</xmin><ymin>11</ymin><xmax>61</xmax><ymax>30</ymax></bndbox></object><object><name>proposal</name><bndbox><xmin>201</xmin><ymin>122</ymin><xmax>212</xmax><ymax>104</ymax></bndbox></object><object><name>proposal</name><bndbox><xmin>1</xmin><ymin>4</ymin><xmax>135</xmax><ymax>76</ymax></bndbox></object><object><name>proposal</name><bndbox><xmin>199</xmin><ymin>102</ymin><xmax>60</xmax><ymax>41</ymax></bndbox></object><object><name>proposal</name><bndbox><xmin>288</xmin><ymin>8</ymin><xmax>48</xmax><ymax>48</ymax></bndbox></object><object><name>proposal</name><bndbox><xmin>388</xmin><ymin>50</ymin><xmax>53</xmax><ymax>49</ymax></bndbox></object><object><name>proposal</name><bndbox><xmin>315</xmin><ymin>26</ymin><xmax>75</xmax><ymax>44</ymax></bndbox></object><object><name>proposal</name><bndbox><xmin>291</xmin><ymin>40</ymin><xmax>42</xmax><ymax>45</ymax></bndbox></object><object><name>proposal</name><bndbox><xmin>140</xmin><ymin>103</ymin><xmax>51</xmax><ymax>25</ymax></bndbox></object><object><name>proposal</name><bndbox><xmin>271</xmin><ymin>5</ymin><xmax>73</xmax><ymax>35</ymax></bndbox></object><object><name>proposal</name><bndbox><xmin>305</xmin><ymin>137</ymin><xmax>114</xmax><ymax>65</ymax></bndbox></object><object><name>proposal</name><bndbox><xmin>5</xmin><ymin>5</ymin><xmax>49</xmax><ymax>45</ymax></bndbox></object><object><name>proposal</name><bndbox><xmin>365</xmin><ymin>53</ymin><xmax>83</xmax><ymax>77</ymax></bndbox></object><object><name>proposal</name><bndbox><xmin>263</xmin><ymin>6</ymin><xmax>83</xmax><ymax>134</ymax></bndbox></object><object><name>proposal</name><bndbox><xmin>397</xmin><ymin>6</ymin><xmax>47</xmax><ymax>55</ymax></bndbox></object><object><name>proposal</name><bndbox><xmin>301</xmin><ymin>7</ymin><xmax>65</xmax><ymax>63</ymax></bndbox></object><object><name>proposal</name><bndbox><xmin>293</xmin><ymin>54</ymin><xmax>114</xmax><ymax>76</ymax></bndbox></object><object><name>proposal</name><bndbox><xmin>81</xmin><ymin>2</ymin><xmax>95</xmax><ymax>45</ymax></bndbox></object><object><name>proposal</name><bndbox><xmin>211</xmin><ymin>6</ymin><xmax>100</xmax><ymax>128</ymax></bndbox></object><object><name>proposal</name><bndbox><xmin>286</xmin><ymin>5</ymin><xmax>51</xmax><ymax>84</ymax></bndbox></object><object><name>proposal</name><bndbox><xmin>200</xmin><ymin>127</ymin><xmax>89</xmax><ymax>57</ymax></bndbox></object><object><name>proposal</name><bndbox><xmin>50</xmin><ymin>1</ymin><xmax>124</xmax><ymax>267</ymax></bndbox></object><object><name>proposal</name><bndbox><xmin>1</xmin><ymin>41</ymin><xmax>173</xmax><ymax>213</ymax></bndbox></object><object><name>proposal</name><bndbox><xmin>202</xmin><ymin>121</ymin><xmax>240</xmax><ymax>143</ymax></bndbox></object><object><name>proposal</name><bndbox><xmin>313</xmin><ymin>113</ymin><xmax>99</xmax><ymax>43</ymax></bndbox></object><object><name>proposal</name><bndbox><xmin>287</xmin><ymin>1</ymin><xmax>61</xmax><ymax>30</ymax></bndbox></object><object><name>proposal</name><bndbox><xmin>200</xmin><ymin>122</ymin><xmax>149</xmax><ymax>73</ymax></bndbox></object><object><name>proposal</name><bndbox><xmin>5</xmin><ymin>5</ymin><xmax>83</xmax><ymax>49</ymax></bndbox></object><object><name>proposal</name><bndbox><xmin>386</xmin><ymin>1</ymin><xmax>43</xmax><ymax>99</ymax></bndbox></object><object><name>proposal</name><bndbox><xmin>195</xmin><ymin>15</ymin><xmax>55</xmax><ymax>25</ymax></bndbox></object><object><name>proposal</name><bndbox><xmin>307</xmin><ymin>10</ymin><xmax>37</xmax><ymax>34</ymax></bndbox></object><object><name>proposal</name><bndbox><xmin>384</xmin><ymin>1</ymin><xmax>64</xmax><ymax>141</ymax></bndbox></object><object><name>proposal</name><bndbox><xmin>157</xmin><ymin>1</ymin><xmax>65</xmax><ymax>69</ymax></bndbox></object><object><name>proposal</name><bndbox><xmin>271</xmin><ymin>121</ymin><xmax>141</xmax><ymax>57</ymax></bndbox></object><object><name>proposal</name><bndbox><xmin>4</xmin><ymin>94</ymin><xmax>67</xmax><ymax>33</ymax></bndbox></object><object><name>proposal</name><bndbox><xmin>146</xmin><ymin>1</ymin><xmax>28</xmax><ymax>71</ymax></bndbox></object><object><name>proposal</name><bndbox><xmin>61</xmin><ymin>12</ymin><xmax>77</xmax><ymax>68</ymax></bndbox></object><object><name>proposal</name><bndbox><xmin>69</xmin><ymin>19</ymin><xmax>91</xmax><ymax>49</ymax></bndbox></object><object><name>proposal</name><bndbox><xmin>414</xmin><ymin>28</ymin><xmax>34</xmax><ymax>65</ymax></bndbox></object><object><name>proposal</name><bndbox><xmin>321</xmin><ymin>31</ymin><xmax>54</xmax><ymax>37</ymax></bndbox></object><object><name>proposal</name><bndbox><xmin>5</xmin><ymin>68</ymin><xmax>99</xmax><ymax>36</ymax></bndbox></object><object><name>proposal</name><bndbox><xmin>26</xmin><ymin>7</ymin><xmax>57</xmax><ymax>69</ymax></bndbox></object><object><name>proposal</name><bndbox><xmin>153</xmin><ymin>11</ymin><xmax>99</xmax><ymax>43</ymax></bndbox></object><object><name>proposal</name><bndbox><xmin>337</xmin><ymin>4</ymin><xmax>71</xmax><ymax>32</ymax></bndbox></object><object><name>proposal</name><bndbox><xmin>58</xmin><ymin>42</ymin><xmax>141</xmax><ymax>157</ymax></bndbox></object><object><name>proposal</name><bndbox><xmin>364</xmin><ymin>19</ymin><xmax>43</xmax><ymax>50</ymax></bndbox></object><object><name>proposal</name><bndbox><xmin>146</xmin><ymin>120</ymin><xmax>267</xmax><ymax>80</ymax></bndbox></object><object><name>proposal</name><bndbox><xmin>4</xmin><ymin>69</ymin><xmax>67</xmax><ymax>37</ymax></bndbox></object><object><name>proposal</name><bndbox><xmin>367</xmin><ymin>6</ymin><xmax>83</xmax><ymax>252</ymax></bndbox></object><object><name>proposal</name><bndbox><xmin>384</xmin><ymin>195</ymin><xmax>58</xmax><ymax>37</ymax></bndbox></object><object><name>proposal</name><bndbox><xmin>276</xmin><ymin>120</ymin><xmax>136</xmax><ymax>143</ymax></bndbox></object><object><name>proposal</name><bndbox><xmin>222</xmin><ymin>6</ymin><xmax>124</xmax><ymax>242</ymax></bndbox></object><object><name>proposal</name><bndbox><xmin>314</xmin><ymin>125</ymin><xmax>101</xmax><ymax>106</ymax></bndbox></object><object><name>proposal</name><bndbox><xmin>220</xmin><ymin>5</ymin><xmax>128</xmax><ymax>119</ymax></bndbox></object><object><name>proposal</name><bndbox><xmin>36</xmin><ymin>39</ymin><xmax>223</xmax><ymax>173</ymax></bndbox></object><object><name>proposal</name><bndbox><xmin>183</xmin><ymin>13</ymin><xmax>71</xmax><ymax>30</ymax></bndbox></object><object><name>proposal</name><bndbox><xmin>147</xmin><ymin>118</ymin><xmax>111</xmax><ymax>84</ymax></bndbox></object><object><name>proposal</name><bndbox><xmin>366</xmin><ymin>15</ymin><xmax>61</xmax><ymax>53</ymax></bndbox></object><object><name>proposal</name><bndbox><xmin>299</xmin><ymin>7</ymin><xmax>39</xmax><ymax>67</ymax></bndbox></object><object><name>proposal</name><bndbox><xmin>274</xmin><ymin>122</ymin><xmax>72</xmax><ymax>53</ymax></bndbox></object><object><name>proposal</name><bndbox><xmin>197</xmin><ymin>4</ymin><xmax>125</xmax><ymax>160</ymax></bndbox></object><object><name>proposal</name><bndbox><xmin>201</xmin><ymin>102</ymin><xmax>212</xmax><ymax>80</ymax></bndbox></object><object><name>proposal</name><bndbox><xmin>204</xmin><ymin>11</ymin><xmax>48</xmax><ymax>45</ymax></bndbox></object><object><name>proposal</name><bndbox><xmin>160</xmin><ymin>81</ymin><xmax>285</xmax><ymax>217</ymax></bndbox></object><object><name>proposal</name><bndbox><xmin>134</xmin><ymin>1</ymin><xmax>154</xmax><ymax>80</ymax></bndbox></object><object><name>proposal</name><bndbox><xmin>281</xmin><ymin>15</ymin><xmax>115</xmax><ymax>43</ymax></bndbox></object><object><name>proposal</name><bndbox><xmin>178</xmin><ymin>128</ymin><xmax>103</xmax><ymax>48</ymax></bndbox></object><object><name>proposal</name><bndbox><xmin>325</xmin><ymin>10</ymin><xmax>50</xmax><ymax>34</ymax></bndbox></object><object><name>proposal</name><bndbox><xmin>370</xmin><ymin>4</ymin><xmax>39</xmax><ymax>67</ymax></bndbox></object><object><name>proposal</name><bndbox><xmin>288</xmin><ymin>17</ymin><xmax>47</xmax><ymax>55</ymax></bndbox></object><object><name>proposal</name><bndbox><xmin>271</xmin><ymin>4</ymin><xmax>104</xmax><ymax>139</ymax></bndbox></object><object><name>proposal</name><bndbox><xmin>317</xmin><ymin>10</ymin><xmax>33</xmax><ymax>61</ymax></bndbox></object><object><name>proposal</name><bndbox><xmin>50</xmin><ymin>235</ymin><xmax>50</xmax><ymax>37</ymax></bndbox></object><object><name>proposal</name><bndbox><xmin>219</xmin><ymin>11</ymin><xmax>31</xmax><ymax>45</ymax></bndbox></object><object><name>proposal</name><bndbox><xmin>11</xmin><ymin>16</ymin><xmax>24</xmax><ymax>35</ymax></bndbox></object><object><name>proposal</name><bndbox><xmin>176</xmin><ymin>46</ymin><xmax>120</xmax><ymax>69</ymax></bndbox></object><object><name>proposal</name><bndbox><xmin>348</xmin><ymin>25</ymin><xmax>59</xmax><ymax>27</ymax></bndbox></object><object><name>proposal</name><bndbox><xmin>61</xmin><ymin>15</ymin><xmax>107</xmax><ymax>43</ymax></bndbox></object><object><name>proposal</name><bndbox><xmin>323</xmin><ymin>10</ymin><xmax>24</xmax><ymax>35</ymax></bndbox></object><object><name>proposal</name><bndbox><xmin>6</xmin><ymin>94</ymin><xmax>59</xmax><ymax>54</ymax></bndbox></object><object><name>proposal</name><bndbox><xmin>314</xmin><ymin>124</ymin><xmax>127</xmax><ymax>139</ymax></bndbox></object><object><name>proposal</name><bndbox><xmin>324</xmin><ymin>10</ymin><xmax>37</xmax><ymax>61</ymax></bndbox></object><object><name>proposal</name><bndbox><xmin>294</xmin><ymin>5</ymin><xmax>79</xmax><ymax>36</ymax></bndbox></object><object><name>proposal</name><bndbox><xmin>199</xmin><ymin>122</ymin><xmax>148</xmax><ymax>125</ymax></bndbox></object><object><name>proposal</name><bndbox><xmin>1</xmin><ymin>55</ymin><xmax>160</xmax><ymax>144</ymax></bndbox></object><object><name>proposal</name><bndbox><xmin>409</xmin><ymin>8</ymin><xmax>40</xmax><ymax>85</ymax></bndbox></object><object><name>proposal</name><bndbox><xmin>384</xmin><ymin>219</ymin><xmax>58</xmax><ymax>45</ymax></bndbox></object><object><name>proposal</name><bndbox><xmin>200</xmin><ymin>128</ymin><xmax>101</xmax><ymax>97</ymax></bndbox></object><object><name>proposal</name><bndbox><xmin>202</xmin><ymin>127</ymin><xmax>59</xmax><ymax>127</ymax></bndbox></object><object><name>proposal</name><bndbox><xmin>50</xmin><ymin>199</ymin><xmax>49</xmax><ymax>53</ymax></bndbox></object><object><name>proposal</name><bndbox><xmin>414</xmin><ymin>32</ymin><xmax>33</xmax><ymax>39</ymax></bndbox></object><object><name>proposal</name><bndbox><xmin>285</xmin><ymin>31</ymin><xmax>53</xmax><ymax>87</ymax></bndbox></object><object><name>proposal</name><bndbox><xmin>1</xmin><ymin>57</ymin><xmax>116</xmax><ymax>81</ymax></bndbox></object><object><name>proposal</name><bndbox><xmin>384</xmin><ymin>177</ymin><xmax>58</xmax><ymax>53</ymax></bndbox></object><object><name>proposal</name><bndbox><xmin>267</xmin><ymin>6</ymin><xmax>83</xmax><ymax>228</ymax></bndbox></object><object><name>proposal</name><bndbox><xmin>376</xmin><ymin>4</ymin><xmax>31</xmax><ymax>45</ymax></bndbox></object><object><name>proposal</name><bndbox><xmin>338</xmin><ymin>51</ymin><xmax>113</xmax><ymax>191</ymax></bndbox></object><object><name>proposal</name><bndbox><xmin>274</xmin><ymin>122</ymin><xmax>88</xmax><ymax>32</ymax></bndbox></object><object><name>proposal</name><bndbox><xmin>322</xmin><ymin>23</ymin><xmax>79</xmax><ymax>36</ymax></bndbox></object><object><name>proposal</name><bndbox><xmin>358</xmin><ymin>4</ymin><xmax>45</xmax><ymax>31</ymax></bndbox></object><object><name>proposal</name><bndbox><xmin>96</xmin><ymin>15</ymin><xmax>81</xmax><ymax>61</ymax></bndbox></object><object><name>proposal</name><bndbox><xmin>348</xmin><ymin>22</ymin><xmax>51</xmax><ymax>45</ymax></bndbox></object><object><name>proposal</name><bndbox><xmin>337</xmin><ymin>124</ymin><xmax>79</xmax><ymax>144</ymax></bndbox></object><object><name>proposal</name><bndbox><xmin>365</xmin><ymin>36</ymin><xmax>42</xmax><ymax>31</ymax></bndbox></object><object><name>proposal</name><bndbox><xmin>325</xmin><ymin>8</ymin><xmax>66</xmax><ymax>28</ymax></bndbox></object><object><name>proposal</name><bndbox><xmin>185</xmin><ymin>128</ymin><xmax>84</xmax><ymax>84</ymax></bndbox></object><object><name>proposal</name><bndbox><xmin>159</xmin><ymin>1</ymin><xmax>43</xmax><ymax>83</ymax></bndbox></object><object><name>proposal</name><bndbox><xmin>349</xmin><ymin>25</ymin><xmax>40</xmax><ymax>34</ymax></bndbox></object><object><name>proposal</name><bndbox><xmin>257</xmin><ymin>40</ymin><xmax>77</xmax><ymax>86</ymax></bndbox></object><object><name>proposal</name><bndbox><xmin>244</xmin><ymin>16</ymin><xmax>54</xmax><ymax>40</ymax></bndbox></object><object><name>proposal</name><bndbox><xmin>1</xmin><ymin>56</ymin><xmax>121</xmax><ymax>202</ymax></bndbox></object><object><name>proposal</name><bndbox><xmin>298</xmin><ymin>19</ymin><xmax>39</xmax><ymax>35</ymax></bndbox></object><object><name>proposal</name><bndbox><xmin>349</xmin><ymin>25</ymin><xmax>46</xmax><ymax>22</ymax></bndbox></object><object><name>proposal</name><bndbox><xmin>145</xmin><ymin>109</ymin><xmax>46</xmax><ymax>21</ymax></bndbox></object><object><name>proposal</name><bndbox><xmin>144</xmin><ymin>103</ymin><xmax>113</xmax><ymax>52</ymax></bndbox></object><object><name>proposal</name><bndbox><xmin>293</xmin><ymin>15</ymin><xmax>55</xmax><ymax>29</ymax></bndbox></object><object><name>proposal</name><bndbox><xmin>10</xmin><ymin>4</ymin><xmax>53</xmax><ymax>66</ymax></bndbox></object><object><name>proposal</name><bndbox><xmin>330</xmin><ymin>25</ymin><xmax>94</xmax><ymax>39</ymax></bndbox></object><object><name>proposal</name><bndbox><xmin>271</xmin><ymin>111</ymin><xmax>141</xmax><ymax>96</ymax></bndbox></object><object><name>proposal</name><bndbox><xmin>369</xmin><ymin>80</ymin><xmax>79</xmax><ymax>68</ymax></bndbox></object><object><name>proposal</name><bndbox><xmin>186</xmin><ymin>23</ymin><xmax>55</xmax><ymax>27</ymax></bndbox></object><object><name>proposal</name><bndbox><xmin>276</xmin><ymin>121</ymin><xmax>89</xmax><ymax>63</ymax></bndbox></object><object><name>proposal</name><bndbox><xmin>284</xmin><ymin>18</ymin><xmax>45</xmax><ymax>39</ymax></bndbox></object><object><name>proposal</name><bndbox><xmin>50</xmin><ymin>235</ymin><xmax>49</xmax><ymax>60</ymax></bndbox></object><object><name>proposal</name><bndbox><xmin>146</xmin><ymin>120</ymin><xmax>202</xmax><ymax>107</ymax></bndbox></object><object><name>proposal</name><bndbox><xmin>11</xmin><ymin>18</ymin><xmax>31</xmax><ymax>45</ymax></bndbox></object><object><name>proposal</name><bndbox><xmin>140</xmin><ymin>118</ymin><xmax>50</xmax><ymax>37</ymax></bndbox></object><object><name>proposal</name><bndbox><xmin>237</xmin><ymin>12</ymin><xmax>50</xmax><ymax>22</ymax></bndbox></object><object><name>proposal</name><bndbox><xmin>176</xmin><ymin>1</ymin><xmax>119</xmax><ymax>170</ymax></bndbox></object><object><name>proposal</name><bndbox><xmin>215</xmin><ymin>24</ymin><xmax>131</xmax><ymax>137</ymax></bndbox></object><object><name>proposal</name><bndbox><xmin>50</xmin><ymin>223</ymin><xmax>51</xmax><ymax>27</ymax></bndbox></object><object><name>proposal</name><bndbox><xmin>319</xmin><ymin>34</ymin><xmax>40</xmax><ymax>34</ymax></bndbox></object><object><name>proposal</name><bndbox><xmin>190</xmin><ymin>13</ymin><xmax>43</xmax><ymax>37</ymax></bndbox></object><object><name>proposal</name><bndbox><xmin>325</xmin><ymin>10</ymin><xmax>34</xmax><ymax>37</ymax></bndbox></object><object><name>proposal</name><bndbox><xmin>276</xmin><ymin>29</ymin><xmax>70</xmax><ymax>125</ymax></bndbox></object><object><name>proposal</name><bndbox><xmin>144</xmin><ymin>1</ymin><xmax>142</xmax><ymax>142</ymax></bndbox></object><object><name>proposal</name><bndbox><xmin>222</xmin><ymin>6</ymin><xmax>61</xmax><ymax>53</ymax></bndbox></object><object><name>proposal</name><bndbox><xmin>303</xmin><ymin>5</ymin><xmax>29</xmax><ymax>51</ymax></bndbox></object><object><name>proposal</name><bndbox><xmin>327</xmin><ymin>3</ymin><xmax>48</xmax><ymax>31</ymax></bndbox></object><object><name>proposal</name><bndbox><xmin>365</xmin><ymin>191</ymin><xmax>79</xmax><ymax>39</ymax></bndbox></object><object><name>proposal</name><bndbox><xmin>271</xmin><ymin>16</ymin><xmax>50</xmax><ymax>40</ymax></bndbox></object><object><name>proposal</name><bndbox><xmin>387</xmin><ymin>28</ymin><xmax>61</xmax><ymax>39</ymax></bndbox></object><object><name>proposal</name><bndbox><xmin>200</xmin><ymin>101</ymin><xmax>149</xmax><ymax>69</ymax></bndbox></object><object><name>proposal</name><bndbox><xmin>308</xmin><ymin>49</ymin><xmax>140</xmax><ymax>247</ymax></bndbox></object><object><name>proposal</name><bndbox><xmin>64</xmin><ymin>83</ymin><xmax>42</xmax><ymax>29</ymax></bndbox></object><object><name>proposal</name><bndbox><xmin>118</xmin><ymin>3</ymin><xmax>87</xmax><ymax>51</ymax></bndbox></object><object><name>proposal</name><bndbox><xmin>393</xmin><ymin>53</ymin><xmax>45</xmax><ymax>31</ymax></bndbox></object><object><name>proposal</name><bndbox><xmin>380</xmin><ymin>218</ymin><xmax>61</xmax><ymax>28</ymax></bndbox></object><object><name>proposal</name><bndbox><xmin>61</xmin><ymin>73</ymin><xmax>42</xmax><ymax>21</ymax></bndbox></object><object><name>proposal</name><bndbox><xmin>318</xmin><ymin>32</ymin><xmax>29</xmax><ymax>39</ymax></bndbox></object><object><name>proposal</name><bndbox><xmin>146</xmin><ymin>120</ymin><xmax>111</xmax><ymax>143</ymax></bndbox></object><object><name>proposal</name><bndbox><xmin>398</xmin><ymin>50</ymin><xmax>27</xmax><ymax>48</ymax></bndbox></object><object><name>proposal</name><bndbox><xmin>411</xmin><ymin>176</ymin><xmax>31</xmax><ymax>31</ymax></bndbox></object><object><name>proposal</name><bndbox><xmin>371</xmin><ymin>25</ymin><xmax>33</xmax><ymax>42</ymax></bndbox></object><object><name>proposal</name><bndbox><xmin>36</xmin><ymin>213</ymin><xmax>64</xmax><ymax>37</ymax></bndbox></object><object><name>proposal</name><bndbox><xmin>146</xmin><ymin>1</ymin><xmax>117</xmax><ymax>296</ymax></bndbox></object><object><name>proposal</name><bndbox><xmin>334</xmin><ymin>72</ymin><xmax>117</xmax><ymax>91</ymax></bndbox></object><object><name>proposal</name><bndbox><xmin>226</xmin><ymin>5</ymin><xmax>86</xmax><ymax>92</ymax></bndbox></object><object><name>proposal</name><bndbox><xmin>145</xmin><ymin>118</ymin><xmax>49</xmax><ymax>49</ymax></bndbox></object><object><name>proposal</name><bndbox><xmin>235</xmin><ymin>15</ymin><xmax>45</xmax><ymax>42</ymax></bndbox></object><object><name>proposal</name><bndbox><xmin>425</xmin><ymin>55</ymin><xmax>24</xmax><ymax>38</ymax></bndbox></object><object><name>proposal</name><bndbox><xmin>274</xmin><ymin>119</ymin><xmax>72</xmax><ymax>107</ymax></bndbox></object><object><name>proposal</name><bndbox><xmin>406</xmin><ymin>111</ymin><xmax>32</xmax><ymax>24</ymax></bndbox></object><object><name>proposal</name><bndbox><xmin>287</xmin><ymin>5</ymin><xmax>25</xmax><ymax>51</ymax></bndbox></object><object><name>proposal</name><bndbox><xmin>277</xmin><ymin>190</ymin><xmax>24</xmax><ymax>35</ymax></bndbox></object><object><name>proposal</name><bndbox><xmin>349</xmin><ymin>25</ymin><xmax>26</xmax><ymax>38</ymax></bndbox></object><object><name>proposal</name><bndbox><xmin>36</xmin><ymin>235</ymin><xmax>63</xmax><ymax>47</ymax></bndbox></object><object><name>proposal</name><bndbox><xmin>325</xmin><ymin>5</ymin><xmax>49</xmax><ymax>53</ymax></bndbox></object><object><name>proposal</name><bndbox><xmin>4</xmin><ymin>83</ymin><xmax>255</xmax><ymax>181</ymax></bndbox></object><object><name>proposal</name><bndbox><xmin>202</xmin><ymin>118</ymin><xmax>64</xmax><ymax>39</ymax></bndbox></object><object><name>proposal</name><bndbox><xmin>382</xmin><ymin>31</ymin><xmax>42</xmax><ymax>33</ymax></bndbox></object><object><name>proposal</name><bndbox><xmin>94</xmin><ymin>95</ymin><xmax>165</xmax><ymax>75</ymax></bndbox></object><object><name>proposal</name><bndbox><xmin>379</xmin><ymin>153</ymin><xmax>62</xmax><ymax>80</ymax></bndbox></object><object><name>proposal</name><bndbox><xmin>222</xmin><ymin>22</ymin><xmax>85</xmax><ymax>39</ymax></bndbox></object><object><name>proposal</name><bndbox><xmin>309</xmin><ymin>46</ymin><xmax>100</xmax><ymax>56</ymax></bndbox></object><object><name>proposal</name><bndbox><xmin>292</xmin><ymin>39</ymin><xmax>44</xmax><ymax>65</ymax></bndbox></object><object><name>proposal</name><bndbox><xmin>201</xmin><ymin>102</ymin><xmax>97</xmax><ymax>54</ymax></bndbox></object><object><name>proposal</name><bndbox><xmin>98</xmin><ymin>117</ymin><xmax>161</xmax><ymax>68</ymax></bndbox></object><object><name>proposal</name><bndbox><xmin>397</xmin><ymin>93</ymin><xmax>48</xmax><ymax>27</ymax></bndbox></object><object><name>proposal</name><bndbox><xmin>83</xmin><ymin>49</ymin><xmax>117</xmax><ymax>224</ymax></bndbox></object><object><name>proposal</name><bndbox><xmin>365</xmin><ymin>217</ymin><xmax>73</xmax><ymax>49</ymax></bndbox></object><object><name>proposal</name><bndbox><xmin>192</xmin><ymin>39</ymin><xmax>66</xmax><ymax>116</ymax></bndbox></object><object><name>proposal</name><bndbox><xmin>64</xmin><ymin>81</ymin><xmax>42</xmax><ymax>45</ymax></bndbox></object><object><name>proposal</name><bndbox><xmin>151</xmin><ymin>1</ymin><xmax>100</xmax><ymax>127</ymax></bndbox></object><object><name>proposal</name><bndbox><xmin>301</xmin><ymin>41</ymin><xmax>31</xmax><ymax>31</ymax></bndbox></object><object><name>proposal</name><bndbox><xmin>412</xmin><ymin>7</ymin><xmax>36</xmax><ymax>37</ymax></bndbox></object><object><name>proposal</name><bndbox><xmin>235</xmin><ymin>15</ymin><xmax>41</xmax><ymax>24</ymax></bndbox></object><object><name>proposal</name><bndbox><xmin>10</xmin><ymin>17</ymin><xmax>73</xmax><ymax>39</ymax></bndbox></object><object><name>proposal</name><bndbox><xmin>228</xmin><ymin>40</ymin><xmax>77</xmax><ymax>77</ymax></bndbox></object><object><name>proposal</name><bndbox><xmin>364</xmin><ymin>25</ymin><xmax>37</xmax><ymax>34</ymax></bndbox></object><object><name>proposal</name><bndbox><xmin>325</xmin><ymin>26</ymin><xmax>56</xmax><ymax>32</ymax></bndbox></object><object><name>proposal</name><bndbox><xmin>337</xmin><ymin>124</ymin><xmax>81</xmax><ymax>54</ymax></bndbox></object><object><name>proposal</name><bndbox><xmin>337</xmin><ymin>14</ymin><xmax>71</xmax><ymax>34</ymax></bndbox></object><object><name>proposal</name><bndbox><xmin>201</xmin><ymin>113</ymin><xmax>100</xmax><ymax>155</ymax></bndbox></object><object><name>proposal</name><bndbox><xmin>176</xmin><ymin>51</ymin><xmax>75</xmax><ymax>57</ymax></bndbox></object><object><name>proposal</name><bndbox><xmin>141</xmin><ymin>120</ymin><xmax>71</xmax><ymax>39</ymax></bndbox></object><object><name>proposal</name><bndbox><xmin>205</xmin><ymin>13</ymin><xmax>37</xmax><ymax>37</ymax></bndbox></object><object><name>proposal</name><bndbox><xmin>295</xmin><ymin>32</ymin><xmax>42</xmax><ymax>45</ymax></bndbox></object><object><name>proposal</name><bndbox><xmin>95</xmin><ymin>95</ymin><xmax>163</xmax><ymax>128</ymax></bndbox></object><object><name>proposal</name><bndbox><xmin>43</xmin><ymin>56</ymin><xmax>215</xmax><ymax>104</ymax></bndbox></object><object><name>proposal</name><bndbox><xmin>5</xmin><ymin>82</ymin><xmax>98</xmax><ymax>72</ymax></bndbox></object><object><name>proposal</name><bndbox><xmin>411</xmin><ymin>196</ymin><xmax>31</xmax><ymax>31</ymax></bndbox></object><object><name>proposal</name><bndbox><xmin>5</xmin><ymin>93</ymin><xmax>96</xmax><ymax>44</ymax></bndbox></object><object><name>proposal</name><bndbox><xmin>237</xmin><ymin>18</ymin><xmax>50</xmax><ymax>23</ymax></bndbox></object><object><name>proposal</name><bndbox><xmin>29</xmin><ymin>195</ymin><xmax>69</xmax><ymax>56</ymax></bndbox></object><object><name>proposal</name><bndbox><xmin>109</xmin><ymin>95</ymin><xmax>79</xmax><ymax>37</ymax></bndbox></object><object><name>proposal</name><bndbox><xmin>1</xmin><ymin>5</ymin><xmax>79</xmax><ymax>36</ymax></bndbox></object><object><name>proposal</name><bndbox><xmin>271</xmin><ymin>196</ymin><xmax>31</xmax><ymax>31</ymax></bndbox></object><object><name>proposal</name><bndbox><xmin>250</xmin><ymin>1</ymin><xmax>47</xmax><ymax>60</ymax></bndbox></object><object><name>proposal</name><bndbox><xmin>50</xmin><ymin>173</ymin><xmax>51</xmax><ymax>77</ymax></bndbox></object><object><name>proposal</name><bndbox><xmin>349</xmin><ymin>4</ymin><xmax>24</xmax><ymax>32</ymax></bndbox></object><object><name>proposal</name><bndbox><xmin>270</xmin><ymin>121</ymin><xmax>99</xmax><ymax>121</ymax></bndbox></object><object><name>proposal</name><bndbox><xmin>115</xmin><ymin>94</ymin><xmax>142</xmax><ymax>193</ymax></bndbox></object><object><name>proposal</name><bndbox><xmin>407</xmin><ymin>92</ymin><xmax>41</xmax><ymax>45</ymax></bndbox></object><object><name>proposal</name><bndbox><xmin>127</xmin><ymin>120</ymin><xmax>63</xmax><ymax>45</ymax></bndbox></object><object><name>proposal</name><bndbox><xmin>50</xmin><ymin>94</ymin><xmax>312</xmax><ymax>180</ymax></bndbox></object><object><name>proposal</name><bndbox><xmin>6</xmin><ymin>12</ymin><xmax>65</xmax><ymax>50</ymax></bndbox></object><object><name>proposal</name><bndbox><xmin>274</xmin><ymin>106</ymin><xmax>72</xmax><ymax>45</ymax></bndbox></object><object><name>proposal</name><bndbox><xmin>139</xmin><ymin>23</ymin><xmax>37</xmax><ymax>46</ymax></bndbox></object><object><name>proposal</name><bndbox><xmin>221</xmin><ymin>24</ymin><xmax>71</xmax><ymax>30</ymax></bndbox></object><object><name>proposal</name><bndbox><xmin>5</xmin><ymin>93</ymin><xmax>76</xmax><ymax>68</ymax></bndbox></object><object><name>proposal</name><bndbox><xmin>337</xmin><ymin>109</ymin><xmax>97</xmax><ymax>70</ymax></bndbox></object><object><name>proposal</name><bndbox><xmin>425</xmin><ymin>31</ymin><xmax>24</xmax><ymax>38</ymax></bndbox></object><object><name>proposal</name><bndbox><xmin>392</xmin><ymin>154</ymin><xmax>49</xmax><ymax>53</ymax></bndbox></object><object><name>proposal</name><bndbox><xmin>145</xmin><ymin>100</ymin><xmax>158</xmax><ymax>153</ymax></bndbox></object><object><name>proposal</name><bndbox><xmin>265</xmin><ymin>214</ymin><xmax>37</xmax><ymax>37</ymax></bndbox></object><object><name>proposal</name><bndbox><xmin>314</xmin><ymin>8</ymin><xmax>33</xmax><ymax>42</ymax></bndbox></object><object><name>proposal</name><bndbox><xmin>268</xmin><ymin>15</ymin><xmax>29</xmax><ymax>42</ymax></bndbox></object><object><name>proposal</name><bndbox><xmin>60</xmin><ymin>83</ymin><xmax>41</xmax><ymax>55</ymax></bndbox></object><object><name>proposal</name><bndbox><xmin>307</xmin><ymin>10</ymin><xmax>94</xmax><ymax>34</ymax></bndbox></object><object><name>proposal</name><bndbox><xmin>294</xmin><ymin>8</ymin><xmax>33</xmax><ymax>45</ymax></bndbox></object><object><name>proposal</name><bndbox><xmin>413</xmin><ymin>4</ymin><xmax>36</xmax><ymax>67</ymax></bndbox></object><object><name>proposal</name><bndbox><xmin>51</xmin><ymin>118</ymin><xmax>208</xmax><ymax>135</ymax></bndbox></object><object><name>proposal</name><bndbox><xmin>5</xmin><ymin>84</ymin><xmax>186</xmax><ymax>85</ymax></bndbox></object><object><name>proposal</name><bndbox><xmin>347</xmin><ymin>6</ymin><xmax>42</xmax><ymax>31</ymax></bndbox></object><object><name>proposal</name><bndbox><xmin>157</xmin><ymin>23</ymin><xmax>40</xmax><ymax>50</ymax></bndbox></object><object><name>proposal</name><bndbox><xmin>144</xmin><ymin>94</ymin><xmax>117</xmax><ymax>91</ymax></bndbox></object><object><name>proposal</name><bndbox><xmin>46</xmin><ymin>84</ymin><xmax>212</xmax><ymax>116</ymax></bndbox></object><object><name>proposal</name><bndbox><xmin>365</xmin><ymin>25</ymin><xmax>24</xmax><ymax>35</ymax></bndbox></object><object><name>proposal</name><bndbox><xmin>211</xmin><ymin>11</ymin><xmax>31</xmax><ymax>31</ymax></bndbox></object><object><name>proposal</name><bndbox><xmin>404</xmin><ymin>50</ymin><xmax>35</xmax><ymax>45</ymax></bndbox></object><object><name>proposal</name><bndbox><xmin>386</xmin><ymin>121</ymin><xmax>55</xmax><ymax>114</ymax></bndbox></object><object><name>proposal</name><bndbox><xmin>349</xmin><ymin>13</ymin><xmax>42</xmax><ymax>21</ymax></bndbox></object><object><name>proposal</name><bndbox><xmin>44</xmin><ymin>41</ymin><xmax>108</xmax><ymax>212</ymax></bndbox></object><object><name>proposal</name><bndbox><xmin>61</xmin><ymin>7</ymin><xmax>41</xmax><ymax>24</ymax></bndbox></object><object><name>proposal</name><bndbox><xmin>219</xmin><ymin>145</ymin><xmax>24</xmax><ymax>35</ymax></bndbox></object><object><name>proposal</name><bndbox><xmin>409</xmin><ymin>94</ymin><xmax>24</xmax><ymax>41</ymax></bndbox></object><object><name>proposal</name><bndbox><xmin>386</xmin><ymin>217</ymin><xmax>56</xmax><ymax>75</ymax></bndbox></object><object><name>proposal</name><bndbox><xmin>247</xmin><ymin>121</ymin><xmax>101</xmax><ymax>80</ymax></bndbox></object><object><name>proposal</name><bndbox><xmin>383</xmin><ymin>26</ymin><xmax>65</xmax><ymax>179</ymax></bndbox></object><object><name>proposal</name><bndbox><xmin>347</xmin><ymin>11</ymin><xmax>55</xmax><ymax>25</ymax></bndbox></object><object><name>proposal</name><bndbox><xmin>208</xmin><ymin>11</ymin><xmax>41</xmax><ymax>24</ymax></bndbox></object><object><name>proposal</name><bndbox><xmin>301</xmin><ymin>22</ymin><xmax>46</xmax><ymax>22</ymax></bndbox></object><object><name>proposal</name><bndbox><xmin>396</xmin><ymin>31</ymin><xmax>31</xmax><ymax>31</ymax></bndbox></object><object><name>proposal</name><bndbox><xmin>69</xmin><ymin>8</ymin><xmax>33</xmax><ymax>48</ymax></bndbox></object><object><name>proposal</name><bndbox><xmin>325</xmin><ymin>10</ymin><xmax>54</xmax><ymax>21</ymax></bndbox></object><object><name>proposal</name><bndbox><xmin>117</xmin><ymin>118</ymin><xmax>71</xmax><ymax>28</ymax></bndbox></object><object><name>proposal</name><bndbox><xmin>391</xmin><ymin>91</ymin><xmax>41</xmax><ymax>28</ymax></bndbox></object><object><name>proposal</name><bndbox><xmin>325</xmin><ymin>26</ymin><xmax>50</xmax><ymax>20</ymax></bndbox></object><object><name>proposal</name><bndbox><xmin>142</xmin><ymin>118</ymin><xmax>47</xmax><ymax>69</ymax></bndbox></object><object><name>proposal</name><bndbox><xmin>221</xmin><ymin>11</ymin><xmax>31</xmax><ymax>31</ymax></bndbox></object><object><name>proposal</name><bndbox><xmin>49</xmin><ymin>195</ymin><xmax>81</xmax><ymax>56</ymax></bndbox></object><object><name>proposal</name><bndbox><xmin>61</xmin><ymin>57</ymin><xmax>80</xmax><ymax>96</ymax></bndbox></object><object><name>proposal</name><bndbox><xmin>330</xmin><ymin>25</ymin><xmax>59</xmax><ymax>27</ymax></bndbox></object><object><name>proposal</name><bndbox><xmin>337</xmin><ymin>22</ymin><xmax>42</xmax><ymax>45</ymax></bndbox></object><object><name>proposal</name><bndbox><xmin>278</xmin><ymin>214</ymin><xmax>27</xmax><ymax>39</ymax></bndbox></object><object><name>proposal</name><bndbox><xmin>407</xmin><ymin>111</ymin><xmax>41</xmax><ymax>29</ymax></bndbox></object><object><name>proposal</name><bndbox><xmin>293</xmin><ymin>13</ymin><xmax>50</xmax><ymax>21</ymax></bndbox></object><object><name>proposal</name><bndbox><xmin>1</xmin><ymin>39</ymin><xmax>100</xmax><ymax>169</ymax></bndbox></object><object><name>proposal</name><bndbox><xmin>405</xmin><ymin>184</ymin><xmax>38</xmax><ymax>21</ymax></bndbox></object><object><name>proposal</name><bndbox><xmin>49</xmin><ymin>236</ymin><xmax>83</xmax><ymax>40</ymax></bndbox></object><object><name>proposal</name><bndbox><xmin>364</xmin><ymin>19</ymin><xmax>41</xmax><ymax>28</ymax></bndbox></object><object><name>proposal</name><bndbox><xmin>64</xmin><ymin>57</ymin><xmax>57</xmax><ymax>84</ymax></bndbox></object><object><name>proposal</name><bndbox><xmin>289</xmin><ymin>40</ymin><xmax>40</xmax><ymax>85</ymax></bndbox></object><object><name>proposal</name><bndbox><xmin>372</xmin><ymin>36</ymin><xmax>48</xmax><ymax>31</ymax></bndbox></object><object><name>proposal</name><bndbox><xmin>315</xmin><ymin>33</ymin><xmax>71</xmax><ymax>30</ymax></bndbox></object><object><name>proposal</name><bndbox><xmin>201</xmin><ymin>16</ymin><xmax>42</xmax><ymax>21</ymax></bndbox></object><object><name>proposal</name><bndbox><xmin>71</xmin><ymin>11</ymin><xmax>45</xmax><ymax>45</ymax></bndbox></object><object><name>proposal</name><bndbox><xmin>337</xmin><ymin>183</ymin><xmax>105</xmax><ymax>48</ymax></bndbox></object><object><name>proposal</name><bndbox><xmin>6</xmin><ymin>86</ymin><xmax>57</xmax><ymax>103</ymax></bndbox></object><object><name>proposal</name><bndbox><xmin>334</xmin><ymin>11</ymin><xmax>41</xmax><ymax>26</ymax></bndbox></object><object><name>proposal</name><bndbox><xmin>348</xmin><ymin>31</ymin><xmax>59</xmax><ymax>27</ymax></bndbox></object><object><name>proposal</name><bndbox><xmin>369</xmin><ymin>73</ymin><xmax>82</xmax><ymax>112</ymax></bndbox></object><object><name>proposal</name><bndbox><xmin>281</xmin><ymin>29</ymin><xmax>60</xmax><ymax>47</ymax></bndbox></object><object><name>proposal</name><bndbox><xmin>277</xmin><ymin>196</ymin><xmax>39</xmax><ymax>29</ymax></bndbox></object><object><name>proposal</name><bndbox><xmin>49</xmin><ymin>84</ymin><xmax>60</xmax><ymax>45</ymax></bndbox></object><object><name>proposal</name><bndbox><xmin>116</xmin><ymin>22</ymin><xmax>60</xmax><ymax>47</ymax></bndbox></object><object><name>proposal</name><bndbox><xmin>186</xmin><ymin>8</ymin><xmax>33</xmax><ymax>42</ymax></bndbox></object><object><name>proposal</name><bndbox><xmin>359</xmin><ymin>22</ymin><xmax>35</xmax><ymax>42</ymax></bndbox></object><object><name>proposal</name><bndbox><xmin>276</xmin><ymin>73</ymin><xmax>172</xmax><ymax>89</ymax></bndbox></object><object><name>proposal</name><bndbox><xmin>64</xmin><ymin>52</ymin><xmax>83</xmax><ymax>148</ymax></bndbox></object><object><name>proposal</name><bndbox><xmin>62</xmin><ymin>84</ymin><xmax>60</xmax><ymax>45</ymax></bndbox></object><object><name>proposal</name><bndbox><xmin>396</xmin><ymin>92</ymin><xmax>39</xmax><ymax>45</ymax></bndbox></object><object><name>proposal</name><bndbox><xmin>186</xmin><ymin>103</ymin><xmax>72</xmax><ymax>53</ymax></bndbox></object><object><name>proposal</name><bndbox><xmin>14</xmin><ymin>235</ymin><xmax>85</xmax><ymax>60</ymax></bndbox></object><object><name>proposal</name><bndbox><xmin>49</xmin><ymin>234</ymin><xmax>81</xmax><ymax>64</ymax></bndbox></object><object><name>proposal</name><bndbox><xmin>313</xmin><ymin>108</ymin><xmax>101</xmax><ymax>71</ymax></bndbox></object><object><name>proposal</name><bndbox><xmin>214</xmin><ymin>145</ymin><xmax>32</xmax><ymax>28</ymax></bndbox></object><object><name>proposal</name><bndbox><xmin>394</xmin><ymin>122</ymin><xmax>49</xmax><ymax>84</ymax></bndbox></object><object><name>proposal</name><bndbox><xmin>201</xmin><ymin>135</ymin><xmax>42</xmax><ymax>21</ymax></bndbox></object><object><name>proposal</name><bndbox><xmin>393</xmin><ymin>156</ymin><xmax>45</xmax><ymax>29</ymax></bndbox></object><object><name>proposal</name><bndbox><xmin>349</xmin><ymin>19</ymin><xmax>41</xmax><ymax>22</ymax></bndbox></object><object><name>proposal</name><bndbox><xmin>257</xmin><ymin>199</ymin><xmax>47</xmax><ymax>27</ymax></bndbox></object><object><name>proposal</name><bndbox><xmin>166</xmin><ymin>1</ymin><xmax>44</xmax><ymax>65</ymax></bndbox></object><object><name>proposal</name><bndbox><xmin>1</xmin><ymin>52</ymin><xmax>93</xmax><ymax>112</ymax></bndbox></object><object><name>proposal</name><bndbox><xmin>166</xmin><ymin>12</ymin><xmax>30</xmax><ymax>61</ymax></bndbox></object><object><name>proposal</name><bndbox><xmin>387</xmin><ymin>169</ymin><xmax>55</xmax><ymax>36</ymax></bndbox></object><object><name>proposal</name><bndbox><xmin>6</xmin><ymin>66</ymin><xmax>144</xmax><ymax>100</ymax></bndbox></object><object><name>proposal</name><bndbox><xmin>311</xmin><ymin>125</ymin><xmax>51</xmax><ymax>25</ymax></bndbox></object><object><name>proposal</name><bndbox><xmin>274</xmin><ymin>4</ymin><xmax>40</xmax><ymax>31</ymax></bndbox></object><object><name>proposal</name><bndbox><xmin>29</xmin><ymin>233</ymin><xmax>71</xmax><ymax>28</ymax></bndbox></object><object><name>proposal</name><bndbox><xmin>359</xmin><ymin>31</ymin><xmax>66</xmax><ymax>32</ymax></bndbox></object><object><name>proposal</name><bndbox><xmin>340</xmin><ymin>1</ymin><xmax>37</xmax><ymax>37</ymax></bndbox></object><object><name>proposal</name><bndbox><xmin>33</xmin><ymin>186</ymin><xmax>85</xmax><ymax>66</ymax></bndbox></object><object><name>proposal</name><bndbox><xmin>359</xmin><ymin>19</ymin><xmax>89</xmax><ymax>49</ymax></bndbox></object><object><name>proposal</name><bndbox><xmin>145</xmin><ymin>119</ymin><xmax>46</xmax><ymax>20</ymax></bndbox></object><object><name>proposal</name><bndbox><xmin>328</xmin><ymin>9</ymin><xmax>38</xmax><ymax>28</ymax></bndbox></object><object><name>proposal</name><bndbox><xmin>340</xmin><ymin>25</ymin><xmax>35</xmax><ymax>28</ymax></bndbox></object><object><name>proposal</name><bndbox><xmin>147</xmin><ymin>118</ymin><xmax>65</xmax><ymax>68</ymax></bndbox></object><object><name>proposal</name><bndbox><xmin>104</xmin><ymin>3</ymin><xmax>51</xmax><ymax>23</ymax></bndbox></object><object><name>proposal</name><bndbox><xmin>146</xmin><ymin>95</ymin><xmax>202</xmax><ymax>87</ymax></bndbox></object><object><name>proposal</name><bndbox><xmin>53</xmin><ymin>1</ymin><xmax>39</xmax><ymax>31</ymax></bndbox></object><object><name>proposal</name><bndbox><xmin>301</xmin><ymin>41</ymin><xmax>21</xmax><ymax>46</ymax></bndbox></object><object><name>proposal</name><bndbox><xmin>381</xmin><ymin>36</ymin><xmax>31</xmax><ymax>31</ymax></bndbox></object><object><name>proposal</name><bndbox><xmin>263</xmin><ymin>186</ymin><xmax>39</xmax><ymax>39</ymax></bndbox></object><object><name>proposal</name><bndbox><xmin>29</xmin><ymin>226</ymin><xmax>71</xmax><ymax>28</ymax></bndbox></object><object><name>proposal</name><bndbox><xmin>176</xmin><ymin>1</ymin><xmax>30</xmax><ymax>71</ymax></bndbox></object><object><name>proposal</name><bndbox><xmin>388</xmin><ymin>137</ymin><xmax>21</xmax><ymax>42</ymax></bndbox></object><object><name>proposal</name><bndbox><xmin>364</xmin><ymin>6</ymin><xmax>34</xmax><ymax>61</ymax></bndbox></object><object><name>proposal</name><bndbox><xmin>412</xmin><ymin>95</ymin><xmax>36</xmax><ymax>24</ymax></bndbox></object><object><name>proposal</name><bndbox><xmin>68</xmin><ymin>7</ymin><xmax>47</xmax><ymax>70</ymax></bndbox></object><object><name>proposal</name><bndbox><xmin>43</xmin><ymin>57</ymin><xmax>77</xmax><ymax>141</ymax></bndbox></object><object><name>proposal</name><bndbox><xmin>34</xmin><ymin>49</ymin><xmax>119</xmax><ymax>128</ymax></bndbox></object><object><name>proposal</name><bndbox><xmin>373</xmin><ymin>145</ymin><xmax>37</xmax><ymax>34</ymax></bndbox></object><object><name>proposal</name><bndbox><xmin>194</xmin><ymin>67</ymin><xmax>168</xmax><ymax>196</ymax></bndbox></object><object><name>proposal</name><bndbox><xmin>1</xmin><ymin>64</ymin><xmax>87</xmax><ymax>57</ymax></bndbox></object><object><name>proposal</name><bndbox><xmin>64</xmin><ymin>69</ymin><xmax>43</xmax><ymax>95</ymax></bndbox></object><object><name>proposal</name><bndbox><xmin>392</xmin><ymin>179</ymin><xmax>51</xmax><ymax>27</ymax></bndbox></object><object><name>proposal</name><bndbox><xmin>391</xmin><ymin>13</ymin><xmax>34</xmax><ymax>34</ymax></bndbox></object><object><name>proposal</name><bndbox><xmin>398</xmin><ymin>253</ymin><xmax>29</xmax><ymax>42</ymax></bndbox></object><object><name>proposal</name><bndbox><xmin>302</xmin><ymin>5</ymin><xmax>20</xmax><ymax>50</ymax></bndbox></object><object><name>proposal</name><bndbox><xmin>405</xmin><ymin>196</ymin><xmax>38</xmax><ymax>21</ymax></bndbox></object><object><name>proposal</name><bndbox><xmin>289</xmin><ymin>22</ymin><xmax>33</xmax><ymax>45</ymax></bndbox></object><object><name>proposal</name><bndbox><xmin>406</xmin><ymin>86</ymin><xmax>31</xmax><ymax>54</ymax></bndbox></object><object><name>proposal</name><bndbox><xmin>407</xmin><ymin>91</ymin><xmax>43</xmax><ymax>114</ymax></bndbox></object><object><name>proposal</name><bndbox><xmin>411</xmin><ymin>149</ymin><xmax>30</xmax><ymax>56</ymax></bndbox></object><object><name>proposal</name><bndbox><xmin>401</xmin><ymin>172</ymin><xmax>46</xmax><ymax>34</ymax></bndbox></object><object><name>proposal</name><bndbox><xmin>251</xmin><ymin>40</ymin><xmax>61</xmax><ymax>84</ymax></bndbox></object><object><name>proposal</name><bndbox><xmin>4</xmin><ymin>80</ymin><xmax>343</xmax><ymax>145</ymax></bndbox></object><object><name>proposal</name><bndbox><xmin>371</xmin><ymin>196</ymin><xmax>71</xmax><ymax>68</ymax></bndbox></object><object><name>proposal</name><bndbox><xmin>409</xmin><ymin>109</ymin><xmax>28</xmax><ymax>35</ymax></bndbox></object><object><name>proposal</name><bndbox><xmin>347</xmin><ymin>1</ymin><xmax>44</xmax><ymax>65</ymax></bndbox></object><object><name>proposal</name><bndbox><xmin>274</xmin><ymin>176</ymin><xmax>31</xmax><ymax>50</ymax></bndbox></object><object><name>proposal</name><bndbox><xmin>261</xmin><ymin>215</ymin><xmax>42</xmax><ymax>20</ymax></bndbox></object><object><name>proposal</name><bndbox><xmin>391</xmin><ymin>6</ymin><xmax>31</xmax><ymax>31</ymax></bndbox></object><object><name>proposal</name><bndbox><xmin>10</xmin><ymin>5</ymin><xmax>59</xmax><ymax>25</ymax></bndbox></object><object><name>proposal</name><bndbox><xmin>231</xmin><ymin>214</ymin><xmax>70</xmax><ymax>33</ymax></bndbox></object><object><name>proposal</name><bndbox><xmin>77</xmin><ymin>95</ymin><xmax>113</xmax><ymax>42</ymax></bndbox></object><object><name>proposal</name><bndbox><xmin>287</xmin><ymin>32</ymin><xmax>70</xmax><ymax>41</ymax></bndbox></object><object><name>proposal</name><bndbox><xmin>278</xmin><ymin>215</ymin><xmax>26</xmax><ymax>56</ymax></bndbox></object><object><name>proposal</name><bndbox><xmin>125</xmin><ymin>28</ymin><xmax>50</xmax><ymax>21</ymax></bndbox></object><object><name>proposal</name><bndbox><xmin>71</xmin><ymin>21</ymin><xmax>31</xmax><ymax>31</ymax></bndbox></object><object><name>proposal</name><bndbox><xmin>251</xmin><ymin>11</ymin><xmax>31</xmax><ymax>31</ymax></bndbox></object><object><name>proposal</name><bndbox><xmin>90</xmin><ymin>95</ymin><xmax>98</xmax><ymax>63</ymax></bndbox></object><object><name>proposal</name><bndbox><xmin>401</xmin><ymin>106</ymin><xmax>31</xmax><ymax>31</ymax></bndbox></object><object><name>proposal</name><bndbox><xmin>147</xmin><ymin>119</ymin><xmax>44</xmax><ymax>96</ymax></bndbox></object><object><name>proposal</name><bndbox><xmin>351</xmin><ymin>116</ymin><xmax>42</xmax><ymax>29</ymax></bndbox></object><object><name>proposal</name><bndbox><xmin>109</xmin><ymin>120</ymin><xmax>109</xmax><ymax>44</ymax></bndbox></object><object><name>proposal</name><bndbox><xmin>48</xmin><ymin>132</ymin><xmax>50</xmax><ymax>119</ymax></bndbox></object><object><name>proposal</name><bndbox><xmin>131</xmin><ymin>1</ymin><xmax>31</xmax><ymax>31</ymax></bndbox></object><object><name>proposal</name><bndbox><xmin>64</xmin><ymin>68</ymin><xmax>57</xmax><ymax>49</ymax></bndbox></object><object><name>proposal</name><bndbox><xmin>306</xmin><ymin>16</ymin><xmax>31</xmax><ymax>31</ymax></bndbox></object><object><name>proposal</name><bndbox><xmin>218</xmin><ymin>146</ymin><xmax>42</xmax><ymax>29</ymax></bndbox></object><object><name>proposal</name><bndbox><xmin>393</xmin><ymin>87</ymin><xmax>53</xmax><ymax>141</ymax></bndbox></object><object><name>proposal</name><bndbox><xmin>325</xmin><ymin>22</ymin><xmax>42</xmax><ymax>22</ymax></bndbox></object><object><name>proposal</name><bndbox><xmin>4</xmin><ymin>93</ymin><xmax>77</xmax><ymax>117</ymax></bndbox></object><object><name>proposal</name><bndbox><xmin>395</xmin><ymin>253</ymin><xmax>22</xmax><ymax>35</ymax></bndbox></object><object><name>proposal</name><bndbox><xmin>90</xmin><ymin>120</ymin><xmax>100</xmax><ymax>44</ymax></bndbox></object><object><name>proposal</name><bndbox><xmin>407</xmin><ymin>73</ymin><xmax>41</xmax><ymax>93</ymax></bndbox></object><object><name>proposal</name><bndbox><xmin>263</xmin><ymin>196</ymin><xmax>180</xmax><ymax>67</ymax></bndbox></object><object><name>proposal</name><bndbox><xmin>197</xmin><ymin>25</ymin><xmax>46</xmax><ymax>21</ymax></bndbox></object><object><name>proposal</name><bndbox><xmin>211</xmin><ymin>21</ymin><xmax>31</xmax><ymax>31</ymax></bndbox></object><object><name>proposal</name><bndbox><xmin>3</xmin><ymin>52</ymin><xmax>60</xmax><ymax>114</ymax></bndbox></object><object><name>proposal</name><bndbox><xmin>106</xmin><ymin>1</ymin><xmax>32</xmax><ymax>26</ymax></bndbox></object><object><name>proposal</name><bndbox><xmin>342</xmin><ymin>34</ymin><xmax>66</xmax><ymax>34</ymax></bndbox></object><object><name>proposal</name><bndbox><xmin>59</xmin><ymin>64</ymin><xmax>49</xmax><ymax>57</ymax></bndbox></object><object><name>proposal</name><bndbox><xmin>246</xmin><ymin>16</ymin><xmax>31</xmax><ymax>31</ymax></bndbox></object><object><name>proposal</name><bndbox><xmin>406</xmin><ymin>91</ymin><xmax>31</xmax><ymax>31</ymax></bndbox></object><object><name>proposal</name><bndbox><xmin>226</xmin><ymin>26</ymin><xmax>31</xmax><ymax>31</ymax></bndbox></object><object><name>proposal</name><bndbox><xmin>321</xmin><ymin>34</ymin><xmax>50</xmax><ymax>22</ymax></bndbox></object><object><name>proposal</name><bndbox><xmin>292</xmin><ymin>47</ymin><xmax>41</xmax><ymax>28</ymax></bndbox></object><object><name>proposal</name><bndbox><xmin>410</xmin><ymin>22</ymin><xmax>41</xmax><ymax>45</ymax></bndbox></object><object><name>proposal</name><bndbox><xmin>31</xmin><ymin>7</ymin><xmax>37</xmax><ymax>37</ymax></bndbox></object><object><name>proposal</name><bndbox><xmin>392</xmin><ymin>253</ymin><xmax>46</xmax><ymax>37</ymax></bndbox></object><object><name>proposal</name><bndbox><xmin>33</xmin><ymin>26</ymin><xmax>48</xmax><ymax>48</ymax></bndbox></object><object><name>proposal</name><bndbox><xmin>328</xmin><ymin>9</ymin><xmax>21</xmax><ymax>50</ymax></bndbox></object><object><name>proposal</name><bndbox><xmin>194</xmin><ymin>145</ymin><xmax>51</xmax><ymax>25</ymax></bndbox></object><object><name>proposal</name><bndbox><xmin>257</xmin><ymin>208</ymin><xmax>46</xmax><ymax>21</ymax></bndbox></object><object><name>proposal</name><bndbox><xmin>397</xmin><ymin>221</ymin><xmax>21</xmax><ymax>42</ymax></bndbox></object><object><name>proposal</name><bndbox><xmin>199</xmin><ymin>1</ymin><xmax>37</xmax><ymax>54</ymax></bndbox></object><object><name>proposal</name><bndbox><xmin>409</xmin><ymin>121</ymin><xmax>39</xmax><ymax>21</ymax></bndbox></object><object><name>proposal</name><bndbox><xmin>191</xmin><ymin>21</ymin><xmax>31</xmax><ymax>31</ymax></bndbox></object><object><name>proposal</name><bndbox><xmin>389</xmin><ymin>115</ymin><xmax>42</xmax><ymax>21</ymax></bndbox></object><object><name>proposal</name><bndbox><xmin>366</xmin><ymin>6</ymin><xmax>31</xmax><ymax>31</ymax></bndbox></object><object><name>proposal</name><bndbox><xmin>71</xmin><ymin>1</ymin><xmax>31</xmax><ymax>31</ymax></bndbox></object><object><name>proposal</name><bndbox><xmin>366</xmin><ymin>21</ymin><xmax>31</xmax><ymax>31</ymax></bndbox></object></annotation>