<annotation><folder>Proposals</folder><filename>img-335.jpg</filename><size><width>400</width><height>300</height><depth>3</depth></size><object><name>proposal</name><bndbox><xmin>36</xmin><ymin>3</ymin><xmax>64</xmax><ymax>31</ymax></bndbox></object><object><name>proposal</name><bndbox><xmin>298</xmin><ymin>79</ymin><xmax>42</xmax><ymax>33</ymax></bndbox></object><object><name>proposal</name><bndbox><xmin>24</xmin><ymin>15</ymin><xmax>78</xmax><ymax>61</ymax></bndbox></object><object><name>proposal</name><bndbox><xmin>43</xmin><ymin>14</ymin><xmax>65</xmax><ymax>68</ymax></bndbox></object><object><name>proposal</name><bndbox><xmin>45</xmin><ymin>15</ymin><xmax>60</xmax><ymax>44</ymax></bndbox></object><object><name>proposal</name><bndbox><xmin>267</xmin><ymin>79</ymin><xmax>73</xmax><ymax>33</ymax></bndbox></object><object><name>proposal</name><bndbox><xmin>302</xmin><ymin>99</ymin><xmax>42</xmax><ymax>42</ymax></bndbox></object><object><name>proposal</name><bndbox><xmin>302</xmin><ymin>99</ymin><xmax>47</xmax><ymax>25</ymax></bndbox></object><object><name>proposal</name><bndbox><xmin>13</xmin><ymin>21</ymin><xmax>35</xmax><ymax>24</ymax></bndbox></object><object><name>proposal</name><bndbox><xmin>24</xmin><ymin>14</ymin><xmax>93</xmax><ymax>84</ymax></bndbox></object><object><name>proposal</name><bndbox><xmin>23</xmin><ymin>10</ymin><xmax>24</xmax><ymax>35</ymax></bndbox></object><object><name>proposal</name><bndbox><xmin>23</xmin><ymin>37</ymin><xmax>24</xmax><ymax>35</ymax></bndbox></object><object><name>proposal</name><bndbox><xmin>301</xmin><ymin>58</ymin><xmax>34</xmax><ymax>34</ymax></bndbox></object><object><name>proposal</name><bndbox><xmin>12</xmin><ymin>16</ymin><xmax>45</xmax><ymax>29</ymax></bndbox></object><object><name>proposal</name><bndbox><xmin>22</xmin><ymin>37</ymin><xmax>32</xmax><ymax>28</ymax></bndbox></object><object><name>proposal</name><bndbox><xmin>43</xmin><ymin>14</ymin><xmax>96</xmax><ymax>52</ymax></bndbox></object><object><name>proposal</name><bndbox><xmin>298</xmin><ymin>60</ymin><xmax>49</xmax><ymax>53</ymax></bndbox></object><object><name>proposal</name><bndbox><xmin>21</xmin><ymin>14</ymin><xmax>79</xmax><ymax>31</ymax></bndbox></object><object><name>proposal</name><bndbox><xmin>43</xmin><ymin>12</ymin><xmax>58</xmax><ymax>108</ymax></bndbox></object><object><name>proposal</name><bndbox><xmin>11</xmin><ymin>15</ymin><xmax>128</xmax><ymax>68</ymax></bndbox></object><object><name>proposal</name><bndbox><xmin>301</xmin><ymin>70</ymin><xmax>71</xmax><ymax>41</ymax></bndbox></object><object><name>proposal</name><bndbox><xmin>9</xmin><ymin>37</ymin><xmax>42</xmax><ymax>21</ymax></bndbox></object><object><name>proposal</name><bndbox><xmin>8</xmin><ymin>15</ymin><xmax>92</xmax><ymax>121</ymax></bndbox></object><object><name>proposal</name><bndbox><xmin>296</xmin><ymin>98</ymin><xmax>61</xmax><ymax>36</ymax></bndbox></object><object><name>proposal</name><bndbox><xmin>43</xmin><ymin>9</ymin><xmax>138</xmax><ymax>69</ymax></bndbox></object><object><name>proposal</name><bndbox><xmin>304</xmin><ymin>98</ymin><xmax>41</xmax><ymax>63</ymax></bndbox></object><object><name>proposal</name><bndbox><xmin>8</xmin><ymin>36</ymin><xmax>42</xmax><ymax>33</ymax></bndbox></object><object><name>proposal</name><bndbox><xmin>301</xmin><ymin>69</ymin><xmax>35</xmax><ymax>24</ymax></bndbox></object><object><name>proposal</name><bndbox><xmin>149</xmin><ymin>7</ymin><xmax>38</xmax><ymax>21</ymax></bndbox></object><object><name>proposal</name><bndbox><xmin>300</xmin><ymin>9</ymin><xmax>41</xmax><ymax>103</ymax></bndbox></object><object><name>proposal</name><bndbox><xmin>45</xmin><ymin>13</ymin><xmax>61</xmax><ymax>28</ymax></bndbox></object><object><name>proposal</name><bndbox><xmin>281</xmin><ymin>99</ymin><xmax>60</xmax><ymax>41</ymax></bndbox></object><object><name>proposal</name><bndbox><xmin>24</xmin><ymin>6</ymin><xmax>115</xmax><ymax>110</ymax></bndbox></object><object><name>proposal</name><bndbox><xmin>298</xmin><ymin>67</ymin><xmax>51</xmax><ymax>25</ymax></bndbox></object><object><name>proposal</name><bndbox><xmin>8</xmin><ymin>4</ymin><xmax>42</xmax><ymax>45</ymax></bndbox></object><object><name>proposal</name><bndbox><xmin>5</xmin><ymin>3</ymin><xmax>96</xmax><ymax>46</ymax></bndbox></object><object><name>proposal</name><bndbox><xmin>301</xmin><ymin>98</ymin><xmax>42</xmax><ymax>20</ymax></bndbox></object><object><name>proposal</name><bndbox><xmin>8</xmin><ymin>14</ymin><xmax>173</xmax><ymax>80</ymax></bndbox></object><object><name>proposal</name><bndbox><xmin>22</xmin><ymin>18</ymin><xmax>42</xmax><ymax>27</ymax></bndbox></object><object><name>proposal</name><bndbox><xmin>5</xmin><ymin>29</ymin><xmax>42</xmax><ymax>19</ymax></bndbox></object><object><name>proposal</name><bndbox><xmin>43</xmin><ymin>14</ymin><xmax>85</xmax><ymax>36</ymax></bndbox></object><object><name>proposal</name><bndbox><xmin>303</xmin><ymin>94</ymin><xmax>54</xmax><ymax>54</ymax></bndbox></object><object><name>proposal</name><bndbox><xmin>269</xmin><ymin>58</ymin><xmax>73</xmax><ymax>54</ymax></bndbox></object><object><name>proposal</name><bndbox><xmin>23</xmin><ymin>37</ymin><xmax>47</xmax><ymax>25</ymax></bndbox></object><object><name>proposal</name><bndbox><xmin>151</xmin><ymin>18</ymin><xmax>31</xmax><ymax>39</ymax></bndbox></object><object><name>proposal</name><bndbox><xmin>6</xmin><ymin>37</ymin><xmax>55</xmax><ymax>25</ymax></bndbox></object><object><name>proposal</name><bndbox><xmin>271</xmin><ymin>78</ymin><xmax>69</xmax><ymax>59</ymax></bndbox></object><object><name>proposal</name><bndbox><xmin>301</xmin><ymin>42</ymin><xmax>34</xmax><ymax>54</ymax></bndbox></object><object><name>proposal</name><bndbox><xmin>242</xmin><ymin>70</ymin><xmax>100</xmax><ymax>42</ymax></bndbox></object><object><name>proposal</name><bndbox><xmin>281</xmin><ymin>98</ymin><xmax>61</xmax><ymax>28</ymax></bndbox></object><object><name>proposal</name><bndbox><xmin>151</xmin><ymin>1</ymin><xmax>39</xmax><ymax>29</ymax></bndbox></object><object><name>proposal</name><bndbox><xmin>300</xmin><ymin>34</ymin><xmax>68</xmax><ymax>77</ymax></bndbox></object><object><name>proposal</name><bndbox><xmin>9</xmin><ymin>9</ymin><xmax>113</xmax><ymax>155</ymax></bndbox></object><object><name>proposal</name><bndbox><xmin>284</xmin><ymin>55</ymin><xmax>50</xmax><ymax>37</ymax></bndbox></object><object><name>proposal</name><bndbox><xmin>9</xmin><ymin>31</ymin><xmax>42</xmax><ymax>21</ymax></bndbox></object><object><name>proposal</name><bndbox><xmin>233</xmin><ymin>79</ymin><xmax>109</xmax><ymax>40</ymax></bndbox></object><object><name>proposal</name><bndbox><xmin>13</xmin><ymin>25</ymin><xmax>46</xmax><ymax>21</ymax></bndbox></object><object><name>proposal</name><bndbox><xmin>291</xmin><ymin>79</ymin><xmax>49</xmax><ymax>69</ymax></bndbox></object><object><name>proposal</name><bndbox><xmin>300</xmin><ymin>77</ymin><xmax>44</xmax><ymax>122</ymax></bndbox></object><object><name>proposal</name><bndbox><xmin>9</xmin><ymin>7</ymin><xmax>173</xmax><ymax>129</ymax></bndbox></object><object><name>proposal</name><bndbox><xmin>18</xmin><ymin>36</ymin><xmax>39</xmax><ymax>42</ymax></bndbox></object><object><name>proposal</name><bndbox><xmin>16</xmin><ymin>37</ymin><xmax>31</xmax><ymax>50</ymax></bndbox></object><object><name>proposal</name><bndbox><xmin>8</xmin><ymin>29</ymin><xmax>41</xmax><ymax>65</ymax></bndbox></object><object><name>proposal</name><bndbox><xmin>283</xmin><ymin>98</ymin><xmax>59</xmax><ymax>62</ymax></bndbox></object><object><name>proposal</name><bndbox><xmin>141</xmin><ymin>20</ymin><xmax>42</xmax><ymax>20</ymax></bndbox></object><object><name>proposal</name><bndbox><xmin>131</xmin><ymin>3</ymin><xmax>51</xmax><ymax>25</ymax></bndbox></object><object><name>proposal</name><bndbox><xmin>149</xmin><ymin>19</ymin><xmax>50</xmax><ymax>34</ymax></bndbox></object><object><name>proposal</name><bndbox><xmin>21</xmin><ymin>8</ymin><xmax>222</xmax><ymax>88</ymax></bndbox></object><object><name>proposal</name><bndbox><xmin>299</xmin><ymin>14</ymin><xmax>84</xmax><ymax>97</ymax></bndbox></object><object><name>proposal</name><bndbox><xmin>303</xmin><ymin>98</ymin><xmax>65</xmax><ymax>62</ymax></bndbox></object><object><name>proposal</name><bndbox><xmin>7</xmin><ymin>37</ymin><xmax>64</xmax><ymax>33</ymax></bndbox></object><object><name>proposal</name><bndbox><xmin>294</xmin><ymin>97</ymin><xmax>49</xmax><ymax>81</ymax></bndbox></object><object><name>proposal</name><bndbox><xmin>43</xmin><ymin>7</ymin><xmax>122</xmax><ymax>44</ymax></bndbox></object><object><name>proposal</name><bndbox><xmin>224</xmin><ymin>58</ymin><xmax>119</xmax><ymax>53</ymax></bndbox></object><object><name>proposal</name><bndbox><xmin>229</xmin><ymin>34</ymin><xmax>111</xmax><ymax>78</ymax></bndbox></object><object><name>proposal</name><bndbox><xmin>23</xmin><ymin>34</ymin><xmax>26</xmax><ymax>61</ymax></bndbox></object><object><name>proposal</name><bndbox><xmin>298</xmin><ymin>53</ymin><xmax>60</xmax><ymax>41</ymax></bndbox></object><object><name>proposal</name><bndbox><xmin>298</xmin><ymin>78</ymin><xmax>64</xmax><ymax>59</ymax></bndbox></object><object><name>proposal</name><bndbox><xmin>6</xmin><ymin>37</ymin><xmax>53</xmax><ymax>49</ymax></bndbox></object><object><name>proposal</name><bndbox><xmin>242</xmin><ymin>79</ymin><xmax>98</xmax><ymax>66</ymax></bndbox></object><object><name>proposal</name><bndbox><xmin>131</xmin><ymin>19</ymin><xmax>50</xmax><ymax>34</ymax></bndbox></object><object><name>proposal</name><bndbox><xmin>292</xmin><ymin>78</ymin><xmax>55</xmax><ymax>44</ymax></bndbox></object><object><name>proposal</name><bndbox><xmin>292</xmin><ymin>34</ymin><xmax>54</xmax><ymax>59</ymax></bndbox></object><object><name>proposal</name><bndbox><xmin>105</xmin><ymin>5</ymin><xmax>76</xmax><ymax>29</ymax></bndbox></object><object><name>proposal</name><bndbox><xmin>280</xmin><ymin>1</ymin><xmax>84</xmax><ymax>110</ymax></bndbox></object><object><name>proposal</name><bndbox><xmin>301</xmin><ymin>91</ymin><xmax>42</xmax><ymax>21</ymax></bndbox></object><object><name>proposal</name><bndbox><xmin>22</xmin><ymin>4</ymin><xmax>42</xmax><ymax>42</ymax></bndbox></object><object><name>proposal</name><bndbox><xmin>23</xmin><ymin>37</ymin><xmax>45</xmax><ymax>49</ymax></bndbox></object><object><name>proposal</name><bndbox><xmin>7</xmin><ymin>27</ymin><xmax>62</xmax><ymax>68</ymax></bndbox></object><object><name>proposal</name><bndbox><xmin>41</xmin><ymin>19</ymin><xmax>49</xmax><ymax>57</ymax></bndbox></object><object><name>proposal</name><bndbox><xmin>23</xmin><ymin>26</ymin><xmax>66</xmax><ymax>28</ymax></bndbox></object><object><name>proposal</name><bndbox><xmin>261</xmin><ymin>1</ymin><xmax>84</xmax><ymax>110</ymax></bndbox></object><object><name>proposal</name><bndbox><xmin>289</xmin><ymin>80</ymin><xmax>46</xmax><ymax>20</ymax></bndbox></object><object><name>proposal</name><bndbox><xmin>281</xmin><ymin>29</ymin><xmax>54</xmax><ymax>64</ymax></bndbox></object><object><name>proposal</name><bndbox><xmin>261</xmin><ymin>95</ymin><xmax>79</xmax><ymax>29</ymax></bndbox></object><object><name>proposal</name><bndbox><xmin>23</xmin><ymin>36</ymin><xmax>60</xmax><ymax>41</ymax></bndbox></object><object><name>proposal</name><bndbox><xmin>23</xmin><ymin>17</ymin><xmax>66</xmax><ymax>97</ymax></bndbox></object></annotation>