<annotation><folder>Proposals</folder><filename>img-306.jpg</filename><size><width>533</width><height>300</height><depth>3</depth></size><object><name>proposal</name><bndbox><xmin>417</xmin><ymin>160</ymin><xmax>41</xmax><ymax>55</ymax></bndbox></object><object><name>proposal</name><bndbox><xmin>141</xmin><ymin>126</ymin><xmax>183</xmax><ymax>142</ymax></bndbox></object><object><name>proposal</name><bndbox><xmin>141</xmin><ymin>22</ymin><xmax>183</xmax><ymax>246</ymax></bndbox></object><object><name>proposal</name><bndbox><xmin>223</xmin><ymin>21</ymin><xmax>96</xmax><ymax>56</ymax></bndbox></object><object><name>proposal</name><bndbox><xmin>413</xmin><ymin>159</ymin><xmax>66</xmax><ymax>57</ymax></bndbox></object><object><name>proposal</name><bndbox><xmin>183</xmin><ymin>96</ymin><xmax>143</xmax><ymax>175</ymax></bndbox></object><object><name>proposal</name><bndbox><xmin>417</xmin><ymin>155</ymin><xmax>81</xmax><ymax>68</ymax></bndbox></object><object><name>proposal</name><bndbox><xmin>91</xmin><ymin>89</ymin><xmax>234</xmax><ymax>179</ymax></bndbox></object><object><name>proposal</name><bndbox><xmin>4</xmin><ymin>1</ymin><xmax>322</xmax><ymax>267</ymax></bndbox></object><object><name>proposal</name><bndbox><xmin>223</xmin><ymin>14</ymin><xmax>97</xmax><ymax>93</ymax></bndbox></object><object><name>proposal</name><bndbox><xmin>142</xmin><ymin>12</ymin><xmax>307</xmax><ymax>257</ymax></bndbox></object><object><name>proposal</name><bndbox><xmin>259</xmin><ymin>129</ymin><xmax>63</xmax><ymax>105</ymax></bndbox></object><object><name>proposal</name><bndbox><xmin>179</xmin><ymin>18</ymin><xmax>141</xmax><ymax>60</ymax></bndbox></object><object><name>proposal</name><bndbox><xmin>206</xmin><ymin>21</ymin><xmax>115</xmax><ymax>232</ymax></bndbox></object><object><name>proposal</name><bndbox><xmin>409</xmin><ymin>155</ymin><xmax>86</xmax><ymax>135</ymax></bndbox></object><object><name>proposal</name><bndbox><xmin>138</xmin><ymin>157</ymin><xmax>105</xmax><ymax>52</ymax></bndbox></object><object><name>proposal</name><bndbox><xmin>139</xmin><ymin>148</ymin><xmax>146</xmax><ymax>60</ymax></bndbox></object><object><name>proposal</name><bndbox><xmin>138</xmin><ymin>130</ymin><xmax>183</xmax><ymax>90</ymax></bndbox></object><object><name>proposal</name><bndbox><xmin>4</xmin><ymin>5</ymin><xmax>132</xmax><ymax>100</ymax></bndbox></object><object><name>proposal</name><bndbox><xmin>194</xmin><ymin>130</ymin><xmax>301</xmax><ymax>164</ymax></bndbox></object><object><name>proposal</name><bndbox><xmin>91</xmin><ymin>21</ymin><xmax>231</xmax><ymax>193</ymax></bndbox></object><object><name>proposal</name><bndbox><xmin>445</xmin><ymin>161</ymin><xmax>35</xmax><ymax>26</ymax></bndbox></object><object><name>proposal</name><bndbox><xmin>91</xmin><ymin>88</ymin><xmax>31</xmax><ymax>45</ymax></bndbox></object><object><name>proposal</name><bndbox><xmin>179</xmin><ymin>22</ymin><xmax>139</xmax><ymax>91</ymax></bndbox></object><object><name>proposal</name><bndbox><xmin>446</xmin><ymin>176</ymin><xmax>45</xmax><ymax>49</ymax></bndbox></object><object><name>proposal</name><bndbox><xmin>352</xmin><ymin>249</ymin><xmax>91</xmax><ymax>45</ymax></bndbox></object><object><name>proposal</name><bndbox><xmin>5</xmin><ymin>5</ymin><xmax>93</xmax><ymax>115</ymax></bndbox></object><object><name>proposal</name><bndbox><xmin>409</xmin><ymin>253</ymin><xmax>34</xmax><ymax>37</ymax></bndbox></object><object><name>proposal</name><bndbox><xmin>446</xmin><ymin>154</ymin><xmax>50</xmax><ymax>34</ymax></bndbox></object><object><name>proposal</name><bndbox><xmin>417</xmin><ymin>157</ymin><xmax>48</xmax><ymax>96</ymax></bndbox></object><object><name>proposal</name><bndbox><xmin>400</xmin><ymin>265</ymin><xmax>41</xmax><ymax>24</ymax></bndbox></object><object><name>proposal</name><bndbox><xmin>445</xmin><ymin>178</ymin><xmax>34</xmax><ymax>34</ymax></bndbox></object><object><name>proposal</name><bndbox><xmin>30</xmin><ymin>118</ymin><xmax>304</xmax><ymax>157</ymax></bndbox></object><object><name>proposal</name><bndbox><xmin>288</xmin><ymin>130</ymin><xmax>163</xmax><ymax>89</ymax></bndbox></object><object><name>proposal</name><bndbox><xmin>86</xmin><ymin>10</ymin><xmax>442</xmax><ymax>281</ymax></bndbox></object><object><name>proposal</name><bndbox><xmin>91</xmin><ymin>60</ymin><xmax>31</xmax><ymax>45</ymax></bndbox></object><object><name>proposal</name><bndbox><xmin>289</xmin><ymin>129</ymin><xmax>160</xmax><ymax>164</ymax></bndbox></object><object><name>proposal</name><bndbox><xmin>408</xmin><ymin>151</ymin><xmax>111</xmax><ymax>80</ymax></bndbox></object><object><name>proposal</name><bndbox><xmin>138</xmin><ymin>181</ymin><xmax>102</xmax><ymax>92</ymax></bndbox></object><object><name>proposal</name><bndbox><xmin>238</xmin><ymin>109</ymin><xmax>83</xmax><ymax>135</ymax></bndbox></object><object><name>proposal</name><bndbox><xmin>348</xmin><ymin>158</ymin><xmax>101</xmax><ymax>135</ymax></bndbox></object><object><name>proposal</name><bndbox><xmin>397</xmin><ymin>163</ymin><xmax>34</xmax><ymax>54</ymax></bndbox></object><object><name>proposal</name><bndbox><xmin>132</xmin><ymin>128</ymin><xmax>112</xmax><ymax>80</ymax></bndbox></object><object><name>proposal</name><bndbox><xmin>91</xmin><ymin>89</ymin><xmax>35</xmax><ymax>28</ymax></bndbox></object><object><name>proposal</name><bndbox><xmin>414</xmin><ymin>159</ymin><xmax>107</xmax><ymax>109</ymax></bndbox></object><object><name>proposal</name><bndbox><xmin>352</xmin><ymin>262</ymin><xmax>31</xmax><ymax>31</ymax></bndbox></object><object><name>proposal</name><bndbox><xmin>5</xmin><ymin>3</ymin><xmax>89</xmax><ymax>68</ymax></bndbox></object><object><name>proposal</name><bndbox><xmin>356</xmin><ymin>27</ymin><xmax>89</xmax><ymax>66</ymax></bndbox></object><object><name>proposal</name><bndbox><xmin>126</xmin><ymin>79</ymin><xmax>198</xmax><ymax>154</ymax></bndbox></object><object><name>proposal</name><bndbox><xmin>259</xmin><ymin>154</ymin><xmax>239</xmax><ymax>137</ymax></bndbox></object><object><name>proposal</name><bndbox><xmin>223</xmin><ymin>19</ymin><xmax>139</xmax><ymax>93</ymax></bndbox></object><object><name>proposal</name><bndbox><xmin>417</xmin><ymin>128</ymin><xmax>48</xmax><ymax>87</ymax></bndbox></object><object><name>proposal</name><bndbox><xmin>179</xmin><ymin>34</ymin><xmax>24</xmax><ymax>35</ymax></bndbox></object><object><name>proposal</name><bndbox><xmin>424</xmin><ymin>159</ymin><xmax>55</xmax><ymax>27</ymax></bndbox></object><object><name>proposal</name><bndbox><xmin>91</xmin><ymin>21</ymin><xmax>388</xmax><ymax>198</ymax></bndbox></object><object><name>proposal</name><bndbox><xmin>421</xmin><ymin>154</ymin><xmax>79</xmax><ymax>33</ymax></bndbox></object><object><name>proposal</name><bndbox><xmin>219</xmin><ymin>9</ymin><xmax>113</xmax><ymax>203</ymax></bndbox></object><object><name>proposal</name><bndbox><xmin>213</xmin><ymin>129</ymin><xmax>112</xmax><ymax>107</ymax></bndbox></object><object><name>proposal</name><bndbox><xmin>222</xmin><ymin>3</ymin><xmax>305</xmax><ymax>217</ymax></bndbox></object><object><name>proposal</name><bndbox><xmin>186</xmin><ymin>148</ymin><xmax>135</xmax><ymax>120</ymax></bndbox></object><object><name>proposal</name><bndbox><xmin>3</xmin><ymin>5</ymin><xmax>120</xmax><ymax>159</ymax></bndbox></object><object><name>proposal</name><bndbox><xmin>351</xmin><ymin>154</ymin><xmax>144</xmax><ymax>139</ymax></bndbox></object><object><name>proposal</name><bndbox><xmin>417</xmin><ymin>161</ymin><xmax>74</xmax><ymax>92</ymax></bndbox></object><object><name>proposal</name><bndbox><xmin>179</xmin><ymin>58</ymin><xmax>24</xmax><ymax>32</ymax></bndbox></object><object><name>proposal</name><bndbox><xmin>221</xmin><ymin>21</ymin><xmax>227</xmax><ymax>89</ymax></bndbox></object><object><name>proposal</name><bndbox><xmin>1</xmin><ymin>5</ymin><xmax>202</xmax><ymax>98</ymax></bndbox></object><object><name>proposal</name><bndbox><xmin>285</xmin><ymin>26</ymin><xmax>164</xmax><ymax>193</ymax></bndbox></object><object><name>proposal</name><bndbox><xmin>307</xmin><ymin>262</ymin><xmax>76</xmax><ymax>29</ymax></bndbox></object><object><name>proposal</name><bndbox><xmin>392</xmin><ymin>253</ymin><xmax>50</xmax><ymax>37</ymax></bndbox></object><object><name>proposal</name><bndbox><xmin>385</xmin><ymin>163</ymin><xmax>47</xmax><ymax>63</ymax></bndbox></object><object><name>proposal</name><bndbox><xmin>417</xmin><ymin>109</ymin><xmax>79</xmax><ymax>114</ymax></bndbox></object><object><name>proposal</name><bndbox><xmin>485</xmin><ymin>67</ymin><xmax>42</xmax><ymax>21</ymax></bndbox></object><object><name>proposal</name><bndbox><xmin>95</xmin><ymin>182</ymin><xmax>147</xmax><ymax>101</ymax></bndbox></object><object><name>proposal</name><bndbox><xmin>413</xmin><ymin>119</ymin><xmax>66</xmax><ymax>98</ymax></bndbox></object><object><name>proposal</name><bndbox><xmin>381</xmin><ymin>138</ymin><xmax>51</xmax><ymax>78</ymax></bndbox></object><object><name>proposal</name><bndbox><xmin>349</xmin><ymin>221</ymin><xmax>92</xmax><ymax>71</ymax></bndbox></object><object><name>proposal</name><bndbox><xmin>91</xmin><ymin>77</ymin><xmax>35</xmax><ymax>26</ymax></bndbox></object><object><name>proposal</name><bndbox><xmin>229</xmin><ymin>153</ymin><xmax>57</xmax><ymax>66</ymax></bndbox></object><object><name>proposal</name><bndbox><xmin>259</xmin><ymin>130</ymin><xmax>220</xmax><ymax>111</ymax></bndbox></object><object><name>proposal</name><bndbox><xmin>307</xmin><ymin>154</ymin><xmax>146</xmax><ymax>62</ymax></bndbox></object><object><name>proposal</name><bndbox><xmin>133</xmin><ymin>95</ymin><xmax>363</xmax><ymax>174</ymax></bndbox></object><object><name>proposal</name><bndbox><xmin>484</xmin><ymin>46</ymin><xmax>42</xmax><ymax>42</ymax></bndbox></object><object><name>proposal</name><bndbox><xmin>252</xmin><ymin>27</ymin><xmax>275</xmax><ymax>264</ymax></bndbox></object><object><name>proposal</name><bndbox><xmin>426</xmin><ymin>178</ymin><xmax>66</xmax><ymax>45</ymax></bndbox></object><object><name>proposal</name><bndbox><xmin>401</xmin><ymin>158</ymin><xmax>55</xmax><ymax>132</ymax></bndbox></object><object><name>proposal</name><bndbox><xmin>77</xmin><ymin>51</ymin><xmax>45</xmax><ymax>53</ymax></bndbox></object><object><name>proposal</name><bndbox><xmin>78</xmin><ymin>71</ymin><xmax>45</xmax><ymax>33</ymax></bndbox></object><object><name>proposal</name><bndbox><xmin>221</xmin><ymin>20</ymin><xmax>228</xmax><ymax>157</ymax></bndbox></object><object><name>proposal</name><bndbox><xmin>85</xmin><ymin>82</ymin><xmax>38</xmax><ymax>21</ymax></bndbox></object><object><name>proposal</name><bndbox><xmin>177</xmin><ymin>20</ymin><xmax>148</xmax><ymax>157</ymax></bndbox></object><object><name>proposal</name><bndbox><xmin>445</xmin><ymin>140</ymin><xmax>34</xmax><ymax>46</ymax></bndbox></object><object><name>proposal</name><bndbox><xmin>107</xmin><ymin>182</ymin><xmax>173</xmax><ymax>85</ymax></bndbox></object><object><name>proposal</name><bndbox><xmin>92</xmin><ymin>89</ymin><xmax>195</xmax><ymax>129</ymax></bndbox></object><object><name>proposal</name><bndbox><xmin>446</xmin><ymin>178</ymin><xmax>72</xmax><ymax>45</ymax></bndbox></object><object><name>proposal</name><bndbox><xmin>88</xmin><ymin>36</ymin><xmax>33</xmax><ymax>67</ymax></bndbox></object><object><name>proposal</name><bndbox><xmin>88</xmin><ymin>89</ymin><xmax>38</xmax><ymax>60</ymax></bndbox></object><object><name>proposal</name><bndbox><xmin>437</xmin><ymin>151</ymin><xmax>46</xmax><ymax>37</ymax></bndbox></object><object><name>proposal</name><bndbox><xmin>223</xmin><ymin>20</ymin><xmax>129</xmax><ymax>151</ymax></bndbox></object><object><name>proposal</name><bndbox><xmin>134</xmin><ymin>109</ymin><xmax>130</xmax><ymax>109</ymax></bndbox></object><object><name>proposal</name><bndbox><xmin>357</xmin><ymin>7</ymin><xmax>87</xmax><ymax>41</ymax></bndbox></object><object><name>proposal</name><bndbox><xmin>351</xmin><ymin>234</ymin><xmax>114</xmax><ymax>57</ymax></bndbox></object><object><name>proposal</name><bndbox><xmin>142</xmin><ymin>51</ymin><xmax>145</xmax><ymax>168</ymax></bndbox></object><object><name>proposal</name><bndbox><xmin>362</xmin><ymin>256</ymin><xmax>79</xmax><ymax>33</ymax></bndbox></object><object><name>proposal</name><bndbox><xmin>446</xmin><ymin>155</ymin><xmax>76</xmax><ymax>31</ymax></bndbox></object><object><name>proposal</name><bndbox><xmin>141</xmin><ymin>182</ymin><xmax>182</xmax><ymax>87</ymax></bndbox></object><object><name>proposal</name><bndbox><xmin>237</xmin><ymin>153</ymin><xmax>84</xmax><ymax>80</ymax></bndbox></object><object><name>proposal</name><bndbox><xmin>416</xmin><ymin>50</ymin><xmax>110</xmax><ymax>175</ymax></bndbox></object><object><name>proposal</name><bndbox><xmin>91</xmin><ymin>51</ymin><xmax>49</xmax><ymax>53</ymax></bndbox></object><object><name>proposal</name><bndbox><xmin>62</xmin><ymin>64</ymin><xmax>61</xmax><ymax>39</ymax></bndbox></object><object><name>proposal</name><bndbox><xmin>352</xmin><ymin>213</ymin><xmax>33</xmax><ymax>78</ymax></bndbox></object><object><name>proposal</name><bndbox><xmin>176</xmin><ymin>20</ymin><xmax>178</xmax><ymax>113</ymax></bndbox></object><object><name>proposal</name><bndbox><xmin>490</xmin><ymin>257</ymin><xmax>32</xmax><ymax>24</ymax></bndbox></object><object><name>proposal</name><bndbox><xmin>77</xmin><ymin>88</ymin><xmax>46</xmax><ymax>37</ymax></bndbox></object><object><name>proposal</name><bndbox><xmin>54</xmin><ymin>57</ymin><xmax>271</xmax><ymax>187</ymax></bndbox></object><object><name>proposal</name><bndbox><xmin>445</xmin><ymin>178</ymin><xmax>38</xmax><ymax>21</ymax></bndbox></object><object><name>proposal</name><bndbox><xmin>223</xmin><ymin>7</ymin><xmax>96</xmax><ymax>40</ymax></bndbox></object><object><name>proposal</name><bndbox><xmin>345</xmin><ymin>160</ymin><xmax>105</xmax><ymax>56</ymax></bndbox></object><object><name>proposal</name><bndbox><xmin>403</xmin><ymin>232</ymin><xmax>38</xmax><ymax>60</ymax></bndbox></object><object><name>proposal</name><bndbox><xmin>408</xmin><ymin>128</ymin><xmax>115</xmax><ymax>163</ymax></bndbox></object><object><name>proposal</name><bndbox><xmin>4</xmin><ymin>4</ymin><xmax>314</xmax><ymax>127</ymax></bndbox></object><object><name>proposal</name><bndbox><xmin>109</xmin><ymin>108</ymin><xmax>132</xmax><ymax>100</ymax></bndbox></object><object><name>proposal</name><bndbox><xmin>362</xmin><ymin>268</ymin><xmax>79</xmax><ymax>29</ymax></bndbox></object><object><name>proposal</name><bndbox><xmin>400</xmin><ymin>271</ymin><xmax>41</xmax><ymax>22</ymax></bndbox></object><object><name>proposal</name><bndbox><xmin>325</xmin><ymin>25</ymin><xmax>125</xmax><ymax>266</ymax></bndbox></object><object><name>proposal</name><bndbox><xmin>351</xmin><ymin>246</ymin><xmax>45</xmax><ymax>45</ymax></bndbox></object><object><name>proposal</name><bndbox><xmin>435</xmin><ymin>145</ymin><xmax>60</xmax><ymax>44</ymax></bndbox></object><object><name>proposal</name><bndbox><xmin>134</xmin><ymin>50</ymin><xmax>106</xmax><ymax>159</ymax></bndbox></object><object><name>proposal</name><bndbox><xmin>370</xmin><ymin>160</ymin><xmax>64</xmax><ymax>59</ymax></bndbox></object><object><name>proposal</name><bndbox><xmin>358</xmin><ymin>22</ymin><xmax>138</xmax><ymax>195</ymax></bndbox></object><object><name>proposal</name><bndbox><xmin>92</xmin><ymin>71</ymin><xmax>42</xmax><ymax>33</ymax></bndbox></object><object><name>proposal</name><bndbox><xmin>221</xmin><ymin>78</ymin><xmax>100</xmax><ymax>159</ymax></bndbox></object><object><name>proposal</name><bndbox><xmin>471</xmin><ymin>205</ymin><xmax>51</xmax><ymax>60</ymax></bndbox></object><object><name>proposal</name><bndbox><xmin>288</xmin><ymin>157</ymin><xmax>163</xmax><ymax>89</ymax></bndbox></object><object><name>proposal</name><bndbox><xmin>330</xmin><ymin>138</ymin><xmax>119</xmax><ymax>93</ymax></bndbox></object><object><name>proposal</name><bndbox><xmin>106</xmin><ymin>180</ymin><xmax>134</xmax><ymax>69</ymax></bndbox></object><object><name>proposal</name><bndbox><xmin>5</xmin><ymin>1</ymin><xmax>89</xmax><ymax>197</ymax></bndbox></object><object><name>proposal</name><bndbox><xmin>88</xmin><ymin>64</ymin><xmax>61</xmax><ymax>39</ymax></bndbox></object><object><name>proposal</name><bndbox><xmin>69</xmin><ymin>79</ymin><xmax>55</xmax><ymax>25</ymax></bndbox></object><object><name>proposal</name><bndbox><xmin>75</xmin><ymin>64</ymin><xmax>61</xmax><ymax>39</ymax></bndbox></object><object><name>proposal</name><bndbox><xmin>91</xmin><ymin>12</ymin><xmax>226</xmax><ymax>97</ymax></bndbox></object><object><name>proposal</name><bndbox><xmin>139</xmin><ymin>170</ymin><xmax>149</xmax><ymax>83</ymax></bndbox></object><object><name>proposal</name><bndbox><xmin>357</xmin><ymin>27</ymin><xmax>168</xmax><ymax>67</ymax></bndbox></object><object><name>proposal</name><bndbox><xmin>77</xmin><ymin>89</ymin><xmax>46</xmax><ymax>20</ymax></bndbox></object><object><name>proposal</name><bndbox><xmin>446</xmin><ymin>153</ymin><xmax>77</xmax><ymax>71</ymax></bndbox></object><object><name>proposal</name><bndbox><xmin>61</xmin><ymin>88</ymin><xmax>61</xmax><ymax>28</ymax></bndbox></object><object><name>proposal</name><bndbox><xmin>303</xmin><ymin>26</ymin><xmax>222</xmax><ymax>200</ymax></bndbox></object><object><name>proposal</name><bndbox><xmin>446</xmin><ymin>178</ymin><xmax>56</xmax><ymax>28</ymax></bndbox></object><object><name>proposal</name><bndbox><xmin>424</xmin><ymin>178</ymin><xmax>56</xmax><ymax>28</ymax></bndbox></object><object><name>proposal</name><bndbox><xmin>179</xmin><ymin>36</ymin><xmax>39</xmax><ymax>33</ymax></bndbox></object><object><name>proposal</name><bndbox><xmin>421</xmin><ymin>135</ymin><xmax>77</xmax><ymax>54</ymax></bndbox></object><object><name>proposal</name><bndbox><xmin>333</xmin><ymin>26</ymin><xmax>111</xmax><ymax>87</ymax></bndbox></object><object><name>proposal</name><bndbox><xmin>493</xmin><ymin>256</ymin><xmax>29</xmax><ymax>39</ymax></bndbox></object><object><name>proposal</name><bndbox><xmin>414</xmin><ymin>64</ymin><xmax>67</xmax><ymax>152</ymax></bndbox></object><object><name>proposal</name><bndbox><xmin>189</xmin><ymin>153</ymin><xmax>100</xmax><ymax>100</ymax></bndbox></object><object><name>proposal</name><bndbox><xmin>266</xmin><ymin>78</ymin><xmax>193</xmax><ymax>155</ymax></bndbox></object><object><name>proposal</name><bndbox><xmin>91</xmin><ymin>88</ymin><xmax>50</xmax><ymax>37</ymax></bndbox></object><object><name>proposal</name><bndbox><xmin>409</xmin><ymin>273</ymin><xmax>35</xmax><ymax>24</ymax></bndbox></object><object><name>proposal</name><bndbox><xmin>391</xmin><ymin>160</ymin><xmax>59</xmax><ymax>59</ymax></bndbox></object><object><name>proposal</name><bndbox><xmin>247</xmin><ymin>154</ymin><xmax>40</xmax><ymax>54</ymax></bndbox></object><object><name>proposal</name><bndbox><xmin>402</xmin><ymin>243</ymin><xmax>55</xmax><ymax>47</ymax></bndbox></object><object><name>proposal</name><bndbox><xmin>108</xmin><ymin>137</ymin><xmax>179</xmax><ymax>131</ymax></bndbox></object><object><name>proposal</name><bndbox><xmin>358</xmin><ymin>25</ymin><xmax>91</xmax><ymax>146</ymax></bndbox></object><object><name>proposal</name><bndbox><xmin>446</xmin><ymin>127</ymin><xmax>49</xmax><ymax>60</ymax></bndbox></object><object><name>proposal</name><bndbox><xmin>92</xmin><ymin>29</ymin><xmax>39</xmax><ymax>75</ymax></bndbox></object><object><name>proposal</name><bndbox><xmin>92</xmin><ymin>89</ymin><xmax>39</xmax><ymax>75</ymax></bndbox></object><object><name>proposal</name><bndbox><xmin>82</xmin><ymin>89</ymin><xmax>39</xmax><ymax>75</ymax></bndbox></object><object><name>proposal</name><bndbox><xmin>471</xmin><ymin>155</ymin><xmax>28</xmax><ymax>71</ymax></bndbox></object><object><name>proposal</name><bndbox><xmin>368</xmin><ymin>138</ymin><xmax>63</xmax><ymax>94</ymax></bndbox></object><object><name>proposal</name><bndbox><xmin>358</xmin><ymin>26</ymin><xmax>117</xmax><ymax>87</ymax></bndbox></object><object><name>proposal</name><bndbox><xmin>484</xmin><ymin>71</ymin><xmax>42</xmax><ymax>48</ymax></bndbox></object><object><name>proposal</name><bndbox><xmin>403</xmin><ymin>160</ymin><xmax>47</xmax><ymax>84</ymax></bndbox></object><object><name>proposal</name><bndbox><xmin>138</xmin><ymin>181</ymin><xmax>105</xmax><ymax>58</ymax></bndbox></object><object><name>proposal</name><bndbox><xmin>357</xmin><ymin>26</ymin><xmax>87</xmax><ymax>40</ymax></bndbox></object><object><name>proposal</name><bndbox><xmin>218</xmin><ymin>140</ymin><xmax>68</xmax><ymax>68</ymax></bndbox></object><object><name>proposal</name><bndbox><xmin>430</xmin><ymin>173</ymin><xmax>61</xmax><ymax>69</ymax></bndbox></object><object><name>proposal</name><bndbox><xmin>446</xmin><ymin>176</ymin><xmax>34</xmax><ymax>64</ymax></bndbox></object><object><name>proposal</name><bndbox><xmin>245</xmin><ymin>125</ymin><xmax>41</xmax><ymax>83</ymax></bndbox></object><object><name>proposal</name><bndbox><xmin>381</xmin><ymin>261</ymin><xmax>66</xmax><ymax>28</ymax></bndbox></object><object><name>proposal</name><bndbox><xmin>237</xmin><ymin>208</ymin><xmax>24</xmax><ymax>38</ymax></bndbox></object><object><name>proposal</name><bndbox><xmin>490</xmin><ymin>232</ymin><xmax>31</xmax><ymax>34</ymax></bndbox></object><object><name>proposal</name><bndbox><xmin>301</xmin><ymin>249</ymin><xmax>83</xmax><ymax>43</ymax></bndbox></object><object><name>proposal</name><bndbox><xmin>352</xmin><ymin>205</ymin><xmax>172</xmax><ymax>87</ymax></bndbox></object><object><name>proposal</name><bndbox><xmin>257</xmin><ymin>154</ymin><xmax>66</xmax><ymax>57</ymax></bndbox></object><object><name>proposal</name><bndbox><xmin>178</xmin><ymin>19</ymin><xmax>34</xmax><ymax>50</ymax></bndbox></object><object><name>proposal</name><bndbox><xmin>328</xmin><ymin>137</ymin><xmax>104</xmax><ymax>156</ymax></bndbox></object><object><name>proposal</name><bndbox><xmin>4</xmin><ymin>4</ymin><xmax>127</xmax><ymax>248</ymax></bndbox></object><object><name>proposal</name><bndbox><xmin>290</xmin><ymin>154</ymin><xmax>207</xmax><ymax>75</ymax></bndbox></object><object><name>proposal</name><bndbox><xmin>349</xmin><ymin>205</ymin><xmax>49</xmax><ymax>87</ymax></bndbox></object><object><name>proposal</name><bndbox><xmin>446</xmin><ymin>64</ymin><xmax>79</xmax><ymax>123</ymax></bndbox></object><object><name>proposal</name><bndbox><xmin>89</xmin><ymin>89</ymin><xmax>59</xmax><ymax>59</ymax></bndbox></object><object><name>proposal</name><bndbox><xmin>51</xmin><ymin>83</ymin><xmax>71</xmax><ymax>26</ymax></bndbox></object><object><name>proposal</name><bndbox><xmin>62</xmin><ymin>88</ymin><xmax>59</xmax><ymax>59</ymax></bndbox></object><object><name>proposal</name><bndbox><xmin>193</xmin><ymin>151</ymin><xmax>93</xmax><ymax>59</ymax></bndbox></object><object><name>proposal</name><bndbox><xmin>229</xmin><ymin>109</ymin><xmax>56</xmax><ymax>109</ymax></bndbox></object><object><name>proposal</name><bndbox><xmin>472</xmin><ymin>181</ymin><xmax>21</xmax><ymax>42</ymax></bndbox></object><object><name>proposal</name><bndbox><xmin>237</xmin><ymin>184</ymin><xmax>24</xmax><ymax>35</ymax></bndbox></object><object><name>proposal</name><bndbox><xmin>492</xmin><ymin>257</ymin><xmax>38</xmax><ymax>20</ymax></bndbox></object><object><name>proposal</name><bndbox><xmin>351</xmin><ymin>200</ymin><xmax>110</xmax><ymax>95</ymax></bndbox></object><object><name>proposal</name><bndbox><xmin>352</xmin><ymin>230</ymin><xmax>49</xmax><ymax>65</ymax></bndbox></object><object><name>proposal</name><bndbox><xmin>484</xmin><ymin>17</ymin><xmax>41</xmax><ymax>72</ymax></bndbox></object><object><name>proposal</name><bndbox><xmin>470</xmin><ymin>149</ymin><xmax>54</xmax><ymax>77</ymax></bndbox></object><object><name>proposal</name><bndbox><xmin>376</xmin><ymin>162</ymin><xmax>65</xmax><ymax>130</ymax></bndbox></object><object><name>proposal</name><bndbox><xmin>409</xmin><ymin>268</ymin><xmax>42</xmax><ymax>21</ymax></bndbox></object><object><name>proposal</name><bndbox><xmin>352</xmin><ymin>23</ymin><xmax>177</xmax><ymax>151</ymax></bndbox></object><object><name>proposal</name><bndbox><xmin>349</xmin><ymin>137</ymin><xmax>84</xmax><ymax>80</ymax></bndbox></object><object><name>proposal</name><bndbox><xmin>407</xmin><ymin>250</ymin><xmax>67</xmax><ymax>39</ymax></bndbox></object><object><name>proposal</name><bndbox><xmin>445</xmin><ymin>202</ymin><xmax>46</xmax><ymax>21</ymax></bndbox></object><object><name>proposal</name><bndbox><xmin>338</xmin><ymin>240</ymin><xmax>45</xmax><ymax>53</ymax></bndbox></object><object><name>proposal</name><bndbox><xmin>328</xmin><ymin>163</ymin><xmax>103</xmax><ymax>60</ymax></bndbox></object><object><name>proposal</name><bndbox><xmin>137</xmin><ymin>180</ymin><xmax>71</xmax><ymax>89</ymax></bndbox></object><object><name>proposal</name><bndbox><xmin>92</xmin><ymin>89</ymin><xmax>70</xmax><ymax>32</ymax></bndbox></object><object><name>proposal</name><bndbox><xmin>408</xmin><ymin>213</ymin><xmax>39</xmax><ymax>79</ymax></bndbox></object><object><name>proposal</name><bndbox><xmin>457</xmin><ymin>187</ymin><xmax>34</xmax><ymax>37</ymax></bndbox></object><object><name>proposal</name><bndbox><xmin>465</xmin><ymin>31</ymin><xmax>62</xmax><ymax>57</ymax></bndbox></object><object><name>proposal</name><bndbox><xmin>396</xmin><ymin>57</ymin><xmax>108</xmax><ymax>159</ymax></bndbox></object><object><name>proposal</name><bndbox><xmin>439</xmin><ymin>127</ymin><xmax>41</xmax><ymax>60</ymax></bndbox></object><object><name>proposal</name><bndbox><xmin>352</xmin><ymin>259</ymin><xmax>58</xmax><ymax>34</ymax></bndbox></object><object><name>proposal</name><bndbox><xmin>150</xmin><ymin>229</ymin><xmax>73</xmax><ymax>39</ymax></bndbox></object><object><name>proposal</name><bndbox><xmin>397</xmin><ymin>139</ymin><xmax>54</xmax><ymax>34</ymax></bndbox></object><object><name>proposal</name><bndbox><xmin>178</xmin><ymin>45</ymin><xmax>35</xmax><ymax>24</ymax></bndbox></object><object><name>proposal</name><bndbox><xmin>280</xmin><ymin>129</ymin><xmax>41</xmax><ymax>99</ymax></bndbox></object><object><name>proposal</name><bndbox><xmin>186</xmin><ymin>195</ymin><xmax>75</xmax><ymax>55</ymax></bndbox></object><object><name>proposal</name><bndbox><xmin>45</xmin><ymin>89</ymin><xmax>79</xmax><ymax>36</ymax></bndbox></object><object><name>proposal</name><bndbox><xmin>245</xmin><ymin>153</ymin><xmax>41</xmax><ymax>91</ymax></bndbox></object><object><name>proposal</name><bndbox><xmin>168</xmin><ymin>139</ymin><xmax>120</xmax><ymax>131</ymax></bndbox></object><object><name>proposal</name><bndbox><xmin>19</xmin><ymin>182</ymin><xmax>244</xmax><ymax>101</ymax></bndbox></object><object><name>proposal</name><bndbox><xmin>408</xmin><ymin>203</ymin><xmax>113</xmax><ymax>87</ymax></bndbox></object><object><name>proposal</name><bndbox><xmin>391</xmin><ymin>227</ymin><xmax>54</xmax><ymax>64</ymax></bndbox></object><object><name>proposal</name><bndbox><xmin>290</xmin><ymin>110</ymin><xmax>119</xmax><ymax>111</ymax></bndbox></object><object><name>proposal</name><bndbox><xmin>303</xmin><ymin>113</ymin><xmax>192</xmax><ymax>178</ymax></bndbox></object><object><name>proposal</name><bndbox><xmin>5</xmin><ymin>5</ymin><xmax>208</xmax><ymax>204</ymax></bndbox></object><object><name>proposal</name><bndbox><xmin>300</xmin><ymin>154</ymin><xmax>83</xmax><ymax>139</ymax></bndbox></object><object><name>proposal</name><bndbox><xmin>183</xmin><ymin>197</ymin><xmax>27</xmax><ymax>45</ymax></bndbox></object><object><name>proposal</name><bndbox><xmin>338</xmin><ymin>205</ymin><xmax>49</xmax><ymax>87</ymax></bndbox></object><object><name>proposal</name><bndbox><xmin>471</xmin><ymin>136</ymin><xmax>31</xmax><ymax>31</ymax></bndbox></object><object><name>proposal</name><bndbox><xmin>61</xmin><ymin>47</ymin><xmax>69</xmax><ymax>56</ymax></bndbox></object><object><name>proposal</name><bndbox><xmin>74</xmin><ymin>29</ymin><xmax>49</xmax><ymax>77</ymax></bndbox></object><object><name>proposal</name><bndbox><xmin>419</xmin><ymin>142</ymin><xmax>104</xmax><ymax>44</ymax></bndbox></object><object><name>proposal</name><bndbox><xmin>484</xmin><ymin>69</ymin><xmax>41</xmax><ymax>78</ymax></bndbox></object><object><name>proposal</name><bndbox><xmin>226</xmin><ymin>193</ymin><xmax>35</xmax><ymax>26</ymax></bndbox></object><object><name>proposal</name><bndbox><xmin>106</xmin><ymin>190</ymin><xmax>120</xmax><ymax>78</ymax></bndbox></object><object><name>proposal</name><bndbox><xmin>485</xmin><ymin>244</ymin><xmax>38</xmax><ymax>21</ymax></bndbox></object><object><name>proposal</name><bndbox><xmin>388</xmin><ymin>65</ymin><xmax>138</xmax><ymax>124</ymax></bndbox></object><object><name>proposal</name><bndbox><xmin>446</xmin><ymin>156</ymin><xmax>81</xmax><ymax>45</ymax></bndbox></object><object><name>proposal</name><bndbox><xmin>480</xmin><ymin>256</ymin><xmax>42</xmax><ymax>29</ymax></bndbox></object><object><name>proposal</name><bndbox><xmin>380</xmin><ymin>154</ymin><xmax>116</xmax><ymax>97</ymax></bndbox></object><object><name>proposal</name><bndbox><xmin>88</xmin><ymin>36</ymin><xmax>59</xmax><ymax>68</ymax></bndbox></object><object><name>proposal</name><bndbox><xmin>238</xmin><ymin>209</ymin><xmax>38</xmax><ymax>28</ymax></bndbox></object><object><name>proposal</name><bndbox><xmin>374</xmin><ymin>162</ymin><xmax>63</xmax><ymax>89</ymax></bndbox></object><object><name>proposal</name><bndbox><xmin>172</xmin><ymin>29</ymin><xmax>42</xmax><ymax>42</ymax></bndbox></object><object><name>proposal</name><bndbox><xmin>408</xmin><ymin>227</ymin><xmax>59</xmax><ymax>64</ymax></bndbox></object><object><name>proposal</name><bndbox><xmin>413</xmin><ymin>174</ymin><xmax>105</xmax><ymax>50</ymax></bndbox></object><object><name>proposal</name><bndbox><xmin>493</xmin><ymin>204</ymin><xmax>28</xmax><ymax>61</ymax></bndbox></object><object><name>proposal</name><bndbox><xmin>491</xmin><ymin>239</ymin><xmax>38</xmax><ymax>27</ymax></bndbox></object><object><name>proposal</name><bndbox><xmin>138</xmin><ymin>178</ymin><xmax>105</xmax><ymax>40</ymax></bndbox></object><object><name>proposal</name><bndbox><xmin>406</xmin><ymin>263</ymin><xmax>51</xmax><ymax>27</ymax></bndbox></object><object><name>proposal</name><bndbox><xmin>188</xmin><ymin>197</ymin><xmax>29</xmax><ymax>45</ymax></bndbox></object><object><name>proposal</name><bndbox><xmin>216</xmin><ymin>128</ymin><xmax>72</xmax><ymax>111</ymax></bndbox></object><object><name>proposal</name><bndbox><xmin>150</xmin><ymin>190</ymin><xmax>77</xmax><ymax>77</ymax></bndbox></object><object><name>proposal</name><bndbox><xmin>397</xmin><ymin>49</ymin><xmax>133</xmax><ymax>242</ymax></bndbox></object><object><name>proposal</name><bndbox><xmin>56</xmin><ymin>74</ymin><xmax>65</xmax><ymax>38</ymax></bndbox></object><object><name>proposal</name><bndbox><xmin>188</xmin><ymin>227</ymin><xmax>199</xmax><ymax>68</ymax></bndbox></object><object><name>proposal</name><bndbox><xmin>465</xmin><ymin>65</ymin><xmax>61</xmax><ymax>105</ymax></bndbox></object><object><name>proposal</name><bndbox><xmin>327</xmin><ymin>221</ymin><xmax>56</xmax><ymax>71</ymax></bndbox></object><object><name>proposal</name><bndbox><xmin>226</xmin><ymin>209</ymin><xmax>35</xmax><ymax>28</ymax></bndbox></object><object><name>proposal</name><bndbox><xmin>87</xmin><ymin>51</ymin><xmax>125</xmax><ymax>55</ymax></bndbox></object><object><name>proposal</name><bndbox><xmin>463</xmin><ymin>71</ymin><xmax>65</xmax><ymax>44</ymax></bndbox></object><object><name>proposal</name><bndbox><xmin>421</xmin><ymin>141</ymin><xmax>31</xmax><ymax>31</ymax></bndbox></object><object><name>proposal</name><bndbox><xmin>88</xmin><ymin>90</ymin><xmax>57</xmax><ymax>85</ymax></bndbox></object><object><name>proposal</name><bndbox><xmin>328</xmin><ymin>81</ymin><xmax>121</xmax><ymax>135</ymax></bndbox></object><object><name>proposal</name><bndbox><xmin>89</xmin><ymin>89</ymin><xmax>42</xmax><ymax>20</ymax></bndbox></object><object><name>proposal</name><bndbox><xmin>394</xmin><ymin>90</ymin><xmax>102</xmax><ymax>97</ymax></bndbox></object><object><name>proposal</name><bndbox><xmin>191</xmin><ymin>202</ymin><xmax>22</xmax><ymax>38</ymax></bndbox></object><object><name>proposal</name><bndbox><xmin>316</xmin><ymin>25</ymin><xmax>212</xmax><ymax>85</ymax></bndbox></object><object><name>proposal</name><bndbox><xmin>466</xmin><ymin>156</ymin><xmax>31</xmax><ymax>31</ymax></bndbox></object><object><name>proposal</name><bndbox><xmin>328</xmin><ymin>162</ymin><xmax>55</xmax><ymax>130</ymax></bndbox></object><object><name>proposal</name><bndbox><xmin>169</xmin><ymin>197</ymin><xmax>42</xmax><ymax>42</ymax></bndbox></object><object><name>proposal</name><bndbox><xmin>397</xmin><ymin>122</ymin><xmax>53</xmax><ymax>49</ymax></bndbox></object><object><name>proposal</name><bndbox><xmin>469</xmin><ymin>205</ymin><xmax>50</xmax><ymax>40</ymax></bndbox></object><object><name>proposal</name><bndbox><xmin>238</xmin><ymin>193</ymin><xmax>35</xmax><ymax>26</ymax></bndbox></object><object><name>proposal</name><bndbox><xmin>92</xmin><ymin>69</ymin><xmax>85</xmax><ymax>37</ymax></bndbox></object><object><name>proposal</name><bndbox><xmin>182</xmin><ymin>110</ymin><xmax>106</xmax><ymax>111</ymax></bndbox></object><object><name>proposal</name><bndbox><xmin>469</xmin><ymin>205</ymin><xmax>51</xmax><ymax>23</ymax></bndbox></object><object><name>proposal</name><bndbox><xmin>265</xmin><ymin>179</ymin><xmax>179</xmax><ymax>114</ymax></bndbox></object><object><name>proposal</name><bndbox><xmin>387</xmin><ymin>157</ymin><xmax>63</xmax><ymax>120</ymax></bndbox></object><object><name>proposal</name><bndbox><xmin>336</xmin><ymin>261</ymin><xmax>56</xmax><ymax>30</ymax></bndbox></object><object><name>proposal</name><bndbox><xmin>186</xmin><ymin>231</ymin><xmax>31</xmax><ymax>31</ymax></bndbox></object><object><name>proposal</name><bndbox><xmin>190</xmin><ymin>213</ymin><xmax>32</xmax><ymax>26</ymax></bndbox></object><object><name>proposal</name><bndbox><xmin>178</xmin><ymin>213</ymin><xmax>32</xmax><ymax>26</ymax></bndbox></object><object><name>proposal</name><bndbox><xmin>482</xmin><ymin>257</ymin><xmax>45</xmax><ymax>39</ymax></bndbox></object><object><name>proposal</name><bndbox><xmin>91</xmin><ymin>81</ymin><xmax>31</xmax><ymax>31</ymax></bndbox></object><object><name>proposal</name><bndbox><xmin>33</xmin><ymin>57</ymin><xmax>91</xmax><ymax>46</ymax></bndbox></object><object><name>proposal</name><bndbox><xmin>254</xmin><ymin>204</ymin><xmax>133</xmax><ymax>89</ymax></bndbox></object><object><name>proposal</name><bndbox><xmin>471</xmin><ymin>153</ymin><xmax>52</xmax><ymax>113</ymax></bndbox></object><object><name>proposal</name><bndbox><xmin>445</xmin><ymin>177</ymin><xmax>76</xmax><ymax>88</ymax></bndbox></object><object><name>proposal</name><bndbox><xmin>417</xmin><ymin>93</ymin><xmax>63</xmax><ymax>93</ymax></bndbox></object><object><name>proposal</name><bndbox><xmin>140</xmin><ymin>130</ymin><xmax>100</xmax><ymax>138</ymax></bndbox></object><object><name>proposal</name><bndbox><xmin>251</xmin><ymin>195</ymin><xmax>272</xmax><ymax>97</ymax></bndbox></object><object><name>proposal</name><bndbox><xmin>167</xmin><ymin>191</ymin><xmax>119</xmax><ymax>62</ymax></bndbox></object><object><name>proposal</name><bndbox><xmin>459</xmin><ymin>67</ymin><xmax>67</xmax><ymax>68</ymax></bndbox></object><object><name>proposal</name><bndbox><xmin>141</xmin><ymin>144</ymin><xmax>69</xmax><ymax>63</ymax></bndbox></object><object><name>proposal</name><bndbox><xmin>469</xmin><ymin>145</ymin><xmax>38</xmax><ymax>21</ymax></bndbox></object><object><name>proposal</name><bndbox><xmin>305</xmin><ymin>218</ymin><xmax>138</xmax><ymax>75</ymax></bndbox></object><object><name>proposal</name><bndbox><xmin>92</xmin><ymin>83</ymin><xmax>88</xmax><ymax>29</ymax></bndbox></object><object><name>proposal</name><bndbox><xmin>326</xmin><ymin>147</ymin><xmax>170</xmax><ymax>100</ymax></bndbox></object><object><name>proposal</name><bndbox><xmin>417</xmin><ymin>65</ymin><xmax>91</xmax><ymax>122</ymax></bndbox></object><object><name>proposal</name><bndbox><xmin>351</xmin><ymin>178</ymin><xmax>55</xmax><ymax>114</ymax></bndbox></object><object><name>proposal</name><bndbox><xmin>445</xmin><ymin>135</ymin><xmax>77</xmax><ymax>54</ymax></bndbox></object><object><name>proposal</name><bndbox><xmin>134</xmin><ymin>125</ymin><xmax>68</xmax><ymax>83</ymax></bndbox></object><object><name>proposal</name><bndbox><xmin>91</xmin><ymin>50</ymin><xmax>136</xmax><ymax>159</ymax></bndbox></object><object><name>proposal</name><bndbox><xmin>349</xmin><ymin>161</ymin><xmax>84</xmax><ymax>80</ymax></bndbox></object><object><name>proposal</name><bndbox><xmin>151</xmin><ymin>229</ymin><xmax>34</xmax><ymax>34</ymax></bndbox></object><object><name>proposal</name><bndbox><xmin>424</xmin><ymin>178</ymin><xmax>67</xmax><ymax>113</ymax></bndbox></object><object><name>proposal</name><bndbox><xmin>356</xmin><ymin>139</ymin><xmax>83</xmax><ymax>117</ymax></bndbox></object><object><name>proposal</name><bndbox><xmin>37</xmin><ymin>81</ymin><xmax>87</xmax><ymax>37</ymax></bndbox></object><object><name>proposal</name><bndbox><xmin>188</xmin><ymin>204</ymin><xmax>219</xmax><ymax>96</ymax></bndbox></object><object><name>proposal</name><bndbox><xmin>61</xmin><ymin>89</ymin><xmax>80</xmax><ymax>72</ymax></bndbox></object><object><name>proposal</name><bndbox><xmin>309</xmin><ymin>151</ymin><xmax>42</xmax><ymax>29</ymax></bndbox></object><object><name>proposal</name><bndbox><xmin>491</xmin><ymin>225</ymin><xmax>39</xmax><ymax>42</ymax></bndbox></object><object><name>proposal</name><bndbox><xmin>380</xmin><ymin>133</ymin><xmax>116</xmax><ymax>90</ymax></bndbox></object><object><name>proposal</name><bndbox><xmin>471</xmin><ymin>155</ymin><xmax>29</xmax><ymax>45</ymax></bndbox></object><object><name>proposal</name><bndbox><xmin>172</xmin><ymin>7</ymin><xmax>41</xmax><ymax>65</ymax></bndbox></object><object><name>proposal</name><bndbox><xmin>473</xmin><ymin>239</ymin><xmax>51</xmax><ymax>27</ymax></bndbox></object><object><name>proposal</name><bndbox><xmin>444</xmin><ymin>176</ymin><xmax>48</xmax><ymax>96</ymax></bndbox></object><object><name>proposal</name><bndbox><xmin>394</xmin><ymin>204</ymin><xmax>97</xmax><ymax>87</ymax></bndbox></object><object><name>proposal</name><bndbox><xmin>188</xmin><ymin>64</ymin><xmax>101</xmax><ymax>207</ymax></bndbox></object><object><name>proposal</name><bndbox><xmin>148</xmin><ymin>221</ymin><xmax>29</xmax><ymax>42</ymax></bndbox></object><object><name>proposal</name><bndbox><xmin>459</xmin><ymin>136</ymin><xmax>39</xmax><ymax>31</ymax></bndbox></object><object><name>proposal</name><bndbox><xmin>148</xmin><ymin>249</ymin><xmax>29</xmax><ymax>39</ymax></bndbox></object><object><name>proposal</name><bndbox><xmin>104</xmin><ymin>191</ymin><xmax>108</xmax><ymax>57</ymax></bndbox></object><object><name>proposal</name><bndbox><xmin>357</xmin><ymin>18</ymin><xmax>87</xmax><ymax>37</ymax></bndbox></object><object><name>proposal</name><bndbox><xmin>397</xmin><ymin>36</ymin><xmax>59</xmax><ymax>180</ymax></bndbox></object><object><name>proposal</name><bndbox><xmin>86</xmin><ymin>26</ymin><xmax>117</xmax><ymax>77</ymax></bndbox></object><object><name>proposal</name><bndbox><xmin>461</xmin><ymin>196</ymin><xmax>31</xmax><ymax>31</ymax></bndbox></object><object><name>proposal</name><bndbox><xmin>420</xmin><ymin>116</ymin><xmax>103</xmax><ymax>70</ymax></bndbox></object><object><name>proposal</name><bndbox><xmin>289</xmin><ymin>67</ymin><xmax>239</xmax><ymax>120</ymax></bndbox></object><object><name>proposal</name><bndbox><xmin>397</xmin><ymin>139</ymin><xmax>41</xmax><ymax>24</ymax></bndbox></object><object><name>proposal</name><bndbox><xmin>420</xmin><ymin>124</ymin><xmax>75</xmax><ymax>47</ymax></bndbox></object><object><name>proposal</name><bndbox><xmin>212</xmin><ymin>195</ymin><xmax>51</xmax><ymax>23</ymax></bndbox></object><object><name>proposal</name><bndbox><xmin>374</xmin><ymin>36</ymin><xmax>75</xmax><ymax>180</ymax></bndbox></object><object><name>proposal</name><bndbox><xmin>149</xmin><ymin>188</ymin><xmax>59</xmax><ymax>69</ymax></bndbox></object><object><name>proposal</name><bndbox><xmin>469</xmin><ymin>172</ymin><xmax>49</xmax><ymax>53</ymax></bndbox></object><object><name>proposal</name><bndbox><xmin>47</xmin><ymin>5</ymin><xmax>75</xmax><ymax>98</ymax></bndbox></object><object><name>proposal</name><bndbox><xmin>480</xmin><ymin>225</ymin><xmax>42</xmax><ymax>42</ymax></bndbox></object><object><name>proposal</name><bndbox><xmin>417</xmin><ymin>154</ymin><xmax>107</xmax><ymax>41</ymax></bndbox></object><object><name>proposal</name><bndbox><xmin>204</xmin><ymin>207</ymin><xmax>60</xmax><ymax>41</ymax></bndbox></object><object><name>proposal</name><bndbox><xmin>468</xmin><ymin>155</ymin><xmax>55</xmax><ymax>41</ymax></bndbox></object><object><name>proposal</name><bndbox><xmin>237</xmin><ymin>167</ymin><xmax>25</xmax><ymax>51</ymax></bndbox></object><object><name>proposal</name><bndbox><xmin>185</xmin><ymin>229</ymin><xmax>24</xmax><ymax>38</ymax></bndbox></object><object><name>proposal</name><bndbox><xmin>471</xmin><ymin>204</ymin><xmax>33</xmax><ymax>48</ymax></bndbox></object><object><name>proposal</name><bndbox><xmin>429</xmin><ymin>176</ymin><xmax>50</xmax><ymax>20</ymax></bndbox></object><object><name>proposal</name><bndbox><xmin>472</xmin><ymin>187</ymin><xmax>31</xmax><ymax>37</ymax></bndbox></object><object><name>proposal</name><bndbox><xmin>420</xmin><ymin>169</ymin><xmax>59</xmax><ymax>23</ymax></bndbox></object><object><name>proposal</name><bndbox><xmin>410</xmin><ymin>130</ymin><xmax>39</xmax><ymax>42</ymax></bndbox></object><object><name>proposal</name><bndbox><xmin>187</xmin><ymin>197</ymin><xmax>45</xmax><ymax>45</ymax></bndbox></object><object><name>proposal</name><bndbox><xmin>453</xmin><ymin>155</ymin><xmax>42</xmax><ymax>20</ymax></bndbox></object><object><name>proposal</name><bndbox><xmin>138</xmin><ymin>181</ymin><xmax>39</xmax><ymax>83</ymax></bndbox></object><object><name>proposal</name><bndbox><xmin>349</xmin><ymin>67</ymin><xmax>148</xmax><ymax>224</ymax></bndbox></object><object><name>proposal</name><bndbox><xmin>172</xmin><ymin>231</ymin><xmax>45</xmax><ymax>33</ymax></bndbox></object><object><name>proposal</name><bndbox><xmin>348</xmin><ymin>137</ymin><xmax>65</xmax><ymax>156</ymax></bndbox></object><object><name>proposal</name><bndbox><xmin>101</xmin><ymin>218</ymin><xmax>31</xmax><ymax>45</ymax></bndbox></object><object><name>proposal</name><bndbox><xmin>463</xmin><ymin>61</ymin><xmax>66</xmax><ymax>28</ymax></bndbox></object><object><name>proposal</name><bndbox><xmin>453</xmin><ymin>145</ymin><xmax>42</xmax><ymax>21</ymax></bndbox></object><object><name>proposal</name><bndbox><xmin>89</xmin><ymin>88</ymin><xmax>55</xmax><ymax>156</ymax></bndbox></object><object><name>proposal</name><bndbox><xmin>228</xmin><ymin>179</ymin><xmax>45</xmax><ymax>39</ymax></bndbox></object><object><name>proposal</name><bndbox><xmin>307</xmin><ymin>163</ymin><xmax>53</xmax><ymax>53</ymax></bndbox></object><object><name>proposal</name><bndbox><xmin>397</xmin><ymin>139</ymin><xmax>28</xmax><ymax>38</ymax></bndbox></object><object><name>proposal</name><bndbox><xmin>300</xmin><ymin>163</ymin><xmax>81</xmax><ymax>57</ymax></bndbox></object><object><name>proposal</name><bndbox><xmin>259</xmin><ymin>154</ymin><xmax>34</xmax><ymax>54</ymax></bndbox></object><object><name>proposal</name><bndbox><xmin>327</xmin><ymin>131</ymin><xmax>21</xmax><ymax>51</ymax></bndbox></object><object><name>proposal</name><bndbox><xmin>257</xmin><ymin>129</ymin><xmax>100</xmax><ymax>92</ymax></bndbox></object><object><name>proposal</name><bndbox><xmin>190</xmin><ymin>211</ymin><xmax>42</xmax><ymax>31</ymax></bndbox></object><object><name>proposal</name><bndbox><xmin>259</xmin><ymin>6</ymin><xmax>103</xmax><ymax>227</ymax></bndbox></object><object><name>proposal</name><bndbox><xmin>421</xmin><ymin>116</ymin><xmax>28</xmax><ymax>56</ymax></bndbox></object><object><name>proposal</name><bndbox><xmin>326</xmin><ymin>108</ymin><xmax>170</xmax><ymax>115</ymax></bndbox></object><object><name>proposal</name><bndbox><xmin>469</xmin><ymin>155</ymin><xmax>55</xmax><ymax>25</ymax></bndbox></object><object><name>proposal</name><bndbox><xmin>469</xmin><ymin>133</ymin><xmax>54</xmax><ymax>37</ymax></bndbox></object><object><name>proposal</name><bndbox><xmin>466</xmin><ymin>172</ymin><xmax>31</xmax><ymax>54</ymax></bndbox></object><object><name>proposal</name><bndbox><xmin>162</xmin><ymin>162</ymin><xmax>45</xmax><ymax>45</ymax></bndbox></object><object><name>proposal</name><bndbox><xmin>177</xmin><ymin>49</ymin><xmax>50</xmax><ymax>21</ymax></bndbox></object><object><name>proposal</name><bndbox><xmin>421</xmin><ymin>127</ymin><xmax>42</xmax><ymax>45</ymax></bndbox></object><object><name>proposal</name><bndbox><xmin>298</xmin><ymin>123</ymin><xmax>57</xmax><ymax>57</ymax></bndbox></object><object><name>proposal</name><bndbox><xmin>177</xmin><ymin>51</ymin><xmax>61</xmax><ymax>32</ymax></bndbox></object><object><name>proposal</name><bndbox><xmin>221</xmin><ymin>199</ymin><xmax>42</xmax><ymax>21</ymax></bndbox></object><object><name>proposal</name><bndbox><xmin>473</xmin><ymin>211</ymin><xmax>46</xmax><ymax>21</ymax></bndbox></object><object><name>proposal</name><bndbox><xmin>169</xmin><ymin>169</ymin><xmax>34</xmax><ymax>37</ymax></bndbox></object></annotation>