<annotation><folder>Proposals</folder><filename>img-133.jpg</filename><size><width>720</width><height>720</height><depth>3</depth></size><object><name>proposal</name><bndbox><xmin>309</xmin><ymin>287</ymin><xmax>120</xmax><ymax>69</ymax></bndbox></object><object><name>proposal</name><bndbox><xmin>307</xmin><ymin>288</ymin><xmax>165</xmax><ymax>77</ymax></bndbox></object><object><name>proposal</name><bndbox><xmin>361</xmin><ymin>309</ymin><xmax>42</xmax><ymax>45</ymax></bndbox></object><object><name>proposal</name><bndbox><xmin>305</xmin><ymin>288</ymin><xmax>126</xmax><ymax>104</ymax></bndbox></object><object><name>proposal</name><bndbox><xmin>309</xmin><ymin>283</ymin><xmax>85</xmax><ymax>63</ymax></bndbox></object><object><name>proposal</name><bndbox><xmin>305</xmin><ymin>289</ymin><xmax>98</xmax><ymax>155</ymax></bndbox></object><object><name>proposal</name><bndbox><xmin>305</xmin><ymin>247</ymin><xmax>126</xmax><ymax>110</ymax></bndbox></object><object><name>proposal</name><bndbox><xmin>427</xmin><ymin>199</ymin><xmax>34</xmax><ymax>54</ymax></bndbox></object><object><name>proposal</name><bndbox><xmin>306</xmin><ymin>289</ymin><xmax>152</xmax><ymax>136</ymax></bndbox></object><object><name>proposal</name><bndbox><xmin>141</xmin><ymin>371</ymin><xmax>31</xmax><ymax>31</ymax></bndbox></object><object><name>proposal</name><bndbox><xmin>430</xmin><ymin>202</ymin><xmax>31</xmax><ymax>31</ymax></bndbox></object><object><name>proposal</name><bndbox><xmin>431</xmin><ymin>181</ymin><xmax>31</xmax><ymax>31</ymax></bndbox></object><object><name>proposal</name><bndbox><xmin>309</xmin><ymin>289</ymin><xmax>119</xmax><ymax>241</ymax></bndbox></object><object><name>proposal</name><bndbox><xmin>260</xmin><ymin>289</ymin><xmax>143</xmax><ymax>140</ymax></bndbox></object><object><name>proposal</name><bndbox><xmin>306</xmin><ymin>239</ymin><xmax>199</xmax><ymax>115</ymax></bndbox></object><object><name>proposal</name><bndbox><xmin>543</xmin><ymin>52</ymin><xmax>24</xmax><ymax>41</ymax></bndbox></object><object><name>proposal</name><bndbox><xmin>361</xmin><ymin>290</ymin><xmax>49</xmax><ymax>66</ymax></bndbox></object><object><name>proposal</name><bndbox><xmin>309</xmin><ymin>194</ymin><xmax>122</xmax><ymax>159</ymax></bndbox></object><object><name>proposal</name><bndbox><xmin>436</xmin><ymin>185</ymin><xmax>32</xmax><ymax>26</ymax></bndbox></object><object><name>proposal</name><bndbox><xmin>309</xmin><ymin>309</ymin><xmax>100</xmax><ymax>44</ymax></bndbox></object><object><name>proposal</name><bndbox><xmin>307</xmin><ymin>116</ymin><xmax>155</xmax><ymax>238</ymax></bndbox></object><object><name>proposal</name><bndbox><xmin>287</xmin><ymin>286</ymin><xmax>116</xmax><ymax>213</ymax></bndbox></object><object><name>proposal</name><bndbox><xmin>307</xmin><ymin>289</ymin><xmax>214</xmax><ymax>107</ymax></bndbox></object><object><name>proposal</name><bndbox><xmin>236</xmin><ymin>286</ymin><xmax>192</xmax><ymax>76</ymax></bndbox></object><object><name>proposal</name><bndbox><xmin>304</xmin><ymin>106</ymin><xmax>100</xmax><ymax>247</ymax></bndbox></object><object><name>proposal</name><bndbox><xmin>436</xmin><ymin>200</ymin><xmax>29</xmax><ymax>39</ymax></bndbox></object><object><name>proposal</name><bndbox><xmin>543</xmin><ymin>81</ymin><xmax>27</xmax><ymax>45</ymax></bndbox></object><object><name>proposal</name><bndbox><xmin>301</xmin><ymin>183</ymin><xmax>93</xmax><ymax>156</ymax></bndbox></object><object><name>proposal</name><bndbox><xmin>309</xmin><ymin>260</ymin><xmax>124</xmax><ymax>187</ymax></bndbox></object><object><name>proposal</name><bndbox><xmin>215</xmin><ymin>10</ymin><xmax>64</xmax><ymax>33</ymax></bndbox></object><object><name>proposal</name><bndbox><xmin>410</xmin><ymin>185</ymin><xmax>51</xmax><ymax>25</ymax></bndbox></object><object><name>proposal</name><bndbox><xmin>435</xmin><ymin>181</ymin><xmax>42</xmax><ymax>29</ymax></bndbox></object><object><name>proposal</name><bndbox><xmin>436</xmin><ymin>169</ymin><xmax>29</xmax><ymax>42</ymax></bndbox></object><object><name>proposal</name><bndbox><xmin>309</xmin><ymin>54</ymin><xmax>121</xmax><ymax>300</ymax></bndbox></object><object><name>proposal</name><bndbox><xmin>267</xmin><ymin>125</ymin><xmax>164</xmax><ymax>228</ymax></bndbox></object><object><name>proposal</name><bndbox><xmin>429</xmin><ymin>199</ymin><xmax>53</xmax><ymax>57</ymax></bndbox></object><object><name>proposal</name><bndbox><xmin>133</xmin><ymin>382</ymin><xmax>38</xmax><ymax>21</ymax></bndbox></object><object><name>proposal</name><bndbox><xmin>343</xmin><ymin>289</ymin><xmax>87</xmax><ymax>55</ymax></bndbox></object><object><name>proposal</name><bndbox><xmin>274</xmin><ymin>282</ymin><xmax>131</xmax><ymax>108</ymax></bndbox></object><object><name>proposal</name><bndbox><xmin>215</xmin><ymin>10</ymin><xmax>63</xmax><ymax>57</ymax></bndbox></object><object><name>proposal</name><bndbox><xmin>421</xmin><ymin>202</ymin><xmax>42</xmax><ymax>21</ymax></bndbox></object><object><name>proposal</name><bndbox><xmin>186</xmin><ymin>238</ymin><xmax>207</xmax><ymax>101</ymax></bndbox></object><object><name>proposal</name><bndbox><xmin>398</xmin><ymin>263</ymin><xmax>27</xmax><ymax>39</ymax></bndbox></object><object><name>proposal</name><bndbox><xmin>266</xmin><ymin>156</ymin><xmax>129</xmax><ymax>183</ymax></bndbox></object><object><name>proposal</name><bndbox><xmin>1</xmin><ymin>9</ymin><xmax>84</xmax><ymax>96</ymax></bndbox></object><object><name>proposal</name><bndbox><xmin>307</xmin><ymin>191</ymin><xmax>253</xmax><ymax>162</ymax></bndbox></object><object><name>proposal</name><bndbox><xmin>311</xmin><ymin>316</ymin><xmax>50</xmax><ymax>31</ymax></bndbox></object><object><name>proposal</name><bndbox><xmin>131</xmin><ymin>375</ymin><xmax>47</xmax><ymax>27</ymax></bndbox></object><object><name>proposal</name><bndbox><xmin>1</xmin><ymin>2</ymin><xmax>83</xmax><ymax>39</ymax></bndbox></object><object><name>proposal</name><bndbox><xmin>1</xmin><ymin>10</ymin><xmax>100</xmax><ymax>52</ymax></bndbox></object><object><name>proposal</name><bndbox><xmin>536</xmin><ymin>81</ymin><xmax>31</xmax><ymax>31</ymax></bndbox></object><object><name>proposal</name><bndbox><xmin>275</xmin><ymin>288</ymin><xmax>190</xmax><ymax>258</ymax></bndbox></object><object><name>proposal</name><bndbox><xmin>307</xmin><ymin>239</ymin><xmax>258</xmax><ymax>141</ymax></bndbox></object><object><name>proposal</name><bndbox><xmin>421</xmin><ymin>190</ymin><xmax>42</xmax><ymax>21</ymax></bndbox></object><object><name>proposal</name><bndbox><xmin>311</xmin><ymin>337</ymin><xmax>50</xmax><ymax>34</ymax></bndbox></object><object><name>proposal</name><bndbox><xmin>435</xmin><ymin>201</ymin><xmax>42</xmax><ymax>33</ymax></bndbox></object><object><name>proposal</name><bndbox><xmin>361</xmin><ymin>334</ymin><xmax>49</xmax><ymax>57</ymax></bndbox></object><object><name>proposal</name><bndbox><xmin>139</xmin><ymin>391</ymin><xmax>34</xmax><ymax>40</ymax></bndbox></object><object><name>proposal</name><bndbox><xmin>228</xmin><ymin>288</ymin><xmax>201</xmax><ymax>252</ymax></bndbox></object><object><name>proposal</name><bndbox><xmin>429</xmin><ymin>201</ymin><xmax>76</xmax><ymax>72</ymax></bndbox></object><object><name>proposal</name><bndbox><xmin>283</xmin><ymin>236</ymin><xmax>120</xmax><ymax>121</ymax></bndbox></object><object><name>proposal</name><bndbox><xmin>361</xmin><ymin>247</ymin><xmax>67</xmax><ymax>108</ymax></bndbox></object><object><name>proposal</name><bndbox><xmin>276</xmin><ymin>195</ymin><xmax>188</xmax><ymax>160</ymax></bndbox></object><object><name>proposal</name><bndbox><xmin>205</xmin><ymin>1</ymin><xmax>71</xmax><ymax>30</ymax></bndbox></object><object><name>proposal</name><bndbox><xmin>424</xmin><ymin>217</ymin><xmax>31</xmax><ymax>37</ymax></bndbox></object><object><name>proposal</name><bndbox><xmin>269</xmin><ymin>54</ymin><xmax>193</xmax><ymax>299</ymax></bndbox></object><object><name>proposal</name><bndbox><xmin>541</xmin><ymin>81</ymin><xmax>35</xmax><ymax>28</ymax></bndbox></object><object><name>proposal</name><bndbox><xmin>286</xmin><ymin>288</ymin><xmax>225</xmax><ymax>155</ymax></bndbox></object><object><name>proposal</name><bndbox><xmin>139</xmin><ymin>289</ymin><xmax>289</xmax><ymax>141</ymax></bndbox></object><object><name>proposal</name><bndbox><xmin>126</xmin><ymin>286</ymin><xmax>277</xmax><ymax>76</ymax></bndbox></object><object><name>proposal</name><bndbox><xmin>430</xmin><ymin>163</ymin><xmax>31</xmax><ymax>50</ymax></bndbox></object><object><name>proposal</name><bndbox><xmin>477</xmin><ymin>253</ymin><xmax>38</xmax><ymax>21</ymax></bndbox></object><object><name>proposal</name><bndbox><xmin>433</xmin><ymin>190</ymin><xmax>42</xmax><ymax>21</ymax></bndbox></object><object><name>proposal</name><bndbox><xmin>413</xmin><ymin>194</ymin><xmax>54</xmax><ymax>64</ymax></bndbox></object><object><name>proposal</name><bndbox><xmin>410</xmin><ymin>201</ymin><xmax>51</xmax><ymax>25</ymax></bndbox></object><object><name>proposal</name><bndbox><xmin>139</xmin><ymin>211</ymin><xmax>264</xmax><ymax>143</ymax></bndbox></object><object><name>proposal</name><bndbox><xmin>287</xmin><ymin>289</ymin><xmax>142</xmax><ymax>321</ymax></bndbox></object><object><name>proposal</name><bndbox><xmin>477</xmin><ymin>253</ymin><xmax>28</xmax><ymax>41</ymax></bndbox></object><object><name>proposal</name><bndbox><xmin>529</xmin><ymin>81</ymin><xmax>39</xmax><ymax>45</ymax></bndbox></object><object><name>proposal</name><bndbox><xmin>413</xmin><ymin>232</ymin><xmax>42</xmax><ymax>21</ymax></bndbox></object><object><name>proposal</name><bndbox><xmin>136</xmin><ymin>356</ymin><xmax>34</xmax><ymax>46</ymax></bndbox></object><object><name>proposal</name><bndbox><xmin>391</xmin><ymin>271</ymin><xmax>31</xmax><ymax>31</ymax></bndbox></object><object><name>proposal</name><bndbox><xmin>401</xmin><ymin>271</ymin><xmax>31</xmax><ymax>31</ymax></bndbox></object><object><name>proposal</name><bndbox><xmin>275</xmin><ymin>148</ymin><xmax>231</xmax><ymax>191</ymax></bndbox></object><object><name>proposal</name><bndbox><xmin>306</xmin><ymin>72</ymin><xmax>206</xmax><ymax>286</ymax></bndbox></object><object><name>proposal</name><bndbox><xmin>428</xmin><ymin>175</ymin><xmax>46</xmax><ymax>37</ymax></bndbox></object><object><name>proposal</name><bndbox><xmin>345</xmin><ymin>466</ymin><xmax>24</xmax><ymax>32</ymax></bndbox></object><object><name>proposal</name><bndbox><xmin>526</xmin><ymin>69</ymin><xmax>41</xmax><ymax>24</ymax></bndbox></object><object><name>proposal</name><bndbox><xmin>428</xmin><ymin>242</ymin><xmax>27</xmax><ymax>45</ymax></bndbox></object><object><name>proposal</name><bndbox><xmin>226</xmin><ymin>195</ymin><xmax>203</xmax><ymax>160</ymax></bndbox></object><object><name>proposal</name><bndbox><xmin>361</xmin><ymin>334</ymin><xmax>42</xmax><ymax>21</ymax></bndbox></object><object><name>proposal</name><bndbox><xmin>306</xmin><ymin>275</ymin><xmax>206</xmax><ymax>224</ymax></bndbox></object><object><name>proposal</name><bndbox><xmin>529</xmin><ymin>50</ymin><xmax>39</xmax><ymax>45</ymax></bndbox></object><object><name>proposal</name><bndbox><xmin>306</xmin><ymin>287</ymin><xmax>304</xmax><ymax>122</ymax></bndbox></object><object><name>proposal</name><bndbox><xmin>200</xmin><ymin>99</ymin><xmax>264</xmax><ymax>256</ymax></bndbox></object><object><name>proposal</name><bndbox><xmin>538</xmin><ymin>42</ymin><xmax>31</xmax><ymax>54</ymax></bndbox></object><object><name>proposal</name><bndbox><xmin>4</xmin><ymin>10</ymin><xmax>135</xmax><ymax>65</ymax></bndbox></object><object><name>proposal</name><bndbox><xmin>139</xmin><ymin>289</ymin><xmax>292</xmax><ymax>221</ymax></bndbox></object><object><name>proposal</name><bndbox><xmin>411</xmin><ymin>175</ymin><xmax>54</xmax><ymax>37</ymax></bndbox></object><object><name>proposal</name><bndbox><xmin>225</xmin><ymin>288</ymin><xmax>228</xmax><ymax>164</ymax></bndbox></object><object><name>proposal</name><bndbox><xmin>234</xmin><ymin>248</ymin><xmax>195</xmax><ymax>107</ymax></bndbox></object><object><name>proposal</name><bndbox><xmin>543</xmin><ymin>50</ymin><xmax>39</xmax><ymax>45</ymax></bndbox></object><object><name>proposal</name><bndbox><xmin>426</xmin><ymin>242</ymin><xmax>70</xmax><ymax>35</ymax></bndbox></object><object><name>proposal</name><bndbox><xmin>190</xmin><ymin>142</ymin><xmax>216</xmax><ymax>215</ymax></bndbox></object><object><name>proposal</name><bndbox><xmin>309</xmin><ymin>288</ymin><xmax>241</xmax><ymax>262</ymax></bndbox></object><object><name>proposal</name><bndbox><xmin>433</xmin><ymin>202</ymin><xmax>42</xmax><ymax>21</ymax></bndbox></object><object><name>proposal</name><bndbox><xmin>477</xmin><ymin>243</ymin><xmax>45</xmax><ymax>29</ymax></bndbox></object><object><name>proposal</name><bndbox><xmin>538</xmin><ymin>78</ymin><xmax>28</xmax><ymax>61</ymax></bndbox></object><object><name>proposal</name><bndbox><xmin>141</xmin><ymin>361</ymin><xmax>42</xmax><ymax>42</ymax></bndbox></object><object><name>proposal</name><bndbox><xmin>214</xmin><ymin>10</ymin><xmax>96</xmax><ymax>48</ymax></bndbox></object><object><name>proposal</name><bndbox><xmin>309</xmin><ymin>332</ymin><xmax>94</xmax><ymax>78</ymax></bndbox></object><object><name>proposal</name><bndbox><xmin>307</xmin><ymin>254</ymin><xmax>253</xmax><ymax>193</ymax></bndbox></object><object><name>proposal</name><bndbox><xmin>375</xmin><ymin>293</ymin><xmax>53</xmax><ymax>49</ymax></bndbox></object><object><name>proposal</name><bndbox><xmin>215</xmin><ymin>9</ymin><xmax>214</xmax><ymax>346</ymax></bndbox></object><object><name>proposal</name><bndbox><xmin>476</xmin><ymin>253</ymin><xmax>20</xmax><ymax>38</ymax></bndbox></object><object><name>proposal</name><bndbox><xmin>215</xmin><ymin>10</ymin><xmax>63</xmax><ymax>89</ymax></bndbox></object><object><name>proposal</name><bndbox><xmin>436</xmin><ymin>149</ymin><xmax>28</xmax><ymax>61</ymax></bndbox></object><object><name>proposal</name><bndbox><xmin>122</xmin><ymin>367</ymin><xmax>50</xmax><ymax>37</ymax></bndbox></object><object><name>proposal</name><bndbox><xmin>361</xmin><ymin>183</ymin><xmax>100</xmax><ymax>170</ymax></bndbox></object><object><name>proposal</name><bndbox><xmin>541</xmin><ymin>69</ymin><xmax>35</xmax><ymax>24</ymax></bndbox></object><object><name>proposal</name><bndbox><xmin>540</xmin><ymin>64</ymin><xmax>61</xmax><ymax>30</ymax></bndbox></object><object><name>proposal</name><bndbox><xmin>141</xmin><ymin>391</ymin><xmax>42</xmax><ymax>33</ymax></bndbox></object><object><name>proposal</name><bndbox><xmin>476</xmin><ymin>241</ymin><xmax>31</xmax><ymax>31</ymax></bndbox></object><object><name>proposal</name><bndbox><xmin>361</xmin><ymin>328</ymin><xmax>46</xmax><ymax>96</ymax></bndbox></object><object><name>proposal</name><bndbox><xmin>131</xmin><ymin>392</ymin><xmax>45</xmax><ymax>45</ymax></bndbox></object><object><name>proposal</name><bndbox><xmin>434</xmin><ymin>194</ymin><xmax>30</xmax><ymax>66</ymax></bndbox></object><object><name>proposal</name><bndbox><xmin>394</xmin><ymin>277</ymin><xmax>32</xmax><ymax>26</ymax></bndbox></object><object><name>proposal</name><bndbox><xmin>413</xmin><ymin>201</ymin><xmax>56</xmax><ymax>32</ymax></bndbox></object><object><name>proposal</name><bndbox><xmin>381</xmin><ymin>201</ymin><xmax>81</xmax><ymax>54</ymax></bndbox></object><object><name>proposal</name><bndbox><xmin>541</xmin><ymin>81</ymin><xmax>51</xmax><ymax>25</ymax></bndbox></object><object><name>proposal</name><bndbox><xmin>397</xmin><ymin>241</ymin><xmax>62</xmax><ymax>62</ymax></bndbox></object><object><name>proposal</name><bndbox><xmin>394</xmin><ymin>241</ymin><xmax>111</xmax><ymax>63</ymax></bndbox></object><object><name>proposal</name><bndbox><xmin>1</xmin><ymin>6</ymin><xmax>115</xmax><ymax>110</ymax></bndbox></object><object><name>proposal</name><bndbox><xmin>435</xmin><ymin>172</ymin><xmax>55</xmax><ymax>38</ymax></bndbox></object><object><name>proposal</name><bndbox><xmin>536</xmin><ymin>66</ymin><xmax>31</xmax><ymax>31</ymax></bndbox></object><object><name>proposal</name><bndbox><xmin>394</xmin><ymin>293</ymin><xmax>34</xmax><ymax>50</ymax></bndbox></object><object><name>proposal</name><bndbox><xmin>463</xmin><ymin>253</ymin><xmax>42</xmax><ymax>45</ymax></bndbox></object><object><name>proposal</name><bndbox><xmin>406</xmin><ymin>195</ymin><xmax>55</xmax><ymax>21</ymax></bndbox></object><object><name>proposal</name><bndbox><xmin>401</xmin><ymin>279</ymin><xmax>47</xmax><ymax>23</ymax></bndbox></object><object><name>proposal</name><bndbox><xmin>382</xmin><ymin>263</ymin><xmax>42</xmax><ymax>39</ymax></bndbox></object><object><name>proposal</name><bndbox><xmin>424</xmin><ymin>200</ymin><xmax>55</xmax><ymax>41</ymax></bndbox></object><object><name>proposal</name><bndbox><xmin>540</xmin><ymin>47</ymin><xmax>65</xmax><ymax>47</ymax></bndbox></object><object><name>proposal</name><bndbox><xmin>475</xmin><ymin>253</ymin><xmax>35</xmax><ymax>28</ymax></bndbox></object><object><name>proposal</name><bndbox><xmin>392</xmin><ymin>241</ymin><xmax>117</xmax><ymax>100</ymax></bndbox></object><object><name>proposal</name><bndbox><xmin>543</xmin><ymin>78</ymin><xmax>38</xmax><ymax>60</ymax></bndbox></object><object><name>proposal</name><bndbox><xmin>429</xmin><ymin>232</ymin><xmax>38</xmax><ymax>21</ymax></bndbox></object><object><name>proposal</name><bndbox><xmin>4</xmin><ymin>9</ymin><xmax>79</xmax><ymax>157</ymax></bndbox></object><object><name>proposal</name><bndbox><xmin>518</xmin><ymin>61</ymin><xmax>50</xmax><ymax>34</ymax></bndbox></object><object><name>proposal</name><bndbox><xmin>476</xmin><ymin>254</ymin><xmax>30</xmax><ymax>61</ymax></bndbox></object><object><name>proposal</name><bndbox><xmin>346</xmin><ymin>473</ymin><xmax>32</xmax><ymax>24</ymax></bndbox></object><object><name>proposal</name><bndbox><xmin>141</xmin><ymin>391</ymin><xmax>41</xmax><ymax>55</ymax></bndbox></object><object><name>proposal</name><bndbox><xmin>397</xmin><ymin>263</ymin><xmax>45</xmax><ymax>39</ymax></bndbox></object><object><name>proposal</name><bndbox><xmin>349</xmin><ymin>260</ymin><xmax>75</xmax><ymax>43</ymax></bndbox></object><object><name>proposal</name><bndbox><xmin>512</xmin><ymin>47</ymin><xmax>55</xmax><ymax>47</ymax></bndbox></object><object><name>proposal</name><bndbox><xmin>397</xmin><ymin>242</ymin><xmax>60</xmax><ymax>94</ymax></bndbox></object><object><name>proposal</name><bndbox><xmin>309</xmin><ymin>250</ymin><xmax>197</xmax><ymax>404</ymax></bndbox></object><object><name>proposal</name><bndbox><xmin>30</xmin><ymin>263</ymin><xmax>376</xmax><ymax>146</ymax></bndbox></object><object><name>proposal</name><bndbox><xmin>431</xmin><ymin>155</ymin><xmax>38</xmax><ymax>60</ymax></bndbox></object><object><name>proposal</name><bndbox><xmin>366</xmin><ymin>275</ymin><xmax>59</xmax><ymax>27</ymax></bndbox></object><object><name>proposal</name><bndbox><xmin>129</xmin><ymin>9</ymin><xmax>335</xmax><ymax>347</ymax></bndbox></object><object><name>proposal</name><bndbox><xmin>305</xmin><ymin>326</ymin><xmax>111</xmax><ymax>104</ymax></bndbox></object><object><name>proposal</name><bndbox><xmin>402</xmin><ymin>200</ymin><xmax>60</xmax><ymax>38</ymax></bndbox></object><object><name>proposal</name><bndbox><xmin>475</xmin><ymin>226</ymin><xmax>22</xmax><ymax>41</ymax></bndbox></object><object><name>proposal</name><bndbox><xmin>428</xmin><ymin>211</ymin><xmax>42</xmax><ymax>42</ymax></bndbox></object><object><name>proposal</name><bndbox><xmin>518</xmin><ymin>81</ymin><xmax>51</xmax><ymax>25</ymax></bndbox></object><object><name>proposal</name><bndbox><xmin>392</xmin><ymin>275</ymin><xmax>47</xmax><ymax>27</ymax></bndbox></object><object><name>proposal</name><bndbox><xmin>541</xmin><ymin>23</ymin><xmax>33</xmax><ymax>70</ymax></bndbox></object><object><name>proposal</name><bndbox><xmin>140</xmin><ymin>392</ymin><xmax>61</xmax><ymax>36</ymax></bndbox></object><object><name>proposal</name><bndbox><xmin>429</xmin><ymin>201</ymin><xmax>40</xmax><ymax>75</ymax></bndbox></object><object><name>proposal</name><bndbox><xmin>428</xmin><ymin>242</ymin><xmax>42</xmax><ymax>39</ymax></bndbox></object><object><name>proposal</name><bndbox><xmin>139</xmin><ymin>335</ymin><xmax>33</xmax><ymax>67</ymax></bndbox></object><object><name>proposal</name><bndbox><xmin>348</xmin><ymin>287</ymin><xmax>47</xmax><ymax>65</ymax></bndbox></object><object><name>proposal</name><bndbox><xmin>455</xmin><ymin>253</ymin><xmax>51</xmax><ymax>25</ymax></bndbox></object><object><name>proposal</name><bndbox><xmin>540</xmin><ymin>81</ymin><xmax>60</xmax><ymax>41</ymax></bndbox></object><object><name>proposal</name><bndbox><xmin>141</xmin><ymin>285</ymin><xmax>262</xmax><ymax>315</ymax></bndbox></object><object><name>proposal</name><bndbox><xmin>306</xmin><ymin>29</ymin><xmax>285</xmax><ymax>327</ymax></bndbox></object><object><name>proposal</name><bndbox><xmin>394</xmin><ymin>293</ymin><xmax>32</xmax><ymax>28</ymax></bndbox></object><object><name>proposal</name><bndbox><xmin>347</xmin><ymin>235</ymin><xmax>107</xmax><ymax>72</ymax></bndbox></object><object><name>proposal</name><bndbox><xmin>392</xmin><ymin>184</ymin><xmax>71</xmax><ymax>30</ymax></bndbox></object><object><name>proposal</name><bndbox><xmin>185</xmin><ymin>10</ymin><xmax>91</xmax><ymax>56</ymax></bndbox></object><object><name>proposal</name><bndbox><xmin>475</xmin><ymin>202</ymin><xmax>33</xmax><ymax>70</ymax></bndbox></object><object><name>proposal</name><bndbox><xmin>341</xmin><ymin>201</ymin><xmax>120</xmax><ymax>110</ymax></bndbox></object><object><name>proposal</name><bndbox><xmin>36</xmin><ymin>149</ymin><xmax>392</xmax><ymax>206</ymax></bndbox></object><object><name>proposal</name><bndbox><xmin>344</xmin><ymin>468</ymin><xmax>42</xmax><ymax>29</ymax></bndbox></object><object><name>proposal</name><bndbox><xmin>525</xmin><ymin>80</ymin><xmax>42</xmax><ymax>20</ymax></bndbox></object><object><name>proposal</name><bndbox><xmin>466</xmin><ymin>253</ymin><xmax>31</xmax><ymax>37</ymax></bndbox></object><object><name>proposal</name><bndbox><xmin>477</xmin><ymin>225</ymin><xmax>45</xmax><ymax>48</ymax></bndbox></object><object><name>proposal</name><bndbox><xmin>475</xmin><ymin>253</ymin><xmax>25</xmax><ymax>51</ymax></bndbox></object><object><name>proposal</name><bndbox><xmin>139</xmin><ymin>391</ymin><xmax>33</xmax><ymax>70</ymax></bndbox></object><object><name>proposal</name><bndbox><xmin>101</xmin><ymin>370</ymin><xmax>70</xmax><ymax>33</ymax></bndbox></object><object><name>proposal</name><bndbox><xmin>37</xmin><ymin>10</ymin><xmax>49</xmax><ymax>57</ymax></bndbox></object><object><name>proposal</name><bndbox><xmin>319</xmin><ymin>192</ymin><xmax>187</xmax><ymax>131</ymax></bndbox></object><object><name>proposal</name><bndbox><xmin>408</xmin><ymin>160</ymin><xmax>59</xmax><ymax>54</ymax></bndbox></object><object><name>proposal</name><bndbox><xmin>533</xmin><ymin>73</ymin><xmax>38</xmax><ymax>21</ymax></bndbox></object><object><name>proposal</name><bndbox><xmin>239</xmin><ymin>8</ymin><xmax>42</xmax><ymax>45</ymax></bndbox></object><object><name>proposal</name><bndbox><xmin>529</xmin><ymin>79</ymin><xmax>41</xmax><ymax>69</ymax></bndbox></object><object><name>proposal</name><bndbox><xmin>426</xmin><ymin>226</ymin><xmax>31</xmax><ymax>31</ymax></bndbox></object><object><name>proposal</name><bndbox><xmin>403</xmin><ymin>307</ymin><xmax>40</xmax><ymax>40</ymax></bndbox></object><object><name>proposal</name><bndbox><xmin>439</xmin><ymin>254</ymin><xmax>67</xmax><ymax>36</ymax></bndbox></object><object><name>proposal</name><bndbox><xmin>361</xmin><ymin>307</ymin><xmax>79</xmax><ymax>165</ymax></bndbox></object><object><name>proposal</name><bndbox><xmin>373</xmin><ymin>283</ymin><xmax>50</xmax><ymax>21</ymax></bndbox></object><object><name>proposal</name><bndbox><xmin>477</xmin><ymin>213</ymin><xmax>23</xmax><ymax>55</ymax></bndbox></object><object><name>proposal</name><bndbox><xmin>381</xmin><ymin>185</ymin><xmax>80</xmax><ymax>84</ymax></bndbox></object><object><name>proposal</name><bndbox><xmin>460</xmin><ymin>254</ymin><xmax>47</xmax><ymax>60</ymax></bndbox></object><object><name>proposal</name><bndbox><xmin>397</xmin><ymin>200</ymin><xmax>66</xmax><ymax>102</ymax></bndbox></object><object><name>proposal</name><bndbox><xmin>345</xmin><ymin>446</ymin><xmax>23</xmax><ymax>51</ymax></bndbox></object><object><name>proposal</name><bndbox><xmin>361</xmin><ymin>253</ymin><xmax>232</xmax><ymax>100</ymax></bndbox></object><object><name>proposal</name><bndbox><xmin>474</xmin><ymin>246</ymin><xmax>61</xmax><ymax>28</ymax></bndbox></object><object><name>proposal</name><bndbox><xmin>4</xmin><ymin>9</ymin><xmax>274</xmax><ymax>101</ymax></bndbox></object><object><name>proposal</name><bndbox><xmin>401</xmin><ymin>293</ymin><xmax>42</xmax><ymax>21</ymax></bndbox></object><object><name>proposal</name><bndbox><xmin>517</xmin><ymin>76</ymin><xmax>50</xmax><ymax>21</ymax></bndbox></object><object><name>proposal</name><bndbox><xmin>512</xmin><ymin>78</ymin><xmax>54</xmax><ymax>59</ymax></bndbox></object><object><name>proposal</name><bndbox><xmin>392</xmin><ymin>198</ymin><xmax>71</xmax><ymax>28</ymax></bndbox></object><object><name>proposal</name><bndbox><xmin>392</xmin><ymin>193</ymin><xmax>71</xmax><ymax>26</ymax></bndbox></object><object><name>proposal</name><bndbox><xmin>370</xmin><ymin>263</ymin><xmax>65</xmax><ymax>41</ymax></bndbox></object><object><name>proposal</name><bndbox><xmin>477</xmin><ymin>254</ymin><xmax>41</xmax><ymax>65</ymax></bndbox></object><object><name>proposal</name><bndbox><xmin>429</xmin><ymin>241</ymin><xmax>76</xmax><ymax>80</ymax></bndbox></object><object><name>proposal</name><bndbox><xmin>101</xmin><ymin>392</ymin><xmax>70</xmax><ymax>32</ymax></bndbox></object><object><name>proposal</name><bndbox><xmin>405</xmin><ymin>235</ymin><xmax>50</xmax><ymax>21</ymax></bndbox></object><object><name>proposal</name><bndbox><xmin>333</xmin><ymin>468</ymin><xmax>39</xmax><ymax>29</ymax></bndbox></object><object><name>proposal</name><bndbox><xmin>345</xmin><ymin>478</ymin><xmax>42</xmax><ymax>21</ymax></bndbox></object><object><name>proposal</name><bndbox><xmin>466</xmin><ymin>236</ymin><xmax>31</xmax><ymax>31</ymax></bndbox></object><object><name>proposal</name><bndbox><xmin>426</xmin><ymin>241</ymin><xmax>31</xmax><ymax>31</ymax></bndbox></object><object><name>proposal</name><bndbox><xmin>1</xmin><ymin>6</ymin><xmax>66</xmax><ymax>30</ymax></bndbox></object><object><name>proposal</name><bndbox><xmin>401</xmin><ymin>291</ymin><xmax>31</xmax><ymax>31</ymax></bndbox></object></annotation>