<annotation><folder>Proposals</folder><filename>img-203.jpg</filename><size><width>720</width><height>720</height><depth>3</depth></size><object><name>proposal</name><bndbox><xmin>417</xmin><ymin>63</ymin><xmax>87</xmax><ymax>41</ymax></bndbox></object><object><name>proposal</name><bndbox><xmin>567</xmin><ymin>43</ymin><xmax>55</xmax><ymax>41</ymax></bndbox></object><object><name>proposal</name><bndbox><xmin>501</xmin><ymin>31</ymin><xmax>135</xmax><ymax>100</ymax></bndbox></object><object><name>proposal</name><bndbox><xmin>569</xmin><ymin>10</ymin><xmax>59</xmax><ymax>74</ymax></bndbox></object><object><name>proposal</name><bndbox><xmin>413</xmin><ymin>88</ymin><xmax>89</xmax><ymax>63</ymax></bndbox></object><object><name>proposal</name><bndbox><xmin>418</xmin><ymin>31</ymin><xmax>217</xmax><ymax>101</ymax></bndbox></object><object><name>proposal</name><bndbox><xmin>413</xmin><ymin>34</ymin><xmax>89</xmax><ymax>72</ymax></bndbox></object><object><name>proposal</name><bndbox><xmin>419</xmin><ymin>49</ymin><xmax>100</xmax><ymax>56</ymax></bndbox></object><object><name>proposal</name><bndbox><xmin>501</xmin><ymin>62</ymin><xmax>152</xmax><ymax>69</ymax></bndbox></object><object><name>proposal</name><bndbox><xmin>417</xmin><ymin>88</ymin><xmax>87</xmax><ymax>40</ymax></bndbox></object><object><name>proposal</name><bndbox><xmin>569</xmin><ymin>25</ymin><xmax>85</xmax><ymax>61</ymax></bndbox></object><object><name>proposal</name><bndbox><xmin>500</xmin><ymin>111</ymin><xmax>135</xmax><ymax>69</ymax></bndbox></object><object><name>proposal</name><bndbox><xmin>570</xmin><ymin>45</ymin><xmax>66</xmax><ymax>89</ymax></bndbox></object><object><name>proposal</name><bndbox><xmin>570</xmin><ymin>30</ymin><xmax>84</xmax><ymax>116</ymax></bndbox></object><object><name>proposal</name><bndbox><xmin>571</xmin><ymin>9</ymin><xmax>139</xmax><ymax>76</ymax></bndbox></object><object><name>proposal</name><bndbox><xmin>565</xmin><ymin>4</ymin><xmax>98</xmax><ymax>81</ymax></bndbox></object><object><name>proposal</name><bndbox><xmin>459</xmin><ymin>8</ymin><xmax>179</xmax><ymax>130</ymax></bndbox></object><object><name>proposal</name><bndbox><xmin>541</xmin><ymin>44</ymin><xmax>83</xmax><ymax>41</ymax></bndbox></object><object><name>proposal</name><bndbox><xmin>375</xmin><ymin>46</ymin><xmax>129</xmax><ymax>60</ymax></bndbox></object><object><name>proposal</name><bndbox><xmin>132</xmin><ymin>9</ymin><xmax>112</xmax><ymax>97</ymax></bndbox></object><object><name>proposal</name><bndbox><xmin>419</xmin><ymin>86</ymin><xmax>97</xmax><ymax>88</ymax></bndbox></object><object><name>proposal</name><bndbox><xmin>225</xmin><ymin>4</ymin><xmax>186</xmax><ymax>77</ymax></bndbox></object><object><name>proposal</name><bndbox><xmin>418</xmin><ymin>10</ymin><xmax>211</xmax><ymax>95</ymax></bndbox></object><object><name>proposal</name><bndbox><xmin>223</xmin><ymin>34</ymin><xmax>187</xmax><ymax>140</ymax></bndbox></object><object><name>proposal</name><bndbox><xmin>419</xmin><ymin>14</ymin><xmax>97</xmax><ymax>93</ymax></bndbox></object><object><name>proposal</name><bndbox><xmin>504</xmin><ymin>30</ymin><xmax>187</xmax><ymax>109</ymax></bndbox></object><object><name>proposal</name><bndbox><xmin>572</xmin><ymin>42</ymin><xmax>53</xmax><ymax>61</ymax></bndbox></object><object><name>proposal</name><bndbox><xmin>132</xmin><ymin>8</ymin><xmax>108</xmax><ymax>57</ymax></bndbox></object><object><name>proposal</name><bndbox><xmin>472</xmin><ymin>51</ymin><xmax>165</xmax><ymax>89</ymax></bndbox></object><object><name>proposal</name><bndbox><xmin>389</xmin><ymin>16</ymin><xmax>114</xmax><ymax>89</ymax></bndbox></object><object><name>proposal</name><bndbox><xmin>136</xmin><ymin>8</ymin><xmax>106</xmax><ymax>149</ymax></bndbox></object><object><name>proposal</name><bndbox><xmin>541</xmin><ymin>23</ymin><xmax>89</xmax><ymax>61</ymax></bndbox></object><object><name>proposal</name><bndbox><xmin>570</xmin><ymin>8</ymin><xmax>72</xmax><ymax>55</ymax></bndbox></object><object><name>proposal</name><bndbox><xmin>389</xmin><ymin>88</ymin><xmax>114</xmax><ymax>82</ymax></bndbox></object><object><name>proposal</name><bndbox><xmin>518</xmin><ymin>8</ymin><xmax>111</xmax><ymax>76</ymax></bndbox></object><object><name>proposal</name><bndbox><xmin>565</xmin><ymin>63</ymin><xmax>89</xmax><ymax>69</ymax></bndbox></object><object><name>proposal</name><bndbox><xmin>223</xmin><ymin>35</ymin><xmax>279</xmax><ymax>169</ymax></bndbox></object><object><name>proposal</name><bndbox><xmin>343</xmin><ymin>7</ymin><xmax>301</xmax><ymax>125</ymax></bndbox></object><object><name>proposal</name><bndbox><xmin>551</xmin><ymin>29</ymin><xmax>84</xmax><ymax>112</ymax></bndbox></object><object><name>proposal</name><bndbox><xmin>571</xmin><ymin>30</ymin><xmax>125</xmax><ymax>104</ymax></bndbox></object><object><name>proposal</name><bndbox><xmin>502</xmin><ymin>110</ymin><xmax>174</xmax><ymax>81</ymax></bndbox></object><object><name>proposal</name><bndbox><xmin>133</xmin><ymin>9</ymin><xmax>171</xmax><ymax>161</ymax></bndbox></object><object><name>proposal</name><bndbox><xmin>295</xmin><ymin>291</ymin><xmax>42</xmax><ymax>31</ymax></bndbox></object><object><name>proposal</name><bndbox><xmin>491</xmin><ymin>105</ymin><xmax>147</xmax><ymax>106</ymax></bndbox></object><object><name>proposal</name><bndbox><xmin>418</xmin><ymin>87</ymin><xmax>219</xmax><ymax>68</ymax></bndbox></object><object><name>proposal</name><bndbox><xmin>569</xmin><ymin>45</ymin><xmax>85</xmax><ymax>65</ymax></bndbox></object><object><name>proposal</name><bndbox><xmin>136</xmin><ymin>8</ymin><xmax>274</xmax><ymax>229</ymax></bndbox></object><object><name>proposal</name><bndbox><xmin>418</xmin><ymin>88</ymin><xmax>217</xmax><ymax>144</ymax></bndbox></object><object><name>proposal</name><bndbox><xmin>571</xmin><ymin>7</ymin><xmax>149</xmax><ymax>148</ymax></bndbox></object><object><name>proposal</name><bndbox><xmin>221</xmin><ymin>31</ymin><xmax>416</xmax><ymax>291</ymax></bndbox></object><object><name>proposal</name><bndbox><xmin>222</xmin><ymin>31</ymin><xmax>413</xmax><ymax>180</ymax></bndbox></object><object><name>proposal</name><bndbox><xmin>89</xmin><ymin>8</ymin><xmax>151</xmax><ymax>64</ymax></bndbox></object><object><name>proposal</name><bndbox><xmin>280</xmin><ymin>295</ymin><xmax>55</xmax><ymax>27</ymax></bndbox></object><object><name>proposal</name><bndbox><xmin>400</xmin><ymin>26</ymin><xmax>140</xmax><ymax>79</ymax></bndbox></object><object><name>proposal</name><bndbox><xmin>98</xmin><ymin>9</ymin><xmax>174</xmax><ymax>96</ymax></bndbox></object><object><name>proposal</name><bndbox><xmin>293</xmin><ymin>310</ymin><xmax>46</xmax><ymax>37</ymax></bndbox></object><object><name>proposal</name><bndbox><xmin>139</xmin><ymin>139</ymin><xmax>37</xmax><ymax>40</ymax></bndbox></object><object><name>proposal</name><bndbox><xmin>138</xmin><ymin>34</ymin><xmax>274</xmax><ymax>149</ymax></bndbox></object><object><name>proposal</name><bndbox><xmin>572</xmin><ymin>10</ymin><xmax>49</xmax><ymax>49</ymax></bndbox></object><object><name>proposal</name><bndbox><xmin>122</xmin><ymin>8</ymin><xmax>65</xmax><ymax>44</ymax></bndbox></object><object><name>proposal</name><bndbox><xmin>136</xmin><ymin>7</ymin><xmax>51</xmax><ymax>63</ymax></bndbox></object><object><name>proposal</name><bndbox><xmin>415</xmin><ymin>88</ymin><xmax>87</xmax><ymax>132</ymax></bndbox></object><object><name>proposal</name><bndbox><xmin>415</xmin><ymin>29</ymin><xmax>220</xmax><ymax>164</ymax></bndbox></object><object><name>proposal</name><bndbox><xmin>135</xmin><ymin>9</ymin><xmax>500</xmax><ymax>376</ymax></bndbox></object><object><name>proposal</name><bndbox><xmin>546</xmin><ymin>8</ymin><xmax>87</xmax><ymax>54</ymax></bndbox></object><object><name>proposal</name><bndbox><xmin>135</xmin><ymin>9</ymin><xmax>367</xmax><ymax>314</ymax></bndbox></object><object><name>proposal</name><bndbox><xmin>136</xmin><ymin>9</ymin><xmax>51</xmax><ymax>25</ymax></bndbox></object><object><name>proposal</name><bndbox><xmin>628</xmin><ymin>7</ymin><xmax>34</xmax><ymax>34</ymax></bndbox></object><object><name>proposal</name><bndbox><xmin>569</xmin><ymin>78</ymin><xmax>66</xmax><ymax>53</ymax></bndbox></object><object><name>proposal</name><bndbox><xmin>336</xmin><ymin>26</ymin><xmax>165</xmax><ymax>79</ymax></bndbox></object><object><name>proposal</name><bndbox><xmin>628</xmin><ymin>7</ymin><xmax>82</xmax><ymax>33</ymax></bndbox></object><object><name>proposal</name><bndbox><xmin>571</xmin><ymin>45</ymin><xmax>139</xmax><ymax>137</ymax></bndbox></object><object><name>proposal</name><bndbox><xmin>95</xmin><ymin>9</ymin><xmax>176</xmax><ymax>152</ymax></bndbox></object><object><name>proposal</name><bndbox><xmin>503</xmin><ymin>45</ymin><xmax>132</xmax><ymax>145</ymax></bndbox></object><object><name>proposal</name><bndbox><xmin>336</xmin><ymin>87</ymin><xmax>165</xmax><ymax>67</ymax></bndbox></object><object><name>proposal</name><bndbox><xmin>376</xmin><ymin>8</ymin><xmax>151</xmax><ymax>104</ymax></bndbox></object><object><name>proposal</name><bndbox><xmin>225</xmin><ymin>33</ymin><xmax>185</xmax><ymax>289</ymax></bndbox></object><object><name>proposal</name><bndbox><xmin>572</xmin><ymin>25</ymin><xmax>54</xmax><ymax>37</ymax></bndbox></object><object><name>proposal</name><bndbox><xmin>503</xmin><ymin>108</ymin><xmax>133</xmax><ymax>155</ymax></bndbox></object><object><name>proposal</name><bndbox><xmin>228</xmin><ymin>296</ymin><xmax>39</xmax><ymax>33</ymax></bndbox></object><object><name>proposal</name><bndbox><xmin>541</xmin><ymin>43</ymin><xmax>83</xmax><ymax>80</ymax></bndbox></object><object><name>proposal</name><bndbox><xmin>472</xmin><ymin>4</ymin><xmax>157</xmax><ymax>83</ymax></bndbox></object><object><name>proposal</name><bndbox><xmin>293</xmin><ymin>275</ymin><xmax>45</xmax><ymax>49</ymax></bndbox></object><object><name>proposal</name><bndbox><xmin>255</xmin><ymin>9</ymin><xmax>388</xmax><ymax>146</ymax></bndbox></object><object><name>proposal</name><bndbox><xmin>359</xmin><ymin>78</ymin><xmax>143</xmax><ymax>100</ymax></bndbox></object><object><name>proposal</name><bndbox><xmin>281</xmin><ymin>309</ymin><xmax>55</xmax><ymax>44</ymax></bndbox></object><object><name>proposal</name><bndbox><xmin>297</xmin><ymin>310</ymin><xmax>42</xmax><ymax>21</ymax></bndbox></object><object><name>proposal</name><bndbox><xmin>419</xmin><ymin>88</ymin><xmax>122</xmax><ymax>129</ymax></bndbox></object><object><name>proposal</name><bndbox><xmin>392</xmin><ymin>85</ymin><xmax>135</xmax><ymax>115</ymax></bndbox></object><object><name>proposal</name><bndbox><xmin>223</xmin><ymin>7</ymin><xmax>280</xmax><ymax>103</ymax></bndbox></object><object><name>proposal</name><bndbox><xmin>376</xmin><ymin>78</ymin><xmax>259</xmax><ymax>100</ymax></bndbox></object><object><name>proposal</name><bndbox><xmin>518</xmin><ymin>43</ymin><xmax>107</xmax><ymax>63</ymax></bndbox></object><object><name>proposal</name><bndbox><xmin>640</xmin><ymin>141</ymin><xmax>35</xmax><ymax>26</ymax></bndbox></object><object><name>proposal</name><bndbox><xmin>133</xmin><ymin>139</ymin><xmax>42</xmax><ymax>21</ymax></bndbox></object><object><name>proposal</name><bndbox><xmin>5</xmin><ymin>9</ymin><xmax>405</xmax><ymax>164</ymax></bndbox></object><object><name>proposal</name><bndbox><xmin>417</xmin><ymin>88</ymin><xmax>289</xmax><ymax>178</ymax></bndbox></object><object><name>proposal</name><bndbox><xmin>226</xmin><ymin>295</ymin><xmax>35</xmax><ymax>24</ymax></bndbox></object><object><name>proposal</name><bndbox><xmin>417</xmin><ymin>85</ymin><xmax>163</xmax><ymax>93</ymax></bndbox></object><object><name>proposal</name><bndbox><xmin>451</xmin><ymin>45</ymin><xmax>187</xmax><ymax>122</ymax></bndbox></object><object><name>proposal</name><bndbox><xmin>133</xmin><ymin>6</ymin><xmax>278</xmax><ymax>385</ymax></bndbox></object><object><name>proposal</name><bndbox><xmin>270</xmin><ymin>285</ymin><xmax>64</xmax><ymax>37</ymax></bndbox></object><object><name>proposal</name><bndbox><xmin>628</xmin><ymin>8</ymin><xmax>60</xmax><ymax>41</ymax></bndbox></object><object><name>proposal</name><bndbox><xmin>569</xmin><ymin>114</ymin><xmax>66</xmax><ymax>61</ymax></bndbox></object><object><name>proposal</name><bndbox><xmin>593</xmin><ymin>10</ymin><xmax>25</xmax><ymax>51</ymax></bndbox></object><object><name>proposal</name><bndbox><xmin>417</xmin><ymin>43</ymin><xmax>219</xmax><ymax>238</ymax></bndbox></object><object><name>proposal</name><bndbox><xmin>221</xmin><ymin>34</ymin><xmax>135</xmax><ymax>128</ymax></bndbox></object><object><name>proposal</name><bndbox><xmin>502</xmin><ymin>59</ymin><xmax>92</xmax><ymax>71</ymax></bndbox></object><object><name>proposal</name><bndbox><xmin>504</xmin><ymin>111</ymin><xmax>91</xmax><ymax>56</ymax></bndbox></object><object><name>proposal</name><bndbox><xmin>640</xmin><ymin>159</ymin><xmax>35</xmax><ymax>24</ymax></bndbox></object><object><name>proposal</name><bndbox><xmin>221</xmin><ymin>37</ymin><xmax>84</xmax><ymax>84</ymax></bndbox></object><object><name>proposal</name><bndbox><xmin>338</xmin><ymin>63</ymin><xmax>299</xmax><ymax>157</ymax></bndbox></object><object><name>proposal</name><bndbox><xmin>295</xmin><ymin>309</ymin><xmax>41</xmax><ymax>60</ymax></bndbox></object><object><name>proposal</name><bndbox><xmin>163</xmin><ymin>20</ymin><xmax>247</xmax><ymax>124</ymax></bndbox></object><object><name>proposal</name><bndbox><xmin>161</xmin><ymin>22</ymin><xmax>83</xmax><ymax>45</ymax></bndbox></object><object><name>proposal</name><bndbox><xmin>293</xmin><ymin>301</ymin><xmax>42</xmax><ymax>21</ymax></bndbox></object><object><name>proposal</name><bndbox><xmin>224</xmin><ymin>7</ymin><xmax>449</xmax><ymax>469</ymax></bndbox></object><object><name>proposal</name><bndbox><xmin>338</xmin><ymin>23</ymin><xmax>299</xmax><ymax>147</ymax></bndbox></object><object><name>proposal</name><bndbox><xmin>131</xmin><ymin>138</ymin><xmax>44</xmax><ymax>55</ymax></bndbox></object><object><name>proposal</name><bndbox><xmin>417</xmin><ymin>74</ymin><xmax>85</xmax><ymax>49</ymax></bndbox></object><object><name>proposal</name><bndbox><xmin>224</xmin><ymin>31</ymin><xmax>277</xmax><ymax>360</ymax></bndbox></object><object><name>proposal</name><bndbox><xmin>501</xmin><ymin>45</ymin><xmax>208</xmax><ymax>142</ymax></bndbox></object><object><name>proposal</name><bndbox><xmin>571</xmin><ymin>44</ymin><xmax>122</xmax><ymax>60</ymax></bndbox></object><object><name>proposal</name><bndbox><xmin>77</xmin><ymin>22</ymin><xmax>428</xmax><ymax>222</ymax></bndbox></object><object><name>proposal</name><bndbox><xmin>501</xmin><ymin>85</ymin><xmax>87</xmax><ymax>43</ymax></bndbox></object><object><name>proposal</name><bndbox><xmin>136</xmin><ymin>7</ymin><xmax>141</xmax><ymax>226</ymax></bndbox></object><object><name>proposal</name><bndbox><xmin>597</xmin><ymin>25</ymin><xmax>97</xmax><ymax>61</ymax></bndbox></object><object><name>proposal</name><bndbox><xmin>592</xmin><ymin>8</ymin><xmax>70</xmax><ymax>32</ymax></bndbox></object><object><name>proposal</name><bndbox><xmin>157</xmin><ymin>14</ymin><xmax>94</xmax><ymax>81</ymax></bndbox></object><object><name>proposal</name><bndbox><xmin>265</xmin><ymin>46</ymin><xmax>138</xmax><ymax>97</ymax></bndbox></object><object><name>proposal</name><bndbox><xmin>570</xmin><ymin>31</ymin><xmax>104</xmax><ymax>212</ymax></bndbox></object><object><name>proposal</name><bndbox><xmin>345</xmin><ymin>40</ymin><xmax>67</xmax><ymax>39</ymax></bndbox></object><object><name>proposal</name><bndbox><xmin>108</xmin><ymin>139</ymin><xmax>67</xmax><ymax>36</ymax></bndbox></object><object><name>proposal</name><bndbox><xmin>628</xmin><ymin>9</ymin><xmax>58</xmax><ymax>77</ymax></bndbox></object><object><name>proposal</name><bndbox><xmin>417</xmin><ymin>43</ymin><xmax>237</xmax><ymax>353</ymax></bndbox></object><object><name>proposal</name><bndbox><xmin>467</xmin><ymin>29</ymin><xmax>162</xmax><ymax>63</ymax></bndbox></object><object><name>proposal</name><bndbox><xmin>296</xmin><ymin>309</ymin><xmax>60</xmax><ymax>45</ymax></bndbox></object><object><name>proposal</name><bndbox><xmin>628</xmin><ymin>9</ymin><xmax>35</xmax><ymax>79</ymax></bndbox></object><object><name>proposal</name><bndbox><xmin>136</xmin><ymin>5</ymin><xmax>50</xmax><ymax>96</ymax></bndbox></object><object><name>proposal</name><bndbox><xmin>46</xmin><ymin>9</ymin><xmax>238</xmax><ymax>123</ymax></bndbox></object><object><name>proposal</name><bndbox><xmin>356</xmin><ymin>63</ymin><xmax>147</xmax><ymax>157</ymax></bndbox></object><object><name>proposal</name><bndbox><xmin>343</xmin><ymin>62</ymin><xmax>309</xmax><ymax>260</ymax></bndbox></object><object><name>proposal</name><bndbox><xmin>200</xmin><ymin>38</ymin><xmax>194</xmax><ymax>92</ymax></bndbox></object><object><name>proposal</name><bndbox><xmin>645</xmin><ymin>138</ymin><xmax>45</xmax><ymax>29</ymax></bndbox></object><object><name>proposal</name><bndbox><xmin>127</xmin><ymin>8</ymin><xmax>59</xmax><ymax>148</ymax></bndbox></object><object><name>proposal</name><bndbox><xmin>229</xmin><ymin>271</ymin><xmax>34</xmax><ymax>37</ymax></bndbox></object><object><name>proposal</name><bndbox><xmin>567</xmin><ymin>114</ymin><xmax>108</xmax><ymax>56</ymax></bndbox></object><object><name>proposal</name><bndbox><xmin>502</xmin><ymin>29</ymin><xmax>192</xmax><ymax>209</ymax></bndbox></object><object><name>proposal</name><bndbox><xmin>590</xmin><ymin>8</ymin><xmax>118</xmax><ymax>54</ymax></bndbox></object><object><name>proposal</name><bndbox><xmin>662</xmin><ymin>11</ymin><xmax>47</xmax><ymax>27</ymax></bndbox></object><object><name>proposal</name><bndbox><xmin>592</xmin><ymin>8</ymin><xmax>72</xmax><ymax>53</ymax></bndbox></object><object><name>proposal</name><bndbox><xmin>419</xmin><ymin>88</ymin><xmax>177</xmax><ymax>189</ymax></bndbox></object><object><name>proposal</name><bndbox><xmin>139</xmin><ymin>88</ymin><xmax>36</xmax><ymax>70</ymax></bndbox></object><object><name>proposal</name><bndbox><xmin>298</xmin><ymin>59</ymin><xmax>203</xmax><ymax>81</ymax></bndbox></object><object><name>proposal</name><bndbox><xmin>296</xmin><ymin>273</ymin><xmax>60</xmax><ymax>49</ymax></bndbox></object><object><name>proposal</name><bndbox><xmin>110</xmin><ymin>8</ymin><xmax>600</xmax><ymax>539</ymax></bndbox></object><object><name>proposal</name><bndbox><xmin>456</xmin><ymin>111</ymin><xmax>250</xmax><ymax>123</ymax></bndbox></object><object><name>proposal</name><bndbox><xmin>229</xmin><ymin>293</ymin><xmax>34</xmax><ymax>46</ymax></bndbox></object><object><name>proposal</name><bndbox><xmin>567</xmin><ymin>43</ymin><xmax>89</xmax><ymax>145</ymax></bndbox></object><object><name>proposal</name><bndbox><xmin>204</xmin><ymin>37</ymin><xmax>100</xmax><ymax>56</ymax></bndbox></object><object><name>proposal</name><bndbox><xmin>265</xmin><ymin>45</ymin><xmax>237</xmax><ymax>213</ymax></bndbox></object><object><name>proposal</name><bndbox><xmin>335</xmin><ymin>22</ymin><xmax>75</xmax><ymax>57</ymax></bndbox></object><object><name>proposal</name><bndbox><xmin>419</xmin><ymin>86</ymin><xmax>93</xmax><ymax>192</ymax></bndbox></object><object><name>proposal</name><bndbox><xmin>687</xmin><ymin>19</ymin><xmax>22</xmax><ymax>41</ymax></bndbox></object><object><name>proposal</name><bndbox><xmin>489</xmin><ymin>33</ymin><xmax>110</xmax><ymax>97</ymax></bndbox></object><object><name>proposal</name><bndbox><xmin>229</xmin><ymin>277</ymin><xmax>109</xmax><ymax>44</ymax></bndbox></object><object><name>proposal</name><bndbox><xmin>530</xmin><ymin>6</ymin><xmax>137</xmax><ymax>126</ymax></bndbox></object><object><name>proposal</name><bndbox><xmin>345</xmin><ymin>62</ymin><xmax>66</xmax><ymax>61</ymax></bndbox></object><object><name>proposal</name><bndbox><xmin>570</xmin><ymin>8</ymin><xmax>139</xmax><ymax>300</ymax></bndbox></object><object><name>proposal</name><bndbox><xmin>109</xmin><ymin>9</ymin><xmax>80</xmax><ymax>72</ymax></bndbox></object><object><name>proposal</name><bndbox><xmin>138</xmin><ymin>110</ymin><xmax>55</xmax><ymax>47</ymax></bndbox></object><object><name>proposal</name><bndbox><xmin>631</xmin><ymin>73</ymin><xmax>21</xmax><ymax>42</ymax></bndbox></object><object><name>proposal</name><bndbox><xmin>158</xmin><ymin>22</ymin><xmax>146</xmax><ymax>121</ymax></bndbox></object><object><name>proposal</name><bndbox><xmin>572</xmin><ymin>62</ymin><xmax>47</xmax><ymax>75</ymax></bndbox></object><object><name>proposal</name><bndbox><xmin>572</xmin><ymin>45</ymin><xmax>51</xmax><ymax>25</ymax></bndbox></object><object><name>proposal</name><bndbox><xmin>501</xmin><ymin>45</ymin><xmax>153</xmax><ymax>337</ymax></bndbox></object><object><name>proposal</name><bndbox><xmin>632</xmin><ymin>45</ymin><xmax>20</xmax><ymax>42</ymax></bndbox></object><object><name>proposal</name><bndbox><xmin>90</xmin><ymin>7</ymin><xmax>98</xmax><ymax>60</ymax></bndbox></object><object><name>proposal</name><bndbox><xmin>644</xmin><ymin>155</ymin><xmax>65</xmax><ymax>44</ymax></bndbox></object><object><name>proposal</name><bndbox><xmin>610</xmin><ymin>23</ymin><xmax>49</xmax><ymax>63</ymax></bndbox></object><object><name>proposal</name><bndbox><xmin>628</xmin><ymin>23</ymin><xmax>26</xmax><ymax>66</ymax></bndbox></object><object><name>proposal</name><bndbox><xmin>589</xmin><ymin>8</ymin><xmax>55</xmax><ymax>41</ymax></bndbox></object><object><name>proposal</name><bndbox><xmin>281</xmin><ymin>260</ymin><xmax>54</xmax><ymax>64</ymax></bndbox></object><object><name>proposal</name><bndbox><xmin>643</xmin><ymin>157</ymin><xmax>34</xmax><ymax>37</ymax></bndbox></object><object><name>proposal</name><bndbox><xmin>137</xmin><ymin>126</ymin><xmax>39</xmax><ymax>31</ymax></bndbox></object><object><name>proposal</name><bndbox><xmin>501</xmin><ymin>8</ymin><xmax>208</xmax><ymax>309</ymax></bndbox></object><object><name>proposal</name><bndbox><xmin>369</xmin><ymin>66</ymin><xmax>135</xmax><ymax>50</ymax></bndbox></object><object><name>proposal</name><bndbox><xmin>477</xmin><ymin>66</ymin><xmax>135</xmax><ymax>65</ymax></bndbox></object><object><name>proposal</name><bndbox><xmin>587</xmin><ymin>10</ymin><xmax>23</xmax><ymax>51</ymax></bndbox></object><object><name>proposal</name><bndbox><xmin>138</xmin><ymin>137</ymin><xmax>39</xmax><ymax>75</ymax></bndbox></object><object><name>proposal</name><bndbox><xmin>254</xmin><ymin>36</ymin><xmax>173</xmax><ymax>196</ymax></bndbox></object><object><name>proposal</name><bndbox><xmin>135</xmin><ymin>9</ymin><xmax>170</xmax><ymax>325</ymax></bndbox></object><object><name>proposal</name><bndbox><xmin>553</xmin><ymin>109</ymin><xmax>84</xmax><ymax>84</ymax></bndbox></object><object><name>proposal</name><bndbox><xmin>601</xmin><ymin>9</ymin><xmax>73</xmax><ymax>77</ymax></bndbox></object><object><name>proposal</name><bndbox><xmin>500</xmin><ymin>106</ymin><xmax>101</xmax><ymax>87</ymax></bndbox></object><object><name>proposal</name><bndbox><xmin>221</xmin><ymin>37</ymin><xmax>53</xmax><ymax>49</ymax></bndbox></object><object><name>proposal</name><bndbox><xmin>225</xmin><ymin>1</ymin><xmax>97</xmax><ymax>56</ymax></bndbox></object><object><name>proposal</name><bndbox><xmin>644</xmin><ymin>122</ymin><xmax>53</xmax><ymax>49</ymax></bndbox></object><object><name>proposal</name><bndbox><xmin>634</xmin><ymin>136</ymin><xmax>64</xmax><ymax>33</ymax></bndbox></object><object><name>proposal</name><bndbox><xmin>132</xmin><ymin>16</ymin><xmax>135</xmax><ymax>72</ymax></bndbox></object><object><name>proposal</name><bndbox><xmin>353</xmin><ymin>56</ymin><xmax>149</xmax><ymax>73</ymax></bndbox></object><object><name>proposal</name><bndbox><xmin>296</xmin><ymin>245</ymin><xmax>39</xmax><ymax>79</ymax></bndbox></object><object><name>proposal</name><bndbox><xmin>596</xmin><ymin>46</ymin><xmax>85</xmax><ymax>39</ymax></bndbox></object><object><name>proposal</name><bndbox><xmin>212</xmin><ymin>295</ymin><xmax>50</xmax><ymax>37</ymax></bndbox></object><object><name>proposal</name><bndbox><xmin>592</xmin><ymin>1</ymin><xmax>38</xmax><ymax>60</ymax></bndbox></object><object><name>proposal</name><bndbox><xmin>670</xmin><ymin>155</ymin><xmax>35</xmax><ymax>24</ymax></bndbox></object><object><name>proposal</name><bndbox><xmin>254</xmin><ymin>6</ymin><xmax>119</xmax><ymax>67</ymax></bndbox></object><object><name>proposal</name><bndbox><xmin>419</xmin><ymin>7</ymin><xmax>291</xmax><ymax>493</ymax></bndbox></object><object><name>proposal</name><bndbox><xmin>502</xmin><ymin>106</ymin><xmax>182</xmax><ymax>218</ymax></bndbox></object><object><name>proposal</name><bndbox><xmin>345</xmin><ymin>4</ymin><xmax>57</xmax><ymax>81</ymax></bndbox></object><object><name>proposal</name><bndbox><xmin>270</xmin><ymin>309</ymin><xmax>65</xmax><ymax>59</ymax></bndbox></object><object><name>proposal</name><bndbox><xmin>269</xmin><ymin>49</ymin><xmax>88</xmax><ymax>80</ymax></bndbox></object><object><name>proposal</name><bndbox><xmin>644</xmin><ymin>157</ymin><xmax>50</xmax><ymax>37</ymax></bndbox></object><object><name>proposal</name><bndbox><xmin>87</xmin><ymin>6</ymin><xmax>235</xmax><ymax>224</ymax></bndbox></object><object><name>proposal</name><bndbox><xmin>201</xmin><ymin>35</ymin><xmax>121</xmax><ymax>104</ymax></bndbox></object><object><name>proposal</name><bndbox><xmin>628</xmin><ymin>8</ymin><xmax>80</xmax><ymax>170</ymax></bndbox></object><object><name>proposal</name><bndbox><xmin>617</xmin><ymin>9</ymin><xmax>47</xmax><ymax>25</ymax></bndbox></object><object><name>proposal</name><bndbox><xmin>593</xmin><ymin>8</ymin><xmax>95</xmax><ymax>43</ymax></bndbox></object><object><name>proposal</name><bndbox><xmin>593</xmin><ymin>10</ymin><xmax>42</xmax><ymax>21</ymax></bndbox></object><object><name>proposal</name><bndbox><xmin>253</xmin><ymin>310</ymin><xmax>83</xmax><ymax>40</ymax></bndbox></object><object><name>proposal</name><bndbox><xmin>629</xmin><ymin>8</ymin><xmax>81</xmax><ymax>61</ymax></bndbox></object><object><name>proposal</name><bndbox><xmin>568</xmin><ymin>101</ymin><xmax>71</xmax><ymax>30</ymax></bndbox></object><object><name>proposal</name><bndbox><xmin>637</xmin><ymin>155</ymin><xmax>69</xmax><ymax>61</ymax></bndbox></object><object><name>proposal</name><bndbox><xmin>565</xmin><ymin>1</ymin><xmax>50</xmax><ymax>60</ymax></bndbox></object><object><name>proposal</name><bndbox><xmin>629</xmin><ymin>20</ymin><xmax>81</xmax><ymax>66</ymax></bndbox></object><object><name>proposal</name><bndbox><xmin>626</xmin><ymin>159</ymin><xmax>47</xmax><ymax>25</ymax></bndbox></object><object><name>proposal</name><bndbox><xmin>631</xmin><ymin>43</ymin><xmax>29</xmax><ymax>42</ymax></bndbox></object><object><name>proposal</name><bndbox><xmin>623</xmin><ymin>43</ymin><xmax>29</xmax><ymax>42</ymax></bndbox></object><object><name>proposal</name><bndbox><xmin>166</xmin><ymin>38</ymin><xmax>140</xmax><ymax>71</ymax></bndbox></object><object><name>proposal</name><bndbox><xmin>570</xmin><ymin>112</ymin><xmax>135</xmax><ymax>73</ymax></bndbox></object><object><name>proposal</name><bndbox><xmin>345</xmin><ymin>61</ymin><xmax>167</xmax><ymax>216</ymax></bndbox></object><object><name>proposal</name><bndbox><xmin>283</xmin><ymin>309</ymin><xmax>51</xmax><ymax>77</ymax></bndbox></object><object><name>proposal</name><bndbox><xmin>221</xmin><ymin>34</ymin><xmax>64</xmax><ymax>69</ymax></bndbox></object><object><name>proposal</name><bndbox><xmin>685</xmin><ymin>19</ymin><xmax>32</xmax><ymax>37</ymax></bndbox></object><object><name>proposal</name><bndbox><xmin>8</xmin><ymin>81</ymin><xmax>45</xmax><ymax>31</ymax></bndbox></object><object><name>proposal</name><bndbox><xmin>627</xmin><ymin>19</ymin><xmax>59</xmax><ymax>21</ymax></bndbox></object><object><name>proposal</name><bndbox><xmin>627</xmin><ymin>6</ymin><xmax>41</xmax><ymax>55</ymax></bndbox></object><object><name>proposal</name><bndbox><xmin>645</xmin><ymin>160</ymin><xmax>42</xmax><ymax>21</ymax></bndbox></object><object><name>proposal</name><bndbox><xmin>280</xmin><ymin>309</ymin><xmax>55</xmax><ymax>25</ymax></bndbox></object><object><name>proposal</name><bndbox><xmin>229</xmin><ymin>295</ymin><xmax>109</xmax><ymax>40</ymax></bndbox></object><object><name>proposal</name><bndbox><xmin>654</xmin><ymin>1</ymin><xmax>54</xmax><ymax>37</ymax></bndbox></object><object><name>proposal</name><bndbox><xmin>281</xmin><ymin>309</ymin><xmax>73</xmax><ymax>56</ymax></bndbox></object><object><name>proposal</name><bndbox><xmin>17</xmin><ymin>208</ymin><xmax>61</xmax><ymax>28</ymax></bndbox></object><object><name>proposal</name><bndbox><xmin>146</xmin><ymin>35</ymin><xmax>212</xmax><ymax>105</ymax></bndbox></object><object><name>proposal</name><bndbox><xmin>631</xmin><ymin>74</ymin><xmax>29</xmax><ymax>45</ymax></bndbox></object><object><name>proposal</name><bndbox><xmin>8</xmin><ymin>8</ymin><xmax>356</xmax><ymax>314</ymax></bndbox></object><object><name>proposal</name><bndbox><xmin>127</xmin><ymin>88</ymin><xmax>59</xmax><ymax>68</ymax></bndbox></object><object><name>proposal</name><bndbox><xmin>253</xmin><ymin>267</ymin><xmax>81</xmax><ymax>54</ymax></bndbox></object><object><name>proposal</name><bndbox><xmin>634</xmin><ymin>158</ymin><xmax>39</xmax><ymax>39</ymax></bndbox></object><object><name>proposal</name><bndbox><xmin>92</xmin><ymin>8</ymin><xmax>96</xmax><ymax>149</ymax></bndbox></object><object><name>proposal</name><bndbox><xmin>345</xmin><ymin>62</ymin><xmax>66</xmax><ymax>94</ymax></bndbox></object><object><name>proposal</name><bndbox><xmin>134</xmin><ymin>8</ymin><xmax>367</xmax><ymax>548</ymax></bndbox></object><object><name>proposal</name><bndbox><xmin>161</xmin><ymin>13</ymin><xmax>208</xmax><ymax>321</ymax></bndbox></object><object><name>proposal</name><bndbox><xmin>607</xmin><ymin>56</ymin><xmax>45</xmax><ymax>29</ymax></bndbox></object><object><name>proposal</name><bndbox><xmin>254</xmin><ymin>39</ymin><xmax>115</xmax><ymax>139</ymax></bndbox></object><object><name>proposal</name><bndbox><xmin>131</xmin><ymin>6</ymin><xmax>73</xmax><ymax>112</ymax></bndbox></object><object><name>proposal</name><bndbox><xmin>297</xmin><ymin>309</ymin><xmax>73</xmax><ymax>56</ymax></bndbox></object><object><name>proposal</name><bndbox><xmin>202</xmin><ymin>38</ymin><xmax>79</xmax><ymax>36</ymax></bndbox></object><object><name>proposal</name><bndbox><xmin>114</xmin><ymin>137</ymin><xmax>62</xmax><ymax>62</ymax></bndbox></object><object><name>proposal</name><bndbox><xmin>601</xmin><ymin>25</ymin><xmax>87</xmax><ymax>37</ymax></bndbox></object><object><name>proposal</name><bndbox><xmin>631</xmin><ymin>56</ymin><xmax>31</xmax><ymax>31</ymax></bndbox></object><object><name>proposal</name><bndbox><xmin>594</xmin><ymin>20</ymin><xmax>115</xmax><ymax>95</ymax></bndbox></object><object><name>proposal</name><bndbox><xmin>640</xmin><ymin>122</ymin><xmax>34</xmax><ymax>46</ymax></bndbox></object><object><name>proposal</name><bndbox><xmin>671</xmin><ymin>19</ymin><xmax>45</xmax><ymax>57</ymax></bndbox></object><object><name>proposal</name><bndbox><xmin>228</xmin><ymin>296</ymin><xmax>64</xmax><ymax>36</ymax></bndbox></object><object><name>proposal</name><bndbox><xmin>620</xmin><ymin>8</ymin><xmax>42</xmax><ymax>42</ymax></bndbox></object><object><name>proposal</name><bndbox><xmin>225</xmin><ymin>3</ymin><xmax>66</xmax><ymax>49</ymax></bndbox></object><object><name>proposal</name><bndbox><xmin>682</xmin><ymin>19</ymin><xmax>31</xmax><ymax>50</ymax></bndbox></object><object><name>proposal</name><bndbox><xmin>673</xmin><ymin>154</ymin><xmax>34</xmax><ymax>37</ymax></bndbox></object><object><name>proposal</name><bndbox><xmin>229</xmin><ymin>296</ymin><xmax>39</xmax><ymax>61</ymax></bndbox></object><object><name>proposal</name><bndbox><xmin>116</xmin><ymin>6</ymin><xmax>70</xmax><ymax>112</ymax></bndbox></object><object><name>proposal</name><bndbox><xmin>343</xmin><ymin>64</ymin><xmax>49</xmax><ymax>57</ymax></bndbox></object><object><name>proposal</name><bndbox><xmin>299</xmin><ymin>59</ymin><xmax>111</xmax><ymax>78</ymax></bndbox></object><object><name>proposal</name><bndbox><xmin>229</xmin><ymin>255</ymin><xmax>107</xmax><ymax>72</ymax></bndbox></object><object><name>proposal</name><bndbox><xmin>627</xmin><ymin>25</ymin><xmax>59</xmax><ymax>23</ymax></bndbox></object><object><name>proposal</name><bndbox><xmin>344</xmin><ymin>8</ymin><xmax>329</xmax><ymax>557</ymax></bndbox></object><object><name>proposal</name><bndbox><xmin>185</xmin><ymin>37</ymin><xmax>100</xmax><ymax>48</ymax></bndbox></object><object><name>proposal</name><bndbox><xmin>613</xmin><ymin>74</ymin><xmax>39</xmax><ymax>39</ymax></bndbox></object><object><name>proposal</name><bndbox><xmin>212</xmin><ymin>271</ymin><xmax>50</xmax><ymax>37</ymax></bndbox></object><object><name>proposal</name><bndbox><xmin>343</xmin><ymin>26</ymin><xmax>100</xmax><ymax>54</ymax></bndbox></object><object><name>proposal</name><bndbox><xmin>228</xmin><ymin>248</ymin><xmax>41</xmax><ymax>60</ymax></bndbox></object><object><name>proposal</name><bndbox><xmin>610</xmin><ymin>43</ymin><xmax>45</xmax><ymax>42</ymax></bndbox></object><object><name>proposal</name><bndbox><xmin>638</xmin><ymin>127</ymin><xmax>48</xmax><ymax>45</ymax></bndbox></object><object><name>proposal</name><bndbox><xmin>568</xmin><ymin>3</ymin><xmax>41</xmax><ymax>22</ymax></bndbox></object><object><name>proposal</name><bndbox><xmin>566</xmin><ymin>110</ymin><xmax>111</xmax><ymax>102</ymax></bndbox></object><object><name>proposal</name><bndbox><xmin>106</xmin><ymin>131</ymin><xmax>71</xmax><ymax>28</ymax></bndbox></object><object><name>proposal</name><bndbox><xmin>90</xmin><ymin>5</ymin><xmax>97</xmax><ymax>93</ymax></bndbox></object><object><name>proposal</name><bndbox><xmin>108</xmin><ymin>88</ymin><xmax>68</xmax><ymax>68</ymax></bndbox></object><object><name>proposal</name><bndbox><xmin>19</xmin><ymin>211</ymin><xmax>22</xmax><ymax>35</ymax></bndbox></object><object><name>proposal</name><bndbox><xmin>59</xmin><ymin>7</ymin><xmax>185</xmax><ymax>228</ymax></bndbox></object><object><name>proposal</name><bndbox><xmin>669</xmin><ymin>19</ymin><xmax>42</xmax><ymax>21</ymax></bndbox></object><object><name>proposal</name><bndbox><xmin>609</xmin><ymin>129</ymin><xmax>91</xmax><ymax>42</ymax></bndbox></object><object><name>proposal</name><bndbox><xmin>10</xmin><ymin>211</ymin><xmax>67</xmax><ymax>33</ymax></bndbox></object><object><name>proposal</name><bndbox><xmin>208</xmin><ymin>296</ymin><xmax>130</xmax><ymax>50</ymax></bndbox></object><object><name>proposal</name><bndbox><xmin>631</xmin><ymin>61</ymin><xmax>41</xmax><ymax>24</ymax></bndbox></object><object><name>proposal</name><bndbox><xmin>295</xmin><ymin>309</ymin><xmax>40</xmax><ymax>96</ymax></bndbox></object><object><name>proposal</name><bndbox><xmin>631</xmin><ymin>63</ymin><xmax>79</xmax><ymax>117</ymax></bndbox></object><object><name>proposal</name><bndbox><xmin>217</xmin><ymin>34</ymin><xmax>113</xmax><ymax>163</ymax></bndbox></object><object><name>proposal</name><bndbox><xmin>622</xmin><ymin>73</ymin><xmax>31</xmax><ymax>50</ymax></bndbox></object><object><name>proposal</name><bndbox><xmin>626</xmin><ymin>133</ymin><xmax>50</xmax><ymax>34</ymax></bndbox></object><object><name>proposal</name><bndbox><xmin>663</xmin><ymin>155</ymin><xmax>44</xmax><ymax>60</ymax></bndbox></object><object><name>proposal</name><bndbox><xmin>568</xmin><ymin>9</ymin><xmax>41</xmax><ymax>24</ymax></bndbox></object><object><name>proposal</name><bndbox><xmin>223</xmin><ymin>35</ymin><xmax>60</xmax><ymax>108</ymax></bndbox></object><object><name>proposal</name><bndbox><xmin>26</xmin><ymin>81</ymin><xmax>31</xmax><ymax>31</ymax></bndbox></object><object><name>proposal</name><bndbox><xmin>105</xmin><ymin>113</ymin><xmax>75</xmax><ymax>43</ymax></bndbox></object><object><name>proposal</name><bndbox><xmin>59</xmin><ymin>8</ymin><xmax>224</xmax><ymax>302</ymax></bndbox></object><object><name>proposal</name><bndbox><xmin>645</xmin><ymin>148</ymin><xmax>42</xmax><ymax>21</ymax></bndbox></object><object><name>proposal</name><bndbox><xmin>593</xmin><ymin>1</ymin><xmax>46</xmax><ymax>21</ymax></bndbox></object><object><name>proposal</name><bndbox><xmin>419</xmin><ymin>62</ymin><xmax>124</xmax><ymax>60</ymax></bndbox></object><object><name>proposal</name><bndbox><xmin>376</xmin><ymin>67</ymin><xmax>34</xmax><ymax>34</ymax></bndbox></object><object><name>proposal</name><bndbox><xmin>609</xmin><ymin>105</ymin><xmax>98</xmax><ymax>72</ymax></bndbox></object><object><name>proposal</name><bndbox><xmin>573</xmin><ymin>115</ymin><xmax>66</xmax><ymax>98</ymax></bndbox></object><object><name>proposal</name><bndbox><xmin>93</xmin><ymin>123</ymin><xmax>83</xmax><ymax>37</ymax></bndbox></object><object><name>proposal</name><bndbox><xmin>334</xmin><ymin>61</ymin><xmax>113</xmax><ymax>69</ymax></bndbox></object><object><name>proposal</name><bndbox><xmin>11</xmin><ymin>211</ymin><xmax>24</xmax><ymax>35</ymax></bndbox></object><object><name>proposal</name><bndbox><xmin>671</xmin><ymin>4</ymin><xmax>24</xmax><ymax>35</ymax></bndbox></object><object><name>proposal</name><bndbox><xmin>595</xmin><ymin>25</ymin><xmax>50</xmax><ymax>37</ymax></bndbox></object><object><name>proposal</name><bndbox><xmin>576</xmin><ymin>26</ymin><xmax>31</xmax><ymax>31</ymax></bndbox></object><object><name>proposal</name><bndbox><xmin>590</xmin><ymin>74</ymin><xmax>65</xmax><ymax>38</ymax></bndbox></object><object><name>proposal</name><bndbox><xmin>6</xmin><ymin>191</ymin><xmax>31</xmax><ymax>31</ymax></bndbox></object><object><name>proposal</name><bndbox><xmin>615</xmin><ymin>25</ymin><xmax>28</xmax><ymax>41</ymax></bndbox></object><object><name>proposal</name><bndbox><xmin>59</xmin><ymin>185</ymin><xmax>21</xmax><ymax>51</ymax></bndbox></object><object><name>proposal</name><bndbox><xmin>19</xmin><ymin>181</ymin><xmax>21</xmax><ymax>42</ymax></bndbox></object><object><name>proposal</name><bndbox><xmin>13</xmin><ymin>181</ymin><xmax>21</xmax><ymax>42</ymax></bndbox></object><object><name>proposal</name><bndbox><xmin>645</xmin><ymin>155</ymin><xmax>41</xmax><ymax>60</ymax></bndbox></object><object><name>proposal</name><bndbox><xmin>48</xmin><ymin>193</ymin><xmax>29</xmax><ymax>42</ymax></bndbox></object><object><name>proposal</name><bndbox><xmin>17</xmin><ymin>209</ymin><xmax>19</xmax><ymax>42</ymax></bndbox></object><object><name>proposal</name><bndbox><xmin>631</xmin><ymin>52</ymin><xmax>50</xmax><ymax>34</ymax></bndbox></object><object><name>proposal</name><bndbox><xmin>613</xmin><ymin>74</ymin><xmax>42</xmax><ymax>20</ymax></bndbox></object><object><name>proposal</name><bndbox><xmin>668</xmin><ymin>29</ymin><xmax>27</xmax><ymax>42</ymax></bndbox></object><object><name>proposal</name><bndbox><xmin>46</xmin><ymin>206</ymin><xmax>31</xmax><ymax>31</ymax></bndbox></object><object><name>proposal</name><bndbox><xmin>621</xmin><ymin>71</ymin><xmax>31</xmax><ymax>31</ymax></bndbox></object><object><name>proposal</name><bndbox><xmin>16</xmin><ymin>191</ymin><xmax>31</xmax><ymax>31</ymax></bndbox></object><object><name>proposal</name><bndbox><xmin>375</xmin><ymin>67</ymin><xmax>85</xmax><ymax>33</ymax></bndbox></object><object><name>proposal</name><bndbox><xmin>673</xmin><ymin>155</ymin><xmax>45</xmax><ymax>42</ymax></bndbox></object><object><name>proposal</name><bndbox><xmin>611</xmin><ymin>11</ymin><xmax>31</xmax><ymax>31</ymax></bndbox></object><object><name>proposal</name><bndbox><xmin>57</xmin><ymin>221</ymin><xmax>42</xmax><ymax>33</ymax></bndbox></object><object><name>proposal</name><bndbox><xmin>625</xmin><ymin>25</ymin><xmax>21</xmax><ymax>42</ymax></bndbox></object></annotation>