<annotation><folder>Proposals</folder><filename>img-631.jpg</filename><size><width>452</width><height>300</height><depth>3</depth></size><object><name>proposal</name><bndbox><xmin>86</xmin><ymin>79</ymin><xmax>93</xmax><ymax>66</ymax></bndbox></object><object><name>proposal</name><bndbox><xmin>86</xmin><ymin>26</ymin><xmax>366</xmax><ymax>221</ymax></bndbox></object><object><name>proposal</name><bndbox><xmin>105</xmin><ymin>127</ymin><xmax>77</xmax><ymax>77</ymax></bndbox></object><object><name>proposal</name><bndbox><xmin>86</xmin><ymin>78</ymin><xmax>106</xmax><ymax>128</ymax></bndbox></object><object><name>proposal</name><bndbox><xmin>209</xmin><ymin>25</ymin><xmax>243</xmax><ymax>185</ymax></bndbox></object><object><name>proposal</name><bndbox><xmin>41</xmin><ymin>78</ymin><xmax>141</xmax><ymax>68</ymax></bndbox></object><object><name>proposal</name><bndbox><xmin>85</xmin><ymin>76</ymin><xmax>138</xmax><ymax>69</ymax></bndbox></object><object><name>proposal</name><bndbox><xmin>36</xmin><ymin>78</ymin><xmax>162</xmax><ymax>126</ymax></bndbox></object><object><name>proposal</name><bndbox><xmin>77</xmin><ymin>86</ymin><xmax>81</xmax><ymax>59</ymax></bndbox></object><object><name>proposal</name><bndbox><xmin>171</xmin><ymin>140</ymin><xmax>276</xmax><ymax>106</ymax></bndbox></object><object><name>proposal</name><bndbox><xmin>81</xmin><ymin>122</ymin><xmax>114</xmax><ymax>83</ymax></bndbox></object><object><name>proposal</name><bndbox><xmin>85</xmin><ymin>74</ymin><xmax>157</xmax><ymax>151</ymax></bndbox></object><object><name>proposal</name><bndbox><xmin>105</xmin><ymin>127</ymin><xmax>55</xmax><ymax>44</ymax></bndbox></object><object><name>proposal</name><bndbox><xmin>89</xmin><ymin>127</ymin><xmax>69</xmax><ymax>59</ymax></bndbox></object><object><name>proposal</name><bndbox><xmin>101</xmin><ymin>89</ymin><xmax>60</xmax><ymax>55</ymax></bndbox></object><object><name>proposal</name><bndbox><xmin>85</xmin><ymin>75</ymin><xmax>243</xmax><ymax>159</ymax></bndbox></object><object><name>proposal</name><bndbox><xmin>30</xmin><ymin>79</ymin><xmax>148</xmax><ymax>93</ymax></bndbox></object><object><name>proposal</name><bndbox><xmin>86</xmin><ymin>31</ymin><xmax>93</xmax><ymax>81</ymax></bndbox></object><object><name>proposal</name><bndbox><xmin>86</xmin><ymin>58</ymin><xmax>95</xmax><ymax>52</ymax></bndbox></object><object><name>proposal</name><bndbox><xmin>82</xmin><ymin>79</ymin><xmax>155</xmax><ymax>91</ymax></bndbox></object><object><name>proposal</name><bndbox><xmin>30</xmin><ymin>117</ymin><xmax>152</xmax><ymax>87</ymax></bndbox></object><object><name>proposal</name><bndbox><xmin>105</xmin><ymin>158</ymin><xmax>75</xmax><ymax>47</ymax></bndbox></object><object><name>proposal</name><bndbox><xmin>157</xmin><ymin>68</ymin><xmax>292</xmax><ymax>179</ymax></bndbox></object><object><name>proposal</name><bndbox><xmin>86</xmin><ymin>86</ymin><xmax>72</xmax><ymax>97</ymax></bndbox></object><object><name>proposal</name><bndbox><xmin>88</xmin><ymin>127</ymin><xmax>70</xmax><ymax>36</ymax></bndbox></object><object><name>proposal</name><bndbox><xmin>311</xmin><ymin>26</ymin><xmax>138</xmax><ymax>219</ymax></bndbox></object><object><name>proposal</name><bndbox><xmin>106</xmin><ymin>127</ymin><xmax>229</xmax><ymax>107</ymax></bndbox></object><object><name>proposal</name><bndbox><xmin>86</xmin><ymin>73</ymin><xmax>232</xmax><ymax>100</ymax></bndbox></object><object><name>proposal</name><bndbox><xmin>40</xmin><ymin>116</ymin><xmax>119</xmax><ymax>55</ymax></bndbox></object><object><name>proposal</name><bndbox><xmin>106</xmin><ymin>124</ymin><xmax>131</xmax><ymax>81</ymax></bndbox></object><object><name>proposal</name><bndbox><xmin>5</xmin><ymin>52</ymin><xmax>173</xmax><ymax>93</ymax></bndbox></object><object><name>proposal</name><bndbox><xmin>89</xmin><ymin>127</ymin><xmax>103</xmax><ymax>44</ymax></bndbox></object><object><name>proposal</name><bndbox><xmin>8</xmin><ymin>81</ymin><xmax>152</xmax><ymax>63</ymax></bndbox></object><object><name>proposal</name><bndbox><xmin>53</xmin><ymin>23</ymin><xmax>128</xmax><ymax>87</ymax></bndbox></object><object><name>proposal</name><bndbox><xmin>43</xmin><ymin>83</ymin><xmax>115</xmax><ymax>110</ymax></bndbox></object><object><name>proposal</name><bndbox><xmin>209</xmin><ymin>19</ymin><xmax>243</xmax><ymax>125</ymax></bndbox></object><object><name>proposal</name><bndbox><xmin>85</xmin><ymin>32</ymin><xmax>310</xmax><ymax>153</ymax></bndbox></object><object><name>proposal</name><bndbox><xmin>43</xmin><ymin>116</ymin><xmax>69</xmax><ymax>53</ymax></bndbox></object><object><name>proposal</name><bndbox><xmin>158</xmin><ymin>145</ymin><xmax>177</xmax><ymax>89</ymax></bndbox></object><object><name>proposal</name><bndbox><xmin>43</xmin><ymin>94</ymin><xmax>118</xmax><ymax>52</ymax></bndbox></object><object><name>proposal</name><bndbox><xmin>41</xmin><ymin>23</ymin><xmax>138</xmax><ymax>122</ymax></bndbox></object><object><name>proposal</name><bndbox><xmin>251</xmin><ymin>152</ymin><xmax>67</xmax><ymax>32</ymax></bndbox></object><object><name>proposal</name><bndbox><xmin>105</xmin><ymin>145</ymin><xmax>343</xmax><ymax>152</ymax></bndbox></object><object><name>proposal</name><bndbox><xmin>81</xmin><ymin>3</ymin><xmax>111</xmax><ymax>108</ymax></bndbox></object><object><name>proposal</name><bndbox><xmin>85</xmin><ymin>30</ymin><xmax>95</xmax><ymax>174</ymax></bndbox></object><object><name>proposal</name><bndbox><xmin>85</xmin><ymin>29</ymin><xmax>59</xmax><ymax>81</ymax></bndbox></object><object><name>proposal</name><bndbox><xmin>339</xmin><ymin>26</ymin><xmax>113</xmax><ymax>70</ymax></bndbox></object><object><name>proposal</name><bndbox><xmin>106</xmin><ymin>108</ymin><xmax>142</xmax><ymax>115</ymax></bndbox></object><object><name>proposal</name><bndbox><xmin>41</xmin><ymin>75</ymin><xmax>141</xmax><ymax>193</ymax></bndbox></object><object><name>proposal</name><bndbox><xmin>99</xmin><ymin>46</ymin><xmax>177</xmax><ymax>188</ymax></bndbox></object><object><name>proposal</name><bndbox><xmin>393</xmin><ymin>49</ymin><xmax>58</xmax><ymax>37</ymax></bndbox></object><object><name>proposal</name><bndbox><xmin>122</xmin><ymin>78</ymin><xmax>60</xmax><ymax>44</ymax></bndbox></object><object><name>proposal</name><bndbox><xmin>86</xmin><ymin>86</ymin><xmax>45</xmax><ymax>45</ymax></bndbox></object><object><name>proposal</name><bndbox><xmin>309</xmin><ymin>137</ymin><xmax>140</xmax><ymax>108</ymax></bndbox></object><object><name>proposal</name><bndbox><xmin>86</xmin><ymin>19</ymin><xmax>109</xmax><ymax>147</ymax></bndbox></object><object><name>proposal</name><bndbox><xmin>41</xmin><ymin>85</ymin><xmax>104</xmax><ymax>80</ymax></bndbox></object><object><name>proposal</name><bndbox><xmin>103</xmin><ymin>116</ymin><xmax>215</xmax><ymax>89</ymax></bndbox></object><object><name>proposal</name><bndbox><xmin>52</xmin><ymin>127</ymin><xmax>109</xmax><ymax>56</ymax></bndbox></object><object><name>proposal</name><bndbox><xmin>106</xmin><ymin>127</ymin><xmax>87</xmax><ymax>106</ymax></bndbox></object><object><name>proposal</name><bndbox><xmin>213</xmin><ymin>149</ymin><xmax>116</xmax><ymax>84</ymax></bndbox></object><object><name>proposal</name><bndbox><xmin>122</xmin><ymin>77</ymin><xmax>56</xmax><ymax>69</ymax></bndbox></object><object><name>proposal</name><bndbox><xmin>276</xmin><ymin>215</ymin><xmax>173</xmax><ymax>81</ymax></bndbox></object><object><name>proposal</name><bndbox><xmin>85</xmin><ymin>76</ymin><xmax>123</xmax><ymax>186</ymax></bndbox></object><object><name>proposal</name><bndbox><xmin>121</xmin><ymin>31</ymin><xmax>73</xmax><ymax>61</ymax></bndbox></object><object><name>proposal</name><bndbox><xmin>122</xmin><ymin>79</ymin><xmax>79</xmax><ymax>36</ymax></bndbox></object><object><name>proposal</name><bndbox><xmin>88</xmin><ymin>106</ymin><xmax>70</xmax><ymax>39</ymax></bndbox></object><object><name>proposal</name><bndbox><xmin>33</xmin><ymin>72</ymin><xmax>71</xmax><ymax>71</ymax></bndbox></object><object><name>proposal</name><bndbox><xmin>41</xmin><ymin>48</ymin><xmax>293</xmax><ymax>214</ymax></bndbox></object><object><name>proposal</name><bndbox><xmin>352</xmin><ymin>33</ymin><xmax>96</xmax><ymax>52</ymax></bndbox></object><object><name>proposal</name><bndbox><xmin>29</xmin><ymin>117</ymin><xmax>163</xmax><ymax>127</ymax></bndbox></object><object><name>proposal</name><bndbox><xmin>81</xmin><ymin>78</ymin><xmax>99</xmax><ymax>222</ymax></bndbox></object><object><name>proposal</name><bndbox><xmin>251</xmin><ymin>148</ymin><xmax>198</xmax><ymax>99</ymax></bndbox></object><object><name>proposal</name><bndbox><xmin>43</xmin><ymin>115</ymin><xmax>193</xmax><ymax>107</ymax></bndbox></object><object><name>proposal</name><bndbox><xmin>200</xmin><ymin>152</ymin><xmax>178</xmax><ymax>85</ymax></bndbox></object><object><name>proposal</name><bndbox><xmin>393</xmin><ymin>28</ymin><xmax>55</xmax><ymax>59</ymax></bndbox></object><object><name>proposal</name><bndbox><xmin>245</xmin><ymin>151</ymin><xmax>75</xmax><ymax>53</ymax></bndbox></object><object><name>proposal</name><bndbox><xmin>83</xmin><ymin>86</ymin><xmax>61</xmax><ymax>32</ymax></bndbox></object><object><name>proposal</name><bndbox><xmin>41</xmin><ymin>117</ymin><xmax>91</xmax><ymax>43</ymax></bndbox></object><object><name>proposal</name><bndbox><xmin>41</xmin><ymin>117</ymin><xmax>88</xmax><ymax>76</ymax></bndbox></object><object><name>proposal</name><bndbox><xmin>165</xmin><ymin>31</ymin><xmax>231</xmax><ymax>204</ymax></bndbox></object><object><name>proposal</name><bndbox><xmin>7</xmin><ymin>10</ymin><xmax>151</xmax><ymax>135</ymax></bndbox></object><object><name>proposal</name><bndbox><xmin>83</xmin><ymin>29</ymin><xmax>152</xmax><ymax>176</ymax></bndbox></object><object><name>proposal</name><bndbox><xmin>161</xmin><ymin>144</ymin><xmax>31</xmax><ymax>39</ymax></bndbox></object><object><name>proposal</name><bndbox><xmin>93</xmin><ymin>79</ymin><xmax>87</xmax><ymax>45</ymax></bndbox></object><object><name>proposal</name><bndbox><xmin>86</xmin><ymin>85</ymin><xmax>45</xmax><ymax>78</ymax></bndbox></object><object><name>proposal</name><bndbox><xmin>409</xmin><ymin>269</ymin><xmax>35</xmax><ymax>26</ymax></bndbox></object><object><name>proposal</name><bndbox><xmin>16</xmin><ymin>1</ymin><xmax>182</xmax><ymax>109</ymax></bndbox></object><object><name>proposal</name><bndbox><xmin>111</xmin><ymin>24</ymin><xmax>68</xmax><ymax>77</ymax></bndbox></object><object><name>proposal</name><bndbox><xmin>84</xmin><ymin>30</ymin><xmax>183</xmax><ymax>133</ymax></bndbox></object><object><name>proposal</name><bndbox><xmin>33</xmin><ymin>87</ymin><xmax>100</xmax><ymax>56</ymax></bndbox></object><object><name>proposal</name><bndbox><xmin>99</xmin><ymin>71</ymin><xmax>81</xmax><ymax>111</ymax></bndbox></object><object><name>proposal</name><bndbox><xmin>5</xmin><ymin>66</ymin><xmax>103</xmax><ymax>78</ymax></bndbox></object><object><name>proposal</name><bndbox><xmin>40</xmin><ymin>79</ymin><xmax>196</xmax><ymax>221</ymax></bndbox></object><object><name>proposal</name><bndbox><xmin>89</xmin><ymin>122</ymin><xmax>153</xmax><ymax>122</ymax></bndbox></object><object><name>proposal</name><bndbox><xmin>252</xmin><ymin>151</ymin><xmax>83</xmax><ymax>83</ymax></bndbox></object><object><name>proposal</name><bndbox><xmin>85</xmin><ymin>40</ymin><xmax>47</xmax><ymax>65</ymax></bndbox></object><object><name>proposal</name><bndbox><xmin>40</xmin><ymin>115</ymin><xmax>72</xmax><ymax>98</ymax></bndbox></object><object><name>proposal</name><bndbox><xmin>5</xmin><ymin>29</ymin><xmax>176</xmax><ymax>176</ymax></bndbox></object><object><name>proposal</name><bndbox><xmin>376</xmin><ymin>39</ymin><xmax>73</xmax><ymax>47</ymax></bndbox></object><object><name>proposal</name><bndbox><xmin>86</xmin><ymin>56</ymin><xmax>194</xmax><ymax>89</ymax></bndbox></object><object><name>proposal</name><bndbox><xmin>341</xmin><ymin>25</ymin><xmax>108</xmax><ymax>111</ymax></bndbox></object><object><name>proposal</name><bndbox><xmin>5</xmin><ymin>87</ymin><xmax>163</xmax><ymax>199</ymax></bndbox></object><object><name>proposal</name><bndbox><xmin>105</xmin><ymin>116</ymin><xmax>56</xmax><ymax>28</ymax></bndbox></object><object><name>proposal</name><bndbox><xmin>86</xmin><ymin>87</ymin><xmax>47</xmax><ymax>25</ymax></bndbox></object><object><name>proposal</name><bndbox><xmin>94</xmin><ymin>86</ymin><xmax>74</xmax><ymax>119</ymax></bndbox></object><object><name>proposal</name><bndbox><xmin>106</xmin><ymin>150</ymin><xmax>162</xmax><ymax>75</ymax></bndbox></object><object><name>proposal</name><bndbox><xmin>87</xmin><ymin>126</ymin><xmax>147</xmax><ymax>57</ymax></bndbox></object><object><name>proposal</name><bndbox><xmin>86</xmin><ymin>27</ymin><xmax>148</xmax><ymax>83</ymax></bndbox></object><object><name>proposal</name><bndbox><xmin>101</xmin><ymin>168</ymin><xmax>83</xmax><ymax>121</ymax></bndbox></object><object><name>proposal</name><bndbox><xmin>157</xmin><ymin>144</ymin><xmax>83</xmax><ymax>80</ymax></bndbox></object><object><name>proposal</name><bndbox><xmin>80</xmin><ymin>85</ymin><xmax>64</xmax><ymax>85</ymax></bndbox></object><object><name>proposal</name><bndbox><xmin>197</xmin><ymin>132</ymin><xmax>131</xmax><ymax>115</ymax></bndbox></object><object><name>proposal</name><bndbox><xmin>307</xmin><ymin>70</ymin><xmax>145</xmax><ymax>147</ymax></bndbox></object><object><name>proposal</name><bndbox><xmin>69</xmin><ymin>86</ymin><xmax>75</xmax><ymax>45</ymax></bndbox></object><object><name>proposal</name><bndbox><xmin>115</xmin><ymin>79</ymin><xmax>100</xmax><ymax>44</ymax></bndbox></object><object><name>proposal</name><bndbox><xmin>121</xmin><ymin>78</ymin><xmax>89</xmax><ymax>63</ymax></bndbox></object><object><name>proposal</name><bndbox><xmin>105</xmin><ymin>106</ymin><xmax>70</xmax><ymax>39</ymax></bndbox></object><object><name>proposal</name><bndbox><xmin>199</xmin><ymin>38</ymin><xmax>167</xmax><ymax>144</ymax></bndbox></object><object><name>proposal</name><bndbox><xmin>106</xmin><ymin>125</ymin><xmax>222</xmax><ymax>165</ymax></bndbox></object><object><name>proposal</name><bndbox><xmin>210</xmin><ymin>183</ymin><xmax>126</xmax><ymax>50</ymax></bndbox></object><object><name>proposal</name><bndbox><xmin>387</xmin><ymin>70</ymin><xmax>62</xmax><ymax>53</ymax></bndbox></object><object><name>proposal</name><bndbox><xmin>133</xmin><ymin>145</ymin><xmax>60</xmax><ymax>44</ymax></bndbox></object><object><name>proposal</name><bndbox><xmin>14</xmin><ymin>115</ymin><xmax>98</xmax><ymax>81</ymax></bndbox></object><object><name>proposal</name><bndbox><xmin>40</xmin><ymin>35</ymin><xmax>66</xmax><ymax>111</ymax></bndbox></object><object><name>proposal</name><bndbox><xmin>196</xmin><ymin>151</ymin><xmax>124</xmax><ymax>57</ymax></bndbox></object><object><name>proposal</name><bndbox><xmin>150</xmin><ymin>49</ymin><xmax>183</xmax><ymax>185</ymax></bndbox></object><object><name>proposal</name><bndbox><xmin>279</xmin><ymin>24</ymin><xmax>170</xmax><ymax>171</ymax></bndbox></object><object><name>proposal</name><bndbox><xmin>213</xmin><ymin>216</ymin><xmax>117</xmax><ymax>66</ymax></bndbox></object><object><name>proposal</name><bndbox><xmin>86</xmin><ymin>5</ymin><xmax>72</xmax><ymax>107</ymax></bndbox></object><object><name>proposal</name><bndbox><xmin>121</xmin><ymin>5</ymin><xmax>69</xmax><ymax>98</ymax></bndbox></object><object><name>proposal</name><bndbox><xmin>7</xmin><ymin>86</ymin><xmax>124</xmax><ymax>78</ymax></bndbox></object><object><name>proposal</name><bndbox><xmin>8</xmin><ymin>25</ymin><xmax>97</xmax><ymax>118</ymax></bndbox></object><object><name>proposal</name><bndbox><xmin>351</xmin><ymin>38</ymin><xmax>48</xmax><ymax>27</ymax></bndbox></object><object><name>proposal</name><bndbox><xmin>43</xmin><ymin>15</ymin><xmax>231</xmax><ymax>193</ymax></bndbox></object><object><name>proposal</name><bndbox><xmin>105</xmin><ymin>125</ymin><xmax>73</xmax><ymax>36</ymax></bndbox></object><object><name>proposal</name><bndbox><xmin>86</xmin><ymin>1</ymin><xmax>192</xmax><ymax>109</ymax></bndbox></object><object><name>proposal</name><bndbox><xmin>99</xmin><ymin>30</ymin><xmax>81</xmax><ymax>116</ymax></bndbox></object><object><name>proposal</name><bndbox><xmin>8</xmin><ymin>63</ymin><xmax>153</xmax><ymax>120</ymax></bndbox></object><object><name>proposal</name><bndbox><xmin>52</xmin><ymin>31</ymin><xmax>94</xmax><ymax>81</ymax></bndbox></object><object><name>proposal</name><bndbox><xmin>88</xmin><ymin>134</ymin><xmax>64</xmax><ymax>39</ymax></bndbox></object><object><name>proposal</name><bndbox><xmin>410</xmin><ymin>230</ymin><xmax>38</xmax><ymax>65</ymax></bndbox></object><object><name>proposal</name><bndbox><xmin>251</xmin><ymin>99</ymin><xmax>68</xmax><ymax>74</ymax></bndbox></object><object><name>proposal</name><bndbox><xmin>104</xmin><ymin>126</ymin><xmax>156</xmax><ymax>150</ymax></bndbox></object><object><name>proposal</name><bndbox><xmin>63</xmin><ymin>144</ymin><xmax>119</xmax><ymax>62</ymax></bndbox></object><object><name>proposal</name><bndbox><xmin>89</xmin><ymin>144</ymin><xmax>61</xmax><ymax>34</ymax></bndbox></object><object><name>proposal</name><bndbox><xmin>409</xmin><ymin>253</ymin><xmax>34</xmax><ymax>43</ymax></bndbox></object><object><name>proposal</name><bndbox><xmin>133</xmin><ymin>143</ymin><xmax>61</xmax><ymax>28</ymax></bndbox></object><object><name>proposal</name><bndbox><xmin>96</xmin><ymin>168</ymin><xmax>124</xmax><ymax>125</ymax></bndbox></object><object><name>proposal</name><bndbox><xmin>159</xmin><ymin>138</ymin><xmax>110</xmax><ymax>93</ymax></bndbox></object><object><name>proposal</name><bndbox><xmin>176</xmin><ymin>210</ymin><xmax>152</xmax><ymax>85</ymax></bndbox></object><object><name>proposal</name><bndbox><xmin>156</xmin><ymin>101</ymin><xmax>213</xmax><ymax>135</ymax></bndbox></object><object><name>proposal</name><bndbox><xmin>8</xmin><ymin>20</ymin><xmax>138</xmax><ymax>93</ymax></bndbox></object><object><name>proposal</name><bndbox><xmin>36</xmin><ymin>12</ymin><xmax>198</xmax><ymax>151</ymax></bndbox></object><object><name>proposal</name><bndbox><xmin>315</xmin><ymin>140</ymin><xmax>134</xmax><ymax>69</ymax></bndbox></object><object><name>proposal</name><bndbox><xmin>250</xmin><ymin>31</ymin><xmax>145</xmax><ymax>167</ymax></bndbox></object><object><name>proposal</name><bndbox><xmin>121</xmin><ymin>77</ymin><xmax>72</xmax><ymax>102</ymax></bndbox></object><object><name>proposal</name><bndbox><xmin>119</xmin><ymin>21</ymin><xmax>94</xmax><ymax>78</ymax></bndbox></object><object><name>proposal</name><bndbox><xmin>200</xmin><ymin>214</ymin><xmax>165</xmax><ymax>75</ymax></bndbox></object><object><name>proposal</name><bndbox><xmin>158</xmin><ymin>145</ymin><xmax>46</xmax><ymax>34</ymax></bndbox></object><object><name>proposal</name><bndbox><xmin>260</xmin><ymin>153</ymin><xmax>48</xmax><ymax>29</ymax></bndbox></object><object><name>proposal</name><bndbox><xmin>153</xmin><ymin>168</ymin><xmax>105</xmax><ymax>56</ymax></bndbox></object><object><name>proposal</name><bndbox><xmin>8</xmin><ymin>95</ymin><xmax>27</xmax><ymax>45</ymax></bndbox></object><object><name>proposal</name><bndbox><xmin>47</xmin><ymin>56</ymin><xmax>135</xmax><ymax>60</ymax></bndbox></object><object><name>proposal</name><bndbox><xmin>393</xmin><ymin>69</ymin><xmax>56</xmax><ymax>77</ymax></bndbox></object><object><name>proposal</name><bndbox><xmin>173</xmin><ymin>170</ymin><xmax>69</xmax><ymax>55</ymax></bndbox></object><object><name>proposal</name><bndbox><xmin>90</xmin><ymin>96</ymin><xmax>103</xmax><ymax>87</ymax></bndbox></object><object><name>proposal</name><bndbox><xmin>353</xmin><ymin>49</ymin><xmax>95</xmax><ymax>41</ymax></bndbox></object><object><name>proposal</name><bndbox><xmin>125</xmin><ymin>136</ymin><xmax>26</xmax><ymax>35</ymax></bndbox></object><object><name>proposal</name><bndbox><xmin>8</xmin><ymin>71</ymin><xmax>27</xmax><ymax>42</ymax></bndbox></object><object><name>proposal</name><bndbox><xmin>251</xmin><ymin>120</ymin><xmax>201</xmax><ymax>87</ymax></bndbox></object><object><name>proposal</name><bndbox><xmin>253</xmin><ymin>140</ymin><xmax>71</xmax><ymax>41</ymax></bndbox></object><object><name>proposal</name><bndbox><xmin>62</xmin><ymin>127</ymin><xmax>123</xmax><ymax>149</ymax></bndbox></object><object><name>proposal</name><bndbox><xmin>104</xmin><ymin>96</ymin><xmax>140</xmax><ymax>65</ymax></bndbox></object><object><name>proposal</name><bndbox><xmin>89</xmin><ymin>145</ymin><xmax>103</xmax><ymax>50</ymax></bndbox></object><object><name>proposal</name><bndbox><xmin>354</xmin><ymin>50</ymin><xmax>39</xmax><ymax>45</ymax></bndbox></object><object><name>proposal</name><bndbox><xmin>311</xmin><ymin>172</ymin><xmax>138</xmax><ymax>125</ymax></bndbox></object><object><name>proposal</name><bndbox><xmin>160</xmin><ymin>121</ymin><xmax>34</xmax><ymax>34</ymax></bndbox></object><object><name>proposal</name><bndbox><xmin>36</xmin><ymin>116</ymin><xmax>73</xmax><ymax>36</ymax></bndbox></object><object><name>proposal</name><bndbox><xmin>211</xmin><ymin>37</ymin><xmax>184</xmax><ymax>116</ymax></bndbox></object><object><name>proposal</name><bndbox><xmin>401</xmin><ymin>262</ymin><xmax>46</xmax><ymax>34</ymax></bndbox></object><object><name>proposal</name><bndbox><xmin>83</xmin><ymin>54</ymin><xmax>60</xmax><ymax>50</ymax></bndbox></object><object><name>proposal</name><bndbox><xmin>277</xmin><ymin>222</ymin><xmax>37</xmax><ymax>58</ymax></bndbox></object><object><name>proposal</name><bndbox><xmin>251</xmin><ymin>50</ymin><xmax>69</xmax><ymax>131</ymax></bndbox></object><object><name>proposal</name><bndbox><xmin>6</xmin><ymin>82</ymin><xmax>142</xmax><ymax>126</ymax></bndbox></object><object><name>proposal</name><bndbox><xmin>73</xmin><ymin>117</ymin><xmax>85</xmax><ymax>31</ymax></bndbox></object><object><name>proposal</name><bndbox><xmin>86</xmin><ymin>127</ymin><xmax>84</xmax><ymax>106</ymax></bndbox></object><object><name>proposal</name><bndbox><xmin>133</xmin><ymin>144</ymin><xmax>79</xmax><ymax>36</ymax></bndbox></object><object><name>proposal</name><bndbox><xmin>81</xmin><ymin>173</ymin><xmax>106</xmax><ymax>93</ymax></bndbox></object><object><name>proposal</name><bndbox><xmin>151</xmin><ymin>138</ymin><xmax>41</xmax><ymax>55</ymax></bndbox></object><object><name>proposal</name><bndbox><xmin>351</xmin><ymin>41</ymin><xmax>43</xmax><ymax>83</ymax></bndbox></object><object><name>proposal</name><bndbox><xmin>118</xmin><ymin>75</ymin><xmax>100</xmax><ymax>128</ymax></bndbox></object><object><name>proposal</name><bndbox><xmin>157</xmin><ymin>145</ymin><xmax>38</xmax><ymax>21</ymax></bndbox></object><object><name>proposal</name><bndbox><xmin>153</xmin><ymin>170</ymin><xmax>69</xmax><ymax>53</ymax></bndbox></object><object><name>proposal</name><bndbox><xmin>85</xmin><ymin>57</ymin><xmax>42</xmax><ymax>45</ymax></bndbox></object><object><name>proposal</name><bndbox><xmin>133</xmin><ymin>133</ymin><xmax>21</xmax><ymax>38</ymax></bndbox></object><object><name>proposal</name><bndbox><xmin>356</xmin><ymin>70</ymin><xmax>92</xmax><ymax>52</ymax></bndbox></object><object><name>proposal</name><bndbox><xmin>199</xmin><ymin>133</ymin><xmax>35</xmax><ymax>26</ymax></bndbox></object><object><name>proposal</name><bndbox><xmin>56</xmin><ymin>49</ymin><xmax>75</xmax><ymax>55</ymax></bndbox></object><object><name>proposal</name><bndbox><xmin>78</xmin><ymin>86</ymin><xmax>53</xmax><ymax>108</ymax></bndbox></object><object><name>proposal</name><bndbox><xmin>387</xmin><ymin>228</ymin><xmax>62</xmax><ymax>67</ymax></bndbox></object><object><name>proposal</name><bndbox><xmin>250</xmin><ymin>39</ymin><xmax>106</xmax><ymax>145</ymax></bndbox></object><object><name>proposal</name><bndbox><xmin>381</xmin><ymin>70</ymin><xmax>68</xmax><ymax>36</ymax></bndbox></object><object><name>proposal</name><bndbox><xmin>50</xmin><ymin>166</ymin><xmax>135</xmax><ymax>131</ymax></bndbox></object><object><name>proposal</name><bndbox><xmin>343</xmin><ymin>216</ymin><xmax>105</xmax><ymax>84</ymax></bndbox></object><object><name>proposal</name><bndbox><xmin>89</xmin><ymin>145</ymin><xmax>28</xmax><ymax>41</ymax></bndbox></object><object><name>proposal</name><bndbox><xmin>252</xmin><ymin>151</ymin><xmax>96</xmax><ymax>48</ymax></bndbox></object><object><name>proposal</name><bndbox><xmin>105</xmin><ymin>115</ymin><xmax>91</xmax><ymax>41</ymax></bndbox></object><object><name>proposal</name><bndbox><xmin>253</xmin><ymin>73</ymin><xmax>92</xmax><ymax>108</ymax></bndbox></object><object><name>proposal</name><bndbox><xmin>5</xmin><ymin>92</ymin><xmax>99</xmax><ymax>43</ymax></bndbox></object><object><name>proposal</name><bndbox><xmin>6</xmin><ymin>96</ymin><xmax>31</xmax><ymax>31</ymax></bndbox></object><object><name>proposal</name><bndbox><xmin>105</xmin><ymin>157</ymin><xmax>80</xmax><ymax>68</ymax></bndbox></object><object><name>proposal</name><bndbox><xmin>8</xmin><ymin>96</ymin><xmax>45</xmax><ymax>33</ymax></bndbox></object><object><name>proposal</name><bndbox><xmin>85</xmin><ymin>61</ymin><xmax>169</xmax><ymax>57</ymax></bndbox></object><object><name>proposal</name><bndbox><xmin>149</xmin><ymin>144</ymin><xmax>117</xmax><ymax>63</ymax></bndbox></object><object><name>proposal</name><bndbox><xmin>89</xmin><ymin>113</ymin><xmax>25</xmax><ymax>51</ymax></bndbox></object><object><name>proposal</name><bndbox><xmin>64</xmin><ymin>174</ymin><xmax>144</xmax><ymax>105</ymax></bndbox></object><object><name>proposal</name><bndbox><xmin>128</xmin><ymin>137</ymin><xmax>71</xmax><ymax>62</ymax></bndbox></object><object><name>proposal</name><bndbox><xmin>154</xmin><ymin>145</ymin><xmax>81</xmax><ymax>53</ymax></bndbox></object><object><name>proposal</name><bndbox><xmin>124</xmin><ymin>133</ymin><xmax>37</xmax><ymax>37</ymax></bndbox></object><object><name>proposal</name><bndbox><xmin>392</xmin><ymin>271</ymin><xmax>51</xmax><ymax>25</ymax></bndbox></object><object><name>proposal</name><bndbox><xmin>109</xmin><ymin>18</ymin><xmax>142</xmax><ymax>83</ymax></bndbox></object><object><name>proposal</name><bndbox><xmin>26</xmin><ymin>168</ymin><xmax>207</xmax><ymax>116</ymax></bndbox></object><object><name>proposal</name><bndbox><xmin>88</xmin><ymin>144</ymin><xmax>42</xmax><ymax>39</ymax></bndbox></object><object><name>proposal</name><bndbox><xmin>212</xmin><ymin>50</ymin><xmax>106</xmax><ymax>131</ymax></bndbox></object><object><name>proposal</name><bndbox><xmin>36</xmin><ymin>116</ymin><xmax>96</xmax><ymax>167</ymax></bndbox></object><object><name>proposal</name><bndbox><xmin>197</xmin><ymin>71</ymin><xmax>132</xmax><ymax>163</ymax></bndbox></object><object><name>proposal</name><bndbox><xmin>120</xmin><ymin>158</ymin><xmax>48</xmax><ymax>42</ymax></bndbox></object><object><name>proposal</name><bndbox><xmin>284</xmin><ymin>168</ymin><xmax>49</xmax><ymax>53</ymax></bndbox></object><object><name>proposal</name><bndbox><xmin>196</xmin><ymin>106</ymin><xmax>124</xmax><ymax>67</ymax></bndbox></object><object><name>proposal</name><bndbox><xmin>352</xmin><ymin>50</ymin><xmax>97</xmax><ymax>187</ymax></bndbox></object><object><name>proposal</name><bndbox><xmin>10</xmin><ymin>99</ymin><xmax>106</xmax><ymax>149</ymax></bndbox></object><object><name>proposal</name><bndbox><xmin>245</xmin><ymin>153</ymin><xmax>61</xmax><ymax>81</ymax></bndbox></object><object><name>proposal</name><bndbox><xmin>157</xmin><ymin>145</ymin><xmax>79</xmax><ymax>33</ymax></bndbox></object><object><name>proposal</name><bndbox><xmin>128</xmin><ymin>130</ymin><xmax>65</xmax><ymax>41</ymax></bndbox></object><object><name>proposal</name><bndbox><xmin>247</xmin><ymin>106</ymin><xmax>103</xmax><ymax>67</ymax></bndbox></object><object><name>proposal</name><bndbox><xmin>164</xmin><ymin>184</ymin><xmax>76</xmax><ymax>39</ymax></bndbox></object><object><name>proposal</name><bndbox><xmin>158</xmin><ymin>64</ymin><xmax>160</xmax><ymax>117</ymax></bndbox></object><object><name>proposal</name><bndbox><xmin>7</xmin><ymin>59</ymin><xmax>34</xmax><ymax>54</ymax></bndbox></object><object><name>proposal</name><bndbox><xmin>158</xmin><ymin>141</ymin><xmax>49</xmax><ymax>81</ymax></bndbox></object><object><name>proposal</name><bndbox><xmin>250</xmin><ymin>152</ymin><xmax>198</xmax><ymax>148</ymax></bndbox></object><object><name>proposal</name><bndbox><xmin>89</xmin><ymin>142</ymin><xmax>42</xmax><ymax>21</ymax></bndbox></object><object><name>proposal</name><bndbox><xmin>36</xmin><ymin>106</ymin><xmax>70</xmax><ymax>39</ymax></bndbox></object><object><name>proposal</name><bndbox><xmin>89</xmin><ymin>145</ymin><xmax>65</xmax><ymax>47</ymax></bndbox></object><object><name>proposal</name><bndbox><xmin>133</xmin><ymin>157</ymin><xmax>21</xmax><ymax>42</ymax></bndbox></object><object><name>proposal</name><bndbox><xmin>151</xmin><ymin>110</ymin><xmax>158</xmax><ymax>121</ymax></bndbox></object><object><name>proposal</name><bndbox><xmin>107</xmin><ymin>177</ymin><xmax>63</xmax><ymax>85</ymax></bndbox></object><object><name>proposal</name><bndbox><xmin>409</xmin><ymin>277</ymin><xmax>35</xmax><ymax>21</ymax></bndbox></object><object><name>proposal</name><bndbox><xmin>106</xmin><ymin>158</ymin><xmax>45</xmax><ymax>29</ymax></bndbox></object><object><name>proposal</name><bndbox><xmin>351</xmin><ymin>40</ymin><xmax>42</xmax><ymax>48</ymax></bndbox></object><object><name>proposal</name><bndbox><xmin>5</xmin><ymin>77</ymin><xmax>122</xmax><ymax>50</ymax></bndbox></object><object><name>proposal</name><bndbox><xmin>5</xmin><ymin>70</ymin><xmax>122</xmax><ymax>44</ymax></bndbox></object><object><name>proposal</name><bndbox><xmin>8</xmin><ymin>95</ymin><xmax>31</xmax><ymax>67</ymax></bndbox></object><object><name>proposal</name><bndbox><xmin>151</xmin><ymin>113</ymin><xmax>42</xmax><ymax>42</ymax></bndbox></object><object><name>proposal</name><bndbox><xmin>274</xmin><ymin>166</ymin><xmax>59</xmax><ymax>69</ymax></bndbox></object><object><name>proposal</name><bndbox><xmin>351</xmin><ymin>35</ymin><xmax>55</xmax><ymax>108</ymax></bndbox></object><object><name>proposal</name><bndbox><xmin>257</xmin><ymin>151</ymin><xmax>51</xmax><ymax>42</ymax></bndbox></object><object><name>proposal</name><bndbox><xmin>248</xmin><ymin>42</ymin><xmax>201</xmax><ymax>89</ymax></bndbox></object><object><name>proposal</name><bndbox><xmin>133</xmin><ymin>157</ymin><xmax>37</xmax><ymax>40</ymax></bndbox></object><object><name>proposal</name><bndbox><xmin>284</xmin><ymin>171</ymin><xmax>47</xmax><ymax>25</ymax></bndbox></object><object><name>proposal</name><bndbox><xmin>8</xmin><ymin>94</ymin><xmax>41</xmax><ymax>55</ymax></bndbox></object><object><name>proposal</name><bndbox><xmin>106</xmin><ymin>133</ymin><xmax>44</xmax><ymax>65</ymax></bndbox></object><object><name>proposal</name><bndbox><xmin>276</xmin><ymin>216</ymin><xmax>59</xmax><ymax>64</ymax></bndbox></object><object><name>proposal</name><bndbox><xmin>88</xmin><ymin>134</ymin><xmax>45</xmax><ymax>31</ymax></bndbox></object><object><name>proposal</name><bndbox><xmin>323</xmin><ymin>50</ymin><xmax>72</xmax><ymax>45</ymax></bndbox></object><object><name>proposal</name><bndbox><xmin>173</xmin><ymin>191</ymin><xmax>51</xmax><ymax>31</ymax></bndbox></object><object><name>proposal</name><bndbox><xmin>123</xmin><ymin>79</ymin><xmax>133</xmax><ymax>84</ymax></bndbox></object><object><name>proposal</name><bndbox><xmin>387</xmin><ymin>255</ymin><xmax>56</xmax><ymax>41</ymax></bndbox></object><object><name>proposal</name><bndbox><xmin>250</xmin><ymin>60</ymin><xmax>198</xmax><ymax>122</ymax></bndbox></object><object><name>proposal</name><bndbox><xmin>259</xmin><ymin>216</ymin><xmax>64</xmax><ymax>64</ymax></bndbox></object><object><name>proposal</name><bndbox><xmin>133</xmin><ymin>159</ymin><xmax>41</xmax><ymax>24</ymax></bndbox></object><object><name>proposal</name><bndbox><xmin>73</xmin><ymin>144</ymin><xmax>119</xmax><ymax>84</ymax></bndbox></object><object><name>proposal</name><bndbox><xmin>4</xmin><ymin>43</ymin><xmax>33</xmax><ymax>70</ymax></bndbox></object><object><name>proposal</name><bndbox><xmin>200</xmin><ymin>151</ymin><xmax>42</xmax><ymax>33</ymax></bndbox></object><object><name>proposal</name><bndbox><xmin>321</xmin><ymin>48</ymin><xmax>128</xmax><ymax>57</ymax></bndbox></object><object><name>proposal</name><bndbox><xmin>326</xmin><ymin>40</ymin><xmax>68</xmax><ymax>86</ymax></bndbox></object><object><name>proposal</name><bndbox><xmin>173</xmin><ymin>128</ymin><xmax>69</xmax><ymax>111</ymax></bndbox></object><object><name>proposal</name><bndbox><xmin>327</xmin><ymin>70</ymin><xmax>122</xmax><ymax>61</ymax></bndbox></object><object><name>proposal</name><bndbox><xmin>105</xmin><ymin>167</ymin><xmax>102</xmax><ymax>84</ymax></bndbox></object><object><name>proposal</name><bndbox><xmin>19</xmin><ymin>168</ymin><xmax>165</xmax><ymax>85</ymax></bndbox></object><object><name>proposal</name><bndbox><xmin>173</xmin><ymin>183</ymin><xmax>87</xmax><ymax>43</ymax></bndbox></object><object><name>proposal</name><bndbox><xmin>277</xmin><ymin>218</ymin><xmax>93</xmax><ymax>64</ymax></bndbox></object><object><name>proposal</name><bndbox><xmin>161</xmin><ymin>119</ymin><xmax>83</xmax><ymax>41</ymax></bndbox></object><object><name>proposal</name><bndbox><xmin>197</xmin><ymin>139</ymin><xmax>46</xmax><ymax>21</ymax></bndbox></object><object><name>proposal</name><bndbox><xmin>284</xmin><ymin>16</ymin><xmax>111</xmax><ymax>217</ymax></bndbox></object><object><name>proposal</name><bndbox><xmin>197</xmin><ymin>152</ymin><xmax>46</xmax><ymax>20</ymax></bndbox></object><object><name>proposal</name><bndbox><xmin>53</xmin><ymin>86</ymin><xmax>79</xmax><ymax>39</ymax></bndbox></object><object><name>proposal</name><bndbox><xmin>8</xmin><ymin>71</ymin><xmax>42</xmax><ymax>42</ymax></bndbox></object><object><name>proposal</name><bndbox><xmin>109</xmin><ymin>139</ymin><xmax>42</xmax><ymax>31</ymax></bndbox></object><object><name>proposal</name><bndbox><xmin>4</xmin><ymin>89</ymin><xmax>32</xmax><ymax>24</ymax></bndbox></object><object><name>proposal</name><bndbox><xmin>172</xmin><ymin>153</ymin><xmax>57</xmax><ymax>69</ymax></bndbox></object><object><name>proposal</name><bndbox><xmin>160</xmin><ymin>144</ymin><xmax>33</xmax><ymax>70</ymax></bndbox></object><object><name>proposal</name><bndbox><xmin>318</xmin><ymin>42</ymin><xmax>134</xmax><ymax>84</ymax></bndbox></object><object><name>proposal</name><bndbox><xmin>196</xmin><ymin>138</ymin><xmax>124</xmax><ymax>48</ymax></bndbox></object><object><name>proposal</name><bndbox><xmin>123</xmin><ymin>158</ymin><xmax>29</xmax><ymax>39</ymax></bndbox></object><object><name>proposal</name><bndbox><xmin>7</xmin><ymin>95</ymin><xmax>63</xmax><ymax>49</ymax></bndbox></object><object><name>proposal</name><bndbox><xmin>277</xmin><ymin>247</ymin><xmax>34</xmax><ymax>34</ymax></bndbox></object><object><name>proposal</name><bndbox><xmin>131</xmin><ymin>67</ymin><xmax>65</xmax><ymax>138</ymax></bndbox></object><object><name>proposal</name><bndbox><xmin>19</xmin><ymin>158</ymin><xmax>165</xmax><ymax>64</ymax></bndbox></object><object><name>proposal</name><bndbox><xmin>251</xmin><ymin>115</ymin><xmax>68</xmax><ymax>77</ymax></bndbox></object><object><name>proposal</name><bndbox><xmin>229</xmin><ymin>168</ymin><xmax>104</xmax><ymax>62</ymax></bndbox></object><object><name>proposal</name><bndbox><xmin>393</xmin><ymin>70</ymin><xmax>57</xmax><ymax>119</ymax></bndbox></object><object><name>proposal</name><bndbox><xmin>252</xmin><ymin>130</ymin><xmax>100</xmax><ymax>52</ymax></bndbox></object><object><name>proposal</name><bndbox><xmin>307</xmin><ymin>167</ymin><xmax>27</xmax><ymax>51</ymax></bndbox></object><object><name>proposal</name><bndbox><xmin>177</xmin><ymin>151</ymin><xmax>61</xmax><ymax>32</ymax></bndbox></object><object><name>proposal</name><bndbox><xmin>88</xmin><ymin>144</ymin><xmax>26</xmax><ymax>61</ymax></bndbox></object><object><name>proposal</name><bndbox><xmin>199</xmin><ymin>149</ymin><xmax>69</xmax><ymax>59</ymax></bndbox></object><object><name>proposal</name><bndbox><xmin>88</xmin><ymin>95</ymin><xmax>28</xmax><ymax>71</ymax></bndbox></object><object><name>proposal</name><bndbox><xmin>133</xmin><ymin>153</ymin><xmax>61</xmax><ymax>28</ymax></bndbox></object><object><name>proposal</name><bndbox><xmin>345</xmin><ymin>30</ymin><xmax>48</xmax><ymax>127</ymax></bndbox></object><object><name>proposal</name><bndbox><xmin>88</xmin><ymin>122</ymin><xmax>44</xmax><ymax>65</ymax></bndbox></object><object><name>proposal</name><bndbox><xmin>156</xmin><ymin>143</ymin><xmax>213</xmax><ymax>138</ymax></bndbox></object><object><name>proposal</name><bndbox><xmin>229</xmin><ymin>193</ymin><xmax>37</xmax><ymax>37</ymax></bndbox></object><object><name>proposal</name><bndbox><xmin>190</xmin><ymin>150</ymin><xmax>53</xmax><ymax>75</ymax></bndbox></object><object><name>proposal</name><bndbox><xmin>304</xmin><ymin>184</ymin><xmax>31</xmax><ymax>34</ymax></bndbox></object><object><name>proposal</name><bndbox><xmin>157</xmin><ymin>100</ymin><xmax>77</xmax><ymax>61</ymax></bndbox></object><object><name>proposal</name><bndbox><xmin>1</xmin><ymin>145</ymin><xmax>328</xmax><ymax>152</ymax></bndbox></object><object><name>proposal</name><bndbox><xmin>199</xmin><ymin>152</ymin><xmax>70</xmax><ymax>31</ymax></bndbox></object><object><name>proposal</name><bndbox><xmin>87</xmin><ymin>124</ymin><xmax>24</xmax><ymax>41</ymax></bndbox></object><object><name>proposal</name><bndbox><xmin>13</xmin><ymin>97</ymin><xmax>28</xmax><ymax>41</ymax></bndbox></object><object><name>proposal</name><bndbox><xmin>157</xmin><ymin>71</ymin><xmax>123</xmax><ymax>169</ymax></bndbox></object><object><name>proposal</name><bndbox><xmin>43</xmin><ymin>29</ymin><xmax>108</xmax><ymax>156</ymax></bndbox></object><object><name>proposal</name><bndbox><xmin>252</xmin><ymin>183</ymin><xmax>81</xmax><ymax>51</ymax></bndbox></object><object><name>proposal</name><bndbox><xmin>190</xmin><ymin>150</ymin><xmax>77</xmax><ymax>80</ymax></bndbox></object><object><name>proposal</name><bndbox><xmin>386</xmin><ymin>56</ymin><xmax>63</xmax><ymax>190</ymax></bndbox></object><object><name>proposal</name><bndbox><xmin>111</xmin><ymin>31</ymin><xmax>31</xmax><ymax>31</ymax></bndbox></object><object><name>proposal</name><bndbox><xmin>286</xmin><ymin>40</ymin><xmax>107</xmax><ymax>81</ymax></bndbox></object><object><name>proposal</name><bndbox><xmin>105</xmin><ymin>157</ymin><xmax>58</xmax><ymax>37</ymax></bndbox></object><object><name>proposal</name><bndbox><xmin>229</xmin><ymin>133</ymin><xmax>91</xmax><ymax>48</ymax></bndbox></object><object><name>proposal</name><bndbox><xmin>232</xmin><ymin>257</ymin><xmax>78</xmax><ymax>41</ymax></bndbox></object><object><name>proposal</name><bndbox><xmin>374</xmin><ymin>264</ymin><xmax>70</xmax><ymax>33</ymax></bndbox></object><object><name>proposal</name><bndbox><xmin>381</xmin><ymin>61</ymin><xmax>71</xmax><ymax>28</ymax></bndbox></object><object><name>proposal</name><bndbox><xmin>60</xmin><ymin>127</ymin><xmax>54</xmax><ymax>37</ymax></bndbox></object><object><name>proposal</name><bndbox><xmin>113</xmin><ymin>134</ymin><xmax>42</xmax><ymax>42</ymax></bndbox></object><object><name>proposal</name><bndbox><xmin>253</xmin><ymin>102</ymin><xmax>138</xmax><ymax>71</ymax></bndbox></object><object><name>proposal</name><bndbox><xmin>243</xmin><ymin>171</ymin><xmax>151</xmax><ymax>62</ymax></bndbox></object><object><name>proposal</name><bndbox><xmin>111</xmin><ymin>16</ymin><xmax>31</xmax><ymax>31</ymax></bndbox></object><object><name>proposal</name><bndbox><xmin>200</xmin><ymin>120</ymin><xmax>42</xmax><ymax>42</ymax></bndbox></object><object><name>proposal</name><bndbox><xmin>238</xmin><ymin>1</ymin><xmax>157</xmax><ymax>62</ymax></bndbox></object><object><name>proposal</name><bndbox><xmin>119</xmin><ymin>10</ymin><xmax>24</xmax><ymax>35</ymax></bndbox></object><object><name>proposal</name><bndbox><xmin>101</xmin><ymin>31</ymin><xmax>42</xmax><ymax>21</ymax></bndbox></object><object><name>proposal</name><bndbox><xmin>101</xmin><ymin>25</ymin><xmax>42</xmax><ymax>21</ymax></bndbox></object><object><name>proposal</name><bndbox><xmin>40</xmin><ymin>138</ymin><xmax>71</xmax><ymax>26</ymax></bndbox></object><object><name>proposal</name><bndbox><xmin>103</xmin><ymin>17</ymin><xmax>43</xmax><ymax>95</ymax></bndbox></object><object><name>proposal</name><bndbox><xmin>47</xmin><ymin>173</ymin><xmax>135</xmax><ymax>65</ymax></bndbox></object><object><name>proposal</name><bndbox><xmin>160</xmin><ymin>110</ymin><xmax>55</xmax><ymax>47</ymax></bndbox></object><object><name>proposal</name><bndbox><xmin>158</xmin><ymin>64</ymin><xmax>89</xmax><ymax>161</ymax></bndbox></object><object><name>proposal</name><bndbox><xmin>7</xmin><ymin>49</ymin><xmax>126</xmax><ymax>56</ymax></bndbox></object><object><name>proposal</name><bndbox><xmin>193</xmin><ymin>151</ymin><xmax>42</xmax><ymax>39</ymax></bndbox></object><object><name>proposal</name><bndbox><xmin>7</xmin><ymin>37</ymin><xmax>41</xmax><ymax>78</ymax></bndbox></object><object><name>proposal</name><bndbox><xmin>53</xmin><ymin>70</ymin><xmax>91</xmax><ymax>41</ymax></bndbox></object><object><name>proposal</name><bndbox><xmin>284</xmin><ymin>157</ymin><xmax>35</xmax><ymax>85</ymax></bndbox></object><object><name>proposal</name><bndbox><xmin>325</xmin><ymin>29</ymin><xmax>75</xmax><ymax>138</ymax></bndbox></object><object><name>proposal</name><bndbox><xmin>154</xmin><ymin>79</ymin><xmax>39</xmax><ymax>76</ymax></bndbox></object><object><name>proposal</name><bndbox><xmin>267</xmin><ymin>253</ymin><xmax>45</xmax><ymax>27</ymax></bndbox></object><object><name>proposal</name><bndbox><xmin>8</xmin><ymin>88</ymin><xmax>48</xmax><ymax>27</ymax></bndbox></object><object><name>proposal</name><bndbox><xmin>133</xmin><ymin>125</ymin><xmax>39</xmax><ymax>79</ymax></bndbox></object><object><name>proposal</name><bndbox><xmin>199</xmin><ymin>150</ymin><xmax>134</xmax><ymax>133</ymax></bndbox></object><object><name>proposal</name><bndbox><xmin>283</xmin><ymin>169</ymin><xmax>22</xmax><ymax>41</ymax></bndbox></object><object><name>proposal</name><bndbox><xmin>21</xmin><ymin>92</ymin><xmax>83</xmax><ymax>71</ymax></bndbox></object><object><name>proposal</name><bndbox><xmin>177</xmin><ymin>151</ymin><xmax>91</xmax><ymax>37</ymax></bndbox></object><object><name>proposal</name><bndbox><xmin>277</xmin><ymin>171</ymin><xmax>42</xmax><ymax>33</ymax></bndbox></object><object><name>proposal</name><bndbox><xmin>74</xmin><ymin>117</ymin><xmax>39</xmax><ymax>48</ymax></bndbox></object><object><name>proposal</name><bndbox><xmin>288</xmin><ymin>186</ymin><xmax>45</xmax><ymax>33</ymax></bndbox></object><object><name>proposal</name><bndbox><xmin>193</xmin><ymin>149</ymin><xmax>104</xmax><ymax>88</ymax></bndbox></object><object><name>proposal</name><bndbox><xmin>106</xmin><ymin>148</ymin><xmax>45</xmax><ymax>29</ymax></bndbox></object><object><name>proposal</name><bndbox><xmin>381</xmin><ymin>68</ymin><xmax>71</xmax><ymax>26</ymax></bndbox></object><object><name>proposal</name><bndbox><xmin>149</xmin><ymin>139</ymin><xmax>54</xmax><ymax>69</ymax></bndbox></object><object><name>proposal</name><bndbox><xmin>353</xmin><ymin>50</ymin><xmax>60</xmax><ymax>44</ymax></bndbox></object><object><name>proposal</name><bndbox><xmin>130</xmin><ymin>130</ymin><xmax>39</xmax><ymax>42</ymax></bndbox></object><object><name>proposal</name><bndbox><xmin>109</xmin><ymin>158</ymin><xmax>42</xmax><ymax>19</ymax></bndbox></object><object><name>proposal</name><bndbox><xmin>299</xmin><ymin>34</ymin><xmax>97</xmax><ymax>111</ymax></bndbox></object><object><name>proposal</name><bndbox><xmin>322</xmin><ymin>31</ymin><xmax>88</xmax><ymax>198</ymax></bndbox></object><object><name>proposal</name><bndbox><xmin>273</xmin><ymin>171</ymin><xmax>97</xmax><ymax>63</ymax></bndbox></object><object><name>proposal</name><bndbox><xmin>348</xmin><ymin>45</ymin><xmax>64</xmax><ymax>69</ymax></bndbox></object><object><name>proposal</name><bndbox><xmin>160</xmin><ymin>126</ymin><xmax>56</xmax><ymax>30</ymax></bndbox></object><object><name>proposal</name><bndbox><xmin>68</xmin><ymin>145</ymin><xmax>53</xmax><ymax>53</ymax></bndbox></object><object><name>proposal</name><bndbox><xmin>245</xmin><ymin>168</ymin><xmax>91</xmax><ymax>48</ymax></bndbox></object><object><name>proposal</name><bndbox><xmin>131</xmin><ymin>4</ymin><xmax>22</xmax><ymax>41</ymax></bndbox></object><object><name>proposal</name><bndbox><xmin>193</xmin><ymin>131</ymin><xmax>56</xmax><ymax>28</ymax></bndbox></object><object><name>proposal</name><bndbox><xmin>21</xmin><ymin>64</ymin><xmax>107</xmax><ymax>43</ymax></bndbox></object><object><name>proposal</name><bndbox><xmin>158</xmin><ymin>169</ymin><xmax>50</xmax><ymax>37</ymax></bndbox></object><object><name>proposal</name><bndbox><xmin>160</xmin><ymin>210</ymin><xmax>75</xmax><ymax>49</ymax></bndbox></object><object><name>proposal</name><bndbox><xmin>243</xmin><ymin>193</ymin><xmax>22</xmax><ymax>38</ymax></bndbox></object><object><name>proposal</name><bndbox><xmin>235</xmin><ymin>249</ymin><xmax>76</xmax><ymax>31</ymax></bndbox></object><object><name>proposal</name><bndbox><xmin>7</xmin><ymin>46</ymin><xmax>62</xmax><ymax>68</ymax></bndbox></object><object><name>proposal</name><bndbox><xmin>217</xmin><ymin>140</ymin><xmax>101</xmax><ymax>61</ymax></bndbox></object><object><name>proposal</name><bndbox><xmin>220</xmin><ymin>183</ymin><xmax>38</xmax><ymax>24</ymax></bndbox></object><object><name>proposal</name><bndbox><xmin>133</xmin><ymin>126</ymin><xmax>61</xmax><ymax>30</ymax></bndbox></object><object><name>proposal</name><bndbox><xmin>115</xmin><ymin>183</ymin><xmax>71</xmax><ymax>77</ymax></bndbox></object><object><name>proposal</name><bndbox><xmin>277</xmin><ymin>239</ymin><xmax>79</xmax><ymax>43</ymax></bndbox></object><object><name>proposal</name><bndbox><xmin>352</xmin><ymin>37</ymin><xmax>88</xmax><ymax>33</ymax></bndbox></object><object><name>proposal</name><bndbox><xmin>79</xmin><ymin>21</ymin><xmax>45</xmax><ymax>87</ymax></bndbox></object><object><name>proposal</name><bndbox><xmin>151</xmin><ymin>170</ymin><xmax>76</xmax><ymax>36</ymax></bndbox></object><object><name>proposal</name><bndbox><xmin>199</xmin><ymin>131</ymin><xmax>71</xmax><ymax>30</ymax></bndbox></object><object><name>proposal</name><bndbox><xmin>200</xmin><ymin>149</ymin><xmax>44</xmax><ymax>60</ymax></bndbox></object><object><name>proposal</name><bndbox><xmin>29</xmin><ymin>130</ymin><xmax>83</xmax><ymax>40</ymax></bndbox></object><object><name>proposal</name><bndbox><xmin>119</xmin><ymin>32</ymin><xmax>23</xmax><ymax>47</ymax></bndbox></object><object><name>proposal</name><bndbox><xmin>61</xmin><ymin>142</ymin><xmax>50</xmax><ymax>21</ymax></bndbox></object><object><name>proposal</name><bndbox><xmin>353</xmin><ymin>29</ymin><xmax>69</xmax><ymax>64</ymax></bndbox></object><object><name>proposal</name><bndbox><xmin>112</xmin><ymin>30</ymin><xmax>39</xmax><ymax>70</ymax></bndbox></object><object><name>proposal</name><bndbox><xmin>50</xmin><ymin>145</ymin><xmax>81</xmax><ymax>51</ymax></bndbox></object><object><name>proposal</name><bndbox><xmin>177</xmin><ymin>149</ymin><xmax>69</xmax><ymax>59</ymax></bndbox></object><object><name>proposal</name><bndbox><xmin>56</xmin><ymin>85</ymin><xmax>77</xmax><ymax>169</ymax></bndbox></object><object><name>proposal</name><bndbox><xmin>131</xmin><ymin>149</ymin><xmax>49</xmax><ymax>49</ymax></bndbox></object><object><name>proposal</name><bndbox><xmin>244</xmin><ymin>113</ymin><xmax>159</xmax><ymax>122</ymax></bndbox></object><object><name>proposal</name><bndbox><xmin>123</xmin><ymin>31</ymin><xmax>22</xmax><ymax>41</ymax></bndbox></object><object><name>proposal</name><bndbox><xmin>279</xmin><ymin>171</ymin><xmax>30</xmax><ymax>61</ymax></bndbox></object><object><name>proposal</name><bndbox><xmin>81</xmin><ymin>66</ymin><xmax>39</xmax><ymax>31</ymax></bndbox></object><object><name>proposal</name><bndbox><xmin>309</xmin><ymin>180</ymin><xmax>70</xmax><ymax>47</ymax></bndbox></object><object><name>proposal</name><bndbox><xmin>129</xmin><ymin>32</ymin><xmax>50</xmax><ymax>19</ymax></bndbox></object><object><name>proposal</name><bndbox><xmin>341</xmin><ymin>29</ymin><xmax>62</xmax><ymax>169</ymax></bndbox></object><object><name>proposal</name><bndbox><xmin>233</xmin><ymin>190</ymin><xmax>26</xmax><ymax>38</ymax></bndbox></object><object><name>proposal</name><bndbox><xmin>205</xmin><ymin>190</ymin><xmax>37</xmax><ymax>34</ymax></bndbox></object><object><name>proposal</name><bndbox><xmin>131</xmin><ymin>31</ymin><xmax>22</xmax><ymax>41</ymax></bndbox></object><object><name>proposal</name><bndbox><xmin>229</xmin><ymin>154</ymin><xmax>37</xmax><ymax>54</ymax></bndbox></object><object><name>proposal</name><bndbox><xmin>133</xmin><ymin>145</ymin><xmax>41</xmax><ymax>26</ymax></bndbox></object><object><name>proposal</name><bndbox><xmin>129</xmin><ymin>25</ymin><xmax>50</xmax><ymax>21</ymax></bndbox></object><object><name>proposal</name><bndbox><xmin>10</xmin><ymin>97</ymin><xmax>51</xmax><ymax>25</ymax></bndbox></object><object><name>proposal</name><bndbox><xmin>190</xmin><ymin>211</ymin><xmax>42</xmax><ymax>42</ymax></bndbox></object><object><name>proposal</name><bndbox><xmin>276</xmin><ymin>187</ymin><xmax>58</xmax><ymax>40</ymax></bndbox></object><object><name>proposal</name><bndbox><xmin>131</xmin><ymin>31</ymin><xmax>31</xmax><ymax>31</ymax></bndbox></object><object><name>proposal</name><bndbox><xmin>131</xmin><ymin>16</ymin><xmax>31</xmax><ymax>31</ymax></bndbox></object><object><name>proposal</name><bndbox><xmin>131</xmin><ymin>141</ymin><xmax>31</xmax><ymax>31</ymax></bndbox></object><object><name>proposal</name><bndbox><xmin>124</xmin><ymin>1</ymin><xmax>21</xmax><ymax>46</ymax></bndbox></object><object><name>proposal</name><bndbox><xmin>243</xmin><ymin>169</ymin><xmax>65</xmax><ymax>41</ymax></bndbox></object><object><name>proposal</name><bndbox><xmin>121</xmin><ymin>133</ymin><xmax>30</xmax><ymax>61</ymax></bndbox></object><object><name>proposal</name><bndbox><xmin>253</xmin><ymin>127</ymin><xmax>54</xmax><ymax>37</ymax></bndbox></object><object><name>proposal</name><bndbox><xmin>276</xmin><ymin>251</ymin><xmax>71</xmax><ymax>30</ymax></bndbox></object><object><name>proposal</name><bndbox><xmin>176</xmin><ymin>211</ymin><xmax>31</xmax><ymax>31</ymax></bndbox></object></annotation>