<annotation><folder>Proposals</folder><filename>img-134.jpg</filename><size><width>720</width><height>720</height><depth>3</depth></size><object><name>proposal</name><bndbox><xmin>407</xmin><ymin>292</ymin><xmax>24</xmax><ymax>32</ymax></bndbox></object><object><name>proposal</name><bndbox><xmin>625</xmin><ymin>25</ymin><xmax>35</xmax><ymax>26</ymax></bndbox></object><object><name>proposal</name><bndbox><xmin>626</xmin><ymin>27</ymin><xmax>47</xmax><ymax>23</ymax></bndbox></object><object><name>proposal</name><bndbox><xmin>406</xmin><ymin>292</ymin><xmax>37</xmax><ymax>34</ymax></bndbox></object><object><name>proposal</name><bndbox><xmin>608</xmin><ymin>27</ymin><xmax>51</xmax><ymax>23</ymax></bndbox></object><object><name>proposal</name><bndbox><xmin>407</xmin><ymin>275</ymin><xmax>25</xmax><ymax>51</ymax></bndbox></object><object><name>proposal</name><bndbox><xmin>620</xmin><ymin>11</ymin><xmax>39</xmax><ymax>39</ymax></bndbox></object><object><name>proposal</name><bndbox><xmin>620</xmin><ymin>41</ymin><xmax>39</xmax><ymax>33</ymax></bndbox></object><object><name>proposal</name><bndbox><xmin>625</xmin><ymin>41</ymin><xmax>34</xmax><ymax>46</ymax></bndbox></object><object><name>proposal</name><bndbox><xmin>611</xmin><ymin>21</ymin><xmax>56</xmax><ymax>30</ymax></bndbox></object></annotation>