<annotation><folder>Proposals</folder><filename>img-618.jpg</filename><size><width>533</width><height>300</height><depth>3</depth></size><object><name>proposal</name><bndbox><xmin>243</xmin><ymin>97</ymin><xmax>49</xmax><ymax>91</ymax></bndbox></object><object><name>proposal</name><bndbox><xmin>242</xmin><ymin>222</ymin><xmax>83</xmax><ymax>74</ymax></bndbox></object><object><name>proposal</name><bndbox><xmin>241</xmin><ymin>97</ymin><xmax>84</xmax><ymax>92</ymax></bndbox></object><object><name>proposal</name><bndbox><xmin>260</xmin><ymin>4</ymin><xmax>152</xmax><ymax>77</ymax></bndbox></object><object><name>proposal</name><bndbox><xmin>261</xmin><ymin>4</ymin><xmax>151</xmax><ymax>132</ymax></bndbox></object><object><name>proposal</name><bndbox><xmin>39</xmin><ymin>17</ymin><xmax>264</xmax><ymax>171</ymax></bndbox></object><object><name>proposal</name><bndbox><xmin>243</xmin><ymin>4</ymin><xmax>169</xmax><ymax>293</ymax></bndbox></object><object><name>proposal</name><bndbox><xmin>240</xmin><ymin>1</ymin><xmax>172</xmax><ymax>188</ymax></bndbox></object><object><name>proposal</name><bndbox><xmin>241</xmin><ymin>30</ymin><xmax>99</xmax><ymax>157</ymax></bndbox></object><object><name>proposal</name><bndbox><xmin>193</xmin><ymin>223</ymin><xmax>131</xmax><ymax>73</ymax></bndbox></object><object><name>proposal</name><bndbox><xmin>246</xmin><ymin>156</ymin><xmax>45</xmax><ymax>31</ymax></bndbox></object><object><name>proposal</name><bndbox><xmin>37</xmin><ymin>4</ymin><xmax>375</xmax><ymax>133</ymax></bndbox></object><object><name>proposal</name><bndbox><xmin>218</xmin><ymin>4</ymin><xmax>265</xmax><ymax>293</ymax></bndbox></object><object><name>proposal</name><bndbox><xmin>39</xmin><ymin>20</ymin><xmax>163</xmax><ymax>104</ymax></bndbox></object><object><name>proposal</name><bndbox><xmin>238</xmin><ymin>31</ymin><xmax>103</xmax><ymax>266</ymax></bndbox></object><object><name>proposal</name><bndbox><xmin>242</xmin><ymin>4</ymin><xmax>282</xmax><ymax>185</ymax></bndbox></object><object><name>proposal</name><bndbox><xmin>242</xmin><ymin>98</ymin><xmax>85</xmax><ymax>199</ymax></bndbox></object><object><name>proposal</name><bndbox><xmin>242</xmin><ymin>32</ymin><xmax>64</xmax><ymax>156</ymax></bndbox></object><object><name>proposal</name><bndbox><xmin>38</xmin><ymin>21</ymin><xmax>163</xmax><ymax>168</ymax></bndbox></object><object><name>proposal</name><bndbox><xmin>36</xmin><ymin>3</ymin><xmax>417</xmax><ymax>185</ymax></bndbox></object><object><name>proposal</name><bndbox><xmin>243</xmin><ymin>98</ymin><xmax>65</xmax><ymax>114</ymax></bndbox></object><object><name>proposal</name><bndbox><xmin>236</xmin><ymin>3</ymin><xmax>217</xmax><ymax>117</ymax></bndbox></object><object><name>proposal</name><bndbox><xmin>39</xmin><ymin>4</ymin><xmax>374</xmax><ymax>293</ymax></bndbox></object><object><name>proposal</name><bndbox><xmin>36</xmin><ymin>16</ymin><xmax>267</xmax><ymax>112</ymax></bndbox></object><object><name>proposal</name><bndbox><xmin>260</xmin><ymin>4</ymin><xmax>212</xmax><ymax>89</ymax></bndbox></object><object><name>proposal</name><bndbox><xmin>260</xmin><ymin>32</ymin><xmax>45</xmax><ymax>45</ymax></bndbox></object><object><name>proposal</name><bndbox><xmin>234</xmin><ymin>99</ymin><xmax>136</xmax><ymax>88</ymax></bndbox></object><object><name>proposal</name><bndbox><xmin>261</xmin><ymin>30</ymin><xmax>78</xmax><ymax>107</ymax></bndbox></object><object><name>proposal</name><bndbox><xmin>100</xmin><ymin>43</ymin><xmax>54</xmax><ymax>40</ymax></bndbox></object><object><name>proposal</name><bndbox><xmin>269</xmin><ymin>29</ymin><xmax>70</xmax><ymax>73</ymax></bndbox></object><object><name>proposal</name><bndbox><xmin>100</xmin><ymin>43</ymin><xmax>53</xmax><ymax>69</ymax></bndbox></object><object><name>proposal</name><bndbox><xmin>261</xmin><ymin>32</ymin><xmax>72</xmax><ymax>47</ymax></bndbox></object><object><name>proposal</name><bndbox><xmin>176</xmin><ymin>3</ymin><xmax>237</xmax><ymax>117</ymax></bndbox></object><object><name>proposal</name><bndbox><xmin>238</xmin><ymin>64</ymin><xmax>57</xmax><ymax>125</ymax></bndbox></object><object><name>proposal</name><bndbox><xmin>268</xmin><ymin>31</ymin><xmax>35</xmax><ymax>24</ymax></bndbox></object><object><name>proposal</name><bndbox><xmin>261</xmin><ymin>52</ymin><xmax>78</xmax><ymax>49</ymax></bndbox></object><object><name>proposal</name><bndbox><xmin>218</xmin><ymin>31</ymin><xmax>121</xmax><ymax>93</ymax></bndbox></object><object><name>proposal</name><bndbox><xmin>243</xmin><ymin>99</ymin><xmax>98</xmax><ymax>142</ymax></bndbox></object><object><name>proposal</name><bndbox><xmin>240</xmin><ymin>51</ymin><xmax>139</xmax><ymax>139</ymax></bndbox></object><object><name>proposal</name><bndbox><xmin>96</xmin><ymin>45</ymin><xmax>199</xmax><ymax>143</ymax></bndbox></object><object><name>proposal</name><bndbox><xmin>244</xmin><ymin>132</ymin><xmax>49</xmax><ymax>57</ymax></bndbox></object><object><name>proposal</name><bndbox><xmin>270</xmin><ymin>31</ymin><xmax>45</xmax><ymax>33</ymax></bndbox></object><object><name>proposal</name><bndbox><xmin>100</xmin><ymin>45</ymin><xmax>55</xmax><ymax>25</ymax></bndbox></object><object><name>proposal</name><bndbox><xmin>267</xmin><ymin>1</ymin><xmax>119</xmax><ymax>101</ymax></bndbox></object><object><name>proposal</name><bndbox><xmin>240</xmin><ymin>96</ymin><xmax>152</xmax><ymax>200</ymax></bndbox></object><object><name>proposal</name><bndbox><xmin>245</xmin><ymin>51</ymin><xmax>97</xmax><ymax>71</ymax></bndbox></object><object><name>proposal</name><bndbox><xmin>304</xmin><ymin>10</ymin><xmax>145</xmax><ymax>126</ymax></bndbox></object><object><name>proposal</name><bndbox><xmin>172</xmin><ymin>15</ymin><xmax>167</xmax><ymax>174</ymax></bndbox></object><object><name>proposal</name><bndbox><xmin>205</xmin><ymin>157</ymin><xmax>121</xmax><ymax>140</ymax></bndbox></object><object><name>proposal</name><bndbox><xmin>39</xmin><ymin>12</ymin><xmax>211</xmax><ymax>88</ymax></bndbox></object><object><name>proposal</name><bndbox><xmin>292</xmin><ymin>50</ymin><xmax>47</xmax><ymax>55</ymax></bndbox></object><object><name>proposal</name><bndbox><xmin>269</xmin><ymin>3</ymin><xmax>93</xmax><ymax>68</ymax></bndbox></object><object><name>proposal</name><bndbox><xmin>204</xmin><ymin>96</ymin><xmax>88</xmax><ymax>97</ymax></bndbox></object><object><name>proposal</name><bndbox><xmin>86</xmin><ymin>17</ymin><xmax>253</xmax><ymax>280</ymax></bndbox></object><object><name>proposal</name><bndbox><xmin>243</xmin><ymin>30</ymin><xmax>124</xmax><ymax>211</ymax></bndbox></object><object><name>proposal</name><bndbox><xmin>419</xmin><ymin>10</ymin><xmax>53</xmax><ymax>63</ymax></bndbox></object><object><name>proposal</name><bndbox><xmin>263</xmin><ymin>16</ymin><xmax>42</xmax><ymax>31</ymax></bndbox></object><object><name>proposal</name><bndbox><xmin>403</xmin><ymin>11</ymin><xmax>42</xmax><ymax>29</ymax></bndbox></object><object><name>proposal</name><bndbox><xmin>268</xmin><ymin>10</ymin><xmax>256</xmax><ymax>127</ymax></bndbox></object><object><name>proposal</name><bndbox><xmin>175</xmin><ymin>4</ymin><xmax>187</xmax><ymax>294</ymax></bndbox></object><object><name>proposal</name><bndbox><xmin>300</xmin><ymin>10</ymin><xmax>115</xmax><ymax>106</ymax></bndbox></object><object><name>proposal</name><bndbox><xmin>73</xmin><ymin>45</ymin><xmax>81</xmax><ymax>66</ymax></bndbox></object><object><name>proposal</name><bndbox><xmin>35</xmin><ymin>17</ymin><xmax>221</xmax><ymax>235</ymax></bndbox></object><object><name>proposal</name><bndbox><xmin>99</xmin><ymin>16</ymin><xmax>195</xmax><ymax>225</ymax></bndbox></object><object><name>proposal</name><bndbox><xmin>419</xmin><ymin>10</ymin><xmax>102</xmax><ymax>63</ymax></bndbox></object><object><name>proposal</name><bndbox><xmin>97</xmin><ymin>44</ymin><xmax>83</xmax><ymax>45</ymax></bndbox></object><object><name>proposal</name><bndbox><xmin>103</xmin><ymin>99</ymin><xmax>190</xmax><ymax>89</ymax></bndbox></object><object><name>proposal</name><bndbox><xmin>274</xmin><ymin>45</ymin><xmax>65</xmax><ymax>73</ymax></bndbox></object><object><name>proposal</name><bndbox><xmin>270</xmin><ymin>28</ymin><xmax>38</xmax><ymax>55</ymax></bndbox></object><object><name>proposal</name><bndbox><xmin>247</xmin><ymin>31</ymin><xmax>57</xmax><ymax>93</ymax></bndbox></object><object><name>proposal</name><bndbox><xmin>238</xmin><ymin>51</ymin><xmax>211</xmax><ymax>136</ymax></bndbox></object><object><name>proposal</name><bndbox><xmin>206</xmin><ymin>29</ymin><xmax>98</xmax><ymax>159</ymax></bndbox></object><object><name>proposal</name><bndbox><xmin>238</xmin><ymin>98</ymin><xmax>57</xmax><ymax>146</ymax></bndbox></object><object><name>proposal</name><bndbox><xmin>209</xmin><ymin>16</ymin><xmax>95</xmax><ymax>45</ymax></bndbox></object><object><name>proposal</name><bndbox><xmin>241</xmin><ymin>97</ymin><xmax>283</xmax><ymax>199</ymax></bndbox></object><object><name>proposal</name><bndbox><xmin>141</xmin><ymin>157</ymin><xmax>183</xmax><ymax>140</ymax></bndbox></object><object><name>proposal</name><bndbox><xmin>73</xmin><ymin>44</ymin><xmax>79</xmax><ymax>45</ymax></bndbox></object><object><name>proposal</name><bndbox><xmin>283</xmin><ymin>52</ymin><xmax>56</xmax><ymax>87</ymax></bndbox></object><object><name>proposal</name><bndbox><xmin>202</xmin><ymin>99</ymin><xmax>63</xmax><ymax>81</ymax></bndbox></object><object><name>proposal</name><bndbox><xmin>303</xmin><ymin>10</ymin><xmax>81</xmax><ymax>93</ymax></bndbox></object><object><name>proposal</name><bndbox><xmin>416</xmin><ymin>11</ymin><xmax>31</xmax><ymax>31</ymax></bndbox></object><object><name>proposal</name><bndbox><xmin>97</xmin><ymin>45</ymin><xmax>81</xmax><ymax>66</ymax></bndbox></object><object><name>proposal</name><bndbox><xmin>137</xmin><ymin>14</ymin><xmax>156</xmax><ymax>183</ymax></bndbox></object><object><name>proposal</name><bndbox><xmin>248</xmin><ymin>28</ymin><xmax>59</xmax><ymax>54</ymax></bndbox></object><object><name>proposal</name><bndbox><xmin>223</xmin><ymin>68</ymin><xmax>110</xmax><ymax>119</ymax></bndbox></object><object><name>proposal</name><bndbox><xmin>244</xmin><ymin>147</ymin><xmax>61</xmax><ymax>40</ymax></bndbox></object><object><name>proposal</name><bndbox><xmin>193</xmin><ymin>98</ymin><xmax>132</xmax><ymax>91</ymax></bndbox></object><object><name>proposal</name><bndbox><xmin>241</xmin><ymin>97</ymin><xmax>197</xmax><ymax>91</ymax></bndbox></object><object><name>proposal</name><bndbox><xmin>248</xmin><ymin>32</ymin><xmax>79</xmax><ymax>38</ymax></bndbox></object><object><name>proposal</name><bndbox><xmin>303</xmin><ymin>11</ymin><xmax>170</xmax><ymax>183</ymax></bndbox></object><object><name>proposal</name><bndbox><xmin>246</xmin><ymin>223</ymin><xmax>117</xmax><ymax>73</ymax></bndbox></object><object><name>proposal</name><bndbox><xmin>248</xmin><ymin>4</ymin><xmax>55</xmax><ymax>44</ymax></bndbox></object><object><name>proposal</name><bndbox><xmin>179</xmin><ymin>16</ymin><xmax>125</xmax><ymax>62</ymax></bndbox></object><object><name>proposal</name><bndbox><xmin>437</xmin><ymin>4</ymin><xmax>38</xmax><ymax>21</ymax></bndbox></object><object><name>proposal</name><bndbox><xmin>443</xmin><ymin>15</ymin><xmax>29</xmax><ymax>42</ymax></bndbox></object><object><name>proposal</name><bndbox><xmin>238</xmin><ymin>37</ymin><xmax>213</xmax><ymax>223</ymax></bndbox></object><object><name>proposal</name><bndbox><xmin>248</xmin><ymin>30</ymin><xmax>86</xmax><ymax>83</ymax></bndbox></object><object><name>proposal</name><bndbox><xmin>86</xmin><ymin>12</ymin><xmax>277</xmax><ymax>110</ymax></bndbox></object><object><name>proposal</name><bndbox><xmin>179</xmin><ymin>4</ymin><xmax>215</xmax><ymax>83</ymax></bndbox></object><object><name>proposal</name><bndbox><xmin>270</xmin><ymin>1</ymin><xmax>39</xmax><ymax>48</ymax></bndbox></object><object><name>proposal</name><bndbox><xmin>248</xmin><ymin>31</ymin><xmax>56</xmax><ymax>32</ymax></bndbox></object><object><name>proposal</name><bndbox><xmin>245</xmin><ymin>147</ymin><xmax>109</xmax><ymax>150</ymax></bndbox></object><object><name>proposal</name><bndbox><xmin>443</xmin><ymin>14</ymin><xmax>78</xmax><ymax>45</ymax></bndbox></object><object><name>proposal</name><bndbox><xmin>179</xmin><ymin>8</ymin><xmax>125</xmax><ymax>53</ymax></bndbox></object><object><name>proposal</name><bndbox><xmin>468</xmin><ymin>45</ymin><xmax>56</xmax><ymax>85</ymax></bndbox></object><object><name>proposal</name><bndbox><xmin>214</xmin><ymin>32</ymin><xmax>122</xmax><ymax>48</ymax></bndbox></object><object><name>proposal</name><bndbox><xmin>242</xmin><ymin>100</ymin><xmax>81</xmax><ymax>59</ymax></bndbox></object><object><name>proposal</name><bndbox><xmin>428</xmin><ymin>11</ymin><xmax>53</xmax><ymax>72</ymax></bndbox></object><object><name>proposal</name><bndbox><xmin>173</xmin><ymin>93</ymin><xmax>92</xmax><ymax>88</ymax></bndbox></object><object><name>proposal</name><bndbox><xmin>179</xmin><ymin>17</ymin><xmax>161</xmax><ymax>99</ymax></bndbox></object><object><name>proposal</name><bndbox><xmin>310</xmin><ymin>9</ymin><xmax>102</xmax><ymax>157</ymax></bndbox></object><object><name>proposal</name><bndbox><xmin>419</xmin><ymin>11</ymin><xmax>106</xmax><ymax>119</ymax></bndbox></object><object><name>proposal</name><bndbox><xmin>243</xmin><ymin>117</ymin><xmax>64</xmax><ymax>74</ymax></bndbox></object><object><name>proposal</name><bndbox><xmin>87</xmin><ymin>17</ymin><xmax>182</xmax><ymax>154</ymax></bndbox></object><object><name>proposal</name><bndbox><xmin>480</xmin><ymin>48</ymin><xmax>42</xmax><ymax>29</ymax></bndbox></object><object><name>proposal</name><bndbox><xmin>92</xmin><ymin>43</ymin><xmax>66</xmax><ymax>94</ymax></bndbox></object><object><name>proposal</name><bndbox><xmin>213</xmin><ymin>46</ymin><xmax>130</xmax><ymax>55</ymax></bndbox></object><object><name>proposal</name><bndbox><xmin>260</xmin><ymin>30</ymin><xmax>59</xmax><ymax>66</ymax></bndbox></object><object><name>proposal</name><bndbox><xmin>31</xmin><ymin>99</ymin><xmax>294</xmax><ymax>197</ymax></bndbox></object><object><name>proposal</name><bndbox><xmin>431</xmin><ymin>11</ymin><xmax>42</xmax><ymax>45</ymax></bndbox></object><object><name>proposal</name><bndbox><xmin>120</xmin><ymin>99</ymin><xmax>173</xmax><ymax>145</ymax></bndbox></object><object><name>proposal</name><bndbox><xmin>40</xmin><ymin>35</ymin><xmax>112</xmax><ymax>93</ymax></bndbox></object><object><name>proposal</name><bndbox><xmin>39</xmin><ymin>43</ymin><xmax>113</xmax><ymax>52</ymax></bndbox></object><object><name>proposal</name><bndbox><xmin>320</xmin><ymin>64</ymin><xmax>46</xmax><ymax>37</ymax></bndbox></object><object><name>proposal</name><bndbox><xmin>217</xmin><ymin>32</ymin><xmax>87</xmax><ymax>37</ymax></bndbox></object><object><name>proposal</name><bndbox><xmin>382</xmin><ymin>10</ymin><xmax>92</xmax><ymax>65</ymax></bndbox></object><object><name>proposal</name><bndbox><xmin>381</xmin><ymin>7</ymin><xmax>66</xmax><ymax>51</ymax></bndbox></object><object><name>proposal</name><bndbox><xmin>303</xmin><ymin>10</ymin><xmax>221</xmax><ymax>225</ymax></bndbox></object><object><name>proposal</name><bndbox><xmin>173</xmin><ymin>98</ymin><xmax>120</xmax><ymax>110</ymax></bndbox></object><object><name>proposal</name><bndbox><xmin>304</xmin><ymin>52</ymin><xmax>40</xmax><ymax>87</ymax></bndbox></object><object><name>proposal</name><bndbox><xmin>171</xmin><ymin>14</ymin><xmax>99</xmax><ymax>169</ymax></bndbox></object><object><name>proposal</name><bndbox><xmin>321</xmin><ymin>64</ymin><xmax>28</xmax><ymax>38</ymax></bndbox></object><object><name>proposal</name><bndbox><xmin>400</xmin><ymin>1</ymin><xmax>45</xmax><ymax>42</ymax></bndbox></object><object><name>proposal</name><bndbox><xmin>92</xmin><ymin>17</ymin><xmax>201</xmax><ymax>77</ymax></bndbox></object><object><name>proposal</name><bndbox><xmin>302</xmin><ymin>34</ymin><xmax>148</xmax><ymax>71</ymax></bndbox></object><object><name>proposal</name><bndbox><xmin>419</xmin><ymin>29</ymin><xmax>31</xmax><ymax>45</ymax></bndbox></object><object><name>proposal</name><bndbox><xmin>384</xmin><ymin>28</ymin><xmax>66</xmax><ymax>47</ymax></bndbox></object><object><name>proposal</name><bndbox><xmin>238</xmin><ymin>28</ymin><xmax>66</xmax><ymax>28</ymax></bndbox></object><object><name>proposal</name><bndbox><xmin>216</xmin><ymin>24</ymin><xmax>87</xmax><ymax>98</ymax></bndbox></object><object><name>proposal</name><bndbox><xmin>236</xmin><ymin>29</ymin><xmax>90</xmax><ymax>123</ymax></bndbox></object><object><name>proposal</name><bndbox><xmin>270</xmin><ymin>29</ymin><xmax>37</xmax><ymax>87</ymax></bndbox></object><object><name>proposal</name><bndbox><xmin>270</xmin><ymin>5</ymin><xmax>66</xmax><ymax>43</ymax></bndbox></object><object><name>proposal</name><bndbox><xmin>179</xmin><ymin>16</ymin><xmax>69</xmax><ymax>45</ymax></bndbox></object><object><name>proposal</name><bndbox><xmin>93</xmin><ymin>16</ymin><xmax>149</xmax><ymax>94</ymax></bndbox></object><object><name>proposal</name><bndbox><xmin>204</xmin><ymin>99</ymin><xmax>89</xmax><ymax>145</ymax></bndbox></object><object><name>proposal</name><bndbox><xmin>141</xmin><ymin>96</ymin><xmax>183</xmax><ymax>104</ymax></bndbox></object><object><name>proposal</name><bndbox><xmin>301</xmin><ymin>17</ymin><xmax>105</xmax><ymax>65</ymax></bndbox></object><object><name>proposal</name><bndbox><xmin>424</xmin><ymin>15</ymin><xmax>60</xmax><ymax>44</ymax></bndbox></object><object><name>proposal</name><bndbox><xmin>224</xmin><ymin>97</ymin><xmax>41</xmax><ymax>83</ymax></bndbox></object><object><name>proposal</name><bndbox><xmin>267</xmin><ymin>230</ymin><xmax>57</xmax><ymax>70</ymax></bndbox></object><object><name>proposal</name><bndbox><xmin>354</xmin><ymin>9</ymin><xmax>172</xmax><ymax>121</ymax></bndbox></object><object><name>proposal</name><bndbox><xmin>209</xmin><ymin>7</ymin><xmax>95</xmax><ymax>40</ymax></bndbox></object><object><name>proposal</name><bndbox><xmin>98</xmin><ymin>43</ymin><xmax>114</xmax><ymax>53</ymax></bndbox></object><object><name>proposal</name><bndbox><xmin>231</xmin><ymin>147</ymin><xmax>61</xmax><ymax>40</ymax></bndbox></object><object><name>proposal</name><bndbox><xmin>242</xmin><ymin>12</ymin><xmax>136</xmax><ymax>131</ymax></bndbox></object><object><name>proposal</name><bndbox><xmin>303</xmin><ymin>44</ymin><xmax>221</xmax><ymax>102</ymax></bndbox></object><object><name>proposal</name><bndbox><xmin>442</xmin><ymin>15</ymin><xmax>32</xmax><ymax>24</ymax></bndbox></object><object><name>proposal</name><bndbox><xmin>412</xmin><ymin>51</ymin><xmax>38</xmax><ymax>22</ymax></bndbox></object><object><name>proposal</name><bndbox><xmin>241</xmin><ymin>97</ymin><xmax>283</xmax><ymax>101</ymax></bndbox></object><object><name>proposal</name><bndbox><xmin>419</xmin><ymin>9</ymin><xmax>68</xmax><ymax>89</ymax></bndbox></object><object><name>proposal</name><bndbox><xmin>246</xmin><ymin>24</ymin><xmax>165</xmax><ymax>77</ymax></bndbox></object><object><name>proposal</name><bndbox><xmin>242</xmin><ymin>58</ymin><xmax>282</xmax><ymax>183</ymax></bndbox></object><object><name>proposal</name><bndbox><xmin>173</xmin><ymin>59</ymin><xmax>120</xmax><ymax>131</ymax></bndbox></object><object><name>proposal</name><bndbox><xmin>304</xmin><ymin>12</ymin><xmax>69</xmax><ymax>69</ymax></bndbox></object><object><name>proposal</name><bndbox><xmin>261</xmin><ymin>28</ymin><xmax>42</xmax><ymax>21</ymax></bndbox></object><object><name>proposal</name><bndbox><xmin>372</xmin><ymin>10</ymin><xmax>152</xmax><ymax>69</ymax></bndbox></object><object><name>proposal</name><bndbox><xmin>381</xmin><ymin>11</ymin><xmax>91</xmax><ymax>43</ymax></bndbox></object><object><name>proposal</name><bndbox><xmin>384</xmin><ymin>33</ymin><xmax>59</xmax><ymax>25</ymax></bndbox></object><object><name>proposal</name><bndbox><xmin>156</xmin><ymin>32</ymin><xmax>187</xmax><ymax>104</ymax></bndbox></object><object><name>proposal</name><bndbox><xmin>261</xmin><ymin>46</ymin><xmax>31</xmax><ymax>31</ymax></bndbox></object><object><name>proposal</name><bndbox><xmin>248</xmin><ymin>45</ymin><xmax>85</xmax><ymax>37</ymax></bndbox></object><object><name>proposal</name><bndbox><xmin>384</xmin><ymin>11</ymin><xmax>65</xmax><ymax>83</ymax></bndbox></object><object><name>proposal</name><bndbox><xmin>303</xmin><ymin>52</ymin><xmax>63</xmax><ymax>85</ymax></bndbox></object><object><name>proposal</name><bndbox><xmin>480</xmin><ymin>18</ymin><xmax>42</xmax><ymax>42</ymax></bndbox></object><object><name>proposal</name><bndbox><xmin>400</xmin><ymin>11</ymin><xmax>45</xmax><ymax>45</ymax></bndbox></object><object><name>proposal</name><bndbox><xmin>100</xmin><ymin>31</ymin><xmax>54</xmax><ymax>34</ymax></bndbox></object><object><name>proposal</name><bndbox><xmin>403</xmin><ymin>11</ymin><xmax>71</xmax><ymax>30</ymax></bndbox></object><object><name>proposal</name><bndbox><xmin>90</xmin><ymin>36</ymin><xmax>203</xmax><ymax>103</ymax></bndbox></object><object><name>proposal</name><bndbox><xmin>303</xmin><ymin>10</ymin><xmax>121</xmax><ymax>219</ymax></bndbox></object><object><name>proposal</name><bndbox><xmin>442</xmin><ymin>13</ymin><xmax>50</xmax><ymax>40</ymax></bndbox></object><object><name>proposal</name><bndbox><xmin>241</xmin><ymin>28</ymin><xmax>212</xmax><ymax>122</ymax></bndbox></object><object><name>proposal</name><bndbox><xmin>217</xmin><ymin>95</ymin><xmax>106</xmax><ymax>167</ymax></bndbox></object><object><name>proposal</name><bndbox><xmin>218</xmin><ymin>46</ymin><xmax>74</xmax><ymax>74</ymax></bndbox></object><object><name>proposal</name><bndbox><xmin>68</xmin><ymin>35</ymin><xmax>106</xmax><ymax>101</ymax></bndbox></object><object><name>proposal</name><bndbox><xmin>242</xmin><ymin>130</ymin><xmax>87</xmax><ymax>58</ymax></bndbox></object><object><name>proposal</name><bndbox><xmin>246</xmin><ymin>145</ymin><xmax>188</xmax><ymax>152</ymax></bndbox></object><object><name>proposal</name><bndbox><xmin>194</xmin><ymin>98</ymin><xmax>72</xmax><ymax>114</ymax></bndbox></object><object><name>proposal</name><bndbox><xmin>254</xmin><ymin>68</ymin><xmax>81</xmax><ymax>53</ymax></bndbox></object><object><name>proposal</name><bndbox><xmin>274</xmin><ymin>52</ymin><xmax>67</xmax><ymax>114</ymax></bndbox></object><object><name>proposal</name><bndbox><xmin>248</xmin><ymin>51</ymin><xmax>47</xmax><ymax>27</ymax></bndbox></object><object><name>proposal</name><bndbox><xmin>86</xmin><ymin>21</ymin><xmax>132</xmax><ymax>167</ymax></bndbox></object><object><name>proposal</name><bndbox><xmin>179</xmin><ymin>17</ymin><xmax>59</xmax><ymax>81</ymax></bndbox></object><object><name>proposal</name><bndbox><xmin>247</xmin><ymin>31</ymin><xmax>103</xmax><ymax>59</ymax></bndbox></object><object><name>proposal</name><bndbox><xmin>92</xmin><ymin>43</ymin><xmax>74</xmax><ymax>145</ymax></bndbox></object><object><name>proposal</name><bndbox><xmin>317</xmin><ymin>34</ymin><xmax>89</xmax><ymax>68</ymax></bndbox></object><object><name>proposal</name><bndbox><xmin>92</xmin><ymin>33</ymin><xmax>101</xmax><ymax>93</ymax></bndbox></object><object><name>proposal</name><bndbox><xmin>316</xmin><ymin>61</ymin><xmax>66</xmax><ymax>41</ymax></bndbox></object><object><name>proposal</name><bndbox><xmin>91</xmin><ymin>24</ymin><xmax>87</xmax><ymax>133</ymax></bndbox></object><object><name>proposal</name><bndbox><xmin>241</xmin><ymin>61</ymin><xmax>100</xmax><ymax>92</ymax></bndbox></object><object><name>proposal</name><bndbox><xmin>302</xmin><ymin>47</ymin><xmax>149</xmax><ymax>104</ymax></bndbox></object><object><name>proposal</name><bndbox><xmin>334</xmin><ymin>11</ymin><xmax>116</xmax><ymax>84</ymax></bndbox></object><object><name>proposal</name><bndbox><xmin>423</xmin><ymin>42</ymin><xmax>100</xmax><ymax>56</ymax></bndbox></object><object><name>proposal</name><bndbox><xmin>442</xmin><ymin>3</ymin><xmax>51</xmax><ymax>23</ymax></bndbox></object><object><name>proposal</name><bndbox><xmin>421</xmin><ymin>47</ymin><xmax>103</xmax><ymax>35</ymax></bndbox></object><object><name>proposal</name><bndbox><xmin>139</xmin><ymin>86</ymin><xmax>126</xmax><ymax>104</ymax></bndbox></object><object><name>proposal</name><bndbox><xmin>465</xmin><ymin>44</ymin><xmax>59</xmax><ymax>53</ymax></bndbox></object><object><name>proposal</name><bndbox><xmin>92</xmin><ymin>24</ymin><xmax>126</xmax><ymax>56</ymax></bndbox></object><object><name>proposal</name><bndbox><xmin>417</xmin><ymin>15</ymin><xmax>95</xmax><ymax>43</ymax></bndbox></object><object><name>proposal</name><bndbox><xmin>258</xmin><ymin>26</ymin><xmax>135</xmax><ymax>52</ymax></bndbox></object><object><name>proposal</name><bndbox><xmin>238</xmin><ymin>21</ymin><xmax>66</xmax><ymax>28</ymax></bndbox></object><object><name>proposal</name><bndbox><xmin>99</xmin><ymin>44</ymin><xmax>152</xmax><ymax>67</ymax></bndbox></object><object><name>proposal</name><bndbox><xmin>232</xmin><ymin>4</ymin><xmax>72</xmax><ymax>53</ymax></bndbox></object><object><name>proposal</name><bndbox><xmin>397</xmin><ymin>51</ymin><xmax>55</xmax><ymax>25</ymax></bndbox></object><object><name>proposal</name><bndbox><xmin>209</xmin><ymin>5</ymin><xmax>96</xmax><ymax>76</ymax></bndbox></object><object><name>proposal</name><bndbox><xmin>291</xmin><ymin>99</ymin><xmax>31</xmax><ymax>42</ymax></bndbox></object><object><name>proposal</name><bndbox><xmin>136</xmin><ymin>156</ymin><xmax>31</xmax><ymax>31</ymax></bndbox></object><object><name>proposal</name><bndbox><xmin>353</xmin><ymin>10</ymin><xmax>131</xmax><ymax>48</ymax></bndbox></object><object><name>proposal</name><bndbox><xmin>389</xmin><ymin>2</ymin><xmax>83</xmax><ymax>39</ymax></bndbox></object><object><name>proposal</name><bndbox><xmin>381</xmin><ymin>11</ymin><xmax>101</xmax><ymax>110</ymax></bndbox></object><object><name>proposal</name><bndbox><xmin>161</xmin><ymin>16</ymin><xmax>143</xmax><ymax>246</ymax></bndbox></object><object><name>proposal</name><bndbox><xmin>300</xmin><ymin>49</ymin><xmax>123</xmax><ymax>52</ymax></bndbox></object><object><name>proposal</name><bndbox><xmin>173</xmin><ymin>98</ymin><xmax>97</xmax><ymax>144</ymax></bndbox></object><object><name>proposal</name><bndbox><xmin>163</xmin><ymin>3</ymin><xmax>73</xmax><ymax>37</ymax></bndbox></object><object><name>proposal</name><bndbox><xmin>5</xmin><ymin>29</ymin><xmax>159</xmax><ymax>127</ymax></bndbox></object><object><name>proposal</name><bndbox><xmin>194</xmin><ymin>47</ymin><xmax>72</xmax><ymax>135</ymax></bndbox></object><object><name>proposal</name><bndbox><xmin>246</xmin><ymin>157</ymin><xmax>57</xmax><ymax>87</ymax></bndbox></object><object><name>proposal</name><bndbox><xmin>173</xmin><ymin>17</ymin><xmax>77</xmax><ymax>65</ymax></bndbox></object><object><name>proposal</name><bndbox><xmin>319</xmin><ymin>64</ymin><xmax>40</xmax><ymax>50</ymax></bndbox></object><object><name>proposal</name><bndbox><xmin>7</xmin><ymin>22</ymin><xmax>179</xmax><ymax>207</ymax></bndbox></object><object><name>proposal</name><bndbox><xmin>479</xmin><ymin>46</ymin><xmax>49</xmax><ymax>44</ymax></bndbox></object><object><name>proposal</name><bndbox><xmin>259</xmin><ymin>68</ymin><xmax>37</xmax><ymax>54</ymax></bndbox></object><object><name>proposal</name><bndbox><xmin>357</xmin><ymin>11</ymin><xmax>167</xmax><ymax>183</ymax></bndbox></object><object><name>proposal</name><bndbox><xmin>304</xmin><ymin>52</ymin><xmax>97</xmax><ymax>112</ymax></bndbox></object><object><name>proposal</name><bndbox><xmin>260</xmin><ymin>32</ymin><xmax>100</xmax><ymax>167</ymax></bndbox></object><object><name>proposal</name><bndbox><xmin>381</xmin><ymin>10</ymin><xmax>67</xmax><ymax>33</ymax></bndbox></object><object><name>proposal</name><bndbox><xmin>141</xmin><ymin>140</ymin><xmax>25</xmax><ymax>47</ymax></bndbox></object><object><name>proposal</name><bndbox><xmin>72</xmin><ymin>43</ymin><xmax>81</xmax><ymax>124</ymax></bndbox></object><object><name>proposal</name><bndbox><xmin>439</xmin><ymin>12</ymin><xmax>44</xmax><ymax>60</ymax></bndbox></object><object><name>proposal</name><bndbox><xmin>415</xmin><ymin>49</ymin><xmax>34</xmax><ymax>34</ymax></bndbox></object><object><name>proposal</name><bndbox><xmin>481</xmin><ymin>47</ymin><xmax>42</xmax><ymax>20</ymax></bndbox></object><object><name>proposal</name><bndbox><xmin>39</xmin><ymin>34</ymin><xmax>115</xmax><ymax>163</ymax></bndbox></object><object><name>proposal</name><bndbox><xmin>303</xmin><ymin>50</ymin><xmax>54</xmax><ymax>54</ymax></bndbox></object><object><name>proposal</name><bndbox><xmin>333</xmin><ymin>11</ymin><xmax>81</xmax><ymax>120</ymax></bndbox></object><object><name>proposal</name><bndbox><xmin>425</xmin><ymin>58</ymin><xmax>24</xmax><ymax>38</ymax></bndbox></object><object><name>proposal</name><bndbox><xmin>61</xmin><ymin>37</ymin><xmax>91</xmax><ymax>45</ymax></bndbox></object><object><name>proposal</name><bndbox><xmin>288</xmin><ymin>51</ymin><xmax>45</xmax><ymax>33</ymax></bndbox></object><object><name>proposal</name><bndbox><xmin>174</xmin><ymin>98</ymin><xmax>148</xmax><ymax>142</ymax></bndbox></object><object><name>proposal</name><bndbox><xmin>141</xmin><ymin>94</ymin><xmax>183</xmax><ymax>192</ymax></bndbox></object><object><name>proposal</name><bndbox><xmin>353</xmin><ymin>1</ymin><xmax>99</xmax><ymax>43</ymax></bndbox></object><object><name>proposal</name><bndbox><xmin>468</xmin><ymin>6</ymin><xmax>54</xmax><ymax>54</ymax></bndbox></object><object><name>proposal</name><bndbox><xmin>208</xmin><ymin>1</ymin><xmax>151</xmax><ymax>67</ymax></bndbox></object><object><name>proposal</name><bndbox><xmin>303</xmin><ymin>6</ymin><xmax>67</xmax><ymax>130</ymax></bndbox></object><object><name>proposal</name><bndbox><xmin>320</xmin><ymin>18</ymin><xmax>53</xmax><ymax>84</ymax></bndbox></object><object><name>proposal</name><bndbox><xmin>246</xmin><ymin>36</ymin><xmax>48</xmax><ymax>42</ymax></bndbox></object><object><name>proposal</name><bndbox><xmin>140</xmin><ymin>140</ymin><xmax>45</xmax><ymax>49</ymax></bndbox></object><object><name>proposal</name><bndbox><xmin>94</xmin><ymin>28</ymin><xmax>59</xmax><ymax>54</ymax></bndbox></object><object><name>proposal</name><bndbox><xmin>424</xmin><ymin>37</ymin><xmax>58</xmax><ymax>37</ymax></bndbox></object><object><name>proposal</name><bndbox><xmin>309</xmin><ymin>61</ymin><xmax>92</xmax><ymax>76</ymax></bndbox></object><object><name>proposal</name><bndbox><xmin>55</xmin><ymin>64</ymin><xmax>34</xmax><ymax>31</ymax></bndbox></object><object><name>proposal</name><bndbox><xmin>431</xmin><ymin>8</ymin><xmax>42</xmax><ymax>31</ymax></bndbox></object><object><name>proposal</name><bndbox><xmin>259</xmin><ymin>69</ymin><xmax>35</xmax><ymax>24</ymax></bndbox></object><object><name>proposal</name><bndbox><xmin>419</xmin><ymin>11</ymin><xmax>107</xmax><ymax>183</ymax></bndbox></object><object><name>proposal</name><bndbox><xmin>45</xmin><ymin>64</ymin><xmax>42</xmax><ymax>21</ymax></bndbox></object><object><name>proposal</name><bndbox><xmin>418</xmin><ymin>11</ymin><xmax>63</xmax><ymax>128</ymax></bndbox></object><object><name>proposal</name><bndbox><xmin>383</xmin><ymin>29</ymin><xmax>66</xmax><ymax>85</ymax></bndbox></object><object><name>proposal</name><bndbox><xmin>137</xmin><ymin>17</ymin><xmax>112</xmax><ymax>80</ymax></bndbox></object><object><name>proposal</name><bndbox><xmin>287</xmin><ymin>5</ymin><xmax>52</xmax><ymax>96</ymax></bndbox></object><object><name>proposal</name><bndbox><xmin>442</xmin><ymin>15</ymin><xmax>51</xmax><ymax>25</ymax></bndbox></object><object><name>proposal</name><bndbox><xmin>480</xmin><ymin>45</ymin><xmax>41</xmax><ymax>60</ymax></bndbox></object><object><name>proposal</name><bndbox><xmin>479</xmin><ymin>31</ymin><xmax>49</xmax><ymax>28</ymax></bndbox></object><object><name>proposal</name><bndbox><xmin>243</xmin><ymin>49</ymin><xmax>128</xmax><ymax>90</ymax></bndbox></object><object><name>proposal</name><bndbox><xmin>8</xmin><ymin>57</ymin><xmax>295</xmax><ymax>187</ymax></bndbox></object><object><name>proposal</name><bndbox><xmin>260</xmin><ymin>5</ymin><xmax>45</xmax><ymax>51</ymax></bndbox></object><object><name>proposal</name><bndbox><xmin>270</xmin><ymin>7</ymin><xmax>64</xmax><ymax>64</ymax></bndbox></object><object><name>proposal</name><bndbox><xmin>244</xmin><ymin>33</ymin><xmax>41</xmax><ymax>24</ymax></bndbox></object><object><name>proposal</name><bndbox><xmin>441</xmin><ymin>13</ymin><xmax>41</xmax><ymax>87</ymax></bndbox></object><object><name>proposal</name><bndbox><xmin>250</xmin><ymin>100</ymin><xmax>44</xmax><ymax>65</ymax></bndbox></object><object><name>proposal</name><bndbox><xmin>317</xmin><ymin>21</ymin><xmax>73</xmax><ymax>93</ymax></bndbox></object><object><name>proposal</name><bndbox><xmin>68</xmin><ymin>22</ymin><xmax>101</xmax><ymax>178</ymax></bndbox></object><object><name>proposal</name><bndbox><xmin>328</xmin><ymin>11</ymin><xmax>65</xmax><ymax>90</ymax></bndbox></object><object><name>proposal</name><bndbox><xmin>309</xmin><ymin>95</ymin><xmax>45</xmax><ymax>42</ymax></bndbox></object><object><name>proposal</name><bndbox><xmin>217</xmin><ymin>33</ymin><xmax>75</xmax><ymax>49</ymax></bndbox></object><object><name>proposal</name><bndbox><xmin>351</xmin><ymin>8</ymin><xmax>100</xmax><ymax>149</ymax></bndbox></object><object><name>proposal</name><bndbox><xmin>217</xmin><ymin>35</ymin><xmax>55</xmax><ymax>25</ymax></bndbox></object><object><name>proposal</name><bndbox><xmin>413</xmin><ymin>29</ymin><xmax>55</xmax><ymax>44</ymax></bndbox></object><object><name>proposal</name><bndbox><xmin>241</xmin><ymin>170</ymin><xmax>53</xmax><ymax>72</ymax></bndbox></object><object><name>proposal</name><bndbox><xmin>295</xmin><ymin>86</ymin><xmax>27</xmax><ymax>51</ymax></bndbox></object><object><name>proposal</name><bndbox><xmin>275</xmin><ymin>100</ymin><xmax>49</xmax><ymax>57</ymax></bndbox></object><object><name>proposal</name><bndbox><xmin>424</xmin><ymin>37</ymin><xmax>37</xmax><ymax>37</ymax></bndbox></object><object><name>proposal</name><bndbox><xmin>281</xmin><ymin>95</ymin><xmax>42</xmax><ymax>42</ymax></bndbox></object><object><name>proposal</name><bndbox><xmin>416</xmin><ymin>6</ymin><xmax>30</xmax><ymax>61</ymax></bndbox></object><object><name>proposal</name><bndbox><xmin>468</xmin><ymin>82</ymin><xmax>60</xmax><ymax>47</ymax></bndbox></object><object><name>proposal</name><bndbox><xmin>259</xmin><ymin>31</ymin><xmax>33</xmax><ymax>91</ymax></bndbox></object><object><name>proposal</name><bndbox><xmin>128</xmin><ymin>12</ymin><xmax>199</xmax><ymax>76</ymax></bndbox></object><object><name>proposal</name><bndbox><xmin>242</xmin><ymin>4</ymin><xmax>98</xmax><ymax>75</ymax></bndbox></object><object><name>proposal</name><bndbox><xmin>407</xmin><ymin>50</ymin><xmax>42</xmax><ymax>42</ymax></bndbox></object><object><name>proposal</name><bndbox><xmin>232</xmin><ymin>49</ymin><xmax>61</xmax><ymax>30</ymax></bndbox></object><object><name>proposal</name><bndbox><xmin>317</xmin><ymin>61</ymin><xmax>64</xmax><ymax>69</ymax></bndbox></object><object><name>proposal</name><bndbox><xmin>309</xmin><ymin>60</ymin><xmax>45</xmax><ymax>81</ymax></bndbox></object><object><name>proposal</name><bndbox><xmin>217</xmin><ymin>14</ymin><xmax>53</xmax><ymax>49</ymax></bndbox></object><object><name>proposal</name><bndbox><xmin>244</xmin><ymin>157</ymin><xmax>102</xmax><ymax>84</ymax></bndbox></object><object><name>proposal</name><bndbox><xmin>339</xmin><ymin>10</ymin><xmax>143</xmax><ymax>229</ymax></bndbox></object><object><name>proposal</name><bndbox><xmin>407</xmin><ymin>9</ymin><xmax>43</xmax><ymax>75</ymax></bndbox></object><object><name>proposal</name><bndbox><xmin>386</xmin><ymin>46</ymin><xmax>65</xmax><ymax>41</ymax></bndbox></object><object><name>proposal</name><bndbox><xmin>260</xmin><ymin>21</ymin><xmax>45</xmax><ymax>33</ymax></bndbox></object><object><name>proposal</name><bndbox><xmin>138</xmin><ymin>145</ymin><xmax>155</xmax><ymax>97</ymax></bndbox></object><object><name>proposal</name><bndbox><xmin>241</xmin><ymin>4</ymin><xmax>62</xmax><ymax>74</ymax></bndbox></object><object><name>proposal</name><bndbox><xmin>304</xmin><ymin>52</ymin><xmax>75</xmax><ymax>148</ymax></bndbox></object><object><name>proposal</name><bndbox><xmin>39</xmin><ymin>40</ymin><xmax>49</xmax><ymax>69</ymax></bndbox></object><object><name>proposal</name><bndbox><xmin>56</xmin><ymin>60</ymin><xmax>31</xmax><ymax>45</ymax></bndbox></object><object><name>proposal</name><bndbox><xmin>317</xmin><ymin>61</ymin><xmax>85</xmax><ymax>51</ymax></bndbox></object><object><name>proposal</name><bndbox><xmin>320</xmin><ymin>49</ymin><xmax>53</xmax><ymax>60</ymax></bndbox></object><object><name>proposal</name><bndbox><xmin>97</xmin><ymin>29</ymin><xmax>107</xmax><ymax>40</ymax></bndbox></object><object><name>proposal</name><bndbox><xmin>244</xmin><ymin>66</ymin><xmax>60</xmax><ymax>51</ymax></bndbox></object><object><name>proposal</name><bndbox><xmin>246</xmin><ymin>149</ymin><xmax>44</xmax><ymax>55</ymax></bndbox></object><object><name>proposal</name><bndbox><xmin>438</xmin><ymin>39</ymin><xmax>87</xmax><ymax>97</ymax></bndbox></object><object><name>proposal</name><bndbox><xmin>211</xmin><ymin>15</ymin><xmax>42</xmax><ymax>45</ymax></bndbox></object><object><name>proposal</name><bndbox><xmin>421</xmin><ymin>51</ymin><xmax>28</xmax><ymax>66</ymax></bndbox></object><object><name>proposal</name><bndbox><xmin>216</xmin><ymin>28</ymin><xmax>76</xmax><ymax>28</ymax></bndbox></object><object><name>proposal</name><bndbox><xmin>298</xmin><ymin>52</ymin><xmax>48</xmax><ymax>114</ymax></bndbox></object><object><name>proposal</name><bndbox><xmin>246</xmin><ymin>185</ymin><xmax>252</xmax><ymax>111</ymax></bndbox></object><object><name>proposal</name><bndbox><xmin>177</xmin><ymin>17</ymin><xmax>92</xmax><ymax>92</ymax></bndbox></object><object><name>proposal</name><bndbox><xmin>410</xmin><ymin>10</ymin><xmax>46</xmax><ymax>31</ymax></bndbox></object><object><name>proposal</name><bndbox><xmin>5</xmin><ymin>41</ymin><xmax>84</xmax><ymax>84</ymax></bndbox></object><object><name>proposal</name><bndbox><xmin>162</xmin><ymin>17</ymin><xmax>87</xmax><ymax>101</ymax></bndbox></object><object><name>proposal</name><bndbox><xmin>424</xmin><ymin>51</ymin><xmax>55</xmax><ymax>23</ymax></bndbox></object><object><name>proposal</name><bndbox><xmin>86</xmin><ymin>21</ymin><xmax>100</xmax><ymax>217</ymax></bndbox></object><object><name>proposal</name><bndbox><xmin>463</xmin><ymin>97</ymin><xmax>61</xmax><ymax>81</ymax></bndbox></object><object><name>proposal</name><bndbox><xmin>243</xmin><ymin>99</ymin><xmax>60</xmax><ymax>44</ymax></bndbox></object><object><name>proposal</name><bndbox><xmin>375</xmin><ymin>34</ymin><xmax>151</xmax><ymax>129</ymax></bndbox></object><object><name>proposal</name><bndbox><xmin>274</xmin><ymin>36</ymin><xmax>106</xmax><ymax>264</ymax></bndbox></object><object><name>proposal</name><bndbox><xmin>301</xmin><ymin>97</ymin><xmax>21</xmax><ymax>42</ymax></bndbox></object><object><name>proposal</name><bndbox><xmin>65</xmin><ymin>29</ymin><xmax>89</xmax><ymax>68</ymax></bndbox></object><object><name>proposal</name><bndbox><xmin>141</xmin><ymin>172</ymin><xmax>25</xmax><ymax>51</ymax></bndbox></object><object><name>proposal</name><bndbox><xmin>73</xmin><ymin>38</ymin><xmax>79</xmax><ymax>33</ymax></bndbox></object><object><name>proposal</name><bndbox><xmin>261</xmin><ymin>67</ymin><xmax>29</xmax><ymax>39</ymax></bndbox></object><object><name>proposal</name><bndbox><xmin>175</xmin><ymin>145</ymin><xmax>35</xmax><ymax>24</ymax></bndbox></object><object><name>proposal</name><bndbox><xmin>246</xmin><ymin>67</ymin><xmax>45</xmax><ymax>42</ymax></bndbox></object><object><name>proposal</name><bndbox><xmin>125</xmin><ymin>166</ymin><xmax>42</xmax><ymax>21</ymax></bndbox></object><object><name>proposal</name><bndbox><xmin>217</xmin><ymin>46</ymin><xmax>53</xmax><ymax>63</ymax></bndbox></object><object><name>proposal</name><bndbox><xmin>246</xmin><ymin>46</ymin><xmax>45</xmax><ymax>39</ymax></bndbox></object><object><name>proposal</name><bndbox><xmin>381</xmin><ymin>33</ymin><xmax>103</xmax><ymax>43</ymax></bndbox></object><object><name>proposal</name><bndbox><xmin>428</xmin><ymin>57</ymin><xmax>27</xmax><ymax>48</ymax></bndbox></object><object><name>proposal</name><bndbox><xmin>175</xmin><ymin>139</ymin><xmax>41</xmax><ymax>22</ymax></bndbox></object><object><name>proposal</name><bndbox><xmin>356</xmin><ymin>35</ymin><xmax>96</xmax><ymax>60</ymax></bndbox></object><object><name>proposal</name><bndbox><xmin>334</xmin><ymin>11</ymin><xmax>39</xmax><ymax>76</ymax></bndbox></object><object><name>proposal</name><bndbox><xmin>284</xmin><ymin>60</ymin><xmax>53</xmax><ymax>57</ymax></bndbox></object><object><name>proposal</name><bndbox><xmin>383</xmin><ymin>11</ymin><xmax>98</xmax><ymax>187</ymax></bndbox></object><object><name>proposal</name><bndbox><xmin>268</xmin><ymin>52</ymin><xmax>85</xmax><ymax>190</ymax></bndbox></object><object><name>proposal</name><bndbox><xmin>410</xmin><ymin>57</ymin><xmax>39</xmax><ymax>45</ymax></bndbox></object><object><name>proposal</name><bndbox><xmin>379</xmin><ymin>37</ymin><xmax>27</xmax><ymax>59</ymax></bndbox></object><object><name>proposal</name><bndbox><xmin>204</xmin><ymin>46</ymin><xmax>87</xmax><ymax>52</ymax></bndbox></object><object><name>proposal</name><bndbox><xmin>242</xmin><ymin>121</ymin><xmax>81</xmax><ymax>133</ymax></bndbox></object><object><name>proposal</name><bndbox><xmin>45</xmin><ymin>58</ymin><xmax>42</xmax><ymax>21</ymax></bndbox></object><object><name>proposal</name><bndbox><xmin>156</xmin><ymin>131</ymin><xmax>31</xmax><ymax>31</ymax></bndbox></object><object><name>proposal</name><bndbox><xmin>309</xmin><ymin>99</ymin><xmax>60</xmax><ymax>41</ymax></bndbox></object><object><name>proposal</name><bndbox><xmin>56</xmin><ymin>51</ymin><xmax>31</xmax><ymax>31</ymax></bndbox></object><object><name>proposal</name><bndbox><xmin>260</xmin><ymin>5</ymin><xmax>43</xmax><ymax>79</ymax></bndbox></object><object><name>proposal</name><bndbox><xmin>223</xmin><ymin>170</ymin><xmax>85</xmax><ymax>72</ymax></bndbox></object><object><name>proposal</name><bndbox><xmin>98</xmin><ymin>28</ymin><xmax>81</xmax><ymax>53</ymax></bndbox></object><object><name>proposal</name><bndbox><xmin>6</xmin><ymin>36</ymin><xmax>123</xmax><ymax>93</ymax></bndbox></object><object><name>proposal</name><bndbox><xmin>217</xmin><ymin>25</ymin><xmax>34</xmax><ymax>37</ymax></bndbox></object><object><name>proposal</name><bndbox><xmin>300</xmin><ymin>31</ymin><xmax>114</xmax><ymax>60</ymax></bndbox></object><object><name>proposal</name><bndbox><xmin>419</xmin><ymin>33</ymin><xmax>47</xmax><ymax>25</ymax></bndbox></object><object><name>proposal</name><bndbox><xmin>139</xmin><ymin>17</ymin><xmax>131</xmax><ymax>126</ymax></bndbox></object><object><name>proposal</name><bndbox><xmin>121</xmin><ymin>134</ymin><xmax>66</xmax><ymax>53</ymax></bndbox></object><object><name>proposal</name><bndbox><xmin>246</xmin><ymin>40</ymin><xmax>44</xmax><ymax>75</ymax></bndbox></object><object><name>proposal</name><bndbox><xmin>406</xmin><ymin>33</ymin><xmax>35</xmax><ymax>26</ymax></bndbox></object><object><name>proposal</name><bndbox><xmin>404</xmin><ymin>50</ymin><xmax>47</xmax><ymax>65</ymax></bndbox></object><object><name>proposal</name><bndbox><xmin>139</xmin><ymin>161</ymin><xmax>35</xmax><ymax>26</ymax></bndbox></object><object><name>proposal</name><bndbox><xmin>212</xmin><ymin>123</ymin><xmax>49</xmax><ymax>57</ymax></bndbox></object><object><name>proposal</name><bndbox><xmin>37</xmin><ymin>51</ymin><xmax>51</xmax><ymax>29</ymax></bndbox></object><object><name>proposal</name><bndbox><xmin>418</xmin><ymin>33</ymin><xmax>32</xmax><ymax>26</ymax></bndbox></object><object><name>proposal</name><bndbox><xmin>424</xmin><ymin>51</ymin><xmax>54</xmax><ymax>69</ymax></bndbox></object><object><name>proposal</name><bndbox><xmin>248</xmin><ymin>149</ymin><xmax>100</xmax><ymax>42</ymax></bndbox></object><object><name>proposal</name><bndbox><xmin>175</xmin><ymin>145</ymin><xmax>24</xmax><ymax>41</ymax></bndbox></object><object><name>proposal</name><bndbox><xmin>177</xmin><ymin>16</ymin><xmax>61</xmax><ymax>32</ymax></bndbox></object><object><name>proposal</name><bndbox><xmin>243</xmin><ymin>147</ymin><xmax>161</xmax><ymax>104</ymax></bndbox></object><object><name>proposal</name><bndbox><xmin>296</xmin><ymin>50</ymin><xmax>33</xmax><ymax>48</ymax></bndbox></object><object><name>proposal</name><bndbox><xmin>231</xmin><ymin>62</ymin><xmax>63</xmax><ymax>55</ymax></bndbox></object><object><name>proposal</name><bndbox><xmin>40</xmin><ymin>46</ymin><xmax>48</xmax><ymax>45</ymax></bndbox></object><object><name>proposal</name><bndbox><xmin>309</xmin><ymin>86</ymin><xmax>25</xmax><ymax>51</ymax></bndbox></object><object><name>proposal</name><bndbox><xmin>141</xmin><ymin>139</ymin><xmax>46</xmax><ymax>21</ymax></bndbox></object><object><name>proposal</name><bndbox><xmin>111</xmin><ymin>129</ymin><xmax>182</xmax><ymax>89</ymax></bndbox></object><object><name>proposal</name><bndbox><xmin>122</xmin><ymin>151</ymin><xmax>46</xmax><ymax>37</ymax></bndbox></object><object><name>proposal</name><bndbox><xmin>348</xmin><ymin>34</ymin><xmax>58</xmax><ymax>37</ymax></bndbox></object><object><name>proposal</name><bndbox><xmin>471</xmin><ymin>96</ymin><xmax>55</xmax><ymax>116</ymax></bndbox></object><object><name>proposal</name><bndbox><xmin>247</xmin><ymin>22</ymin><xmax>40</xmax><ymax>34</ymax></bndbox></object><object><name>proposal</name><bndbox><xmin>235</xmin><ymin>25</ymin><xmax>50</xmax><ymax>34</ymax></bndbox></object><object><name>proposal</name><bndbox><xmin>424</xmin><ymin>57</ymin><xmax>55</xmax><ymax>44</ymax></bndbox></object><object><name>proposal</name><bndbox><xmin>400</xmin><ymin>29</ymin><xmax>45</xmax><ymax>42</ymax></bndbox></object><object><name>proposal</name><bndbox><xmin>207</xmin><ymin>46</ymin><xmax>42</xmax><ymax>39</ymax></bndbox></object><object><name>proposal</name><bndbox><xmin>141</xmin><ymin>171</ymin><xmax>48</xmax><ymax>33</ymax></bndbox></object><object><name>proposal</name><bndbox><xmin>141</xmin><ymin>172</ymin><xmax>42</xmax><ymax>45</ymax></bndbox></object><object><name>proposal</name><bndbox><xmin>151</xmin><ymin>145</ymin><xmax>34</xmax><ymax>37</ymax></bndbox></object><object><name>proposal</name><bndbox><xmin>163</xmin><ymin>113</ymin><xmax>23</xmax><ymax>47</ymax></bndbox></object><object><name>proposal</name><bndbox><xmin>144</xmin><ymin>143</ymin><xmax>42</xmax><ymax>27</ymax></bndbox></object><object><name>proposal</name><bndbox><xmin>429</xmin><ymin>23</ymin><xmax>25</xmax><ymax>51</ymax></bndbox></object><object><name>proposal</name><bndbox><xmin>141</xmin><ymin>156</ymin><xmax>42</xmax><ymax>31</ymax></bndbox></object><object><name>proposal</name><bndbox><xmin>309</xmin><ymin>100</ymin><xmax>44</xmax><ymax>60</ymax></bndbox></object><object><name>proposal</name><bndbox><xmin>243</xmin><ymin>69</ymin><xmax>56</xmax><ymax>89</ymax></bndbox></object><object><name>proposal</name><bndbox><xmin>56</xmin><ymin>62</ymin><xmax>74</xmax><ymax>62</ymax></bndbox></object><object><name>proposal</name><bndbox><xmin>276</xmin><ymin>52</ymin><xmax>90</xmax><ymax>128</ymax></bndbox></object><object><name>proposal</name><bndbox><xmin>8</xmin><ymin>59</ymin><xmax>36</xmax><ymax>64</ymax></bndbox></object><object><name>proposal</name><bndbox><xmin>284</xmin><ymin>64</ymin><xmax>50</xmax><ymax>37</ymax></bndbox></object><object><name>proposal</name><bndbox><xmin>7</xmin><ymin>97</ymin><xmax>35</xmax><ymax>26</ymax></bndbox></object><object><name>proposal</name><bndbox><xmin>120</xmin><ymin>129</ymin><xmax>173</xmax><ymax>162</ymax></bndbox></object><object><name>proposal</name><bndbox><xmin>310</xmin><ymin>97</ymin><xmax>21</xmax><ymax>42</ymax></bndbox></object><object><name>proposal</name><bndbox><xmin>223</xmin><ymin>122</ymin><xmax>37</xmax><ymax>50</ymax></bndbox></object><object><name>proposal</name><bndbox><xmin>320</xmin><ymin>21</ymin><xmax>36</xmax><ymax>82</ymax></bndbox></object><object><name>proposal</name><bndbox><xmin>243</xmin><ymin>61</ymin><xmax>161</xmax><ymax>89</ymax></bndbox></object><object><name>proposal</name><bndbox><xmin>320</xmin><ymin>62</ymin><xmax>44</xmax><ymax>96</ymax></bndbox></object><object><name>proposal</name><bndbox><xmin>481</xmin><ymin>40</ymin><xmax>42</xmax><ymax>21</ymax></bndbox></object><object><name>proposal</name><bndbox><xmin>350</xmin><ymin>17</ymin><xmax>47</xmax><ymax>99</ymax></bndbox></object><object><name>proposal</name><bndbox><xmin>217</xmin><ymin>47</ymin><xmax>55</xmax><ymax>25</ymax></bndbox></object><object><name>proposal</name><bndbox><xmin>401</xmin><ymin>57</ymin><xmax>51</xmax><ymax>25</ymax></bndbox></object><object><name>proposal</name><bndbox><xmin>417</xmin><ymin>49</ymin><xmax>37</xmax><ymax>83</ymax></bndbox></object><object><name>proposal</name><bndbox><xmin>372</xmin><ymin>34</ymin><xmax>41</xmax><ymax>65</ymax></bndbox></object><object><name>proposal</name><bndbox><xmin>7</xmin><ymin>36</ymin><xmax>106</xmax><ymax>156</ymax></bndbox></object><object><name>proposal</name><bndbox><xmin>226</xmin><ymin>6</ymin><xmax>67</xmax><ymax>124</ymax></bndbox></object><object><name>proposal</name><bndbox><xmin>156</xmin><ymin>141</ymin><xmax>31</xmax><ymax>31</ymax></bndbox></object><object><name>proposal</name><bndbox><xmin>50</xmin><ymin>64</ymin><xmax>45</xmax><ymax>49</ymax></bndbox></object><object><name>proposal</name><bndbox><xmin>417</xmin><ymin>2</ymin><xmax>99</xmax><ymax>39</ymax></bndbox></object><object><name>proposal</name><bndbox><xmin>217</xmin><ymin>46</ymin><xmax>34</xmax><ymax>54</ymax></bndbox></object><object><name>proposal</name><bndbox><xmin>337</xmin><ymin>28</ymin><xmax>69</xmax><ymax>64</ymax></bndbox></object><object><name>proposal</name><bndbox><xmin>137</xmin><ymin>127</ymin><xmax>38</xmax><ymax>60</ymax></bndbox></object><object><name>proposal</name><bndbox><xmin>173</xmin><ymin>145</ymin><xmax>19</xmax><ymax>46</ymax></bndbox></object><object><name>proposal</name><bndbox><xmin>270</xmin><ymin>11</ymin><xmax>39</xmax><ymax>31</ymax></bndbox></object><object><name>proposal</name><bndbox><xmin>260</xmin><ymin>86</ymin><xmax>45</xmax><ymax>31</ymax></bndbox></object><object><name>proposal</name><bndbox><xmin>172</xmin><ymin>143</ymin><xmax>51</xmax><ymax>21</ymax></bndbox></object><object><name>proposal</name><bndbox><xmin>217</xmin><ymin>40</ymin><xmax>42</xmax><ymax>21</ymax></bndbox></object><object><name>proposal</name><bndbox><xmin>33</xmin><ymin>64</ymin><xmax>57</xmax><ymax>49</ymax></bndbox></object><object><name>proposal</name><bndbox><xmin>5</xmin><ymin>59</ymin><xmax>107</xmax><ymax>66</ymax></bndbox></object><object><name>proposal</name><bndbox><xmin>18</xmin><ymin>58</ymin><xmax>71</xmax><ymax>26</ymax></bndbox></object><object><name>proposal</name><bndbox><xmin>28</xmin><ymin>60</ymin><xmax>60</xmax><ymax>41</ymax></bndbox></object><object><name>proposal</name><bndbox><xmin>28</xmin><ymin>51</ymin><xmax>59</xmax><ymax>74</ymax></bndbox></object><object><name>proposal</name><bndbox><xmin>243</xmin><ymin>225</ymin><xmax>65</xmax><ymax>44</ymax></bndbox></object><object><name>proposal</name><bndbox><xmin>237</xmin><ymin>37</ymin><xmax>42</xmax><ymax>21</ymax></bndbox></object><object><name>proposal</name><bndbox><xmin>35</xmin><ymin>39</ymin><xmax>54</xmax><ymax>126</ymax></bndbox></object><object><name>proposal</name><bndbox><xmin>239</xmin><ymin>69</ymin><xmax>51</xmax><ymax>25</ymax></bndbox></object><object><name>proposal</name><bndbox><xmin>111</xmin><ymin>73</ymin><xmax>22</xmax><ymax>38</ymax></bndbox></object><object><name>proposal</name><bndbox><xmin>275</xmin><ymin>250</ymin><xmax>50</xmax><ymax>34</ymax></bndbox></object><object><name>proposal</name><bndbox><xmin>95</xmin><ymin>161</ymin><xmax>71</xmax><ymax>28</ymax></bndbox></object><object><name>proposal</name><bndbox><xmin>166</xmin><ymin>145</ymin><xmax>21</xmax><ymax>46</ymax></bndbox></object><object><name>proposal</name><bndbox><xmin>241</xmin><ymin>51</ymin><xmax>31</xmax><ymax>31</ymax></bndbox></object><object><name>proposal</name><bndbox><xmin>246</xmin><ymin>26</ymin><xmax>31</xmax><ymax>31</ymax></bndbox></object><object><name>proposal</name><bndbox><xmin>441</xmin><ymin>1</ymin><xmax>31</xmax><ymax>31</ymax></bndbox></object><object><name>proposal</name><bndbox><xmin>269</xmin><ymin>37</ymin><xmax>26</xmax><ymax>41</ymax></bndbox></object><object><name>proposal</name><bndbox><xmin>54</xmin><ymin>37</ymin><xmax>60</xmax><ymax>85</ymax></bndbox></object><object><name>proposal</name><bndbox><xmin>141</xmin><ymin>171</ymin><xmax>31</xmax><ymax>31</ymax></bndbox></object><object><name>proposal</name><bndbox><xmin>6</xmin><ymin>41</ymin><xmax>31</xmax><ymax>31</ymax></bndbox></object><object><name>proposal</name><bndbox><xmin>91</xmin><ymin>85</ymin><xmax>37</xmax><ymax>37</ymax></bndbox></object></annotation>