<annotation><folder>Proposals</folder><filename>img-663.jpg</filename><size><width>335</width><height>300</height><depth>3</depth></size><object><name>proposal</name><bndbox><xmin>67</xmin><ymin>233</ymin><xmax>95</xmax><ymax>48</ymax></bndbox></object><object><name>proposal</name><bndbox><xmin>133</xmin><ymin>172</ymin><xmax>65</xmax><ymax>41</ymax></bndbox></object><object><name>proposal</name><bndbox><xmin>65</xmin><ymin>205</ymin><xmax>96</xmax><ymax>76</ymax></bndbox></object><object><name>proposal</name><bndbox><xmin>67</xmin><ymin>174</ymin><xmax>132</xmax><ymax>106</ymax></bndbox></object><object><name>proposal</name><bndbox><xmin>137</xmin><ymin>153</ymin><xmax>62</xmax><ymax>62</ymax></bndbox></object><object><name>proposal</name><bndbox><xmin>68</xmin><ymin>116</ymin><xmax>131</xmax><ymax>163</ymax></bndbox></object><object><name>proposal</name><bndbox><xmin>67</xmin><ymin>148</ymin><xmax>95</xmax><ymax>131</ymax></bndbox></object><object><name>proposal</name><bndbox><xmin>1</xmin><ymin>4</ymin><xmax>197</xmax><ymax>276</ymax></bndbox></object><object><name>proposal</name><bndbox><xmin>25</xmin><ymin>219</ymin><xmax>138</xmax><ymax>61</ymax></bndbox></object><object><name>proposal</name><bndbox><xmin>137</xmin><ymin>173</ymin><xmax>62</xmax><ymax>65</ymax></bndbox></object><object><name>proposal</name><bndbox><xmin>53</xmin><ymin>232</ymin><xmax>114</xmax><ymax>68</ymax></bndbox></object><object><name>proposal</name><bndbox><xmin>134</xmin><ymin>169</ymin><xmax>100</xmax><ymax>44</ymax></bndbox></object><object><name>proposal</name><bndbox><xmin>1</xmin><ymin>4</ymin><xmax>148</xmax><ymax>77</ymax></bndbox></object><object><name>proposal</name><bndbox><xmin>233</xmin><ymin>3</ymin><xmax>101</xmax><ymax>59</ymax></bndbox></object><object><name>proposal</name><bndbox><xmin>242</xmin><ymin>1</ymin><xmax>89</xmax><ymax>101</ymax></bndbox></object><object><name>proposal</name><bndbox><xmin>29</xmin><ymin>154</ymin><xmax>172</xmax><ymax>125</ymax></bndbox></object><object><name>proposal</name><bndbox><xmin>1</xmin><ymin>1</ymin><xmax>106</xmax><ymax>101</ymax></bndbox></object><object><name>proposal</name><bndbox><xmin>59</xmin><ymin>95</ymin><xmax>102</xmax><ymax>187</ymax></bndbox></object><object><name>proposal</name><bndbox><xmin>67</xmin><ymin>32</ymin><xmax>131</xmax><ymax>252</ymax></bndbox></object><object><name>proposal</name><bndbox><xmin>245</xmin><ymin>41</ymin><xmax>77</xmax><ymax>61</ymax></bndbox></object><object><name>proposal</name><bndbox><xmin>1</xmin><ymin>3</ymin><xmax>109</xmax><ymax>56</ymax></bndbox></object><object><name>proposal</name><bndbox><xmin>1</xmin><ymin>3</ymin><xmax>331</xmax><ymax>210</ymax></bndbox></object><object><name>proposal</name><bndbox><xmin>75</xmin><ymin>153</ymin><xmax>125</xmax><ymax>60</ymax></bndbox></object><object><name>proposal</name><bndbox><xmin>66</xmin><ymin>189</ymin><xmax>172</xmax><ymax>97</ymax></bndbox></object><object><name>proposal</name><bndbox><xmin>128</xmin><ymin>147</ymin><xmax>85</xmax><ymax>66</ymax></bndbox></object><object><name>proposal</name><bndbox><xmin>25</xmin><ymin>188</ymin><xmax>139</xmax><ymax>96</ymax></bndbox></object><object><name>proposal</name><bndbox><xmin>67</xmin><ymin>174</ymin><xmax>214</xmax><ymax>105</ymax></bndbox></object><object><name>proposal</name><bndbox><xmin>136</xmin><ymin>109</ymin><xmax>62</xmax><ymax>108</ymax></bndbox></object><object><name>proposal</name><bndbox><xmin>64</xmin><ymin>233</ymin><xmax>170</xmax><ymax>63</ymax></bndbox></object><object><name>proposal</name><bndbox><xmin>1</xmin><ymin>3</ymin><xmax>163</xmax><ymax>121</ymax></bndbox></object><object><name>proposal</name><bndbox><xmin>244</xmin><ymin>41</ymin><xmax>64</xmax><ymax>36</ymax></bndbox></object><object><name>proposal</name><bndbox><xmin>109</xmin><ymin>174</ymin><xmax>91</xmax><ymax>56</ymax></bndbox></object><object><name>proposal</name><bndbox><xmin>26</xmin><ymin>34</ymin><xmax>135</xmax><ymax>247</ymax></bndbox></object><object><name>proposal</name><bndbox><xmin>1</xmin><ymin>2</ymin><xmax>331</xmax><ymax>129</ymax></bndbox></object><object><name>proposal</name><bndbox><xmin>66</xmin><ymin>1</ymin><xmax>266</xmax><ymax>280</ymax></bndbox></object><object><name>proposal</name><bndbox><xmin>190</xmin><ymin>3</ymin><xmax>142</xmax><ymax>100</ymax></bndbox></object><object><name>proposal</name><bndbox><xmin>61</xmin><ymin>149</ymin><xmax>138</xmax><ymax>106</ymax></bndbox></object><object><name>proposal</name><bndbox><xmin>96</xmin><ymin>173</ymin><xmax>102</xmax><ymax>81</ymax></bndbox></object><object><name>proposal</name><bndbox><xmin>133</xmin><ymin>1</ymin><xmax>198</xmax><ymax>212</ymax></bndbox></object><object><name>proposal</name><bndbox><xmin>136</xmin><ymin>165</ymin><xmax>63</xmax><ymax>111</ymax></bndbox></object><object><name>proposal</name><bndbox><xmin>190</xmin><ymin>1</ymin><xmax>141</xmax><ymax>62</ymax></bndbox></object><object><name>proposal</name><bndbox><xmin>109</xmin><ymin>128</ymin><xmax>93</xmax><ymax>88</ymax></bndbox></object><object><name>proposal</name><bndbox><xmin>269</xmin><ymin>1</ymin><xmax>64</xmax><ymax>93</ymax></bndbox></object><object><name>proposal</name><bndbox><xmin>190</xmin><ymin>38</ymin><xmax>130</xmax><ymax>65</ymax></bndbox></object><object><name>proposal</name><bndbox><xmin>102</xmin><ymin>36</ymin><xmax>108</xmax><ymax>177</ymax></bndbox></object><object><name>proposal</name><bndbox><xmin>31</xmin><ymin>89</ymin><xmax>198</xmax><ymax>191</ymax></bndbox></object><object><name>proposal</name><bndbox><xmin>137</xmin><ymin>146</ymin><xmax>114</xmax><ymax>69</ymax></bndbox></object><object><name>proposal</name><bndbox><xmin>1</xmin><ymin>1</ymin><xmax>122</xmax><ymax>167</ymax></bndbox></object><object><name>proposal</name><bndbox><xmin>101</xmin><ymin>3</ymin><xmax>232</xmax><ymax>100</ymax></bndbox></object><object><name>proposal</name><bndbox><xmin>137</xmin><ymin>50</ymin><xmax>61</xmax><ymax>166</ymax></bndbox></object><object><name>proposal</name><bndbox><xmin>111</xmin><ymin>71</ymin><xmax>87</xmax><ymax>142</ymax></bndbox></object><object><name>proposal</name><bndbox><xmin>75</xmin><ymin>117</ymin><xmax>123</xmax><ymax>98</ymax></bndbox></object><object><name>proposal</name><bndbox><xmin>259</xmin><ymin>69</ymin><xmax>61</xmax><ymax>34</ymax></bndbox></object><object><name>proposal</name><bndbox><xmin>94</xmin><ymin>6</ymin><xmax>59</xmax><ymax>54</ymax></bndbox></object><object><name>proposal</name><bndbox><xmin>77</xmin><ymin>34</ymin><xmax>243</xmax><ymax>181</ymax></bndbox></object><object><name>proposal</name><bndbox><xmin>128</xmin><ymin>173</ymin><xmax>85</xmax><ymax>81</ymax></bndbox></object><object><name>proposal</name><bndbox><xmin>271</xmin><ymin>75</ymin><xmax>51</xmax><ymax>27</ymax></bndbox></object><object><name>proposal</name><bndbox><xmin>136</xmin><ymin>57</ymin><xmax>91</xmax><ymax>156</ymax></bndbox></object><object><name>proposal</name><bndbox><xmin>223</xmin><ymin>7</ymin><xmax>111</xmax><ymax>78</ymax></bndbox></object><object><name>proposal</name><bndbox><xmin>68</xmin><ymin>111</ymin><xmax>222</xmax><ymax>169</ymax></bndbox></object><object><name>proposal</name><bndbox><xmin>133</xmin><ymin>173</ymin><xmax>125</xmax><ymax>53</ymax></bndbox></object><object><name>proposal</name><bndbox><xmin>102</xmin><ymin>36</ymin><xmax>47</xmax><ymax>78</ymax></bndbox></object><object><name>proposal</name><bndbox><xmin>136</xmin><ymin>173</ymin><xmax>80</xmax><ymax>127</ymax></bndbox></object><object><name>proposal</name><bndbox><xmin>1</xmin><ymin>4</ymin><xmax>208</xmax><ymax>164</ymax></bndbox></object><object><name>proposal</name><bndbox><xmin>128</xmin><ymin>83</ymin><xmax>84</xmax><ymax>132</ymax></bndbox></object><object><name>proposal</name><bndbox><xmin>267</xmin><ymin>51</ymin><xmax>53</xmax><ymax>53</ymax></bndbox></object><object><name>proposal</name><bndbox><xmin>137</xmin><ymin>174</ymin><xmax>117</xmax><ymax>93</ymax></bndbox></object><object><name>proposal</name><bndbox><xmin>64</xmin><ymin>174</ymin><xmax>170</xmax><ymax>81</ymax></bndbox></object><object><name>proposal</name><bndbox><xmin>245</xmin><ymin>21</ymin><xmax>86</xmax><ymax>41</ymax></bndbox></object><object><name>proposal</name><bndbox><xmin>79</xmin><ymin>22</ymin><xmax>70</xmax><ymax>39</ymax></bndbox></object><object><name>proposal</name><bndbox><xmin>26</xmin><ymin>36</ymin><xmax>183</xmax><ymax>177</ymax></bndbox></object><object><name>proposal</name><bndbox><xmin>137</xmin><ymin>64</ymin><xmax>183</xmax><ymax>150</ymax></bndbox></object><object><name>proposal</name><bndbox><xmin>67</xmin><ymin>177</ymin><xmax>89</xmax><ymax>78</ymax></bndbox></object><object><name>proposal</name><bndbox><xmin>224</xmin><ymin>38</ymin><xmax>100</xmax><ymax>55</ymax></bndbox></object><object><name>proposal</name><bndbox><xmin>270</xmin><ymin>1</ymin><xmax>61</xmax><ymax>141</ymax></bndbox></object><object><name>proposal</name><bndbox><xmin>242</xmin><ymin>39</ymin><xmax>78</xmax><ymax>98</ymax></bndbox></object><object><name>proposal</name><bndbox><xmin>102</xmin><ymin>6</ymin><xmax>158</xmax><ymax>208</ymax></bndbox></object><object><name>proposal</name><bndbox><xmin>238</xmin><ymin>64</ymin><xmax>82</xmax><ymax>39</ymax></bndbox></object><object><name>proposal</name><bndbox><xmin>31</xmin><ymin>96</ymin><xmax>167</xmax><ymax>117</ymax></bndbox></object><object><name>proposal</name><bndbox><xmin>182</xmin><ymin>39</ymin><xmax>138</xmax><ymax>93</ymax></bndbox></object><object><name>proposal</name><bndbox><xmin>137</xmin><ymin>112</ymin><xmax>139</xmax><ymax>102</ymax></bndbox></object><object><name>proposal</name><bndbox><xmin>101</xmin><ymin>24</ymin><xmax>227</xmax><ymax>108</ymax></bndbox></object><object><name>proposal</name><bndbox><xmin>233</xmin><ymin>1</ymin><xmax>98</xmax><ymax>207</ymax></bndbox></object><object><name>proposal</name><bndbox><xmin>68</xmin><ymin>83</ymin><xmax>152</xmax><ymax>130</ymax></bndbox></object><object><name>proposal</name><bndbox><xmin>267</xmin><ymin>68</ymin><xmax>53</xmax><ymax>53</ymax></bndbox></object><object><name>proposal</name><bndbox><xmin>100</xmin><ymin>25</ymin><xmax>50</xmax><ymax>37</ymax></bndbox></object><object><name>proposal</name><bndbox><xmin>137</xmin><ymin>174</ymin><xmax>159</xmax><ymax>113</ymax></bndbox></object><object><name>proposal</name><bndbox><xmin>5</xmin><ymin>24</ymin><xmax>144</xmax><ymax>77</ymax></bndbox></object><object><name>proposal</name><bndbox><xmin>128</xmin><ymin>71</ymin><xmax>135</xmax><ymax>142</ymax></bndbox></object><object><name>proposal</name><bndbox><xmin>162</xmin><ymin>18</ymin><xmax>159</xmax><ymax>128</ymax></bndbox></object><object><name>proposal</name><bndbox><xmin>101</xmin><ymin>36</ymin><xmax>77</xmax><ymax>68</ymax></bndbox></object><object><name>proposal</name><bndbox><xmin>25</xmin><ymin>151</ymin><xmax>132</xmax><ymax>112</ymax></bndbox></object><object><name>proposal</name><bndbox><xmin>137</xmin><ymin>162</ymin><xmax>165</xmax><ymax>68</ymax></bndbox></object><object><name>proposal</name><bndbox><xmin>101</xmin><ymin>1</ymin><xmax>77</xmax><ymax>61</ymax></bndbox></object><object><name>proposal</name><bndbox><xmin>223</xmin><ymin>18</ymin><xmax>99</xmax><ymax>148</ymax></bndbox></object><object><name>proposal</name><bndbox><xmin>136</xmin><ymin>155</ymin><xmax>97</xmax><ymax>123</ymax></bndbox></object><object><name>proposal</name><bndbox><xmin>137</xmin><ymin>147</ymin><xmax>63</xmax><ymax>103</ymax></bndbox></object><object><name>proposal</name><bndbox><xmin>242</xmin><ymin>22</ymin><xmax>89</xmax><ymax>62</ymax></bndbox></object><object><name>proposal</name><bndbox><xmin>77</xmin><ymin>154</ymin><xmax>46</xmax><ymax>37</ymax></bndbox></object><object><name>proposal</name><bndbox><xmin>6</xmin><ymin>24</ymin><xmax>157</xmax><ymax>152</ymax></bndbox></object><object><name>proposal</name><bndbox><xmin>100</xmin><ymin>35</ymin><xmax>109</xmax><ymax>60</ymax></bndbox></object><object><name>proposal</name><bndbox><xmin>270</xmin><ymin>65</ymin><xmax>51</xmax><ymax>81</ymax></bndbox></object><object><name>proposal</name><bndbox><xmin>232</xmin><ymin>3</ymin><xmax>61</xmax><ymax>26</ymax></bndbox></object><object><name>proposal</name><bndbox><xmin>231</xmin><ymin>3</ymin><xmax>69</xmax><ymax>53</ymax></bndbox></object><object><name>proposal</name><bndbox><xmin>98</xmin><ymin>35</ymin><xmax>53</xmax><ymax>108</ymax></bndbox></object><object><name>proposal</name><bndbox><xmin>109</xmin><ymin>173</ymin><xmax>99</xmax><ymax>104</ymax></bndbox></object><object><name>proposal</name><bndbox><xmin>69</xmin><ymin>36</ymin><xmax>81</xmax><ymax>68</ymax></bndbox></object><object><name>proposal</name><bndbox><xmin>68</xmin><ymin>6</ymin><xmax>91</xmax><ymax>262</ymax></bndbox></object><object><name>proposal</name><bndbox><xmin>70</xmin><ymin>36</ymin><xmax>79</xmax><ymax>134</ymax></bndbox></object><object><name>proposal</name><bndbox><xmin>233</xmin><ymin>18</ymin><xmax>27</xmax><ymax>39</ymax></bndbox></object><object><name>proposal</name><bndbox><xmin>98</xmin><ymin>4</ymin><xmax>114</xmax><ymax>57</ymax></bndbox></object><object><name>proposal</name><bndbox><xmin>56</xmin><ymin>131</ymin><xmax>178</xmax><ymax>135</ymax></bndbox></object><object><name>proposal</name><bndbox><xmin>243</xmin><ymin>39</ymin><xmax>77</xmax><ymax>177</ymax></bndbox></object><object><name>proposal</name><bndbox><xmin>5</xmin><ymin>24</ymin><xmax>97</xmax><ymax>115</ymax></bndbox></object><object><name>proposal</name><bndbox><xmin>48</xmin><ymin>4</ymin><xmax>104</xmax><ymax>56</ymax></bndbox></object><object><name>proposal</name><bndbox><xmin>124</xmin><ymin>199</ymin><xmax>72</xmax><ymax>53</ymax></bndbox></object><object><name>proposal</name><bndbox><xmin>178</xmin><ymin>16</ymin><xmax>130</xmax><ymax>62</ymax></bndbox></object><object><name>proposal</name><bndbox><xmin>270</xmin><ymin>73</ymin><xmax>51</xmax><ymax>109</ymax></bndbox></object><object><name>proposal</name><bndbox><xmin>137</xmin><ymin>151</ymin><xmax>194</xmax><ymax>93</ymax></bndbox></object><object><name>proposal</name><bndbox><xmin>189</xmin><ymin>17</ymin><xmax>70</xmax><ymax>33</ymax></bndbox></object><object><name>proposal</name><bndbox><xmin>76</xmin><ymin>96</ymin><xmax>202</xmax><ymax>117</ymax></bndbox></object><object><name>proposal</name><bndbox><xmin>270</xmin><ymin>6</ymin><xmax>64</xmax><ymax>59</ymax></bndbox></object><object><name>proposal</name><bndbox><xmin>237</xmin><ymin>69</ymin><xmax>83</xmax><ymax>48</ymax></bndbox></object><object><name>proposal</name><bndbox><xmin>24</xmin><ymin>34</ymin><xmax>128</xmax><ymax>91</ymax></bndbox></object><object><name>proposal</name><bndbox><xmin>184</xmin><ymin>6</ymin><xmax>132</xmax><ymax>197</ymax></bndbox></object><object><name>proposal</name><bndbox><xmin>100</xmin><ymin>36</ymin><xmax>60</xmax><ymax>44</ymax></bndbox></object><object><name>proposal</name><bndbox><xmin>128</xmin><ymin>193</ymin><xmax>85</xmax><ymax>75</ymax></bndbox></object><object><name>proposal</name><bndbox><xmin>226</xmin><ymin>15</ymin><xmax>87</xmax><ymax>63</ymax></bndbox></object><object><name>proposal</name><bndbox><xmin>232</xmin><ymin>18</ymin><xmax>42</xmax><ymax>29</ymax></bndbox></object><object><name>proposal</name><bndbox><xmin>266</xmin><ymin>87</ymin><xmax>49</xmax><ymax>57</ymax></bndbox></object><object><name>proposal</name><bndbox><xmin>226</xmin><ymin>17</ymin><xmax>35</xmax><ymax>28</ymax></bndbox></object><object><name>proposal</name><bndbox><xmin>5</xmin><ymin>24</ymin><xmax>207</xmax><ymax>105</ymax></bndbox></object><object><name>proposal</name><bndbox><xmin>243</xmin><ymin>38</ymin><xmax>66</xmax><ymax>28</ymax></bndbox></object><object><name>proposal</name><bndbox><xmin>247</xmin><ymin>41</ymin><xmax>84</xmax><ymax>237</ymax></bndbox></object><object><name>proposal</name><bndbox><xmin>58</xmin><ymin>35</ymin><xmax>104</xmax><ymax>104</ymax></bndbox></object><object><name>proposal</name><bndbox><xmin>243</xmin><ymin>8</ymin><xmax>70</xmax><ymax>47</ymax></bndbox></object><object><name>proposal</name><bndbox><xmin>100</xmin><ymin>25</ymin><xmax>122</xmax><ymax>40</ymax></bndbox></object><object><name>proposal</name><bndbox><xmin>187</xmin><ymin>10</ymin><xmax>22</xmax><ymax>41</ymax></bndbox></object><object><name>proposal</name><bndbox><xmin>136</xmin><ymin>131</ymin><xmax>176</xmax><ymax>135</ymax></bndbox></object><object><name>proposal</name><bndbox><xmin>100</xmin><ymin>34</ymin><xmax>50</xmax><ymax>37</ymax></bndbox></object><object><name>proposal</name><bndbox><xmin>264</xmin><ymin>37</ymin><xmax>62</xmax><ymax>71</ymax></bndbox></object><object><name>proposal</name><bndbox><xmin>98</xmin><ymin>35</ymin><xmax>115</xmax><ymax>104</ymax></bndbox></object><object><name>proposal</name><bndbox><xmin>125</xmin><ymin>132</ymin><xmax>76</xmax><ymax>133</ymax></bndbox></object><object><name>proposal</name><bndbox><xmin>173</xmin><ymin>28</ymin><xmax>38</xmax><ymax>21</ymax></bndbox></object><object><name>proposal</name><bndbox><xmin>58</xmin><ymin>30</ymin><xmax>109</xmax><ymax>167</ymax></bndbox></object><object><name>proposal</name><bndbox><xmin>113</xmin><ymin>241</ymin><xmax>45</xmax><ymax>29</ymax></bndbox></object><object><name>proposal</name><bndbox><xmin>77</xmin><ymin>153</ymin><xmax>76</xmax><ymax>96</ymax></bndbox></object><object><name>proposal</name><bndbox><xmin>77</xmin><ymin>153</ymin><xmax>45</xmax><ymax>60</ymax></bndbox></object><object><name>proposal</name><bndbox><xmin>231</xmin><ymin>17</ymin><xmax>61</xmax><ymax>33</ymax></bndbox></object><object><name>proposal</name><bndbox><xmin>77</xmin><ymin>114</ymin><xmax>45</xmax><ymax>57</ymax></bndbox></object><object><name>proposal</name><bndbox><xmin>185</xmin><ymin>63</ymin><xmax>135</xmax><ymax>53</ymax></bndbox></object><object><name>proposal</name><bndbox><xmin>135</xmin><ymin>16</ymin><xmax>141</xmax><ymax>246</ymax></bndbox></object><object><name>proposal</name><bndbox><xmin>221</xmin><ymin>1</ymin><xmax>39</xmax><ymax>29</ymax></bndbox></object><object><name>proposal</name><bndbox><xmin>212</xmin><ymin>64</ymin><xmax>108</xmax><ymax>68</ymax></bndbox></object><object><name>proposal</name><bndbox><xmin>231</xmin><ymin>7</ymin><xmax>73</xmax><ymax>33</ymax></bndbox></object><object><name>proposal</name><bndbox><xmin>62</xmin><ymin>154</ymin><xmax>60</xmax><ymax>47</ymax></bndbox></object><object><name>proposal</name><bndbox><xmin>183</xmin><ymin>39</ymin><xmax>27</xmax><ymax>39</ymax></bndbox></object><object><name>proposal</name><bndbox><xmin>212</xmin><ymin>17</ymin><xmax>47</xmax><ymax>25</ymax></bndbox></object><object><name>proposal</name><bndbox><xmin>39</xmin><ymin>24</ymin><xmax>113</xmax><ymax>52</ymax></bndbox></object><object><name>proposal</name><bndbox><xmin>101</xmin><ymin>33</ymin><xmax>103</xmax><ymax>40</ymax></bndbox></object><object><name>proposal</name><bndbox><xmin>271</xmin><ymin>88</ymin><xmax>50</xmax><ymax>40</ymax></bndbox></object><object><name>proposal</name><bndbox><xmin>190</xmin><ymin>13</ymin><xmax>31</xmax><ymax>37</ymax></bndbox></object><object><name>proposal</name><bndbox><xmin>100</xmin><ymin>8</ymin><xmax>120</xmax><ymax>72</ymax></bndbox></object><object><name>proposal</name><bndbox><xmin>120</xmin><ymin>189</ymin><xmax>148</xmax><ymax>89</ymax></bndbox></object><object><name>proposal</name><bndbox><xmin>191</xmin><ymin>39</ymin><xmax>29</xmax><ymax>39</ymax></bndbox></object><object><name>proposal</name><bndbox><xmin>100</xmin><ymin>36</ymin><xmax>71</xmax><ymax>32</ymax></bndbox></object><object><name>proposal</name><bndbox><xmin>251</xmin><ymin>70</ymin><xmax>70</xmax><ymax>127</ymax></bndbox></object><object><name>proposal</name><bndbox><xmin>261</xmin><ymin>81</ymin><xmax>59</xmax><ymax>81</ymax></bndbox></object><object><name>proposal</name><bndbox><xmin>189</xmin><ymin>17</ymin><xmax>73</xmax><ymax>51</ymax></bndbox></object><object><name>proposal</name><bndbox><xmin>190</xmin><ymin>37</ymin><xmax>21</xmax><ymax>46</ymax></bndbox></object><object><name>proposal</name><bndbox><xmin>61</xmin><ymin>153</ymin><xmax>61</xmax><ymax>28</ymax></bndbox></object><object><name>proposal</name><bndbox><xmin>166</xmin><ymin>176</ymin><xmax>31</xmax><ymax>31</ymax></bndbox></object><object><name>proposal</name><bndbox><xmin>10</xmin><ymin>23</ymin><xmax>91</xmax><ymax>46</ymax></bndbox></object><object><name>proposal</name><bndbox><xmin>134</xmin><ymin>147</ymin><xmax>123</xmax><ymax>106</ymax></bndbox></object><object><name>proposal</name><bndbox><xmin>273</xmin><ymin>84</ymin><xmax>42</xmax><ymax>21</ymax></bndbox></object><object><name>proposal</name><bndbox><xmin>121</xmin><ymin>199</ymin><xmax>113</xmax><ymax>54</ymax></bndbox></object><object><name>proposal</name><bndbox><xmin>191</xmin><ymin>1</ymin><xmax>21</xmax><ymax>51</ymax></bndbox></object><object><name>proposal</name><bndbox><xmin>265</xmin><ymin>64</ymin><xmax>61</xmax><ymax>170</ymax></bndbox></object><object><name>proposal</name><bndbox><xmin>232</xmin><ymin>1</ymin><xmax>42</xmax><ymax>29</ymax></bndbox></object><object><name>proposal</name><bndbox><xmin>44</xmin><ymin>14</ymin><xmax>105</xmax><ymax>93</ymax></bndbox></object><object><name>proposal</name><bndbox><xmin>62</xmin><ymin>153</ymin><xmax>75</xmax><ymax>106</ymax></bndbox></object><object><name>proposal</name><bndbox><xmin>231</xmin><ymin>17</ymin><xmax>28</xmax><ymax>56</ymax></bndbox></object><object><name>proposal</name><bndbox><xmin>31</xmin><ymin>109</ymin><xmax>24</xmax><ymax>35</ymax></bndbox></object><object><name>proposal</name><bndbox><xmin>181</xmin><ymin>21</ymin><xmax>31</xmax><ymax>31</ymax></bndbox></object><object><name>proposal</name><bndbox><xmin>75</xmin><ymin>154</ymin><xmax>75</xmax><ymax>49</ymax></bndbox></object><object><name>proposal</name><bndbox><xmin>69</xmin><ymin>89</ymin><xmax>54</xmax><ymax>81</ymax></bndbox></object><object><name>proposal</name><bndbox><xmin>53</xmin><ymin>36</ymin><xmax>99</xmax><ymax>45</ymax></bndbox></object><object><name>proposal</name><bndbox><xmin>158</xmin><ymin>27</ymin><xmax>51</xmax><ymax>23</ymax></bndbox></object><object><name>proposal</name><bndbox><xmin>190</xmin><ymin>25</ymin><xmax>32</xmax><ymax>24</ymax></bndbox></object><object><name>proposal</name><bndbox><xmin>22</xmin><ymin>109</ymin><xmax>32</xmax><ymax>28</ymax></bndbox></object><object><name>proposal</name><bndbox><xmin>57</xmin><ymin>113</ymin><xmax>73</xmax><ymax>56</ymax></bndbox></object><object><name>proposal</name><bndbox><xmin>246</xmin><ymin>5</ymin><xmax>48</xmax><ymax>48</ymax></bndbox></object><object><name>proposal</name><bndbox><xmin>4</xmin><ymin>53</ymin><xmax>83</xmax><ymax>71</ymax></bndbox></object><object><name>proposal</name><bndbox><xmin>140</xmin><ymin>118</ymin><xmax>59</xmax><ymax>74</ymax></bndbox></object><object><name>proposal</name><bndbox><xmin>94</xmin><ymin>239</ymin><xmax>66</xmax><ymax>34</ymax></bndbox></object><object><name>proposal</name><bndbox><xmin>190</xmin><ymin>64</ymin><xmax>131</xmax><ymax>87</ymax></bndbox></object><object><name>proposal</name><bndbox><xmin>29</xmin><ymin>105</ymin><xmax>93</xmax><ymax>66</ymax></bndbox></object><object><name>proposal</name><bndbox><xmin>223</xmin><ymin>14</ymin><xmax>37</xmax><ymax>46</ymax></bndbox></object><object><name>proposal</name><bndbox><xmin>212</xmin><ymin>16</ymin><xmax>50</xmax><ymax>37</ymax></bndbox></object><object><name>proposal</name><bndbox><xmin>141</xmin><ymin>179</ymin><xmax>59</xmax><ymax>29</ymax></bndbox></object><object><name>proposal</name><bndbox><xmin>74</xmin><ymin>153</ymin><xmax>51</xmax><ymax>93</ymax></bndbox></object><object><name>proposal</name><bndbox><xmin>102</xmin><ymin>14</ymin><xmax>47</xmax><ymax>69</ymax></bndbox></object><object><name>proposal</name><bndbox><xmin>178</xmin><ymin>5</ymin><xmax>31</xmax><ymax>46</ymax></bndbox></object><object><name>proposal</name><bndbox><xmin>94</xmin><ymin>183</ymin><xmax>59</xmax><ymax>69</ymax></bndbox></object><object><name>proposal</name><bndbox><xmin>225</xmin><ymin>41</ymin><xmax>72</xmax><ymax>49</ymax></bndbox></object><object><name>proposal</name><bndbox><xmin>140</xmin><ymin>199</ymin><xmax>61</xmax><ymax>36</ymax></bndbox></object><object><name>proposal</name><bndbox><xmin>158</xmin><ymin>39</ymin><xmax>51</xmax><ymax>21</ymax></bndbox></object><object><name>proposal</name><bndbox><xmin>24</xmin><ymin>196</ymin><xmax>135</xmax><ymax>60</ymax></bndbox></object><object><name>proposal</name><bndbox><xmin>191</xmin><ymin>8</ymin><xmax>108</xmax><ymax>48</ymax></bndbox></object><object><name>proposal</name><bndbox><xmin>285</xmin><ymin>23</ymin><xmax>47</xmax><ymax>70</ymax></bndbox></object><object><name>proposal</name><bndbox><xmin>31</xmin><ymin>109</ymin><xmax>35</xmax><ymax>24</ymax></bndbox></object><object><name>proposal</name><bndbox><xmin>31</xmin><ymin>77</ymin><xmax>21</xmax><ymax>42</ymax></bndbox></object><object><name>proposal</name><bndbox><xmin>32</xmin><ymin>99</ymin><xmax>51</xmax><ymax>25</ymax></bndbox></object><object><name>proposal</name><bndbox><xmin>215</xmin><ymin>17</ymin><xmax>44</xmax><ymax>55</ymax></bndbox></object><object><name>proposal</name><bndbox><xmin>32</xmin><ymin>109</ymin><xmax>51</xmax><ymax>25</ymax></bndbox></object><object><name>proposal</name><bndbox><xmin>26</xmin><ymin>50</ymin><xmax>35</xmax><ymax>73</ymax></bndbox></object><object><name>proposal</name><bndbox><xmin>166</xmin><ymin>7</ymin><xmax>96</xmax><ymax>42</ymax></bndbox></object><object><name>proposal</name><bndbox><xmin>190</xmin><ymin>21</ymin><xmax>42</xmax><ymax>29</ymax></bndbox></object><object><name>proposal</name><bndbox><xmin>184</xmin><ymin>37</ymin><xmax>31</xmax><ymax>50</ymax></bndbox></object><object><name>proposal</name><bndbox><xmin>213</xmin><ymin>10</ymin><xmax>46</xmax><ymax>21</ymax></bndbox></object><object><name>proposal</name><bndbox><xmin>6</xmin><ymin>44</ymin><xmax>55</xmax><ymax>81</ymax></bndbox></object><object><name>proposal</name><bndbox><xmin>267</xmin><ymin>1</ymin><xmax>27</xmax><ymax>55</ymax></bndbox></object><object><name>proposal</name><bndbox><xmin>77</xmin><ymin>133</ymin><xmax>46</xmax><ymax>37</ymax></bndbox></object><object><name>proposal</name><bndbox><xmin>62</xmin><ymin>153</ymin><xmax>103</xmax><ymax>57</ymax></bndbox></object><object><name>proposal</name><bndbox><xmin>77</xmin><ymin>127</ymin><xmax>71</xmax><ymax>43</ymax></bndbox></object><object><name>proposal</name><bndbox><xmin>116</xmin><ymin>188</ymin><xmax>38</xmax><ymax>65</ymax></bndbox></object><object><name>proposal</name><bndbox><xmin>131</xmin><ymin>10</ymin><xmax>79</xmax><ymax>40</ymax></bndbox></object><object><name>proposal</name><bndbox><xmin>167</xmin><ymin>13</ymin><xmax>46</xmax><ymax>37</ymax></bndbox></object><object><name>proposal</name><bndbox><xmin>13</xmin><ymin>109</ymin><xmax>38</xmax><ymax>21</ymax></bndbox></object><object><name>proposal</name><bndbox><xmin>14</xmin><ymin>109</ymin><xmax>46</xmax><ymax>34</ymax></bndbox></object><object><name>proposal</name><bndbox><xmin>133</xmin><ymin>10</ymin><xmax>26</xmax><ymax>32</ymax></bndbox></object><object><name>proposal</name><bndbox><xmin>194</xmin><ymin>1</ymin><xmax>66</xmax><ymax>28</ymax></bndbox></object><object><name>proposal</name><bndbox><xmin>57</xmin><ymin>89</ymin><xmax>88</xmax><ymax>80</ymax></bndbox></object><object><name>proposal</name><bndbox><xmin>190</xmin><ymin>39</ymin><xmax>51</xmax><ymax>25</ymax></bndbox></object><object><name>proposal</name><bndbox><xmin>176</xmin><ymin>23</ymin><xmax>47</xmax><ymax>27</ymax></bndbox></object><object><name>proposal</name><bndbox><xmin>233</xmin><ymin>17</ymin><xmax>42</xmax><ymax>20</ymax></bndbox></object><object><name>proposal</name><bndbox><xmin>28</xmin><ymin>82</ymin><xmax>60</xmax><ymax>44</ymax></bndbox></object><object><name>proposal</name><bndbox><xmin>128</xmin><ymin>124</ymin><xmax>85</xmax><ymax>69</ymax></bndbox></object><object><name>proposal</name><bndbox><xmin>271</xmin><ymin>79</ymin><xmax>50</xmax><ymax>34</ymax></bndbox></object><object><name>proposal</name><bndbox><xmin>260</xmin><ymin>8</ymin><xmax>45</xmax><ymax>45</ymax></bndbox></object><object><name>proposal</name><bndbox><xmin>217</xmin><ymin>63</ymin><xmax>104</xmax><ymax>183</ymax></bndbox></object><object><name>proposal</name><bndbox><xmin>77</xmin><ymin>117</ymin><xmax>157</xmax><ymax>75</ymax></bndbox></object><object><name>proposal</name><bndbox><xmin>253</xmin><ymin>3</ymin><xmax>45</xmax><ymax>27</ymax></bndbox></object><object><name>proposal</name><bndbox><xmin>303</xmin><ymin>33</ymin><xmax>27</xmax><ymax>59</ymax></bndbox></object><object><name>proposal</name><bndbox><xmin>139</xmin><ymin>28</ymin><xmax>71</xmax><ymax>26</ymax></bndbox></object><object><name>proposal</name><bndbox><xmin>131</xmin><ymin>35</ymin><xmax>79</xmax><ymax>29</ymax></bndbox></object><object><name>proposal</name><bndbox><xmin>167</xmin><ymin>37</ymin><xmax>45</xmax><ymax>49</ymax></bndbox></object><object><name>proposal</name><bndbox><xmin>176</xmin><ymin>1</ymin><xmax>45</xmax><ymax>49</ymax></bndbox></object><object><name>proposal</name><bndbox><xmin>190</xmin><ymin>5</ymin><xmax>49</xmax><ymax>45</ymax></bndbox></object><object><name>proposal</name><bndbox><xmin>186</xmin><ymin>39</ymin><xmax>38</xmax><ymax>55</ymax></bndbox></object><object><name>proposal</name><bndbox><xmin>56</xmin><ymin>71</ymin><xmax>31</xmax><ymax>31</ymax></bndbox></object><object><name>proposal</name><bndbox><xmin>183</xmin><ymin>5</ymin><xmax>76</xmax><ymax>29</ymax></bndbox></object><object><name>proposal</name><bndbox><xmin>14</xmin><ymin>109</ymin><xmax>70</xmax><ymax>33</ymax></bndbox></object><object><name>proposal</name><bndbox><xmin>45</xmin><ymin>127</ymin><xmax>79</xmax><ymax>43</ymax></bndbox></object><object><name>proposal</name><bndbox><xmin>244</xmin><ymin>1</ymin><xmax>54</xmax><ymax>40</ymax></bndbox></object><object><name>proposal</name><bndbox><xmin>77</xmin><ymin>120</ymin><xmax>100</xmax><ymax>48</ymax></bndbox></object><object><name>proposal</name><bndbox><xmin>32</xmin><ymin>109</ymin><xmax>49</xmax><ymax>49</ymax></bndbox></object><object><name>proposal</name><bndbox><xmin>56</xmin><ymin>81</ymin><xmax>31</xmax><ymax>42</ymax></bndbox></object><object><name>proposal</name><bndbox><xmin>16</xmin><ymin>93</ymin><xmax>35</xmax><ymax>26</ymax></bndbox></object><object><name>proposal</name><bndbox><xmin>190</xmin><ymin>27</ymin><xmax>59</xmax><ymax>25</ymax></bndbox></object><object><name>proposal</name><bndbox><xmin>60</xmin><ymin>49</ymin><xmax>72</xmax><ymax>120</ymax></bndbox></object><object><name>proposal</name><bndbox><xmin>190</xmin><ymin>37</ymin><xmax>49</xmax><ymax>49</ymax></bndbox></object><object><name>proposal</name><bndbox><xmin>233</xmin><ymin>10</ymin><xmax>42</xmax><ymax>21</ymax></bndbox></object><object><name>proposal</name><bndbox><xmin>67</xmin><ymin>61</ymin><xmax>21</xmax><ymax>42</ymax></bndbox></object><object><name>proposal</name><bndbox><xmin>190</xmin><ymin>35</ymin><xmax>59</xmax><ymax>25</ymax></bndbox></object><object><name>proposal</name><bndbox><xmin>149</xmin><ymin>39</ymin><xmax>60</xmax><ymax>38</ymax></bndbox></object><object><name>proposal</name><bndbox><xmin>22</xmin><ymin>109</ymin><xmax>34</xmax><ymax>50</ymax></bndbox></object><object><name>proposal</name><bndbox><xmin>266</xmin><ymin>46</ymin><xmax>31</xmax><ymax>31</ymax></bndbox></object><object><name>proposal</name><bndbox><xmin>191</xmin><ymin>36</ymin><xmax>31</xmax><ymax>31</ymax></bndbox></object><object><name>proposal</name><bndbox><xmin>45</xmin><ymin>82</ymin><xmax>42</xmax><ymax>21</ymax></bndbox></object><object><name>proposal</name><bndbox><xmin>253</xmin><ymin>46</ymin><xmax>45</xmax><ymax>33</ymax></bndbox></object><object><name>proposal</name><bndbox><xmin>31</xmin><ymin>93</ymin><xmax>41</xmax><ymax>26</ymax></bndbox></object></annotation>