<annotation><folder>Proposals</folder><filename>img-209.jpg</filename><size><width>720</width><height>720</height><depth>3</depth></size><object><name>proposal</name><bndbox><xmin>1</xmin><ymin>191</ymin><xmax>71</xmax><ymax>28</ymax></bndbox></object><object><name>proposal</name><bndbox><xmin>77</xmin><ymin>105</ymin><xmax>107</xmax><ymax>78</ymax></bndbox></object><object><name>proposal</name><bndbox><xmin>1</xmin><ymin>105</ymin><xmax>183</xmax><ymax>112</ymax></bndbox></object><object><name>proposal</name><bndbox><xmin>1</xmin><ymin>102</ymin><xmax>69</xmax><ymax>115</ymax></bndbox></object><object><name>proposal</name><bndbox><xmin>204</xmin><ymin>359</ymin><xmax>155</xmax><ymax>70</ymax></bndbox></object><object><name>proposal</name><bndbox><xmin>85</xmin><ymin>101</ymin><xmax>138</xmax><ymax>81</ymax></bndbox></object><object><name>proposal</name><bndbox><xmin>36</xmin><ymin>109</ymin><xmax>149</xmax><ymax>84</ymax></bndbox></object><object><name>proposal</name><bndbox><xmin>81</xmin><ymin>160</ymin><xmax>105</xmax><ymax>48</ymax></bndbox></object><object><name>proposal</name><bndbox><xmin>1</xmin><ymin>179</ymin><xmax>70</xmax><ymax>38</ymax></bndbox></object><object><name>proposal</name><bndbox><xmin>1</xmin><ymin>190</ymin><xmax>69</xmax><ymax>47</ymax></bndbox></object><object><name>proposal</name><bndbox><xmin>201</xmin><ymin>338</ymin><xmax>207</xmax><ymax>91</ymax></bndbox></object><object><name>proposal</name><bndbox><xmin>202</xmin><ymin>318</ymin><xmax>262</xmax><ymax>121</ymax></bndbox></object><object><name>proposal</name><bndbox><xmin>76</xmin><ymin>54</ymin><xmax>109</xmax><ymax>141</ymax></bndbox></object><object><name>proposal</name><bndbox><xmin>1</xmin><ymin>34</ymin><xmax>184</xmax><ymax>172</ymax></bndbox></object><object><name>proposal</name><bndbox><xmin>1</xmin><ymin>102</ymin><xmax>192</xmax><ymax>169</ymax></bndbox></object><object><name>proposal</name><bndbox><xmin>1</xmin><ymin>161</ymin><xmax>182</xmax><ymax>69</ymax></bndbox></object><object><name>proposal</name><bndbox><xmin>75</xmin><ymin>109</ymin><xmax>108</xmax><ymax>111</ymax></bndbox></object><object><name>proposal</name><bndbox><xmin>81</xmin><ymin>56</ymin><xmax>103</xmax><ymax>72</ymax></bndbox></object><object><name>proposal</name><bndbox><xmin>4</xmin><ymin>81</ymin><xmax>67</xmax><ymax>37</ymax></bndbox></object><object><name>proposal</name><bndbox><xmin>573</xmin><ymin>330</ymin><xmax>79</xmax><ymax>47</ymax></bndbox></object><object><name>proposal</name><bndbox><xmin>77</xmin><ymin>109</ymin><xmax>104</xmax><ymax>48</ymax></bndbox></object><object><name>proposal</name><bndbox><xmin>6</xmin><ymin>159</ymin><xmax>60</xmax><ymax>44</ymax></bndbox></object><object><name>proposal</name><bndbox><xmin>550</xmin><ymin>182</ymin><xmax>70</xmax><ymax>36</ymax></bndbox></object><object><name>proposal</name><bndbox><xmin>1</xmin><ymin>191</ymin><xmax>69</xmax><ymax>102</ymax></bndbox></object><object><name>proposal</name><bndbox><xmin>76</xmin><ymin>109</ymin><xmax>162</xmax><ymax>93</ymax></bndbox></object><object><name>proposal</name><bndbox><xmin>323</xmin><ymin>319</ymin><xmax>142</xmax><ymax>109</ymax></bndbox></object><object><name>proposal</name><bndbox><xmin>1</xmin><ymin>34</ymin><xmax>179</xmax><ymax>107</ymax></bndbox></object><object><name>proposal</name><bndbox><xmin>323</xmin><ymin>319</ymin><xmax>141</xmax><ymax>65</ymax></bndbox></object><object><name>proposal</name><bndbox><xmin>1</xmin><ymin>103</ymin><xmax>461</xmax><ymax>329</ymax></bndbox></object><object><name>proposal</name><bndbox><xmin>322</xmin><ymin>239</ymin><xmax>143</xmax><ymax>120</ymax></bndbox></object><object><name>proposal</name><bndbox><xmin>339</xmin><ymin>366</ymin><xmax>69</xmax><ymax>53</ymax></bndbox></object><object><name>proposal</name><bndbox><xmin>3</xmin><ymin>81</ymin><xmax>91</xmax><ymax>146</ymax></bndbox></object><object><name>proposal</name><bndbox><xmin>348</xmin><ymin>334</ymin><xmax>60</xmax><ymax>51</ymax></bndbox></object><object><name>proposal</name><bndbox><xmin>658</xmin><ymin>14</ymin><xmax>49</xmax><ymax>53</ymax></bndbox></object><object><name>proposal</name><bndbox><xmin>658</xmin><ymin>3</ymin><xmax>51</xmax><ymax>25</ymax></bndbox></object><object><name>proposal</name><bndbox><xmin>550</xmin><ymin>161</ymin><xmax>70</xmax><ymax>32</ymax></bndbox></object><object><name>proposal</name><bndbox><xmin>337</xmin><ymin>366</ymin><xmax>71</xmax><ymax>32</ymax></bndbox></object><object><name>proposal</name><bndbox><xmin>321</xmin><ymin>318</ymin><xmax>257</xmax><ymax>109</ymax></bndbox></object><object><name>proposal</name><bndbox><xmin>3</xmin><ymin>103</ymin><xmax>191</xmax><ymax>273</ymax></bndbox></object><object><name>proposal</name><bndbox><xmin>77</xmin><ymin>125</ymin><xmax>107</xmax><ymax>72</ymax></bndbox></object><object><name>proposal</name><bndbox><xmin>1</xmin><ymin>121</ymin><xmax>139</xmax><ymax>97</ymax></bndbox></object><object><name>proposal</name><bndbox><xmin>1</xmin><ymin>160</ymin><xmax>183</xmax><ymax>128</ymax></bndbox></object><object><name>proposal</name><bndbox><xmin>4</xmin><ymin>104</ymin><xmax>75</xmax><ymax>49</ymax></bndbox></object><object><name>proposal</name><bndbox><xmin>549</xmin><ymin>154</ymin><xmax>91</xmax><ymax>41</ymax></bndbox></object><object><name>proposal</name><bndbox><xmin>85</xmin><ymin>159</ymin><xmax>138</xmax><ymax>63</ymax></bndbox></object><object><name>proposal</name><bndbox><xmin>1</xmin><ymin>153</ymin><xmax>68</xmax><ymax>65</ymax></bndbox></object><object><name>proposal</name><bndbox><xmin>236</xmin><ymin>22</ymin><xmax>29</xmax><ymax>45</ymax></bndbox></object><object><name>proposal</name><bndbox><xmin>83</xmin><ymin>56</ymin><xmax>183</xmax><ymax>138</ymax></bndbox></object><object><name>proposal</name><bndbox><xmin>323</xmin><ymin>310</ymin><xmax>332</xmax><ymax>133</ymax></bndbox></object><object><name>proposal</name><bndbox><xmin>98</xmin><ymin>182</ymin><xmax>67</xmax><ymax>36</ymax></bndbox></object><object><name>proposal</name><bndbox><xmin>83</xmin><ymin>158</ymin><xmax>100</xmax><ymax>139</ymax></bndbox></object><object><name>proposal</name><bndbox><xmin>81</xmin><ymin>157</ymin><xmax>102</xmax><ymax>93</ymax></bndbox></object><object><name>proposal</name><bndbox><xmin>53</xmin><ymin>42</ymin><xmax>127</xmax><ymax>94</ymax></bndbox></object><object><name>proposal</name><bndbox><xmin>204</xmin><ymin>359</ymin><xmax>94</xmax><ymax>81</ymax></bndbox></object><object><name>proposal</name><bndbox><xmin>1</xmin><ymin>23</ymin><xmax>659</xmax><ymax>406</ymax></bndbox></object><object><name>proposal</name><bndbox><xmin>1</xmin><ymin>189</ymin><xmax>80</xmax><ymax>72</ymax></bndbox></object><object><name>proposal</name><bndbox><xmin>470</xmin><ymin>407</ymin><xmax>107</xmax><ymax>66</ymax></bndbox></object><object><name>proposal</name><bndbox><xmin>83</xmin><ymin>157</ymin><xmax>379</xmax><ymax>234</ymax></bndbox></object><object><name>proposal</name><bndbox><xmin>204</xmin><ymin>310</ymin><xmax>403</xmax><ymax>135</ymax></bndbox></object><object><name>proposal</name><bndbox><xmin>203</xmin><ymin>305</ymin><xmax>175</xmax><ymax>125</ymax></bndbox></object><object><name>proposal</name><bndbox><xmin>156</xmin><ymin>338</ymin><xmax>202</xmax><ymax>91</ymax></bndbox></object><object><name>proposal</name><bndbox><xmin>201</xmin><ymin>314</ymin><xmax>125</xmax><ymax>76</ymax></bndbox></object><object><name>proposal</name><bndbox><xmin>85</xmin><ymin>26</ymin><xmax>129</xmax><ymax>168</ymax></bndbox></object><object><name>proposal</name><bndbox><xmin>1</xmin><ymin>91</ymin><xmax>66</xmax><ymax>28</ymax></bndbox></object><object><name>proposal</name><bndbox><xmin>1</xmin><ymin>203</ymin><xmax>69</xmax><ymax>53</ymax></bndbox></object><object><name>proposal</name><bndbox><xmin>83</xmin><ymin>18</ymin><xmax>98</xmax><ymax>118</ymax></bndbox></object><object><name>proposal</name><bndbox><xmin>549</xmin><ymin>182</ymin><xmax>77</xmax><ymax>51</ymax></bndbox></object><object><name>proposal</name><bndbox><xmin>549</xmin><ymin>163</ymin><xmax>91</xmax><ymax>45</ymax></bndbox></object><object><name>proposal</name><bndbox><xmin>1</xmin><ymin>105</ymin><xmax>278</xmax><ymax>129</ymax></bndbox></object><object><name>proposal</name><bndbox><xmin>1</xmin><ymin>169</ymin><xmax>100</xmax><ymax>48</ymax></bndbox></object><object><name>proposal</name><bndbox><xmin>291</xmin><ymin>156</ymin><xmax>171</xmax><ymax>233</ymax></bndbox></object><object><name>proposal</name><bndbox><xmin>245</xmin><ymin>338</ymin><xmax>81</xmax><ymax>49</ymax></bndbox></object><object><name>proposal</name><bndbox><xmin>64</xmin><ymin>108</ymin><xmax>119</xmax><ymax>155</ymax></bndbox></object><object><name>proposal</name><bndbox><xmin>4</xmin><ymin>23</ymin><xmax>261</xmax><ymax>181</ymax></bndbox></object><object><name>proposal</name><bndbox><xmin>204</xmin><ymin>318</ymin><xmax>450</xmax><ymax>195</ymax></bndbox></object><object><name>proposal</name><bndbox><xmin>36</xmin><ymin>108</ymin><xmax>146</xmax><ymax>57</ymax></bndbox></object><object><name>proposal</name><bndbox><xmin>473</xmin><ymin>409</ymin><xmax>156</xmax><ymax>104</ymax></bndbox></object><object><name>proposal</name><bndbox><xmin>3</xmin><ymin>190</ymin><xmax>91</xmax><ymax>114</ymax></bndbox></object><object><name>proposal</name><bndbox><xmin>546</xmin><ymin>82</ymin><xmax>93</xmax><ymax>110</ymax></bndbox></object><object><name>proposal</name><bndbox><xmin>83</xmin><ymin>52</ymin><xmax>326</xmax><ymax>380</ymax></bndbox></object><object><name>proposal</name><bndbox><xmin>588</xmin><ymin>425</ymin><xmax>41</xmax><ymax>87</ymax></bndbox></object><object><name>proposal</name><bndbox><xmin>64</xmin><ymin>161</ymin><xmax>136</xmax><ymax>69</ymax></bndbox></object><object><name>proposal</name><bndbox><xmin>325</xmin><ymin>341</ymin><xmax>83</xmax><ymax>43</ymax></bndbox></object><object><name>proposal</name><bndbox><xmin>204</xmin><ymin>158</ymin><xmax>258</xmax><ymax>273</ymax></bndbox></object><object><name>proposal</name><bndbox><xmin>203</xmin><ymin>358</ymin><xmax>159</xmax><ymax>106</ymax></bndbox></object><object><name>proposal</name><bndbox><xmin>201</xmin><ymin>286</ymin><xmax>262</xmax><ymax>105</ymax></bndbox></object><object><name>proposal</name><bndbox><xmin>7</xmin><ymin>124</ymin><xmax>77</xmax><ymax>80</ymax></bndbox></object><object><name>proposal</name><bndbox><xmin>85</xmin><ymin>51</ymin><xmax>138</xmax><ymax>79</ymax></bndbox></object><object><name>proposal</name><bndbox><xmin>214</xmin><ymin>402</ymin><xmax>146</xmax><ymax>100</ymax></bndbox></object><object><name>proposal</name><bndbox><xmin>473</xmin><ymin>409</ymin><xmax>152</xmax><ymax>67</ymax></bndbox></object><object><name>proposal</name><bndbox><xmin>4</xmin><ymin>49</ymin><xmax>65</xmax><ymax>68</ymax></bndbox></object><object><name>proposal</name><bndbox><xmin>291</xmin><ymin>318</ymin><xmax>171</xmax><ymax>142</ymax></bndbox></object><object><name>proposal</name><bndbox><xmin>347</xmin><ymin>356</ymin><xmax>61</xmax><ymax>28</ymax></bndbox></object><object><name>proposal</name><bndbox><xmin>1</xmin><ymin>181</ymin><xmax>162</xmax><ymax>79</ymax></bndbox></object><object><name>proposal</name><bndbox><xmin>203</xmin><ymin>319</ymin><xmax>260</xmax><ymax>249</ymax></bndbox></object><object><name>proposal</name><bndbox><xmin>1</xmin><ymin>103</ymin><xmax>297</xmax><ymax>370</ymax></bndbox></object><object><name>proposal</name><bndbox><xmin>202</xmin><ymin>319</ymin><xmax>318</xmax><ymax>157</ymax></bndbox></object><object><name>proposal</name><bndbox><xmin>51</xmin><ymin>108</ymin><xmax>603</xmax><ymax>283</ymax></bndbox></object><object><name>proposal</name><bndbox><xmin>567</xmin><ymin>425</ymin><xmax>63</xmax><ymax>89</ymax></bndbox></object><object><name>proposal</name><bndbox><xmin>1</xmin><ymin>187</ymin><xmax>100</xmax><ymax>52</ymax></bndbox></object><object><name>proposal</name><bndbox><xmin>85</xmin><ymin>109</ymin><xmax>132</xmax><ymax>135</ymax></bndbox></object><object><name>proposal</name><bndbox><xmin>202</xmin><ymin>319</ymin><xmax>65</xmax><ymax>71</ymax></bndbox></object><object><name>proposal</name><bndbox><xmin>84</xmin><ymin>155</ymin><xmax>274</xmax><ymax>274</ymax></bndbox></object><object><name>proposal</name><bndbox><xmin>1</xmin><ymin>63</ymin><xmax>81</xmax><ymax>56</ymax></bndbox></object><object><name>proposal</name><bndbox><xmin>85</xmin><ymin>107</ymin><xmax>196</xmax><ymax>113</ymax></bndbox></object><object><name>proposal</name><bndbox><xmin>657</xmin><ymin>14</ymin><xmax>54</xmax><ymax>36</ymax></bndbox></object><object><name>proposal</name><bndbox><xmin>4</xmin><ymin>3</ymin><xmax>262</xmax><ymax>141</ymax></bndbox></object><object><name>proposal</name><bndbox><xmin>552</xmin><ymin>162</ymin><xmax>87</xmax><ymax>117</ymax></bndbox></object><object><name>proposal</name><bndbox><xmin>322</xmin><ymin>154</ymin><xmax>336</xmax><ymax>230</ymax></bndbox></object><object><name>proposal</name><bndbox><xmin>323</xmin><ymin>317</ymin><xmax>199</xmax><ymax>157</ymax></bndbox></object><object><name>proposal</name><bndbox><xmin>200</xmin><ymin>267</ymin><xmax>207</xmax><ymax>164</ymax></bndbox></object><object><name>proposal</name><bndbox><xmin>605</xmin><ymin>466</ymin><xmax>69</xmax><ymax>49</ymax></bndbox></object><object><name>proposal</name><bndbox><xmin>337</xmin><ymin>365</ymin><xmax>85</xmax><ymax>69</ymax></bndbox></object><object><name>proposal</name><bndbox><xmin>202</xmin><ymin>318</ymin><xmax>375</xmax><ymax>273</ymax></bndbox></object><object><name>proposal</name><bndbox><xmin>204</xmin><ymin>281</ymin><xmax>97</xmax><ymax>111</ymax></bndbox></object><object><name>proposal</name><bndbox><xmin>1</xmin><ymin>33</ymin><xmax>88</xmax><ymax>100</ymax></bndbox></object><object><name>proposal</name><bndbox><xmin>5</xmin><ymin>149</ymin><xmax>77</xmax><ymax>56</ymax></bndbox></object><object><name>proposal</name><bndbox><xmin>288</xmin><ymin>338</ymin><xmax>119</xmax><ymax>50</ymax></bndbox></object><object><name>proposal</name><bndbox><xmin>77</xmin><ymin>109</ymin><xmax>221</xmax><ymax>282</ymax></bndbox></object><object><name>proposal</name><bndbox><xmin>204</xmin><ymin>224</ymin><xmax>259</xmax><ymax>167</ymax></bndbox></object><object><name>proposal</name><bndbox><xmin>573</xmin><ymin>325</ymin><xmax>80</xmax><ymax>76</ymax></bndbox></object><object><name>proposal</name><bndbox><xmin>74</xmin><ymin>109</ymin><xmax>109</xmax><ymax>243</ymax></bndbox></object><object><name>proposal</name><bndbox><xmin>473</xmin><ymin>330</ymin><xmax>180</xmax><ymax>98</ymax></bndbox></object><object><name>proposal</name><bndbox><xmin>1</xmin><ymin>159</ymin><xmax>298</xmax><ymax>232</ymax></bndbox></object><object><name>proposal</name><bndbox><xmin>1</xmin><ymin>104</ymin><xmax>66</xmax><ymax>32</ymax></bndbox></object><object><name>proposal</name><bndbox><xmin>552</xmin><ymin>161</ymin><xmax>106</xmax><ymax>217</ymax></bndbox></object><object><name>proposal</name><bndbox><xmin>1</xmin><ymin>159</ymin><xmax>278</xmax><ymax>128</ymax></bndbox></object><object><name>proposal</name><bndbox><xmin>201</xmin><ymin>358</ymin><xmax>208</xmax><ymax>126</ymax></bndbox></object><object><name>proposal</name><bndbox><xmin>290</xmin><ymin>302</ymin><xmax>173</xmax><ymax>85</ymax></bndbox></object><object><name>proposal</name><bndbox><xmin>229</xmin><ymin>361</ymin><xmax>179</xmax><ymax>69</ymax></bndbox></object><object><name>proposal</name><bndbox><xmin>6</xmin><ymin>176</ymin><xmax>56</xmax><ymax>28</ymax></bndbox></object><object><name>proposal</name><bndbox><xmin>552</xmin><ymin>163</ymin><xmax>107</xmax><ymax>60</ymax></bndbox></object><object><name>proposal</name><bndbox><xmin>158</xmin><ymin>303</ymin><xmax>170</xmax><ymax>87</ymax></bndbox></object><object><name>proposal</name><bndbox><xmin>546</xmin><ymin>127</ymin><xmax>89</xmax><ymax>66</ymax></bndbox></object><object><name>proposal</name><bndbox><xmin>658</xmin><ymin>13</ymin><xmax>51</xmax><ymax>25</ymax></bndbox></object><object><name>proposal</name><bndbox><xmin>98</xmin><ymin>179</ymin><xmax>65</xmax><ymax>59</ymax></bndbox></object><object><name>proposal</name><bndbox><xmin>204</xmin><ymin>186</ymin><xmax>154</xmax><ymax>243</ymax></bndbox></object><object><name>proposal</name><bndbox><xmin>204</xmin><ymin>156</ymin><xmax>448</xmax><ymax>275</ymax></bndbox></object><object><name>proposal</name><bndbox><xmin>31</xmin><ymin>74</ymin><xmax>151</xmax><ymax>69</ymax></bndbox></object><object><name>proposal</name><bndbox><xmin>4</xmin><ymin>69</ymin><xmax>135</xmax><ymax>75</ymax></bndbox></object><object><name>proposal</name><bndbox><xmin>77</xmin><ymin>50</ymin><xmax>318</xmax><ymax>145</ymax></bndbox></object><object><name>proposal</name><bndbox><xmin>1</xmin><ymin>105</ymin><xmax>274</xmax><ymax>200</ymax></bndbox></object><object><name>proposal</name><bndbox><xmin>324</xmin><ymin>319</ymin><xmax>335</xmax><ymax>227</ymax></bndbox></object><object><name>proposal</name><bndbox><xmin>650</xmin><ymin>13</ymin><xmax>61</xmax><ymax>68</ymax></bndbox></object><object><name>proposal</name><bndbox><xmin>347</xmin><ymin>330</ymin><xmax>96</xmax><ymax>54</ymax></bndbox></object><object><name>proposal</name><bndbox><xmin>77</xmin><ymin>102</ymin><xmax>318</xmax><ymax>107</ymax></bndbox></object><object><name>proposal</name><bndbox><xmin>196</xmin><ymin>21</ymin><xmax>269</xmax><ymax>408</ymax></bndbox></object><object><name>proposal</name><bndbox><xmin>1</xmin><ymin>53</ymin><xmax>325</xmax><ymax>339</ymax></bndbox></object><object><name>proposal</name><bndbox><xmin>321</xmin><ymin>319</ymin><xmax>141</xmax><ymax>250</ymax></bndbox></object><object><name>proposal</name><bndbox><xmin>566</xmin><ymin>121</ymin><xmax>75</xmax><ymax>57</ymax></bndbox></object><object><name>proposal</name><bndbox><xmin>339</xmin><ymin>366</ymin><xmax>69</xmax><ymax>94</ymax></bndbox></object><object><name>proposal</name><bndbox><xmin>238</xmin><ymin>238</ymin><xmax>226</xmax><ymax>121</ymax></bndbox></object><object><name>proposal</name><bndbox><xmin>36</xmin><ymin>159</ymin><xmax>149</xmax><ymax>104</ymax></bndbox></object><object><name>proposal</name><bndbox><xmin>1</xmin><ymin>105</ymin><xmax>84</xmax><ymax>72</ymax></bndbox></object><object><name>proposal</name><bndbox><xmin>346</xmin><ymin>328</ymin><xmax>146</xmax><ymax>58</ymax></bndbox></object><object><name>proposal</name><bndbox><xmin>573</xmin><ymin>330</ymin><xmax>79</xmax><ymax>138</ymax></bndbox></object><object><name>proposal</name><bndbox><xmin>552</xmin><ymin>181</ymin><xmax>109</xmax><ymax>46</ymax></bndbox></object><object><name>proposal</name><bndbox><xmin>286</xmin><ymin>231</ymin><xmax>225</xmax><ymax>127</ymax></bndbox></object><object><name>proposal</name><bndbox><xmin>75</xmin><ymin>14</ymin><xmax>142</xmax><ymax>128</ymax></bndbox></object><object><name>proposal</name><bndbox><xmin>83</xmin><ymin>109</ymin><xmax>144</xmax><ymax>240</ymax></bndbox></object><object><name>proposal</name><bndbox><xmin>221</xmin><ymin>22</ymin><xmax>45</xmax><ymax>45</ymax></bndbox></object><object><name>proposal</name><bndbox><xmin>322</xmin><ymin>247</ymin><xmax>333</xmax><ymax>181</ymax></bndbox></object><object><name>proposal</name><bndbox><xmin>159</xmin><ymin>196</ymin><xmax>251</xmax><ymax>233</ymax></bndbox></object><object><name>proposal</name><bndbox><xmin>4</xmin><ymin>105</ymin><xmax>135</xmax><ymax>65</ymax></bndbox></object><object><name>proposal</name><bndbox><xmin>203</xmin><ymin>319</ymin><xmax>451</xmax><ymax>401</ymax></bndbox></object><object><name>proposal</name><bndbox><xmin>566</xmin><ymin>163</ymin><xmax>73</xmax><ymax>33</ymax></bndbox></object><object><name>proposal</name><bndbox><xmin>1</xmin><ymin>191</ymin><xmax>135</xmax><ymax>101</ymax></bndbox></object><object><name>proposal</name><bndbox><xmin>3</xmin><ymin>105</ymin><xmax>136</xmax><ymax>191</ymax></bndbox></object><object><name>proposal</name><bndbox><xmin>203</xmin><ymin>358</ymin><xmax>205</xmax><ymax>273</ymax></bndbox></object><object><name>proposal</name><bndbox><xmin>156</xmin><ymin>326</ymin><xmax>147</xmax><ymax>65</ymax></bndbox></object><object><name>proposal</name><bndbox><xmin>66</xmin><ymin>125</ymin><xmax>73</xmax><ymax>36</ymax></bndbox></object><object><name>proposal</name><bndbox><xmin>77</xmin><ymin>84</ymin><xmax>104</xmax><ymax>56</ymax></bndbox></object><object><name>proposal</name><bndbox><xmin>3</xmin><ymin>101</ymin><xmax>190</xmax><ymax>463</ymax></bndbox></object><object><name>proposal</name><bndbox><xmin>1</xmin><ymin>25</ymin><xmax>119</xmax><ymax>114</ymax></bndbox></object><object><name>proposal</name><bndbox><xmin>76</xmin><ymin>158</ymin><xmax>158</xmax><ymax>142</ymax></bndbox></object><object><name>proposal</name><bndbox><xmin>324</xmin><ymin>125</ymin><xmax>176</xmax><ymax>264</ymax></bndbox></object><object><name>proposal</name><bndbox><xmin>566</xmin><ymin>141</ymin><xmax>73</xmax><ymax>37</ymax></bndbox></object><object><name>proposal</name><bndbox><xmin>204</xmin><ymin>337</ymin><xmax>96</xmax><ymax>54</ymax></bndbox></object><object><name>proposal</name><bndbox><xmin>573</xmin><ymin>287</ymin><xmax>81</xmax><ymax>63</ymax></bndbox></object><object><name>proposal</name><bndbox><xmin>81</xmin><ymin>158</ymin><xmax>197</xmax><ymax>78</ymax></bndbox></object><object><name>proposal</name><bndbox><xmin>157</xmin><ymin>336</ymin><xmax>109</xmax><ymax>54</ymax></bndbox></object><object><name>proposal</name><bndbox><xmin>246</xmin><ymin>336</ymin><xmax>162</xmax><ymax>64</ymax></bndbox></object><object><name>proposal</name><bndbox><xmin>546</xmin><ymin>326</ymin><xmax>108</xmax><ymax>57</ymax></bndbox></object><object><name>proposal</name><bndbox><xmin>203</xmin><ymin>336</ymin><xmax>157</xmax><ymax>180</ymax></bndbox></object><object><name>proposal</name><bndbox><xmin>487</xmin><ymin>460</ymin><xmax>34</xmax><ymax>31</ymax></bndbox></object><object><name>proposal</name><bndbox><xmin>606</xmin><ymin>463</ymin><xmax>44</xmax><ymax>60</ymax></bndbox></object><object><name>proposal</name><bndbox><xmin>2</xmin><ymin>22</ymin><xmax>137</xmax><ymax>211</ymax></bndbox></object><object><name>proposal</name><bndbox><xmin>84</xmin><ymin>161</ymin><xmax>109</xmax><ymax>212</ymax></bndbox></object><object><name>proposal</name><bndbox><xmin>472</xmin><ymin>336</ymin><xmax>106</xmax><ymax>93</ymax></bndbox></object><object><name>proposal</name><bndbox><xmin>1</xmin><ymin>148</ymin><xmax>119</xmax><ymax>70</ymax></bndbox></object><object><name>proposal</name><bndbox><xmin>305</xmin><ymin>361</ymin><xmax>102</xmax><ymax>63</ymax></bndbox></object><object><name>proposal</name><bndbox><xmin>571</xmin><ymin>326</ymin><xmax>139</xmax><ymax>65</ymax></bndbox></object><object><name>proposal</name><bndbox><xmin>57</xmin><ymin>247</ymin><xmax>405</xmax><ymax>144</ymax></bndbox></object><object><name>proposal</name><bndbox><xmin>322</xmin><ymin>284</ymin><xmax>331</xmax><ymax>103</ymax></bndbox></object><object><name>proposal</name><bndbox><xmin>622</xmin><ymin>14</ymin><xmax>85</xmax><ymax>52</ymax></bndbox></object><object><name>proposal</name><bndbox><xmin>3</xmin><ymin>16</ymin><xmax>89</xmax><ymax>222</ymax></bndbox></object><object><name>proposal</name><bndbox><xmin>1</xmin><ymin>182</ymin><xmax>164</xmax><ymax>142</ymax></bndbox></object><object><name>proposal</name><bndbox><xmin>90</xmin><ymin>181</ymin><xmax>87</xmax><ymax>46</ymax></bndbox></object><object><name>proposal</name><bndbox><xmin>37</xmin><ymin>109</ymin><xmax>156</xmax><ymax>363</ymax></bndbox></object><object><name>proposal</name><bndbox><xmin>3</xmin><ymin>190</ymin><xmax>97</xmax><ymax>177</ymax></bndbox></object><object><name>proposal</name><bndbox><xmin>1</xmin><ymin>3</ymin><xmax>397</xmax><ymax>215</ymax></bndbox></object><object><name>proposal</name><bndbox><xmin>81</xmin><ymin>23</ymin><xmax>197</xmax><ymax>113</ymax></bndbox></object><object><name>proposal</name><bndbox><xmin>235</xmin><ymin>36</ymin><xmax>39</xmax><ymax>31</ymax></bndbox></object><object><name>proposal</name><bndbox><xmin>518</xmin><ymin>143</ymin><xmax>122</xmax><ymax>50</ymax></bndbox></object><object><name>proposal</name><bndbox><xmin>474</xmin><ymin>396</ymin><xmax>161</xmax><ymax>158</ymax></bndbox></object><object><name>proposal</name><bndbox><xmin>201</xmin><ymin>336</ymin><xmax>133</xmax><ymax>93</ymax></bndbox></object><object><name>proposal</name><bndbox><xmin>1</xmin><ymin>105</ymin><xmax>396</xmax><ymax>144</ymax></bndbox></object><object><name>proposal</name><bndbox><xmin>551</xmin><ymin>466</ymin><xmax>78</xmax><ymax>47</ymax></bndbox></object><object><name>proposal</name><bndbox><xmin>204</xmin><ymin>328</ymin><xmax>166</xmax><ymax>63</ymax></bndbox></object><object><name>proposal</name><bndbox><xmin>541</xmin><ymin>181</ymin><xmax>80</xmax><ymax>76</ymax></bndbox></object><object><name>proposal</name><bndbox><xmin>473</xmin><ymin>325</ymin><xmax>179</xmax><ymax>192</ymax></bndbox></object><object><name>proposal</name><bndbox><xmin>338</xmin><ymin>365</ymin><xmax>105</xmax><ymax>52</ymax></bndbox></object><object><name>proposal</name><bndbox><xmin>236</xmin><ymin>56</ymin><xmax>31</xmax><ymax>31</ymax></bndbox></object><object><name>proposal</name><bndbox><xmin>158</xmin><ymin>277</ymin><xmax>200</xmax><ymax>152</ymax></bndbox></object><object><name>proposal</name><bndbox><xmin>323</xmin><ymin>286</ymin><xmax>140</xmax><ymax>69</ymax></bndbox></object><object><name>proposal</name><bndbox><xmin>546</xmin><ymin>324</ymin><xmax>106</xmax><ymax>123</ymax></bndbox></object><object><name>proposal</name><bndbox><xmin>300</xmin><ymin>317</ymin><xmax>228</xmax><ymax>244</ymax></bndbox></object><object><name>proposal</name><bndbox><xmin>323</xmin><ymin>264</ymin><xmax>142</xmax><ymax>124</ymax></bndbox></object><object><name>proposal</name><bndbox><xmin>203</xmin><ymin>273</ymin><xmax>159</xmax><ymax>119</ymax></bndbox></object><object><name>proposal</name><bndbox><xmin>3</xmin><ymin>105</ymin><xmax>404</xmax><ymax>457</ymax></bndbox></object><object><name>proposal</name><bndbox><xmin>160</xmin><ymin>275</ymin><xmax>247</xmax><ymax>121</ymax></bndbox></object><object><name>proposal</name><bndbox><xmin>213</xmin><ymin>396</ymin><xmax>145</xmax><ymax>158</ymax></bndbox></object><object><name>proposal</name><bndbox><xmin>29</xmin><ymin>29</ymin><xmax>115</xmax><ymax>115</ymax></bndbox></object><object><name>proposal</name><bndbox><xmin>112</xmin><ymin>310</ymin><xmax>297</xmax><ymax>119</ymax></bndbox></object><object><name>proposal</name><bndbox><xmin>225</xmin><ymin>4</ymin><xmax>43</xmax><ymax>67</ymax></bndbox></object><object><name>proposal</name><bndbox><xmin>235</xmin><ymin>19</ymin><xmax>49</xmax><ymax>49</ymax></bndbox></object><object><name>proposal</name><bndbox><xmin>154</xmin><ymin>358</ymin><xmax>207</xmax><ymax>127</ymax></bndbox></object><object><name>proposal</name><bndbox><xmin>606</xmin><ymin>461</ymin><xmax>60</xmax><ymax>69</ymax></bndbox></object><object><name>proposal</name><bndbox><xmin>211</xmin><ymin>365</ymin><xmax>227</xmax><ymax>87</ymax></bndbox></object><object><name>proposal</name><bndbox><xmin>323</xmin><ymin>157</ymin><xmax>335</xmax><ymax>367</ymax></bndbox></object><object><name>proposal</name><bndbox><xmin>204</xmin><ymin>227</ymin><xmax>122</xmax><ymax>163</ymax></bndbox></object><object><name>proposal</name><bndbox><xmin>548</xmin><ymin>426</ymin><xmax>83</xmax><ymax>106</ymax></bndbox></object><object><name>proposal</name><bndbox><xmin>225</xmin><ymin>3</ymin><xmax>42</xmax><ymax>29</ymax></bndbox></object><object><name>proposal</name><bndbox><xmin>637</xmin><ymin>12</ymin><xmax>71</xmax><ymax>40</ymax></bndbox></object><object><name>proposal</name><bndbox><xmin>550</xmin><ymin>80</ymin><xmax>141</xmax><ymax>113</ymax></bndbox></object><object><name>proposal</name><bndbox><xmin>606</xmin><ymin>437</ymin><xmax>68</xmax><ymax>77</ymax></bndbox></object><object><name>proposal</name><bndbox><xmin>176</xmin><ymin>313</ymin><xmax>94</xmax><ymax>78</ymax></bndbox></object><object><name>proposal</name><bndbox><xmin>291</xmin><ymin>37</ymin><xmax>363</xmax><ymax>389</ymax></bndbox></object><object><name>proposal</name><bndbox><xmin>158</xmin><ymin>266</ymin><xmax>142</xmax><ymax>126</ymax></bndbox></object><object><name>proposal</name><bndbox><xmin>203</xmin><ymin>247</ymin><xmax>414</xmax><ymax>182</ymax></bndbox></object><object><name>proposal</name><bndbox><xmin>524</xmin><ymin>163</ymin><xmax>143</xmax><ymax>117</ymax></bndbox></object><object><name>proposal</name><bndbox><xmin>552</xmin><ymin>30</ymin><xmax>87</xmax><ymax>165</ymax></bndbox></object><object><name>proposal</name><bndbox><xmin>551</xmin><ymin>326</ymin><xmax>120</xmax><ymax>77</ymax></bndbox></object><object><name>proposal</name><bndbox><xmin>524</xmin><ymin>73</ymin><xmax>135</xmax><ymax>121</ymax></bndbox></object><object><name>proposal</name><bndbox><xmin>51</xmin><ymin>110</ymin><xmax>344</xmax><ymax>263</ymax></bndbox></object><object><name>proposal</name><bndbox><xmin>1</xmin><ymin>203</ymin><xmax>119</xmax><ymax>58</ymax></bndbox></object><object><name>proposal</name><bndbox><xmin>1</xmin><ymin>56</ymin><xmax>119</xmax><ymax>67</ymax></bndbox></object><object><name>proposal</name><bndbox><xmin>71</xmin><ymin>633</ymin><xmax>42</xmax><ymax>29</ymax></bndbox></object><object><name>proposal</name><bndbox><xmin>1</xmin><ymin>22</ymin><xmax>639</xmax><ymax>199</ymax></bndbox></object><object><name>proposal</name><bndbox><xmin>242</xmin><ymin>338</ymin><xmax>133</xmax><ymax>87</ymax></bndbox></object><object><name>proposal</name><bndbox><xmin>509</xmin><ymin>156</ymin><xmax>151</xmax><ymax>193</ymax></bndbox></object><object><name>proposal</name><bndbox><xmin>61</xmin><ymin>124</ymin><xmax>77</xmax><ymax>54</ymax></bndbox></object><object><name>proposal</name><bndbox><xmin>57</xmin><ymin>271</ymin><xmax>405</xmax><ymax>170</ymax></bndbox></object><object><name>proposal</name><bndbox><xmin>323</xmin><ymin>231</ymin><xmax>332</xmax><ymax>127</ymax></bndbox></object><object><name>proposal</name><bndbox><xmin>506</xmin><ymin>95</ymin><xmax>136</xmax><ymax>97</ymax></bndbox></object><object><name>proposal</name><bndbox><xmin>575</xmin><ymin>426</ymin><xmax>51</xmax><ymax>69</ymax></bndbox></object><object><name>proposal</name><bndbox><xmin>386</xmin><ymin>325</ymin><xmax>267</xmax><ymax>102</ymax></bndbox></object><object><name>proposal</name><bndbox><xmin>485</xmin><ymin>460</ymin><xmax>38</xmax><ymax>21</ymax></bndbox></object><object><name>proposal</name><bndbox><xmin>288</xmin><ymin>318</ymin><xmax>364</xmax><ymax>319</ymax></bndbox></object><object><name>proposal</name><bndbox><xmin>244</xmin><ymin>338</ymin><xmax>126</xmax><ymax>50</ymax></bndbox></object><object><name>proposal</name><bndbox><xmin>573</xmin><ymin>302</ymin><xmax>75</xmax><ymax>44</ymax></bndbox></object><object><name>proposal</name><bndbox><xmin>563</xmin><ymin>90</ymin><xmax>72</xmax><ymax>89</ymax></bndbox></object><object><name>proposal</name><bndbox><xmin>553</xmin><ymin>324</ymin><xmax>99</xmax><ymax>190</ymax></bndbox></object><object><name>proposal</name><bndbox><xmin>1</xmin><ymin>55</ymin><xmax>297</xmax><ymax>591</ymax></bndbox></object><object><name>proposal</name><bndbox><xmin>430</xmin><ymin>409</ymin><xmax>205</xmax><ymax>123</ymax></bndbox></object><object><name>proposal</name><bndbox><xmin>85</xmin><ymin>41</ymin><xmax>35</xmax><ymax>24</ymax></bndbox></object><object><name>proposal</name><bndbox><xmin>74</xmin><ymin>22</ymin><xmax>412</xmax><ymax>173</ymax></bndbox></object><object><name>proposal</name><bndbox><xmin>573</xmin><ymin>322</ymin><xmax>118</xmax><ymax>147</ymax></bndbox></object><object><name>proposal</name><bndbox><xmin>68</xmin><ymin>607</ymin><xmax>46</xmax><ymax>37</ymax></bndbox></object><object><name>proposal</name><bndbox><xmin>538</xmin><ymin>332</ymin><xmax>78</xmax><ymax>57</ymax></bndbox></object><object><name>proposal</name><bndbox><xmin>1</xmin><ymin>105</ymin><xmax>652</xmax><ymax>432</ymax></bndbox></object><object><name>proposal</name><bndbox><xmin>232</xmin><ymin>41</ymin><xmax>35</xmax><ymax>26</ymax></bndbox></object><object><name>proposal</name><bndbox><xmin>201</xmin><ymin>293</ymin><xmax>72</xmax><ymax>100</ymax></bndbox></object><object><name>proposal</name><bndbox><xmin>155</xmin><ymin>358</ymin><xmax>203</xmax><ymax>279</ymax></bndbox></object><object><name>proposal</name><bndbox><xmin>161</xmin><ymin>338</ymin><xmax>249</xmax><ymax>204</ymax></bndbox></object><object><name>proposal</name><bndbox><xmin>245</xmin><ymin>364</ymin><xmax>113</xmax><ymax>61</ymax></bndbox></object><object><name>proposal</name><bndbox><xmin>591</xmin><ymin>307</ymin><xmax>58</xmax><ymax>37</ymax></bndbox></object><object><name>proposal</name><bndbox><xmin>203</xmin><ymin>53</ymin><xmax>156</xmax><ymax>379</ymax></bndbox></object><object><name>proposal</name><bndbox><xmin>550</xmin><ymin>121</ymin><xmax>121</xmax><ymax>71</ymax></bndbox></object><object><name>proposal</name><bndbox><xmin>83</xmin><ymin>53</ymin><xmax>244</xmax><ymax>179</ymax></bndbox></object><object><name>proposal</name><bndbox><xmin>549</xmin><ymin>13</ymin><xmax>160</xmax><ymax>180</ymax></bndbox></object><object><name>proposal</name><bndbox><xmin>528</xmin><ymin>413</ymin><xmax>102</xmax><ymax>102</ymax></bndbox></object><object><name>proposal</name><bndbox><xmin>605</xmin><ymin>464</ymin><xmax>25</xmax><ymax>51</ymax></bndbox></object><object><name>proposal</name><bndbox><xmin>142</xmin><ymin>402</ymin><xmax>217</xmax><ymax>115</ymax></bndbox></object><object><name>proposal</name><bndbox><xmin>4</xmin><ymin>69</ymin><xmax>80</xmax><ymax>74</ymax></bndbox></object><object><name>proposal</name><bndbox><xmin>261</xmin><ymin>328</ymin><xmax>147</xmax><ymax>110</ymax></bndbox></object><object><name>proposal</name><bndbox><xmin>3</xmin><ymin>32</ymin><xmax>460</xmax><ymax>632</ymax></bndbox></object><object><name>proposal</name><bndbox><xmin>300</xmin><ymin>333</ymin><xmax>107</xmax><ymax>90</ymax></bndbox></object><object><name>proposal</name><bndbox><xmin>321</xmin><ymin>304</ymin><xmax>247</xmax><ymax>84</ymax></bndbox></object><object><name>proposal</name><bndbox><xmin>473</xmin><ymin>163</ymin><xmax>181</xmax><ymax>311</ymax></bndbox></object><object><name>proposal</name><bndbox><xmin>235</xmin><ymin>55</ymin><xmax>34</xmax><ymax>50</ymax></bndbox></object><object><name>proposal</name><bndbox><xmin>606</xmin><ymin>466</ymin><xmax>52</xmax><ymax>91</ymax></bndbox></object><object><name>proposal</name><bndbox><xmin>462</xmin><ymin>161</ymin><xmax>196</xmax><ymax>216</ymax></bndbox></object><object><name>proposal</name><bndbox><xmin>242</xmin><ymin>307</ymin><xmax>85</xmax><ymax>81</ymax></bndbox></object><object><name>proposal</name><bndbox><xmin>316</xmin><ymin>364</ymin><xmax>101</xmax><ymax>84</ymax></bndbox></object><object><name>proposal</name><bndbox><xmin>546</xmin><ymin>162</ymin><xmax>123</xmax><ymax>87</ymax></bndbox></object><object><name>proposal</name><bndbox><xmin>56</xmin><ymin>318</ymin><xmax>575</xmax><ymax>327</ymax></bndbox></object><object><name>proposal</name><bndbox><xmin>160</xmin><ymin>337</ymin><xmax>248</xmax><ymax>371</ymax></bndbox></object><object><name>proposal</name><bndbox><xmin>501</xmin><ymin>180</ymin><xmax>121</xmax><ymax>55</ymax></bndbox></object><object><name>proposal</name><bndbox><xmin>6</xmin><ymin>183</ymin><xmax>56</xmax><ymax>26</ymax></bndbox></object><object><name>proposal</name><bndbox><xmin>445</xmin><ymin>360</ymin><xmax>135</xmax><ymax>69</ymax></bndbox></object><object><name>proposal</name><bndbox><xmin>523</xmin><ymin>117</ymin><xmax>112</xmax><ymax>84</ymax></bndbox></object><object><name>proposal</name><bndbox><xmin>482</xmin><ymin>460</ymin><xmax>45</xmax><ymax>53</ymax></bndbox></object><object><name>proposal</name><bndbox><xmin>263</xmin><ymin>65</ymin><xmax>200</xmax><ymax>338</ymax></bndbox></object><object><name>proposal</name><bndbox><xmin>290</xmin><ymin>316</ymin><xmax>173</xmax><ymax>328</ymax></bndbox></object><object><name>proposal</name><bndbox><xmin>204</xmin><ymin>358</ymin><xmax>96</xmax><ymax>52</ymax></bndbox></object><object><name>proposal</name><bndbox><xmin>242</xmin><ymin>337</ymin><xmax>88</xmax><ymax>93</ymax></bndbox></object><object><name>proposal</name><bndbox><xmin>77</xmin><ymin>54</ymin><xmax>374</xmax><ymax>216</ymax></bndbox></object><object><name>proposal</name><bndbox><xmin>313</xmin><ymin>362</ymin><xmax>95</xmax><ymax>40</ymax></bndbox></object><object><name>proposal</name><bndbox><xmin>550</xmin><ymin>163</ymin><xmax>141</xmax><ymax>132</ymax></bndbox></object><object><name>proposal</name><bndbox><xmin>333</xmin><ymin>366</ymin><xmax>111</xmax><ymax>89</ymax></bndbox></object><object><name>proposal</name><bndbox><xmin>1</xmin><ymin>157</ymin><xmax>396</xmax><ymax>156</ymax></bndbox></object><object><name>proposal</name><bndbox><xmin>57</xmin><ymin>319</ymin><xmax>407</xmax><ymax>265</ymax></bndbox></object><object><name>proposal</name><bndbox><xmin>470</xmin><ymin>293</ymin><xmax>147</xmax><ymax>135</ymax></bndbox></object><object><name>proposal</name><bndbox><xmin>658</xmin><ymin>12</ymin><xmax>50</xmax><ymax>108</ymax></bndbox></object><object><name>proposal</name><bndbox><xmin>541</xmin><ymin>140</ymin><xmax>81</xmax><ymax>54</ymax></bndbox></object><object><name>proposal</name><bndbox><xmin>573</xmin><ymin>323</ymin><xmax>140</xmax><ymax>191</ymax></bndbox></object><object><name>proposal</name><bndbox><xmin>229</xmin><ymin>365</ymin><xmax>106</xmax><ymax>66</ymax></bndbox></object><object><name>proposal</name><bndbox><xmin>71</xmin><ymin>631</ymin><xmax>42</xmax><ymax>45</ymax></bndbox></object><object><name>proposal</name><bndbox><xmin>571</xmin><ymin>322</ymin><xmax>139</xmax><ymax>103</ymax></bndbox></object><object><name>proposal</name><bndbox><xmin>85</xmin><ymin>57</ymin><xmax>35</xmax><ymax>28</ymax></bndbox></object><object><name>proposal</name><bndbox><xmin>98</xmin><ymin>181</ymin><xmax>66</xmax><ymax>89</ymax></bndbox></object><object><name>proposal</name><bndbox><xmin>96</xmin><ymin>179</ymin><xmax>98</xmax><ymax>57</ymax></bndbox></object><object><name>proposal</name><bndbox><xmin>200</xmin><ymin>359</ymin><xmax>327</xmax><ymax>279</ymax></bndbox></object><object><name>proposal</name><bndbox><xmin>282</xmin><ymin>328</ymin><xmax>168</xmax><ymax>100</ymax></bndbox></object><object><name>proposal</name><bndbox><xmin>438</xmin><ymin>335</ymin><xmax>178</xmax><ymax>93</ymax></bndbox></object><object><name>proposal</name><bndbox><xmin>509</xmin><ymin>158</ymin><xmax>132</xmax><ymax>139</ymax></bndbox></object><object><name>proposal</name><bndbox><xmin>202</xmin><ymin>366</ymin><xmax>69</xmax><ymax>61</ymax></bndbox></object><object><name>proposal</name><bndbox><xmin>473</xmin><ymin>459</ymin><xmax>47</xmax><ymax>25</ymax></bndbox></object><object><name>proposal</name><bndbox><xmin>384</xmin><ymin>158</ymin><xmax>268</xmax><ymax>291</ymax></bndbox></object><object><name>proposal</name><bndbox><xmin>55</xmin><ymin>337</ymin><xmax>303</xmax><ymax>189</ymax></bndbox></object><object><name>proposal</name><bndbox><xmin>201</xmin><ymin>21</ymin><xmax>458</xmax><ymax>493</ymax></bndbox></object><object><name>proposal</name><bndbox><xmin>604</xmin><ymin>458</ymin><xmax>101</xmax><ymax>57</ymax></bndbox></object><object><name>proposal</name><bndbox><xmin>523</xmin><ymin>163</ymin><xmax>119</xmax><ymax>53</ymax></bndbox></object><object><name>proposal</name><bndbox><xmin>229</xmin><ymin>56</ymin><xmax>38</xmax><ymax>20</ymax></bndbox></object><object><name>proposal</name><bndbox><xmin>244</xmin><ymin>156</ymin><xmax>164</xmax><ymax>233</ymax></bndbox></object><object><name>proposal</name><bndbox><xmin>63</xmin><ymin>181</ymin><xmax>103</xmax><ymax>55</ymax></bndbox></object><object><name>proposal</name><bndbox><xmin>136</xmin><ymin>121</ymin><xmax>32</xmax><ymax>24</ymax></bndbox></object><object><name>proposal</name><bndbox><xmin>229</xmin><ymin>310</ymin><xmax>179</xmax><ymax>77</ymax></bndbox></object><object><name>proposal</name><bndbox><xmin>592</xmin><ymin>324</ymin><xmax>88</xmax><ymax>190</ymax></bndbox></object><object><name>proposal</name><bndbox><xmin>346</xmin><ymin>364</ymin><xmax>117</xmax><ymax>77</ymax></bndbox></object><object><name>proposal</name><bndbox><xmin>589</xmin><ymin>326</ymin><xmax>85</xmax><ymax>66</ymax></bndbox></object><object><name>proposal</name><bndbox><xmin>554</xmin><ymin>330</ymin><xmax>53</xmax><ymax>53</ymax></bndbox></object><object><name>proposal</name><bndbox><xmin>214</xmin><ymin>401</ymin><xmax>207</xmax><ymax>141</ymax></bndbox></object><object><name>proposal</name><bndbox><xmin>57</xmin><ymin>323</ymin><xmax>45</xmax><ymax>42</ymax></bndbox></object><object><name>proposal</name><bndbox><xmin>592</xmin><ymin>433</ymin><xmax>34</xmax><ymax>37</ymax></bndbox></object><object><name>proposal</name><bndbox><xmin>527</xmin><ymin>163</ymin><xmax>93</xmax><ymax>115</ymax></bndbox></object><object><name>proposal</name><bndbox><xmin>568</xmin><ymin>332</ymin><xmax>39</xmax><ymax>64</ymax></bndbox></object><object><name>proposal</name><bndbox><xmin>565</xmin><ymin>261</ymin><xmax>88</xmax><ymax>88</ymax></bndbox></object><object><name>proposal</name><bndbox><xmin>517</xmin><ymin>181</ymin><xmax>167</xmax><ymax>197</ymax></bndbox></object><object><name>proposal</name><bndbox><xmin>77</xmin><ymin>94</ymin><xmax>177</xmax><ymax>207</ymax></bndbox></object><object><name>proposal</name><bndbox><xmin>1</xmin><ymin>95</ymin><xmax>95</xmax><ymax>43</ymax></bndbox></object><object><name>proposal</name><bndbox><xmin>13</xmin><ymin>121</ymin><xmax>157</xmax><ymax>57</ymax></bndbox></object><object><name>proposal</name><bndbox><xmin>480</xmin><ymin>459</ymin><xmax>42</xmax><ymax>39</ymax></bndbox></object><object><name>proposal</name><bndbox><xmin>232</xmin><ymin>364</ymin><xmax>69</xmax><ymax>69</ymax></bndbox></object><object><name>proposal</name><bndbox><xmin>337</xmin><ymin>354</ymin><xmax>70</xmax><ymax>38</ymax></bndbox></object><object><name>proposal</name><bndbox><xmin>589</xmin><ymin>425</ymin><xmax>68</xmax><ymax>88</ymax></bndbox></object><object><name>proposal</name><bndbox><xmin>98</xmin><ymin>159</ymin><xmax>67</xmax><ymax>37</ymax></bndbox></object><object><name>proposal</name><bndbox><xmin>323</xmin><ymin>326</ymin><xmax>169</xmax><ymax>80</ymax></bndbox></object><object><name>proposal</name><bndbox><xmin>473</xmin><ymin>331</ymin><xmax>154</xmax><ymax>142</ymax></bndbox></object><object><name>proposal</name><bndbox><xmin>455</xmin><ymin>401</ymin><xmax>122</xmax><ymax>113</ymax></bndbox></object><object><name>proposal</name><bndbox><xmin>271</xmin><ymin>327</ymin><xmax>306</xmax><ymax>201</ymax></bndbox></object><object><name>proposal</name><bndbox><xmin>83</xmin><ymin>154</ymin><xmax>312</xmax><ymax>107</ymax></bndbox></object><object><name>proposal</name><bndbox><xmin>538</xmin><ymin>331</ymin><xmax>91</xmax><ymax>187</ymax></bndbox></object><object><name>proposal</name><bndbox><xmin>572</xmin><ymin>433</ymin><xmax>54</xmax><ymax>37</ymax></bndbox></object><object><name>proposal</name><bndbox><xmin>205</xmin><ymin>17</ymin><xmax>60</xmax><ymax>51</ymax></bndbox></object><object><name>proposal</name><bndbox><xmin>487</xmin><ymin>441</ymin><xmax>39</xmax><ymax>31</ymax></bndbox></object><object><name>proposal</name><bndbox><xmin>592</xmin><ymin>324</ymin><xmax>60</xmax><ymax>124</ymax></bndbox></object><object><name>proposal</name><bndbox><xmin>506</xmin><ymin>326</ymin><xmax>148</xmax><ymax>84</ymax></bndbox></object><object><name>proposal</name><bndbox><xmin>550</xmin><ymin>162</ymin><xmax>71</xmax><ymax>187</ymax></bndbox></object><object><name>proposal</name><bndbox><xmin>487</xmin><ymin>460</ymin><xmax>142</xmax><ymax>61</ymax></bndbox></object><object><name>proposal</name><bndbox><xmin>309</xmin><ymin>348</ymin><xmax>99</xmax><ymax>43</ymax></bndbox></object><object><name>proposal</name><bndbox><xmin>58</xmin><ymin>283</ymin><xmax>268</xmax><ymax>107</ymax></bndbox></object><object><name>proposal</name><bndbox><xmin>554</xmin><ymin>282</ymin><xmax>117</xmax><ymax>69</ymax></bndbox></object><object><name>proposal</name><bndbox><xmin>64</xmin><ymin>359</ymin><xmax>344</xmax><ymax>284</ymax></bndbox></object><object><name>proposal</name><bndbox><xmin>85</xmin><ymin>159</ymin><xmax>192</xmax><ymax>189</ymax></bndbox></object><object><name>proposal</name><bndbox><xmin>204</xmin><ymin>157</ymin><xmax>455</xmax><ymax>462</ymax></bndbox></object><object><name>proposal</name><bndbox><xmin>509</xmin><ymin>36</ymin><xmax>126</xmax><ymax>158</ymax></bndbox></object><object><name>proposal</name><bndbox><xmin>263</xmin><ymin>189</ymin><xmax>278</xmax><ymax>194</ymax></bndbox></object><object><name>proposal</name><bndbox><xmin>339</xmin><ymin>365</ymin><xmax>78</xmax><ymax>135</ymax></bndbox></object><object><name>proposal</name><bndbox><xmin>109</xmin><ymin>355</ymin><xmax>300</xmax><ymax>139</ymax></bndbox></object><object><name>proposal</name><bndbox><xmin>34</xmin><ymin>12</ymin><xmax>65</xmax><ymax>44</ymax></bndbox></object><object><name>proposal</name><bndbox><xmin>569</xmin><ymin>330</ymin><xmax>35</xmax><ymax>48</ymax></bndbox></object><object><name>proposal</name><bndbox><xmin>556</xmin><ymin>426</ymin><xmax>69</xmax><ymax>57</ymax></bndbox></object><object><name>proposal</name><bndbox><xmin>501</xmin><ymin>426</ymin><xmax>132</xmax><ymax>104</ymax></bndbox></object><object><name>proposal</name><bndbox><xmin>200</xmin><ymin>306</ymin><xmax>207</xmax><ymax>198</ymax></bndbox></object><object><name>proposal</name><bndbox><xmin>321</xmin><ymin>247</ymin><xmax>248</xmax><ymax>141</ymax></bndbox></object><object><name>proposal</name><bndbox><xmin>225</xmin><ymin>4</ymin><xmax>65</xmax><ymax>65</ymax></bndbox></object><object><name>proposal</name><bndbox><xmin>550</xmin><ymin>163</ymin><xmax>71</xmax><ymax>62</ymax></bndbox></object><object><name>proposal</name><bndbox><xmin>263</xmin><ymin>199</ymin><xmax>199</xmax><ymax>225</ymax></bndbox></object><object><name>proposal</name><bndbox><xmin>221</xmin><ymin>55</ymin><xmax>45</xmax><ymax>49</ymax></bndbox></object><object><name>proposal</name><bndbox><xmin>436</xmin><ymin>293</ymin><xmax>218</xmax><ymax>154</ymax></bndbox></object><object><name>proposal</name><bndbox><xmin>409</xmin><ymin>90</ymin><xmax>250</xmax><ymax>426</ymax></bndbox></object><object><name>proposal</name><bndbox><xmin>529</xmin><ymin>276</ymin><xmax>124</xmax><ymax>75</ymax></bndbox></object><object><name>proposal</name><bndbox><xmin>300</xmin><ymin>156</ymin><xmax>107</xmax><ymax>232</ymax></bndbox></object><object><name>proposal</name><bndbox><xmin>546</xmin><ymin>296</ymin><xmax>105</xmax><ymax>50</ymax></bndbox></object><object><name>proposal</name><bndbox><xmin>161</xmin><ymin>190</ymin><xmax>165</xmax><ymax>201</ymax></bndbox></object><object><name>proposal</name><bndbox><xmin>473</xmin><ymin>402</ymin><xmax>164</xmax><ymax>225</ymax></bndbox></object><object><name>proposal</name><bndbox><xmin>456</xmin><ymin>317</ymin><xmax>215</xmax><ymax>155</ymax></bndbox></object><object><name>proposal</name><bndbox><xmin>142</xmin><ymin>239</ymin><xmax>246</xmax><ymax>151</ymax></bndbox></object><object><name>proposal</name><bndbox><xmin>71</xmin><ymin>589</ymin><xmax>41</xmax><ymax>55</ymax></bndbox></object><object><name>proposal</name><bndbox><xmin>606</xmin><ymin>413</ymin><xmax>56</xmax><ymax>100</ymax></bndbox></object><object><name>proposal</name><bndbox><xmin>204</xmin><ymin>246</ymin><xmax>258</xmax><ymax>248</ymax></bndbox></object><object><name>proposal</name><bndbox><xmin>458</xmin><ymin>75</ymin><xmax>183</xmax><ymax>119</ymax></bndbox></object><object><name>proposal</name><bndbox><xmin>622</xmin><ymin>14</ymin><xmax>88</xmax><ymax>84</ymax></bndbox></object><object><name>proposal</name><bndbox><xmin>339</xmin><ymin>335</ymin><xmax>68</xmax><ymax>71</ymax></bndbox></object><object><name>proposal</name><bndbox><xmin>204</xmin><ymin>359</ymin><xmax>106</xmax><ymax>135</ymax></bndbox></object><object><name>proposal</name><bndbox><xmin>606</xmin><ymin>437</ymin><xmax>40</xmax><ymax>79</ymax></bndbox></object><object><name>proposal</name><bndbox><xmin>407</xmin><ymin>218</ymin><xmax>45</xmax><ymax>42</ymax></bndbox></object><object><name>proposal</name><bndbox><xmin>1</xmin><ymin>173</ymin><xmax>104</xmax><ymax>92</ymax></bndbox></object><object><name>proposal</name><bndbox><xmin>589</xmin><ymin>426</ymin><xmax>131</xmax><ymax>90</ymax></bndbox></object><object><name>proposal</name><bndbox><xmin>573</xmin><ymin>301</ymin><xmax>80</xmax><ymax>76</ymax></bndbox></object><object><name>proposal</name><bndbox><xmin>573</xmin><ymin>208</ymin><xmax>95</xmax><ymax>169</ymax></bndbox></object><object><name>proposal</name><bndbox><xmin>223</xmin><ymin>281</ymin><xmax>102</xmax><ymax>106</ymax></bndbox></object><object><name>proposal</name><bndbox><xmin>569</xmin><ymin>302</ymin><xmax>35</xmax><ymax>45</ymax></bndbox></object><object><name>proposal</name><bndbox><xmin>28</xmin><ymin>34</ymin><xmax>59</xmax><ymax>59</ymax></bndbox></object><object><name>proposal</name><bndbox><xmin>1</xmin><ymin>98</ymin><xmax>66</xmax><ymax>26</ymax></bndbox></object><object><name>proposal</name><bndbox><xmin>85</xmin><ymin>4</ymin><xmax>249</xmax><ymax>271</ymax></bndbox></object><object><name>proposal</name><bndbox><xmin>151</xmin><ymin>341</ymin><xmax>42</xmax><ymax>31</ymax></bndbox></object><object><name>proposal</name><bndbox><xmin>57</xmin><ymin>319</ymin><xmax>405</xmax><ymax>172</ymax></bndbox></object><object><name>proposal</name><bndbox><xmin>487</xmin><ymin>420</ymin><xmax>34</xmax><ymax>54</ymax></bndbox></object><object><name>proposal</name><bndbox><xmin>346</xmin><ymin>334</ymin><xmax>232</xmax><ymax>139</ymax></bndbox></object><object><name>proposal</name><bndbox><xmin>72</xmin><ymin>610</ymin><xmax>64</xmax><ymax>33</ymax></bndbox></object><object><name>proposal</name><bndbox><xmin>31</xmin><ymin>34</ymin><xmax>157</xmax><ymax>228</ymax></bndbox></object><object><name>proposal</name><bndbox><xmin>66</xmin><ymin>44</ymin><xmax>78</xmax><ymax>97</ymax></bndbox></object><object><name>proposal</name><bndbox><xmin>244</xmin><ymin>364</ymin><xmax>334</xmax><ymax>109</ymax></bndbox></object><object><name>proposal</name><bndbox><xmin>586</xmin><ymin>457</ymin><xmax>44</xmax><ymax>55</ymax></bndbox></object><object><name>proposal</name><bndbox><xmin>3</xmin><ymin>101</ymin><xmax>113</xmax><ymax>267</ymax></bndbox></object><object><name>proposal</name><bndbox><xmin>49</xmin><ymin>610</ymin><xmax>64</xmax><ymax>33</ymax></bndbox></object><object><name>proposal</name><bndbox><xmin>13</xmin><ymin>112</ymin><xmax>38</xmax><ymax>21</ymax></bndbox></object><object><name>proposal</name><bndbox><xmin>529</xmin><ymin>114</ymin><xmax>114</xmax><ymax>65</ymax></bndbox></object><object><name>proposal</name><bndbox><xmin>46</xmin><ymin>340</ymin><xmax>252</xmax><ymax>89</ymax></bndbox></object><object><name>proposal</name><bndbox><xmin>239</xmin><ymin>319</ymin><xmax>116</xmax><ymax>69</ymax></bndbox></object><object><name>proposal</name><bndbox><xmin>541</xmin><ymin>160</ymin><xmax>126</xmax><ymax>354</ymax></bndbox></object><object><name>proposal</name><bndbox><xmin>606</xmin><ymin>457</ymin><xmax>32</xmax><ymax>61</ymax></bndbox></object><object><name>proposal</name><bndbox><xmin>604</xmin><ymin>431</ymin><xmax>84</xmax><ymax>101</ymax></bndbox></object><object><name>proposal</name><bndbox><xmin>128</xmin><ymin>244</ymin><xmax>188</xmax><ymax>148</ymax></bndbox></object><object><name>proposal</name><bndbox><xmin>540</xmin><ymin>181</ymin><xmax>136</xmax><ymax>79</ymax></bndbox></object><object><name>proposal</name><bndbox><xmin>137</xmin><ymin>301</ymin><xmax>146</xmax><ymax>89</ymax></bndbox></object><object><name>proposal</name><bndbox><xmin>203</xmin><ymin>249</ymin><xmax>73</xmax><ymax>142</ymax></bndbox></object><object><name>proposal</name><bndbox><xmin>300</xmin><ymin>340</ymin><xmax>69</xmax><ymax>47</ymax></bndbox></object><object><name>proposal</name><bndbox><xmin>241</xmin><ymin>370</ymin><xmax>87</xmax><ymax>48</ymax></bndbox></object><object><name>proposal</name><bndbox><xmin>64</xmin><ymin>124</ymin><xmax>113</xmax><ymax>44</ymax></bndbox></object><object><name>proposal</name><bndbox><xmin>204</xmin><ymin>277</ymin><xmax>130</xmax><ymax>155</ymax></bndbox></object><object><name>proposal</name><bndbox><xmin>267</xmin><ymin>338</ymin><xmax>57</xmax><ymax>45</ymax></bndbox></object><object><name>proposal</name><bndbox><xmin>82</xmin><ymin>39</ymin><xmax>51</xmax><ymax>27</ymax></bndbox></object><object><name>proposal</name><bndbox><xmin>407</xmin><ymin>246</ymin><xmax>45</xmax><ymax>33</ymax></bndbox></object><object><name>proposal</name><bndbox><xmin>474</xmin><ymin>409</ymin><xmax>105</xmax><ymax>151</ymax></bndbox></object><object><name>proposal</name><bndbox><xmin>235</xmin><ymin>43</ymin><xmax>51</xmax><ymax>25</ymax></bndbox></object><object><name>proposal</name><bndbox><xmin>324</xmin><ymin>89</ymin><xmax>293</xmax><ymax>384</ymax></bndbox></object><object><name>proposal</name><bndbox><xmin>409</xmin><ymin>247</ymin><xmax>42</xmax><ymax>21</ymax></bndbox></object><object><name>proposal</name><bndbox><xmin>232</xmin><ymin>56</ymin><xmax>33</xmax><ymax>67</ymax></bndbox></object><object><name>proposal</name><bndbox><xmin>185</xmin><ymin>4</ymin><xmax>85</xmax><ymax>63</ymax></bndbox></object><object><name>proposal</name><bndbox><xmin>325</xmin><ymin>146</ymin><xmax>111</xmax><ymax>242</ymax></bndbox></object><object><name>proposal</name><bndbox><xmin>571</xmin><ymin>465</ymin><xmax>59</xmax><ymax>69</ymax></bndbox></object><object><name>proposal</name><bndbox><xmin>241</xmin><ymin>372</ymin><xmax>31</xmax><ymax>45</ymax></bndbox></object><object><name>proposal</name><bndbox><xmin>551</xmin><ymin>112</ymin><xmax>161</xmax><ymax>278</ymax></bndbox></object><object><name>proposal</name><bndbox><xmin>225</xmin><ymin>266</ymin><xmax>183</xmax><ymax>122</ymax></bndbox></object><object><name>proposal</name><bndbox><xmin>221</xmin><ymin>55</ymin><xmax>47</xmax><ymax>25</ymax></bndbox></object><object><name>proposal</name><bndbox><xmin>235</xmin><ymin>55</ymin><xmax>50</xmax><ymax>40</ymax></bndbox></object><object><name>proposal</name><bndbox><xmin>10</xmin><ymin>124</ymin><xmax>79</xmax><ymax>33</ymax></bndbox></object><object><name>proposal</name><bndbox><xmin>513</xmin><ymin>162</ymin><xmax>122</xmax><ymax>84</ymax></bndbox></object><object><name>proposal</name><bndbox><xmin>196</xmin><ymin>186</ymin><xmax>102</xmax><ymax>232</ymax></bndbox></object><object><name>proposal</name><bndbox><xmin>161</xmin><ymin>247</ymin><xmax>380</xmax><ymax>144</ymax></bndbox></object><object><name>proposal</name><bndbox><xmin>571</xmin><ymin>239</ymin><xmax>97</xmax><ymax>110</ymax></bndbox></object><object><name>proposal</name><bndbox><xmin>555</xmin><ymin>294</ymin><xmax>53</xmax><ymax>53</ymax></bndbox></object><object><name>proposal</name><bndbox><xmin>329</xmin><ymin>158</ymin><xmax>66</xmax><ymax>53</ymax></bndbox></object><object><name>proposal</name><bndbox><xmin>128</xmin><ymin>358</ymin><xmax>171</xmax><ymax>128</ymax></bndbox></object><object><name>proposal</name><bndbox><xmin>241</xmin><ymin>293</ymin><xmax>223</xmax><ymax>132</ymax></bndbox></object><object><name>proposal</name><bndbox><xmin>570</xmin><ymin>266</ymin><xmax>123</xmax><ymax>84</ymax></bndbox></object><object><name>proposal</name><bndbox><xmin>186</xmin><ymin>127</ymin><xmax>149</xmax><ymax>304</ymax></bndbox></object><object><name>proposal</name><bndbox><xmin>34</xmin><ymin>33</ymin><xmax>68</xmax><ymax>105</ymax></bndbox></object><object><name>proposal</name><bndbox><xmin>540</xmin><ymin>328</ymin><xmax>78</xmax><ymax>102</ymax></bndbox></object><object><name>proposal</name><bndbox><xmin>289</xmin><ymin>338</ymin><xmax>37</xmax><ymax>50</ymax></bndbox></object><object><name>proposal</name><bndbox><xmin>541</xmin><ymin>465</ymin><xmax>88</xmax><ymax>80</ymax></bndbox></object><object><name>proposal</name><bndbox><xmin>282</xmin><ymin>337</ymin><xmax>75</xmax><ymax>89</ymax></bndbox></object><object><name>proposal</name><bndbox><xmin>590</xmin><ymin>433</ymin><xmax>45</xmax><ymax>49</ymax></bndbox></object><object><name>proposal</name><bndbox><xmin>488</xmin><ymin>460</ymin><xmax>63</xmax><ymax>53</ymax></bndbox></object><object><name>proposal</name><bndbox><xmin>540</xmin><ymin>332</ymin><xmax>64</xmax><ymax>39</ymax></bndbox></object><object><name>proposal</name><bndbox><xmin>487</xmin><ymin>460</ymin><xmax>50</xmax><ymax>37</ymax></bndbox></object><object><name>proposal</name><bndbox><xmin>62</xmin><ymin>632</ymin><xmax>61</xmax><ymax>36</ymax></bndbox></object><object><name>proposal</name><bndbox><xmin>344</xmin><ymin>328</ymin><xmax>156</xmax><ymax>108</ymax></bndbox></object><object><name>proposal</name><bndbox><xmin>592</xmin><ymin>11</ymin><xmax>117</xmax><ymax>70</ymax></bndbox></object><object><name>proposal</name><bndbox><xmin>86</xmin><ymin>181</ymin><xmax>101</xmax><ymax>80</ymax></bndbox></object><object><name>proposal</name><bndbox><xmin>245</xmin><ymin>297</ymin><xmax>61</xmax><ymax>93</ymax></bndbox></object><object><name>proposal</name><bndbox><xmin>237</xmin><ymin>372</ymin><xmax>65</xmax><ymax>47</ymax></bndbox></object><object><name>proposal</name><bndbox><xmin>406</xmin><ymin>163</ymin><xmax>237</xmax><ymax>113</ymax></bndbox></object><object><name>proposal</name><bndbox><xmin>558</xmin><ymin>87</ymin><xmax>112</xmax><ymax>91</ymax></bndbox></object><object><name>proposal</name><bndbox><xmin>204</xmin><ymin>56</ymin><xmax>61</xmax><ymax>32</ymax></bndbox></object><object><name>proposal</name><bndbox><xmin>595</xmin><ymin>433</ymin><xmax>41</xmax><ymax>83</ymax></bndbox></object><object><name>proposal</name><bndbox><xmin>57</xmin><ymin>343</ymin><xmax>46</xmax><ymax>22</ymax></bndbox></object><object><name>proposal</name><bndbox><xmin>508</xmin><ymin>331</ymin><xmax>109</xmax><ymax>52</ymax></bndbox></object><object><name>proposal</name><bndbox><xmin>595</xmin><ymin>269</ymin><xmax>58</xmax><ymax>81</ymax></bndbox></object><object><name>proposal</name><bndbox><xmin>550</xmin><ymin>375</ymin><xmax>81</xmax><ymax>138</ymax></bndbox></object><object><name>proposal</name><bndbox><xmin>248</xmin><ymin>326</ymin><xmax>64</xmax><ymax>64</ymax></bndbox></object><object><name>proposal</name><bndbox><xmin>137</xmin><ymin>121</ymin><xmax>39</xmax><ymax>29</ymax></bndbox></object><object><name>proposal</name><bndbox><xmin>459</xmin><ymin>14</ymin><xmax>249</xmax><ymax>179</ymax></bndbox></object><object><name>proposal</name><bndbox><xmin>35</xmin><ymin>215</ymin><xmax>373</xmax><ymax>239</ymax></bndbox></object><object><name>proposal</name><bndbox><xmin>250</xmin><ymin>356</ymin><xmax>48</xmax><ymax>31</ymax></bndbox></object><object><name>proposal</name><bndbox><xmin>233</xmin><ymin>14</ymin><xmax>73</xmax><ymax>54</ymax></bndbox></object><object><name>proposal</name><bndbox><xmin>11</xmin><ymin>124</ymin><xmax>24</xmax><ymax>32</ymax></bndbox></object><object><name>proposal</name><bndbox><xmin>33</xmin><ymin>34</ymin><xmax>89</xmax><ymax>68</ymax></bndbox></object><object><name>proposal</name><bndbox><xmin>83</xmin><ymin>56</ymin><xmax>61</xmax><ymax>32</ymax></bndbox></object><object><name>proposal</name><bndbox><xmin>473</xmin><ymin>447</ymin><xmax>47</xmax><ymax>25</ymax></bndbox></object><object><name>proposal</name><bndbox><xmin>551</xmin><ymin>163</ymin><xmax>139</xmax><ymax>261</ymax></bndbox></object><object><name>proposal</name><bndbox><xmin>396</xmin><ymin>408</ymin><xmax>182</xmax><ymax>80</ymax></bndbox></object><object><name>proposal</name><bndbox><xmin>2</xmin><ymin>182</ymin><xmax>161</xmax><ymax>271</ymax></bndbox></object><object><name>proposal</name><bndbox><xmin>278</xmin><ymin>337</ymin><xmax>49</xmax><ymax>87</ymax></bndbox></object><object><name>proposal</name><bndbox><xmin>603</xmin><ymin>466</ymin><xmax>84</xmax><ymax>88</ymax></bndbox></object><object><name>proposal</name><bndbox><xmin>37</xmin><ymin>249</ymin><xmax>262</xmax><ymax>141</ymax></bndbox></object><object><name>proposal</name><bndbox><xmin>544</xmin><ymin>417</ymin><xmax>81</xmax><ymax>51</ymax></bndbox></object><object><name>proposal</name><bndbox><xmin>471</xmin><ymin>330</ymin><xmax>223</xmax><ymax>229</ymax></bndbox></object><object><name>proposal</name><bndbox><xmin>546</xmin><ymin>313</ymin><xmax>58</xmax><ymax>34</ymax></bndbox></object><object><name>proposal</name><bndbox><xmin>77</xmin><ymin>31</ymin><xmax>46</xmax><ymax>34</ymax></bndbox></object><object><name>proposal</name><bndbox><xmin>72</xmin><ymin>633</ymin><xmax>63</xmax><ymax>45</ymax></bndbox></object><object><name>proposal</name><bndbox><xmin>62</xmin><ymin>597</ymin><xmax>60</xmax><ymax>47</ymax></bndbox></object><object><name>proposal</name><bndbox><xmin>49</xmin><ymin>633</ymin><xmax>63</xmax><ymax>45</ymax></bndbox></object><object><name>proposal</name><bndbox><xmin>409</xmin><ymin>159</ymin><xmax>234</xmax><ymax>185</ymax></bndbox></object><object><name>proposal</name><bndbox><xmin>81</xmin><ymin>57</ymin><xmax>39</xmax><ymax>42</ymax></bndbox></object><object><name>proposal</name><bndbox><xmin>340</xmin><ymin>407</ymin><xmax>291</xmax><ymax>134</ymax></bndbox></object><object><name>proposal</name><bndbox><xmin>589</xmin><ymin>302</ymin><xmax>87</xmax><ymax>43</ymax></bndbox></object><object><name>proposal</name><bndbox><xmin>387</xmin><ymin>214</ymin><xmax>63</xmax><ymax>47</ymax></bndbox></object><object><name>proposal</name><bndbox><xmin>462</xmin><ymin>460</ymin><xmax>64</xmax><ymax>33</ymax></bndbox></object><object><name>proposal</name><bndbox><xmin>323</xmin><ymin>223</ymin><xmax>213</xmax><ymax>198</ymax></bndbox></object><object><name>proposal</name><bndbox><xmin>235</xmin><ymin>55</ymin><xmax>51</xmax><ymax>25</ymax></bndbox></object><object><name>proposal</name><bndbox><xmin>564</xmin><ymin>114</ymin><xmax>132</xmax><ymax>65</ymax></bndbox></object><object><name>proposal</name><bndbox><xmin>595</xmin><ymin>328</ymin><xmax>58</xmax><ymax>43</ymax></bndbox></object><object><name>proposal</name><bndbox><xmin>487</xmin><ymin>453</ymin><xmax>47</xmax><ymax>72</ymax></bndbox></object><object><name>proposal</name><bndbox><xmin>454</xmin><ymin>7</ymin><xmax>32</xmax><ymax>24</ymax></bndbox></object><object><name>proposal</name><bndbox><xmin>454</xmin><ymin>25</ymin><xmax>32</xmax><ymax>24</ymax></bndbox></object><object><name>proposal</name><bndbox><xmin>409</xmin><ymin>238</ymin><xmax>207</xmax><ymax>189</ymax></bndbox></object><object><name>proposal</name><bndbox><xmin>303</xmin><ymin>365</ymin><xmax>327</xmax><ymax>149</ymax></bndbox></object><object><name>proposal</name><bndbox><xmin>530</xmin><ymin>300</ymin><xmax>75</xmax><ymax>47</ymax></bndbox></object><object><name>proposal</name><bndbox><xmin>552</xmin><ymin>147</ymin><xmax>168</xmax><ymax>81</ymax></bndbox></object><object><name>proposal</name><bndbox><xmin>202</xmin><ymin>401</ymin><xmax>325</xmax><ymax>142</ymax></bndbox></object><object><name>proposal</name><bndbox><xmin>57</xmin><ymin>347</ymin><xmax>44</xmax><ymax>60</ymax></bndbox></object><object><name>proposal</name><bndbox><xmin>484</xmin><ymin>426</ymin><xmax>141</xmax><ymax>62</ymax></bndbox></object><object><name>proposal</name><bndbox><xmin>572</xmin><ymin>294</ymin><xmax>45</xmax><ymax>53</ymax></bndbox></object><object><name>proposal</name><bndbox><xmin>68</xmin><ymin>57</ymin><xmax>51</xmax><ymax>25</ymax></bndbox></object><object><name>proposal</name><bndbox><xmin>237</xmin><ymin>22</ymin><xmax>24</xmax><ymax>32</ymax></bndbox></object><object><name>proposal</name><bndbox><xmin>603</xmin><ymin>395</ymin><xmax>93</xmax><ymax>120</ymax></bndbox></object><object><name>proposal</name><bndbox><xmin>327</xmin><ymin>154</ymin><xmax>314</xmax><ymax>107</ymax></bndbox></object><object><name>proposal</name><bndbox><xmin>339</xmin><ymin>366</ymin><xmax>183</xmax><ymax>109</ymax></bndbox></object><object><name>proposal</name><bndbox><xmin>85</xmin><ymin>25</ymin><xmax>42</xmax><ymax>42</ymax></bndbox></object><object><name>proposal</name><bndbox><xmin>470</xmin><ymin>236</ymin><xmax>157</xmax><ymax>213</ymax></bndbox></object><object><name>proposal</name><bndbox><xmin>325</xmin><ymin>339</ymin><xmax>97</xmax><ymax>175</ymax></bndbox></object><object><name>proposal</name><bndbox><xmin>461</xmin><ymin>459</ymin><xmax>69</xmax><ymax>54</ymax></bndbox></object><object><name>proposal</name><bndbox><xmin>468</xmin><ymin>425</ymin><xmax>55</xmax><ymax>47</ymax></bndbox></object><object><name>proposal</name><bndbox><xmin>145</xmin><ymin>341</ymin><xmax>127</xmax><ymax>84</ymax></bndbox></object><object><name>proposal</name><bndbox><xmin>1</xmin><ymin>123</ymin><xmax>100</xmax><ymax>160</ymax></bndbox></object><object><name>proposal</name><bndbox><xmin>473</xmin><ymin>236</ymin><xmax>105</xmax><ymax>192</ymax></bndbox></object><object><name>proposal</name><bndbox><xmin>57</xmin><ymin>303</ymin><xmax>44</xmax><ymax>65</ymax></bndbox></object><object><name>proposal</name><bndbox><xmin>456</xmin><ymin>154</ymin><xmax>183</xmax><ymax>73</ymax></bndbox></object><object><name>proposal</name><bndbox><xmin>238</xmin><ymin>23</ymin><xmax>32</xmax><ymax>24</ymax></bndbox></object><object><name>proposal</name><bndbox><xmin>316</xmin><ymin>365</ymin><xmax>190</xmax><ymax>75</ymax></bndbox></object><object><name>proposal</name><bndbox><xmin>23</xmin><ymin>16</ymin><xmax>64</xmax><ymax>39</ymax></bndbox></object><object><name>proposal</name><bndbox><xmin>592</xmin><ymin>358</ymin><xmax>65</xmax><ymax>155</ymax></bndbox></object><object><name>proposal</name><bndbox><xmin>56</xmin><ymin>318</ymin><xmax>66</xmax><ymax>47</ymax></bndbox></object><object><name>proposal</name><bndbox><xmin>225</xmin><ymin>3</ymin><xmax>67</xmax><ymax>31</ymax></bndbox></object><object><name>proposal</name><bndbox><xmin>37</xmin><ymin>249</ymin><xmax>21</xmax><ymax>42</ymax></bndbox></object><object><name>proposal</name><bndbox><xmin>246</xmin><ymin>270</ymin><xmax>97</xmax><ymax>117</ymax></bndbox></object><object><name>proposal</name><bndbox><xmin>140</xmin><ymin>121</ymin><xmax>47</xmax><ymax>25</ymax></bndbox></object><object><name>proposal</name><bndbox><xmin>538</xmin><ymin>416</ymin><xmax>91</xmax><ymax>182</ymax></bndbox></object><object><name>proposal</name><bndbox><xmin>43</xmin><ymin>347</ymin><xmax>255</xmax><ymax>149</ymax></bndbox></object><object><name>proposal</name><bndbox><xmin>480</xmin><ymin>332</ymin><xmax>138</xmax><ymax>65</ymax></bndbox></object><object><name>proposal</name><bndbox><xmin>185</xmin><ymin>359</ymin><xmax>85</xmax><ymax>81</ymax></bndbox></object><object><name>proposal</name><bndbox><xmin>472</xmin><ymin>458</ymin><xmax>157</xmax><ymax>87</ymax></bndbox></object><object><name>proposal</name><bndbox><xmin>606</xmin><ymin>375</ymin><xmax>68</xmax><ymax>141</ymax></bndbox></object><object><name>proposal</name><bndbox><xmin>557</xmin><ymin>425</ymin><xmax>111</xmax><ymax>87</ymax></bndbox></object><object><name>proposal</name><bndbox><xmin>461</xmin><ymin>25</ymin><xmax>24</xmax><ymax>35</ymax></bndbox></object><object><name>proposal</name><bndbox><xmin>461</xmin><ymin>10</ymin><xmax>38</xmax><ymax>21</ymax></bndbox></object><object><name>proposal</name><bndbox><xmin>202</xmin><ymin>349</ymin><xmax>133</xmax><ymax>317</ymax></bndbox></object><object><name>proposal</name><bndbox><xmin>472</xmin><ymin>181</ymin><xmax>148</xmax><ymax>79</ymax></bndbox></object><object><name>proposal</name><bndbox><xmin>343</xmin><ymin>274</ymin><xmax>107</xmax><ymax>75</ymax></bndbox></object><object><name>proposal</name><bndbox><xmin>591</xmin><ymin>317</ymin><xmax>129</xmax><ymax>252</ymax></bndbox></object><object><name>proposal</name><bndbox><xmin>408</xmin><ymin>246</ymin><xmax>60</xmax><ymax>41</ymax></bndbox></object><object><name>proposal</name><bndbox><xmin>592</xmin><ymin>368</ymin><xmax>128</xmax><ymax>159</ymax></bndbox></object><object><name>proposal</name><bndbox><xmin>339</xmin><ymin>330</ymin><xmax>69</xmax><ymax>111</ymax></bndbox></object><object><name>proposal</name><bndbox><xmin>544</xmin><ymin>91</ymin><xmax>115</xmax><ymax>324</ymax></bndbox></object><object><name>proposal</name><bndbox><xmin>64</xmin><ymin>401</ymin><xmax>295</xmax><ymax>142</ymax></bndbox></object><object><name>proposal</name><bndbox><xmin>61</xmin><ymin>616</ymin><xmax>56</xmax><ymax>28</ymax></bndbox></object><object><name>proposal</name><bndbox><xmin>238</xmin><ymin>5</ymin><xmax>32</xmax><ymax>26</ymax></bndbox></object><object><name>proposal</name><bndbox><xmin>389</xmin><ymin>376</ymin><xmax>242</xmax><ymax>202</ymax></bndbox></object><object><name>proposal</name><bndbox><xmin>566</xmin><ymin>154</ymin><xmax>73</xmax><ymax>33</ymax></bndbox></object><object><name>proposal</name><bndbox><xmin>592</xmin><ymin>424</ymin><xmax>121</xmax><ymax>132</ymax></bndbox></object><object><name>proposal</name><bndbox><xmin>592</xmin><ymin>387</ymin><xmax>40</xmax><ymax>126</ymax></bndbox></object><object><name>proposal</name><bndbox><xmin>395</xmin><ymin>247</ymin><xmax>261</xmax><ymax>269</ymax></bndbox></object><object><name>proposal</name><bndbox><xmin>487</xmin><ymin>449</ymin><xmax>35</xmax><ymax>24</ymax></bndbox></object><object><name>proposal</name><bndbox><xmin>585</xmin><ymin>287</ymin><xmax>105</xmax><ymax>63</ymax></bndbox></object><object><name>proposal</name><bndbox><xmin>471</xmin><ymin>366</ymin><xmax>159</xmax><ymax>127</ymax></bndbox></object><object><name>proposal</name><bndbox><xmin>39</xmin><ymin>71</ymin><xmax>39</xmax><ymax>29</ymax></bndbox></object><object><name>proposal</name><bndbox><xmin>244</xmin><ymin>365</ymin><xmax>55</xmax><ymax>23</ymax></bndbox></object><object><name>proposal</name><bndbox><xmin>85</xmin><ymin>21</ymin><xmax>63</xmax><ymax>51</ymax></bndbox></object><object><name>proposal</name><bndbox><xmin>157</xmin><ymin>329</ymin><xmax>37</xmax><ymax>46</ymax></bndbox></object><object><name>proposal</name><bndbox><xmin>656</xmin><ymin>13</ymin><xmax>55</xmax><ymax>153</ymax></bndbox></object><object><name>proposal</name><bndbox><xmin>218</xmin><ymin>56</ymin><xmax>61</xmax><ymax>36</ymax></bndbox></object><object><name>proposal</name><bndbox><xmin>293</xmin><ymin>366</ymin><xmax>135</xmax><ymax>98</ymax></bndbox></object><object><name>proposal</name><bndbox><xmin>226</xmin><ymin>56</ymin><xmax>54</xmax><ymax>59</ymax></bndbox></object><object><name>proposal</name><bndbox><xmin>600</xmin><ymin>465</ymin><xmax>35</xmax><ymax>107</ymax></bndbox></object><object><name>proposal</name><bndbox><xmin>194</xmin><ymin>53</ymin><xmax>71</xmax><ymax>28</ymax></bndbox></object></annotation>