<annotation><folder>Proposals</folder><filename>img-570.jpg</filename><size><width>533</width><height>300</height><depth>3</depth></size><object><name>proposal</name><bndbox><xmin>281</xmin><ymin>127</ymin><xmax>75</xmax><ymax>43</ymax></bndbox></object><object><name>proposal</name><bndbox><xmin>248</xmin><ymin>151</ymin><xmax>111</xmax><ymax>75</ymax></bndbox></object><object><name>proposal</name><bndbox><xmin>282</xmin><ymin>113</ymin><xmax>119</xmax><ymax>60</ymax></bndbox></object><object><name>proposal</name><bndbox><xmin>280</xmin><ymin>154</ymin><xmax>72</xmax><ymax>57</ymax></bndbox></object><object><name>proposal</name><bndbox><xmin>251</xmin><ymin>147</ymin><xmax>153</xmax><ymax>81</ymax></bndbox></object><object><name>proposal</name><bndbox><xmin>328</xmin><ymin>49</ymin><xmax>71</xmax><ymax>89</ymax></bndbox></object><object><name>proposal</name><bndbox><xmin>404</xmin><ymin>212</ymin><xmax>79</xmax><ymax>31</ymax></bndbox></object><object><name>proposal</name><bndbox><xmin>261</xmin><ymin>121</ymin><xmax>91</xmax><ymax>52</ymax></bndbox></object><object><name>proposal</name><bndbox><xmin>200</xmin><ymin>147</ymin><xmax>161</xmax><ymax>81</ymax></bndbox></object><object><name>proposal</name><bndbox><xmin>281</xmin><ymin>93</ymin><xmax>72</xmax><ymax>80</ymax></bndbox></object><object><name>proposal</name><bndbox><xmin>251</xmin><ymin>147</ymin><xmax>232</xmax><ymax>91</ymax></bndbox></object><object><name>proposal</name><bndbox><xmin>282</xmin><ymin>86</ymin><xmax>117</xmax><ymax>84</ymax></bndbox></object><object><name>proposal</name><bndbox><xmin>250</xmin><ymin>113</ymin><xmax>277</xmax><ymax>125</ymax></bndbox></object><object><name>proposal</name><bndbox><xmin>248</xmin><ymin>202</ymin><xmax>111</xmax><ymax>60</ymax></bndbox></object><object><name>proposal</name><bndbox><xmin>282</xmin><ymin>47</ymin><xmax>121</xmax><ymax>126</ymax></bndbox></object><object><name>proposal</name><bndbox><xmin>270</xmin><ymin>153</ymin><xmax>103</xmax><ymax>65</ymax></bndbox></object><object><name>proposal</name><bndbox><xmin>404</xmin><ymin>201</ymin><xmax>79</xmax><ymax>37</ymax></bndbox></object><object><name>proposal</name><bndbox><xmin>325</xmin><ymin>80</ymin><xmax>77</xmax><ymax>56</ymax></bndbox></object><object><name>proposal</name><bndbox><xmin>404</xmin><ymin>212</ymin><xmax>80</xmax><ymax>65</ymax></bndbox></object><object><name>proposal</name><bndbox><xmin>248</xmin><ymin>140</ymin><xmax>115</xmax><ymax>114</ymax></bndbox></object><object><name>proposal</name><bndbox><xmin>282</xmin><ymin>43</ymin><xmax>78</xmax><ymax>128</ymax></bndbox></object><object><name>proposal</name><bndbox><xmin>326</xmin><ymin>99</ymin><xmax>73</xmax><ymax>37</ymax></bndbox></object><object><name>proposal</name><bndbox><xmin>247</xmin><ymin>101</ymin><xmax>106</xmax><ymax>70</ymax></bndbox></object><object><name>proposal</name><bndbox><xmin>178</xmin><ymin>51</ymin><xmax>223</xmax><ymax>119</ymax></bndbox></object><object><name>proposal</name><bndbox><xmin>403</xmin><ymin>178</ymin><xmax>124</xmax><ymax>60</ymax></bndbox></object><object><name>proposal</name><bndbox><xmin>250</xmin><ymin>104</ymin><xmax>151</xmax><ymax>122</ymax></bndbox></object><object><name>proposal</name><bndbox><xmin>404</xmin><ymin>167</ymin><xmax>77</xmax><ymax>71</ymax></bndbox></object><object><name>proposal</name><bndbox><xmin>231</xmin><ymin>121</ymin><xmax>131</xmax><ymax>110</ymax></bndbox></object><object><name>proposal</name><bndbox><xmin>498</xmin><ymin>151</ymin><xmax>27</xmax><ymax>42</ymax></bndbox></object><object><name>proposal</name><bndbox><xmin>316</xmin><ymin>51</ymin><xmax>101</xmax><ymax>93</ymax></bndbox></object><object><name>proposal</name><bndbox><xmin>326</xmin><ymin>112</ymin><xmax>156</xmax><ymax>126</ymax></bndbox></object><object><name>proposal</name><bndbox><xmin>361</xmin><ymin>46</ymin><xmax>31</xmax><ymax>31</ymax></bndbox></object><object><name>proposal</name><bndbox><xmin>404</xmin><ymin>212</ymin><xmax>118</xmax><ymax>48</ymax></bndbox></object><object><name>proposal</name><bndbox><xmin>496</xmin><ymin>181</ymin><xmax>31</xmax><ymax>54</ymax></bndbox></object><object><name>proposal</name><bndbox><xmin>281</xmin><ymin>112</ymin><xmax>141</xmax><ymax>111</ymax></bndbox></object><object><name>proposal</name><bndbox><xmin>404</xmin><ymin>205</ymin><xmax>78</xmax><ymax>53</ymax></bndbox></object><object><name>proposal</name><bndbox><xmin>325</xmin><ymin>113</ymin><xmax>77</xmax><ymax>68</ymax></bndbox></object><object><name>proposal</name><bndbox><xmin>5</xmin><ymin>25</ymin><xmax>50</xmax><ymax>37</ymax></bndbox></object><object><name>proposal</name><bndbox><xmin>404</xmin><ymin>128</ymin><xmax>78</xmax><ymax>111</ymax></bndbox></object><object><name>proposal</name><bndbox><xmin>281</xmin><ymin>140</ymin><xmax>73</xmax><ymax>61</ymax></bndbox></object><object><name>proposal</name><bndbox><xmin>403</xmin><ymin>144</ymin><xmax>122</xmax><ymax>94</ymax></bndbox></object><object><name>proposal</name><bndbox><xmin>261</xmin><ymin>72</ymin><xmax>93</xmax><ymax>102</ymax></bndbox></object><object><name>proposal</name><bndbox><xmin>5</xmin><ymin>49</ymin><xmax>50</xmax><ymax>40</ymax></bndbox></object><object><name>proposal</name><bndbox><xmin>453</xmin><ymin>177</ymin><xmax>74</xmax><ymax>59</ymax></bndbox></object><object><name>proposal</name><bndbox><xmin>499</xmin><ymin>169</ymin><xmax>31</xmax><ymax>24</ymax></bndbox></object><object><name>proposal</name><bndbox><xmin>385</xmin><ymin>211</ymin><xmax>101</xmax><ymax>89</ymax></bndbox></object><object><name>proposal</name><bndbox><xmin>499</xmin><ymin>181</ymin><xmax>31</xmax><ymax>40</ymax></bndbox></object><object><name>proposal</name><bndbox><xmin>176</xmin><ymin>40</ymin><xmax>73</xmax><ymax>39</ymax></bndbox></object><object><name>proposal</name><bndbox><xmin>247</xmin><ymin>200</ymin><xmax>115</xmax><ymax>95</ymax></bndbox></object><object><name>proposal</name><bndbox><xmin>178</xmin><ymin>43</ymin><xmax>222</xmax><ymax>183</ymax></bndbox></object><object><name>proposal</name><bndbox><xmin>404</xmin><ymin>212</ymin><xmax>116</xmax><ymax>81</ymax></bndbox></object><object><name>proposal</name><bndbox><xmin>238</xmin><ymin>140</ymin><xmax>243</xmax><ymax>135</ymax></bndbox></object><object><name>proposal</name><bndbox><xmin>250</xmin><ymin>40</ymin><xmax>278</xmax><ymax>201</ymax></bndbox></object><object><name>proposal</name><bndbox><xmin>326</xmin><ymin>46</ymin><xmax>118</xmax><ymax>90</ymax></bndbox></object><object><name>proposal</name><bndbox><xmin>478</xmin><ymin>176</ymin><xmax>47</xmax><ymax>69</ymax></bndbox></object><object><name>proposal</name><bndbox><xmin>139</xmin><ymin>128</ymin><xmax>220</xmax><ymax>99</ymax></bndbox></object><object><name>proposal</name><bndbox><xmin>347</xmin><ymin>23</ymin><xmax>45</xmax><ymax>53</ymax></bndbox></object><object><name>proposal</name><bndbox><xmin>248</xmin><ymin>202</ymin><xmax>236</xmax><ymax>73</ymax></bndbox></object><object><name>proposal</name><bndbox><xmin>282</xmin><ymin>113</ymin><xmax>215</xmax><ymax>93</ymax></bndbox></object><object><name>proposal</name><bndbox><xmin>280</xmin><ymin>146</ymin><xmax>73</xmax><ymax>31</ymax></bndbox></object><object><name>proposal</name><bndbox><xmin>176</xmin><ymin>68</ymin><xmax>73</xmax><ymax>36</ymax></bndbox></object><object><name>proposal</name><bndbox><xmin>235</xmin><ymin>71</ymin><xmax>124</xmax><ymax>156</ymax></bndbox></object><object><name>proposal</name><bndbox><xmin>484</xmin><ymin>181</ymin><xmax>41</xmax><ymax>28</ymax></bndbox></object><object><name>proposal</name><bndbox><xmin>186</xmin><ymin>139</ymin><xmax>173</xmax><ymax>135</ymax></bndbox></object><object><name>proposal</name><bndbox><xmin>352</xmin><ymin>51</ymin><xmax>41</xmax><ymax>24</ymax></bndbox></object><object><name>proposal</name><bndbox><xmin>401</xmin><ymin>188</ymin><xmax>81</xmax><ymax>56</ymax></bndbox></object><object><name>proposal</name><bndbox><xmin>347</xmin><ymin>43</ymin><xmax>46</xmax><ymax>34</ymax></bndbox></object><object><name>proposal</name><bndbox><xmin>375</xmin><ymin>212</ymin><xmax>109</xmax><ymax>52</ymax></bndbox></object><object><name>proposal</name><bndbox><xmin>491</xmin><ymin>157</ymin><xmax>38</xmax><ymax>37</ymax></bndbox></object><object><name>proposal</name><bndbox><xmin>328</xmin><ymin>46</ymin><xmax>170</xmax><ymax>193</ymax></bndbox></object><object><name>proposal</name><bndbox><xmin>280</xmin><ymin>154</ymin><xmax>73</xmax><ymax>36</ymax></bndbox></object><object><name>proposal</name><bndbox><xmin>375</xmin><ymin>157</ymin><xmax>107</xmax><ymax>81</ymax></bndbox></object><object><name>proposal</name><bndbox><xmin>361</xmin><ymin>29</ymin><xmax>31</xmax><ymax>48</ymax></bndbox></object><object><name>proposal</name><bndbox><xmin>204</xmin><ymin>202</ymin><xmax>155</xmax><ymax>68</ymax></bndbox></object><object><name>proposal</name><bndbox><xmin>281</xmin><ymin>141</ymin><xmax>80</xmax><ymax>84</ymax></bndbox></object><object><name>proposal</name><bndbox><xmin>358</xmin><ymin>129</ymin><xmax>168</xmax><ymax>109</ymax></bndbox></object><object><name>proposal</name><bndbox><xmin>260</xmin><ymin>41</ymin><xmax>139</xmax><ymax>104</ymax></bndbox></object><object><name>proposal</name><bndbox><xmin>251</xmin><ymin>200</ymin><xmax>153</xmax><ymax>81</ymax></bndbox></object><object><name>proposal</name><bndbox><xmin>326</xmin><ymin>109</ymin><xmax>77</xmax><ymax>117</ymax></bndbox></object><object><name>proposal</name><bndbox><xmin>490</xmin><ymin>169</ymin><xmax>35</xmax><ymax>24</ymax></bndbox></object><object><name>proposal</name><bndbox><xmin>101</xmin><ymin>52</ymin><xmax>258</xmax><ymax>176</ymax></bndbox></object><object><name>proposal</name><bndbox><xmin>251</xmin><ymin>22</ymin><xmax>153</xmax><ymax>207</ymax></bndbox></object><object><name>proposal</name><bndbox><xmin>323</xmin><ymin>8</ymin><xmax>77</xmax><ymax>155</ymax></bndbox></object><object><name>proposal</name><bndbox><xmin>302</xmin><ymin>25</ymin><xmax>98</xmax><ymax>111</ymax></bndbox></object><object><name>proposal</name><bndbox><xmin>456</xmin><ymin>178</ymin><xmax>71</xmax><ymax>36</ymax></bndbox></object><object><name>proposal</name><bndbox><xmin>280</xmin><ymin>147</ymin><xmax>100</xmax><ymax>56</ymax></bndbox></object><object><name>proposal</name><bndbox><xmin>102</xmin><ymin>43</ymin><xmax>300</xmax><ymax>139</ymax></bndbox></object><object><name>proposal</name><bndbox><xmin>186</xmin><ymin>201</ymin><xmax>177</xmax><ymax>97</ymax></bndbox></object><object><name>proposal</name><bndbox><xmin>5</xmin><ymin>42</ymin><xmax>395</xmax><ymax>184</ymax></bndbox></object><object><name>proposal</name><bndbox><xmin>478</xmin><ymin>167</ymin><xmax>51</xmax><ymax>27</ymax></bndbox></object><object><name>proposal</name><bndbox><xmin>248</xmin><ymin>187</ymin><xmax>113</xmax><ymax>40</ymax></bndbox></object><object><name>proposal</name><bndbox><xmin>499</xmin><ymin>141</ymin><xmax>31</xmax><ymax>54</ymax></bndbox></object><object><name>proposal</name><bndbox><xmin>205</xmin><ymin>195</ymin><xmax>277</xmax><ymax>104</ymax></bndbox></object><object><name>proposal</name><bndbox><xmin>478</xmin><ymin>141</ymin><xmax>49</xmax><ymax>53</ymax></bndbox></object><object><name>proposal</name><bndbox><xmin>156</xmin><ymin>68</ymin><xmax>197</xmax><ymax>102</ymax></bndbox></object><object><name>proposal</name><bndbox><xmin>333</xmin><ymin>212</ymin><xmax>149</xmax><ymax>80</ymax></bndbox></object><object><name>proposal</name><bndbox><xmin>280</xmin><ymin>43</ymin><xmax>193</xmax><ymax>127</ymax></bndbox></object><object><name>proposal</name><bndbox><xmin>200</xmin><ymin>93</ymin><xmax>153</xmax><ymax>77</ymax></bndbox></object><object><name>proposal</name><bndbox><xmin>7</xmin><ymin>49</ymin><xmax>47</xmax><ymax>60</ymax></bndbox></object><object><name>proposal</name><bndbox><xmin>7</xmin><ymin>16</ymin><xmax>63</xmax><ymax>45</ymax></bndbox></object><object><name>proposal</name><bndbox><xmin>281</xmin><ymin>140</ymin><xmax>159</xmax><ymax>116</ymax></bndbox></object><object><name>proposal</name><bndbox><xmin>278</xmin><ymin>139</ymin><xmax>250</xmax><ymax>125</ymax></bndbox></object><object><name>proposal</name><bndbox><xmin>328</xmin><ymin>113</ymin><xmax>112</xmax><ymax>73</ymax></bndbox></object><object><name>proposal</name><bndbox><xmin>5</xmin><ymin>49</ymin><xmax>51</xmax><ymax>25</ymax></bndbox></object><object><name>proposal</name><bndbox><xmin>280</xmin><ymin>140</ymin><xmax>102</xmax><ymax>118</ymax></bndbox></object><object><name>proposal</name><bndbox><xmin>386</xmin><ymin>95</ymin><xmax>140</xmax><ymax>151</ymax></bndbox></object><object><name>proposal</name><bndbox><xmin>361</xmin><ymin>50</ymin><xmax>31</xmax><ymax>42</ymax></bndbox></object><object><name>proposal</name><bndbox><xmin>482</xmin><ymin>181</ymin><xmax>46</xmax><ymax>40</ymax></bndbox></object><object><name>proposal</name><bndbox><xmin>247</xmin><ymin>54</ymin><xmax>115</xmax><ymax>131</ymax></bndbox></object><object><name>proposal</name><bndbox><xmin>328</xmin><ymin>78</ymin><xmax>114</xmax><ymax>58</ymax></bndbox></object><object><name>proposal</name><bndbox><xmin>280</xmin><ymin>140</ymin><xmax>100</xmax><ymax>42</ymax></bndbox></object><object><name>proposal</name><bndbox><xmin>102</xmin><ymin>139</ymin><xmax>259</xmax><ymax>151</ymax></bndbox></object><object><name>proposal</name><bndbox><xmin>328</xmin><ymin>113</ymin><xmax>96</xmax><ymax>52</ymax></bndbox></object><object><name>proposal</name><bndbox><xmin>326</xmin><ymin>51</ymin><xmax>66</xmax><ymax>32</ymax></bndbox></object><object><name>proposal</name><bndbox><xmin>173</xmin><ymin>67</ymin><xmax>77</xmax><ymax>56</ymax></bndbox></object><object><name>proposal</name><bndbox><xmin>282</xmin><ymin>128</ymin><xmax>114</xmax><ymax>72</ymax></bndbox></object><object><name>proposal</name><bndbox><xmin>114</xmin><ymin>32</ymin><xmax>285</xmax><ymax>235</ymax></bndbox></object><object><name>proposal</name><bndbox><xmin>410</xmin><ymin>178</ymin><xmax>63</xmax><ymax>49</ymax></bndbox></object><object><name>proposal</name><bndbox><xmin>252</xmin><ymin>147</ymin><xmax>100</xmax><ymax>56</ymax></bndbox></object><object><name>proposal</name><bndbox><xmin>177</xmin><ymin>25</ymin><xmax>81</xmax><ymax>54</ymax></bndbox></object><object><name>proposal</name><bndbox><xmin>322</xmin><ymin>43</ymin><xmax>70</xmax><ymax>33</ymax></bndbox></object><object><name>proposal</name><bndbox><xmin>339</xmin><ymin>50</ymin><xmax>53</xmax><ymax>45</ymax></bndbox></object><object><name>proposal</name><bndbox><xmin>292</xmin><ymin>187</ymin><xmax>32</xmax><ymax>24</ymax></bndbox></object><object><name>proposal</name><bndbox><xmin>465</xmin><ymin>154</ymin><xmax>62</xmax><ymax>39</ymax></bndbox></object><object><name>proposal</name><bndbox><xmin>281</xmin><ymin>129</ymin><xmax>191</xmax><ymax>92</ymax></bndbox></object><object><name>proposal</name><bndbox><xmin>453</xmin><ymin>166</ymin><xmax>72</xmax><ymax>93</ymax></bndbox></object><object><name>proposal</name><bndbox><xmin>167</xmin><ymin>35</ymin><xmax>316</xmax><ymax>204</ymax></bndbox></object><object><name>proposal</name><bndbox><xmin>335</xmin><ymin>176</ymin><xmax>146</xmax><ymax>62</ymax></bndbox></object><object><name>proposal</name><bndbox><xmin>156</xmin><ymin>130</ymin><xmax>326</xmax><ymax>159</ymax></bndbox></object><object><name>proposal</name><bndbox><xmin>243</xmin><ymin>140</ymin><xmax>109</xmax><ymax>42</ymax></bndbox></object><object><name>proposal</name><bndbox><xmin>402</xmin><ymin>211</ymin><xmax>65</xmax><ymax>41</ymax></bndbox></object><object><name>proposal</name><bndbox><xmin>401</xmin><ymin>178</ymin><xmax>129</xmax><ymax>101</ymax></bndbox></object><object><name>proposal</name><bndbox><xmin>386</xmin><ymin>110</ymin><xmax>87</xmax><ymax>128</ymax></bndbox></object><object><name>proposal</name><bndbox><xmin>281</xmin><ymin>88</ymin><xmax>197</xmax><ymax>82</ymax></bndbox></object><object><name>proposal</name><bndbox><xmin>329</xmin><ymin>13</ymin><xmax>66</xmax><ymax>63</ymax></bndbox></object><object><name>proposal</name><bndbox><xmin>187</xmin><ymin>140</ymin><xmax>165</xmax><ymax>61</ymax></bndbox></object><object><name>proposal</name><bndbox><xmin>357</xmin><ymin>133</ymin><xmax>116</xmax><ymax>104</ymax></bndbox></object><object><name>proposal</name><bndbox><xmin>248</xmin><ymin>112</ymin><xmax>200</xmax><ymax>148</ymax></bndbox></object><object><name>proposal</name><bndbox><xmin>176</xmin><ymin>68</ymin><xmax>96</xmax><ymax>44</ymax></bndbox></object><object><name>proposal</name><bndbox><xmin>317</xmin><ymin>28</ymin><xmax>75</xmax><ymax>47</ymax></bndbox></object><object><name>proposal</name><bndbox><xmin>248</xmin><ymin>186</ymin><xmax>111</xmax><ymax>63</ymax></bndbox></object><object><name>proposal</name><bndbox><xmin>316</xmin><ymin>41</ymin><xmax>45</xmax><ymax>29</ymax></bndbox></object><object><name>proposal</name><bndbox><xmin>5</xmin><ymin>50</ymin><xmax>79</xmax><ymax>39</ymax></bndbox></object><object><name>proposal</name><bndbox><xmin>377</xmin><ymin>46</ymin><xmax>107</xmax><ymax>193</ymax></bndbox></object><object><name>proposal</name><bndbox><xmin>48</xmin><ymin>60</ymin><xmax>312</xmax><ymax>229</ymax></bndbox></object><object><name>proposal</name><bndbox><xmin>387</xmin><ymin>174</ymin><xmax>69</xmax><ymax>53</ymax></bndbox></object><object><name>proposal</name><bndbox><xmin>347</xmin><ymin>49</ymin><xmax>47</xmax><ymax>95</ymax></bndbox></object><object><name>proposal</name><bndbox><xmin>147</xmin><ymin>68</ymin><xmax>100</xmax><ymax>44</ymax></bndbox></object><object><name>proposal</name><bndbox><xmin>347</xmin><ymin>7</ymin><xmax>54</xmax><ymax>69</ymax></bndbox></object><object><name>proposal</name><bndbox><xmin>474</xmin><ymin>178</ymin><xmax>54</xmax><ymax>28</ymax></bndbox></object><object><name>proposal</name><bndbox><xmin>333</xmin><ymin>158</ymin><xmax>192</xmax><ymax>87</ymax></bndbox></object><object><name>proposal</name><bndbox><xmin>402</xmin><ymin>64</ymin><xmax>97</xmax><ymax>174</ymax></bndbox></object><object><name>proposal</name><bndbox><xmin>154</xmin><ymin>5</ymin><xmax>375</xmax><ymax>269</ymax></bndbox></object><object><name>proposal</name><bndbox><xmin>357</xmin><ymin>1</ymin><xmax>37</xmax><ymax>76</ymax></bndbox></object><object><name>proposal</name><bndbox><xmin>381</xmin><ymin>183</ymin><xmax>91</xmax><ymax>43</ymax></bndbox></object><object><name>proposal</name><bndbox><xmin>495</xmin><ymin>181</ymin><xmax>36</xmax><ymax>79</ymax></bndbox></object><object><name>proposal</name><bndbox><xmin>289</xmin><ymin>139</ymin><xmax>55</xmax><ymax>25</ymax></bndbox></object><object><name>proposal</name><bndbox><xmin>361</xmin><ymin>50</ymin><xmax>39</xmax><ymax>85</ymax></bndbox></object><object><name>proposal</name><bndbox><xmin>404</xmin><ymin>209</ymin><xmax>63</xmax><ymax>91</ymax></bndbox></object><object><name>proposal</name><bndbox><xmin>325</xmin><ymin>112</ymin><xmax>115</xmax><ymax>151</ymax></bndbox></object><object><name>proposal</name><bndbox><xmin>455</xmin><ymin>177</ymin><xmax>45</xmax><ymax>53</ymax></bndbox></object><object><name>proposal</name><bndbox><xmin>493</xmin><ymin>127</ymin><xmax>34</xmax><ymax>66</ymax></bndbox></object><object><name>proposal</name><bndbox><xmin>316</xmin><ymin>211</ymin><xmax>207</xmax><ymax>89</ymax></bndbox></object><object><name>proposal</name><bndbox><xmin>454</xmin><ymin>215</ymin><xmax>31</xmax><ymax>48</ymax></bndbox></object><object><name>proposal</name><bndbox><xmin>348</xmin><ymin>50</ymin><xmax>44</xmax><ymax>65</ymax></bndbox></object><object><name>proposal</name><bndbox><xmin>132</xmin><ymin>263</ymin><xmax>55</xmax><ymax>27</ymax></bndbox></object><object><name>proposal</name><bndbox><xmin>376</xmin><ymin>23</ymin><xmax>151</xmax><ymax>229</ymax></bndbox></object><object><name>proposal</name><bndbox><xmin>325</xmin><ymin>106</ymin><xmax>204</xmax><ymax>98</ymax></bndbox></object><object><name>proposal</name><bndbox><xmin>173</xmin><ymin>5</ymin><xmax>76</xmax><ymax>76</ymax></bndbox></object><object><name>proposal</name><bndbox><xmin>319</xmin><ymin>25</ymin><xmax>42</xmax><ymax>45</ymax></bndbox></object><object><name>proposal</name><bndbox><xmin>325</xmin><ymin>42</ymin><xmax>177</xmax><ymax>122</ymax></bndbox></object><object><name>proposal</name><bndbox><xmin>459</xmin><ymin>133</ymin><xmax>67</xmax><ymax>61</ymax></bndbox></object><object><name>proposal</name><bndbox><xmin>477</xmin><ymin>175</ymin><xmax>50</xmax><ymax>21</ymax></bndbox></object><object><name>proposal</name><bndbox><xmin>446</xmin><ymin>215</ymin><xmax>75</xmax><ymax>49</ymax></bndbox></object><object><name>proposal</name><bndbox><xmin>156</xmin><ymin>266</ymin><xmax>31</xmax><ymax>31</ymax></bndbox></object><object><name>proposal</name><bndbox><xmin>329</xmin><ymin>143</ymin><xmax>51</xmax><ymax>21</ymax></bndbox></object><object><name>proposal</name><bndbox><xmin>317</xmin><ymin>47</ymin><xmax>75</xmax><ymax>49</ymax></bndbox></object><object><name>proposal</name><bndbox><xmin>151</xmin><ymin>231</ymin><xmax>37</xmax><ymax>58</ymax></bndbox></object><object><name>proposal</name><bndbox><xmin>328</xmin><ymin>108</ymin><xmax>136</xmax><ymax>57</ymax></bndbox></object><object><name>proposal</name><bndbox><xmin>125</xmin><ymin>34</ymin><xmax>122</xmax><ymax>46</ymax></bndbox></object><object><name>proposal</name><bndbox><xmin>275</xmin><ymin>187</ymin><xmax>51</xmax><ymax>25</ymax></bndbox></object><object><name>proposal</name><bndbox><xmin>157</xmin><ymin>246</ymin><xmax>83</xmax><ymax>43</ymax></bndbox></object><object><name>proposal</name><bndbox><xmin>6</xmin><ymin>28</ymin><xmax>476</xmax><ymax>237</ymax></bndbox></object><object><name>proposal</name><bndbox><xmin>317</xmin><ymin>50</ymin><xmax>85</xmax><ymax>65</ymax></bndbox></object><object><name>proposal</name><bndbox><xmin>328</xmin><ymin>10</ymin><xmax>132</xmax><ymax>135</ymax></bndbox></object><object><name>proposal</name><bndbox><xmin>177</xmin><ymin>65</ymin><xmax>80</xmax><ymax>80</ymax></bndbox></object><object><name>proposal</name><bndbox><xmin>450</xmin><ymin>167</ymin><xmax>75</xmax><ymax>42</ymax></bndbox></object><object><name>proposal</name><bndbox><xmin>444</xmin><ymin>132</ymin><xmax>82</xmax><ymax>112</ymax></bndbox></object><object><name>proposal</name><bndbox><xmin>409</xmin><ymin>174</ymin><xmax>91</xmax><ymax>56</ymax></bndbox></object><object><name>proposal</name><bndbox><xmin>361</xmin><ymin>4</ymin><xmax>47</xmax><ymax>72</ymax></bndbox></object><object><name>proposal</name><bndbox><xmin>361</xmin><ymin>50</ymin><xmax>45</xmax><ymax>48</ymax></bndbox></object><object><name>proposal</name><bndbox><xmin>156</xmin><ymin>246</ymin><xmax>31</xmax><ymax>45</ymax></bndbox></object><object><name>proposal</name><bndbox><xmin>142</xmin><ymin>117</ymin><xmax>211</xmax><ymax>85</ymax></bndbox></object><object><name>proposal</name><bndbox><xmin>446</xmin><ymin>215</ymin><xmax>73</xmax><ymax>32</ymax></bndbox></object><object><name>proposal</name><bndbox><xmin>220</xmin><ymin>116</ymin><xmax>133</xmax><ymax>84</ymax></bndbox></object><object><name>proposal</name><bndbox><xmin>261</xmin><ymin>109</ymin><xmax>93</xmax><ymax>112</ymax></bndbox></object><object><name>proposal</name><bndbox><xmin>179</xmin><ymin>190</ymin><xmax>59</xmax><ymax>83</ymax></bndbox></object><object><name>proposal</name><bndbox><xmin>157</xmin><ymin>219</ymin><xmax>81</xmax><ymax>70</ymax></bndbox></object><object><name>proposal</name><bndbox><xmin>325</xmin><ymin>43</ymin><xmax>81</xmax><ymax>182</ymax></bndbox></object><object><name>proposal</name><bndbox><xmin>400</xmin><ymin>221</ymin><xmax>66</xmax><ymax>53</ymax></bndbox></object><object><name>proposal</name><bndbox><xmin>323</xmin><ymin>146</ymin><xmax>133</xmax><ymax>83</ymax></bndbox></object><object><name>proposal</name><bndbox><xmin>474</xmin><ymin>176</ymin><xmax>52</xmax><ymax>96</ymax></bndbox></object><object><name>proposal</name><bndbox><xmin>476</xmin><ymin>109</ymin><xmax>50</xmax><ymax>85</ymax></bndbox></object><object><name>proposal</name><bndbox><xmin>325</xmin><ymin>127</ymin><xmax>58</xmax><ymax>37</ymax></bndbox></object><object><name>proposal</name><bndbox><xmin>329</xmin><ymin>36</ymin><xmax>71</xmax><ymax>59</ymax></bndbox></object><object><name>proposal</name><bndbox><xmin>456</xmin><ymin>178</ymin><xmax>42</xmax><ymax>27</ymax></bndbox></object><object><name>proposal</name><bndbox><xmin>299</xmin><ymin>1</ymin><xmax>94</xmax><ymax>75</ymax></bndbox></object><object><name>proposal</name><bndbox><xmin>326</xmin><ymin>86</ymin><xmax>74</xmax><ymax>83</ymax></bndbox></object><object><name>proposal</name><bndbox><xmin>264</xmin><ymin>130</ymin><xmax>116</xmax><ymax>167</ymax></bndbox></object><object><name>proposal</name><bndbox><xmin>127</xmin><ymin>64</ymin><xmax>124</xmax><ymax>56</ymax></bndbox></object><object><name>proposal</name><bndbox><xmin>328</xmin><ymin>1</ymin><xmax>94</xmax><ymax>75</ymax></bndbox></object><object><name>proposal</name><bndbox><xmin>178</xmin><ymin>11</ymin><xmax>101</xmax><ymax>70</ymax></bndbox></object><object><name>proposal</name><bndbox><xmin>158</xmin><ymin>175</ymin><xmax>80</xmax><ymax>115</ymax></bndbox></object><object><name>proposal</name><bndbox><xmin>5</xmin><ymin>16</ymin><xmax>96</xmax><ymax>46</ymax></bndbox></object><object><name>proposal</name><bndbox><xmin>176</xmin><ymin>112</ymin><xmax>223</xmax><ymax>161</ymax></bndbox></object><object><name>proposal</name><bndbox><xmin>296</xmin><ymin>33</ymin><xmax>64</xmax><ymax>37</ymax></bndbox></object><object><name>proposal</name><bndbox><xmin>188</xmin><ymin>246</ymin><xmax>60</xmax><ymax>44</ymax></bndbox></object><object><name>proposal</name><bndbox><xmin>127</xmin><ymin>243</ymin><xmax>60</xmax><ymax>47</ymax></bndbox></object><object><name>proposal</name><bndbox><xmin>411</xmin><ymin>161</ymin><xmax>47</xmax><ymax>65</ymax></bndbox></object><object><name>proposal</name><bndbox><xmin>454</xmin><ymin>186</ymin><xmax>33</xmax><ymax>45</ymax></bndbox></object><object><name>proposal</name><bndbox><xmin>148</xmin><ymin>265</ymin><xmax>41</xmax><ymax>24</ymax></bndbox></object><object><name>proposal</name><bndbox><xmin>102</xmin><ymin>18</ymin><xmax>145</xmax><ymax>61</ymax></bndbox></object><object><name>proposal</name><bndbox><xmin>493</xmin><ymin>221</ymin><xmax>26</xmax><ymax>61</ymax></bndbox></object><object><name>proposal</name><bndbox><xmin>352</xmin><ymin>45</ymin><xmax>41</xmax><ymax>24</ymax></bndbox></object><object><name>proposal</name><bndbox><xmin>172</xmin><ymin>246</ymin><xmax>66</xmax><ymax>28</ymax></bndbox></object><object><name>proposal</name><bndbox><xmin>117</xmin><ymin>266</ymin><xmax>71</xmax><ymax>28</ymax></bndbox></object><object><name>proposal</name><bndbox><xmin>347</xmin><ymin>29</ymin><xmax>47</xmax><ymax>71</ymax></bndbox></object><object><name>proposal</name><bndbox><xmin>139</xmin><ymin>11</ymin><xmax>117</xmax><ymax>70</ymax></bndbox></object><object><name>proposal</name><bndbox><xmin>328</xmin><ymin>86</ymin><xmax>116</xmax><ymax>87</ymax></bndbox></object><object><name>proposal</name><bndbox><xmin>334</xmin><ymin>212</ymin><xmax>122</xmax><ymax>52</ymax></bndbox></object><object><name>proposal</name><bndbox><xmin>322</xmin><ymin>4</ymin><xmax>39</xmax><ymax>67</ymax></bndbox></object><object><name>proposal</name><bndbox><xmin>158</xmin><ymin>66</ymin><xmax>89</xmax><ymax>227</ymax></bndbox></object><object><name>proposal</name><bndbox><xmin>7</xmin><ymin>48</ymin><xmax>60</xmax><ymax>89</ymax></bndbox></object><object><name>proposal</name><bndbox><xmin>165</xmin><ymin>66</ymin><xmax>114</xmax><ymax>65</ymax></bndbox></object><object><name>proposal</name><bndbox><xmin>6</xmin><ymin>48</ymin><xmax>119</xmax><ymax>48</ymax></bndbox></object><object><name>proposal</name><bndbox><xmin>5</xmin><ymin>43</ymin><xmax>51</xmax><ymax>21</ymax></bndbox></object><object><name>proposal</name><bndbox><xmin>157</xmin><ymin>232</ymin><xmax>83</xmax><ymax>43</ymax></bndbox></object><object><name>proposal</name><bndbox><xmin>343</xmin><ymin>127</ymin><xmax>37</xmax><ymax>37</ymax></bndbox></object><object><name>proposal</name><bndbox><xmin>433</xmin><ymin>216</ymin><xmax>89</xmax><ymax>68</ymax></bndbox></object><object><name>proposal</name><bndbox><xmin>466</xmin><ymin>156</ymin><xmax>31</xmax><ymax>31</ymax></bndbox></object><object><name>proposal</name><bndbox><xmin>376</xmin><ymin>50</ymin><xmax>45</xmax><ymax>45</ymax></bndbox></object><object><name>proposal</name><bndbox><xmin>293</xmin><ymin>187</ymin><xmax>47</xmax><ymax>23</ymax></bndbox></object><object><name>proposal</name><bndbox><xmin>292</xmin><ymin>163</ymin><xmax>37</xmax><ymax>37</ymax></bndbox></object><object><name>proposal</name><bndbox><xmin>139</xmin><ymin>64</ymin><xmax>117</xmax><ymax>77</ymax></bndbox></object><object><name>proposal</name><bndbox><xmin>493</xmin><ymin>221</ymin><xmax>37</xmax><ymax>50</ymax></bndbox></object><object><name>proposal</name><bndbox><xmin>176</xmin><ymin>24</ymin><xmax>131</xmax><ymax>55</ymax></bndbox></object><object><name>proposal</name><bndbox><xmin>379</xmin><ymin>51</ymin><xmax>41</xmax><ymax>24</ymax></bndbox></object><object><name>proposal</name><bndbox><xmin>474</xmin><ymin>221</ymin><xmax>47</xmax><ymax>60</ymax></bndbox></object><object><name>proposal</name><bndbox><xmin>186</xmin><ymin>246</ymin><xmax>81</xmax><ymax>52</ymax></bndbox></object><object><name>proposal</name><bndbox><xmin>326</xmin><ymin>106</ymin><xmax>75</xmax><ymax>51</ymax></bndbox></object><object><name>proposal</name><bndbox><xmin>445</xmin><ymin>151</ymin><xmax>81</xmax><ymax>54</ymax></bndbox></object><object><name>proposal</name><bndbox><xmin>335</xmin><ymin>214</ymin><xmax>24</xmax><ymax>32</ymax></bndbox></object><object><name>proposal</name><bndbox><xmin>176</xmin><ymin>34</ymin><xmax>217</xmax><ymax>76</ymax></bndbox></object><object><name>proposal</name><bndbox><xmin>176</xmin><ymin>8</ymin><xmax>217</xmax><ymax>84</ymax></bndbox></object><object><name>proposal</name><bndbox><xmin>361</xmin><ymin>51</ymin><xmax>107</xmax><ymax>43</ymax></bndbox></object><object><name>proposal</name><bndbox><xmin>361</xmin><ymin>34</ymin><xmax>26</xmax><ymax>35</ymax></bndbox></object><object><name>proposal</name><bndbox><xmin>456</xmin><ymin>105</ymin><xmax>70</xmax><ymax>100</ymax></bndbox></object><object><name>proposal</name><bndbox><xmin>188</xmin><ymin>205</ymin><xmax>59</xmax><ymax>69</ymax></bndbox></object><object><name>proposal</name><bndbox><xmin>6</xmin><ymin>8</ymin><xmax>119</xmax><ymax>60</ymax></bndbox></object><object><name>proposal</name><bndbox><xmin>430</xmin><ymin>138</ymin><xmax>98</xmax><ymax>55</ymax></bndbox></object><object><name>proposal</name><bndbox><xmin>353</xmin><ymin>148</ymin><xmax>27</xmax><ymax>45</ymax></bndbox></object><object><name>proposal</name><bndbox><xmin>303</xmin><ymin>17</ymin><xmax>59</xmax><ymax>54</ymax></bndbox></object><object><name>proposal</name><bndbox><xmin>101</xmin><ymin>252</ymin><xmax>87</xmax><ymax>41</ymax></bndbox></object><object><name>proposal</name><bndbox><xmin>453</xmin><ymin>171</ymin><xmax>28</xmax><ymax>61</ymax></bndbox></object><object><name>proposal</name><bndbox><xmin>458</xmin><ymin>173</ymin><xmax>71</xmax><ymax>26</ymax></bndbox></object><object><name>proposal</name><bndbox><xmin>132</xmin><ymin>218</ymin><xmax>108</xmax><ymax>55</ymax></bndbox></object><object><name>proposal</name><bndbox><xmin>476</xmin><ymin>156</ymin><xmax>31</xmax><ymax>31</ymax></bndbox></object><object><name>proposal</name><bndbox><xmin>375</xmin><ymin>51</ymin><xmax>61</xmax><ymax>28</ymax></bndbox></object><object><name>proposal</name><bndbox><xmin>292</xmin><ymin>123</ymin><xmax>55</xmax><ymax>41</ymax></bndbox></object><object><name>proposal</name><bndbox><xmin>361</xmin><ymin>61</ymin><xmax>24</xmax><ymax>35</ymax></bndbox></object><object><name>proposal</name><bndbox><xmin>157</xmin><ymin>266</ymin><xmax>85</xmax><ymax>32</ymax></bndbox></object><object><name>proposal</name><bndbox><xmin>410</xmin><ymin>187</ymin><xmax>54</xmax><ymax>37</ymax></bndbox></object><object><name>proposal</name><bndbox><xmin>188</xmin><ymin>155</ymin><xmax>50</xmax><ymax>119</ymax></bndbox></object><object><name>proposal</name><bndbox><xmin>93</xmin><ymin>262</ymin><xmax>95</xmax><ymax>35</ymax></bndbox></object><object><name>proposal</name><bndbox><xmin>455</xmin><ymin>163</ymin><xmax>32</xmax><ymax>73</ymax></bndbox></object><object><name>proposal</name><bndbox><xmin>176</xmin><ymin>67</ymin><xmax>142</xmax><ymax>90</ymax></bndbox></object><object><name>proposal</name><bndbox><xmin>178</xmin><ymin>66</ymin><xmax>98</xmax><ymax>207</ymax></bndbox></object><object><name>proposal</name><bndbox><xmin>414</xmin><ymin>191</ymin><xmax>42</xmax><ymax>29</ymax></bndbox></object><object><name>proposal</name><bndbox><xmin>101</xmin><ymin>60</ymin><xmax>153</xmax><ymax>229</ymax></bndbox></object><object><name>proposal</name><bndbox><xmin>348</xmin><ymin>120</ymin><xmax>48</xmax><ymax>45</ymax></bndbox></object><object><name>proposal</name><bndbox><xmin>173</xmin><ymin>68</ymin><xmax>150</xmax><ymax>160</ymax></bndbox></object><object><name>proposal</name><bndbox><xmin>6</xmin><ymin>47</ymin><xmax>50</xmax><ymax>119</ymax></bndbox></object><object><name>proposal</name><bndbox><xmin>378</xmin><ymin>50</ymin><xmax>29</xmax><ymax>48</ymax></bndbox></object><object><name>proposal</name><bndbox><xmin>352</xmin><ymin>61</ymin><xmax>32</xmax><ymax>28</ymax></bndbox></object><object><name>proposal</name><bndbox><xmin>289</xmin><ymin>135</ymin><xmax>55</xmax><ymax>21</ymax></bndbox></object><object><name>proposal</name><bndbox><xmin>328</xmin><ymin>43</ymin><xmax>34</xmax><ymax>34</ymax></bndbox></object><object><name>proposal</name><bndbox><xmin>103</xmin><ymin>61</ymin><xmax>22</xmax><ymax>35</ymax></bndbox></object><object><name>proposal</name><bndbox><xmin>94</xmin><ymin>61</ymin><xmax>32</xmax><ymax>24</ymax></bndbox></object><object><name>proposal</name><bndbox><xmin>103</xmin><ymin>34</ymin><xmax>22</xmax><ymax>35</ymax></bndbox></object><object><name>proposal</name><bndbox><xmin>121</xmin><ymin>168</ymin><xmax>121</xmax><ymax>125</ymax></bndbox></object><object><name>proposal</name><bndbox><xmin>104</xmin><ymin>61</ymin><xmax>51</xmax><ymax>25</ymax></bndbox></object><object><name>proposal</name><bndbox><xmin>274</xmin><ymin>177</ymin><xmax>254</xmax><ymax>106</ymax></bndbox></object><object><name>proposal</name><bndbox><xmin>478</xmin><ymin>145</ymin><xmax>21</xmax><ymax>42</ymax></bndbox></object><object><name>proposal</name><bndbox><xmin>478</xmin><ymin>177</ymin><xmax>21</xmax><ymax>42</ymax></bndbox></object><object><name>proposal</name><bndbox><xmin>190</xmin><ymin>187</ymin><xmax>169</xmax><ymax>61</ymax></bndbox></object><object><name>proposal</name><bndbox><xmin>430</xmin><ymin>141</ymin><xmax>68</xmax><ymax>97</ymax></bndbox></object><object><name>proposal</name><bndbox><xmin>496</xmin><ymin>176</ymin><xmax>31</xmax><ymax>31</ymax></bndbox></object><object><name>proposal</name><bndbox><xmin>493</xmin><ymin>190</ymin><xmax>27</xmax><ymax>45</ymax></bndbox></object><object><name>proposal</name><bndbox><xmin>310</xmin><ymin>127</ymin><xmax>34</xmax><ymax>37</ymax></bndbox></object><object><name>proposal</name><bndbox><xmin>356</xmin><ymin>41</ymin><xmax>31</xmax><ymax>31</ymax></bndbox></object><object><name>proposal</name><bndbox><xmin>6</xmin><ymin>48</ymin><xmax>247</xmax><ymax>241</ymax></bndbox></object><object><name>proposal</name><bndbox><xmin>6</xmin><ymin>49</ymin><xmax>133</xmax><ymax>77</ymax></bndbox></object><object><name>proposal</name><bndbox><xmin>478</xmin><ymin>161</ymin><xmax>38</xmax><ymax>26</ymax></bndbox></object><object><name>proposal</name><bndbox><xmin>354</xmin><ymin>148</ymin><xmax>39</xmax><ymax>45</ymax></bndbox></object><object><name>proposal</name><bndbox><xmin>375</xmin><ymin>39</ymin><xmax>65</xmax><ymax>38</ymax></bndbox></object><object><name>proposal</name><bndbox><xmin>388</xmin><ymin>217</ymin><xmax>53</xmax><ymax>57</ymax></bndbox></object><object><name>proposal</name><bndbox><xmin>340</xmin><ymin>149</ymin><xmax>41</xmax><ymax>24</ymax></bndbox></object><object><name>proposal</name><bndbox><xmin>355</xmin><ymin>58</ymin><xmax>37</xmax><ymax>40</ymax></bndbox></object><object><name>proposal</name><bndbox><xmin>316</xmin><ymin>43</ymin><xmax>45</xmax><ymax>42</ymax></bndbox></object><object><name>proposal</name><bndbox><xmin>391</xmin><ymin>196</ymin><xmax>31</xmax><ymax>31</ymax></bndbox></object><object><name>proposal</name><bndbox><xmin>182</xmin><ymin>243</ymin><xmax>59</xmax><ymax>57</ymax></bndbox></object><object><name>proposal</name><bndbox><xmin>286</xmin><ymin>113</ymin><xmax>31</xmax><ymax>45</ymax></bndbox></object><object><name>proposal</name><bndbox><xmin>325</xmin><ymin>127</ymin><xmax>37</xmax><ymax>37</ymax></bndbox></object><object><name>proposal</name><bndbox><xmin>451</xmin><ymin>165</ymin><xmax>21</xmax><ymax>42</ymax></bndbox></object><object><name>proposal</name><bndbox><xmin>403</xmin><ymin>223</ymin><xmax>37</xmax><ymax>37</ymax></bndbox></object><object><name>proposal</name><bndbox><xmin>316</xmin><ymin>131</ymin><xmax>31</xmax><ymax>31</ymax></bndbox></object><object><name>proposal</name><bndbox><xmin>411</xmin><ymin>210</ymin><xmax>47</xmax><ymax>60</ymax></bndbox></object></annotation>