<annotation><folder>Proposals</folder><filename>img-580.jpg</filename><size><width>535</width><height>300</height><depth>3</depth></size><object><name>proposal</name><bndbox><xmin>4</xmin><ymin>111</ymin><xmax>149</xmax><ymax>78</ymax></bndbox></object><object><name>proposal</name><bndbox><xmin>4</xmin><ymin>68</ymin><xmax>149</xmax><ymax>122</ymax></bndbox></object><object><name>proposal</name><bndbox><xmin>274</xmin><ymin>105</ymin><xmax>211</xmax><ymax>133</ymax></bndbox></object><object><name>proposal</name><bndbox><xmin>1</xmin><ymin>67</ymin><xmax>407</xmax><ymax>161</ymax></bndbox></object><object><name>proposal</name><bndbox><xmin>258</xmin><ymin>41</ymin><xmax>277</xmax><ymax>197</ymax></bndbox></object><object><name>proposal</name><bndbox><xmin>139</xmin><ymin>73</ymin><xmax>303</xmax><ymax>155</ymax></bndbox></object><object><name>proposal</name><bndbox><xmin>253</xmin><ymin>106</ymin><xmax>177</xmax><ymax>122</ymax></bndbox></object><object><name>proposal</name><bndbox><xmin>4</xmin><ymin>101</ymin><xmax>319</xmax><ymax>129</ymax></bndbox></object><object><name>proposal</name><bndbox><xmin>1</xmin><ymin>3</ymin><xmax>534</xmax><ymax>236</ymax></bndbox></object><object><name>proposal</name><bndbox><xmin>114</xmin><ymin>44</ymin><xmax>421</xmax><ymax>196</ymax></bndbox></object><object><name>proposal</name><bndbox><xmin>4</xmin><ymin>75</ymin><xmax>333</xmax><ymax>197</ymax></bndbox></object><object><name>proposal</name><bndbox><xmin>141</xmin><ymin>102</ymin><xmax>195</xmax><ymax>127</ymax></bndbox></object><object><name>proposal</name><bndbox><xmin>373</xmin><ymin>7</ymin><xmax>160</xmax><ymax>231</ymax></bndbox></object><object><name>proposal</name><bndbox><xmin>1</xmin><ymin>67</ymin><xmax>534</xmax><ymax>204</ymax></bndbox></object><object><name>proposal</name><bndbox><xmin>191</xmin><ymin>102</ymin><xmax>253</xmax><ymax>139</ymax></bndbox></object><object><name>proposal</name><bndbox><xmin>1</xmin><ymin>60</ymin><xmax>263</xmax><ymax>163</ymax></bndbox></object><object><name>proposal</name><bndbox><xmin>13</xmin><ymin>131</ymin><xmax>130</xmax><ymax>59</ymax></bndbox></object><object><name>proposal</name><bndbox><xmin>387</xmin><ymin>105</ymin><xmax>98</xmax><ymax>133</ymax></bndbox></object><object><name>proposal</name><bndbox><xmin>140</xmin><ymin>94</ymin><xmax>343</xmax><ymax>180</ymax></bndbox></object><object><name>proposal</name><bndbox><xmin>113</xmin><ymin>102</ymin><xmax>159</xmax><ymax>127</ymax></bndbox></object><object><name>proposal</name><bndbox><xmin>1</xmin><ymin>78</ymin><xmax>215</xmax><ymax>122</ymax></bndbox></object><object><name>proposal</name><bndbox><xmin>372</xmin><ymin>71</ymin><xmax>121</xmax><ymax>167</ymax></bndbox></object><object><name>proposal</name><bndbox><xmin>193</xmin><ymin>74</ymin><xmax>144</xmax><ymax>154</ymax></bndbox></object><object><name>proposal</name><bndbox><xmin>238</xmin><ymin>106</ymin><xmax>97</xmax><ymax>121</ymax></bndbox></object><object><name>proposal</name><bndbox><xmin>193</xmin><ymin>3</ymin><xmax>309</xmax><ymax>235</ymax></bndbox></object><object><name>proposal</name><bndbox><xmin>249</xmin><ymin>91</ymin><xmax>198</xmax><ymax>177</ymax></bndbox></object><object><name>proposal</name><bndbox><xmin>198</xmin><ymin>64</ymin><xmax>198</xmax><ymax>164</ymax></bndbox></object><object><name>proposal</name><bndbox><xmin>111</xmin><ymin>102</ymin><xmax>224</xmax><ymax>170</ymax></bndbox></object><object><name>proposal</name><bndbox><xmin>293</xmin><ymin>75</ymin><xmax>154</xmax><ymax>155</ymax></bndbox></object><object><name>proposal</name><bndbox><xmin>372</xmin><ymin>108</ymin><xmax>163</xmax><ymax>130</ymax></bndbox></object><object><name>proposal</name><bndbox><xmin>194</xmin><ymin>93</ymin><xmax>341</xmax><ymax>156</ymax></bndbox></object><object><name>proposal</name><bndbox><xmin>303</xmin><ymin>69</ymin><xmax>198</xmax><ymax>170</ymax></bndbox></object><object><name>proposal</name><bndbox><xmin>247</xmin><ymin>46</ymin><xmax>197</xmax><ymax>183</ymax></bndbox></object><object><name>proposal</name><bndbox><xmin>4</xmin><ymin>1</ymin><xmax>148</xmax><ymax>193</ymax></bndbox></object><object><name>proposal</name><bndbox><xmin>274</xmin><ymin>106</ymin><xmax>116</xmax><ymax>121</ymax></bndbox></object><object><name>proposal</name><bndbox><xmin>1</xmin><ymin>3</ymin><xmax>413</xmax><ymax>196</ymax></bndbox></object><object><name>proposal</name><bndbox><xmin>6</xmin><ymin>104</ymin><xmax>244</xmax><ymax>172</ymax></bndbox></object><object><name>proposal</name><bndbox><xmin>193</xmin><ymin>105</ymin><xmax>144</xmax><ymax>165</ymax></bndbox></object><object><name>proposal</name><bndbox><xmin>82</xmin><ymin>98</ymin><xmax>307</xmax><ymax>131</ymax></bndbox></object><object><name>proposal</name><bndbox><xmin>6</xmin><ymin>77</ymin><xmax>297</xmax><ymax>113</ymax></bndbox></object><object><name>proposal</name><bndbox><xmin>6</xmin><ymin>103</ymin><xmax>244</xmax><ymax>87</ymax></bndbox></object><object><name>proposal</name><bndbox><xmin>4</xmin><ymin>78</ymin><xmax>149</xmax><ymax>79</ymax></bndbox></object><object><name>proposal</name><bndbox><xmin>304</xmin><ymin>92</ymin><xmax>89</xmax><ymax>83</ymax></bndbox></object><object><name>proposal</name><bndbox><xmin>374</xmin><ymin>93</ymin><xmax>69</xmax><ymax>135</ymax></bndbox></object><object><name>proposal</name><bndbox><xmin>300</xmin><ymin>91</ymin><xmax>119</xmax><ymax>128</ymax></bndbox></object><object><name>proposal</name><bndbox><xmin>277</xmin><ymin>140</ymin><xmax>152</xmax><ymax>88</ymax></bndbox></object><object><name>proposal</name><bndbox><xmin>4</xmin><ymin>112</ymin><xmax>148</xmax><ymax>141</ymax></bndbox></object><object><name>proposal</name><bndbox><xmin>373</xmin><ymin>124</ymin><xmax>58</xmax><ymax>104</ymax></bndbox></object><object><name>proposal</name><bndbox><xmin>303</xmin><ymin>5</ymin><xmax>232</xmax><ymax>212</ymax></bndbox></object><object><name>proposal</name><bndbox><xmin>253</xmin><ymin>104</ymin><xmax>246</xmax><ymax>186</ymax></bndbox></object><object><name>proposal</name><bndbox><xmin>212</xmin><ymin>109</ymin><xmax>220</xmax><ymax>177</ymax></bndbox></object><object><name>proposal</name><bndbox><xmin>193</xmin><ymin>105</ymin><xmax>75</xmax><ymax>115</ymax></bndbox></object><object><name>proposal</name><bndbox><xmin>279</xmin><ymin>11</ymin><xmax>195</xmax><ymax>228</ymax></bndbox></object><object><name>proposal</name><bndbox><xmin>296</xmin><ymin>94</ymin><xmax>132</xmax><ymax>193</ymax></bndbox></object><object><name>proposal</name><bndbox><xmin>311</xmin><ymin>121</ymin><xmax>119</xmax><ymax>110</ymax></bndbox></object><object><name>proposal</name><bndbox><xmin>125</xmin><ymin>73</ymin><xmax>271</xmax><ymax>214</ymax></bndbox></object><object><name>proposal</name><bndbox><xmin>55</xmin><ymin>102</ymin><xmax>199</xmax><ymax>127</ymax></bndbox></object><object><name>proposal</name><bndbox><xmin>307</xmin><ymin>111</ymin><xmax>90</xmax><ymax>106</ymax></bndbox></object><object><name>proposal</name><bndbox><xmin>261</xmin><ymin>70</ymin><xmax>272</xmax><ymax>115</ymax></bndbox></object><object><name>proposal</name><bndbox><xmin>274</xmin><ymin>76</ymin><xmax>134</xmax><ymax>162</ymax></bndbox></object><object><name>proposal</name><bndbox><xmin>125</xmin><ymin>1</ymin><xmax>288</xmax><ymax>229</ymax></bndbox></object><object><name>proposal</name><bndbox><xmin>400</xmin><ymin>7</ymin><xmax>100</xmax><ymax>52</ymax></bndbox></object><object><name>proposal</name><bndbox><xmin>141</xmin><ymin>104</ymin><xmax>110</xmax><ymax>117</ymax></bndbox></object><object><name>proposal</name><bndbox><xmin>306</xmin><ymin>76</ymin><xmax>90</xmax><ymax>127</ymax></bndbox></object><object><name>proposal</name><bndbox><xmin>141</xmin><ymin>68</ymin><xmax>277</xmax><ymax>107</ymax></bndbox></object><object><name>proposal</name><bndbox><xmin>1</xmin><ymin>68</ymin><xmax>211</xmax><ymax>93</ymax></bndbox></object><object><name>proposal</name><bndbox><xmin>273</xmin><ymin>90</ymin><xmax>207</xmax><ymax>87</ymax></bndbox></object><object><name>proposal</name><bndbox><xmin>424</xmin><ymin>109</ymin><xmax>109</xmax><ymax>159</ymax></bndbox></object><object><name>proposal</name><bndbox><xmin>227</xmin><ymin>96</ymin><xmax>163</xmax><ymax>175</ymax></bndbox></object><object><name>proposal</name><bndbox><xmin>424</xmin><ymin>46</ymin><xmax>109</xmax><ymax>192</ymax></bndbox></object><object><name>proposal</name><bndbox><xmin>274</xmin><ymin>104</ymin><xmax>61</xmax><ymax>124</ymax></bndbox></object><object><name>proposal</name><bndbox><xmin>392</xmin><ymin>6</ymin><xmax>126</xmax><ymax>95</ymax></bndbox></object><object><name>proposal</name><bndbox><xmin>263</xmin><ymin>73</ymin><xmax>145</xmax><ymax>102</ymax></bndbox></object><object><name>proposal</name><bndbox><xmin>204</xmin><ymin>6</ymin><xmax>331</xmax><ymax>170</ymax></bndbox></object><object><name>proposal</name><bndbox><xmin>310</xmin><ymin>118</ymin><xmax>80</xmax><ymax>77</ymax></bndbox></object><object><name>proposal</name><bndbox><xmin>1</xmin><ymin>6</ymin><xmax>253</xmax><ymax>183</ymax></bndbox></object><object><name>proposal</name><bndbox><xmin>13</xmin><ymin>128</ymin><xmax>139</xmax><ymax>87</ymax></bndbox></object><object><name>proposal</name><bndbox><xmin>56</xmin><ymin>133</ymin><xmax>78</xmax><ymax>53</ymax></bndbox></object><object><name>proposal</name><bndbox><xmin>365</xmin><ymin>105</ymin><xmax>93</xmax><ymax>133</ymax></bndbox></object><object><name>proposal</name><bndbox><xmin>231</xmin><ymin>93</ymin><xmax>252</xmax><ymax>119</ymax></bndbox></object><object><name>proposal</name><bndbox><xmin>424</xmin><ymin>109</ymin><xmax>56</xmax><ymax>73</ymax></bndbox></object><object><name>proposal</name><bndbox><xmin>303</xmin><ymin>40</ymin><xmax>232</xmax><ymax>136</ymax></bndbox></object><object><name>proposal</name><bndbox><xmin>99</xmin><ymin>119</ymin><xmax>142</xmax><ymax>110</ymax></bndbox></object><object><name>proposal</name><bndbox><xmin>280</xmin><ymin>141</ymin><xmax>55</xmax><ymax>87</ymax></bndbox></object><object><name>proposal</name><bndbox><xmin>192</xmin><ymin>75</ymin><xmax>101</xmax><ymax>139</ymax></bndbox></object><object><name>proposal</name><bndbox><xmin>169</xmin><ymin>62</ymin><xmax>337</xmax><ymax>141</ymax></bndbox></object><object><name>proposal</name><bndbox><xmin>391</xmin><ymin>110</ymin><xmax>58</xmax><ymax>127</ymax></bndbox></object><object><name>proposal</name><bndbox><xmin>280</xmin><ymin>105</ymin><xmax>49</xmax><ymax>53</ymax></bndbox></object><object><name>proposal</name><bndbox><xmin>100</xmin><ymin>96</ymin><xmax>151</xmax><ymax>167</ymax></bndbox></object><object><name>proposal</name><bndbox><xmin>261</xmin><ymin>96</ymin><xmax>143</xmax><ymax>107</ymax></bndbox></object><object><name>proposal</name><bndbox><xmin>4</xmin><ymin>49</ymin><xmax>149</xmax><ymax>229</ymax></bndbox></object><object><name>proposal</name><bndbox><xmin>303</xmin><ymin>92</ymin><xmax>93</xmax><ymax>173</ymax></bndbox></object><object><name>proposal</name><bndbox><xmin>354</xmin><ymin>71</ymin><xmax>92</xmax><ymax>159</ymax></bndbox></object><object><name>proposal</name><bndbox><xmin>5</xmin><ymin>113</ymin><xmax>122</xmax><ymax>52</ymax></bndbox></object><object><name>proposal</name><bndbox><xmin>141</xmin><ymin>75</ymin><xmax>161</xmax><ymax>195</ymax></bndbox></object><object><name>proposal</name><bndbox><xmin>205</xmin><ymin>144</ymin><xmax>115</xmax><ymax>128</ymax></bndbox></object><object><name>proposal</name><bndbox><xmin>228</xmin><ymin>119</ymin><xmax>170</xmax><ymax>108</ymax></bndbox></object><object><name>proposal</name><bndbox><xmin>224</xmin><ymin>86</ymin><xmax>111</xmax><ymax>114</ymax></bndbox></object><object><name>proposal</name><bndbox><xmin>1</xmin><ymin>68</ymin><xmax>146</xmax><ymax>65</ymax></bndbox></object><object><name>proposal</name><bndbox><xmin>108</xmin><ymin>67</ymin><xmax>183</xmax><ymax>147</ymax></bndbox></object><object><name>proposal</name><bndbox><xmin>309</xmin><ymin>146</ymin><xmax>89</xmax><ymax>64</ymax></bndbox></object><object><name>proposal</name><bndbox><xmin>203</xmin><ymin>126</ymin><xmax>133</xmax><ymax>104</ymax></bndbox></object><object><name>proposal</name><bndbox><xmin>388</xmin><ymin>43</ymin><xmax>87</xmax><ymax>197</ymax></bndbox></object><object><name>proposal</name><bndbox><xmin>254</xmin><ymin>73</ymin><xmax>75</xmax><ymax>102</ymax></bndbox></object><object><name>proposal</name><bndbox><xmin>1</xmin><ymin>117</ymin><xmax>219</xmax><ymax>129</ymax></bndbox></object><object><name>proposal</name><bndbox><xmin>4</xmin><ymin>3</ymin><xmax>170</xmax><ymax>102</ymax></bndbox></object><object><name>proposal</name><bndbox><xmin>55</xmin><ymin>1</ymin><xmax>280</xmax><ymax>229</ymax></bndbox></object><object><name>proposal</name><bndbox><xmin>372</xmin><ymin>15</ymin><xmax>128</xmax><ymax>169</ymax></bndbox></object><object><name>proposal</name><bndbox><xmin>229</xmin><ymin>106</ymin><xmax>101</xmax><ymax>71</ymax></bndbox></object><object><name>proposal</name><bndbox><xmin>328</xmin><ymin>6</ymin><xmax>199</xmax><ymax>99</ymax></bndbox></object><object><name>proposal</name><bndbox><xmin>228</xmin><ymin>36</ymin><xmax>107</xmax><ymax>192</ymax></bndbox></object><object><name>proposal</name><bndbox><xmin>414</xmin><ymin>88</ymin><xmax>69</xmax><ymax>151</ymax></bndbox></object><object><name>proposal</name><bndbox><xmin>307</xmin><ymin>111</ymin><xmax>165</xmax><ymax>110</ymax></bndbox></object><object><name>proposal</name><bndbox><xmin>1</xmin><ymin>3</ymin><xmax>211</xmax><ymax>145</ymax></bndbox></object><object><name>proposal</name><bndbox><xmin>176</xmin><ymin>67</ymin><xmax>152</xmax><ymax>108</ymax></bndbox></object><object><name>proposal</name><bndbox><xmin>274</xmin><ymin>105</ymin><xmax>57</xmax><ymax>81</ymax></bndbox></object><object><name>proposal</name><bndbox><xmin>194</xmin><ymin>76</ymin><xmax>108</xmax><ymax>202</ymax></bndbox></object><object><name>proposal</name><bndbox><xmin>305</xmin><ymin>84</ymin><xmax>139</xmax><ymax>94</ymax></bndbox></object><object><name>proposal</name><bndbox><xmin>262</xmin><ymin>36</ymin><xmax>130</xmax><ymax>192</ymax></bndbox></object><object><name>proposal</name><bndbox><xmin>276</xmin><ymin>98</ymin><xmax>111</xmax><ymax>69</ymax></bndbox></object><object><name>proposal</name><bndbox><xmin>278</xmin><ymin>137</ymin><xmax>199</xmax><ymax>133</ymax></bndbox></object><object><name>proposal</name><bndbox><xmin>304</xmin><ymin>93</ymin><xmax>90</xmax><ymax>49</ymax></bndbox></object><object><name>proposal</name><bndbox><xmin>424</xmin><ymin>105</ymin><xmax>77</xmax><ymax>133</ymax></bndbox></object><object><name>proposal</name><bndbox><xmin>313</xmin><ymin>92</ymin><xmax>165</xmax><ymax>196</ymax></bndbox></object><object><name>proposal</name><bndbox><xmin>372</xmin><ymin>70</ymin><xmax>163</xmax><ymax>111</ymax></bndbox></object><object><name>proposal</name><bndbox><xmin>241</xmin><ymin>142</ymin><xmax>213</xmax><ymax>149</ymax></bndbox></object><object><name>proposal</name><bndbox><xmin>126</xmin><ymin>82</ymin><xmax>100</xmax><ymax>150</ymax></bndbox></object><object><name>proposal</name><bndbox><xmin>277</xmin><ymin>146</ymin><xmax>142</xmax><ymax>131</ymax></bndbox></object><object><name>proposal</name><bndbox><xmin>200</xmin><ymin>68</ymin><xmax>195</xmax><ymax>89</ymax></bndbox></object><object><name>proposal</name><bndbox><xmin>328</xmin><ymin>38</ymin><xmax>199</xmax><ymax>91</ymax></bndbox></object><object><name>proposal</name><bndbox><xmin>327</xmin><ymin>64</ymin><xmax>103</xmax><ymax>165</ymax></bndbox></object><object><name>proposal</name><bndbox><xmin>393</xmin><ymin>7</ymin><xmax>133</xmax><ymax>136</ymax></bndbox></object><object><name>proposal</name><bndbox><xmin>358</xmin><ymin>91</ymin><xmax>124</xmax><ymax>177</ymax></bndbox></object><object><name>proposal</name><bndbox><xmin>260</xmin><ymin>105</ymin><xmax>69</xmax><ymax>59</ymax></bndbox></object><object><name>proposal</name><bndbox><xmin>225</xmin><ymin>73</ymin><xmax>104</xmax><ymax>84</ymax></bndbox></object><object><name>proposal</name><bndbox><xmin>352</xmin><ymin>63</ymin><xmax>141</xmax><ymax>115</ymax></bndbox></object><object><name>proposal</name><bndbox><xmin>141</xmin><ymin>103</ymin><xmax>109</xmax><ymax>185</ymax></bndbox></object><object><name>proposal</name><bndbox><xmin>225</xmin><ymin>106</ymin><xmax>87</xmax><ymax>165</ymax></bndbox></object><object><name>proposal</name><bndbox><xmin>236</xmin><ymin>123</ymin><xmax>101</xmax><ymax>153</ymax></bndbox></object><object><name>proposal</name><bndbox><xmin>4</xmin><ymin>32</ymin><xmax>170</xmax><ymax>119</ymax></bndbox></object><object><name>proposal</name><bndbox><xmin>268</xmin><ymin>7</ymin><xmax>259</xmax><ymax>139</ymax></bndbox></object><object><name>proposal</name><bndbox><xmin>11</xmin><ymin>135</ymin><xmax>321</xmax><ymax>161</ymax></bndbox></object><object><name>proposal</name><bndbox><xmin>6</xmin><ymin>113</ymin><xmax>176</xmax><ymax>182</ymax></bndbox></object><object><name>proposal</name><bndbox><xmin>459</xmin><ymin>134</ymin><xmax>75</xmax><ymax>49</ymax></bndbox></object><object><name>proposal</name><bndbox><xmin>231</xmin><ymin>98</ymin><xmax>71</xmax><ymax>77</ymax></bndbox></object><object><name>proposal</name><bndbox><xmin>231</xmin><ymin>86</ymin><xmax>60</xmax><ymax>113</ymax></bndbox></object><object><name>proposal</name><bndbox><xmin>247</xmin><ymin>145</ymin><xmax>77</xmax><ymax>85</ymax></bndbox></object><object><name>proposal</name><bndbox><xmin>374</xmin><ymin>36</ymin><xmax>139</xmax><ymax>103</ymax></bndbox></object><object><name>proposal</name><bndbox><xmin>141</xmin><ymin>106</ymin><xmax>85</xmax><ymax>145</ymax></bndbox></object><object><name>proposal</name><bndbox><xmin>281</xmin><ymin>126</ymin><xmax>45</xmax><ymax>31</ymax></bndbox></object><object><name>proposal</name><bndbox><xmin>157</xmin><ymin>106</ymin><xmax>134</xmax><ymax>114</ymax></bndbox></object><object><name>proposal</name><bndbox><xmin>309</xmin><ymin>150</ymin><xmax>117</xmax><ymax>73</ymax></bndbox></object><object><name>proposal</name><bndbox><xmin>170</xmin><ymin>135</ymin><xmax>307</xmax><ymax>161</ymax></bndbox></object><object><name>proposal</name><bndbox><xmin>201</xmin><ymin>87</ymin><xmax>194</xmax><ymax>103</ymax></bndbox></object><object><name>proposal</name><bndbox><xmin>111</xmin><ymin>1</ymin><xmax>159</xmax><ymax>228</ymax></bndbox></object><object><name>proposal</name><bndbox><xmin>280</xmin><ymin>145</ymin><xmax>53</xmax><ymax>49</ymax></bndbox></object><object><name>proposal</name><bndbox><xmin>57</xmin><ymin>79</ymin><xmax>155</xmax><ymax>75</ymax></bndbox></object><object><name>proposal</name><bndbox><xmin>275</xmin><ymin>53</ymin><xmax>119</xmax><ymax>139</ymax></bndbox></object><object><name>proposal</name><bndbox><xmin>402</xmin><ymin>21</ymin><xmax>131</xmax><ymax>163</ymax></bndbox></object><object><name>proposal</name><bndbox><xmin>372</xmin><ymin>93</ymin><xmax>71</xmax><ymax>85</ymax></bndbox></object><object><name>proposal</name><bndbox><xmin>305</xmin><ymin>73</ymin><xmax>111</xmax><ymax>78</ymax></bndbox></object><object><name>proposal</name><bndbox><xmin>352</xmin><ymin>32</ymin><xmax>183</xmax><ymax>124</ymax></bndbox></object><object><name>proposal</name><bndbox><xmin>310</xmin><ymin>11</ymin><xmax>121</xmax><ymax>217</ymax></bndbox></object><object><name>proposal</name><bndbox><xmin>303</xmin><ymin>68</ymin><xmax>198</xmax><ymax>85</ymax></bndbox></object><object><name>proposal</name><bndbox><xmin>4</xmin><ymin>3</ymin><xmax>325</xmax><ymax>143</ymax></bndbox></object><object><name>proposal</name><bndbox><xmin>373</xmin><ymin>93</ymin><xmax>108</xmax><ymax>92</ymax></bndbox></object><object><name>proposal</name><bndbox><xmin>141</xmin><ymin>76</ymin><xmax>186</xmax><ymax>83</ymax></bndbox></object><object><name>proposal</name><bndbox><xmin>432</xmin><ymin>157</ymin><xmax>41</xmax><ymax>82</ymax></bndbox></object><object><name>proposal</name><bndbox><xmin>214</xmin><ymin>151</ymin><xmax>98</xmax><ymax>84</ymax></bndbox></object><object><name>proposal</name><bndbox><xmin>109</xmin><ymin>105</ymin><xmax>108</xmax><ymax>108</ymax></bndbox></object><object><name>proposal</name><bndbox><xmin>423</xmin><ymin>108</ymin><xmax>112</xmax><ymax>75</ymax></bndbox></object><object><name>proposal</name><bndbox><xmin>391</xmin><ymin>44</ymin><xmax>122</xmax><ymax>52</ymax></bndbox></object><object><name>proposal</name><bndbox><xmin>141</xmin><ymin>196</ymin><xmax>58</xmax><ymax>37</ymax></bndbox></object><object><name>proposal</name><bndbox><xmin>199</xmin><ymin>105</ymin><xmax>53</xmax><ymax>61</ymax></bndbox></object><object><name>proposal</name><bndbox><xmin>153</xmin><ymin>117</ymin><xmax>70</xmax><ymax>97</ymax></bndbox></object><object><name>proposal</name><bndbox><xmin>331</xmin><ymin>150</ymin><xmax>69</xmax><ymax>69</ymax></bndbox></object><object><name>proposal</name><bndbox><xmin>317</xmin><ymin>139</ymin><xmax>81</xmax><ymax>93</ymax></bndbox></object><object><name>proposal</name><bndbox><xmin>124</xmin><ymin>3</ymin><xmax>292</xmax><ymax>143</ymax></bndbox></object><object><name>proposal</name><bndbox><xmin>126</xmin><ymin>3</ymin><xmax>257</xmax><ymax>99</ymax></bndbox></object><object><name>proposal</name><bndbox><xmin>428</xmin><ymin>121</ymin><xmax>50</xmax><ymax>117</ymax></bndbox></object><object><name>proposal</name><bndbox><xmin>241</xmin><ymin>150</ymin><xmax>67</xmax><ymax>108</ymax></bndbox></object><object><name>proposal</name><bndbox><xmin>141</xmin><ymin>102</ymin><xmax>186</xmax><ymax>77</ymax></bndbox></object><object><name>proposal</name><bndbox><xmin>112</xmin><ymin>76</ymin><xmax>126</xmax><ymax>224</ymax></bndbox></object><object><name>proposal</name><bndbox><xmin>331</xmin><ymin>127</ymin><xmax>97</xmax><ymax>133</ymax></bndbox></object><object><name>proposal</name><bndbox><xmin>252</xmin><ymin>109</ymin><xmax>83</xmax><ymax>86</ymax></bndbox></object><object><name>proposal</name><bndbox><xmin>188</xmin><ymin>5</ymin><xmax>149</xmax><ymax>215</ymax></bndbox></object><object><name>proposal</name><bndbox><xmin>309</xmin><ymin>123</ymin><xmax>79</xmax><ymax>44</ymax></bndbox></object><object><name>proposal</name><bndbox><xmin>370</xmin><ymin>14</ymin><xmax>73</xmax><ymax>210</ymax></bndbox></object><object><name>proposal</name><bndbox><xmin>1</xmin><ymin>34</ymin><xmax>146</xmax><ymax>71</ymax></bndbox></object><object><name>proposal</name><bndbox><xmin>141</xmin><ymin>142</ymin><xmax>195</xmax><ymax>137</ymax></bndbox></object><object><name>proposal</name><bndbox><xmin>202</xmin><ymin>128</ymin><xmax>65</xmax><ymax>83</ymax></bndbox></object><object><name>proposal</name><bndbox><xmin>112</xmin><ymin>80</ymin><xmax>223</xmax><ymax>111</ymax></bndbox></object><object><name>proposal</name><bndbox><xmin>275</xmin><ymin>111</ymin><xmax>111</xmax><ymax>189</ymax></bndbox></object><object><name>proposal</name><bndbox><xmin>391</xmin><ymin>135</ymin><xmax>86</xmax><ymax>95</ymax></bndbox></object><object><name>proposal</name><bndbox><xmin>187</xmin><ymin>96</ymin><xmax>148</xmax><ymax>89</ymax></bndbox></object><object><name>proposal</name><bndbox><xmin>226</xmin><ymin>98</ymin><xmax>93</xmax><ymax>59</ymax></bndbox></object><object><name>proposal</name><bndbox><xmin>109</xmin><ymin>117</ymin><xmax>109</xmax><ymax>68</ymax></bndbox></object><object><name>proposal</name><bndbox><xmin>406</xmin><ymin>153</ymin><xmax>70</xmax><ymax>85</ymax></bndbox></object><object><name>proposal</name><bndbox><xmin>229</xmin><ymin>125</ymin><xmax>107</xmax><ymax>75</ymax></bndbox></object><object><name>proposal</name><bndbox><xmin>242</xmin><ymin>145</ymin><xmax>93</xmax><ymax>55</ymax></bndbox></object><object><name>proposal</name><bndbox><xmin>56</xmin><ymin>81</ymin><xmax>194</xmax><ymax>103</ymax></bndbox></object><object><name>proposal</name><bndbox><xmin>124</xmin><ymin>1</ymin><xmax>87</xmax><ymax>139</ymax></bndbox></object><object><name>proposal</name><bndbox><xmin>307</xmin><ymin>141</ymin><xmax>165</xmax><ymax>97</ymax></bndbox></object><object><name>proposal</name><bndbox><xmin>52</xmin><ymin>79</ymin><xmax>98</xmax><ymax>75</ymax></bndbox></object><object><name>proposal</name><bndbox><xmin>258</xmin><ymin>8</ymin><xmax>186</xmax><ymax>166</ymax></bndbox></object><object><name>proposal</name><bndbox><xmin>447</xmin><ymin>121</ymin><xmax>88</xmax><ymax>123</ymax></bndbox></object><object><name>proposal</name><bndbox><xmin>225</xmin><ymin>75</ymin><xmax>87</xmax><ymax>155</ymax></bndbox></object><object><name>proposal</name><bndbox><xmin>192</xmin><ymin>107</ymin><xmax>79</xmax><ymax>165</ymax></bndbox></object><object><name>proposal</name><bndbox><xmin>204</xmin><ymin>9</ymin><xmax>189</xmax><ymax>192</ymax></bndbox></object><object><name>proposal</name><bndbox><xmin>231</xmin><ymin>127</ymin><xmax>60</xmax><ymax>47</ymax></bndbox></object><object><name>proposal</name><bndbox><xmin>231</xmin><ymin>50</ymin><xmax>177</xmax><ymax>135</ymax></bndbox></object><object><name>proposal</name><bndbox><xmin>393</xmin><ymin>38</ymin><xmax>113</xmax><ymax>77</ymax></bndbox></object><object><name>proposal</name><bndbox><xmin>194</xmin><ymin>106</ymin><xmax>50</xmax><ymax>118</ymax></bndbox></object><object><name>proposal</name><bndbox><xmin>234</xmin><ymin>80</ymin><xmax>212</xmax><ymax>111</ymax></bndbox></object><object><name>proposal</name><bndbox><xmin>273</xmin><ymin>141</ymin><xmax>104</xmax><ymax>88</ymax></bndbox></object><object><name>proposal</name><bndbox><xmin>273</xmin><ymin>82</ymin><xmax>55</xmax><ymax>75</ymax></bndbox></object><object><name>proposal</name><bndbox><xmin>294</xmin><ymin>139</ymin><xmax>107</xmax><ymax>117</ymax></bndbox></object><object><name>proposal</name><bndbox><xmin>111</xmin><ymin>49</ymin><xmax>159</xmax><ymax>229</ymax></bndbox></object><object><name>proposal</name><bndbox><xmin>211</xmin><ymin>159</ymin><xmax>29</xmax><ymax>51</ymax></bndbox></object><object><name>proposal</name><bndbox><xmin>317</xmin><ymin>75</ymin><xmax>77</xmax><ymax>71</ymax></bndbox></object><object><name>proposal</name><bndbox><xmin>238</xmin><ymin>127</ymin><xmax>53</xmax><ymax>72</ymax></bndbox></object><object><name>proposal</name><bndbox><xmin>277</xmin><ymin>135</ymin><xmax>42</xmax><ymax>23</ymax></bndbox></object><object><name>proposal</name><bndbox><xmin>235</xmin><ymin>74</ymin><xmax>159</xmax><ymax>69</ymax></bndbox></object><object><name>proposal</name><bndbox><xmin>122</xmin><ymin>82</ymin><xmax>90</xmax><ymax>57</ymax></bndbox></object><object><name>proposal</name><bndbox><xmin>109</xmin><ymin>121</ymin><xmax>93</xmax><ymax>110</ymax></bndbox></object><object><name>proposal</name><bndbox><xmin>315</xmin><ymin>152</ymin><xmax>75</xmax><ymax>44</ymax></bndbox></object><object><name>proposal</name><bndbox><xmin>462</xmin><ymin>79</ymin><xmax>71</xmax><ymax>77</ymax></bndbox></object><object><name>proposal</name><bndbox><xmin>333</xmin><ymin>124</ymin><xmax>84</xmax><ymax>97</ymax></bndbox></object><object><name>proposal</name><bndbox><xmin>305</xmin><ymin>8</ymin><xmax>111</xmax><ymax>162</ymax></bndbox></object><object><name>proposal</name><bndbox><xmin>57</xmin><ymin>1</ymin><xmax>92</xmax><ymax>104</ymax></bndbox></object><object><name>proposal</name><bndbox><xmin>474</xmin><ymin>49</ymin><xmax>56</xmax><ymax>39</ymax></bndbox></object><object><name>proposal</name><bndbox><xmin>113</xmin><ymin>102</ymin><xmax>141</xmax><ymax>83</ymax></bndbox></object><object><name>proposal</name><bndbox><xmin>373</xmin><ymin>127</ymin><xmax>57</xmax><ymax>163</ymax></bndbox></object><object><name>proposal</name><bndbox><xmin>369</xmin><ymin>124</ymin><xmax>89</xmax><ymax>152</ymax></bndbox></object><object><name>proposal</name><bndbox><xmin>348</xmin><ymin>150</ymin><xmax>69</xmax><ymax>69</ymax></bndbox></object><object><name>proposal</name><bndbox><xmin>260</xmin><ymin>106</ymin><xmax>60</xmax><ymax>122</ymax></bndbox></object><object><name>proposal</name><bndbox><xmin>259</xmin><ymin>119</ymin><xmax>130</xmax><ymax>71</ymax></bndbox></object><object><name>proposal</name><bndbox><xmin>400</xmin><ymin>10</ymin><xmax>37</xmax><ymax>50</ymax></bndbox></object><object><name>proposal</name><bndbox><xmin>141</xmin><ymin>196</ymin><xmax>91</xmax><ymax>36</ymax></bndbox></object><object><name>proposal</name><bndbox><xmin>388</xmin><ymin>105</ymin><xmax>128</xmax><ymax>182</ymax></bndbox></object><object><name>proposal</name><bndbox><xmin>112</xmin><ymin>1</ymin><xmax>138</xmax><ymax>144</ymax></bndbox></object><object><name>proposal</name><bndbox><xmin>369</xmin><ymin>69</ymin><xmax>135</xmax><ymax>64</ymax></bndbox></object><object><name>proposal</name><bndbox><xmin>277</xmin><ymin>72</ymin><xmax>173</xmax><ymax>87</ymax></bndbox></object><object><name>proposal</name><bndbox><xmin>368</xmin><ymin>75</ymin><xmax>60</xmax><ymax>146</ymax></bndbox></object><object><name>proposal</name><bndbox><xmin>300</xmin><ymin>141</ymin><xmax>86</xmax><ymax>80</ymax></bndbox></object><object><name>proposal</name><bndbox><xmin>330</xmin><ymin>71</ymin><xmax>119</xmax><ymax>197</ymax></bndbox></object><object><name>proposal</name><bndbox><xmin>353</xmin><ymin>38</ymin><xmax>167</xmax><ymax>62</ymax></bndbox></object><object><name>proposal</name><bndbox><xmin>471</xmin><ymin>48</ymin><xmax>62</xmax><ymax>107</ymax></bndbox></object><object><name>proposal</name><bndbox><xmin>424</xmin><ymin>71</ymin><xmax>58</xmax><ymax>109</ymax></bndbox></object><object><name>proposal</name><bndbox><xmin>346</xmin><ymin>141</ymin><xmax>83</xmax><ymax>89</ymax></bndbox></object><object><name>proposal</name><bndbox><xmin>4</xmin><ymin>1</ymin><xmax>69</xmax><ymax>102</ymax></bndbox></object><object><name>proposal</name><bndbox><xmin>248</xmin><ymin>155</ymin><xmax>202</xmax><ymax>97</ymax></bndbox></object><object><name>proposal</name><bndbox><xmin>36</xmin><ymin>121</ymin><xmax>207</xmax><ymax>93</ymax></bndbox></object><object><name>proposal</name><bndbox><xmin>195</xmin><ymin>109</ymin><xmax>107</xmax><ymax>90</ymax></bndbox></object><object><name>proposal</name><bndbox><xmin>191</xmin><ymin>86</ymin><xmax>120</xmax><ymax>87</ymax></bndbox></object><object><name>proposal</name><bndbox><xmin>275</xmin><ymin>8</ymin><xmax>119</xmax><ymax>162</ymax></bndbox></object><object><name>proposal</name><bndbox><xmin>286</xmin><ymin>36</ymin><xmax>210</xmax><ymax>109</ymax></bndbox></object><object><name>proposal</name><bndbox><xmin>204</xmin><ymin>151</ymin><xmax>63</xmax><ymax>75</ymax></bndbox></object><object><name>proposal</name><bndbox><xmin>191</xmin><ymin>76</ymin><xmax>135</xmax><ymax>67</ymax></bndbox></object><object><name>proposal</name><bndbox><xmin>475</xmin><ymin>49</ymin><xmax>37</xmax><ymax>37</ymax></bndbox></object><object><name>proposal</name><bndbox><xmin>231</xmin><ymin>99</ymin><xmax>79</xmax><ymax>44</ymax></bndbox></object><object><name>proposal</name><bndbox><xmin>249</xmin><ymin>98</ymin><xmax>43</xmax><ymax>76</ymax></bndbox></object><object><name>proposal</name><bndbox><xmin>230</xmin><ymin>77</ymin><xmax>70</xmax><ymax>81</ymax></bndbox></object><object><name>proposal</name><bndbox><xmin>362</xmin><ymin>141</ymin><xmax>117</xmax><ymax>97</ymax></bndbox></object><object><name>proposal</name><bndbox><xmin>127</xmin><ymin>3</ymin><xmax>156</xmax><ymax>99</ymax></bndbox></object><object><name>proposal</name><bndbox><xmin>373</xmin><ymin>101</ymin><xmax>45</xmax><ymax>119</ymax></bndbox></object><object><name>proposal</name><bndbox><xmin>141</xmin><ymin>145</ymin><xmax>194</xmax><ymax>88</ymax></bndbox></object><object><name>proposal</name><bndbox><xmin>261</xmin><ymin>127</ymin><xmax>29</xmax><ymax>48</ymax></bndbox></object><object><name>proposal</name><bndbox><xmin>476</xmin><ymin>49</ymin><xmax>52</xmax><ymax>59</ymax></bndbox></object><object><name>proposal</name><bndbox><xmin>127</xmin><ymin>1</ymin><xmax>69</xmax><ymax>111</ymax></bndbox></object><object><name>proposal</name><bndbox><xmin>307</xmin><ymin>76</ymin><xmax>157</xmax><ymax>69</ymax></bndbox></object><object><name>proposal</name><bndbox><xmin>138</xmin><ymin>193</ymin><xmax>59</xmax><ymax>54</ymax></bndbox></object><object><name>proposal</name><bndbox><xmin>264</xmin><ymin>123</ymin><xmax>71</xmax><ymax>135</ymax></bndbox></object><object><name>proposal</name><bndbox><xmin>258</xmin><ymin>96</ymin><xmax>61</xmax><ymax>61</ymax></bndbox></object><object><name>proposal</name><bndbox><xmin>454</xmin><ymin>48</ymin><xmax>80</xmax><ymax>156</ymax></bndbox></object><object><name>proposal</name><bndbox><xmin>141</xmin><ymin>105</ymin><xmax>71</xmax><ymax>113</ymax></bndbox></object><object><name>proposal</name><bndbox><xmin>339</xmin><ymin>150</ymin><xmax>57</xmax><ymax>53</ymax></bndbox></object><object><name>proposal</name><bndbox><xmin>4</xmin><ymin>68</ymin><xmax>69</xmax><ymax>107</ymax></bndbox></object><object><name>proposal</name><bndbox><xmin>114</xmin><ymin>121</ymin><xmax>71</xmax><ymax>65</ymax></bndbox></object><object><name>proposal</name><bndbox><xmin>219</xmin><ymin>128</ymin><xmax>74</xmax><ymax>83</ymax></bndbox></object><object><name>proposal</name><bndbox><xmin>304</xmin><ymin>52</ymin><xmax>90</xmax><ymax>102</ymax></bndbox></object><object><name>proposal</name><bndbox><xmin>52</xmin><ymin>133</ymin><xmax>130</xmax><ymax>53</ymax></bndbox></object><object><name>proposal</name><bndbox><xmin>317</xmin><ymin>123</ymin><xmax>83</xmax><ymax>167</ymax></bndbox></object><object><name>proposal</name><bndbox><xmin>444</xmin><ymin>40</ymin><xmax>91</xmax><ymax>117</ymax></bndbox></object><object><name>proposal</name><bndbox><xmin>109</xmin><ymin>107</ymin><xmax>99</xmax><ymax>40</ymax></bndbox></object><object><name>proposal</name><bndbox><xmin>305</xmin><ymin>102</ymin><xmax>83</xmax><ymax>51</ymax></bndbox></object><object><name>proposal</name><bndbox><xmin>309</xmin><ymin>141</ymin><xmax>83</xmax><ymax>43</ymax></bndbox></object><object><name>proposal</name><bndbox><xmin>267</xmin><ymin>34</ymin><xmax>148</xmax><ymax>124</ymax></bndbox></object><object><name>proposal</name><bndbox><xmin>356</xmin><ymin>72</ymin><xmax>93</xmax><ymax>102</ymax></bndbox></object><object><name>proposal</name><bndbox><xmin>90</xmin><ymin>125</ymin><xmax>211</xmax><ymax>97</ymax></bndbox></object><object><name>proposal</name><bndbox><xmin>305</xmin><ymin>112</ymin><xmax>100</xmax><ymax>58</ymax></bndbox></object><object><name>proposal</name><bndbox><xmin>4</xmin><ymin>131</ymin><xmax>84</xmax><ymax>49</ymax></bndbox></object><object><name>proposal</name><bndbox><xmin>6</xmin><ymin>42</ymin><xmax>287</xmax><ymax>119</ymax></bndbox></object><object><name>proposal</name><bndbox><xmin>213</xmin><ymin>159</ymin><xmax>93</xmax><ymax>129</ymax></bndbox></object><object><name>proposal</name><bndbox><xmin>330</xmin><ymin>92</ymin><xmax>86</xmax><ymax>83</ymax></bndbox></object><object><name>proposal</name><bndbox><xmin>109</xmin><ymin>77</ymin><xmax>104</xmax><ymax>108</ymax></bndbox></object><object><name>proposal</name><bndbox><xmin>400</xmin><ymin>8</ymin><xmax>60</xmax><ymax>51</ymax></bndbox></object><object><name>proposal</name><bndbox><xmin>407</xmin><ymin>103</ymin><xmax>75</xmax><ymax>176</ymax></bndbox></object><object><name>proposal</name><bndbox><xmin>328</xmin><ymin>124</ymin><xmax>118</xmax><ymax>173</ymax></bndbox></object><object><name>proposal</name><bndbox><xmin>23</xmin><ymin>118</ymin><xmax>50</xmax><ymax>43</ymax></bndbox></object><object><name>proposal</name><bndbox><xmin>432</xmin><ymin>161</ymin><xmax>98</xmax><ymax>78</ymax></bndbox></object><object><name>proposal</name><bndbox><xmin>281</xmin><ymin>146</ymin><xmax>48</xmax><ymax>33</ymax></bndbox></object><object><name>proposal</name><bndbox><xmin>111</xmin><ymin>83</ymin><xmax>140</xmax><ymax>57</ymax></bndbox></object><object><name>proposal</name><bndbox><xmin>173</xmin><ymin>61</ymin><xmax>94</xmax><ymax>162</ymax></bndbox></object><object><name>proposal</name><bndbox><xmin>362</xmin><ymin>73</ymin><xmax>124</xmax><ymax>75</ymax></bndbox></object><object><name>proposal</name><bndbox><xmin>307</xmin><ymin>93</ymin><xmax>157</xmax><ymax>65</ymax></bndbox></object><object><name>proposal</name><bndbox><xmin>373</xmin><ymin>73</ymin><xmax>42</xmax><ymax>99</ymax></bndbox></object><object><name>proposal</name><bndbox><xmin>51</xmin><ymin>1</ymin><xmax>102</xmax><ymax>152</ymax></bndbox></object><object><name>proposal</name><bndbox><xmin>254</xmin><ymin>76</ymin><xmax>135</xmax><ymax>52</ymax></bndbox></object><object><name>proposal</name><bndbox><xmin>229</xmin><ymin>242</ymin><xmax>76</xmax><ymax>36</ymax></bndbox></object><object><name>proposal</name><bndbox><xmin>317</xmin><ymin>71</ymin><xmax>87</xmax><ymax>103</ymax></bndbox></object><object><name>proposal</name><bndbox><xmin>52</xmin><ymin>117</ymin><xmax>173</xmax><ymax>174</ymax></bndbox></object><object><name>proposal</name><bndbox><xmin>235</xmin><ymin>86</ymin><xmax>111</xmax><ymax>87</ymax></bndbox></object><object><name>proposal</name><bndbox><xmin>17</xmin><ymin>137</ymin><xmax>103</xmax><ymax>45</ymax></bndbox></object><object><name>proposal</name><bndbox><xmin>132</xmin><ymin>194</ymin><xmax>103</xmax><ymax>52</ymax></bndbox></object><object><name>proposal</name><bndbox><xmin>351</xmin><ymin>13</ymin><xmax>65</xmax><ymax>81</ymax></bndbox></object><object><name>proposal</name><bndbox><xmin>229</xmin><ymin>109</ymin><xmax>43</xmax><ymax>91</ymax></bndbox></object><object><name>proposal</name><bndbox><xmin>261</xmin><ymin>123</ymin><xmax>69</xmax><ymax>61</ymax></bndbox></object><object><name>proposal</name><bndbox><xmin>6</xmin><ymin>3</ymin><xmax>277</xmax><ymax>102</ymax></bndbox></object><object><name>proposal</name><bndbox><xmin>372</xmin><ymin>73</ymin><xmax>93</xmax><ymax>55</ymax></bndbox></object><object><name>proposal</name><bndbox><xmin>261</xmin><ymin>146</ymin><xmax>73</xmax><ymax>39</ymax></bndbox></object><object><name>proposal</name><bndbox><xmin>206</xmin><ymin>5</ymin><xmax>297</xmax><ymax>95</ymax></bndbox></object><object><name>proposal</name><bndbox><xmin>53</xmin><ymin>107</ymin><xmax>169</xmax><ymax>79</ymax></bndbox></object><object><name>proposal</name><bndbox><xmin>193</xmin><ymin>105</ymin><xmax>97</xmax><ymax>65</ymax></bndbox></object><object><name>proposal</name><bndbox><xmin>89</xmin><ymin>1</ymin><xmax>58</xmax><ymax>109</ymax></bndbox></object><object><name>proposal</name><bndbox><xmin>280</xmin><ymin>113</ymin><xmax>65</xmax><ymax>176</ymax></bndbox></object><object><name>proposal</name><bndbox><xmin>351</xmin><ymin>93</ymin><xmax>67</xmax><ymax>129</ymax></bndbox></object><object><name>proposal</name><bndbox><xmin>231</xmin><ymin>100</ymin><xmax>61</xmax><ymax>57</ymax></bndbox></object><object><name>proposal</name><bndbox><xmin>266</xmin><ymin>76</ymin><xmax>151</xmax><ymax>62</ymax></bndbox></object><object><name>proposal</name><bndbox><xmin>243</xmin><ymin>116</ymin><xmax>47</xmax><ymax>60</ymax></bndbox></object><object><name>proposal</name><bndbox><xmin>382</xmin><ymin>54</ymin><xmax>93</xmax><ymax>124</ymax></bndbox></object><object><name>proposal</name><bndbox><xmin>1</xmin><ymin>27</ymin><xmax>211</xmax><ymax>83</ymax></bndbox></object><object><name>proposal</name><bndbox><xmin>54</xmin><ymin>116</ymin><xmax>147</xmax><ymax>115</ymax></bndbox></object><object><name>proposal</name><bndbox><xmin>1</xmin><ymin>10</ymin><xmax>105</xmax><ymax>97</ymax></bndbox></object><object><name>proposal</name><bndbox><xmin>391</xmin><ymin>114</ymin><xmax>55</xmax><ymax>66</ymax></bndbox></object><object><name>proposal</name><bndbox><xmin>300</xmin><ymin>156</ymin><xmax>128</xmax><ymax>90</ymax></bndbox></object><object><name>proposal</name><bndbox><xmin>372</xmin><ymin>94</ymin><xmax>44</xmax><ymax>55</ymax></bndbox></object><object><name>proposal</name><bndbox><xmin>117</xmin><ymin>116</ymin><xmax>175</xmax><ymax>85</ymax></bndbox></object><object><name>proposal</name><bndbox><xmin>145</xmin><ymin>81</ymin><xmax>103</xmax><ymax>43</ymax></bndbox></object><object><name>proposal</name><bndbox><xmin>275</xmin><ymin>64</ymin><xmax>93</xmax><ymax>165</ymax></bndbox></object><object><name>proposal</name><bndbox><xmin>379</xmin><ymin>154</ymin><xmax>29</xmax><ymax>55</ymax></bndbox></object><object><name>proposal</name><bndbox><xmin>11</xmin><ymin>111</ymin><xmax>77</xmax><ymax>71</ymax></bndbox></object><object><name>proposal</name><bndbox><xmin>117</xmin><ymin>107</ymin><xmax>97</xmax><ymax>59</ymax></bndbox></object><object><name>proposal</name><bndbox><xmin>305</xmin><ymin>119</ymin><xmax>141</xmax><ymax>71</ymax></bndbox></object><object><name>proposal</name><bndbox><xmin>235</xmin><ymin>75</ymin><xmax>83</xmax><ymax>68</ymax></bndbox></object><object><name>proposal</name><bndbox><xmin>214</xmin><ymin>177</ymin><xmax>98</xmax><ymax>87</ymax></bndbox></object><object><name>proposal</name><bndbox><xmin>421</xmin><ymin>64</ymin><xmax>83</xmax><ymax>123</ymax></bndbox></object><object><name>proposal</name><bndbox><xmin>235</xmin><ymin>63</ymin><xmax>132</xmax><ymax>114</ymax></bndbox></object><object><name>proposal</name><bndbox><xmin>257</xmin><ymin>81</ymin><xmax>43</xmax><ymax>95</ymax></bndbox></object><object><name>proposal</name><bndbox><xmin>372</xmin><ymin>72</ymin><xmax>44</xmax><ymax>65</ymax></bndbox></object><object><name>proposal</name><bndbox><xmin>431</xmin><ymin>134</ymin><xmax>42</xmax><ymax>42</ymax></bndbox></object><object><name>proposal</name><bndbox><xmin>371</xmin><ymin>94</ymin><xmax>75</xmax><ymax>57</ymax></bndbox></object><object><name>proposal</name><bndbox><xmin>372</xmin><ymin>94</ymin><xmax>45</xmax><ymax>35</ymax></bndbox></object><object><name>proposal</name><bndbox><xmin>205</xmin><ymin>140</ymin><xmax>63</xmax><ymax>129</ymax></bndbox></object><object><name>proposal</name><bndbox><xmin>141</xmin><ymin>105</ymin><xmax>74</xmax><ymax>74</ymax></bndbox></object><object><name>proposal</name><bndbox><xmin>229</xmin><ymin>126</ymin><xmax>99</xmax><ymax>47</ymax></bndbox></object><object><name>proposal</name><bndbox><xmin>329</xmin><ymin>125</ymin><xmax>68</xmax><ymax>81</ymax></bndbox></object><object><name>proposal</name><bndbox><xmin>420</xmin><ymin>15</ymin><xmax>77</xmax><ymax>166</ymax></bndbox></object><object><name>proposal</name><bndbox><xmin>401</xmin><ymin>13</ymin><xmax>28</xmax><ymax>41</ymax></bndbox></object><object><name>proposal</name><bndbox><xmin>351</xmin><ymin>139</ymin><xmax>67</xmax><ymax>124</ymax></bndbox></object><object><name>proposal</name><bndbox><xmin>4</xmin><ymin>40</ymin><xmax>84</xmax><ymax>63</ymax></bndbox></object><object><name>proposal</name><bndbox><xmin>257</xmin><ymin>118</ymin><xmax>73</xmax><ymax>39</ymax></bndbox></object><object><name>proposal</name><bndbox><xmin>421</xmin><ymin>45</ymin><xmax>107</xmax><ymax>45</ymax></bndbox></object><object><name>proposal</name><bndbox><xmin>277</xmin><ymin>105</ymin><xmax>69</xmax><ymax>59</ymax></bndbox></object><object><name>proposal</name><bndbox><xmin>373</xmin><ymin>70</ymin><xmax>65</xmax><ymax>81</ymax></bndbox></object><object><name>proposal</name><bndbox><xmin>111</xmin><ymin>79</ymin><xmax>144</xmax><ymax>87</ymax></bndbox></object><object><name>proposal</name><bndbox><xmin>205</xmin><ymin>133</ymin><xmax>37</xmax><ymax>37</ymax></bndbox></object><object><name>proposal</name><bndbox><xmin>471</xmin><ymin>19</ymin><xmax>64</xmax><ymax>162</ymax></bndbox></object><object><name>proposal</name><bndbox><xmin>388</xmin><ymin>72</ymin><xmax>54</xmax><ymax>109</ymax></bndbox></object><object><name>proposal</name><bndbox><xmin>203</xmin><ymin>128</ymin><xmax>90</xmax><ymax>155</ymax></bndbox></object><object><name>proposal</name><bndbox><xmin>13</xmin><ymin>154</ymin><xmax>259</xmax><ymax>124</ymax></bndbox></object><object><name>proposal</name><bndbox><xmin>456</xmin><ymin>113</ymin><xmax>79</xmax><ymax>68</ymax></bndbox></object><object><name>proposal</name><bndbox><xmin>432</xmin><ymin>161</ymin><xmax>59</xmax><ymax>81</ymax></bndbox></object><object><name>proposal</name><bndbox><xmin>104</xmin><ymin>87</ymin><xmax>49</xmax><ymax>57</ymax></bndbox></object><object><name>proposal</name><bndbox><xmin>125</xmin><ymin>47</ymin><xmax>86</xmax><ymax>89</ymax></bndbox></object><object><name>proposal</name><bndbox><xmin>86</xmin><ymin>136</ymin><xmax>49</xmax><ymax>49</ymax></bndbox></object><object><name>proposal</name><bndbox><xmin>415</xmin><ymin>114</ymin><xmax>120</xmax><ymax>107</ymax></bndbox></object><object><name>proposal</name><bndbox><xmin>374</xmin><ymin>76</ymin><xmax>46</xmax><ymax>43</ymax></bndbox></object><object><name>proposal</name><bndbox><xmin>425</xmin><ymin>72</ymin><xmax>110</xmax><ymax>84</ymax></bndbox></object><object><name>proposal</name><bndbox><xmin>201</xmin><ymin>22</ymin><xmax>237</xmax><ymax>136</ymax></bndbox></object><object><name>proposal</name><bndbox><xmin>425</xmin><ymin>105</ymin><xmax>72</xmax><ymax>88</ymax></bndbox></object><object><name>proposal</name><bndbox><xmin>299</xmin><ymin>166</ymin><xmax>109</xmax><ymax>56</ymax></bndbox></object><object><name>proposal</name><bndbox><xmin>138</xmin><ymin>34</ymin><xmax>247</xmax><ymax>151</ymax></bndbox></object><object><name>proposal</name><bndbox><xmin>289</xmin><ymin>113</ymin><xmax>35</xmax><ymax>45</ymax></bndbox></object><object><name>proposal</name><bndbox><xmin>432</xmin><ymin>159</ymin><xmax>103</xmax><ymax>128</ymax></bndbox></object><object><name>proposal</name><bndbox><xmin>141</xmin><ymin>193</ymin><xmax>83</xmax><ymax>71</ymax></bndbox></object><object><name>proposal</name><bndbox><xmin>248</xmin><ymin>155</ymin><xmax>54</xmax><ymax>69</ymax></bndbox></object><object><name>proposal</name><bndbox><xmin>114</xmin><ymin>119</ymin><xmax>60</xmax><ymax>109</ymax></bndbox></object><object><name>proposal</name><bndbox><xmin>379</xmin><ymin>157</ymin><xmax>21</xmax><ymax>46</ymax></bndbox></object><object><name>proposal</name><bndbox><xmin>373</xmin><ymin>95</ymin><xmax>30</xmax><ymax>76</ymax></bndbox></object><object><name>proposal</name><bndbox><xmin>12</xmin><ymin>151</ymin><xmax>115</xmax><ymax>144</ymax></bndbox></object><object><name>proposal</name><bndbox><xmin>391</xmin><ymin>139</ymin><xmax>87</xmax><ymax>144</ymax></bndbox></object><object><name>proposal</name><bndbox><xmin>12</xmin><ymin>162</ymin><xmax>141</xmax><ymax>104</ymax></bndbox></object><object><name>proposal</name><bndbox><xmin>211</xmin><ymin>160</ymin><xmax>207</xmax><ymax>137</ymax></bndbox></object><object><name>proposal</name><bndbox><xmin>387</xmin><ymin>82</ymin><xmax>28</xmax><ymax>35</ymax></bndbox></object><object><name>proposal</name><bndbox><xmin>286</xmin><ymin>106</ymin><xmax>33</xmax><ymax>48</ymax></bndbox></object><object><name>proposal</name><bndbox><xmin>319</xmin><ymin>14</ymin><xmax>107</xmax><ymax>81</ymax></bndbox></object><object><name>proposal</name><bndbox><xmin>208</xmin><ymin>105</ymin><xmax>43</xmax><ymax>107</ymax></bndbox></object><object><name>proposal</name><bndbox><xmin>281</xmin><ymin>122</ymin><xmax>47</xmax><ymax>70</ymax></bndbox></object><object><name>proposal</name><bndbox><xmin>123</xmin><ymin>106</ymin><xmax>135</xmax><ymax>57</ymax></bndbox></object><object><name>proposal</name><bndbox><xmin>249</xmin><ymin>96</ymin><xmax>53</xmax><ymax>57</ymax></bndbox></object><object><name>proposal</name><bndbox><xmin>175</xmin><ymin>111</ymin><xmax>64</xmax><ymax>113</ymax></bndbox></object><object><name>proposal</name><bndbox><xmin>57</xmin><ymin>3</ymin><xmax>156</xmax><ymax>102</ymax></bndbox></object><object><name>proposal</name><bndbox><xmin>254</xmin><ymin>76</ymin><xmax>75</xmax><ymax>53</ymax></bndbox></object><object><name>proposal</name><bndbox><xmin>208</xmin><ymin>175</ymin><xmax>31</xmax><ymax>37</ymax></bndbox></object><object><name>proposal</name><bndbox><xmin>331</xmin><ymin>92</ymin><xmax>65</xmax><ymax>44</ymax></bndbox></object><object><name>proposal</name><bndbox><xmin>274</xmin><ymin>109</ymin><xmax>80</xmax><ymax>86</ymax></bndbox></object><object><name>proposal</name><bndbox><xmin>263</xmin><ymin>145</ymin><xmax>126</xmax><ymax>48</ymax></bndbox></object><object><name>proposal</name><bndbox><xmin>105</xmin><ymin>146</ymin><xmax>135</xmax><ymax>69</ymax></bndbox></object><object><name>proposal</name><bndbox><xmin>352</xmin><ymin>191</ymin><xmax>32</xmax><ymax>24</ymax></bndbox></object><object><name>proposal</name><bndbox><xmin>350</xmin><ymin>149</ymin><xmax>47</xmax><ymax>79</ymax></bndbox></object><object><name>proposal</name><bndbox><xmin>484</xmin><ymin>56</ymin><xmax>42</xmax><ymax>31</ymax></bndbox></object><object><name>proposal</name><bndbox><xmin>141</xmin><ymin>193</ymin><xmax>59</xmax><ymax>81</ymax></bndbox></object><object><name>proposal</name><bndbox><xmin>208</xmin><ymin>144</ymin><xmax>33</xmax><ymax>70</ymax></bndbox></object><object><name>proposal</name><bndbox><xmin>300</xmin><ymin>15</ymin><xmax>124</xmax><ymax>111</ymax></bndbox></object><object><name>proposal</name><bndbox><xmin>474</xmin><ymin>9</ymin><xmax>56</xmax><ymax>81</ymax></bndbox></object><object><name>proposal</name><bndbox><xmin>53</xmin><ymin>119</ymin><xmax>97</xmax><ymax>66</ymax></bndbox></object><object><name>proposal</name><bndbox><xmin>351</xmin><ymin>159</ymin><xmax>45</xmax><ymax>45</ymax></bndbox></object><object><name>proposal</name><bndbox><xmin>456</xmin><ymin>135</ymin><xmax>77</xmax><ymax>77</ymax></bndbox></object><object><name>proposal</name><bndbox><xmin>401</xmin><ymin>73</ymin><xmax>77</xmax><ymax>109</ymax></bndbox></object><object><name>proposal</name><bndbox><xmin>122</xmin><ymin>48</ymin><xmax>90</xmax><ymax>51</ymax></bndbox></object><object><name>proposal</name><bndbox><xmin>123</xmin><ymin>1</ymin><xmax>192</xmax><ymax>173</ymax></bndbox></object><object><name>proposal</name><bndbox><xmin>204</xmin><ymin>109</ymin><xmax>45</xmax><ymax>45</ymax></bndbox></object><object><name>proposal</name><bndbox><xmin>352</xmin><ymin>77</ymin><xmax>70</xmax><ymax>41</ymax></bndbox></object><object><name>proposal</name><bndbox><xmin>471</xmin><ymin>5</ymin><xmax>27</xmax><ymax>51</ymax></bndbox></object><object><name>proposal</name><bndbox><xmin>267</xmin><ymin>3</ymin><xmax>169</xmax><ymax>106</ymax></bndbox></object><object><name>proposal</name><bndbox><xmin>220</xmin><ymin>98</ymin><xmax>162</xmax><ymax>65</ymax></bndbox></object><object><name>proposal</name><bndbox><xmin>289</xmin><ymin>81</ymin><xmax>107</xmax><ymax>47</ymax></bndbox></object><object><name>proposal</name><bndbox><xmin>374</xmin><ymin>125</ymin><xmax>33</xmax><ymax>79</ymax></bndbox></object><object><name>proposal</name><bndbox><xmin>277</xmin><ymin>73</ymin><xmax>84</xmax><ymax>84</ymax></bndbox></object><object><name>proposal</name><bndbox><xmin>12</xmin><ymin>141</ymin><xmax>122</xmax><ymax>104</ymax></bndbox></object><object><name>proposal</name><bndbox><xmin>277</xmin><ymin>120</ymin><xmax>45</xmax><ymax>42</ymax></bndbox></object><object><name>proposal</name><bndbox><xmin>128</xmin><ymin>154</ymin><xmax>111</xmax><ymax>75</ymax></bndbox></object><object><name>proposal</name><bndbox><xmin>320</xmin><ymin>130</ymin><xmax>76</xmax><ymax>33</ymax></bndbox></object><object><name>proposal</name><bndbox><xmin>376</xmin><ymin>93</ymin><xmax>41</xmax><ymax>24</ymax></bndbox></object><object><name>proposal</name><bndbox><xmin>56</xmin><ymin>148</ymin><xmax>267</xmax><ymax>121</ymax></bndbox></object><object><name>proposal</name><bndbox><xmin>223</xmin><ymin>242</ymin><xmax>85</xmax><ymax>51</ymax></bndbox></object><object><name>proposal</name><bndbox><xmin>328</xmin><ymin>77</ymin><xmax>104</xmax><ymax>52</ymax></bndbox></object><object><name>proposal</name><bndbox><xmin>229</xmin><ymin>119</ymin><xmax>99</xmax><ymax>41</ymax></bndbox></object><object><name>proposal</name><bndbox><xmin>271</xmin><ymin>128</ymin><xmax>64</xmax><ymax>69</ymax></bndbox></object><object><name>proposal</name><bndbox><xmin>215</xmin><ymin>177</ymin><xmax>53</xmax><ymax>93</ymax></bndbox></object><object><name>proposal</name><bndbox><xmin>141</xmin><ymin>193</ymin><xmax>162</xmax><ymax>77</ymax></bndbox></object><object><name>proposal</name><bndbox><xmin>52</xmin><ymin>128</ymin><xmax>85</xmax><ymax>84</ymax></bndbox></object><object><name>proposal</name><bndbox><xmin>248</xmin><ymin>65</ymin><xmax>72</xmax><ymax>134</ymax></bndbox></object><object><name>proposal</name><bndbox><xmin>373</xmin><ymin>91</ymin><xmax>107</xmax><ymax>41</ymax></bndbox></object><object><name>proposal</name><bndbox><xmin>358</xmin><ymin>15</ymin><xmax>91</xmax><ymax>159</ymax></bndbox></object><object><name>proposal</name><bndbox><xmin>126</xmin><ymin>117</ymin><xmax>75</xmax><ymax>93</ymax></bndbox></object><object><name>proposal</name><bndbox><xmin>373</xmin><ymin>103</ymin><xmax>31</xmax><ymax>48</ymax></bndbox></object><object><name>proposal</name><bndbox><xmin>252</xmin><ymin>8</ymin><xmax>83</xmax><ymax>186</ymax></bndbox></object><object><name>proposal</name><bndbox><xmin>253</xmin><ymin>136</ymin><xmax>37</xmax><ymax>37</ymax></bndbox></object><object><name>proposal</name><bndbox><xmin>434</xmin><ymin>81</ymin><xmax>31</xmax><ymax>45</ymax></bndbox></object><object><name>proposal</name><bndbox><xmin>367</xmin><ymin>95</ymin><xmax>53</xmax><ymax>81</ymax></bndbox></object><object><name>proposal</name><bndbox><xmin>260</xmin><ymin>139</ymin><xmax>74</xmax><ymax>74</ymax></bndbox></object><object><name>proposal</name><bndbox><xmin>122</xmin><ymin>39</ymin><xmax>127</xmax><ymax>97</ymax></bndbox></object><object><name>proposal</name><bndbox><xmin>234</xmin><ymin>128</ymin><xmax>34</xmax><ymax>71</ymax></bndbox></object><object><name>proposal</name><bndbox><xmin>26</xmin><ymin>112</ymin><xmax>126</xmax><ymax>58</ymax></bndbox></object><object><name>proposal</name><bndbox><xmin>227</xmin><ymin>117</ymin><xmax>69</xmax><ymax>64</ymax></bndbox></object><object><name>proposal</name><bndbox><xmin>135</xmin><ymin>82</ymin><xmax>79</xmax><ymax>39</ymax></bndbox></object><object><name>proposal</name><bndbox><xmin>185</xmin><ymin>114</ymin><xmax>135</xmax><ymax>62</ymax></bndbox></object><object><name>proposal</name><bndbox><xmin>355</xmin><ymin>184</ymin><xmax>34</xmax><ymax>31</ymax></bndbox></object><object><name>proposal</name><bndbox><xmin>352</xmin><ymin>72</ymin><xmax>68</xmax><ymax>62</ymax></bndbox></object><object><name>proposal</name><bndbox><xmin>371</xmin><ymin>94</ymin><xmax>70</xmax><ymax>39</ymax></bndbox></object><object><name>proposal</name><bndbox><xmin>316</xmin><ymin>150</ymin><xmax>74</xmax><ymax>108</ymax></bndbox></object><object><name>proposal</name><bndbox><xmin>331</xmin><ymin>134</ymin><xmax>61</xmax><ymax>34</ymax></bndbox></object><object><name>proposal</name><bndbox><xmin>213</xmin><ymin>137</ymin><xmax>43</xmax><ymax>73</ymax></bndbox></object><object><name>proposal</name><bndbox><xmin>355</xmin><ymin>207</ymin><xmax>70</xmax><ymax>33</ymax></bndbox></object><object><name>proposal</name><bndbox><xmin>169</xmin><ymin>5</ymin><xmax>159</xmax><ymax>99</ymax></bndbox></object><object><name>proposal</name><bndbox><xmin>311</xmin><ymin>153</ymin><xmax>117</xmax><ymax>142</ymax></bndbox></object><object><name>proposal</name><bndbox><xmin>456</xmin><ymin>5</ymin><xmax>42</xmax><ymax>51</ymax></bndbox></object><object><name>proposal</name><bndbox><xmin>239</xmin><ymin>93</ymin><xmax>47</xmax><ymax>91</ymax></bndbox></object><object><name>proposal</name><bndbox><xmin>331</xmin><ymin>79</ymin><xmax>71</xmax><ymax>30</ymax></bndbox></object><object><name>proposal</name><bndbox><xmin>421</xmin><ymin>75</ymin><xmax>45</xmax><ymax>51</ymax></bndbox></object><object><name>proposal</name><bndbox><xmin>289</xmin><ymin>77</ymin><xmax>40</xmax><ymax>50</ymax></bndbox></object><object><name>proposal</name><bndbox><xmin>197</xmin><ymin>124</ymin><xmax>95</xmax><ymax>49</ymax></bndbox></object><object><name>proposal</name><bndbox><xmin>352</xmin><ymin>208</ymin><xmax>31</xmax><ymax>31</ymax></bndbox></object><object><name>proposal</name><bndbox><xmin>109</xmin><ymin>117</ymin><xmax>93</xmax><ymax>173</ymax></bndbox></object><object><name>proposal</name><bndbox><xmin>326</xmin><ymin>151</ymin><xmax>66</xmax><ymax>32</ymax></bndbox></object><object><name>proposal</name><bndbox><xmin>286</xmin><ymin>73</ymin><xmax>43</xmax><ymax>103</ymax></bndbox></object><object><name>proposal</name><bndbox><xmin>450</xmin><ymin>49</ymin><xmax>76</xmax><ymax>39</ymax></bndbox></object><object><name>proposal</name><bndbox><xmin>203</xmin><ymin>73</ymin><xmax>92</xmax><ymax>89</ymax></bndbox></object><object><name>proposal</name><bndbox><xmin>176</xmin><ymin>24</ymin><xmax>204</xmax><ymax>71</ymax></bndbox></object><object><name>proposal</name><bndbox><xmin>419</xmin><ymin>44</ymin><xmax>107</xmax><ymax>93</ymax></bndbox></object><object><name>proposal</name><bndbox><xmin>208</xmin><ymin>143</ymin><xmax>35</xmax><ymax>26</ymax></bndbox></object><object><name>proposal</name><bndbox><xmin>411</xmin><ymin>30</ymin><xmax>90</xmax><ymax>111</ymax></bndbox></object><object><name>proposal</name><bndbox><xmin>99</xmin><ymin>138</ymin><xmax>33</xmax><ymax>48</ymax></bndbox></object><object><name>proposal</name><bndbox><xmin>436</xmin><ymin>111</ymin><xmax>39</xmax><ymax>67</ymax></bndbox></object><object><name>proposal</name><bndbox><xmin>144</xmin><ymin>151</ymin><xmax>141</xmax><ymax>60</ymax></bndbox></object><object><name>proposal</name><bndbox><xmin>208</xmin><ymin>114</ymin><xmax>43</xmax><ymax>58</ymax></bndbox></object><object><name>proposal</name><bndbox><xmin>119</xmin><ymin>96</ymin><xmax>31</xmax><ymax>48</ymax></bndbox></object><object><name>proposal</name><bndbox><xmin>143</xmin><ymin>191</ymin><xmax>92</xmax><ymax>96</ymax></bndbox></object><object><name>proposal</name><bndbox><xmin>229</xmin><ymin>241</ymin><xmax>100</xmax><ymax>44</ymax></bndbox></object><object><name>proposal</name><bndbox><xmin>442</xmin><ymin>78</ymin><xmax>85</xmax><ymax>60</ymax></bndbox></object><object><name>proposal</name><bndbox><xmin>56</xmin><ymin>132</ymin><xmax>77</xmax><ymax>123</ymax></bndbox></object><object><name>proposal</name><bndbox><xmin>213</xmin><ymin>150</ymin><xmax>57</xmax><ymax>57</ymax></bndbox></object><object><name>proposal</name><bndbox><xmin>246</xmin><ymin>101</ymin><xmax>43</xmax><ymax>99</ymax></bndbox></object><object><name>proposal</name><bndbox><xmin>370</xmin><ymin>158</ymin><xmax>37</xmax><ymax>46</ymax></bndbox></object><object><name>proposal</name><bndbox><xmin>238</xmin><ymin>6</ymin><xmax>136</xmax><ymax>222</ymax></bndbox></object><object><name>proposal</name><bndbox><xmin>55</xmin><ymin>1</ymin><xmax>170</xmax><ymax>213</ymax></bndbox></object><object><name>proposal</name><bndbox><xmin>468</xmin><ymin>151</ymin><xmax>61</xmax><ymax>30</ymax></bndbox></object><object><name>proposal</name><bndbox><xmin>368</xmin><ymin>123</ymin><xmax>75</xmax><ymax>51</ymax></bndbox></object><object><name>proposal</name><bndbox><xmin>333</xmin><ymin>127</ymin><xmax>71</xmax><ymax>43</ymax></bndbox></object><object><name>proposal</name><bndbox><xmin>106</xmin><ymin>1</ymin><xmax>43</xmax><ymax>95</ymax></bndbox></object><object><name>proposal</name><bndbox><xmin>53</xmin><ymin>73</ymin><xmax>102</xmax><ymax>114</ymax></bndbox></object><object><name>proposal</name><bndbox><xmin>355</xmin><ymin>155</ymin><xmax>50</xmax><ymax>60</ymax></bndbox></object><object><name>proposal</name><bndbox><xmin>400</xmin><ymin>93</ymin><xmax>43</xmax><ymax>87</ymax></bndbox></object><object><name>proposal</name><bndbox><xmin>135</xmin><ymin>24</ymin><xmax>77</xmax><ymax>74</ymax></bndbox></object><object><name>proposal</name><bndbox><xmin>331</xmin><ymin>85</ymin><xmax>63</xmax><ymax>117</ymax></bndbox></object><object><name>proposal</name><bndbox><xmin>122</xmin><ymin>67</ymin><xmax>90</xmax><ymax>57</ymax></bndbox></object><object><name>proposal</name><bndbox><xmin>235</xmin><ymin>87</ymin><xmax>57</xmax><ymax>61</ymax></bndbox></object><object><name>proposal</name><bndbox><xmin>18</xmin><ymin>138</ymin><xmax>69</xmax><ymax>54</ymax></bndbox></object><object><name>proposal</name><bndbox><xmin>24</xmin><ymin>135</ymin><xmax>55</xmax><ymax>27</ymax></bndbox></object><object><name>proposal</name><bndbox><xmin>357</xmin><ymin>46</ymin><xmax>58</xmax><ymax>43</ymax></bndbox></object><object><name>proposal</name><bndbox><xmin>431</xmin><ymin>162</ymin><xmax>42</xmax><ymax>48</ymax></bndbox></object><object><name>proposal</name><bndbox><xmin>373</xmin><ymin>94</ymin><xmax>28</xmax><ymax>41</ymax></bndbox></object><object><name>proposal</name><bndbox><xmin>325</xmin><ymin>79</ymin><xmax>56</xmax><ymax>30</ymax></bndbox></object><object><name>proposal</name><bndbox><xmin>351</xmin><ymin>6</ymin><xmax>65</xmax><ymax>125</ymax></bndbox></object><object><name>proposal</name><bndbox><xmin>382</xmin><ymin>76</ymin><xmax>94</xmax><ymax>43</ymax></bndbox></object><object><name>proposal</name><bndbox><xmin>353</xmin><ymin>15</ymin><xmax>65</xmax><ymax>41</ymax></bndbox></object><object><name>proposal</name><bndbox><xmin>257</xmin><ymin>78</ymin><xmax>50</xmax><ymax>65</ymax></bndbox></object><object><name>proposal</name><bndbox><xmin>256</xmin><ymin>161</ymin><xmax>47</xmax><ymax>95</ymax></bndbox></object><object><name>proposal</name><bndbox><xmin>345</xmin><ymin>153</ymin><xmax>44</xmax><ymax>64</ymax></bndbox></object><object><name>proposal</name><bndbox><xmin>125</xmin><ymin>99</ymin><xmax>82</xmax><ymax>37</ymax></bndbox></object><object><name>proposal</name><bndbox><xmin>177</xmin><ymin>5</ymin><xmax>104</xmax><ymax>96</ymax></bndbox></object><object><name>proposal</name><bndbox><xmin>147</xmin><ymin>161</ymin><xmax>78</xmax><ymax>49</ymax></bndbox></object><object><name>proposal</name><bndbox><xmin>203</xmin><ymin>77</ymin><xmax>47</xmax><ymax>95</ymax></bndbox></object><object><name>proposal</name><bndbox><xmin>18</xmin><ymin>81</ymin><xmax>66</xmax><ymax>85</ymax></bndbox></object><object><name>proposal</name><bndbox><xmin>375</xmin><ymin>74</ymin><xmax>65</xmax><ymax>44</ymax></bndbox></object><object><name>proposal</name><bndbox><xmin>400</xmin><ymin>22</ymin><xmax>113</xmax><ymax>64</ymax></bndbox></object><object><name>proposal</name><bndbox><xmin>17</xmin><ymin>144</ymin><xmax>114</xmax><ymax>64</ymax></bndbox></object><object><name>proposal</name><bndbox><xmin>277</xmin><ymin>123</ymin><xmax>73</xmax><ymax>35</ymax></bndbox></object><object><name>proposal</name><bndbox><xmin>231</xmin><ymin>19</ymin><xmax>97</xmax><ymax>154</ymax></bndbox></object><object><name>proposal</name><bndbox><xmin>254</xmin><ymin>127</ymin><xmax>65</xmax><ymax>47</ymax></bndbox></object><object><name>proposal</name><bndbox><xmin>235</xmin><ymin>115</ymin><xmax>58</xmax><ymax>40</ymax></bndbox></object><object><name>proposal</name><bndbox><xmin>256</xmin><ymin>144</ymin><xmax>64</xmax><ymax>127</ymax></bndbox></object><object><name>proposal</name><bndbox><xmin>353</xmin><ymin>44</ymin><xmax>133</xmax><ymax>87</ymax></bndbox></object><object><name>proposal</name><bndbox><xmin>130</xmin><ymin>1</ymin><xmax>40</xmax><ymax>95</ymax></bndbox></object><object><name>proposal</name><bndbox><xmin>349</xmin><ymin>204</ymin><xmax>77</xmax><ymax>51</ymax></bndbox></object><object><name>proposal</name><bndbox><xmin>57</xmin><ymin>82</ymin><xmax>93</xmax><ymax>49</ymax></bndbox></object><object><name>proposal</name><bndbox><xmin>393</xmin><ymin>149</ymin><xmax>136</xmax><ymax>101</ymax></bndbox></object><object><name>proposal</name><bndbox><xmin>421</xmin><ymin>94</ymin><xmax>45</xmax><ymax>31</ymax></bndbox></object><object><name>proposal</name><bndbox><xmin>369</xmin><ymin>6</ymin><xmax>47</xmax><ymax>55</ymax></bndbox></object><object><name>proposal</name><bndbox><xmin>114</xmin><ymin>95</ymin><xmax>53</xmax><ymax>49</ymax></bndbox></object><object><name>proposal</name><bndbox><xmin>421</xmin><ymin>86</ymin><xmax>45</xmax><ymax>31</ymax></bndbox></object><object><name>proposal</name><bndbox><xmin>114</xmin><ymin>82</ymin><xmax>69</xmax><ymax>146</ymax></bndbox></object><object><name>proposal</name><bndbox><xmin>292</xmin><ymin>144</ymin><xmax>39</xmax><ymax>76</ymax></bndbox></object><object><name>proposal</name><bndbox><xmin>293</xmin><ymin>168</ymin><xmax>97</xmax><ymax>68</ymax></bndbox></object><object><name>proposal</name><bndbox><xmin>220</xmin><ymin>148</ymin><xmax>64</xmax><ymax>127</ymax></bndbox></object><object><name>proposal</name><bndbox><xmin>473</xmin><ymin>33</ymin><xmax>53</xmax><ymax>53</ymax></bndbox></object><object><name>proposal</name><bndbox><xmin>300</xmin><ymin>182</ymin><xmax>85</xmax><ymax>36</ymax></bndbox></object><object><name>proposal</name><bndbox><xmin>441</xmin><ymin>45</ymin><xmax>85</xmax><ymax>61</ymax></bndbox></object><object><name>proposal</name><bndbox><xmin>483</xmin><ymin>50</ymin><xmax>29</xmax><ymax>47</ymax></bndbox></object><object><name>proposal</name><bndbox><xmin>349</xmin><ymin>100</ymin><xmax>37</xmax><ymax>34</ymax></bndbox></object><object><name>proposal</name><bndbox><xmin>372</xmin><ymin>13</ymin><xmax>43</xmax><ymax>75</ymax></bndbox></object><object><name>proposal</name><bndbox><xmin>140</xmin><ymin>166</ymin><xmax>59</xmax><ymax>62</ymax></bndbox></object><object><name>proposal</name><bndbox><xmin>421</xmin><ymin>72</ymin><xmax>85</xmax><ymax>61</ymax></bndbox></object><object><name>proposal</name><bndbox><xmin>453</xmin><ymin>78</ymin><xmax>50</xmax><ymax>60</ymax></bndbox></object><object><name>proposal</name><bndbox><xmin>1</xmin><ymin>11</ymin><xmax>60</xmax><ymax>41</ymax></bndbox></object><object><name>proposal</name><bndbox><xmin>115</xmin><ymin>1</ymin><xmax>105</xmax><ymax>211</ymax></bndbox></object><object><name>proposal</name><bndbox><xmin>197</xmin><ymin>105</ymin><xmax>119</xmax><ymax>47</ymax></bndbox></object><object><name>proposal</name><bndbox><xmin>284</xmin><ymin>77</ymin><xmax>78</xmax><ymax>49</ymax></bndbox></object><object><name>proposal</name><bndbox><xmin>138</xmin><ymin>58</ymin><xmax>76</xmax><ymax>39</ymax></bndbox></object><object><name>proposal</name><bndbox><xmin>1</xmin><ymin>127</ymin><xmax>31</xmax><ymax>45</ymax></bndbox></object><object><name>proposal</name><bndbox><xmin>111</xmin><ymin>92</ymin><xmax>33</xmax><ymax>45</ymax></bndbox></object><object><name>proposal</name><bndbox><xmin>253</xmin><ymin>85</ymin><xmax>39</xmax><ymax>73</ymax></bndbox></object><object><name>proposal</name><bndbox><xmin>313</xmin><ymin>165</ymin><xmax>85</xmax><ymax>38</ymax></bndbox></object><object><name>proposal</name><bndbox><xmin>450</xmin><ymin>167</ymin><xmax>81</xmax><ymax>53</ymax></bndbox></object><object><name>proposal</name><bndbox><xmin>256</xmin><ymin>123</ymin><xmax>31</xmax><ymax>45</ymax></bndbox></object><object><name>proposal</name><bndbox><xmin>215</xmin><ymin>176</ymin><xmax>23</xmax><ymax>47</ymax></bndbox></object><object><name>proposal</name><bndbox><xmin>149</xmin><ymin>89</ymin><xmax>61</xmax><ymax>32</ymax></bndbox></object><object><name>proposal</name><bndbox><xmin>354</xmin><ymin>124</ymin><xmax>54</xmax><ymax>91</ymax></bndbox></object><object><name>proposal</name><bndbox><xmin>131</xmin><ymin>121</ymin><xmax>70</xmax><ymax>36</ymax></bndbox></object><object><name>proposal</name><bndbox><xmin>205</xmin><ymin>197</ymin><xmax>109</xmax><ymax>60</ymax></bndbox></object><object><name>proposal</name><bndbox><xmin>246</xmin><ymin>99</ymin><xmax>45</xmax><ymax>48</ymax></bndbox></object><object><name>proposal</name><bndbox><xmin>266</xmin><ymin>28</ymin><xmax>162</xmax><ymax>67</ymax></bndbox></object><object><name>proposal</name><bndbox><xmin>277</xmin><ymin>149</ymin><xmax>100</xmax><ymax>116</ymax></bndbox></object><object><name>proposal</name><bndbox><xmin>447</xmin><ymin>153</ymin><xmax>84</xmax><ymax>111</ymax></bndbox></object><object><name>proposal</name><bndbox><xmin>490</xmin><ymin>55</ymin><xmax>37</xmax><ymax>50</ymax></bndbox></object><object><name>proposal</name><bndbox><xmin>4</xmin><ymin>9</ymin><xmax>79</xmax><ymax>173</ymax></bndbox></object><object><name>proposal</name><bndbox><xmin>143</xmin><ymin>155</ymin><xmax>90</xmax><ymax>101</ymax></bndbox></object><object><name>proposal</name><bndbox><xmin>355</xmin><ymin>207</ymin><xmax>35</xmax><ymax>24</ymax></bndbox></object><object><name>proposal</name><bndbox><xmin>139</xmin><ymin>194</ymin><xmax>129</xmax><ymax>64</ymax></bndbox></object><object><name>proposal</name><bndbox><xmin>191</xmin><ymin>146</ymin><xmax>129</xmax><ymax>74</ymax></bndbox></object><object><name>proposal</name><bndbox><xmin>253</xmin><ymin>98</ymin><xmax>50</xmax><ymax>20</ymax></bndbox></object><object><name>proposal</name><bndbox><xmin>436</xmin><ymin>6</ymin><xmax>64</xmax><ymax>54</ymax></bndbox></object><object><name>proposal</name><bndbox><xmin>373</xmin><ymin>107</ymin><xmax>41</xmax><ymax>28</ymax></bndbox></object><object><name>proposal</name><bndbox><xmin>347</xmin><ymin>191</ymin><xmax>51</xmax><ymax>25</ymax></bndbox></object><object><name>proposal</name><bndbox><xmin>333</xmin><ymin>8</ymin><xmax>93</xmax><ymax>53</ymax></bndbox></object><object><name>proposal</name><bndbox><xmin>406</xmin><ymin>11</ymin><xmax>33</xmax><ymax>39</ymax></bndbox></object><object><name>proposal</name><bndbox><xmin>352</xmin><ymin>59</ymin><xmax>55</xmax><ymax>29</ymax></bndbox></object><object><name>proposal</name><bndbox><xmin>371</xmin><ymin>73</ymin><xmax>36</xmax><ymax>79</ymax></bndbox></object><object><name>proposal</name><bndbox><xmin>140</xmin><ymin>68</ymin><xmax>114</xmax><ymax>114</ymax></bndbox></object><object><name>proposal</name><bndbox><xmin>239</xmin><ymin>129</ymin><xmax>48</xmax><ymax>35</ymax></bndbox></object><object><name>proposal</name><bndbox><xmin>122</xmin><ymin>175</ymin><xmax>120</xmax><ymax>120</ymax></bndbox></object><object><name>proposal</name><bndbox><xmin>411</xmin><ymin>9</ymin><xmax>88</xmax><ymax>38</ymax></bndbox></object><object><name>proposal</name><bndbox><xmin>351</xmin><ymin>73</ymin><xmax>65</xmax><ymax>101</ymax></bndbox></object><object><name>proposal</name><bndbox><xmin>451</xmin><ymin>16</ymin><xmax>34</xmax><ymax>34</ymax></bndbox></object><object><name>proposal</name><bndbox><xmin>326</xmin><ymin>127</ymin><xmax>64</xmax><ymax>54</ymax></bndbox></object><object><name>proposal</name><bndbox><xmin>109</xmin><ymin>194</ymin><xmax>124</xmax><ymax>67</ymax></bndbox></object><object><name>proposal</name><bndbox><xmin>57</xmin><ymin>40</ymin><xmax>90</xmax><ymax>63</ymax></bndbox></object><object><name>proposal</name><bndbox><xmin>326</xmin><ymin>1</ymin><xmax>84</xmax><ymax>111</ymax></bndbox></object></annotation>