<annotation><folder>Proposals</folder><filename>img-363.jpg</filename><size><width>300</width><height>400</height><depth>3</depth></size><object><name>proposal</name><bndbox><xmin>174</xmin><ymin>203</ymin><xmax>51</xmax><ymax>75</ymax></bndbox></object><object><name>proposal</name><bndbox><xmin>141</xmin><ymin>163</ymin><xmax>53</xmax><ymax>49</ymax></bndbox></object><object><name>proposal</name><bndbox><xmin>150</xmin><ymin>162</ymin><xmax>75</xmax><ymax>123</ymax></bndbox></object><object><name>proposal</name><bndbox><xmin>189</xmin><ymin>202</ymin><xmax>37</xmax><ymax>67</ymax></bndbox></object><object><name>proposal</name><bndbox><xmin>154</xmin><ymin>203</ymin><xmax>71</xmax><ymax>83</ymax></bndbox></object><object><name>proposal</name><bndbox><xmin>124</xmin><ymin>131</ymin><xmax>71</xmax><ymax>71</ymax></bndbox></object><object><name>proposal</name><bndbox><xmin>115</xmin><ymin>160</ymin><xmax>81</xmax><ymax>43</ymax></bndbox></object><object><name>proposal</name><bndbox><xmin>133</xmin><ymin>131</ymin><xmax>37</xmax><ymax>46</ymax></bndbox></object><object><name>proposal</name><bndbox><xmin>109</xmin><ymin>163</ymin><xmax>118</xmax><ymax>124</ymax></bndbox></object><object><name>proposal</name><bndbox><xmin>127</xmin><ymin>163</ymin><xmax>68</xmax><ymax>62</ymax></bndbox></object><object><name>proposal</name><bndbox><xmin>140</xmin><ymin>161</ymin><xmax>54</xmax><ymax>81</ymax></bndbox></object><object><name>proposal</name><bndbox><xmin>130</xmin><ymin>131</ymin><xmax>39</xmax><ymax>70</ymax></bndbox></object><object><name>proposal</name><bndbox><xmin>130</xmin><ymin>131</ymin><xmax>39</xmax><ymax>31</ymax></bndbox></object><object><name>proposal</name><bndbox><xmin>134</xmin><ymin>130</ymin><xmax>93</xmax><ymax>156</ymax></bndbox></object><object><name>proposal</name><bndbox><xmin>157</xmin><ymin>4</ymin><xmax>26</xmax><ymax>32</ymax></bndbox></object><object><name>proposal</name><bndbox><xmin>199</xmin><ymin>202</ymin><xmax>33</xmax><ymax>67</ymax></bndbox></object><object><name>proposal</name><bndbox><xmin>100</xmin><ymin>163</ymin><xmax>96</xmax><ymax>50</ymax></bndbox></object><object><name>proposal</name><bndbox><xmin>141</xmin><ymin>162</ymin><xmax>60</xmax><ymax>124</ymax></bndbox></object><object><name>proposal</name><bndbox><xmin>89</xmin><ymin>131</ymin><xmax>81</xmax><ymax>45</ymax></bndbox></object><object><name>proposal</name><bndbox><xmin>121</xmin><ymin>203</ymin><xmax>112</xmax><ymax>83</ymax></bndbox></object><object><name>proposal</name><bndbox><xmin>165</xmin><ymin>161</ymin><xmax>95</xmax><ymax>41</ymax></bndbox></object><object><name>proposal</name><bndbox><xmin>101</xmin><ymin>131</ymin><xmax>68</xmax><ymax>68</ymax></bndbox></object><object><name>proposal</name><bndbox><xmin>199</xmin><ymin>202</ymin><xmax>57</xmax><ymax>66</ymax></bndbox></object><object><name>proposal</name><bndbox><xmin>75</xmin><ymin>128</ymin><xmax>123</xmax><ymax>76</ymax></bndbox></object><object><name>proposal</name><bndbox><xmin>171</xmin><ymin>266</ymin><xmax>31</xmax><ymax>31</ymax></bndbox></object><object><name>proposal</name><bndbox><xmin>134</xmin><ymin>92</ymin><xmax>81</xmax><ymax>111</ymax></bndbox></object><object><name>proposal</name><bndbox><xmin>141</xmin><ymin>160</ymin><xmax>28</xmax><ymax>35</ymax></bndbox></object><object><name>proposal</name><bndbox><xmin>166</xmin><ymin>162</ymin><xmax>29</xmax><ymax>48</ymax></bndbox></object><object><name>proposal</name><bndbox><xmin>167</xmin><ymin>204</ymin><xmax>58</xmax><ymax>131</ymax></bndbox></object><object><name>proposal</name><bndbox><xmin>142</xmin><ymin>161</ymin><xmax>85</xmax><ymax>197</ymax></bndbox></object><object><name>proposal</name><bndbox><xmin>168</xmin><ymin>117</ymin><xmax>64</xmax><ymax>85</ymax></bndbox></object><object><name>proposal</name><bndbox><xmin>113</xmin><ymin>127</ymin><xmax>83</xmax><ymax>116</ymax></bndbox></object><object><name>proposal</name><bndbox><xmin>183</xmin><ymin>229</ymin><xmax>42</xmax><ymax>48</ymax></bndbox></object><object><name>proposal</name><bndbox><xmin>166</xmin><ymin>162</ymin><xmax>80</xmax><ymax>122</ymax></bndbox></object><object><name>proposal</name><bndbox><xmin>195</xmin><ymin>202</ymin><xmax>105</xmax><ymax>66</ymax></bndbox></object><object><name>proposal</name><bndbox><xmin>166</xmin><ymin>253</ymin><xmax>35</xmax><ymax>24</ymax></bndbox></object><object><name>proposal</name><bndbox><xmin>154</xmin><ymin>158</ymin><xmax>40</xmax><ymax>46</ymax></bndbox></object><object><name>proposal</name><bndbox><xmin>36</xmin><ymin>163</ymin><xmax>192</xmax><ymax>113</ymax></bndbox></object><object><name>proposal</name><bndbox><xmin>179</xmin><ymin>238</ymin><xmax>22</xmax><ymax>38</ymax></bndbox></object><object><name>proposal</name><bndbox><xmin>133</xmin><ymin>109</ymin><xmax>37</xmax><ymax>54</ymax></bndbox></object><object><name>proposal</name><bndbox><xmin>141</xmin><ymin>5</ymin><xmax>42</xmax><ymax>20</ymax></bndbox></object><object><name>proposal</name><bndbox><xmin>134</xmin><ymin>107</ymin><xmax>81</xmax><ymax>55</ymax></bndbox></object><object><name>proposal</name><bndbox><xmin>134</xmin><ymin>131</ymin><xmax>98</xmax><ymax>72</ymax></bndbox></object><object><name>proposal</name><bndbox><xmin>134</xmin><ymin>120</ymin><xmax>45</xmax><ymax>42</ymax></bndbox></object><object><name>proposal</name><bndbox><xmin>33</xmin><ymin>131</ymin><xmax>192</xmax><ymax>179</ymax></bndbox></object><object><name>proposal</name><bndbox><xmin>171</xmin><ymin>256</ymin><xmax>31</xmax><ymax>31</ymax></bndbox></object><object><name>proposal</name><bndbox><xmin>183</xmin><ymin>246</ymin><xmax>42</xmax><ymax>31</ymax></bndbox></object><object><name>proposal</name><bndbox><xmin>151</xmin><ymin>160</ymin><xmax>22</xmax><ymax>35</ymax></bndbox></object><object><name>proposal</name><bndbox><xmin>171</xmin><ymin>239</ymin><xmax>31</xmax><ymax>45</ymax></bndbox></object><object><name>proposal</name><bndbox><xmin>160</xmin><ymin>263</ymin><xmax>41</xmax><ymax>22</ymax></bndbox></object><object><name>proposal</name><bndbox><xmin>176</xmin><ymin>246</ymin><xmax>31</xmax><ymax>31</ymax></bndbox></object><object><name>proposal</name><bndbox><xmin>179</xmin><ymin>265</ymin><xmax>22</xmax><ymax>41</ymax></bndbox></object><object><name>proposal</name><bndbox><xmin>141</xmin><ymin>145</ymin><xmax>25</xmax><ymax>51</ymax></bndbox></object><object><name>proposal</name><bndbox><xmin>184</xmin><ymin>265</ymin><xmax>21</xmax><ymax>42</ymax></bndbox></object><object><name>proposal</name><bndbox><xmin>133</xmin><ymin>95</ymin><xmax>59</xmax><ymax>69</ymax></bndbox></object><object><name>proposal</name><bndbox><xmin>184</xmin><ymin>237</ymin><xmax>21</xmax><ymax>42</ymax></bndbox></object><object><name>proposal</name><bndbox><xmin>71</xmin><ymin>111</ymin><xmax>98</xmax><ymax>66</ymax></bndbox></object><object><name>proposal</name><bndbox><xmin>151</xmin><ymin>146</ymin><xmax>144</xmax><ymax>57</ymax></bndbox></object><object><name>proposal</name><bndbox><xmin>169</xmin><ymin>266</ymin><xmax>45</xmax><ymax>33</ymax></bndbox></object><object><name>proposal</name><bndbox><xmin>151</xmin><ymin>70</ymin><xmax>57</xmax><ymax>135</ymax></bndbox></object><object><name>proposal</name><bndbox><xmin>165</xmin><ymin>161</ymin><xmax>37</xmax><ymax>107</ymax></bndbox></object><object><name>proposal</name><bndbox><xmin>196</xmin><ymin>225</ymin><xmax>29</xmax><ymax>45</ymax></bndbox></object><object><name>proposal</name><bndbox><xmin>171</xmin><ymin>265</ymin><xmax>30</xmax><ymax>61</ymax></bndbox></object><object><name>proposal</name><bndbox><xmin>186</xmin><ymin>266</ymin><xmax>31</xmax><ymax>31</ymax></bndbox></object><object><name>proposal</name><bndbox><xmin>151</xmin><ymin>166</ymin><xmax>31</xmax><ymax>31</ymax></bndbox></object></annotation>