<annotation><folder>Proposals</folder><filename>img-468.jpg</filename><size><width>401</width><height>300</height><depth>3</depth></size><object><name>proposal</name><bndbox><xmin>1</xmin><ymin>3</ymin><xmax>396</xmax><ymax>160</ymax></bndbox></object><object><name>proposal</name><bndbox><xmin>159</xmin><ymin>118</ymin><xmax>124</xmax><ymax>69</ymax></bndbox></object><object><name>proposal</name><bndbox><xmin>1</xmin><ymin>3</ymin><xmax>396</xmax><ymax>262</ymax></bndbox></object><object><name>proposal</name><bndbox><xmin>148</xmin><ymin>75</ymin><xmax>138</xmax><ymax>69</ymax></bndbox></object><object><name>proposal</name><bndbox><xmin>145</xmin><ymin>1</ymin><xmax>139</xmax><ymax>163</ymax></bndbox></object><object><name>proposal</name><bndbox><xmin>1</xmin><ymin>97</ymin><xmax>40</xmax><ymax>37</ymax></bndbox></object><object><name>proposal</name><bndbox><xmin>354</xmin><ymin>1</ymin><xmax>39</xmax><ymax>29</ymax></bndbox></object><object><name>proposal</name><bndbox><xmin>148</xmin><ymin>36</ymin><xmax>135</xmax><ymax>109</ymax></bndbox></object><object><name>proposal</name><bndbox><xmin>39</xmin><ymin>5</ymin><xmax>244</xmax><ymax>160</ymax></bndbox></object><object><name>proposal</name><bndbox><xmin>134</xmin><ymin>117</ymin><xmax>149</xmax><ymax>109</ymax></bndbox></object><object><name>proposal</name><bndbox><xmin>146</xmin><ymin>28</ymin><xmax>197</xmax><ymax>120</ymax></bndbox></object><object><name>proposal</name><bndbox><xmin>101</xmin><ymin>6</ymin><xmax>243</xmax><ymax>157</ymax></bndbox></object><object><name>proposal</name><bndbox><xmin>329</xmin><ymin>4</ymin><xmax>66</xmax><ymax>57</ymax></bndbox></object><object><name>proposal</name><bndbox><xmin>160</xmin><ymin>116</ymin><xmax>124</xmax><ymax>147</ymax></bndbox></object><object><name>proposal</name><bndbox><xmin>136</xmin><ymin>118</ymin><xmax>182</xmax><ymax>82</ymax></bndbox></object><object><name>proposal</name><bndbox><xmin>136</xmin><ymin>118</ymin><xmax>188</xmax><ymax>149</ymax></bndbox></object><object><name>proposal</name><bndbox><xmin>1</xmin><ymin>69</ymin><xmax>39</xmax><ymax>67</ymax></bndbox></object><object><name>proposal</name><bndbox><xmin>159</xmin><ymin>1</ymin><xmax>236</xmax><ymax>264</ymax></bndbox></object><object><name>proposal</name><bndbox><xmin>160</xmin><ymin>83</ymin><xmax>195</xmax><ymax>189</ymax></bndbox></object><object><name>proposal</name><bndbox><xmin>56</xmin><ymin>40</ymin><xmax>227</xmax><ymax>108</ymax></bndbox></object><object><name>proposal</name><bndbox><xmin>1</xmin><ymin>1</ymin><xmax>296</xmax><ymax>229</ymax></bndbox></object><object><name>proposal</name><bndbox><xmin>354</xmin><ymin>4</ymin><xmax>39</xmax><ymax>45</ymax></bndbox></object><object><name>proposal</name><bndbox><xmin>285</xmin><ymin>1</ymin><xmax>61</xmax><ymax>49</ymax></bndbox></object><object><name>proposal</name><bndbox><xmin>134</xmin><ymin>70</ymin><xmax>149</xmax><ymax>104</ymax></bndbox></object><object><name>proposal</name><bndbox><xmin>329</xmin><ymin>4</ymin><xmax>66</xmax><ymax>37</ymax></bndbox></object><object><name>proposal</name><bndbox><xmin>205</xmin><ymin>1</ymin><xmax>79</xmax><ymax>43</ymax></bndbox></object><object><name>proposal</name><bndbox><xmin>1</xmin><ymin>101</ymin><xmax>31</xmax><ymax>31</ymax></bndbox></object><object><name>proposal</name><bndbox><xmin>158</xmin><ymin>78</ymin><xmax>186</xmax><ymax>87</ymax></bndbox></object><object><name>proposal</name><bndbox><xmin>336</xmin><ymin>1</ymin><xmax>61</xmax><ymax>28</ymax></bndbox></object><object><name>proposal</name><bndbox><xmin>136</xmin><ymin>19</ymin><xmax>260</xmax><ymax>163</ymax></bndbox></object><object><name>proposal</name><bndbox><xmin>101</xmin><ymin>1</ymin><xmax>246</xmax><ymax>264</ymax></bndbox></object><object><name>proposal</name><bndbox><xmin>56</xmin><ymin>68</ymin><xmax>227</xmax><ymax>107</ymax></bndbox></object><object><name>proposal</name><bndbox><xmin>1</xmin><ymin>118</ymin><xmax>323</xmax><ymax>152</ymax></bndbox></object><object><name>proposal</name><bndbox><xmin>1</xmin><ymin>98</ymin><xmax>70</xmax><ymax>35</ymax></bndbox></object><object><name>proposal</name><bndbox><xmin>281</xmin><ymin>3</ymin><xmax>114</xmax><ymax>46</ymax></bndbox></object><object><name>proposal</name><bndbox><xmin>120</xmin><ymin>1</ymin><xmax>163</xmax><ymax>251</ymax></bndbox></object><object><name>proposal</name><bndbox><xmin>136</xmin><ymin>149</ymin><xmax>32</xmax><ymax>26</ymax></bndbox></object><object><name>proposal</name><bndbox><xmin>213</xmin><ymin>36</ymin><xmax>182</xmax><ymax>93</ymax></bndbox></object><object><name>proposal</name><bndbox><xmin>136</xmin><ymin>139</ymin><xmax>37</xmax><ymax>37</ymax></bndbox></object><object><name>proposal</name><bndbox><xmin>23</xmin><ymin>97</ymin><xmax>54</xmax><ymax>34</ymax></bndbox></object><object><name>proposal</name><bndbox><xmin>1</xmin><ymin>17</ymin><xmax>83</xmax><ymax>117</ymax></bndbox></object><object><name>proposal</name><bndbox><xmin>134</xmin><ymin>142</ymin><xmax>100</xmax><ymax>52</ymax></bndbox></object><object><name>proposal</name><bndbox><xmin>136</xmin><ymin>131</ymin><xmax>49</xmax><ymax>45</ymax></bndbox></object><object><name>proposal</name><bndbox><xmin>285</xmin><ymin>13</ymin><xmax>59</xmax><ymax>27</ymax></bndbox></object><object><name>proposal</name><bndbox><xmin>11</xmin><ymin>85</ymin><xmax>29</xmax><ymax>45</ymax></bndbox></object><object><name>proposal</name><bndbox><xmin>3</xmin><ymin>15</ymin><xmax>44</xmax><ymax>118</ymax></bndbox></object><object><name>proposal</name><bndbox><xmin>1</xmin><ymin>77</ymin><xmax>285</xmax><ymax>167</ymax></bndbox></object><object><name>proposal</name><bndbox><xmin>316</xmin><ymin>4</ymin><xmax>31</xmax><ymax>39</ymax></bndbox></object><object><name>proposal</name><bndbox><xmin>136</xmin><ymin>108</ymin><xmax>33</xmax><ymax>67</ymax></bndbox></object><object><name>proposal</name><bndbox><xmin>1</xmin><ymin>15</ymin><xmax>233</xmax><ymax>167</ymax></bndbox></object><object><name>proposal</name><bndbox><xmin>136</xmin><ymin>137</ymin><xmax>97</xmax><ymax>111</ymax></bndbox></object><object><name>proposal</name><bndbox><xmin>136</xmin><ymin>147</ymin><xmax>51</xmax><ymax>29</ymax></bndbox></object><object><name>proposal</name><bndbox><xmin>3</xmin><ymin>120</ymin><xmax>31</xmax><ymax>45</ymax></bndbox></object><object><name>proposal</name><bndbox><xmin>1</xmin><ymin>86</ymin><xmax>49</xmax><ymax>49</ymax></bndbox></object><object><name>proposal</name><bndbox><xmin>136</xmin><ymin>76</ymin><xmax>148</xmax><ymax>168</ymax></bndbox></object><object><name>proposal</name><bndbox><xmin>328</xmin><ymin>4</ymin><xmax>37</xmax><ymax>37</ymax></bndbox></object><object><name>proposal</name><bndbox><xmin>200</xmin><ymin>1</ymin><xmax>145</xmax><ymax>265</ymax></bndbox></object><object><name>proposal</name><bndbox><xmin>19</xmin><ymin>20</ymin><xmax>56</xmax><ymax>109</ymax></bndbox></object><object><name>proposal</name><bndbox><xmin>3</xmin><ymin>16</ymin><xmax>181</xmax><ymax>213</ymax></bndbox></object><object><name>proposal</name><bndbox><xmin>1</xmin><ymin>12</ymin><xmax>131</xmax><ymax>120</ymax></bndbox></object><object><name>proposal</name><bndbox><xmin>168</xmin><ymin>141</ymin><xmax>61</xmax><ymax>77</ymax></bndbox></object><object><name>proposal</name><bndbox><xmin>238</xmin><ymin>1</ymin><xmax>157</xmax><ymax>248</ymax></bndbox></object><object><name>proposal</name><bndbox><xmin>40</xmin><ymin>16</ymin><xmax>227</xmax><ymax>89</ymax></bndbox></object><object><name>proposal</name><bndbox><xmin>128</xmin><ymin>133</ymin><xmax>100</xmax><ymax>42</ymax></bndbox></object><object><name>proposal</name><bndbox><xmin>294</xmin><ymin>4</ymin><xmax>54</xmax><ymax>37</ymax></bndbox></object><object><name>proposal</name><bndbox><xmin>23</xmin><ymin>95</ymin><xmax>49</xmax><ymax>53</ymax></bndbox></object><object><name>proposal</name><bndbox><xmin>1</xmin><ymin>15</ymin><xmax>157</xmax><ymax>157</ymax></bndbox></object><object><name>proposal</name><bndbox><xmin>205</xmin><ymin>1</ymin><xmax>192</xmax><ymax>161</ymax></bndbox></object><object><name>proposal</name><bndbox><xmin>2</xmin><ymin>93</ymin><xmax>39</xmax><ymax>79</ymax></bndbox></object><object><name>proposal</name><bndbox><xmin>1</xmin><ymin>77</ymin><xmax>227</xmax><ymax>105</ymax></bndbox></object><object><name>proposal</name><bndbox><xmin>205</xmin><ymin>82</ymin><xmax>75</xmax><ymax>49</ymax></bndbox></object><object><name>proposal</name><bndbox><xmin>42</xmin><ymin>12</ymin><xmax>144</xmax><ymax>101</ymax></bndbox></object><object><name>proposal</name><bndbox><xmin>330</xmin><ymin>19</ymin><xmax>62</xmax><ymax>37</ymax></bndbox></object><object><name>proposal</name><bndbox><xmin>23</xmin><ymin>72</ymin><xmax>69</xmax><ymax>59</ymax></bndbox></object><object><name>proposal</name><bndbox><xmin>245</xmin><ymin>33</ymin><xmax>96</xmax><ymax>96</ymax></bndbox></object><object><name>proposal</name><bndbox><xmin>95</xmin><ymin>151</ymin><xmax>71</xmax><ymax>32</ymax></bndbox></object><object><name>proposal</name><bndbox><xmin>122</xmin><ymin>53</ymin><xmax>65</xmax><ymax>41</ymax></bndbox></object><object><name>proposal</name><bndbox><xmin>3</xmin><ymin>45</ymin><xmax>54</xmax><ymax>89</ymax></bndbox></object><object><name>proposal</name><bndbox><xmin>148</xmin><ymin>66</ymin><xmax>42</xmax><ymax>29</ymax></bndbox></object><object><name>proposal</name><bndbox><xmin>3</xmin><ymin>97</ymin><xmax>68</xmax><ymax>81</ymax></bndbox></object><object><name>proposal</name><bndbox><xmin>250</xmin><ymin>31</ymin><xmax>145</xmax><ymax>132</ymax></bndbox></object><object><name>proposal</name><bndbox><xmin>4</xmin><ymin>28</ymin><xmax>70</xmax><ymax>33</ymax></bndbox></object><object><name>proposal</name><bndbox><xmin>1</xmin><ymin>98</ymin><xmax>165</xmax><ymax>79</ymax></bndbox></object><object><name>proposal</name><bndbox><xmin>177</xmin><ymin>141</ymin><xmax>95</xmax><ymax>45</ymax></bndbox></object><object><name>proposal</name><bndbox><xmin>23</xmin><ymin>41</ymin><xmax>65</xmax><ymax>89</ymax></bndbox></object><object><name>proposal</name><bndbox><xmin>212</xmin><ymin>61</ymin><xmax>50</xmax><ymax>34</ymax></bndbox></object><object><name>proposal</name><bndbox><xmin>17</xmin><ymin>91</ymin><xmax>83</xmax><ymax>41</ymax></bndbox></object><object><name>proposal</name><bndbox><xmin>168</xmin><ymin>139</ymin><xmax>60</xmax><ymax>119</ymax></bndbox></object><object><name>proposal</name><bndbox><xmin>177</xmin><ymin>141</ymin><xmax>60</xmax><ymax>47</ymax></bndbox></object><object><name>proposal</name><bndbox><xmin>134</xmin><ymin>93</ymin><xmax>43</xmax><ymax>83</ymax></bndbox></object><object><name>proposal</name><bndbox><xmin>118</xmin><ymin>77</ymin><xmax>66</xmax><ymax>98</ymax></bndbox></object><object><name>proposal</name><bndbox><xmin>127</xmin><ymin>140</ymin><xmax>156</xmax><ymax>105</ymax></bndbox></object><object><name>proposal</name><bndbox><xmin>1</xmin><ymin>121</ymin><xmax>50</xmax><ymax>40</ymax></bndbox></object><object><name>proposal</name><bndbox><xmin>3</xmin><ymin>98</ymin><xmax>53</xmax><ymax>136</ymax></bndbox></object><object><name>proposal</name><bndbox><xmin>289</xmin><ymin>10</ymin><xmax>40</xmax><ymax>37</ymax></bndbox></object><object><name>proposal</name><bndbox><xmin>23</xmin><ymin>83</ymin><xmax>59</xmax><ymax>54</ymax></bndbox></object><object><name>proposal</name><bndbox><xmin>210</xmin><ymin>34</ymin><xmax>59</xmax><ymax>64</ymax></bndbox></object><object><name>proposal</name><bndbox><xmin>213</xmin><ymin>78</ymin><xmax>130</xmax><ymax>55</ymax></bndbox></object><object><name>proposal</name><bndbox><xmin>42</xmin><ymin>6</ymin><xmax>160</xmax><ymax>170</ymax></bndbox></object><object><name>proposal</name><bndbox><xmin>1</xmin><ymin>97</ymin><xmax>72</xmax><ymax>53</ymax></bndbox></object><object><name>proposal</name><bndbox><xmin>144</xmin><ymin>50</ymin><xmax>42</xmax><ymax>45</ymax></bndbox></object><object><name>proposal</name><bndbox><xmin>145</xmin><ymin>73</ymin><xmax>42</xmax><ymax>21</ymax></bndbox></object><object><name>proposal</name><bndbox><xmin>122</xmin><ymin>123</ymin><xmax>53</xmax><ymax>53</ymax></bndbox></object><object><name>proposal</name><bndbox><xmin>1</xmin><ymin>78</ymin><xmax>81</xmax><ymax>56</ymax></bndbox></object><object><name>proposal</name><bndbox><xmin>123</xmin><ymin>28</ymin><xmax>145</xmax><ymax>69</ymax></bndbox></object><object><name>proposal</name><bndbox><xmin>1</xmin><ymin>98</ymin><xmax>140</xmax><ymax>48</ymax></bndbox></object><object><name>proposal</name><bndbox><xmin>213</xmin><ymin>37</ymin><xmax>81</xmax><ymax>65</ymax></bndbox></object><object><name>proposal</name><bndbox><xmin>136</xmin><ymin>151</ymin><xmax>31</xmax><ymax>45</ymax></bndbox></object><object><name>proposal</name><bndbox><xmin>131</xmin><ymin>142</ymin><xmax>113</xmax><ymax>142</ymax></bndbox></object><object><name>proposal</name><bndbox><xmin>1</xmin><ymin>98</ymin><xmax>80</xmax><ymax>128</ymax></bndbox></object><object><name>proposal</name><bndbox><xmin>11</xmin><ymin>62</ymin><xmax>30</xmax><ymax>71</ymax></bndbox></object><object><name>proposal</name><bndbox><xmin>148</xmin><ymin>78</ymin><xmax>41</xmax><ymax>65</ymax></bndbox></object><object><name>proposal</name><bndbox><xmin>109</xmin><ymin>141</ymin><xmax>119</xmax><ymax>69</ymax></bndbox></object><object><name>proposal</name><bndbox><xmin>291</xmin><ymin>35</ymin><xmax>105</xmax><ymax>109</ymax></bndbox></object><object><name>proposal</name><bndbox><xmin>1</xmin><ymin>115</ymin><xmax>39</xmax><ymax>73</ymax></bndbox></object><object><name>proposal</name><bndbox><xmin>4</xmin><ymin>21</ymin><xmax>69</xmax><ymax>53</ymax></bndbox></object><object><name>proposal</name><bndbox><xmin>77</xmin><ymin>151</ymin><xmax>91</xmax><ymax>39</ymax></bndbox></object><object><name>proposal</name><bndbox><xmin>49</xmin><ymin>14</ymin><xmax>120</xmax><ymax>78</ymax></bndbox></object><object><name>proposal</name><bndbox><xmin>66</xmin><ymin>139</ymin><xmax>258</xmax><ymax>145</ymax></bndbox></object><object><name>proposal</name><bndbox><xmin>93</xmin><ymin>128</ymin><xmax>135</xmax><ymax>55</ymax></bndbox></object><object><name>proposal</name><bndbox><xmin>126</xmin><ymin>149</ymin><xmax>41</xmax><ymax>95</ymax></bndbox></object><object><name>proposal</name><bndbox><xmin>1</xmin><ymin>118</ymin><xmax>72</xmax><ymax>53</ymax></bndbox></object><object><name>proposal</name><bndbox><xmin>309</xmin><ymin>1</ymin><xmax>42</xmax><ymax>45</ymax></bndbox></object><object><name>proposal</name><bndbox><xmin>121</xmin><ymin>18</ymin><xmax>65</xmax><ymax>77</ymax></bndbox></object><object><name>proposal</name><bndbox><xmin>121</xmin><ymin>57</ymin><xmax>35</xmax><ymax>28</ymax></bndbox></object><object><name>proposal</name><bndbox><xmin>98</xmin><ymin>150</ymin><xmax>68</xmax><ymax>65</ymax></bndbox></object><object><name>proposal</name><bndbox><xmin>257</xmin><ymin>44</ymin><xmax>115</xmax><ymax>84</ymax></bndbox></object><object><name>proposal</name><bndbox><xmin>1</xmin><ymin>18</ymin><xmax>74</xmax><ymax>77</ymax></bndbox></object><object><name>proposal</name><bndbox><xmin>114</xmin><ymin>151</ymin><xmax>54</xmax><ymax>40</ymax></bndbox></object><object><name>proposal</name><bndbox><xmin>148</xmin><ymin>33</ymin><xmax>137</xmax><ymax>71</ymax></bndbox></object><object><name>proposal</name><bndbox><xmin>165</xmin><ymin>4</ymin><xmax>69</xmax><ymax>159</ymax></bndbox></object><object><name>proposal</name><bndbox><xmin>122</xmin><ymin>139</ymin><xmax>46</xmax><ymax>37</ymax></bndbox></object><object><name>proposal</name><bndbox><xmin>19</xmin><ymin>28</ymin><xmax>53</xmax><ymax>49</ymax></bndbox></object><object><name>proposal</name><bndbox><xmin>177</xmin><ymin>141</ymin><xmax>67</xmax><ymax>141</ymax></bndbox></object><object><name>proposal</name><bndbox><xmin>328</xmin><ymin>5</ymin><xmax>21</xmax><ymax>38</ymax></bndbox></object><object><name>proposal</name><bndbox><xmin>154</xmin><ymin>7</ymin><xmax>38</xmax><ymax>22</ymax></bndbox></object><object><name>proposal</name><bndbox><xmin>320</xmin><ymin>5</ymin><xmax>45</xmax><ymax>45</ymax></bndbox></object><object><name>proposal</name><bndbox><xmin>114</xmin><ymin>99</ymin><xmax>62</xmax><ymax>77</ymax></bndbox></object><object><name>proposal</name><bndbox><xmin>336</xmin><ymin>8</ymin><xmax>29</xmax><ymax>48</ymax></bndbox></object><object><name>proposal</name><bndbox><xmin>283</xmin><ymin>13</ymin><xmax>41</xmax><ymax>28</ymax></bndbox></object><object><name>proposal</name><bndbox><xmin>75</xmin><ymin>53</ymin><xmax>110</xmax><ymax>125</ymax></bndbox></object><object><name>proposal</name><bndbox><xmin>17</xmin><ymin>77</ymin><xmax>92</xmax><ymax>68</ymax></bndbox></object><object><name>proposal</name><bndbox><xmin>95</xmin><ymin>140</ymin><xmax>136</xmax><ymax>136</ymax></bndbox></object><object><name>proposal</name><bndbox><xmin>1</xmin><ymin>98</ymin><xmax>115</xmax><ymax>115</ymax></bndbox></object><object><name>proposal</name><bndbox><xmin>297</xmin><ymin>1</ymin><xmax>98</xmax><ymax>247</ymax></bndbox></object><object><name>proposal</name><bndbox><xmin>1</xmin><ymin>75</ymin><xmax>173</xmax><ymax>142</ymax></bndbox></object><object><name>proposal</name><bndbox><xmin>166</xmin><ymin>82</ymin><xmax>100</xmax><ymax>46</ymax></bndbox></object><object><name>proposal</name><bndbox><xmin>49</xmin><ymin>16</ymin><xmax>93</xmax><ymax>65</ymax></bndbox></object><object><name>proposal</name><bndbox><xmin>123</xmin><ymin>36</ymin><xmax>39</xmax><ymax>29</ymax></bndbox></object><object><name>proposal</name><bndbox><xmin>147</xmin><ymin>57</ymin><xmax>67</xmax><ymax>37</ymax></bndbox></object><object><name>proposal</name><bndbox><xmin>143</xmin><ymin>18</ymin><xmax>49</xmax><ymax>78</ymax></bndbox></object><object><name>proposal</name><bndbox><xmin>144</xmin><ymin>78</ymin><xmax>42</xmax><ymax>48</ymax></bndbox></object><object><name>proposal</name><bndbox><xmin>304</xmin><ymin>17</ymin><xmax>41</xmax><ymax>26</ymax></bndbox></object><object><name>proposal</name><bndbox><xmin>131</xmin><ymin>150</ymin><xmax>73</xmax><ymax>106</ymax></bndbox></object><object><name>proposal</name><bndbox><xmin>23</xmin><ymin>97</ymin><xmax>41</xmax><ymax>83</ymax></bndbox></object><object><name>proposal</name><bndbox><xmin>134</xmin><ymin>151</ymin><xmax>85</xmax><ymax>36</ymax></bndbox></object><object><name>proposal</name><bndbox><xmin>289</xmin><ymin>10</ymin><xmax>26</xmax><ymax>32</ymax></bndbox></object><object><name>proposal</name><bndbox><xmin>271</xmin><ymin>11</ymin><xmax>31</xmax><ymax>31</ymax></bndbox></object><object><name>proposal</name><bndbox><xmin>1</xmin><ymin>76</ymin><xmax>145</xmax><ymax>57</ymax></bndbox></object><object><name>proposal</name><bndbox><xmin>351</xmin><ymin>15</ymin><xmax>42</xmax><ymax>45</ymax></bndbox></object><object><name>proposal</name><bndbox><xmin>14</xmin><ymin>26</ymin><xmax>96</xmax><ymax>222</ymax></bndbox></object><object><name>proposal</name><bndbox><xmin>1</xmin><ymin>121</ymin><xmax>31</xmax><ymax>31</ymax></bndbox></object><object><name>proposal</name><bndbox><xmin>289</xmin><ymin>22</ymin><xmax>46</xmax><ymax>21</ymax></bndbox></object><object><name>proposal</name><bndbox><xmin>106</xmin><ymin>52</ymin><xmax>60</xmax><ymax>125</ymax></bndbox></object><object><name>proposal</name><bndbox><xmin>1</xmin><ymin>117</ymin><xmax>85</xmax><ymax>37</ymax></bndbox></object><object><name>proposal</name><bndbox><xmin>242</xmin><ymin>1</ymin><xmax>104</xmax><ymax>232</ymax></bndbox></object><object><name>proposal</name><bndbox><xmin>16</xmin><ymin>98</ymin><xmax>55</xmax><ymax>114</ymax></bndbox></object><object><name>proposal</name><bndbox><xmin>101</xmin><ymin>136</ymin><xmax>73</xmax><ymax>39</ymax></bndbox></object><object><name>proposal</name><bndbox><xmin>277</xmin><ymin>4</ymin><xmax>26</xmax><ymax>35</ymax></bndbox></object><object><name>proposal</name><bndbox><xmin>329</xmin><ymin>5</ymin><xmax>27</xmax><ymax>51</ymax></bndbox></object><object><name>proposal</name><bndbox><xmin>17</xmin><ymin>98</ymin><xmax>77</xmax><ymax>77</ymax></bndbox></object><object><name>proposal</name><bndbox><xmin>54</xmin><ymin>140</ymin><xmax>113</xmax><ymax>42</ymax></bndbox></object><object><name>proposal</name><bndbox><xmin>73</xmin><ymin>56</ymin><xmax>111</xmax><ymax>63</ymax></bndbox></object><object><name>proposal</name><bndbox><xmin>104</xmin><ymin>16</ymin><xmax>133</xmax><ymax>87</ymax></bndbox></object><object><name>proposal</name><bndbox><xmin>1</xmin><ymin>47</ymin><xmax>186</xmax><ymax>97</ymax></bndbox></object><object><name>proposal</name><bndbox><xmin>136</xmin><ymin>151</ymin><xmax>58</xmax><ymax>34</ymax></bndbox></object><object><name>proposal</name><bndbox><xmin>105</xmin><ymin>80</ymin><xmax>79</xmax><ymax>32</ymax></bndbox></object><object><name>proposal</name><bndbox><xmin>109</xmin><ymin>151</ymin><xmax>117</xmax><ymax>94</ymax></bndbox></object><object><name>proposal</name><bndbox><xmin>324</xmin><ymin>32</ymin><xmax>70</xmax><ymax>135</ymax></bndbox></object><object><name>proposal</name><bndbox><xmin>3</xmin><ymin>117</ymin><xmax>54</xmax><ymax>77</ymax></bndbox></object><object><name>proposal</name><bndbox><xmin>127</xmin><ymin>78</ymin><xmax>59</xmax><ymax>69</ymax></bndbox></object><object><name>proposal</name><bndbox><xmin>127</xmin><ymin>151</ymin><xmax>42</xmax><ymax>33</ymax></bndbox></object><object><name>proposal</name><bndbox><xmin>174</xmin><ymin>141</ymin><xmax>106</xmax><ymax>141</ymax></bndbox></object><object><name>proposal</name><bndbox><xmin>177</xmin><ymin>7</ymin><xmax>42</xmax><ymax>21</ymax></bndbox></object><object><name>proposal</name><bndbox><xmin>93</xmin><ymin>111</ymin><xmax>85</xmax><ymax>65</ymax></bndbox></object><object><name>proposal</name><bndbox><xmin>64</xmin><ymin>140</ymin><xmax>169</xmax><ymax>88</ymax></bndbox></object><object><name>proposal</name><bndbox><xmin>173</xmin><ymin>221</ymin><xmax>29</xmax><ymax>45</ymax></bndbox></object><object><name>proposal</name><bndbox><xmin>161</xmin><ymin>6</ymin><xmax>31</xmax><ymax>31</ymax></bndbox></object><object><name>proposal</name><bndbox><xmin>1</xmin><ymin>118</ymin><xmax>232</xmax><ymax>97</ymax></bndbox></object><object><name>proposal</name><bndbox><xmin>144</xmin><ymin>39</ymin><xmax>59</xmax><ymax>59</ymax></bndbox></object><object><name>proposal</name><bndbox><xmin>145</xmin><ymin>80</ymin><xmax>81</xmax><ymax>63</ymax></bndbox></object><object><name>proposal</name><bndbox><xmin>53</xmin><ymin>114</ymin><xmax>116</xmax><ymax>63</ymax></bndbox></object><object><name>proposal</name><bndbox><xmin>109</xmin><ymin>3</ymin><xmax>51</xmax><ymax>23</ymax></bndbox></object><object><name>proposal</name><bndbox><xmin>64</xmin><ymin>127</ymin><xmax>165</xmax><ymax>73</ymax></bndbox></object><object><name>proposal</name><bndbox><xmin>122</xmin><ymin>78</ymin><xmax>65</xmax><ymax>44</ymax></bndbox></object><object><name>proposal</name><bndbox><xmin>58</xmin><ymin>34</ymin><xmax>120</xmax><ymax>81</ymax></bndbox></object><object><name>proposal</name><bndbox><xmin>16</xmin><ymin>47</ymin><xmax>94</xmax><ymax>133</ymax></bndbox></object><object><name>proposal</name><bndbox><xmin>336</xmin><ymin>21</ymin><xmax>31</xmax><ymax>31</ymax></bndbox></object><object><name>proposal</name><bndbox><xmin>262</xmin><ymin>3</ymin><xmax>51</xmax><ymax>23</ymax></bndbox></object><object><name>proposal</name><bndbox><xmin>116</xmin><ymin>57</ymin><xmax>42</xmax><ymax>42</ymax></bndbox></object><object><name>proposal</name><bndbox><xmin>171</xmin><ymin>6</ymin><xmax>31</xmax><ymax>31</ymax></bndbox></object><object><name>proposal</name><bndbox><xmin>49</xmin><ymin>22</ymin><xmax>99</xmax><ymax>43</ymax></bndbox></object><object><name>proposal</name><bndbox><xmin>361</xmin><ymin>21</ymin><xmax>31</xmax><ymax>31</ymax></bndbox></object></annotation>