<annotation><folder>Proposals</folder><filename>img-240.jpg</filename><size><width>720</width><height>720</height><depth>3</depth></size><object><name>proposal</name><bndbox><xmin>277</xmin><ymin>424</ymin><xmax>45</xmax><ymax>39</ymax></bndbox></object><object><name>proposal</name><bndbox><xmin>6</xmin><ymin>7</ymin><xmax>217</xmax><ymax>100</ymax></bndbox></object><object><name>proposal</name><bndbox><xmin>6</xmin><ymin>88</ymin><xmax>217</xmax><ymax>76</ymax></bndbox></object><object><name>proposal</name><bndbox><xmin>277</xmin><ymin>425</ymin><xmax>67</xmax><ymax>35</ymax></bndbox></object><object><name>proposal</name><bndbox><xmin>4</xmin><ymin>89</ymin><xmax>229</xmax><ymax>109</ymax></bndbox></object><object><name>proposal</name><bndbox><xmin>275</xmin><ymin>410</ymin><xmax>49</xmax><ymax>49</ymax></bndbox></object><object><name>proposal</name><bndbox><xmin>277</xmin><ymin>424</ymin><xmax>44</xmax><ymax>60</ymax></bndbox></object><object><name>proposal</name><bndbox><xmin>281</xmin><ymin>239</ymin><xmax>163</xmax><ymax>137</ymax></bndbox></object><object><name>proposal</name><bndbox><xmin>7</xmin><ymin>7</ymin><xmax>63</xmax><ymax>49</ymax></bndbox></object><object><name>proposal</name><bndbox><xmin>277</xmin><ymin>238</ymin><xmax>165</xmax><ymax>222</ymax></bndbox></object><object><name>proposal</name><bndbox><xmin>123</xmin><ymin>462</ymin><xmax>37</xmax><ymax>76</ymax></bndbox></object><object><name>proposal</name><bndbox><xmin>328</xmin><ymin>29</ymin><xmax>32</xmax><ymax>28</ymax></bndbox></object><object><name>proposal</name><bndbox><xmin>276</xmin><ymin>239</ymin><xmax>84</xmax><ymax>223</ymax></bndbox></object><object><name>proposal</name><bndbox><xmin>277</xmin><ymin>400</ymin><xmax>65</xmax><ymax>59</ymax></bndbox></object><object><name>proposal</name><bndbox><xmin>282</xmin><ymin>239</ymin><xmax>78</xmax><ymax>135</ymax></bndbox></object><object><name>proposal</name><bndbox><xmin>253</xmin><ymin>425</ymin><xmax>71</xmax><ymax>35</ymax></bndbox></object><object><name>proposal</name><bndbox><xmin>5</xmin><ymin>88</ymin><xmax>220</xmax><ymax>183</ymax></bndbox></object><object><name>proposal</name><bndbox><xmin>368</xmin><ymin>211</ymin><xmax>75</xmax><ymax>63</ymax></bndbox></object><object><name>proposal</name><bndbox><xmin>277</xmin><ymin>369</ymin><xmax>45</xmax><ymax>90</ymax></bndbox></object><object><name>proposal</name><bndbox><xmin>368</xmin><ymin>237</ymin><xmax>76</xmax><ymax>37</ymax></bndbox></object><object><name>proposal</name><bndbox><xmin>392</xmin><ymin>247</ymin><xmax>51</xmax><ymax>27</ymax></bndbox></object><object><name>proposal</name><bndbox><xmin>368</xmin><ymin>251</ymin><xmax>74</xmax><ymax>77</ymax></bndbox></object><object><name>proposal</name><bndbox><xmin>328</xmin><ymin>29</ymin><xmax>29</xmax><ymax>42</ymax></bndbox></object><object><name>proposal</name><bndbox><xmin>277</xmin><ymin>423</ymin><xmax>44</xmax><ymax>96</ymax></bndbox></object><object><name>proposal</name><bndbox><xmin>644</xmin><ymin>195</ymin><xmax>47</xmax><ymax>27</ymax></bndbox></object><object><name>proposal</name><bndbox><xmin>279</xmin><ymin>239</ymin><xmax>232</xmax><ymax>165</ymax></bndbox></object><object><name>proposal</name><bndbox><xmin>277</xmin><ymin>309</ymin><xmax>65</xmax><ymax>152</ymax></bndbox></object><object><name>proposal</name><bndbox><xmin>276</xmin><ymin>425</ymin><xmax>56</xmax><ymax>73</ymax></bndbox></object><object><name>proposal</name><bndbox><xmin>329</xmin><ymin>29</ymin><xmax>42</xmax><ymax>20</ymax></bndbox></object><object><name>proposal</name><bndbox><xmin>276</xmin><ymin>413</ymin><xmax>104</xmax><ymax>48</ymax></bndbox></object><object><name>proposal</name><bndbox><xmin>101</xmin><ymin>463</ymin><xmax>59</xmax><ymax>74</ymax></bndbox></object><object><name>proposal</name><bndbox><xmin>4</xmin><ymin>88</ymin><xmax>357</xmax><ymax>290</ymax></bndbox></object><object><name>proposal</name><bndbox><xmin>644</xmin><ymin>211</ymin><xmax>47</xmax><ymax>25</ymax></bndbox></object><object><name>proposal</name><bndbox><xmin>644</xmin><ymin>211</ymin><xmax>50</xmax><ymax>37</ymax></bndbox></object><object><name>proposal</name><bndbox><xmin>5</xmin><ymin>89</ymin><xmax>329</xmax><ymax>128</ymax></bndbox></object><object><name>proposal</name><bndbox><xmin>365</xmin><ymin>251</ymin><xmax>79</xmax><ymax>41</ymax></bndbox></object><object><name>proposal</name><bndbox><xmin>270</xmin><ymin>349</ymin><xmax>57</xmax><ymax>111</ymax></bndbox></object><object><name>proposal</name><bndbox><xmin>256</xmin><ymin>425</ymin><xmax>66</xmax><ymax>73</ymax></bndbox></object><object><name>proposal</name><bndbox><xmin>394</xmin><ymin>237</ymin><xmax>67</xmax><ymax>37</ymax></bndbox></object><object><name>proposal</name><bndbox><xmin>121</xmin><ymin>487</ymin><xmax>37</xmax><ymax>50</ymax></bndbox></object><object><name>proposal</name><bndbox><xmin>327</xmin><ymin>199</ymin><xmax>120</xmax><ymax>75</ymax></bndbox></object><object><name>proposal</name><bndbox><xmin>319</xmin><ymin>11</ymin><xmax>39</xmax><ymax>29</ymax></bndbox></object><object><name>proposal</name><bndbox><xmin>5</xmin><ymin>7</ymin><xmax>353</xmax><ymax>457</ymax></bndbox></object><object><name>proposal</name><bndbox><xmin>312</xmin><ymin>251</ymin><xmax>130</xmax><ymax>65</ymax></bndbox></object><object><name>proposal</name><bndbox><xmin>277</xmin><ymin>424</ymin><xmax>77</xmax><ymax>53</ymax></bndbox></object><object><name>proposal</name><bndbox><xmin>276</xmin><ymin>238</ymin><xmax>174</xmax><ymax>331</ymax></bndbox></object><object><name>proposal</name><bndbox><xmin>393</xmin><ymin>222</ymin><xmax>53</xmax><ymax>53</ymax></bndbox></object><object><name>proposal</name><bndbox><xmin>277</xmin><ymin>381</ymin><xmax>76</xmax><ymax>80</ymax></bndbox></object><object><name>proposal</name><bndbox><xmin>4</xmin><ymin>6</ymin><xmax>354</xmax><ymax>125</ymax></bndbox></object><object><name>proposal</name><bndbox><xmin>277</xmin><ymin>388</ymin><xmax>114</xmax><ymax>71</ymax></bndbox></object><object><name>proposal</name><bndbox><xmin>277</xmin><ymin>247</ymin><xmax>104</xmax><ymax>274</ymax></bndbox></object><object><name>proposal</name><bndbox><xmin>156</xmin><ymin>361</ymin><xmax>29</xmax><ymax>39</ymax></bndbox></object><object><name>proposal</name><bndbox><xmin>277</xmin><ymin>221</ymin><xmax>273</xmax><ymax>245</ymax></bndbox></object><object><name>proposal</name><bndbox><xmin>329</xmin><ymin>28</ymin><xmax>46</xmax><ymax>34</ymax></bndbox></object><object><name>proposal</name><bndbox><xmin>368</xmin><ymin>225</ymin><xmax>39</xmax><ymax>42</ymax></bndbox></object><object><name>proposal</name><bndbox><xmin>5</xmin><ymin>7</ymin><xmax>96</xmax><ymax>50</ymax></bndbox></object><object><name>proposal</name><bndbox><xmin>6</xmin><ymin>86</ymin><xmax>218</xmax><ymax>322</ymax></bndbox></object><object><name>proposal</name><bndbox><xmin>277</xmin><ymin>276</ymin><xmax>129</xmax><ymax>183</ymax></bndbox></object><object><name>proposal</name><bndbox><xmin>276</xmin><ymin>353</ymin><xmax>88</xmax><ymax>106</ymax></bndbox></object><object><name>proposal</name><bndbox><xmin>366</xmin><ymin>252</ymin><xmax>93</xmax><ymax>93</ymax></bndbox></object><object><name>proposal</name><bndbox><xmin>330</xmin><ymin>11</ymin><xmax>42</xmax><ymax>29</ymax></bndbox></object><object><name>proposal</name><bndbox><xmin>290</xmin><ymin>245</ymin><xmax>152</xmax><ymax>89</ymax></bndbox></object><object><name>proposal</name><bndbox><xmin>253</xmin><ymin>397</ymin><xmax>69</xmax><ymax>63</ymax></bndbox></object><object><name>proposal</name><bndbox><xmin>644</xmin><ymin>176</ymin><xmax>49</xmax><ymax>49</ymax></bndbox></object><object><name>proposal</name><bndbox><xmin>369</xmin><ymin>218</ymin><xmax>124</xmax><ymax>58</ymax></bndbox></object><object><name>proposal</name><bndbox><xmin>282</xmin><ymin>309</ymin><xmax>53</xmax><ymax>69</ymax></bndbox></object><object><name>proposal</name><bndbox><xmin>4</xmin><ymin>5</ymin><xmax>66</xmax><ymax>103</ymax></bndbox></object><object><name>proposal</name><bndbox><xmin>647</xmin><ymin>184</ymin><xmax>61</xmax><ymax>39</ymax></bndbox></object><object><name>proposal</name><bndbox><xmin>328</xmin><ymin>1</ymin><xmax>29</xmax><ymax>42</ymax></bndbox></object><object><name>proposal</name><bndbox><xmin>283</xmin><ymin>310</ymin><xmax>36</xmax><ymax>73</ymax></bndbox></object><object><name>proposal</name><bndbox><xmin>223</xmin><ymin>424</ymin><xmax>100</xmax><ymax>48</ymax></bndbox></object><object><name>proposal</name><bndbox><xmin>333</xmin><ymin>225</ymin><xmax>79</xmax><ymax>43</ymax></bndbox></object><object><name>proposal</name><bndbox><xmin>271</xmin><ymin>424</ymin><xmax>55</xmax><ymax>142</ymax></bndbox></object><object><name>proposal</name><bndbox><xmin>277</xmin><ymin>423</ymin><xmax>119</xmax><ymax>53</ymax></bndbox></object><object><name>proposal</name><bndbox><xmin>4</xmin><ymin>28</ymin><xmax>460</xmax><ymax>350</ymax></bndbox></object><object><name>proposal</name><bndbox><xmin>277</xmin><ymin>200</ymin><xmax>223</xmax><ymax>332</ymax></bndbox></object><object><name>proposal</name><bndbox><xmin>124</xmin><ymin>461</ymin><xmax>54</xmax><ymax>77</ymax></bndbox></object><object><name>proposal</name><bndbox><xmin>6</xmin><ymin>50</ymin><xmax>217</xmax><ymax>78</ymax></bndbox></object><object><name>proposal</name><bndbox><xmin>6</xmin><ymin>88</ymin><xmax>448</xmax><ymax>187</ymax></bndbox></object><object><name>proposal</name><bndbox><xmin>366</xmin><ymin>177</ymin><xmax>93</xmax><ymax>101</ymax></bndbox></object><object><name>proposal</name><bndbox><xmin>329</xmin><ymin>236</ymin><xmax>79</xmax><ymax>37</ymax></bndbox></object><object><name>proposal</name><bndbox><xmin>621</xmin><ymin>211</ymin><xmax>70</xmax><ymax>33</ymax></bndbox></object><object><name>proposal</name><bndbox><xmin>276</xmin><ymin>313</ymin><xmax>102</xmax><ymax>159</ymax></bndbox></object><object><name>proposal</name><bndbox><xmin>311</xmin><ymin>29</ymin><xmax>47</xmax><ymax>25</ymax></bndbox></object><object><name>proposal</name><bndbox><xmin>320</xmin><ymin>28</ymin><xmax>46</xmax><ymax>37</ymax></bndbox></object><object><name>proposal</name><bndbox><xmin>60</xmin><ymin>239</ymin><xmax>299</xmax><ymax>138</ymax></bndbox></object><object><name>proposal</name><bndbox><xmin>368</xmin><ymin>248</ymin><xmax>76</xmax><ymax>123</ymax></bndbox></object><object><name>proposal</name><bndbox><xmin>258</xmin><ymin>420</ymin><xmax>63</xmax><ymax>114</ymax></bndbox></object><object><name>proposal</name><bndbox><xmin>280</xmin><ymin>196</ymin><xmax>132</xmax><ymax>188</ymax></bndbox></object><object><name>proposal</name><bndbox><xmin>277</xmin><ymin>170</ymin><xmax>133</xmax><ymax>293</ymax></bndbox></object><object><name>proposal</name><bndbox><xmin>155</xmin><ymin>361</ymin><xmax>42</xmax><ymax>33</ymax></bndbox></object><object><name>proposal</name><bndbox><xmin>253</xmin><ymin>357</ymin><xmax>68</xmax><ymax>104</ymax></bndbox></object><object><name>proposal</name><bndbox><xmin>328</xmin><ymin>239</ymin><xmax>114</xmax><ymax>121</ymax></bndbox></object><object><name>proposal</name><bndbox><xmin>268</xmin><ymin>307</ymin><xmax>53</xmax><ymax>157</ymax></bndbox></object><object><name>proposal</name><bndbox><xmin>647</xmin><ymin>210</ymin><xmax>60</xmax><ymax>49</ymax></bndbox></object><object><name>proposal</name><bndbox><xmin>328</xmin><ymin>155</ymin><xmax>115</xmax><ymax>121</ymax></bndbox></object><object><name>proposal</name><bndbox><xmin>4</xmin><ymin>7</ymin><xmax>225</xmax><ymax>149</ymax></bndbox></object><object><name>proposal</name><bndbox><xmin>321</xmin><ymin>239</ymin><xmax>89</xmax><ymax>51</ymax></bndbox></object><object><name>proposal</name><bndbox><xmin>381</xmin><ymin>37</ymin><xmax>38</xmax><ymax>21</ymax></bndbox></object><object><name>proposal</name><bndbox><xmin>329</xmin><ymin>26</ymin><xmax>87</xmax><ymax>35</ymax></bndbox></object><object><name>proposal</name><bndbox><xmin>326</xmin><ymin>28</ymin><xmax>38</xmax><ymax>55</ymax></bndbox></object><object><name>proposal</name><bndbox><xmin>311</xmin><ymin>28</ymin><xmax>45</xmax><ymax>49</ymax></bndbox></object><object><name>proposal</name><bndbox><xmin>125</xmin><ymin>424</ymin><xmax>199</xmax><ymax>113</ymax></bndbox></object><object><name>proposal</name><bndbox><xmin>154</xmin><ymin>227</ymin><xmax>204</xmax><ymax>152</ymax></bndbox></object><object><name>proposal</name><bndbox><xmin>277</xmin><ymin>394</ymin><xmax>44</xmax><ymax>87</ymax></bndbox></object><object><name>proposal</name><bndbox><xmin>365</xmin><ymin>213</ymin><xmax>45</xmax><ymax>57</ymax></bndbox></object><object><name>proposal</name><bndbox><xmin>277</xmin><ymin>425</ymin><xmax>111</xmax><ymax>87</ymax></bndbox></object><object><name>proposal</name><bndbox><xmin>312</xmin><ymin>238</ymin><xmax>130</xmax><ymax>62</ymax></bndbox></object><object><name>proposal</name><bndbox><xmin>367</xmin><ymin>251</ymin><xmax>45</xmax><ymax>66</ymax></bndbox></object><object><name>proposal</name><bndbox><xmin>369</xmin><ymin>251</ymin><xmax>127</xmax><ymax>84</ymax></bndbox></object><object><name>proposal</name><bndbox><xmin>646</xmin><ymin>153</ymin><xmax>45</xmax><ymax>69</ymax></bndbox></object><object><name>proposal</name><bndbox><xmin>646</xmin><ymin>209</ymin><xmax>45</xmax><ymax>69</ymax></bndbox></object><object><name>proposal</name><bndbox><xmin>621</xmin><ymin>184</ymin><xmax>70</xmax><ymax>39</ymax></bndbox></object><object><name>proposal</name><bndbox><xmin>64</xmin><ymin>247</ymin><xmax>282</xmax><ymax>293</ymax></bndbox></object><object><name>proposal</name><bndbox><xmin>277</xmin><ymin>417</ymin><xmax>61</xmax><ymax>117</ymax></bndbox></object><object><name>proposal</name><bndbox><xmin>386</xmin><ymin>31</ymin><xmax>31</xmax><ymax>31</ymax></bndbox></object><object><name>proposal</name><bndbox><xmin>151</xmin><ymin>138</ymin><xmax>207</xmax><ymax>239</ymax></bndbox></object><object><name>proposal</name><bndbox><xmin>389</xmin><ymin>257</ymin><xmax>53</xmax><ymax>81</ymax></bndbox></object><object><name>proposal</name><bndbox><xmin>266</xmin><ymin>238</ymin><xmax>228</xmax><ymax>399</ymax></bndbox></object><object><name>proposal</name><bndbox><xmin>151</xmin><ymin>361</ymin><xmax>31</xmax><ymax>31</ymax></bndbox></object><object><name>proposal</name><bndbox><xmin>368</xmin><ymin>187</ymin><xmax>132</xmax><ymax>87</ymax></bndbox></object><object><name>proposal</name><bndbox><xmin>131</xmin><ymin>482</ymin><xmax>27</xmax><ymax>47</ymax></bndbox></object><object><name>proposal</name><bndbox><xmin>248</xmin><ymin>126</ymin><xmax>111</xmax><ymax>247</ymax></bndbox></object><object><name>proposal</name><bndbox><xmin>236</xmin><ymin>221</ymin><xmax>122</xmax><ymax>153</ymax></bndbox></object><object><name>proposal</name><bndbox><xmin>153</xmin><ymin>310</ymin><xmax>168</xmax><ymax>152</ymax></bndbox></object><object><name>proposal</name><bndbox><xmin>282</xmin><ymin>309</ymin><xmax>45</xmax><ymax>95</ymax></bndbox></object><object><name>proposal</name><bndbox><xmin>277</xmin><ymin>210</ymin><xmax>416</xmax><ymax>249</ymax></bndbox></object><object><name>proposal</name><bndbox><xmin>329</xmin><ymin>27</ymin><xmax>29</xmax><ymax>70</ymax></bndbox></object><object><name>proposal</name><bndbox><xmin>387</xmin><ymin>203</ymin><xmax>59</xmax><ymax>74</ymax></bndbox></object><object><name>proposal</name><bndbox><xmin>276</xmin><ymin>424</ymin><xmax>102</xmax><ymax>142</ymax></bndbox></object><object><name>proposal</name><bndbox><xmin>234</xmin><ymin>424</ymin><xmax>88</xmax><ymax>139</ymax></bndbox></object><object><name>proposal</name><bndbox><xmin>151</xmin><ymin>361</ymin><xmax>39</xmax><ymax>45</ymax></bndbox></object><object><name>proposal</name><bndbox><xmin>6</xmin><ymin>7</ymin><xmax>217</xmax><ymax>532</ymax></bndbox></object><object><name>proposal</name><bndbox><xmin>370</xmin><ymin>199</ymin><xmax>47</xmax><ymax>69</ymax></bndbox></object><object><name>proposal</name><bndbox><xmin>151</xmin><ymin>239</ymin><xmax>207</xmax><ymax>220</ymax></bndbox></object><object><name>proposal</name><bndbox><xmin>14</xmin><ymin>226</ymin><xmax>348</xmax><ymax>233</ymax></bndbox></object><object><name>proposal</name><bndbox><xmin>277</xmin><ymin>425</ymin><xmax>161</xmax><ymax>75</ymax></bndbox></object><object><name>proposal</name><bndbox><xmin>333</xmin><ymin>211</ymin><xmax>91</xmax><ymax>56</ymax></bndbox></object><object><name>proposal</name><bndbox><xmin>368</xmin><ymin>132</ymin><xmax>75</xmax><ymax>144</ymax></bndbox></object><object><name>proposal</name><bndbox><xmin>369</xmin><ymin>238</ymin><xmax>107</xmax><ymax>41</ymax></bndbox></object><object><name>proposal</name><bndbox><xmin>124</xmin><ymin>416</ymin><xmax>199</xmax><ymax>75</ymax></bndbox></object><object><name>proposal</name><bndbox><xmin>193</xmin><ymin>424</ymin><xmax>128</xmax><ymax>64</ymax></bndbox></object><object><name>proposal</name><bndbox><xmin>224</xmin><ymin>366</ymin><xmax>101</xmax><ymax>93</ymax></bndbox></object><object><name>proposal</name><bndbox><xmin>228</xmin><ymin>239</ymin><xmax>179</xmax><ymax>220</ymax></bndbox></object><object><name>proposal</name><bndbox><xmin>313</xmin><ymin>252</ymin><xmax>162</xmax><ymax>80</ymax></bndbox></object><object><name>proposal</name><bndbox><xmin>153</xmin><ymin>358</ymin><xmax>28</xmax><ymax>56</ymax></bndbox></object><object><name>proposal</name><bndbox><xmin>213</xmin><ymin>424</ymin><xmax>112</xmax><ymax>97</ymax></bndbox></object><object><name>proposal</name><bndbox><xmin>277</xmin><ymin>401</ymin><xmax>161</xmax><ymax>69</ymax></bndbox></object><object><name>proposal</name><bndbox><xmin>125</xmin><ymin>310</ymin><xmax>197</xmax><ymax>228</ymax></bndbox></object><object><name>proposal</name><bndbox><xmin>61</xmin><ymin>461</ymin><xmax>100</xmax><ymax>76</ymax></bndbox></object><object><name>proposal</name><bndbox><xmin>303</xmin><ymin>4</ymin><xmax>55</xmax><ymax>38</ymax></bndbox></object><object><name>proposal</name><bndbox><xmin>89</xmin><ymin>481</ymin><xmax>72</xmax><ymax>57</ymax></bndbox></object><object><name>proposal</name><bndbox><xmin>217</xmin><ymin>610</ymin><xmax>34</xmax><ymax>31</ymax></bndbox></object><object><name>proposal</name><bndbox><xmin>145</xmin><ymin>414</ymin><xmax>176</xmax><ymax>55</ymax></bndbox></object><object><name>proposal</name><bndbox><xmin>400</xmin><ymin>232</ymin><xmax>42</xmax><ymax>42</ymax></bndbox></object><object><name>proposal</name><bndbox><xmin>260</xmin><ymin>345</ymin><xmax>135</xmax><ymax>115</ymax></bndbox></object><object><name>proposal</name><bndbox><xmin>280</xmin><ymin>435</ymin><xmax>41</xmax><ymax>24</ymax></bndbox></object><object><name>proposal</name><bndbox><xmin>329</xmin><ymin>25</ymin><xmax>66</xmax><ymax>45</ymax></bndbox></object><object><name>proposal</name><bndbox><xmin>329</xmin><ymin>3</ymin><xmax>67</xmax><ymax>37</ymax></bndbox></object><object><name>proposal</name><bndbox><xmin>173</xmin><ymin>388</ymin><xmax>148</xmax><ymax>71</ymax></bndbox></object><object><name>proposal</name><bndbox><xmin>8</xmin><ymin>5</ymin><xmax>131</xmax><ymax>61</ymax></bndbox></object><object><name>proposal</name><bndbox><xmin>247</xmin><ymin>366</ymin><xmax>101</xmax><ymax>93</ymax></bndbox></object><object><name>proposal</name><bndbox><xmin>112</xmin><ymin>259</ymin><xmax>226</xmax><ymax>230</ymax></bndbox></object><object><name>proposal</name><bndbox><xmin>637</xmin><ymin>168</ymin><xmax>69</xmax><ymax>54</ymax></bndbox></object><object><name>proposal</name><bndbox><xmin>225</xmin><ymin>604</ymin><xmax>26</xmax><ymax>35</ymax></bndbox></object><object><name>proposal</name><bndbox><xmin>395</xmin><ymin>22</ymin><xmax>22</xmax><ymax>38</ymax></bndbox></object><object><name>proposal</name><bndbox><xmin>395</xmin><ymin>49</ymin><xmax>22</xmax><ymax>38</ymax></bndbox></object><object><name>proposal</name><bndbox><xmin>123</xmin><ymin>411</ymin><xmax>31</xmax><ymax>79</ymax></bndbox></object><object><name>proposal</name><bndbox><xmin>239</xmin><ymin>247</ymin><xmax>107</xmax><ymax>229</ymax></bndbox></object><object><name>proposal</name><bndbox><xmin>369</xmin><ymin>222</ymin><xmax>55</xmax><ymax>47</ymax></bndbox></object><object><name>proposal</name><bndbox><xmin>219</xmin><ymin>396</ymin><xmax>108</xmax><ymax>65</ymax></bndbox></object><object><name>proposal</name><bndbox><xmin>329</xmin><ymin>26</ymin><xmax>50</xmax><ymax>20</ymax></bndbox></object><object><name>proposal</name><bndbox><xmin>286</xmin><ymin>245</ymin><xmax>235</xmax><ymax>113</ymax></bndbox></object><object><name>proposal</name><bndbox><xmin>314</xmin><ymin>239</ymin><xmax>97</xmax><ymax>106</ymax></bndbox></object><object><name>proposal</name><bndbox><xmin>207</xmin><ymin>26</ymin><xmax>152</xmax><ymax>350</ymax></bndbox></object><object><name>proposal</name><bndbox><xmin>98</xmin><ymin>461</ymin><xmax>60</xmax><ymax>124</ymax></bndbox></object><object><name>proposal</name><bndbox><xmin>124</xmin><ymin>238</ymin><xmax>318</xmax><ymax>252</ymax></bndbox></object><object><name>proposal</name><bndbox><xmin>277</xmin><ymin>181</ymin><xmax>257</xmax><ymax>195</ymax></bndbox></object><object><name>proposal</name><bndbox><xmin>6</xmin><ymin>48</ymin><xmax>218</xmax><ymax>139</ymax></bndbox></object><object><name>proposal</name><bndbox><xmin>276</xmin><ymin>27</ymin><xmax>176</xmax><ymax>432</ymax></bndbox></object><object><name>proposal</name><bndbox><xmin>328</xmin><ymin>16</ymin><xmax>96</xmax><ymax>42</ymax></bndbox></object><object><name>proposal</name><bndbox><xmin>329</xmin><ymin>28</ymin><xmax>89</xmax><ymax>51</ymax></bndbox></object><object><name>proposal</name><bndbox><xmin>277</xmin><ymin>116</ymin><xmax>241</xmax><ymax>343</ymax></bndbox></object><object><name>proposal</name><bndbox><xmin>369</xmin><ymin>252</ymin><xmax>95</xmax><ymax>143</ymax></bndbox></object><object><name>proposal</name><bndbox><xmin>322</xmin><ymin>116</ymin><xmax>136</xmax><ymax>176</ymax></bndbox></object><object><name>proposal</name><bndbox><xmin>323</xmin><ymin>163</ymin><xmax>171</xmax><ymax>119</ymax></bndbox></object><object><name>proposal</name><bndbox><xmin>280</xmin><ymin>310</ymin><xmax>85</xmax><ymax>75</ymax></bndbox></object><object><name>proposal</name><bndbox><xmin>277</xmin><ymin>394</ymin><xmax>81</xmax><ymax>85</ymax></bndbox></object><object><name>proposal</name><bndbox><xmin>368</xmin><ymin>251</ymin><xmax>39</xmax><ymax>33</ymax></bndbox></object><object><name>proposal</name><bndbox><xmin>282</xmin><ymin>276</ymin><xmax>134</xmax><ymax>104</ymax></bndbox></object><object><name>proposal</name><bndbox><xmin>382</xmin><ymin>49</ymin><xmax>34</xmax><ymax>37</ymax></bndbox></object><object><name>proposal</name><bndbox><xmin>106</xmin><ymin>420</ymin><xmax>47</xmax><ymax>69</ymax></bndbox></object><object><name>proposal</name><bndbox><xmin>621</xmin><ymin>210</ymin><xmax>73</xmax><ymax>56</ymax></bndbox></object><object><name>proposal</name><bndbox><xmin>329</xmin><ymin>189</ymin><xmax>84</xmax><ymax>80</ymax></bndbox></object><object><name>proposal</name><bndbox><xmin>64</xmin><ymin>353</ymin><xmax>32</xmax><ymax>28</ymax></bndbox></object><object><name>proposal</name><bndbox><xmin>124</xmin><ymin>464</ymin><xmax>73</xmax><ymax>35</ymax></bndbox></object><object><name>proposal</name><bndbox><xmin>64</xmin><ymin>353</ymin><xmax>21</xmax><ymax>42</ymax></bndbox></object><object><name>proposal</name><bndbox><xmin>124</xmin><ymin>425</ymin><xmax>201</xmax><ymax>179</ymax></bndbox></object><object><name>proposal</name><bndbox><xmin>155</xmin><ymin>358</ymin><xmax>41</xmax><ymax>55</ymax></bndbox></object><object><name>proposal</name><bndbox><xmin>6</xmin><ymin>5</ymin><xmax>446</xmax><ymax>599</ymax></bndbox></object><object><name>proposal</name><bndbox><xmin>318</xmin><ymin>221</ymin><xmax>127</xmax><ymax>70</ymax></bndbox></object><object><name>proposal</name><bndbox><xmin>31</xmin><ymin>391</ymin><xmax>35</xmax><ymax>22</ymax></bndbox></object><object><name>proposal</name><bndbox><xmin>426</xmin><ymin>116</ymin><xmax>29</xmax><ymax>39</ymax></bndbox></object><object><name>proposal</name><bndbox><xmin>326</xmin><ymin>28</ymin><xmax>125</xmax><ymax>253</ymax></bndbox></object><object><name>proposal</name><bndbox><xmin>94</xmin><ymin>360</ymin><xmax>229</xmax><ymax>129</ymax></bndbox></object><object><name>proposal</name><bndbox><xmin>285</xmin><ymin>29</ymin><xmax>71</xmax><ymax>40</ymax></bndbox></object><object><name>proposal</name><bndbox><xmin>6</xmin><ymin>8</ymin><xmax>112</xmax><ymax>93</ymax></bndbox></object><object><name>proposal</name><bndbox><xmin>425</xmin><ymin>88</ymin><xmax>26</xmax><ymax>41</ymax></bndbox></object><object><name>proposal</name><bndbox><xmin>267</xmin><ymin>151</ymin><xmax>179</xmax><ymax>226</ymax></bndbox></object><object><name>proposal</name><bndbox><xmin>383</xmin><ymin>31</ymin><xmax>47</xmax><ymax>27</ymax></bndbox></object><object><name>proposal</name><bndbox><xmin>140</xmin><ymin>361</ymin><xmax>46</xmax><ymax>40</ymax></bndbox></object><object><name>proposal</name><bndbox><xmin>368</xmin><ymin>145</ymin><xmax>125</xmax><ymax>129</ymax></bndbox></object><object><name>proposal</name><bndbox><xmin>301</xmin><ymin>29</ymin><xmax>71</xmax><ymax>40</ymax></bndbox></object><object><name>proposal</name><bndbox><xmin>153</xmin><ymin>361</ymin><xmax>61</xmax><ymax>36</ymax></bndbox></object><object><name>proposal</name><bndbox><xmin>386</xmin><ymin>257</ymin><xmax>60</xmax><ymax>50</ymax></bndbox></object><object><name>proposal</name><bndbox><xmin>124</xmin><ymin>462</ymin><xmax>115</xmax><ymax>75</ymax></bndbox></object><object><name>proposal</name><bndbox><xmin>394</xmin><ymin>33</ymin><xmax>32</xmax><ymax>26</ymax></bndbox></object><object><name>proposal</name><bndbox><xmin>365</xmin><ymin>35</ymin><xmax>51</xmax><ymax>23</ymax></bndbox></object><object><name>proposal</name><bndbox><xmin>154</xmin><ymin>321</ymin><xmax>31</xmax><ymax>58</ymax></bndbox></object><object><name>proposal</name><bndbox><xmin>360</xmin><ymin>189</ymin><xmax>51</xmax><ymax>81</ymax></bndbox></object><object><name>proposal</name><bndbox><xmin>103</xmin><ymin>488</ymin><xmax>55</xmax><ymax>63</ymax></bndbox></object><object><name>proposal</name><bndbox><xmin>337</xmin><ymin>239</ymin><xmax>41</xmax><ymax>24</ymax></bndbox></object><object><name>proposal</name><bndbox><xmin>6</xmin><ymin>7</ymin><xmax>448</xmax><ymax>177</ymax></bndbox></object><object><name>proposal</name><bndbox><xmin>226</xmin><ymin>26</ymin><xmax>216</xmax><ymax>348</ymax></bndbox></object><object><name>proposal</name><bndbox><xmin>325</xmin><ymin>245</ymin><xmax>92</xmax><ymax>76</ymax></bndbox></object><object><name>proposal</name><bndbox><xmin>109</xmin><ymin>482</ymin><xmax>49</xmax><ymax>49</ymax></bndbox></object><object><name>proposal</name><bndbox><xmin>316</xmin><ymin>29</ymin><xmax>49</xmax><ymax>69</ymax></bndbox></object><object><name>proposal</name><bndbox><xmin>327</xmin><ymin>29</ymin><xmax>49</xmax><ymax>69</ymax></bndbox></object><object><name>proposal</name><bndbox><xmin>242</xmin><ymin>413</ymin><xmax>80</xmax><ymax>77</ymax></bndbox></object><object><name>proposal</name><bndbox><xmin>284</xmin><ymin>446</ymin><xmax>38</xmax><ymax>55</ymax></bndbox></object><object><name>proposal</name><bndbox><xmin>325</xmin><ymin>19</ymin><xmax>38</xmax><ymax>21</ymax></bndbox></object><object><name>proposal</name><bndbox><xmin>281</xmin><ymin>127</ymin><xmax>93</xmax><ymax>247</ymax></bndbox></object><object><name>proposal</name><bndbox><xmin>51</xmin><ymin>95</ymin><xmax>309</xmax><ymax>444</ymax></bndbox></object><object><name>proposal</name><bndbox><xmin>4</xmin><ymin>7</ymin><xmax>691</xmax><ymax>372</ymax></bndbox></object><object><name>proposal</name><bndbox><xmin>282</xmin><ymin>308</ymin><xmax>114</xmax><ymax>65</ymax></bndbox></object><object><name>proposal</name><bndbox><xmin>96</xmin><ymin>438</ymin><xmax>57</xmax><ymax>53</ymax></bndbox></object><object><name>proposal</name><bndbox><xmin>281</xmin><ymin>211</ymin><xmax>414</xmax><ymax>162</ymax></bndbox></object><object><name>proposal</name><bndbox><xmin>283</xmin><ymin>261</ymin><xmax>65</xmax><ymax>167</ymax></bndbox></object><object><name>proposal</name><bndbox><xmin>1</xmin><ymin>388</ymin><xmax>42</xmax><ymax>21</ymax></bndbox></object><object><name>proposal</name><bndbox><xmin>337</xmin><ymin>214</ymin><xmax>24</xmax><ymax>35</ymax></bndbox></object><object><name>proposal</name><bndbox><xmin>25</xmin><ymin>463</ymin><xmax>135</xmax><ymax>87</ymax></bndbox></object><object><name>proposal</name><bndbox><xmin>279</xmin><ymin>45</ymin><xmax>137</xmax><ymax>328</ymax></bndbox></object><object><name>proposal</name><bndbox><xmin>368</xmin><ymin>231</ymin><xmax>74</xmax><ymax>59</ymax></bndbox></object><object><name>proposal</name><bndbox><xmin>96</xmin><ymin>431</ymin><xmax>62</xmax><ymax>108</ymax></bndbox></object><object><name>proposal</name><bndbox><xmin>47</xmin><ymin>463</ymin><xmax>113</xmax><ymax>121</ymax></bndbox></object><object><name>proposal</name><bndbox><xmin>368</xmin><ymin>250</ymin><xmax>159</xmax><ymax>104</ymax></bndbox></object><object><name>proposal</name><bndbox><xmin>151</xmin><ymin>346</ymin><xmax>31</xmax><ymax>31</ymax></bndbox></object><object><name>proposal</name><bndbox><xmin>247</xmin><ymin>420</ymin><xmax>99</xmax><ymax>142</ymax></bndbox></object><object><name>proposal</name><bndbox><xmin>11</xmin><ymin>381</ymin><xmax>31</xmax><ymax>31</ymax></bndbox></object><object><name>proposal</name><bndbox><xmin>400</xmin><ymin>260</ymin><xmax>42</xmax><ymax>48</ymax></bndbox></object><object><name>proposal</name><bndbox><xmin>277</xmin><ymin>374</ymin><xmax>155</xmax><ymax>113</ymax></bndbox></object><object><name>proposal</name><bndbox><xmin>603</xmin><ymin>174</ymin><xmax>91</xmax><ymax>48</ymax></bndbox></object><object><name>proposal</name><bndbox><xmin>337</xmin><ymin>251</ymin><xmax>71</xmax><ymax>32</ymax></bndbox></object><object><name>proposal</name><bndbox><xmin>273</xmin><ymin>232</ymin><xmax>362</xmax><ymax>403</ymax></bndbox></object><object><name>proposal</name><bndbox><xmin>31</xmin><ymin>387</ymin><xmax>41</xmax><ymax>22</ymax></bndbox></object><object><name>proposal</name><bndbox><xmin>31</xmin><ymin>220</ymin><xmax>329</xmax><ymax>400</ymax></bndbox></object><object><name>proposal</name><bndbox><xmin>328</xmin><ymin>236</ymin><xmax>115</xmax><ymax>207</ymax></bndbox></object><object><name>proposal</name><bndbox><xmin>64</xmin><ymin>309</ymin><xmax>258</xmax><ymax>181</ymax></bndbox></object><object><name>proposal</name><bndbox><xmin>99</xmin><ymin>308</ymin><xmax>225</xmax><ymax>333</ymax></bndbox></object><object><name>proposal</name><bndbox><xmin>385</xmin><ymin>49</ymin><xmax>35</xmax><ymax>28</ymax></bndbox></object><object><name>proposal</name><bndbox><xmin>237</xmin><ymin>611</ymin><xmax>56</xmax><ymax>28</ymax></bndbox></object><object><name>proposal</name><bndbox><xmin>366</xmin><ymin>196</ymin><xmax>192</xmax><ymax>78</ymax></bndbox></object><object><name>proposal</name><bndbox><xmin>131</xmin><ymin>489</ymin><xmax>84</xmax><ymax>49</ymax></bndbox></object><object><name>proposal</name><bndbox><xmin>317</xmin><ymin>28</ymin><xmax>69</xmax><ymax>51</ymax></bndbox></object><object><name>proposal</name><bndbox><xmin>100</xmin><ymin>237</ymin><xmax>344</xmax><ymax>425</ymax></bndbox></object><object><name>proposal</name><bndbox><xmin>148</xmin><ymin>309</ymin><xmax>33</xmax><ymax>70</ymax></bndbox></object><object><name>proposal</name><bndbox><xmin>31</xmin><ymin>391</ymin><xmax>24</xmax><ymax>41</ymax></bndbox></object><object><name>proposal</name><bndbox><xmin>284</xmin><ymin>417</ymin><xmax>45</xmax><ymax>42</ymax></bndbox></object><object><name>proposal</name><bndbox><xmin>124</xmin><ymin>424</ymin><xmax>271</xmax><ymax>149</ymax></bndbox></object><object><name>proposal</name><bndbox><xmin>66</xmin><ymin>404</ymin><xmax>93</xmax><ymax>133</ymax></bndbox></object><object><name>proposal</name><bndbox><xmin>329</xmin><ymin>239</ymin><xmax>49</xmax><ymax>53</ymax></bndbox></object><object><name>proposal</name><bndbox><xmin>153</xmin><ymin>361</ymin><xmax>50</xmax><ymax>21</ymax></bndbox></object><object><name>proposal</name><bndbox><xmin>393</xmin><ymin>37</ymin><xmax>42</xmax><ymax>21</ymax></bndbox></object><object><name>proposal</name><bndbox><xmin>277</xmin><ymin>29</ymin><xmax>302</xmax><ymax>435</ymax></bndbox></object><object><name>proposal</name><bndbox><xmin>363</xmin><ymin>251</ymin><xmax>89</xmax><ymax>192</ymax></bndbox></object><object><name>proposal</name><bndbox><xmin>93</xmin><ymin>401</ymin><xmax>68</xmax><ymax>88</ymax></bndbox></object><object><name>proposal</name><bndbox><xmin>348</xmin><ymin>243</ymin><xmax>59</xmax><ymax>25</ymax></bndbox></object><object><name>proposal</name><bndbox><xmin>149</xmin><ymin>308</ymin><xmax>165</xmax><ymax>71</ymax></bndbox></object><object><name>proposal</name><bndbox><xmin>425</xmin><ymin>116</ymin><xmax>42</xmax><ymax>20</ymax></bndbox></object><object><name>proposal</name><bndbox><xmin>232</xmin><ymin>421</ymin><xmax>89</xmax><ymax>222</ymax></bndbox></object><object><name>proposal</name><bndbox><xmin>370</xmin><ymin>252</ymin><xmax>48</xmax><ymax>96</ymax></bndbox></object><object><name>proposal</name><bndbox><xmin>388</xmin><ymin>167</ymin><xmax>58</xmax><ymax>114</ymax></bndbox></object><object><name>proposal</name><bndbox><xmin>329</xmin><ymin>17</ymin><xmax>85</xmax><ymax>29</ymax></bndbox></object><object><name>proposal</name><bndbox><xmin>396</xmin><ymin>50</ymin><xmax>29</xmax><ymax>42</ymax></bndbox></object><object><name>proposal</name><bndbox><xmin>396</xmin><ymin>18</ymin><xmax>29</xmax><ymax>42</ymax></bndbox></object><object><name>proposal</name><bndbox><xmin>145</xmin><ymin>281</ymin><xmax>183</xmax><ymax>97</ymax></bndbox></object><object><name>proposal</name><bndbox><xmin>84</xmin><ymin>461</ymin><xmax>71</xmax><ymax>28</ymax></bndbox></object><object><name>proposal</name><bndbox><xmin>276</xmin><ymin>130</ymin><xmax>168</xmax><ymax>144</ymax></bndbox></object><object><name>proposal</name><bndbox><xmin>127</xmin><ymin>343</ymin><xmax>54</xmax><ymax>34</ymax></bndbox></object><object><name>proposal</name><bndbox><xmin>647</xmin><ymin>209</ymin><xmax>64</xmax><ymax>80</ymax></bndbox></object><object><name>proposal</name><bndbox><xmin>124</xmin><ymin>361</ymin><xmax>59</xmax><ymax>128</ymax></bndbox></object><object><name>proposal</name><bndbox><xmin>646</xmin><ymin>120</ymin><xmax>46</xmax><ymax>104</ymax></bndbox></object><object><name>proposal</name><bndbox><xmin>274</xmin><ymin>281</ymin><xmax>192</xmax><ymax>224</ymax></bndbox></object><object><name>proposal</name><bndbox><xmin>282</xmin><ymin>26</ymin><xmax>248</xmax><ymax>348</ymax></bndbox></object><object><name>proposal</name><bndbox><xmin>125</xmin><ymin>358</ymin><xmax>87</xmax><ymax>182</ymax></bndbox></object><object><name>proposal</name><bndbox><xmin>374</xmin><ymin>25</ymin><xmax>46</xmax><ymax>34</ymax></bndbox></object><object><name>proposal</name><bndbox><xmin>382</xmin><ymin>14</ymin><xmax>34</xmax><ymax>46</ymax></bndbox></object><object><name>proposal</name><bndbox><xmin>193</xmin><ymin>611</ymin><xmax>61</xmax><ymax>28</ymax></bndbox></object><object><name>proposal</name><bndbox><xmin>11</xmin><ymin>391</ymin><xmax>31</xmax><ymax>31</ymax></bndbox></object><object><name>proposal</name><bndbox><xmin>40</xmin><ymin>345</ymin><xmax>41</xmax><ymax>26</ymax></bndbox></object><object><name>proposal</name><bndbox><xmin>17</xmin><ymin>370</ymin><xmax>26</xmax><ymax>38</ymax></bndbox></object><object><name>proposal</name><bndbox><xmin>64</xmin><ymin>353</ymin><xmax>51</xmax><ymax>23</ymax></bndbox></object><object><name>proposal</name><bndbox><xmin>65</xmin><ymin>448</ymin><xmax>91</xmax><ymax>41</ymax></bndbox></object><object><name>proposal</name><bndbox><xmin>31</xmin><ymin>391</ymin><xmax>34</xmax><ymax>34</ymax></bndbox></object><object><name>proposal</name><bndbox><xmin>217</xmin><ymin>590</ymin><xmax>34</xmax><ymax>50</ymax></bndbox></object><object><name>proposal</name><bndbox><xmin>424</xmin><ymin>116</ymin><xmax>45</xmax><ymax>33</ymax></bndbox></object><object><name>proposal</name><bndbox><xmin>40</xmin><ymin>488</ymin><xmax>119</xmax><ymax>50</ymax></bndbox></object><object><name>proposal</name><bndbox><xmin>23</xmin><ymin>388</ymin><xmax>135</xmax><ymax>152</ymax></bndbox></object><object><name>proposal</name><bndbox><xmin>647</xmin><ymin>141</ymin><xmax>64</xmax><ymax>84</ymax></bndbox></object><object><name>proposal</name><bndbox><xmin>154</xmin><ymin>321</ymin><xmax>49</xmax><ymax>57</ymax></bndbox></object><object><name>proposal</name><bndbox><xmin>123</xmin><ymin>420</ymin><xmax>65</xmax><ymax>119</ymax></bndbox></object><object><name>proposal</name><bndbox><xmin>59</xmin><ymin>320</ymin><xmax>23</xmax><ymax>51</ymax></bndbox></object><object><name>proposal</name><bndbox><xmin>35</xmin><ymin>22</ymin><xmax>22</xmax><ymax>35</ymax></bndbox></object><object><name>proposal</name><bndbox><xmin>35</xmin><ymin>49</ymin><xmax>22</xmax><ymax>35</ymax></bndbox></object><object><name>proposal</name><bndbox><xmin>120</xmin><ymin>463</ymin><xmax>156</xmax><ymax>87</ymax></bndbox></object><object><name>proposal</name><bndbox><xmin>338</xmin><ymin>239</ymin><xmax>29</xmax><ymax>45</ymax></bndbox></object><object><name>proposal</name><bndbox><xmin>389</xmin><ymin>219</ymin><xmax>142</xmax><ymax>55</ymax></bndbox></object><object><name>proposal</name><bndbox><xmin>131</xmin><ymin>487</ymin><xmax>45</xmax><ymax>53</ymax></bndbox></object><object><name>proposal</name><bndbox><xmin>348</xmin><ymin>251</ymin><xmax>59</xmax><ymax>25</ymax></bndbox></object><object><name>proposal</name><bndbox><xmin>155</xmin><ymin>358</ymin><xmax>61</xmax><ymax>28</ymax></bndbox></object><object><name>proposal</name><bndbox><xmin>131</xmin><ymin>489</ymin><xmax>64</xmax><ymax>124</ymax></bndbox></object><object><name>proposal</name><bndbox><xmin>28</xmin><ymin>353</ymin><xmax>54</xmax><ymax>59</ymax></bndbox></object><object><name>proposal</name><bndbox><xmin>369</xmin><ymin>248</ymin><xmax>124</xmax><ymax>52</ymax></bndbox></object><object><name>proposal</name><bndbox><xmin>329</xmin><ymin>27</ymin><xmax>68</xmax><ymax>68</ymax></bndbox></object><object><name>proposal</name><bndbox><xmin>187</xmin><ymin>163</ymin><xmax>255</xmax><ymax>211</ymax></bndbox></object><object><name>proposal</name><bndbox><xmin>368</xmin><ymin>116</ymin><xmax>156</xmax><ymax>160</ymax></bndbox></object><object><name>proposal</name><bndbox><xmin>322</xmin><ymin>29</ymin><xmax>40</xmax><ymax>91</ymax></bndbox></object><object><name>proposal</name><bndbox><xmin>421</xmin><ymin>116</ymin><xmax>31</xmax><ymax>31</ymax></bndbox></object><object><name>proposal</name><bndbox><xmin>144</xmin><ymin>361</ymin><xmax>37</xmax><ymax>75</ymax></bndbox></object><object><name>proposal</name><bndbox><xmin>63</xmin><ymin>351</ymin><xmax>29</xmax><ymax>48</ymax></bndbox></object><object><name>proposal</name><bndbox><xmin>365</xmin><ymin>49</ymin><xmax>51</xmax><ymax>25</ymax></bndbox></object><object><name>proposal</name><bndbox><xmin>127</xmin><ymin>21</ymin><xmax>232</xmax><ymax>438</ymax></bndbox></object><object><name>proposal</name><bndbox><xmin>131</xmin><ymin>361</ymin><xmax>51</xmax><ymax>25</ymax></bndbox></object><object><name>proposal</name><bndbox><xmin>76</xmin><ymin>393</ymin><xmax>41</xmax><ymax>26</ymax></bndbox></object><object><name>proposal</name><bndbox><xmin>343</xmin><ymin>532</ymin><xmax>22</xmax><ymax>35</ymax></bndbox></object><object><name>proposal</name><bndbox><xmin>296</xmin><ymin>27</ymin><xmax>62</xmax><ymax>68</ymax></bndbox></object><object><name>proposal</name><bndbox><xmin>330</xmin><ymin>18</ymin><xmax>48</xmax><ymax>39</ymax></bndbox></object><object><name>proposal</name><bndbox><xmin>281</xmin><ymin>116</ymin><xmax>412</xmax><ymax>257</ymax></bndbox></object><object><name>proposal</name><bndbox><xmin>369</xmin><ymin>225</ymin><xmax>83</xmax><ymax>43</ymax></bndbox></object><object><name>proposal</name><bndbox><xmin>77</xmin><ymin>430</ymin><xmax>77</xmax><ymax>61</ymax></bndbox></object><object><name>proposal</name><bndbox><xmin>115</xmin><ymin>394</ymin><xmax>40</xmax><ymax>96</ymax></bndbox></object><object><name>proposal</name><bndbox><xmin>203</xmin><ymin>599</ymin><xmax>49</xmax><ymax>45</ymax></bndbox></object><object><name>proposal</name><bndbox><xmin>4</xmin><ymin>50</ymin><xmax>309</xmax><ymax>107</ymax></bndbox></object><object><name>proposal</name><bndbox><xmin>64</xmin><ymin>352</ymin><xmax>53</xmax><ymax>69</ymax></bndbox></object><object><name>proposal</name><bndbox><xmin>156</xmin><ymin>361</ymin><xmax>39</xmax><ymax>75</ymax></bndbox></object><object><name>proposal</name><bndbox><xmin>389</xmin><ymin>116</ymin><xmax>67</xmax><ymax>159</ymax></bndbox></object><object><name>proposal</name><bndbox><xmin>423</xmin><ymin>116</ymin><xmax>28</xmax><ymax>56</ymax></bndbox></object><object><name>proposal</name><bndbox><xmin>634</xmin><ymin>210</ymin><xmax>57</xmax><ymax>98</ymax></bndbox></object><object><name>proposal</name><bndbox><xmin>127</xmin><ymin>361</ymin><xmax>60</xmax><ymax>49</ymax></bndbox></object><object><name>proposal</name><bndbox><xmin>140</xmin><ymin>361</ymin><xmax>60</xmax><ymax>49</ymax></bndbox></object><object><name>proposal</name><bndbox><xmin>4</xmin><ymin>89</ymin><xmax>687</xmax><ymax>401</ymax></bndbox></object><object><name>proposal</name><bndbox><xmin>5</xmin><ymin>8</ymin><xmax>161</xmax><ymax>71</ymax></bndbox></object><object><name>proposal</name><bndbox><xmin>326</xmin><ymin>239</ymin><xmax>65</xmax><ymax>41</ymax></bndbox></object><object><name>proposal</name><bndbox><xmin>325</xmin><ymin>238</ymin><xmax>57</xmax><ymax>81</ymax></bndbox></object><object><name>proposal</name><bndbox><xmin>99</xmin><ymin>403</ymin><xmax>24</xmax><ymax>41</ymax></bndbox></object><object><name>proposal</name><bndbox><xmin>51</xmin><ymin>341</ymin><xmax>31</xmax><ymax>31</ymax></bndbox></object><object><name>proposal</name><bndbox><xmin>123</xmin><ymin>359</ymin><xmax>59</xmax><ymax>21</ymax></bndbox></object><object><name>proposal</name><bndbox><xmin>253</xmin><ymin>424</ymin><xmax>37</xmax><ymax>34</ymax></bndbox></object><object><name>proposal</name><bndbox><xmin>246</xmin><ymin>417</ymin><xmax>45</xmax><ymax>39</ymax></bndbox></object><object><name>proposal</name><bndbox><xmin>29</xmin><ymin>352</ymin><xmax>89</xmax><ymax>69</ymax></bndbox></object><object><name>proposal</name><bndbox><xmin>151</xmin><ymin>578</ymin><xmax>42</xmax><ymax>27</ymax></bndbox></object><object><name>proposal</name><bndbox><xmin>228</xmin><ymin>134</ymin><xmax>183</xmax><ymax>243</ymax></bndbox></object><object><name>proposal</name><bndbox><xmin>368</xmin><ymin>251</ymin><xmax>125</xmax><ymax>183</ymax></bndbox></object><object><name>proposal</name><bndbox><xmin>386</xmin><ymin>50</ymin><xmax>30</xmax><ymax>56</ymax></bndbox></object><object><name>proposal</name><bndbox><xmin>284</xmin><ymin>397</ymin><xmax>44</xmax><ymax>65</ymax></bndbox></object><object><name>proposal</name><bndbox><xmin>114</xmin><ymin>331</ymin><xmax>69</xmax><ymax>47</ymax></bndbox></object><object><name>proposal</name><bndbox><xmin>29</xmin><ymin>353</ymin><xmax>152</xmax><ymax>67</ymax></bndbox></object><object><name>proposal</name><bndbox><xmin>335</xmin><ymin>203</ymin><xmax>23</xmax><ymax>51</ymax></bndbox></object><object><name>proposal</name><bndbox><xmin>114</xmin><ymin>361</ymin><xmax>67</xmax><ymax>33</ymax></bndbox></object><object><name>proposal</name><bndbox><xmin>34</xmin><ymin>49</ymin><xmax>32</xmax><ymax>28</ymax></bndbox></object><object><name>proposal</name><bndbox><xmin>36</xmin><ymin>26</ymin><xmax>31</xmax><ymax>31</ymax></bndbox></object><object><name>proposal</name><bndbox><xmin>348</xmin><ymin>252</ymin><xmax>63</xmax><ymax>94</ymax></bndbox></object><object><name>proposal</name><bndbox><xmin>156</xmin><ymin>301</ymin><xmax>39</xmax><ymax>79</ymax></bndbox></object><object><name>proposal</name><bndbox><xmin>383</xmin><ymin>50</ymin><xmax>45</xmax><ymax>45</ymax></bndbox></object><object><name>proposal</name><bndbox><xmin>173</xmin><ymin>586</ymin><xmax>81</xmax><ymax>54</ymax></bndbox></object><object><name>proposal</name><bndbox><xmin>124</xmin><ymin>385</ymin><xmax>40</xmax><ymax>105</ymax></bndbox></object><object><name>proposal</name><bndbox><xmin>331</xmin><ymin>238</ymin><xmax>71</xmax><ymax>26</ymax></bndbox></object><object><name>proposal</name><bndbox><xmin>129</xmin><ymin>489</ymin><xmax>104</xmax><ymax>72</ymax></bndbox></object><object><name>proposal</name><bndbox><xmin>204</xmin><ymin>309</ymin><xmax>98</xmax><ymax>66</ymax></bndbox></object><object><name>proposal</name><bndbox><xmin>188</xmin><ymin>611</ymin><xmax>64</xmax><ymax>54</ymax></bndbox></object><object><name>proposal</name><bndbox><xmin>121</xmin><ymin>415</ymin><xmax>131</xmax><ymax>126</ymax></bndbox></object><object><name>proposal</name><bndbox><xmin>30</xmin><ymin>390</ymin><xmax>292</xmax><ymax>147</ymax></bndbox></object><object><name>proposal</name><bndbox><xmin>155</xmin><ymin>353</ymin><xmax>71</xmax><ymax>26</ymax></bndbox></object><object><name>proposal</name><bndbox><xmin>141</xmin><ymin>694</ymin><xmax>38</xmax><ymax>21</ymax></bndbox></object><object><name>proposal</name><bndbox><xmin>157</xmin><ymin>684</ymin><xmax>21</xmax><ymax>33</ymax></bndbox></object><object><name>proposal</name><bndbox><xmin>68</xmin><ymin>399</ymin><xmax>51</xmax><ymax>21</ymax></bndbox></object><object><name>proposal</name><bndbox><xmin>384</xmin><ymin>49</ymin><xmax>54</xmax><ymax>37</ymax></bndbox></object><object><name>proposal</name><bndbox><xmin>417</xmin><ymin>85</ymin><xmax>39</xmax><ymax>45</ymax></bndbox></object><object><name>proposal</name><bndbox><xmin>22</xmin><ymin>49</ymin><xmax>35</xmax><ymax>28</ymax></bndbox></object><object><name>proposal</name><bndbox><xmin>169</xmin><ymin>687</ymin><xmax>35</xmax><ymax>22</ymax></bndbox></object><object><name>proposal</name><bndbox><xmin>423</xmin><ymin>72</ymin><xmax>28</xmax><ymax>61</ymax></bndbox></object><object><name>proposal</name><bndbox><xmin>350</xmin><ymin>553</ymin><xmax>19</xmax><ymax>42</ymax></bndbox></object><object><name>proposal</name><bndbox><xmin>261</xmin><ymin>28</ymin><xmax>96</xmax><ymax>46</ymax></bndbox></object><object><name>proposal</name><bndbox><xmin>365</xmin><ymin>43</ymin><xmax>51</xmax><ymax>21</ymax></bndbox></object><object><name>proposal</name><bndbox><xmin>31</xmin><ymin>376</ymin><xmax>37</xmax><ymax>34</ymax></bndbox></object><object><name>proposal</name><bndbox><xmin>169</xmin><ymin>693</ymin><xmax>35</xmax><ymax>24</ymax></bndbox></object><object><name>proposal</name><bndbox><xmin>64</xmin><ymin>351</ymin><xmax>42</xmax><ymax>42</ymax></bndbox></object><object><name>proposal</name><bndbox><xmin>180</xmin><ymin>296</ymin><xmax>138</xmax><ymax>77</ymax></bndbox></object><object><name>proposal</name><bndbox><xmin>325</xmin><ymin>544</ymin><xmax>42</xmax><ymax>21</ymax></bndbox></object><object><name>proposal</name><bndbox><xmin>388</xmin><ymin>253</ymin><xmax>55</xmax><ymax>152</ymax></bndbox></object><object><name>proposal</name><bndbox><xmin>171</xmin><ymin>554</ymin><xmax>23</xmax><ymax>51</ymax></bndbox></object><object><name>proposal</name><bndbox><xmin>384</xmin><ymin>257</ymin><xmax>59</xmax><ymax>25</ymax></bndbox></object><object><name>proposal</name><bndbox><xmin>32</xmin><ymin>337</ymin><xmax>50</xmax><ymax>34</ymax></bndbox></object><object><name>proposal</name><bndbox><xmin>401</xmin><ymin>103</ymin><xmax>51</xmax><ymax>27</ymax></bndbox></object><object><name>proposal</name><bndbox><xmin>24</xmin><ymin>353</ymin><xmax>59</xmax><ymax>23</ymax></bndbox></object><object><name>proposal</name><bndbox><xmin>208</xmin><ymin>248</ymin><xmax>138</xmax><ymax>83</ymax></bndbox></object><object><name>proposal</name><bndbox><xmin>328</xmin><ymin>221</ymin><xmax>32</xmax><ymax>26</ymax></bndbox></object><object><name>proposal</name><bndbox><xmin>277</xmin><ymin>151</ymin><xmax>71</xmax><ymax>173</ymax></bndbox></object><object><name>proposal</name><bndbox><xmin>349</xmin><ymin>525</ymin><xmax>21</xmax><ymax>42</ymax></bndbox></object><object><name>proposal</name><bndbox><xmin>100</xmin><ymin>403</ymin><xmax>51</xmax><ymax>25</ymax></bndbox></object><object><name>proposal</name><bndbox><xmin>220</xmin><ymin>569</ymin><xmax>33</xmax><ymax>70</ymax></bndbox></object><object><name>proposal</name><bndbox><xmin>59</xmin><ymin>352</ymin><xmax>23</xmax><ymax>55</ymax></bndbox></object><object><name>proposal</name><bndbox><xmin>386</xmin><ymin>41</ymin><xmax>31</xmax><ymax>31</ymax></bndbox></object><object><name>proposal</name><bndbox><xmin>64</xmin><ymin>343</ymin><xmax>48</xmax><ymax>29</ymax></bndbox></object><object><name>proposal</name><bndbox><xmin>155</xmin><ymin>346</ymin><xmax>48</xmax><ymax>31</ymax></bndbox></object><object><name>proposal</name><bndbox><xmin>232</xmin><ymin>589</ymin><xmax>21</xmax><ymax>50</ymax></bndbox></object><object><name>proposal</name><bndbox><xmin>612</xmin><ymin>203</ymin><xmax>79</xmax><ymax>29</ymax></bndbox></object><object><name>proposal</name><bndbox><xmin>31</xmin><ymin>352</ymin><xmax>151</xmax><ymax>138</ymax></bndbox></object><object><name>proposal</name><bndbox><xmin>177</xmin><ymin>587</ymin><xmax>50</xmax><ymax>20</ymax></bndbox></object><object><name>proposal</name><bndbox><xmin>137</xmin><ymin>688</ymin><xmax>42</xmax><ymax>21</ymax></bndbox></object><object><name>proposal</name><bndbox><xmin>169</xmin><ymin>691</ymin><xmax>42</xmax><ymax>21</ymax></bndbox></object><object><name>proposal</name><bndbox><xmin>219</xmin><ymin>418</ymin><xmax>79</xmax><ymax>39</ymax></bndbox></object><object><name>proposal</name><bndbox><xmin>148</xmin><ymin>583</ymin><xmax>45</xmax><ymax>27</ymax></bndbox></object><object><name>proposal</name><bndbox><xmin>31</xmin><ymin>50</ymin><xmax>29</xmax><ymax>48</ymax></bndbox></object><object><name>proposal</name><bndbox><xmin>248</xmin><ymin>228</ymin><xmax>111</xmax><ymax>69</ymax></bndbox></object><object><name>proposal</name><bndbox><xmin>122</xmin><ymin>452</ymin><xmax>70</xmax><ymax>38</ymax></bndbox></object><object><name>proposal</name><bndbox><xmin>126</xmin><ymin>486</ymin><xmax>31</xmax><ymax>31</ymax></bndbox></object><object><name>proposal</name><bndbox><xmin>100</xmin><ymin>399</ymin><xmax>51</xmax><ymax>21</ymax></bndbox></object><object><name>proposal</name><bndbox><xmin>177</xmin><ymin>554</ymin><xmax>23</xmax><ymax>51</ymax></bndbox></object><object><name>proposal</name><bndbox><xmin>40</xmin><ymin>353</ymin><xmax>41</xmax><ymax>28</ymax></bndbox></object><object><name>proposal</name><bndbox><xmin>1</xmin><ymin>368</ymin><xmax>42</xmax><ymax>42</ymax></bndbox></object><object><name>proposal</name><bndbox><xmin>309</xmin><ymin>22</ymin><xmax>50</xmax><ymax>21</ymax></bndbox></object><object><name>proposal</name><bndbox><xmin>317</xmin><ymin>226</ymin><xmax>42</xmax><ymax>22</ymax></bndbox></object><object><name>proposal</name><bndbox><xmin>351</xmin><ymin>411</ymin><xmax>31</xmax><ymax>31</ymax></bndbox></object><object><name>proposal</name><bndbox><xmin>346</xmin><ymin>536</ymin><xmax>31</xmax><ymax>31</ymax></bndbox></object><object><name>proposal</name><bndbox><xmin>238</xmin><ymin>609</ymin><xmax>21</xmax><ymax>50</ymax></bndbox></object><object><name>proposal</name><bndbox><xmin>177</xmin><ymin>586</ymin><xmax>25</xmax><ymax>51</ymax></bndbox></object><object><name>proposal</name><bndbox><xmin>151</xmin><ymin>676</ymin><xmax>31</xmax><ymax>31</ymax></bndbox></object><object><name>proposal</name><bndbox><xmin>326</xmin><ymin>16</ymin><xmax>31</xmax><ymax>31</ymax></bndbox></object></annotation>