<annotation><folder>Proposals</folder><filename>img-35.jpg</filename><size><width>720</width><height>720</height><depth>3</depth></size><object><name>proposal</name><bndbox><xmin>300</xmin><ymin>276</ymin><xmax>124</xmax><ymax>57</ymax></bndbox></object><object><name>proposal</name><bndbox><xmin>77</xmin><ymin>50</ymin><xmax>81</xmax><ymax>53</ymax></bndbox></object><object><name>proposal</name><bndbox><xmin>302</xmin><ymin>275</ymin><xmax>136</xmax><ymax>81</ymax></bndbox></object><object><name>proposal</name><bndbox><xmin>82</xmin><ymin>27</ymin><xmax>67</xmax><ymax>37</ymax></bndbox></object><object><name>proposal</name><bndbox><xmin>293</xmin><ymin>266</ymin><xmax>132</xmax><ymax>126</ymax></bndbox></object><object><name>proposal</name><bndbox><xmin>77</xmin><ymin>85</ymin><xmax>81</xmax><ymax>49</ymax></bndbox></object><object><name>proposal</name><bndbox><xmin>236</xmin><ymin>275</ymin><xmax>192</xmax><ymax>87</ymax></bndbox></object><object><name>proposal</name><bndbox><xmin>75</xmin><ymin>48</ymin><xmax>114</xmax><ymax>58</ymax></bndbox></object><object><name>proposal</name><bndbox><xmin>304</xmin><ymin>276</ymin><xmax>126</xmax><ymax>158</ymax></bndbox></object><object><name>proposal</name><bndbox><xmin>77</xmin><ymin>21</ymin><xmax>80</xmax><ymax>84</ymax></bndbox></object><object><name>proposal</name><bndbox><xmin>191</xmin><ymin>14</ymin><xmax>242</xmax><ymax>78</ymax></bndbox></object><object><name>proposal</name><bndbox><xmin>40</xmin><ymin>49</ymin><xmax>119</xmax><ymax>57</ymax></bndbox></object><object><name>proposal</name><bndbox><xmin>77</xmin><ymin>8</ymin><xmax>69</xmax><ymax>56</ymax></bndbox></object><object><name>proposal</name><bndbox><xmin>218</xmin><ymin>62</ymin><xmax>64</xmax><ymax>36</ymax></bndbox></object><object><name>proposal</name><bndbox><xmin>286</xmin><ymin>276</ymin><xmax>187</xmax><ymax>97</ymax></bndbox></object><object><name>proposal</name><bndbox><xmin>77</xmin><ymin>85</ymin><xmax>80</xmax><ymax>76</ymax></bndbox></object><object><name>proposal</name><bndbox><xmin>238</xmin><ymin>275</ymin><xmax>186</xmax><ymax>137</ymax></bndbox></object><object><name>proposal</name><bndbox><xmin>218</xmin><ymin>34</ymin><xmax>64</xmax><ymax>39</ymax></bndbox></object><object><name>proposal</name><bndbox><xmin>181</xmin><ymin>13</ymin><xmax>257</xmax><ymax>319</ymax></bndbox></object><object><name>proposal</name><bndbox><xmin>76</xmin><ymin>10</ymin><xmax>354</xmax><ymax>121</ymax></bndbox></object><object><name>proposal</name><bndbox><xmin>193</xmin><ymin>14</ymin><xmax>247</xmax><ymax>123</ymax></bndbox></object><object><name>proposal</name><bndbox><xmin>364</xmin><ymin>48</ymin><xmax>66</xmax><ymax>28</ymax></bndbox></object><object><name>proposal</name><bndbox><xmin>69</xmin><ymin>498</ymin><xmax>53</xmax><ymax>69</ymax></bndbox></object><object><name>proposal</name><bndbox><xmin>78</xmin><ymin>16</ymin><xmax>114</xmax><ymax>87</ymax></bndbox></object><object><name>proposal</name><bndbox><xmin>77</xmin><ymin>50</ymin><xmax>203</xmax><ymax>75</ymax></bndbox></object><object><name>proposal</name><bndbox><xmin>71</xmin><ymin>48</ymin><xmax>88</xmax><ymax>88</ymax></bndbox></object><object><name>proposal</name><bndbox><xmin>40</xmin><ymin>83</ymin><xmax>119</xmax><ymax>53</ymax></bndbox></object><object><name>proposal</name><bndbox><xmin>361</xmin><ymin>23</ymin><xmax>70</xmax><ymax>35</ymax></bndbox></object><object><name>proposal</name><bndbox><xmin>77</xmin><ymin>26</ymin><xmax>203</xmax><ymax>79</ymax></bndbox></object><object><name>proposal</name><bndbox><xmin>267</xmin><ymin>274</ymin><xmax>160</xmax><ymax>192</ymax></bndbox></object><object><name>proposal</name><bndbox><xmin>77</xmin><ymin>14</ymin><xmax>396</xmax><ymax>321</ymax></bndbox></object><object><name>proposal</name><bndbox><xmin>304</xmin><ymin>106</ymin><xmax>135</xmax><ymax>228</ymax></bndbox></object><object><name>proposal</name><bndbox><xmin>660</xmin><ymin>3</ymin><xmax>57</xmax><ymax>31</ymax></bndbox></object><object><name>proposal</name><bndbox><xmin>302</xmin><ymin>244</ymin><xmax>124</xmax><ymax>89</ymax></bndbox></object><object><name>proposal</name><bndbox><xmin>78</xmin><ymin>49</ymin><xmax>141</xmax><ymax>71</ymax></bndbox></object><object><name>proposal</name><bndbox><xmin>78</xmin><ymin>85</ymin><xmax>141</xmax><ymax>60</ymax></bndbox></object><object><name>proposal</name><bndbox><xmin>170</xmin><ymin>274</ymin><xmax>254</xmax><ymax>117</ymax></bndbox></object><object><name>proposal</name><bndbox><xmin>52</xmin><ymin>17</ymin><xmax>96</xmax><ymax>48</ymax></bndbox></object><object><name>proposal</name><bndbox><xmin>302</xmin><ymin>274</ymin><xmax>164</xmax><ymax>192</ymax></bndbox></object><object><name>proposal</name><bndbox><xmin>82</xmin><ymin>50</ymin><xmax>67</xmax><ymax>36</ymax></bndbox></object><object><name>proposal</name><bndbox><xmin>78</xmin><ymin>498</ymin><xmax>45</xmax><ymax>29</ymax></bndbox></object><object><name>proposal</name><bndbox><xmin>181</xmin><ymin>95</ymin><xmax>38</xmax><ymax>24</ymax></bndbox></object><object><name>proposal</name><bndbox><xmin>81</xmin><ymin>13</ymin><xmax>96</xmax><ymax>52</ymax></bndbox></object><object><name>proposal</name><bndbox><xmin>218</xmin><ymin>62</ymin><xmax>62</xmax><ymax>59</ymax></bndbox></object><object><name>proposal</name><bndbox><xmin>304</xmin><ymin>275</ymin><xmax>213</xmax><ymax>137</ymax></bndbox></object><object><name>proposal</name><bndbox><xmin>361</xmin><ymin>48</ymin><xmax>69</xmax><ymax>45</ymax></bndbox></object><object><name>proposal</name><bndbox><xmin>181</xmin><ymin>112</ymin><xmax>37</xmax><ymax>31</ymax></bndbox></object><object><name>proposal</name><bndbox><xmin>70</xmin><ymin>51</ymin><xmax>87</xmax><ymax>187</ymax></bndbox></object><object><name>proposal</name><bndbox><xmin>8</xmin><ymin>51</ymin><xmax>152</xmax><ymax>67</ymax></bndbox></object><object><name>proposal</name><bndbox><xmin>217</xmin><ymin>19</ymin><xmax>73</xmax><ymax>54</ymax></bndbox></object><object><name>proposal</name><bndbox><xmin>660</xmin><ymin>14</ymin><xmax>57</xmax><ymax>68</ymax></bndbox></object><object><name>proposal</name><bndbox><xmin>182</xmin><ymin>14</ymin><xmax>264</xmax><ymax>193</ymax></bndbox></object><object><name>proposal</name><bndbox><xmin>181</xmin><ymin>62</ymin><xmax>102</xmax><ymax>57</ymax></bndbox></object><object><name>proposal</name><bndbox><xmin>53</xmin><ymin>83</ymin><xmax>111</xmax><ymax>87</ymax></bndbox></object><object><name>proposal</name><bndbox><xmin>25</xmin><ymin>16</ymin><xmax>132</xmax><ymax>87</ymax></bndbox></object><object><name>proposal</name><bndbox><xmin>303</xmin><ymin>271</ymin><xmax>138</xmax><ymax>270</ymax></bndbox></object><object><name>proposal</name><bndbox><xmin>69</xmin><ymin>496</ymin><xmax>54</xmax><ymax>40</ymax></bndbox></object><object><name>proposal</name><bndbox><xmin>204</xmin><ymin>61</ymin><xmax>87</xmax><ymax>44</ymax></bndbox></object><object><name>proposal</name><bndbox><xmin>661</xmin><ymin>13</ymin><xmax>54</xmax><ymax>28</ymax></bndbox></object><object><name>proposal</name><bndbox><xmin>641</xmin><ymin>14</ymin><xmax>75</xmax><ymax>45</ymax></bndbox></object><object><name>proposal</name><bndbox><xmin>76</xmin><ymin>51</ymin><xmax>205</xmax><ymax>117</ymax></bndbox></object><object><name>proposal</name><bndbox><xmin>19</xmin><ymin>51</ymin><xmax>138</xmax><ymax>100</ymax></bndbox></object><object><name>proposal</name><bndbox><xmin>78</xmin><ymin>14</ymin><xmax>403</xmax><ymax>189</ymax></bndbox></object><object><name>proposal</name><bndbox><xmin>65</xmin><ymin>13</ymin><xmax>365</xmax><ymax>451</ymax></bndbox></object><object><name>proposal</name><bndbox><xmin>85</xmin><ymin>499</ymin><xmax>37</xmax><ymax>37</ymax></bndbox></object><object><name>proposal</name><bndbox><xmin>221</xmin><ymin>274</ymin><xmax>217</xmax><ymax>223</ymax></bndbox></object><object><name>proposal</name><bndbox><xmin>77</xmin><ymin>50</ymin><xmax>93</xmax><ymax>114</ymax></bndbox></object><object><name>proposal</name><bndbox><xmin>29</xmin><ymin>51</ymin><xmax>132</xmax><ymax>176</ymax></bndbox></object><object><name>proposal</name><bndbox><xmin>167</xmin><ymin>276</ymin><xmax>257</xmax><ymax>185</ymax></bndbox></object><object><name>proposal</name><bndbox><xmin>365</xmin><ymin>8</ymin><xmax>69</xmax><ymax>49</ymax></bndbox></object><object><name>proposal</name><bndbox><xmin>76</xmin><ymin>10</ymin><xmax>208</xmax><ymax>123</ymax></bndbox></object><object><name>proposal</name><bndbox><xmin>8</xmin><ymin>680</ymin><xmax>29</xmax><ymax>37</ymax></bndbox></object><object><name>proposal</name><bndbox><xmin>224</xmin><ymin>96</ymin><xmax>222</xmax><ymax>237</ymax></bndbox></object><object><name>proposal</name><bndbox><xmin>75</xmin><ymin>81</ymin><xmax>110</xmax><ymax>104</ymax></bndbox></object><object><name>proposal</name><bndbox><xmin>661</xmin><ymin>11</ymin><xmax>54</xmax><ymax>44</ymax></bndbox></object><object><name>proposal</name><bndbox><xmin>179</xmin><ymin>81</ymin><xmax>39</xmax><ymax>39</ymax></bndbox></object><object><name>proposal</name><bndbox><xmin>185</xmin><ymin>15</ymin><xmax>96</xmax><ymax>56</ymax></bndbox></object><object><name>proposal</name><bndbox><xmin>303</xmin><ymin>276</ymin><xmax>257</xmax><ymax>185</ymax></bndbox></object><object><name>proposal</name><bndbox><xmin>281</xmin><ymin>96</ymin><xmax>222</xmax><ymax>237</ymax></bndbox></object><object><name>proposal</name><bndbox><xmin>77</xmin><ymin>84</ymin><xmax>157</xmax><ymax>85</ymax></bndbox></object><object><name>proposal</name><bndbox><xmin>62</xmin><ymin>51</ymin><xmax>156</xmax><ymax>196</ymax></bndbox></object><object><name>proposal</name><bndbox><xmin>179</xmin><ymin>5</ymin><xmax>536</xmax><ymax>328</ymax></bndbox></object><object><name>proposal</name><bndbox><xmin>95</xmin><ymin>496</ymin><xmax>27</xmax><ymax>59</ymax></bndbox></object><object><name>proposal</name><bndbox><xmin>25</xmin><ymin>5</ymin><xmax>121</xmax><ymax>61</ymax></bndbox></object><object><name>proposal</name><bndbox><xmin>601</xmin><ymin>5</ymin><xmax>42</xmax><ymax>20</ymax></bndbox></object><object><name>proposal</name><bndbox><xmin>365</xmin><ymin>45</ymin><xmax>68</xmax><ymax>68</ymax></bndbox></object><object><name>proposal</name><bndbox><xmin>4</xmin><ymin>609</ymin><xmax>35</xmax><ymax>28</ymax></bndbox></object><object><name>proposal</name><bndbox><xmin>76</xmin><ymin>51</ymin><xmax>204</xmax><ymax>197</ymax></bndbox></object><object><name>proposal</name><bndbox><xmin>77</xmin><ymin>85</ymin><xmax>93</xmax><ymax>135</ymax></bndbox></object><object><name>proposal</name><bndbox><xmin>167</xmin><ymin>88</ymin><xmax>50</xmax><ymax>31</ymax></bndbox></object><object><name>proposal</name><bndbox><xmin>77</xmin><ymin>49</ymin><xmax>99</xmax><ymax>238</ymax></bndbox></object><object><name>proposal</name><bndbox><xmin>97</xmin><ymin>499</ymin><xmax>26</xmax><ymax>41</ymax></bndbox></object><object><name>proposal</name><bndbox><xmin>218</xmin><ymin>62</ymin><xmax>63</xmax><ymax>107</ymax></bndbox></object><object><name>proposal</name><bndbox><xmin>366</xmin><ymin>16</ymin><xmax>96</xmax><ymax>42</ymax></bndbox></object><object><name>proposal</name><bndbox><xmin>365</xmin><ymin>48</ymin><xmax>75</xmax><ymax>89</ymax></bndbox></object><object><name>proposal</name><bndbox><xmin>8</xmin><ymin>666</ymin><xmax>29</xmax><ymax>42</ymax></bndbox></object><object><name>proposal</name><bndbox><xmin>366</xmin><ymin>48</ymin><xmax>96</xmax><ymax>44</ymax></bndbox></object><object><name>proposal</name><bndbox><xmin>302</xmin><ymin>46</ymin><xmax>248</xmax><ymax>287</ymax></bndbox></object><object><name>proposal</name><bndbox><xmin>5</xmin><ymin>609</ymin><xmax>35</xmax><ymax>99</ymax></bndbox></object><object><name>proposal</name><bndbox><xmin>263</xmin><ymin>243</ymin><xmax>162</xmax><ymax>321</ymax></bndbox></object><object><name>proposal</name><bndbox><xmin>37</xmin><ymin>510</ymin><xmax>49</xmax><ymax>57</ymax></bndbox></object><object><name>proposal</name><bndbox><xmin>635</xmin><ymin>10</ymin><xmax>80</xmax><ymax>77</ymax></bndbox></object><object><name>proposal</name><bndbox><xmin>69</xmin><ymin>493</ymin><xmax>76</xmax><ymax>76</ymax></bndbox></object><object><name>proposal</name><bndbox><xmin>77</xmin><ymin>51</ymin><xmax>142</xmax><ymax>139</ymax></bndbox></object><object><name>proposal</name><bndbox><xmin>614</xmin><ymin>13</ymin><xmax>101</xmax><ymax>57</ymax></bndbox></object><object><name>proposal</name><bndbox><xmin>69</xmin><ymin>495</ymin><xmax>63</xmax><ymax>98</ymax></bndbox></object><object><name>proposal</name><bndbox><xmin>219</xmin><ymin>14</ymin><xmax>108</xmax><ymax>57</ymax></bndbox></object><object><name>proposal</name><bndbox><xmin>181</xmin><ymin>85</ymin><xmax>50</xmax><ymax>34</ymax></bndbox></object><object><name>proposal</name><bndbox><xmin>585</xmin><ymin>5</ymin><xmax>132</xmax><ymax>76</ymax></bndbox></object><object><name>proposal</name><bndbox><xmin>181</xmin><ymin>111</ymin><xmax>51</xmax><ymax>25</ymax></bndbox></object><object><name>proposal</name><bndbox><xmin>304</xmin><ymin>196</ymin><xmax>126</xmax><ymax>158</ymax></bndbox></object><object><name>proposal</name><bndbox><xmin>78</xmin><ymin>49</ymin><xmax>362</xmax><ymax>136</ymax></bndbox></object><object><name>proposal</name><bndbox><xmin>77</xmin><ymin>85</ymin><xmax>142</xmax><ymax>132</ymax></bndbox></object><object><name>proposal</name><bndbox><xmin>105</xmin><ymin>498</ymin><xmax>56</xmax><ymax>28</ymax></bndbox></object><object><name>proposal</name><bndbox><xmin>181</xmin><ymin>62</ymin><xmax>101</xmax><ymax>106</ymax></bndbox></object><object><name>proposal</name><bndbox><xmin>4</xmin><ymin>688</ymin><xmax>34</xmax><ymax>32</ymax></bndbox></object><object><name>proposal</name><bndbox><xmin>181</xmin><ymin>109</ymin><xmax>37</xmax><ymax>50</ymax></bndbox></object><object><name>proposal</name><bndbox><xmin>301</xmin><ymin>230</ymin><xmax>232</xmax><ymax>102</ymax></bndbox></object><object><name>proposal</name><bndbox><xmin>661</xmin><ymin>12</ymin><xmax>54</xmax><ymax>108</ymax></bndbox></object><object><name>proposal</name><bndbox><xmin>186</xmin><ymin>250</ymin><xmax>242</xmax><ymax>82</ymax></bndbox></object><object><name>proposal</name><bndbox><xmin>415</xmin><ymin>129</ymin><xmax>35</xmax><ymax>24</ymax></bndbox></object><object><name>proposal</name><bndbox><xmin>4</xmin><ymin>687</ymin><xmax>35</xmax><ymax>22</ymax></bndbox></object><object><name>proposal</name><bndbox><xmin>77</xmin><ymin>263</ymin><xmax>351</xmax><ymax>168</ymax></bndbox></object><object><name>proposal</name><bndbox><xmin>337</xmin><ymin>49</ymin><xmax>94</xmax><ymax>57</ymax></bndbox></object><object><name>proposal</name><bndbox><xmin>219</xmin><ymin>61</ymin><xmax>108</xmax><ymax>55</ymax></bndbox></object><object><name>proposal</name><bndbox><xmin>411</xmin><ymin>106</ymin><xmax>31</xmax><ymax>31</ymax></bndbox></object><object><name>proposal</name><bndbox><xmin>11</xmin><ymin>610</ymin><xmax>28</xmax><ymax>38</ymax></bndbox></object><object><name>proposal</name><bndbox><xmin>171</xmin><ymin>111</ymin><xmax>56</xmax><ymax>32</ymax></bndbox></object><object><name>proposal</name><bndbox><xmin>583</xmin><ymin>46</ymin><xmax>22</xmax><ymax>35</ymax></bndbox></object><object><name>proposal</name><bndbox><xmin>406</xmin><ymin>129</ymin><xmax>32</xmax><ymax>28</ymax></bndbox></object><object><name>proposal</name><bndbox><xmin>415</xmin><ymin>127</ymin><xmax>24</xmax><ymax>35</ymax></bndbox></object><object><name>proposal</name><bndbox><xmin>167</xmin><ymin>111</ymin><xmax>51</xmax><ymax>25</ymax></bndbox></object><object><name>proposal</name><bndbox><xmin>179</xmin><ymin>61</ymin><xmax>123</xmax><ymax>80</ymax></bndbox></object><object><name>proposal</name><bndbox><xmin>583</xmin><ymin>70</ymin><xmax>22</xmax><ymax>32</ymax></bndbox></object><object><name>proposal</name><bndbox><xmin>77</xmin><ymin>112</ymin><xmax>361</xmax><ymax>220</ymax></bndbox></object><object><name>proposal</name><bndbox><xmin>64</xmin><ymin>232</ymin><xmax>360</xmax><ymax>107</ymax></bndbox></object><object><name>proposal</name><bndbox><xmin>68</xmin><ymin>477</ymin><xmax>55</xmax><ymax>103</ymax></bndbox></object><object><name>proposal</name><bndbox><xmin>8</xmin><ymin>681</ymin><xmax>45</xmax><ymax>29</ymax></bndbox></object><object><name>proposal</name><bndbox><xmin>181</xmin><ymin>6</ymin><xmax>363</xmax><ymax>378</ymax></bndbox></object><object><name>proposal</name><bndbox><xmin>304</xmin><ymin>187</ymin><xmax>273</xmax><ymax>145</ymax></bndbox></object><object><name>proposal</name><bndbox><xmin>233</xmin><ymin>111</ymin><xmax>331</xmax><ymax>221</ymax></bndbox></object><object><name>proposal</name><bndbox><xmin>263</xmin><ymin>263</ymin><xmax>269</xmax><ymax>261</ymax></bndbox></object><object><name>proposal</name><bndbox><xmin>302</xmin><ymin>273</ymin><xmax>198</xmax><ymax>327</ymax></bndbox></object><object><name>proposal</name><bndbox><xmin>37</xmin><ymin>498</ymin><xmax>86</xmax><ymax>68</ymax></bndbox></object><object><name>proposal</name><bndbox><xmin>77</xmin><ymin>33</ymin><xmax>123</xmax><ymax>110</ymax></bndbox></object><object><name>proposal</name><bndbox><xmin>53</xmin><ymin>50</ymin><xmax>227</xmax><ymax>290</ymax></bndbox></object><object><name>proposal</name><bndbox><xmin>8</xmin><ymin>609</ymin><xmax>49</xmax><ymax>101</ymax></bndbox></object><object><name>proposal</name><bndbox><xmin>301</xmin><ymin>126</ymin><xmax>343</xmax><ymax>206</ymax></bndbox></object><object><name>proposal</name><bndbox><xmin>81</xmin><ymin>47</ymin><xmax>99</xmax><ymax>40</ymax></bndbox></object><object><name>proposal</name><bndbox><xmin>153</xmin><ymin>112</ymin><xmax>64</xmax><ymax>29</ymax></bndbox></object><object><name>proposal</name><bndbox><xmin>103</xmin><ymin>272</ymin><xmax>322</xmax><ymax>255</ymax></bndbox></object><object><name>proposal</name><bndbox><xmin>79</xmin><ymin>496</ymin><xmax>40</xmax><ymax>58</ymax></bndbox></object><object><name>proposal</name><bndbox><xmin>75</xmin><ymin>31</ymin><xmax>257</xmax><ymax>176</ymax></bndbox></object><object><name>proposal</name><bndbox><xmin>82</xmin><ymin>34</ymin><xmax>66</xmax><ymax>41</ymax></bndbox></object><object><name>proposal</name><bndbox><xmin>166</xmin><ymin>212</ymin><xmax>258</xmax><ymax>123</ymax></bndbox></object><object><name>proposal</name><bndbox><xmin>406</xmin><ymin>113</ymin><xmax>32</xmax><ymax>24</ymax></bndbox></object><object><name>proposal</name><bndbox><xmin>31</xmin><ymin>47</ymin><xmax>126</xmax><ymax>287</ymax></bndbox></object><object><name>proposal</name><bndbox><xmin>600</xmin><ymin>5</ymin><xmax>116</xmax><ymax>52</ymax></bndbox></object><object><name>proposal</name><bndbox><xmin>599</xmin><ymin>4</ymin><xmax>46</xmax><ymax>34</ymax></bndbox></object><object><name>proposal</name><bndbox><xmin>182</xmin><ymin>109</ymin><xmax>55</xmax><ymax>41</ymax></bndbox></object><object><name>proposal</name><bndbox><xmin>182</xmin><ymin>62</ymin><xmax>35</xmax><ymax>61</ymax></bndbox></object><object><name>proposal</name><bndbox><xmin>109</xmin><ymin>496</ymin><xmax>37</xmax><ymax>31</ymax></bndbox></object><object><name>proposal</name><bndbox><xmin>166</xmin><ymin>11</ymin><xmax>265</xmax><ymax>554</ymax></bndbox></object><object><name>proposal</name><bndbox><xmin>105</xmin><ymin>499</ymin><xmax>24</xmax><ymax>41</ymax></bndbox></object><object><name>proposal</name><bndbox><xmin>8</xmin><ymin>666</ymin><xmax>45</xmax><ymax>42</ymax></bndbox></object><object><name>proposal</name><bndbox><xmin>105</xmin><ymin>482</ymin><xmax>53</xmax><ymax>45</ymax></bndbox></object><object><name>proposal</name><bndbox><xmin>45</xmin><ymin>497</ymin><xmax>79</xmax><ymax>41</ymax></bndbox></object><object><name>proposal</name><bndbox><xmin>303</xmin><ymin>270</ymin><xmax>334</xmax><ymax>227</ymax></bndbox></object><object><name>proposal</name><bndbox><xmin>103</xmin><ymin>496</ymin><xmax>25</xmax><ymax>59</ymax></bndbox></object><object><name>proposal</name><bndbox><xmin>645</xmin><ymin>11</ymin><xmax>72</xmax><ymax>36</ymax></bndbox></object><object><name>proposal</name><bndbox><xmin>75</xmin><ymin>479</ymin><xmax>47</xmax><ymax>55</ymax></bndbox></object><object><name>proposal</name><bndbox><xmin>221</xmin><ymin>271</ymin><xmax>204</xmax><ymax>366</ymax></bndbox></object><object><name>proposal</name><bndbox><xmin>77</xmin><ymin>497</ymin><xmax>42</xmax><ymax>20</ymax></bndbox></object><object><name>proposal</name><bndbox><xmin>68</xmin><ymin>498</ymin><xmax>36</xmax><ymax>70</ymax></bndbox></object><object><name>proposal</name><bndbox><xmin>91</xmin><ymin>487</ymin><xmax>31</xmax><ymax>39</ymax></bndbox></object><object><name>proposal</name><bndbox><xmin>103</xmin><ymin>499</ymin><xmax>37</xmax><ymax>37</ymax></bndbox></object><object><name>proposal</name><bndbox><xmin>302</xmin><ymin>221</ymin><xmax>401</xmax><ymax>124</ymax></bndbox></object><object><name>proposal</name><bndbox><xmin>179</xmin><ymin>56</ymin><xmax>157</xmax><ymax>69</ymax></bndbox></object><object><name>proposal</name><bndbox><xmin>8</xmin><ymin>645</ymin><xmax>41</xmax><ymax>65</ymax></bndbox></object><object><name>proposal</name><bndbox><xmin>62</xmin><ymin>81</ymin><xmax>95</xmax><ymax>207</ymax></bndbox></object><object><name>proposal</name><bndbox><xmin>103</xmin><ymin>498</ymin><xmax>36</xmax><ymax>67</ymax></bndbox></object><object><name>proposal</name><bndbox><xmin>7</xmin><ymin>676</ymin><xmax>34</xmax><ymax>34</ymax></bndbox></object><object><name>proposal</name><bndbox><xmin>69</xmin><ymin>498</ymin><xmax>82</xmax><ymax>114</ymax></bndbox></object><object><name>proposal</name><bndbox><xmin>179</xmin><ymin>75</ymin><xmax>60</xmax><ymax>45</ymax></bndbox></object><object><name>proposal</name><bndbox><xmin>160</xmin><ymin>109</ymin><xmax>60</xmax><ymax>41</ymax></bndbox></object><object><name>proposal</name><bndbox><xmin>13</xmin><ymin>610</ymin><xmax>37</xmax><ymax>40</ymax></bndbox></object><object><name>proposal</name><bndbox><xmin>105</xmin><ymin>498</ymin><xmax>60</xmax><ymax>41</ymax></bndbox></object><object><name>proposal</name><bndbox><xmin>576</xmin><ymin>51</ymin><xmax>31</xmax><ymax>31</ymax></bndbox></object><object><name>proposal</name><bndbox><xmin>62</xmin><ymin>48</ymin><xmax>376</xmax><ymax>212</ymax></bndbox></object><object><name>proposal</name><bndbox><xmin>69</xmin><ymin>68</ymin><xmax>91</xmax><ymax>43</ymax></bndbox></object><object><name>proposal</name><bndbox><xmin>599</xmin><ymin>1</ymin><xmax>116</xmax><ymax>115</ymax></bndbox></object><object><name>proposal</name><bndbox><xmin>415</xmin><ymin>113</ymin><xmax>35</xmax><ymax>24</ymax></bndbox></object><object><name>proposal</name><bndbox><xmin>69</xmin><ymin>498</ymin><xmax>79</xmax><ymax>40</ymax></bndbox></object><object><name>proposal</name><bndbox><xmin>300</xmin><ymin>204</ymin><xmax>117</xmax><ymax>97</ymax></bndbox></object><object><name>proposal</name><bndbox><xmin>586</xmin><ymin>43</ymin><xmax>31</xmax><ymax>37</ymax></bndbox></object><object><name>proposal</name><bndbox><xmin>5</xmin><ymin>609</ymin><xmax>76</xmax><ymax>100</ymax></bndbox></object><object><name>proposal</name><bndbox><xmin>396</xmin><ymin>108</ymin><xmax>42</xmax><ymax>29</ymax></bndbox></object><object><name>proposal</name><bndbox><xmin>67</xmin><ymin>498</ymin><xmax>91</xmax><ymax>56</ymax></bndbox></object><object><name>proposal</name><bndbox><xmin>105</xmin><ymin>496</ymin><xmax>28</xmax><ymax>32</ymax></bndbox></object><object><name>proposal</name><bndbox><xmin>87</xmin><ymin>498</ymin><xmax>37</xmax><ymax>67</ymax></bndbox></object><object><name>proposal</name><bndbox><xmin>237</xmin><ymin>136</ymin><xmax>24</xmax><ymax>32</ymax></bndbox></object><object><name>proposal</name><bndbox><xmin>35</xmin><ymin>508</ymin><xmax>50</xmax><ymax>87</ymax></bndbox></object><object><name>proposal</name><bndbox><xmin>586</xmin><ymin>70</ymin><xmax>31</xmax><ymax>37</ymax></bndbox></object><object><name>proposal</name><bndbox><xmin>56</xmin><ymin>507</ymin><xmax>30</xmax><ymax>61</ymax></bndbox></object><object><name>proposal</name><bndbox><xmin>11</xmin><ymin>596</ymin><xmax>29</xmax><ymax>42</ymax></bndbox></object><object><name>proposal</name><bndbox><xmin>36</xmin><ymin>50</ymin><xmax>183</xmax><ymax>110</ymax></bndbox></object><object><name>proposal</name><bndbox><xmin>219</xmin><ymin>58</ymin><xmax>104</xmax><ymax>109</ymax></bndbox></object><object><name>proposal</name><bndbox><xmin>24</xmin><ymin>68</ymin><xmax>135</xmax><ymax>48</ymax></bndbox></object><object><name>proposal</name><bndbox><xmin>68</xmin><ymin>272</ymin><xmax>356</xmax><ymax>365</ymax></bndbox></object><object><name>proposal</name><bndbox><xmin>166</xmin><ymin>75</ymin><xmax>60</xmax><ymax>45</ymax></bndbox></object><object><name>proposal</name><bndbox><xmin>65</xmin><ymin>11</ymin><xmax>482</xmax><ymax>557</ymax></bndbox></object><object><name>proposal</name><bndbox><xmin>258</xmin><ymin>236</ymin><xmax>167</xmax><ymax>158</ymax></bndbox></object><object><name>proposal</name><bndbox><xmin>13</xmin><ymin>509</ymin><xmax>73</xmax><ymax>59</ymax></bndbox></object><object><name>proposal</name><bndbox><xmin>415</xmin><ymin>86</ymin><xmax>23</xmax><ymax>51</ymax></bndbox></object><object><name>proposal</name><bndbox><xmin>8</xmin><ymin>689</ymin><xmax>45</xmax><ymax>29</ymax></bndbox></object><object><name>proposal</name><bndbox><xmin>77</xmin><ymin>477</ymin><xmax>47</xmax><ymax>79</ymax></bndbox></object><object><name>proposal</name><bndbox><xmin>4</xmin><ymin>610</ymin><xmax>39</xmax><ymax>42</ymax></bndbox></object><object><name>proposal</name><bndbox><xmin>642</xmin><ymin>11</ymin><xmax>74</xmax><ymax>125</ymax></bndbox></object><object><name>proposal</name><bndbox><xmin>181</xmin><ymin>48</ymin><xmax>259</xmax><ymax>121</ymax></bndbox></object><object><name>proposal</name><bndbox><xmin>585</xmin><ymin>68</ymin><xmax>23</xmax><ymax>47</ymax></bndbox></object><object><name>proposal</name><bndbox><xmin>339</xmin><ymin>47</ymin><xmax>99</xmax><ymax>115</ymax></bndbox></object><object><name>proposal</name><bndbox><xmin>365</xmin><ymin>49</ymin><xmax>148</xmax><ymax>55</ymax></bndbox></object><object><name>proposal</name><bndbox><xmin>7</xmin><ymin>670</ymin><xmax>73</xmax><ymax>39</ymax></bndbox></object><object><name>proposal</name><bndbox><xmin>11</xmin><ymin>608</ymin><xmax>39</xmax><ymax>29</ymax></bndbox></object><object><name>proposal</name><bndbox><xmin>67</xmin><ymin>498</ymin><xmax>128</xmax><ymax>68</ymax></bndbox></object><object><name>proposal</name><bndbox><xmin>181</xmin><ymin>111</ymin><xmax>47</xmax><ymax>63</ymax></bndbox></object><object><name>proposal</name><bndbox><xmin>599</xmin><ymin>5</ymin><xmax>73</xmax><ymax>29</ymax></bndbox></object><object><name>proposal</name><bndbox><xmin>554</xmin><ymin>59</ymin><xmax>51</xmax><ymax>21</ymax></bndbox></object><object><name>proposal</name><bndbox><xmin>12</xmin><ymin>610</ymin><xmax>60</xmax><ymax>41</ymax></bndbox></object><object><name>proposal</name><bndbox><xmin>81</xmin><ymin>39</ymin><xmax>107</xmax><ymax>37</ymax></bndbox></object><object><name>proposal</name><bndbox><xmin>181</xmin><ymin>111</ymin><xmax>81</xmax><ymax>58</ymax></bndbox></object><object><name>proposal</name><bndbox><xmin>8</xmin><ymin>639</ymin><xmax>26</xmax><ymax>66</ymax></bndbox></object><object><name>proposal</name><bndbox><xmin>1</xmin><ymin>23</ymin><xmax>157</xmax><ymax>113</ymax></bndbox></object><object><name>proposal</name><bndbox><xmin>586</xmin><ymin>5</ymin><xmax>61</xmax><ymax>77</ymax></bndbox></object><object><name>proposal</name><bndbox><xmin>365</xmin><ymin>48</ymin><xmax>149</xmax><ymax>90</ymax></bndbox></object><object><name>proposal</name><bndbox><xmin>8</xmin><ymin>496</ymin><xmax>115</xmax><ymax>212</ymax></bndbox></object><object><name>proposal</name><bndbox><xmin>102</xmin><ymin>498</ymin><xmax>78</xmax><ymax>55</ymax></bndbox></object><object><name>proposal</name><bndbox><xmin>401</xmin><ymin>111</ymin><xmax>47</xmax><ymax>27</ymax></bndbox></object><object><name>proposal</name><bndbox><xmin>401</xmin><ymin>129</ymin><xmax>47</xmax><ymax>25</ymax></bndbox></object><object><name>proposal</name><bndbox><xmin>585</xmin><ymin>32</ymin><xmax>23</xmax><ymax>51</ymax></bndbox></object><object><name>proposal</name><bndbox><xmin>181</xmin><ymin>61</ymin><xmax>177</xmax><ymax>107</ymax></bndbox></object><object><name>proposal</name><bndbox><xmin>595</xmin><ymin>5</ymin><xmax>60</xmax><ymax>43</ymax></bndbox></object><object><name>proposal</name><bndbox><xmin>316</xmin><ymin>49</ymin><xmax>117</xmax><ymax>77</ymax></bndbox></object><object><name>proposal</name><bndbox><xmin>63</xmin><ymin>50</ymin><xmax>219</xmax><ymax>517</ymax></bndbox></object><object><name>proposal</name><bndbox><xmin>141</xmin><ymin>82</ymin><xmax>79</xmax><ymax>39</ymax></bndbox></object><object><name>proposal</name><bndbox><xmin>67</xmin><ymin>271</ymin><xmax>498</xmax><ymax>295</ymax></bndbox></object><object><name>proposal</name><bndbox><xmin>586</xmin><ymin>5</ymin><xmax>129</xmax><ymax>159</ymax></bndbox></object><object><name>proposal</name><bndbox><xmin>33</xmin><ymin>83</ymin><xmax>188</xmax><ymax>210</ymax></bndbox></object><object><name>proposal</name><bndbox><xmin>585</xmin><ymin>70</ymin><xmax>42</xmax><ymax>21</ymax></bndbox></object><object><name>proposal</name><bndbox><xmin>102</xmin><ymin>498</ymin><xmax>57</xmax><ymax>66</ymax></bndbox></object><object><name>proposal</name><bndbox><xmin>235</xmin><ymin>157</ymin><xmax>24</xmax><ymax>41</ymax></bndbox></object><object><name>proposal</name><bndbox><xmin>160</xmin><ymin>61</ymin><xmax>59</xmax><ymax>59</ymax></bndbox></object><object><name>proposal</name><bndbox><xmin>160</xmin><ymin>111</ymin><xmax>59</xmax><ymax>59</ymax></bndbox></object><object><name>proposal</name><bndbox><xmin>128</xmin><ymin>61</ymin><xmax>152</xmax><ymax>79</ymax></bndbox></object><object><name>proposal</name><bndbox><xmin>403</xmin><ymin>127</ymin><xmax>39</xmax><ymax>42</ymax></bndbox></object><object><name>proposal</name><bndbox><xmin>410</xmin><ymin>95</ymin><xmax>39</xmax><ymax>42</ymax></bndbox></object><object><name>proposal</name><bndbox><xmin>20</xmin><ymin>498</ymin><xmax>102</xmax><ymax>148</ymax></bndbox></object><object><name>proposal</name><bndbox><xmin>629</xmin><ymin>4</ymin><xmax>87</xmax><ymax>37</ymax></bndbox></object><object><name>proposal</name><bndbox><xmin>415</xmin><ymin>111</ymin><xmax>51</xmax><ymax>27</ymax></bndbox></object><object><name>proposal</name><bndbox><xmin>13</xmin><ymin>606</ymin><xmax>28</xmax><ymax>61</ymax></bndbox></object><object><name>proposal</name><bndbox><xmin>5</xmin><ymin>650</ymin><xmax>77</xmax><ymax>58</ymax></bndbox></object><object><name>proposal</name><bndbox><xmin>11</xmin><ymin>507</ymin><xmax>77</xmax><ymax>133</ymax></bndbox></object><object><name>proposal</name><bndbox><xmin>415</xmin><ymin>127</ymin><xmax>51</xmax><ymax>25</ymax></bndbox></object><object><name>proposal</name><bndbox><xmin>33</xmin><ymin>495</ymin><xmax>93</xmax><ymax>97</ymax></bndbox></object><object><name>proposal</name><bndbox><xmin>237</xmin><ymin>148</ymin><xmax>38</xmax><ymax>21</ymax></bndbox></object><object><name>proposal</name><bndbox><xmin>95</xmin><ymin>482</ymin><xmax>27</xmax><ymax>55</ymax></bndbox></object><object><name>proposal</name><bndbox><xmin>303</xmin><ymin>145</ymin><xmax>113</xmax><ymax>163</ymax></bndbox></object><object><name>proposal</name><bndbox><xmin>11</xmin><ymin>582</ymin><xmax>29</xmax><ymax>45</ymax></bndbox></object><object><name>proposal</name><bndbox><xmin>181</xmin><ymin>15</ymin><xmax>101</xmax><ymax>106</ymax></bndbox></object><object><name>proposal</name><bndbox><xmin>413</xmin><ymin>127</ymin><xmax>26</xmax><ymax>56</ymax></bndbox></object><object><name>proposal</name><bndbox><xmin>410</xmin><ymin>127</ymin><xmax>46</xmax><ymax>37</ymax></bndbox></object><object><name>proposal</name><bndbox><xmin>33</xmin><ymin>470</ymin><xmax>93</xmax><ymax>97</ymax></bndbox></object><object><name>proposal</name><bndbox><xmin>392</xmin><ymin>127</ymin><xmax>46</xmax><ymax>37</ymax></bndbox></object><object><name>proposal</name><bndbox><xmin>260</xmin><ymin>188</ymin><xmax>159</xmax><ymax>118</ymax></bndbox></object><object><name>proposal</name><bndbox><xmin>302</xmin><ymin>188</ymin><xmax>159</xmax><ymax>118</ymax></bndbox></object><object><name>proposal</name><bndbox><xmin>181</xmin><ymin>69</ymin><xmax>77</xmax><ymax>54</ymax></bndbox></object><object><name>proposal</name><bndbox><xmin>233</xmin><ymin>127</ymin><xmax>27</xmax><ymax>42</ymax></bndbox></object><object><name>proposal</name><bndbox><xmin>102</xmin><ymin>499</ymin><xmax>52</xmax><ymax>96</ymax></bndbox></object><object><name>proposal</name><bndbox><xmin>20</xmin><ymin>489</ymin><xmax>66</xmax><ymax>85</ymax></bndbox></object><object><name>proposal</name><bndbox><xmin>74</xmin><ymin>425</ymin><xmax>49</xmax><ymax>101</ymax></bndbox></object><object><name>proposal</name><bndbox><xmin>601</xmin><ymin>4</ymin><xmax>45</xmax><ymax>66</ymax></bndbox></object><object><name>proposal</name><bndbox><xmin>554</xmin><ymin>67</ymin><xmax>51</xmax><ymax>21</ymax></bndbox></object><object><name>proposal</name><bndbox><xmin>415</xmin><ymin>127</ymin><xmax>34</xmax><ymax>50</ymax></bndbox></object><object><name>proposal</name><bndbox><xmin>56</xmin><ymin>284</ymin><xmax>29</xmax><ymax>39</ymax></bndbox></object><object><name>proposal</name><bndbox><xmin>80</xmin><ymin>497</ymin><xmax>19</xmax><ymax>42</ymax></bndbox></object><object><name>proposal</name><bndbox><xmin>45</xmin><ymin>484</ymin><xmax>79</xmax><ymax>43</ymax></bndbox></object><object><name>proposal</name><bndbox><xmin>574</xmin><ymin>32</ymin><xmax>31</xmax><ymax>50</ymax></bndbox></object><object><name>proposal</name><bndbox><xmin>563</xmin><ymin>46</ymin><xmax>46</xmax><ymax>34</ymax></bndbox></object><object><name>proposal</name><bndbox><xmin>586</xmin><ymin>70</ymin><xmax>50</xmax><ymax>31</ymax></bndbox></object><object><name>proposal</name><bndbox><xmin>29</xmin><ymin>688</ymin><xmax>38</xmax><ymax>21</ymax></bndbox></object><object><name>proposal</name><bndbox><xmin>74</xmin><ymin>526</ymin><xmax>42</xmax><ymax>29</ymax></bndbox></object><object><name>proposal</name><bndbox><xmin>105</xmin><ymin>465</ymin><xmax>68</xmax><ymax>62</ymax></bndbox></object><object><name>proposal</name><bndbox><xmin>52</xmin><ymin>297</ymin><xmax>35</xmax><ymax>24</ymax></bndbox></object><object><name>proposal</name><bndbox><xmin>78</xmin><ymin>486</ymin><xmax>42</xmax><ymax>31</ymax></bndbox></object><object><name>proposal</name><bndbox><xmin>1</xmin><ymin>676</ymin><xmax>31</xmax><ymax>31</ymax></bndbox></object><object><name>proposal</name><bndbox><xmin>11</xmin><ymin>606</ymin><xmax>44</xmax><ymax>60</ymax></bndbox></object><object><name>proposal</name><bndbox><xmin>491</xmin><ymin>73</ymin><xmax>22</xmax><ymax>35</ymax></bndbox></object><object><name>proposal</name><bndbox><xmin>491</xmin><ymin>46</ymin><xmax>22</xmax><ymax>35</ymax></bndbox></object><object><name>proposal</name><bndbox><xmin>74</xmin><ymin>498</ymin><xmax>33</xmax><ymax>42</ymax></bndbox></object><object><name>proposal</name><bndbox><xmin>103</xmin><ymin>529</ymin><xmax>41</xmax><ymax>24</ymax></bndbox></object><object><name>proposal</name><bndbox><xmin>109</xmin><ymin>496</ymin><xmax>37</xmax><ymax>50</ymax></bndbox></object><object><name>proposal</name><bndbox><xmin>366</xmin><ymin>289</ymin><xmax>57</xmax><ymax>49</ymax></bndbox></object><object><name>proposal</name><bndbox><xmin>232</xmin><ymin>141</ymin><xmax>32</xmax><ymax>26</ymax></bndbox></object><object><name>proposal</name><bndbox><xmin>79</xmin><ymin>469</ymin><xmax>21</xmax><ymax>42</ymax></bndbox></object><object><name>proposal</name><bndbox><xmin>69</xmin><ymin>497</ymin><xmax>165</xmax><ymax>84</ymax></bndbox></object><object><name>proposal</name><bndbox><xmin>7</xmin><ymin>597</ymin><xmax>21</xmax><ymax>42</ymax></bndbox></object><object><name>proposal</name><bndbox><xmin>109</xmin><ymin>465</ymin><xmax>36</xmax><ymax>61</ymax></bndbox></object><object><name>proposal</name><bndbox><xmin>193</xmin><ymin>4</ymin><xmax>524</xmax><ymax>597</ymax></bndbox></object><object><name>proposal</name><bndbox><xmin>397</xmin><ymin>118</ymin><xmax>42</xmax><ymax>21</ymax></bndbox></object><object><name>proposal</name><bndbox><xmin>586</xmin><ymin>55</ymin><xmax>51</xmax><ymax>25</ymax></bndbox></object><object><name>proposal</name><bndbox><xmin>77</xmin><ymin>464</ymin><xmax>45</xmax><ymax>49</ymax></bndbox></object><object><name>proposal</name><bndbox><xmin>103</xmin><ymin>429</ymin><xmax>36</xmax><ymax>99</ymax></bndbox></object><object><name>proposal</name><bndbox><xmin>4</xmin><ymin>567</ymin><xmax>38</xmax><ymax>60</ymax></bndbox></object><object><name>proposal</name><bndbox><xmin>622</xmin><ymin>361</ymin><xmax>35</xmax><ymax>28</ymax></bndbox></object><object><name>proposal</name><bndbox><xmin>365</xmin><ymin>23</ymin><xmax>148</xmax><ymax>59</ymax></bndbox></object><object><name>proposal</name><bndbox><xmin>491</xmin><ymin>51</ymin><xmax>31</xmax><ymax>31</ymax></bndbox></object><object><name>proposal</name><bndbox><xmin>481</xmin><ymin>51</ymin><xmax>31</xmax><ymax>31</ymax></bndbox></object><object><name>proposal</name><bndbox><xmin>12</xmin><ymin>599</ymin><xmax>65</xmax><ymax>38</ymax></bndbox></object><object><name>proposal</name><bndbox><xmin>72</xmin><ymin>415</ymin><xmax>69</xmax><ymax>111</ymax></bndbox></object><object><name>proposal</name><bndbox><xmin>641</xmin><ymin>333</ymin><xmax>19</xmax><ymax>42</ymax></bndbox></object><object><name>proposal</name><bndbox><xmin>56</xmin><ymin>518</ymin><xmax>28</xmax><ymax>71</ymax></bndbox></object><object><name>proposal</name><bndbox><xmin>236</xmin><ymin>141</ymin><xmax>184</xmax><ymax>180</ymax></bndbox></object><object><name>proposal</name><bndbox><xmin>364</xmin><ymin>38</ymin><xmax>66</xmax><ymax>26</ymax></bndbox></object><object><name>proposal</name><bndbox><xmin>71</xmin><ymin>276</ymin><xmax>31</xmax><ymax>31</ymax></bndbox></object><object><name>proposal</name><bndbox><xmin>96</xmin><ymin>496</ymin><xmax>31</xmax><ymax>31</ymax></bndbox></object><object><name>proposal</name><bndbox><xmin>637</xmin><ymin>361</ymin><xmax>21</xmax><ymax>42</ymax></bndbox></object><object><name>proposal</name><bndbox><xmin>78</xmin><ymin>481</ymin><xmax>65</xmax><ymax>47</ymax></bndbox></object><object><name>proposal</name><bndbox><xmin>7</xmin><ymin>625</ymin><xmax>21</xmax><ymax>46</ymax></bndbox></object><object><name>proposal</name><bndbox><xmin>565</xmin><ymin>70</ymin><xmax>42</xmax><ymax>21</ymax></bndbox></object><object><name>proposal</name><bndbox><xmin>641</xmin><ymin>355</ymin><xmax>42</xmax><ymax>21</ymax></bndbox></object><object><name>proposal</name><bndbox><xmin>1</xmin><ymin>611</ymin><xmax>31</xmax><ymax>31</ymax></bndbox></object></annotation>