<annotation><folder>Proposals</folder><filename>img-465.jpg</filename><size><width>510</width><height>300</height><depth>3</depth></size><object><name>proposal</name><bndbox><xmin>161</xmin><ymin>85</ymin><xmax>198</xmax><ymax>138</ymax></bndbox></object><object><name>proposal</name><bndbox><xmin>163</xmin><ymin>85</ymin><xmax>343</xmax><ymax>188</ymax></bndbox></object><object><name>proposal</name><bndbox><xmin>253</xmin><ymin>119</ymin><xmax>176</xmax><ymax>71</ymax></bndbox></object><object><name>proposal</name><bndbox><xmin>163</xmin><ymin>79</ymin><xmax>267</xmax><ymax>165</ymax></bndbox></object><object><name>proposal</name><bndbox><xmin>166</xmin><ymin>85</ymin><xmax>265</xmax><ymax>107</ymax></bndbox></object><object><name>proposal</name><bndbox><xmin>166</xmin><ymin>84</ymin><xmax>191</xmax><ymax>88</ymax></bndbox></object><object><name>proposal</name><bndbox><xmin>294</xmin><ymin>118</ymin><xmax>136</xmax><ymax>62</ymax></bndbox></object><object><name>proposal</name><bndbox><xmin>162</xmin><ymin>110</ymin><xmax>149</xmax><ymax>111</ymax></bndbox></object><object><name>proposal</name><bndbox><xmin>254</xmin><ymin>97</ymin><xmax>253</xmax><ymax>147</ymax></bndbox></object><object><name>proposal</name><bndbox><xmin>252</xmin><ymin>118</ymin><xmax>179</xmax><ymax>126</ymax></bndbox></object><object><name>proposal</name><bndbox><xmin>162</xmin><ymin>199</ymin><xmax>100</xmax><ymax>50</ymax></bndbox></object><object><name>proposal</name><bndbox><xmin>164</xmin><ymin>109</ymin><xmax>97</xmax><ymax>114</ymax></bndbox></object><object><name>proposal</name><bndbox><xmin>266</xmin><ymin>221</ymin><xmax>51</xmax><ymax>23</ymax></bndbox></object><object><name>proposal</name><bndbox><xmin>167</xmin><ymin>24</ymin><xmax>339</xmax><ymax>129</ymax></bndbox></object><object><name>proposal</name><bndbox><xmin>253</xmin><ymin>87</ymin><xmax>57</xmax><ymax>57</ymax></bndbox></object><object><name>proposal</name><bndbox><xmin>252</xmin><ymin>41</ymin><xmax>253</xmax><ymax>104</ymax></bndbox></object><object><name>proposal</name><bndbox><xmin>251</xmin><ymin>88</ymin><xmax>257</xmax><ymax>94</ymax></bndbox></object><object><name>proposal</name><bndbox><xmin>162</xmin><ymin>193</ymin><xmax>152</xmax><ymax>67</ymax></bndbox></object><object><name>proposal</name><bndbox><xmin>110</xmin><ymin>70</ymin><xmax>249</xmax><ymax>175</ymax></bndbox></object><object><name>proposal</name><bndbox><xmin>251</xmin><ymin>115</ymin><xmax>254</xmax><ymax>87</ymax></bndbox></object><object><name>proposal</name><bndbox><xmin>167</xmin><ymin>108</ymin><xmax>146</xmax><ymax>53</ymax></bndbox></object><object><name>proposal</name><bndbox><xmin>383</xmin><ymin>99</ymin><xmax>124</xmax><ymax>77</ymax></bndbox></object><object><name>proposal</name><bndbox><xmin>255</xmin><ymin>120</ymin><xmax>61</xmax><ymax>131</ymax></bndbox></object><object><name>proposal</name><bndbox><xmin>386</xmin><ymin>98</ymin><xmax>119</xmax><ymax>131</ymax></bndbox></object><object><name>proposal</name><bndbox><xmin>155</xmin><ymin>199</ymin><xmax>106</xmax><ymax>77</ymax></bndbox></object><object><name>proposal</name><bndbox><xmin>163</xmin><ymin>66</ymin><xmax>154</xmax><ymax>178</ymax></bndbox></object><object><name>proposal</name><bndbox><xmin>200</xmin><ymin>85</ymin><xmax>156</xmax><ymax>59</ymax></bndbox></object><object><name>proposal</name><bndbox><xmin>293</xmin><ymin>7</ymin><xmax>213</xmax><ymax>135</ymax></bndbox></object><object><name>proposal</name><bndbox><xmin>77</xmin><ymin>69</ymin><xmax>428</xmax><ymax>176</ymax></bndbox></object><object><name>proposal</name><bndbox><xmin>163</xmin><ymin>49</ymin><xmax>196</xmax><ymax>245</ymax></bndbox></object><object><name>proposal</name><bndbox><xmin>56</xmin><ymin>85</ymin><xmax>375</xmax><ymax>209</ymax></bndbox></object><object><name>proposal</name><bndbox><xmin>159</xmin><ymin>200</ymin><xmax>155</xmax><ymax>84</ymax></bndbox></object><object><name>proposal</name><bndbox><xmin>161</xmin><ymin>109</ymin><xmax>156</xmax><ymax>167</ymax></bndbox></object><object><name>proposal</name><bndbox><xmin>251</xmin><ymin>56</ymin><xmax>178</xmax><ymax>88</ymax></bndbox></object><object><name>proposal</name><bndbox><xmin>116</xmin><ymin>104</ymin><xmax>198</xmax><ymax>129</ymax></bndbox></object><object><name>proposal</name><bndbox><xmin>39</xmin><ymin>256</ymin><xmax>24</xmax><ymax>38</ymax></bndbox></object><object><name>proposal</name><bndbox><xmin>255</xmin><ymin>118</ymin><xmax>55</xmax><ymax>84</ymax></bndbox></object><object><name>proposal</name><bndbox><xmin>155</xmin><ymin>156</ymin><xmax>108</xmax><ymax>65</ymax></bndbox></object><object><name>proposal</name><bndbox><xmin>253</xmin><ymin>115</ymin><xmax>59</xmax><ymax>27</ymax></bndbox></object><object><name>proposal</name><bndbox><xmin>128</xmin><ymin>133</ymin><xmax>140</xmax><ymax>89</ymax></bndbox></object><object><name>proposal</name><bndbox><xmin>291</xmin><ymin>69</ymin><xmax>138</xmax><ymax>71</ymax></bndbox></object><object><name>proposal</name><bndbox><xmin>237</xmin><ymin>99</ymin><xmax>75</xmax><ymax>43</ymax></bndbox></object><object><name>proposal</name><bndbox><xmin>386</xmin><ymin>48</ymin><xmax>121</xmax><ymax>95</ymax></bndbox></object><object><name>proposal</name><bndbox><xmin>201</xmin><ymin>42</ymin><xmax>232</xmax><ymax>110</ymax></bndbox></object><object><name>proposal</name><bndbox><xmin>254</xmin><ymin>120</ymin><xmax>105</xmax><ymax>128</ymax></bndbox></object><object><name>proposal</name><bndbox><xmin>39</xmin><ymin>271</ymin><xmax>56</xmax><ymax>27</ymax></bndbox></object><object><name>proposal</name><bndbox><xmin>167</xmin><ymin>49</ymin><xmax>339</xmax><ymax>143</ymax></bndbox></object><object><name>proposal</name><bndbox><xmin>133</xmin><ymin>5</ymin><xmax>299</xmax><ymax>156</ymax></bndbox></object><object><name>proposal</name><bndbox><xmin>142</xmin><ymin>108</ymin><xmax>253</xmax><ymax>123</ymax></bndbox></object><object><name>proposal</name><bndbox><xmin>253</xmin><ymin>118</ymin><xmax>58</xmax><ymax>34</ymax></bndbox></object><object><name>proposal</name><bndbox><xmin>152</xmin><ymin>5</ymin><xmax>354</xmax><ymax>239</ymax></bndbox></object><object><name>proposal</name><bndbox><xmin>356</xmin><ymin>95</ymin><xmax>151</xmax><ymax>164</ymax></bndbox></object><object><name>proposal</name><bndbox><xmin>167</xmin><ymin>101</ymin><xmax>144</xmax><ymax>84</ymax></bndbox></object><object><name>proposal</name><bndbox><xmin>168</xmin><ymin>109</ymin><xmax>59</xmax><ymax>93</ymax></bndbox></object><object><name>proposal</name><bndbox><xmin>259</xmin><ymin>201</ymin><xmax>55</xmax><ymax>44</ymax></bndbox></object><object><name>proposal</name><bndbox><xmin>374</xmin><ymin>4</ymin><xmax>132</xmax><ymax>138</ymax></bndbox></object><object><name>proposal</name><bndbox><xmin>166</xmin><ymin>29</ymin><xmax>191</xmax><ymax>132</ymax></bndbox></object><object><name>proposal</name><bndbox><xmin>223</xmin><ymin>91</ymin><xmax>96</xmax><ymax>52</ymax></bndbox></object><object><name>proposal</name><bndbox><xmin>386</xmin><ymin>81</ymin><xmax>121</xmax><ymax>63</ymax></bndbox></object><object><name>proposal</name><bndbox><xmin>294</xmin><ymin>56</ymin><xmax>173</xmax><ymax>83</ymax></bndbox></object><object><name>proposal</name><bndbox><xmin>224</xmin><ymin>116</ymin><xmax>99</xmax><ymax>131</ymax></bndbox></object><object><name>proposal</name><bndbox><xmin>266</xmin><ymin>220</ymin><xmax>50</xmax><ymax>37</ymax></bndbox></object><object><name>proposal</name><bndbox><xmin>238</xmin><ymin>120</ymin><xmax>72</xmax><ymax>57</ymax></bndbox></object><object><name>proposal</name><bndbox><xmin>158</xmin><ymin>6</ymin><xmax>39</xmax><ymax>33</ymax></bndbox></object><object><name>proposal</name><bndbox><xmin>252</xmin><ymin>118</ymin><xmax>107</xmax><ymax>84</ymax></bndbox></object><object><name>proposal</name><bndbox><xmin>251</xmin><ymin>84</ymin><xmax>178</xmax><ymax>85</ymax></bndbox></object><object><name>proposal</name><bndbox><xmin>291</xmin><ymin>77</ymin><xmax>218</xmax><ymax>136</ymax></bndbox></object><object><name>proposal</name><bndbox><xmin>266</xmin><ymin>179</ymin><xmax>49</xmax><ymax>66</ymax></bndbox></object><object><name>proposal</name><bndbox><xmin>294</xmin><ymin>29</ymin><xmax>137</xmax><ymax>110</ymax></bndbox></object><object><name>proposal</name><bndbox><xmin>203</xmin><ymin>83</ymin><xmax>172</xmax><ymax>200</ymax></bndbox></object><object><name>proposal</name><bndbox><xmin>242</xmin><ymin>118</ymin><xmax>85</xmax><ymax>84</ymax></bndbox></object><object><name>proposal</name><bndbox><xmin>394</xmin><ymin>145</ymin><xmax>32</xmax><ymax>24</ymax></bndbox></object><object><name>proposal</name><bndbox><xmin>398</xmin><ymin>130</ymin><xmax>27</xmax><ymax>39</ymax></bndbox></object><object><name>proposal</name><bndbox><xmin>288</xmin><ymin>95</ymin><xmax>142</xmax><ymax>173</ymax></bndbox></object><object><name>proposal</name><bndbox><xmin>267</xmin><ymin>207</ymin><xmax>64</xmax><ymax>37</ymax></bndbox></object><object><name>proposal</name><bndbox><xmin>54</xmin><ymin>83</ymin><xmax>264</xmax><ymax>161</ymax></bndbox></object><object><name>proposal</name><bndbox><xmin>21</xmin><ymin>271</ymin><xmax>42</xmax><ymax>21</ymax></bndbox></object><object><name>proposal</name><bndbox><xmin>400</xmin><ymin>136</ymin><xmax>31</xmax><ymax>34</ymax></bndbox></object><object><name>proposal</name><bndbox><xmin>166</xmin><ymin>109</ymin><xmax>78</xmax><ymax>53</ymax></bndbox></object><object><name>proposal</name><bndbox><xmin>160</xmin><ymin>6</ymin><xmax>217</xmax><ymax>111</ymax></bndbox></object><object><name>proposal</name><bndbox><xmin>76</xmin><ymin>104</ymin><xmax>188</xmax><ymax>123</ymax></bndbox></object><object><name>proposal</name><bndbox><xmin>207</xmin><ymin>31</ymin><xmax>149</xmax><ymax>83</ymax></bndbox></object><object><name>proposal</name><bndbox><xmin>161</xmin><ymin>130</ymin><xmax>197</xmax><ymax>115</ymax></bndbox></object><object><name>proposal</name><bndbox><xmin>400</xmin><ymin>160</ymin><xmax>31</xmax><ymax>37</ymax></bndbox></object><object><name>proposal</name><bndbox><xmin>237</xmin><ymin>193</ymin><xmax>77</xmax><ymax>53</ymax></bndbox></object><object><name>proposal</name><bndbox><xmin>37</xmin><ymin>110</ymin><xmax>278</xmax><ymax>183</ymax></bndbox></object><object><name>proposal</name><bndbox><xmin>197</xmin><ymin>120</ymin><xmax>113</xmax><ymax>56</ymax></bndbox></object><object><name>proposal</name><bndbox><xmin>37</xmin><ymin>193</ymin><xmax>277</xmax><ymax>99</ymax></bndbox></object><object><name>proposal</name><bndbox><xmin>201</xmin><ymin>98</ymin><xmax>109</xmax><ymax>54</ymax></bndbox></object><object><name>proposal</name><bndbox><xmin>291</xmin><ymin>57</ymin><xmax>214</xmax><ymax>113</ymax></bndbox></object><object><name>proposal</name><bndbox><xmin>267</xmin><ymin>164</ymin><xmax>62</xmax><ymax>80</ymax></bndbox></object><object><name>proposal</name><bndbox><xmin>162</xmin><ymin>187</ymin><xmax>100</xmax><ymax>40</ymax></bndbox></object><object><name>proposal</name><bndbox><xmin>397</xmin><ymin>148</ymin><xmax>38</xmax><ymax>21</ymax></bndbox></object><object><name>proposal</name><bndbox><xmin>37</xmin><ymin>271</ymin><xmax>42</xmax><ymax>21</ymax></bndbox></object><object><name>proposal</name><bndbox><xmin>109</xmin><ymin>1</ymin><xmax>247</xmax><ymax>145</ymax></bndbox></object><object><name>proposal</name><bndbox><xmin>20</xmin><ymin>255</ymin><xmax>73</xmax><ymax>37</ymax></bndbox></object><object><name>proposal</name><bndbox><xmin>398</xmin><ymin>158</ymin><xmax>27</xmax><ymax>45</ymax></bndbox></object><object><name>proposal</name><bndbox><xmin>221</xmin><ymin>114</ymin><xmax>91</xmax><ymax>39</ymax></bndbox></object><object><name>proposal</name><bndbox><xmin>253</xmin><ymin>95</ymin><xmax>145</xmax><ymax>173</ymax></bndbox></object><object><name>proposal</name><bndbox><xmin>236</xmin><ymin>98</ymin><xmax>79</xmax><ymax>170</ymax></bndbox></object><object><name>proposal</name><bndbox><xmin>39</xmin><ymin>250</ymin><xmax>55</xmax><ymax>44</ymax></bndbox></object><object><name>proposal</name><bndbox><xmin>252</xmin><ymin>120</ymin><xmax>96</xmax><ymax>56</ymax></bndbox></object><object><name>proposal</name><bndbox><xmin>382</xmin><ymin>141</ymin><xmax>42</xmax><ymax>29</ymax></bndbox></object><object><name>proposal</name><bndbox><xmin>161</xmin><ymin>6</ymin><xmax>65</xmax><ymax>146</ymax></bndbox></object><object><name>proposal</name><bndbox><xmin>156</xmin><ymin>192</ymin><xmax>202</xmax><ymax>80</ymax></bndbox></object><object><name>proposal</name><bndbox><xmin>267</xmin><ymin>221</ymin><xmax>54</xmax><ymax>79</ymax></bndbox></object><object><name>proposal</name><bndbox><xmin>265</xmin><ymin>190</ymin><xmax>73</xmax><ymax>54</ymax></bndbox></object><object><name>proposal</name><bndbox><xmin>36</xmin><ymin>216</ymin><xmax>59</xmax><ymax>77</ymax></bndbox></object><object><name>proposal</name><bndbox><xmin>241</xmin><ymin>219</ymin><xmax>73</xmax><ymax>31</ymax></bndbox></object><object><name>proposal</name><bndbox><xmin>9</xmin><ymin>5</ymin><xmax>347</xmax><ymax>239</ymax></bndbox></object><object><name>proposal</name><bndbox><xmin>234</xmin><ymin>118</ymin><xmax>161</xmax><ymax>89</ymax></bndbox></object><object><name>proposal</name><bndbox><xmin>112</xmin><ymin>1</ymin><xmax>114</xmax><ymax>162</ymax></bndbox></object><object><name>proposal</name><bndbox><xmin>168</xmin><ymin>41</ymin><xmax>59</xmax><ymax>97</ymax></bndbox></object><object><name>proposal</name><bndbox><xmin>267</xmin><ymin>176</ymin><xmax>98</xmax><ymax>69</ymax></bndbox></object><object><name>proposal</name><bndbox><xmin>266</xmin><ymin>218</ymin><xmax>49</xmax><ymax>60</ymax></bndbox></object><object><name>proposal</name><bndbox><xmin>358</xmin><ymin>160</ymin><xmax>67</xmax><ymax>33</ymax></bndbox></object><object><name>proposal</name><bndbox><xmin>386</xmin><ymin>52</ymin><xmax>119</xmax><ymax>138</ymax></bndbox></object><object><name>proposal</name><bndbox><xmin>358</xmin><ymin>142</ymin><xmax>67</xmax><ymax>39</ymax></bndbox></object><object><name>proposal</name><bndbox><xmin>358</xmin><ymin>155</ymin><xmax>67</xmax><ymax>29</ymax></bndbox></object><object><name>proposal</name><bndbox><xmin>158</xmin><ymin>5</ymin><xmax>45</xmax><ymax>45</ymax></bndbox></object><object><name>proposal</name><bndbox><xmin>160</xmin><ymin>6</ymin><xmax>56</xmax><ymax>32</ymax></bndbox></object><object><name>proposal</name><bndbox><xmin>291</xmin><ymin>92</ymin><xmax>139</xmax><ymax>100</ymax></bndbox></object><object><name>proposal</name><bndbox><xmin>460</xmin><ymin>127</ymin><xmax>46</xmax><ymax>57</ymax></bndbox></object><object><name>proposal</name><bndbox><xmin>267</xmin><ymin>221</ymin><xmax>69</xmax><ymax>43</ymax></bndbox></object><object><name>proposal</name><bndbox><xmin>14</xmin><ymin>248</ymin><xmax>49</xmax><ymax>45</ymax></bndbox></object><object><name>proposal</name><bndbox><xmin>13</xmin><ymin>236</ymin><xmax>81</xmax><ymax>57</ymax></bndbox></object><object><name>proposal</name><bndbox><xmin>392</xmin><ymin>143</ymin><xmax>47</xmax><ymax>27</ymax></bndbox></object><object><name>proposal</name><bndbox><xmin>125</xmin><ymin>109</ymin><xmax>138</xmax><ymax>157</ymax></bndbox></object><object><name>proposal</name><bndbox><xmin>13</xmin><ymin>278</ymin><xmax>50</xmax><ymax>20</ymax></bndbox></object><object><name>proposal</name><bndbox><xmin>358</xmin><ymin>121</ymin><xmax>66</xmax><ymax>59</ymax></bndbox></object><object><name>proposal</name><bndbox><xmin>141</xmin><ymin>53</ymin><xmax>88</xmax><ymax>84</ymax></bndbox></object><object><name>proposal</name><bndbox><xmin>138</xmin><ymin>6</ymin><xmax>61</xmax><ymax>32</ymax></bndbox></object><object><name>proposal</name><bndbox><xmin>400</xmin><ymin>130</ymin><xmax>42</xmax><ymax>39</ymax></bndbox></object><object><name>proposal</name><bndbox><xmin>191</xmin><ymin>91</ymin><xmax>127</xmax><ymax>80</ymax></bndbox></object><object><name>proposal</name><bndbox><xmin>113</xmin><ymin>10</ymin><xmax>24</xmax><ymax>32</ymax></bndbox></object><object><name>proposal</name><bndbox><xmin>447</xmin><ymin>61</ymin><xmax>58</xmax><ymax>81</ymax></bndbox></object><object><name>proposal</name><bndbox><xmin>162</xmin><ymin>140</ymin><xmax>101</xmax><ymax>119</ymax></bndbox></object><object><name>proposal</name><bndbox><xmin>141</xmin><ymin>78</ymin><xmax>81</xmax><ymax>58</ymax></bndbox></object><object><name>proposal</name><bndbox><xmin>374</xmin><ymin>147</ymin><xmax>51</xmax><ymax>25</ymax></bndbox></object><object><name>proposal</name><bndbox><xmin>186</xmin><ymin>119</ymin><xmax>174</xmax><ymax>93</ymax></bndbox></object><object><name>proposal</name><bndbox><xmin>237</xmin><ymin>221</ymin><xmax>77</xmax><ymax>68</ymax></bndbox></object><object><name>proposal</name><bndbox><xmin>267</xmin><ymin>201</ymin><xmax>100</xmax><ymax>44</ymax></bndbox></object><object><name>proposal</name><bndbox><xmin>109</xmin><ymin>109</ymin><xmax>117</xmax><ymax>97</ymax></bndbox></object><object><name>proposal</name><bndbox><xmin>161</xmin><ymin>150</ymin><xmax>237</xmax><ymax>106</ymax></bndbox></object><object><name>proposal</name><bndbox><xmin>112</xmin><ymin>5</ymin><xmax>84</xmax><ymax>43</ymax></bndbox></object><object><name>proposal</name><bndbox><xmin>38</xmin><ymin>178</ymin><xmax>55</xmax><ymax>114</ymax></bndbox></object><object><name>proposal</name><bndbox><xmin>436</xmin><ymin>35</ymin><xmax>72</xmax><ymax>111</ymax></bndbox></object><object><name>proposal</name><bndbox><xmin>400</xmin><ymin>127</ymin><xmax>106</xmax><ymax>60</ymax></bndbox></object><object><name>proposal</name><bndbox><xmin>487</xmin><ymin>256</ymin><xmax>21</xmax><ymax>38</ymax></bndbox></object><object><name>proposal</name><bndbox><xmin>38</xmin><ymin>190</ymin><xmax>80</xmax><ymax>105</ymax></bndbox></object><object><name>proposal</name><bndbox><xmin>357</xmin><ymin>160</ymin><xmax>77</xmax><ymax>53</ymax></bndbox></object><object><name>proposal</name><bndbox><xmin>400</xmin><ymin>158</ymin><xmax>42</xmax><ymax>45</ymax></bndbox></object><object><name>proposal</name><bndbox><xmin>36</xmin><ymin>261</ymin><xmax>45</xmax><ymax>31</ymax></bndbox></object><object><name>proposal</name><bndbox><xmin>445</xmin><ymin>115</ymin><xmax>60</xmax><ymax>102</ymax></bndbox></object><object><name>proposal</name><bndbox><xmin>37</xmin><ymin>232</ymin><xmax>81</xmax><ymax>61</ymax></bndbox></object><object><name>proposal</name><bndbox><xmin>382</xmin><ymin>158</ymin><xmax>42</xmax><ymax>45</ymax></bndbox></object><object><name>proposal</name><bndbox><xmin>163</xmin><ymin>36</ymin><xmax>100</xmax><ymax>187</ymax></bndbox></object><object><name>proposal</name><bndbox><xmin>149</xmin><ymin>5</ymin><xmax>47</xmax><ymax>25</ymax></bndbox></object><object><name>proposal</name><bndbox><xmin>400</xmin><ymin>115</ymin><xmax>106</xmax><ymax>97</ymax></bndbox></object><object><name>proposal</name><bndbox><xmin>389</xmin><ymin>116</ymin><xmax>38</xmax><ymax>55</ymax></bndbox></object><object><name>proposal</name><bndbox><xmin>237</xmin><ymin>165</ymin><xmax>80</xmax><ymax>80</ymax></bndbox></object><object><name>proposal</name><bndbox><xmin>162</xmin><ymin>188</ymin><xmax>119</xmax><ymax>53</ymax></bndbox></object><object><name>proposal</name><bndbox><xmin>36</xmin><ymin>4</ymin><xmax>193</xmax><ymax>158</ymax></bndbox></object><object><name>proposal</name><bndbox><xmin>249</xmin><ymin>161</ymin><xmax>149</xmax><ymax>83</ymax></bndbox></object><object><name>proposal</name><bndbox><xmin>157</xmin><ymin>129</ymin><xmax>72</xmax><ymax>92</ymax></bndbox></object><object><name>proposal</name><bndbox><xmin>112</xmin><ymin>9</ymin><xmax>32</xmax><ymax>28</ymax></bndbox></object><object><name>proposal</name><bndbox><xmin>389</xmin><ymin>160</ymin><xmax>38</xmax><ymax>21</ymax></bndbox></object><object><name>proposal</name><bndbox><xmin>109</xmin><ymin>57</ymin><xmax>117</xmax><ymax>87</ymax></bndbox></object><object><name>proposal</name><bndbox><xmin>337</xmin><ymin>160</ymin><xmax>89</xmax><ymax>65</ymax></bndbox></object><object><name>proposal</name><bndbox><xmin>439</xmin><ymin>127</ymin><xmax>68</xmax><ymax>62</ymax></bndbox></object><object><name>proposal</name><bndbox><xmin>358</xmin><ymin>166</ymin><xmax>45</xmax><ymax>33</ymax></bndbox></object><object><name>proposal</name><bndbox><xmin>331</xmin><ymin>161</ymin><xmax>31</xmax><ymax>31</ymax></bndbox></object><object><name>proposal</name><bndbox><xmin>479</xmin><ymin>256</ymin><xmax>24</xmax><ymax>38</ymax></bndbox></object><object><name>proposal</name><bndbox><xmin>389</xmin><ymin>160</ymin><xmax>38</xmax><ymax>55</ymax></bndbox></object><object><name>proposal</name><bndbox><xmin>400</xmin><ymin>136</ymin><xmax>61</xmax><ymax>33</ymax></bndbox></object><object><name>proposal</name><bndbox><xmin>160</xmin><ymin>4</ymin><xmax>41</xmax><ymax>66</ymax></bndbox></object><object><name>proposal</name><bndbox><xmin>168</xmin><ymin>139</ymin><xmax>58</xmax><ymax>40</ymax></bndbox></object><object><name>proposal</name><bndbox><xmin>354</xmin><ymin>151</ymin><xmax>42</xmax><ymax>29</ymax></bndbox></object><object><name>proposal</name><bndbox><xmin>290</xmin><ymin>118</ymin><xmax>107</xmax><ymax>75</ymax></bndbox></object><object><name>proposal</name><bndbox><xmin>265</xmin><ymin>160</ymin><xmax>163</xmax><ymax>108</ymax></bndbox></object><object><name>proposal</name><bndbox><xmin>128</xmin><ymin>134</ymin><xmax>100</xmax><ymax>56</ymax></bndbox></object><object><name>proposal</name><bndbox><xmin>380</xmin><ymin>130</ymin><xmax>55</xmax><ymax>41</ymax></bndbox></object><object><name>proposal</name><bndbox><xmin>461</xmin><ymin>274</ymin><xmax>42</xmax><ymax>21</ymax></bndbox></object><object><name>proposal</name><bndbox><xmin>160</xmin><ymin>6</ymin><xmax>54</xmax><ymax>54</ymax></bndbox></object><object><name>proposal</name><bndbox><xmin>10</xmin><ymin>101</ymin><xmax>219</xmax><ymax>69</ymax></bndbox></object><object><name>proposal</name><bndbox><xmin>185</xmin><ymin>218</ymin><xmax>130</xmax><ymax>48</ymax></bndbox></object><object><name>proposal</name><bndbox><xmin>18</xmin><ymin>75</ymin><xmax>211</xmax><ymax>87</ymax></bndbox></object><object><name>proposal</name><bndbox><xmin>260</xmin><ymin>133</ymin><xmax>41</xmax><ymax>70</ymax></bndbox></object><object><name>proposal</name><bndbox><xmin>185</xmin><ymin>221</ymin><xmax>130</xmax><ymax>69</ymax></bndbox></object><object><name>proposal</name><bndbox><xmin>472</xmin><ymin>269</ymin><xmax>32</xmax><ymax>26</ymax></bndbox></object><object><name>proposal</name><bndbox><xmin>337</xmin><ymin>181</ymin><xmax>24</xmax><ymax>38</ymax></bndbox></object><object><name>proposal</name><bndbox><xmin>56</xmin><ymin>236</ymin><xmax>60</xmax><ymax>47</ymax></bndbox></object><object><name>proposal</name><bndbox><xmin>36</xmin><ymin>109</ymin><xmax>192</xmax><ymax>113</ymax></bndbox></object><object><name>proposal</name><bndbox><xmin>138</xmin><ymin>6</ymin><xmax>59</xmax><ymax>54</ymax></bndbox></object><object><name>proposal</name><bndbox><xmin>57</xmin><ymin>251</ymin><xmax>42</xmax><ymax>31</ymax></bndbox></object><object><name>proposal</name><bndbox><xmin>25</xmin><ymin>5</ymin><xmax>239</xmax><ymax>216</ymax></bndbox></object><object><name>proposal</name><bndbox><xmin>113</xmin><ymin>10</ymin><xmax>42</xmax><ymax>21</ymax></bndbox></object><object><name>proposal</name><bndbox><xmin>319</xmin><ymin>163</ymin><xmax>39</xmax><ymax>29</ymax></bndbox></object><object><name>proposal</name><bndbox><xmin>328</xmin><ymin>112</ymin><xmax>98</xmax><ymax>81</ymax></bndbox></object><object><name>proposal</name><bndbox><xmin>356</xmin><ymin>131</ymin><xmax>45</xmax><ymax>49</ymax></bndbox></object><object><name>proposal</name><bndbox><xmin>267</xmin><ymin>214</ymin><xmax>113</xmax><ymax>40</ymax></bndbox></object><object><name>proposal</name><bndbox><xmin>162</xmin><ymin>176</ymin><xmax>122</xmax><ymax>80</ymax></bndbox></object><object><name>proposal</name><bndbox><xmin>108</xmin><ymin>8</ymin><xmax>29</xmax><ymax>42</ymax></bndbox></object><object><name>proposal</name><bndbox><xmin>399</xmin><ymin>100</ymin><xmax>107</xmax><ymax>196</ymax></bndbox></object><object><name>proposal</name><bndbox><xmin>338</xmin><ymin>151</ymin><xmax>27</xmax><ymax>42</ymax></bndbox></object><object><name>proposal</name><bndbox><xmin>33</xmin><ymin>232</ymin><xmax>47</xmax><ymax>60</ymax></bndbox></object><object><name>proposal</name><bndbox><xmin>290</xmin><ymin>118</ymin><xmax>68</xmax><ymax>74</ymax></bndbox></object><object><name>proposal</name><bndbox><xmin>457</xmin><ymin>281</ymin><xmax>46</xmax><ymax>19</ymax></bndbox></object><object><name>proposal</name><bndbox><xmin>53</xmin><ymin>239</ymin><xmax>42</xmax><ymax>45</ymax></bndbox></object><object><name>proposal</name><bndbox><xmin>113</xmin><ymin>10</ymin><xmax>25</xmax><ymax>51</ymax></bndbox></object><object><name>proposal</name><bndbox><xmin>436</xmin><ymin>36</ymin><xmax>31</xmax><ymax>31</ymax></bndbox></object><object><name>proposal</name><bndbox><xmin>436</xmin><ymin>107</ymin><xmax>71</xmax><ymax>190</ymax></bndbox></object><object><name>proposal</name><bndbox><xmin>317</xmin><ymin>172</ymin><xmax>42</xmax><ymax>21</ymax></bndbox></object></annotation>