<annotation><folder>Proposals</folder><filename>img-7.jpg</filename><size><width>720</width><height>720</height><depth>3</depth></size><object><name>proposal</name><bndbox><xmin>512</xmin><ymin>38</ymin><xmax>138</xmax><ymax>77</ymax></bndbox></object><object><name>proposal</name><bndbox><xmin>481</xmin><ymin>29</ymin><xmax>234</xmax><ymax>193</ymax></bndbox></object><object><name>proposal</name><bndbox><xmin>513</xmin><ymin>39</ymin><xmax>203</xmax><ymax>113</ymax></bndbox></object><object><name>proposal</name><bndbox><xmin>438</xmin><ymin>27</ymin><xmax>107</xmax><ymax>81</ymax></bndbox></object><object><name>proposal</name><bndbox><xmin>340</xmin><ymin>28</ymin><xmax>238</xmax><ymax>136</ymax></bndbox></object><object><name>proposal</name><bndbox><xmin>438</xmin><ymin>28</ymin><xmax>212</xmax><ymax>85</ymax></bndbox></object><object><name>proposal</name><bndbox><xmin>341</xmin><ymin>27</ymin><xmax>375</xmax><ymax>194</ymax></bndbox></object><object><name>proposal</name><bndbox><xmin>557</xmin><ymin>37</ymin><xmax>92</xmax><ymax>88</ymax></bndbox></object><object><name>proposal</name><bndbox><xmin>573</xmin><ymin>38</ymin><xmax>143</xmax><ymax>183</ymax></bndbox></object><object><name>proposal</name><bndbox><xmin>584</xmin><ymin>35</ymin><xmax>131</xmax><ymax>120</ymax></bndbox></object><object><name>proposal</name><bndbox><xmin>436</xmin><ymin>28</ymin><xmax>213</xmax><ymax>164</ymax></bndbox></object><object><name>proposal</name><bndbox><xmin>435</xmin><ymin>27</ymin><xmax>282</xmax><ymax>251</ymax></bndbox></object><object><name>proposal</name><bndbox><xmin>485</xmin><ymin>27</ymin><xmax>102</xmax><ymax>81</ymax></bndbox></object><object><name>proposal</name><bndbox><xmin>456</xmin><ymin>305</ymin><xmax>33</xmax><ymax>42</ymax></bndbox></object><object><name>proposal</name><bndbox><xmin>485</xmin><ymin>27</ymin><xmax>61</xmax><ymax>69</ymax></bndbox></object><object><name>proposal</name><bndbox><xmin>613</xmin><ymin>119</ymin><xmax>102</xmax><ymax>102</ymax></bndbox></object><object><name>proposal</name><bndbox><xmin>341</xmin><ymin>29</ymin><xmax>375</xmax><ymax>294</ymax></bndbox></object><object><name>proposal</name><bndbox><xmin>414</xmin><ymin>26</ymin><xmax>159</xmax><ymax>87</ymax></bndbox></object><object><name>proposal</name><bndbox><xmin>447</xmin><ymin>28</ymin><xmax>95</xmax><ymax>56</ymax></bndbox></object><object><name>proposal</name><bndbox><xmin>433</xmin><ymin>28</ymin><xmax>284</xmax><ymax>136</ymax></bndbox></object><object><name>proposal</name><bndbox><xmin>582</xmin><ymin>1</ymin><xmax>65</xmax><ymax>71</ymax></bndbox></object><object><name>proposal</name><bndbox><xmin>513</xmin><ymin>41</ymin><xmax>73</xmax><ymax>73</ymax></bndbox></object><object><name>proposal</name><bndbox><xmin>632</xmin><ymin>66</ymin><xmax>83</xmax><ymax>86</ymax></bndbox></object><object><name>proposal</name><bndbox><xmin>513</xmin><ymin>38</ymin><xmax>163</xmax><ymax>167</ymax></bndbox></object><object><name>proposal</name><bndbox><xmin>438</xmin><ymin>29</ymin><xmax>69</xmax><ymax>77</ymax></bndbox></object><object><name>proposal</name><bndbox><xmin>11</xmin><ymin>5</ymin><xmax>706</xmax><ymax>273</ymax></bndbox></object><object><name>proposal</name><bndbox><xmin>339</xmin><ymin>29</ymin><xmax>251</xmax><ymax>246</ymax></bndbox></object><object><name>proposal</name><bndbox><xmin>580</xmin><ymin>39</ymin><xmax>87</xmax><ymax>107</ymax></bndbox></object><object><name>proposal</name><bndbox><xmin>589</xmin><ymin>37</ymin><xmax>58</xmax><ymax>93</ymax></bndbox></object><object><name>proposal</name><bndbox><xmin>539</xmin><ymin>39</ymin><xmax>113</xmax><ymax>56</ymax></bndbox></object><object><name>proposal</name><bndbox><xmin>151</xmin><ymin>20</ymin><xmax>500</xmax><ymax>173</ymax></bndbox></object><object><name>proposal</name><bndbox><xmin>437</xmin><ymin>310</ymin><xmax>54</xmax><ymax>37</ymax></bndbox></object><object><name>proposal</name><bndbox><xmin>437</xmin><ymin>28</ymin><xmax>211</xmax><ymax>318</ymax></bndbox></object><object><name>proposal</name><bndbox><xmin>547</xmin><ymin>38</ymin><xmax>170</xmax><ymax>85</ymax></bndbox></object><object><name>proposal</name><bndbox><xmin>340</xmin><ymin>30</ymin><xmax>163</xmax><ymax>124</ymax></bndbox></object><object><name>proposal</name><bndbox><xmin>472</xmin><ymin>28</ymin><xmax>75</xmax><ymax>49</ymax></bndbox></object><object><name>proposal</name><bndbox><xmin>426</xmin><ymin>300</ymin><xmax>63</xmax><ymax>47</ymax></bndbox></object><object><name>proposal</name><bndbox><xmin>553</xmin><ymin>35</ymin><xmax>126</xmax><ymax>120</ymax></bndbox></object><object><name>proposal</name><bndbox><xmin>42</xmin><ymin>19</ymin><xmax>543</xmax><ymax>340</ymax></bndbox></object><object><name>proposal</name><bndbox><xmin>401</xmin><ymin>27</ymin><xmax>191</xmax><ymax>165</ymax></bndbox></object><object><name>proposal</name><bndbox><xmin>333</xmin><ymin>34</ymin><xmax>121</xmax><ymax>116</ymax></bndbox></object><object><name>proposal</name><bndbox><xmin>616</xmin><ymin>52</ymin><xmax>99</xmax><ymax>169</ymax></bndbox></object><object><name>proposal</name><bndbox><xmin>485</xmin><ymin>26</ymin><xmax>147</xmax><ymax>179</ymax></bndbox></object><object><name>proposal</name><bndbox><xmin>489</xmin><ymin>39</ymin><xmax>226</xmax><ymax>295</ymax></bndbox></object><object><name>proposal</name><bndbox><xmin>11</xmin><ymin>5</ymin><xmax>494</xmax><ymax>197</ymax></bndbox></object><object><name>proposal</name><bndbox><xmin>438</xmin><ymin>249</ymin><xmax>73</xmax><ymax>97</ymax></bndbox></object><object><name>proposal</name><bndbox><xmin>579</xmin><ymin>39</ymin><xmax>69</xmax><ymax>64</ymax></bndbox></object><object><name>proposal</name><bndbox><xmin>11</xmin><ymin>6</ymin><xmax>706</xmax><ymax>446</ymax></bndbox></object><object><name>proposal</name><bndbox><xmin>484</xmin><ymin>8</ymin><xmax>183</xmax><ymax>106</ymax></bndbox></object><object><name>proposal</name><bndbox><xmin>162</xmin><ymin>20</ymin><xmax>428</xmax><ymax>255</ymax></bndbox></object><object><name>proposal</name><bndbox><xmin>208</xmin><ymin>27</ymin><xmax>379</xmax><ymax>138</ymax></bndbox></object><object><name>proposal</name><bndbox><xmin>436</xmin><ymin>26</ymin><xmax>151</xmax><ymax>253</ymax></bndbox></object><object><name>proposal</name><bndbox><xmin>11</xmin><ymin>5</ymin><xmax>347</xmax><ymax>145</ymax></bndbox></object><object><name>proposal</name><bndbox><xmin>471</xmin><ymin>29</ymin><xmax>119</xmax><ymax>163</ymax></bndbox></object><object><name>proposal</name><bndbox><xmin>433</xmin><ymin>29</ymin><xmax>147</xmax><ymax>137</ymax></bndbox></object><object><name>proposal</name><bndbox><xmin>286</xmin><ymin>27</ymin><xmax>259</xmax><ymax>123</ymax></bndbox></object><object><name>proposal</name><bndbox><xmin>436</xmin><ymin>28</ymin><xmax>281</xmax><ymax>436</ymax></bndbox></object><object><name>proposal</name><bndbox><xmin>151</xmin><ymin>20</ymin><xmax>301</xmax><ymax>113</ymax></bndbox></object><object><name>proposal</name><bndbox><xmin>208</xmin><ymin>19</ymin><xmax>509</xmax><ymax>341</ymax></bndbox></object><object><name>proposal</name><bndbox><xmin>527</xmin><ymin>41</ymin><xmax>67</xmax><ymax>41</ymax></bndbox></object><object><name>proposal</name><bndbox><xmin>341</xmin><ymin>16</ymin><xmax>237</xmax><ymax>97</ymax></bndbox></object><object><name>proposal</name><bndbox><xmin>512</xmin><ymin>61</ymin><xmax>65</xmax><ymax>47</ymax></bndbox></object><object><name>proposal</name><bndbox><xmin>264</xmin><ymin>29</ymin><xmax>386</xmax><ymax>253</ymax></bndbox></object><object><name>proposal</name><bndbox><xmin>528</xmin><ymin>36</ymin><xmax>83</xmax><ymax>77</ymax></bndbox></object><object><name>proposal</name><bndbox><xmin>584</xmin><ymin>19</ymin><xmax>60</xmax><ymax>47</ymax></bndbox></object><object><name>proposal</name><bndbox><xmin>437</xmin><ymin>223</ymin><xmax>84</xmax><ymax>53</ymax></bndbox></object><object><name>proposal</name><bndbox><xmin>484</xmin><ymin>17</ymin><xmax>166</xmax><ymax>65</ymax></bndbox></object><object><name>proposal</name><bndbox><xmin>560</xmin><ymin>4</ymin><xmax>84</xmax><ymax>59</ymax></bndbox></object><object><name>proposal</name><bndbox><xmin>162</xmin><ymin>23</ymin><xmax>186</xmax><ymax>75</ymax></bndbox></object><object><name>proposal</name><bndbox><xmin>373</xmin><ymin>28</ymin><xmax>295</xmax><ymax>122</ymax></bndbox></object><object><name>proposal</name><bndbox><xmin>39</xmin><ymin>18</ymin><xmax>467</xmax><ymax>261</ymax></bndbox></object><object><name>proposal</name><bndbox><xmin>657</xmin><ymin>120</ymin><xmax>54</xmax><ymax>57</ymax></bndbox></object><object><name>proposal</name><bndbox><xmin>664</xmin><ymin>72</ymin><xmax>51</xmax><ymax>66</ymax></bndbox></object><object><name>proposal</name><bndbox><xmin>521</xmin><ymin>84</ymin><xmax>191</xmax><ymax>138</ymax></bndbox></object><object><name>proposal</name><bndbox><xmin>461</xmin><ymin>27</ymin><xmax>105</xmax><ymax>77</ymax></bndbox></object><object><name>proposal</name><bndbox><xmin>432</xmin><ymin>224</ymin><xmax>88</xmax><ymax>124</ymax></bndbox></object><object><name>proposal</name><bndbox><xmin>573</xmin><ymin>39</ymin><xmax>74</xmax><ymax>128</ymax></bndbox></object><object><name>proposal</name><bndbox><xmin>9</xmin><ymin>6</ymin><xmax>348</xmax><ymax>264</ymax></bndbox></object><object><name>proposal</name><bndbox><xmin>557</xmin><ymin>39</ymin><xmax>91</xmax><ymax>40</ymax></bndbox></object><object><name>proposal</name><bndbox><xmin>471</xmin><ymin>26</ymin><xmax>115</xmax><ymax>110</ymax></bndbox></object><object><name>proposal</name><bndbox><xmin>414</xmin><ymin>17</ymin><xmax>139</xmax><ymax>163</ymax></bndbox></object><object><name>proposal</name><bndbox><xmin>477</xmin><ymin>28</ymin><xmax>113</xmax><ymax>53</ymax></bndbox></object><object><name>proposal</name><bndbox><xmin>8</xmin><ymin>4</ymin><xmax>581</xmax><ymax>597</ymax></bndbox></object><object><name>proposal</name><bndbox><xmin>423</xmin><ymin>20</ymin><xmax>119</xmax><ymax>119</ymax></bndbox></object><object><name>proposal</name><bndbox><xmin>126</xmin><ymin>15</ymin><xmax>232</xmax><ymax>104</ymax></bndbox></object><object><name>proposal</name><bndbox><xmin>438</xmin><ymin>64</ymin><xmax>149</xmax><ymax>125</ymax></bndbox></object><object><name>proposal</name><bndbox><xmin>624</xmin><ymin>18</ymin><xmax>91</xmax><ymax>135</ymax></bndbox></object><object><name>proposal</name><bndbox><xmin>128</xmin><ymin>22</ymin><xmax>417</xmax><ymax>442</ymax></bndbox></object><object><name>proposal</name><bndbox><xmin>447</xmin><ymin>280</ymin><xmax>43</xmax><ymax>67</ymax></bndbox></object><object><name>proposal</name><bndbox><xmin>437</xmin><ymin>225</ymin><xmax>83</xmax><ymax>80</ymax></bndbox></object><object><name>proposal</name><bndbox><xmin>564</xmin><ymin>39</ymin><xmax>104</xmax><ymax>165</ymax></bndbox></object><object><name>proposal</name><bndbox><xmin>365</xmin><ymin>20</ymin><xmax>245</xmax><ymax>326</ymax></bndbox></object><object><name>proposal</name><bndbox><xmin>529</xmin><ymin>43</ymin><xmax>34</xmax><ymax>40</ymax></bndbox></object><object><name>proposal</name><bndbox><xmin>340</xmin><ymin>63</ymin><xmax>271</xmax><ymax>129</ymax></bndbox></object><object><name>proposal</name><bndbox><xmin>508</xmin><ymin>16</ymin><xmax>208</xmax><ymax>98</ymax></bndbox></object><object><name>proposal</name><bndbox><xmin>74</xmin><ymin>16</ymin><xmax>379</xmax><ymax>141</ymax></bndbox></object><object><name>proposal</name><bndbox><xmin>601</xmin><ymin>57</ymin><xmax>104</xmax><ymax>96</ymax></bndbox></object><object><name>proposal</name><bndbox><xmin>449</xmin><ymin>8</ymin><xmax>95</xmax><ymax>43</ymax></bndbox></object><object><name>proposal</name><bndbox><xmin>548</xmin><ymin>38</ymin><xmax>124</xmax><ymax>72</ymax></bndbox></object><object><name>proposal</name><bndbox><xmin>633</xmin><ymin>91</ymin><xmax>73</xmax><ymax>61</ymax></bndbox></object><object><name>proposal</name><bndbox><xmin>664</xmin><ymin>117</ymin><xmax>41</xmax><ymax>79</ymax></bndbox></object><object><name>proposal</name><bndbox><xmin>632</xmin><ymin>120</ymin><xmax>75</xmax><ymax>57</ymax></bndbox></object><object><name>proposal</name><bndbox><xmin>519</xmin><ymin>28</ymin><xmax>130</xmax><ymax>53</ymax></bndbox></object><object><name>proposal</name><bndbox><xmin>487</xmin><ymin>79</ymin><xmax>145</xmax><ymax>117</ymax></bndbox></object><object><name>proposal</name><bndbox><xmin>456</xmin><ymin>271</ymin><xmax>55</xmax><ymax>75</ymax></bndbox></object><object><name>proposal</name><bndbox><xmin>584</xmin><ymin>13</ymin><xmax>87</xmax><ymax>58</ymax></bndbox></object><object><name>proposal</name><bndbox><xmin>389</xmin><ymin>16</ymin><xmax>156</xmax><ymax>89</ymax></bndbox></object><object><name>proposal</name><bndbox><xmin>573</xmin><ymin>43</ymin><xmax>63</xmax><ymax>72</ymax></bndbox></object><object><name>proposal</name><bndbox><xmin>613</xmin><ymin>185</ymin><xmax>102</xmax><ymax>93</ymax></bndbox></object><object><name>proposal</name><bndbox><xmin>150</xmin><ymin>20</ymin><xmax>565</xmax><ymax>581</ymax></bndbox></object><object><name>proposal</name><bndbox><xmin>579</xmin><ymin>3</ymin><xmax>124</xmax><ymax>69</ymax></bndbox></object><object><name>proposal</name><bndbox><xmin>471</xmin><ymin>27</ymin><xmax>206</xmax><ymax>376</ymax></bndbox></object><object><name>proposal</name><bndbox><xmin>22</xmin><ymin>25</ymin><xmax>336</xmax><ymax>176</ymax></bndbox></object><object><name>proposal</name><bndbox><xmin>337</xmin><ymin>18</ymin><xmax>208</xmax><ymax>350</ymax></bndbox></object><object><name>proposal</name><bndbox><xmin>547</xmin><ymin>40</ymin><xmax>83</xmax><ymax>77</ymax></bndbox></object><object><name>proposal</name><bndbox><xmin>489</xmin><ymin>64</ymin><xmax>90</xmax><ymax>128</ymax></bndbox></object><object><name>proposal</name><bndbox><xmin>246</xmin><ymin>30</ymin><xmax>257</xmax><ymax>102</ymax></bndbox></object><object><name>proposal</name><bndbox><xmin>485</xmin><ymin>5</ymin><xmax>100</xmax><ymax>76</ymax></bndbox></object><object><name>proposal</name><bndbox><xmin>449</xmin><ymin>21</ymin><xmax>45</xmax><ymax>31</ymax></bndbox></object><object><name>proposal</name><bndbox><xmin>337</xmin><ymin>26</ymin><xmax>379</xmax><ymax>536</ymax></bndbox></object><object><name>proposal</name><bndbox><xmin>502</xmin><ymin>6</ymin><xmax>146</xmax><ymax>65</ymax></bndbox></object><object><name>proposal</name><bndbox><xmin>469</xmin><ymin>25</ymin><xmax>78</xmax><ymax>93</ymax></bndbox></object><object><name>proposal</name><bndbox><xmin>529</xmin><ymin>39</ymin><xmax>69</xmax><ymax>59</ymax></bndbox></object><object><name>proposal</name><bndbox><xmin>484</xmin><ymin>25</ymin><xmax>63</xmax><ymax>152</ymax></bndbox></object><object><name>proposal</name><bndbox><xmin>409</xmin><ymin>300</ymin><xmax>81</xmax><ymax>59</ymax></bndbox></object><object><name>proposal</name><bndbox><xmin>509</xmin><ymin>14</ymin><xmax>115</xmax><ymax>102</ymax></bndbox></object><object><name>proposal</name><bndbox><xmin>489</xmin><ymin>62</ymin><xmax>90</xmax><ymax>51</ymax></bndbox></object><object><name>proposal</name><bndbox><xmin>78</xmin><ymin>19</ymin><xmax>377</xmax><ymax>376</ymax></bndbox></object><object><name>proposal</name><bndbox><xmin>513</xmin><ymin>41</ymin><xmax>99</xmax><ymax>47</ymax></bndbox></object><object><name>proposal</name><bndbox><xmin>484</xmin><ymin>29</ymin><xmax>147</xmax><ymax>110</ymax></bndbox></object><object><name>proposal</name><bndbox><xmin>335</xmin><ymin>112</ymin><xmax>184</xmax><ymax>164</ymax></bndbox></object><object><name>proposal</name><bndbox><xmin>413</xmin><ymin>249</ymin><xmax>88</xmax><ymax>100</ymax></bndbox></object><object><name>proposal</name><bndbox><xmin>439</xmin><ymin>159</ymin><xmax>275</xmax><ymax>187</ymax></bndbox></object><object><name>proposal</name><bndbox><xmin>592</xmin><ymin>91</ymin><xmax>114</xmax><ymax>62</ymax></bndbox></object><object><name>proposal</name><bndbox><xmin>581</xmin><ymin>19</ymin><xmax>134</xmax><ymax>97</ymax></bndbox></object><object><name>proposal</name><bndbox><xmin>485</xmin><ymin>25</ymin><xmax>81</xmax><ymax>51</ymax></bndbox></object><object><name>proposal</name><bndbox><xmin>495</xmin><ymin>43</ymin><xmax>51</xmax><ymax>31</ymax></bndbox></object><object><name>proposal</name><bndbox><xmin>591</xmin><ymin>51</ymin><xmax>57</xmax><ymax>61</ymax></bndbox></object><object><name>proposal</name><bndbox><xmin>624</xmin><ymin>14</ymin><xmax>92</xmax><ymax>81</ymax></bndbox></object><object><name>proposal</name><bndbox><xmin>449</xmin><ymin>15</ymin><xmax>67</xmax><ymax>37</ymax></bndbox></object><object><name>proposal</name><bndbox><xmin>647</xmin><ymin>117</ymin><xmax>66</xmax><ymax>105</ymax></bndbox></object><object><name>proposal</name><bndbox><xmin>425</xmin><ymin>8</ymin><xmax>91</xmax><ymax>43</ymax></bndbox></object><object><name>proposal</name><bndbox><xmin>364</xmin><ymin>82</ymin><xmax>350</xmax><ymax>177</ymax></bndbox></object><object><name>proposal</name><bndbox><xmin>447</xmin><ymin>4</ymin><xmax>211</xmax><ymax>79</ymax></bndbox></object><object><name>proposal</name><bndbox><xmin>514</xmin><ymin>11</ymin><xmax>133</xmax><ymax>84</ymax></bndbox></object><object><name>proposal</name><bndbox><xmin>579</xmin><ymin>36</ymin><xmax>70</xmax><ymax>37</ymax></bndbox></object><object><name>proposal</name><bndbox><xmin>339</xmin><ymin>16</ymin><xmax>167</xmax><ymax>208</ymax></bndbox></object><object><name>proposal</name><bndbox><xmin>426</xmin><ymin>19</ymin><xmax>67</xmax><ymax>33</ymax></bndbox></object><object><name>proposal</name><bndbox><xmin>366</xmin><ymin>65</ymin><xmax>212</xmax><ymax>101</ymax></bndbox></object><object><name>proposal</name><bndbox><xmin>529</xmin><ymin>17</ymin><xmax>44</xmax><ymax>65</ymax></bndbox></object><object><name>proposal</name><bndbox><xmin>11</xmin><ymin>4</ymin><xmax>383</xmax><ymax>460</ymax></bndbox></object><object><name>proposal</name><bndbox><xmin>510</xmin><ymin>58</ymin><xmax>113</xmax><ymax>56</ymax></bndbox></object><object><name>proposal</name><bndbox><xmin>662</xmin><ymin>95</ymin><xmax>45</xmax><ymax>42</ymax></bndbox></object><object><name>proposal</name><bndbox><xmin>201</xmin><ymin>20</ymin><xmax>165</xmax><ymax>99</ymax></bndbox></object><object><name>proposal</name><bndbox><xmin>633</xmin><ymin>116</ymin><xmax>75</xmax><ymax>37</ymax></bndbox></object><object><name>proposal</name><bndbox><xmin>513</xmin><ymin>41</ymin><xmax>104</xmax><ymax>88</ymax></bndbox></object><object><name>proposal</name><bndbox><xmin>645</xmin><ymin>120</ymin><xmax>65</xmax><ymax>44</ymax></bndbox></object><object><name>proposal</name><bndbox><xmin>438</xmin><ymin>61</ymin><xmax>141</xmax><ymax>55</ymax></bndbox></object><object><name>proposal</name><bndbox><xmin>446</xmin><ymin>5</ymin><xmax>55</xmax><ymax>47</ymax></bndbox></object><object><name>proposal</name><bndbox><xmin>436</xmin><ymin>60</ymin><xmax>243</xmax><ymax>154</ymax></bndbox></object><object><name>proposal</name><bndbox><xmin>485</xmin><ymin>3</ymin><xmax>69</xmax><ymax>47</ymax></bndbox></object><object><name>proposal</name><bndbox><xmin>533</xmin><ymin>39</ymin><xmax>145</xmax><ymax>239</ymax></bndbox></object><object><name>proposal</name><bndbox><xmin>511</xmin><ymin>41</ymin><xmax>100</xmax><ymax>155</ymax></bndbox></object><object><name>proposal</name><bndbox><xmin>537</xmin><ymin>40</ymin><xmax>104</xmax><ymax>101</ymax></bndbox></object><object><name>proposal</name><bndbox><xmin>504</xmin><ymin>39</ymin><xmax>143</xmax><ymax>247</ymax></bndbox></object><object><name>proposal</name><bndbox><xmin>395</xmin><ymin>19</ymin><xmax>147</xmax><ymax>256</ymax></bndbox></object><object><name>proposal</name><bndbox><xmin>439</xmin><ymin>158</ymin><xmax>275</xmax><ymax>121</ymax></bndbox></object><object><name>proposal</name><bndbox><xmin>423</xmin><ymin>14</ymin><xmax>93</xmax><ymax>93</ymax></bndbox></object><object><name>proposal</name><bndbox><xmin>508</xmin><ymin>62</ymin><xmax>71</xmax><ymax>77</ymax></bndbox></object><object><name>proposal</name><bndbox><xmin>431</xmin><ymin>248</ymin><xmax>58</xmax><ymax>100</ymax></bndbox></object><object><name>proposal</name><bndbox><xmin>445</xmin><ymin>159</ymin><xmax>167</xmax><ymax>105</ymax></bndbox></object><object><name>proposal</name><bndbox><xmin>485</xmin><ymin>28</ymin><xmax>141</xmax><ymax>295</ymax></bndbox></object><object><name>proposal</name><bndbox><xmin>613</xmin><ymin>187</ymin><xmax>103</xmax><ymax>52</ymax></bndbox></object><object><name>proposal</name><bndbox><xmin>489</xmin><ymin>95</ymin><xmax>191</xmax><ymax>97</ymax></bndbox></object><object><name>proposal</name><bndbox><xmin>613</xmin><ymin>120</ymin><xmax>99</xmax><ymax>160</ymax></bndbox></object><object><name>proposal</name><bndbox><xmin>662</xmin><ymin>118</ymin><xmax>46</xmax><ymax>40</ymax></bndbox></object><object><name>proposal</name><bndbox><xmin>559</xmin><ymin>41</ymin><xmax>37</xmax><ymax>54</ymax></bndbox></object><object><name>proposal</name><bndbox><xmin>293</xmin><ymin>106</ymin><xmax>227</xmax><ymax>240</ymax></bndbox></object><object><name>proposal</name><bndbox><xmin>341</xmin><ymin>68</ymin><xmax>165</xmax><ymax>97</ymax></bndbox></object><object><name>proposal</name><bndbox><xmin>615</xmin><ymin>125</ymin><xmax>65</xmax><ymax>86</ymax></bndbox></object><object><name>proposal</name><bndbox><xmin>557</xmin><ymin>185</ymin><xmax>156</xmax><ymax>93</ymax></bndbox></object><object><name>proposal</name><bndbox><xmin>526</xmin><ymin>4</ymin><xmax>59</xmax><ymax>78</ymax></bndbox></object><object><name>proposal</name><bndbox><xmin>589</xmin><ymin>31</ymin><xmax>56</xmax><ymax>32</ymax></bndbox></object><object><name>proposal</name><bndbox><xmin>270</xmin><ymin>18</ymin><xmax>257</xmax><ymax>258</ymax></bndbox></object><object><name>proposal</name><bndbox><xmin>188</xmin><ymin>68</ymin><xmax>331</xmax><ymax>297</ymax></bndbox></object><object><name>proposal</name><bndbox><xmin>617</xmin><ymin>53</ymin><xmax>68</xmax><ymax>101</ymax></bndbox></object><object><name>proposal</name><bndbox><xmin>529</xmin><ymin>41</ymin><xmax>45</xmax><ymax>31</ymax></bndbox></object><object><name>proposal</name><bndbox><xmin>340</xmin><ymin>112</ymin><xmax>149</xmax><ymax>124</ymax></bndbox></object><object><name>proposal</name><bndbox><xmin>540</xmin><ymin>117</ymin><xmax>165</xmax><ymax>93</ymax></bndbox></object><object><name>proposal</name><bndbox><xmin>559</xmin><ymin>25</ymin><xmax>37</xmax><ymax>34</ymax></bndbox></object><object><name>proposal</name><bndbox><xmin>439</xmin><ymin>223</ymin><xmax>129</xmax><ymax>129</ymax></bndbox></object><object><name>proposal</name><bndbox><xmin>456</xmin><ymin>253</ymin><xmax>43</xmax><ymax>95</ymax></bndbox></object><object><name>proposal</name><bndbox><xmin>415</xmin><ymin>18</ymin><xmax>130</xmax><ymax>57</ymax></bndbox></object><object><name>proposal</name><bndbox><xmin>616</xmin><ymin>47</ymin><xmax>100</xmax><ymax>90</ymax></bndbox></object><object><name>proposal</name><bndbox><xmin>550</xmin><ymin>40</ymin><xmax>39</xmax><ymax>73</ymax></bndbox></object><object><name>proposal</name><bndbox><xmin>380</xmin><ymin>247</ymin><xmax>131</xmax><ymax>115</ymax></bndbox></object><object><name>proposal</name><bndbox><xmin>613</xmin><ymin>186</ymin><xmax>100</xmax><ymax>143</ymax></bndbox></object><object><name>proposal</name><bndbox><xmin>590</xmin><ymin>67</ymin><xmax>126</xmax><ymax>60</ymax></bndbox></object><object><name>proposal</name><bndbox><xmin>455</xmin><ymin>294</ymin><xmax>45</xmax><ymax>53</ymax></bndbox></object><object><name>proposal</name><bndbox><xmin>88</xmin><ymin>23</ymin><xmax>270</xmax><ymax>330</ymax></bndbox></object><object><name>proposal</name><bndbox><xmin>513</xmin><ymin>41</ymin><xmax>65</xmax><ymax>157</ymax></bndbox></object><object><name>proposal</name><bndbox><xmin>341</xmin><ymin>37</ymin><xmax>84</xmax><ymax>108</ymax></bndbox></object><object><name>proposal</name><bndbox><xmin>584</xmin><ymin>28</ymin><xmax>64</xmax><ymax>54</ymax></bndbox></object><object><name>proposal</name><bndbox><xmin>508</xmin><ymin>35</ymin><xmax>78</xmax><ymax>53</ymax></bndbox></object><object><name>proposal</name><bndbox><xmin>449</xmin><ymin>10</ymin><xmax>148</xmax><ymax>71</ymax></bndbox></object><object><name>proposal</name><bndbox><xmin>364</xmin><ymin>77</ymin><xmax>313</xmax><ymax>121</ymax></bndbox></object><object><name>proposal</name><bndbox><xmin>531</xmin><ymin>41</ymin><xmax>110</xmax><ymax>155</ymax></bndbox></object><object><name>proposal</name><bndbox><xmin>366</xmin><ymin>118</ymin><xmax>346</xmax><ymax>244</ymax></bndbox></object><object><name>proposal</name><bndbox><xmin>438</xmin><ymin>146</ymin><xmax>172</xmax><ymax>200</ymax></bndbox></object><object><name>proposal</name><bndbox><xmin>592</xmin><ymin>47</ymin><xmax>43</xmax><ymax>76</ymax></bndbox></object><object><name>proposal</name><bndbox><xmin>294</xmin><ymin>112</ymin><xmax>295</xmax><ymax>163</ymax></bndbox></object><object><name>proposal</name><bndbox><xmin>529</xmin><ymin>32</ymin><xmax>60</xmax><ymax>44</ymax></bndbox></object><object><name>proposal</name><bndbox><xmin>585</xmin><ymin>43</ymin><xmax>103</xmax><ymax>72</ymax></bndbox></object><object><name>proposal</name><bndbox><xmin>429</xmin><ymin>248</ymin><xmax>81</xmax><ymax>65</ymax></bndbox></object><object><name>proposal</name><bndbox><xmin>366</xmin><ymin>116</ymin><xmax>154</xmax><ymax>243</ymax></bndbox></object><object><name>proposal</name><bndbox><xmin>467</xmin><ymin>44</ymin><xmax>145</xmax><ymax>69</ymax></bndbox></object><object><name>proposal</name><bndbox><xmin>591</xmin><ymin>47</ymin><xmax>97</xmax><ymax>117</ymax></bndbox></object><object><name>proposal</name><bndbox><xmin>437</xmin><ymin>189</ymin><xmax>84</xmax><ymax>88</ymax></bndbox></object><object><name>proposal</name><bndbox><xmin>366</xmin><ymin>43</ymin><xmax>93</xmax><ymax>111</ymax></bndbox></object><object><name>proposal</name><bndbox><xmin>285</xmin><ymin>28</ymin><xmax>311</xmax><ymax>445</ymax></bndbox></object><object><name>proposal</name><bndbox><xmin>439</xmin><ymin>109</ymin><xmax>275</xmax><ymax>197</ymax></bndbox></object><object><name>proposal</name><bndbox><xmin>589</xmin><ymin>43</ymin><xmax>90</xmax><ymax>169</ymax></bndbox></object><object><name>proposal</name><bndbox><xmin>589</xmin><ymin>64</ymin><xmax>126</xmax><ymax>108</ymax></bndbox></object><object><name>proposal</name><bndbox><xmin>470</xmin><ymin>278</ymin><xmax>42</xmax><ymax>27</ymax></bndbox></object><object><name>proposal</name><bndbox><xmin>614</xmin><ymin>118</ymin><xmax>91</xmax><ymax>72</ymax></bndbox></object><object><name>proposal</name><bndbox><xmin>438</xmin><ymin>72</ymin><xmax>204</xmax><ymax>208</ymax></bndbox></object><object><name>proposal</name><bndbox><xmin>658</xmin><ymin>100</ymin><xmax>49</xmax><ymax>53</ymax></bndbox></object><object><name>proposal</name><bndbox><xmin>395</xmin><ymin>204</ymin><xmax>124</xmax><ymax>156</ymax></bndbox></object><object><name>proposal</name><bndbox><xmin>427</xmin><ymin>19</ymin><xmax>22</xmax><ymax>35</ymax></bndbox></object><object><name>proposal</name><bndbox><xmin>486</xmin><ymin>90</ymin><xmax>229</xmax><ymax>173</ymax></bndbox></object><object><name>proposal</name><bndbox><xmin>395</xmin><ymin>296</ymin><xmax>105</xmax><ymax>50</ymax></bndbox></object><object><name>proposal</name><bndbox><xmin>466</xmin><ymin>61</ymin><xmax>112</xmax><ymax>80</ymax></bndbox></object><object><name>proposal</name><bndbox><xmin>585</xmin><ymin>50</ymin><xmax>41</xmax><ymax>65</ymax></bndbox></object><object><name>proposal</name><bndbox><xmin>517</xmin><ymin>62</ymin><xmax>46</xmax><ymax>19</ymax></bndbox></object><object><name>proposal</name><bndbox><xmin>532</xmin><ymin>57</ymin><xmax>32</xmax><ymax>24</ymax></bndbox></object><object><name>proposal</name><bndbox><xmin>425</xmin><ymin>309</ymin><xmax>64</xmax><ymax>59</ymax></bndbox></object><object><name>proposal</name><bndbox><xmin>225</xmin><ymin>79</ymin><xmax>388</xmax><ymax>196</ymax></bndbox></object><object><name>proposal</name><bndbox><xmin>581</xmin><ymin>91</ymin><xmax>124</xmax><ymax>128</ymax></bndbox></object><object><name>proposal</name><bndbox><xmin>626</xmin><ymin>127</ymin><xmax>51</xmax><ymax>25</ymax></bndbox></object><object><name>proposal</name><bndbox><xmin>335</xmin><ymin>223</ymin><xmax>184</xmax><ymax>136</ymax></bndbox></object><object><name>proposal</name><bndbox><xmin>629</xmin><ymin>67</ymin><xmax>87</xmax><ymax>47</ymax></bndbox></object><object><name>proposal</name><bndbox><xmin>528</xmin><ymin>55</ymin><xmax>61</xmax><ymax>53</ymax></bndbox></object><object><name>proposal</name><bndbox><xmin>246</xmin><ymin>18</ymin><xmax>258</xmax><ymax>177</ymax></bndbox></object><object><name>proposal</name><bndbox><xmin>434</xmin><ymin>137</ymin><xmax>112</xmax><ymax>139</ymax></bndbox></object><object><name>proposal</name><bndbox><xmin>456</xmin><ymin>312</ymin><xmax>42</xmax><ymax>39</ymax></bndbox></object><object><name>proposal</name><bndbox><xmin>425</xmin><ymin>146</ymin><xmax>167</xmax><ymax>131</ymax></bndbox></object><object><name>proposal</name><bndbox><xmin>230</xmin><ymin>27</ymin><xmax>315</xmax><ymax>545</ymax></bndbox></object><object><name>proposal</name><bndbox><xmin>340</xmin><ymin>77</ymin><xmax>43</xmax><ymax>54</ymax></bndbox></object><object><name>proposal</name><bndbox><xmin>539</xmin><ymin>91</ymin><xmax>136</xmax><ymax>115</ymax></bndbox></object><object><name>proposal</name><bndbox><xmin>530</xmin><ymin>91</ymin><xmax>175</xmax><ymax>80</ymax></bndbox></object><object><name>proposal</name><bndbox><xmin>634</xmin><ymin>127</ymin><xmax>45</xmax><ymax>48</ymax></bndbox></object><object><name>proposal</name><bndbox><xmin>327</xmin><ymin>111</ymin><xmax>124</xmax><ymax>117</ymax></bndbox></object><object><name>proposal</name><bndbox><xmin>518</xmin><ymin>68</ymin><xmax>70</xmax><ymax>47</ymax></bndbox></object><object><name>proposal</name><bndbox><xmin>228</xmin><ymin>112</ymin><xmax>293</xmax><ymax>163</ymax></bndbox></object><object><name>proposal</name><bndbox><xmin>518</xmin><ymin>82</ymin><xmax>72</xmax><ymax>111</ymax></bndbox></object><object><name>proposal</name><bndbox><xmin>337</xmin><ymin>111</ymin><xmax>47</xmax><ymax>65</ymax></bndbox></object><object><name>proposal</name><bndbox><xmin>414</xmin><ymin>18</ymin><xmax>93</xmax><ymax>150</ymax></bndbox></object><object><name>proposal</name><bndbox><xmin>518</xmin><ymin>25</ymin><xmax>81</xmax><ymax>51</ymax></bndbox></object><object><name>proposal</name><bndbox><xmin>339</xmin><ymin>112</ymin><xmax>77</xmax><ymax>89</ymax></bndbox></object><object><name>proposal</name><bndbox><xmin>547</xmin><ymin>70</ymin><xmax>162</xmax><ymax>78</ymax></bndbox></object><object><name>proposal</name><bndbox><xmin>511</xmin><ymin>41</ymin><xmax>31</xmax><ymax>31</ymax></bndbox></object><object><name>proposal</name><bndbox><xmin>340</xmin><ymin>30</ymin><xmax>183</xmax><ymax>77</ymax></bndbox></object><object><name>proposal</name><bndbox><xmin>435</xmin><ymin>69</ymin><xmax>87</xmax><ymax>207</ymax></bndbox></object><object><name>proposal</name><bndbox><xmin>625</xmin><ymin>47</ymin><xmax>91</xmax><ymax>49</ymax></bndbox></object><object><name>proposal</name><bndbox><xmin>438</xmin><ymin>225</ymin><xmax>127</xmax><ymax>80</ymax></bndbox></object><object><name>proposal</name><bndbox><xmin>536</xmin><ymin>51</ymin><xmax>31</xmax><ymax>31</ymax></bndbox></object><object><name>proposal</name><bndbox><xmin>63</xmin><ymin>15</ymin><xmax>397</xmax><ymax>550</ymax></bndbox></object><object><name>proposal</name><bndbox><xmin>439</xmin><ymin>224</ymin><xmax>203</xmax><ymax>124</ymax></bndbox></object><object><name>proposal</name><bndbox><xmin>510</xmin><ymin>42</ymin><xmax>53</xmax><ymax>57</ymax></bndbox></object><object><name>proposal</name><bndbox><xmin>559</xmin><ymin>6</ymin><xmax>40</xmax><ymax>54</ymax></bndbox></object><object><name>proposal</name><bndbox><xmin>529</xmin><ymin>40</ymin><xmax>44</xmax><ymax>65</ymax></bndbox></object><object><name>proposal</name><bndbox><xmin>9</xmin><ymin>5</ymin><xmax>172</xmax><ymax>212</ymax></bndbox></object><object><name>proposal</name><bndbox><xmin>579</xmin><ymin>14</ymin><xmax>69</xmax><ymax>102</ymax></bndbox></object><object><name>proposal</name><bndbox><xmin>614</xmin><ymin>156</ymin><xmax>101</xmax><ymax>65</ymax></bndbox></object><object><name>proposal</name><bndbox><xmin>443</xmin><ymin>224</ymin><xmax>76</xmax><ymax>36</ymax></bndbox></object><object><name>proposal</name><bndbox><xmin>340</xmin><ymin>4</ymin><xmax>156</xmax><ymax>66</ymax></bndbox></object><object><name>proposal</name><bndbox><xmin>589</xmin><ymin>53</ymin><xmax>126</xmax><ymax>57</ymax></bndbox></object><object><name>proposal</name><bndbox><xmin>558</xmin><ymin>40</ymin><xmax>50</xmax><ymax>75</ymax></bndbox></object><object><name>proposal</name><bndbox><xmin>323</xmin><ymin>70</ymin><xmax>187</xmax><ymax>325</ymax></bndbox></object><object><name>proposal</name><bndbox><xmin>423</xmin><ymin>274</ymin><xmax>94</xmax><ymax>72</ymax></bndbox></object><object><name>proposal</name><bndbox><xmin>495</xmin><ymin>278</ymin><xmax>45</xmax><ymax>27</ymax></bndbox></object><object><name>proposal</name><bndbox><xmin>374</xmin><ymin>298</ymin><xmax>119</xmax><ymax>63</ymax></bndbox></object><object><name>proposal</name><bndbox><xmin>514</xmin><ymin>4</ymin><xmax>98</xmax><ymax>78</ymax></bndbox></object><object><name>proposal</name><bndbox><xmin>512</xmin><ymin>51</ymin><xmax>139</xmax><ymax>104</ymax></bndbox></object><object><name>proposal</name><bndbox><xmin>495</xmin><ymin>33</ymin><xmax>48</xmax><ymax>51</ymax></bndbox></object><object><name>proposal</name><bndbox><xmin>435</xmin><ymin>30</ymin><xmax>96</xmax><ymax>136</ymax></bndbox></object><object><name>proposal</name><bndbox><xmin>606</xmin><ymin>54</ymin><xmax>42</xmax><ymax>51</ymax></bndbox></object><object><name>proposal</name><bndbox><xmin>449</xmin><ymin>28</ymin><xmax>67</xmax><ymax>33</ymax></bndbox></object><object><name>proposal</name><bndbox><xmin>524</xmin><ymin>90</ymin><xmax>110</xmax><ymax>102</ymax></bndbox></object><object><name>proposal</name><bndbox><xmin>613</xmin><ymin>265</ymin><xmax>26</xmax><ymax>41</ymax></bndbox></object><object><name>proposal</name><bndbox><xmin>438</xmin><ymin>223</ymin><xmax>129</xmax><ymax>53</ymax></bndbox></object><object><name>proposal</name><bndbox><xmin>485</xmin><ymin>3</ymin><xmax>113</xmax><ymax>48</ymax></bndbox></object><object><name>proposal</name><bndbox><xmin>537</xmin><ymin>53</ymin><xmax>99</xmax><ymax>51</ymax></bndbox></object><object><name>proposal</name><bndbox><xmin>343</xmin><ymin>115</ymin><xmax>40</xmax><ymax>40</ymax></bndbox></object><object><name>proposal</name><bndbox><xmin>293</xmin><ymin>84</ymin><xmax>319</xmax><ymax>277</ymax></bndbox></object><object><name>proposal</name><bndbox><xmin>127</xmin><ymin>55</ymin><xmax>225</xmax><ymax>215</ymax></bndbox></object><object><name>proposal</name><bndbox><xmin>516</xmin><ymin>61</ymin><xmax>48</xmax><ymax>33</ymax></bndbox></object><object><name>proposal</name><bndbox><xmin>286</xmin><ymin>112</ymin><xmax>202</xmax><ymax>140</ymax></bndbox></object><object><name>proposal</name><bndbox><xmin>337</xmin><ymin>99</ymin><xmax>273</xmax><ymax>209</ymax></bndbox></object><object><name>proposal</name><bndbox><xmin>9</xmin><ymin>6</ymin><xmax>175</xmax><ymax>108</ymax></bndbox></object><object><name>proposal</name><bndbox><xmin>439</xmin><ymin>145</ymin><xmax>83</xmax><ymax>203</ymax></bndbox></object><object><name>proposal</name><bndbox><xmin>481</xmin><ymin>263</ymin><xmax>29</xmax><ymax>42</ymax></bndbox></object><object><name>proposal</name><bndbox><xmin>437</xmin><ymin>45</ymin><xmax>89</xmax><ymax>61</ymax></bndbox></object><object><name>proposal</name><bndbox><xmin>518</xmin><ymin>55</ymin><xmax>45</xmax><ymax>49</ymax></bndbox></object><object><name>proposal</name><bndbox><xmin>489</xmin><ymin>41</ymin><xmax>100</xmax><ymax>267</ymax></bndbox></object><object><name>proposal</name><bndbox><xmin>414</xmin><ymin>134</ymin><xmax>107</xmax><ymax>142</ymax></bndbox></object><object><name>proposal</name><bndbox><xmin>489</xmin><ymin>41</ymin><xmax>100</xmax><ymax>112</ymax></bndbox></object><object><name>proposal</name><bndbox><xmin>364</xmin><ymin>118</ymin><xmax>183</xmax><ymax>140</ymax></bndbox></object><object><name>proposal</name><bndbox><xmin>10</xmin><ymin>4</ymin><xmax>221</xmax><ymax>271</ymax></bndbox></object><object><name>proposal</name><bndbox><xmin>429</xmin><ymin>64</ymin><xmax>75</xmax><ymax>43</ymax></bndbox></object><object><name>proposal</name><bndbox><xmin>679</xmin><ymin>435</ymin><xmax>35</xmax><ymax>24</ymax></bndbox></object><object><name>proposal</name><bndbox><xmin>309</xmin><ymin>112</ymin><xmax>107</xmax><ymax>72</ymax></bndbox></object><object><name>proposal</name><bndbox><xmin>337</xmin><ymin>112</ymin><xmax>152</xmax><ymax>76</ymax></bndbox></object><object><name>proposal</name><bndbox><xmin>389</xmin><ymin>225</ymin><xmax>132</xmax><ymax>82</ymax></bndbox></object><object><name>proposal</name><bndbox><xmin>487</xmin><ymin>157</ymin><xmax>125</xmax><ymax>151</ymax></bndbox></object><object><name>proposal</name><bndbox><xmin>536</xmin><ymin>55</ymin><xmax>47</xmax><ymax>27</ymax></bndbox></object><object><name>proposal</name><bndbox><xmin>406</xmin><ymin>293</ymin><xmax>83</xmax><ymax>101</ymax></bndbox></object><object><name>proposal</name><bndbox><xmin>124</xmin><ymin>24</ymin><xmax>320</xmax><ymax>284</ymax></bndbox></object><object><name>proposal</name><bndbox><xmin>604</xmin><ymin>265</ymin><xmax>35</xmax><ymax>28</ymax></bndbox></object><object><name>proposal</name><bndbox><xmin>493</xmin><ymin>42</ymin><xmax>71</xmax><ymax>41</ymax></bndbox></object><object><name>proposal</name><bndbox><xmin>438</xmin><ymin>95</ymin><xmax>195</xmax><ymax>97</ymax></bndbox></object><object><name>proposal</name><bndbox><xmin>366</xmin><ymin>116</ymin><xmax>93</xmax><ymax>122</ymax></bndbox></object><object><name>proposal</name><bndbox><xmin>559</xmin><ymin>39</ymin><xmax>38</xmax><ymax>22</ymax></bndbox></object><object><name>proposal</name><bndbox><xmin>129</xmin><ymin>20</ymin><xmax>224</xmax><ymax>173</ymax></bndbox></object><object><name>proposal</name><bndbox><xmin>553</xmin><ymin>76</ymin><xmax>73</xmax><ymax>39</ymax></bndbox></object><object><name>proposal</name><bndbox><xmin>339</xmin><ymin>80</ymin><xmax>69</xmax><ymax>51</ymax></bndbox></object><object><name>proposal</name><bndbox><xmin>580</xmin><ymin>26</ymin><xmax>117</xmax><ymax>58</ymax></bndbox></object><object><name>proposal</name><bndbox><xmin>658</xmin><ymin>18</ymin><xmax>57</xmax><ymax>136</ymax></bndbox></object><object><name>proposal</name><bndbox><xmin>592</xmin><ymin>89</ymin><xmax>32</xmax><ymax>26</ymax></bndbox></object><object><name>proposal</name><bndbox><xmin>573</xmin><ymin>125</ymin><xmax>108</xmax><ymax>84</ymax></bndbox></object><object><name>proposal</name><bndbox><xmin>446</xmin><ymin>28</ymin><xmax>47</xmax><ymax>65</ymax></bndbox></object><object><name>proposal</name><bndbox><xmin>595</xmin><ymin>6</ymin><xmax>64</xmax><ymax>59</ymax></bndbox></object><object><name>proposal</name><bndbox><xmin>525</xmin><ymin>168</ymin><xmax>187</xmax><ymax>130</ymax></bndbox></object><object><name>proposal</name><bndbox><xmin>549</xmin><ymin>91</ymin><xmax>165</xmax><ymax>223</ymax></bndbox></object><object><name>proposal</name><bndbox><xmin>629</xmin><ymin>70</ymin><xmax>57</xmax><ymax>78</ymax></bndbox></object><object><name>proposal</name><bndbox><xmin>537</xmin><ymin>39</ymin><xmax>48</xmax><ymax>39</ymax></bndbox></object><object><name>proposal</name><bndbox><xmin>386</xmin><ymin>249</ymin><xmax>124</xmax><ymax>69</ymax></bndbox></object><object><name>proposal</name><bndbox><xmin>481</xmin><ymin>277</ymin><xmax>29</xmax><ymax>45</ymax></bndbox></object><object><name>proposal</name><bndbox><xmin>603</xmin><ymin>47</ymin><xmax>44</xmax><ymax>76</ymax></bndbox></object><object><name>proposal</name><bndbox><xmin>438</xmin><ymin>52</ymin><xmax>228</xmax><ymax>108</ymax></bndbox></object><object><name>proposal</name><bndbox><xmin>365</xmin><ymin>81</ymin><xmax>138</xmax><ymax>69</ymax></bndbox></object><object><name>proposal</name><bndbox><xmin>489</xmin><ymin>158</ymin><xmax>123</xmax><ymax>93</ymax></bndbox></object><object><name>proposal</name><bndbox><xmin>379</xmin><ymin>199</ymin><xmax>141</xmax><ymax>77</ymax></bndbox></object><object><name>proposal</name><bndbox><xmin>634</xmin><ymin>116</ymin><xmax>45</xmax><ymax>31</ymax></bndbox></object><object><name>proposal</name><bndbox><xmin>423</xmin><ymin>280</ymin><xmax>66</xmax><ymax>85</ymax></bndbox></object><object><name>proposal</name><bndbox><xmin>294</xmin><ymin>232</ymin><xmax>54</xmax><ymax>37</ymax></bndbox></object><object><name>proposal</name><bndbox><xmin>451</xmin><ymin>311</ymin><xmax>40</xmax><ymax>46</ymax></bndbox></object><object><name>proposal</name><bndbox><xmin>592</xmin><ymin>93</ymin><xmax>81</xmax><ymax>53</ymax></bndbox></object><object><name>proposal</name><bndbox><xmin>425</xmin><ymin>222</ymin><xmax>97</xmax><ymax>182</ymax></bndbox></object><object><name>proposal</name><bndbox><xmin>516</xmin><ymin>39</ymin><xmax>48</xmax><ymax>42</ymax></bndbox></object><object><name>proposal</name><bndbox><xmin>475</xmin><ymin>277</ymin><xmax>35</xmax><ymax>70</ymax></bndbox></object><object><name>proposal</name><bndbox><xmin>401</xmin><ymin>19</ymin><xmax>93</xmax><ymax>51</ymax></bndbox></object><object><name>proposal</name><bndbox><xmin>390</xmin><ymin>133</ymin><xmax>170</xmax><ymax>144</ymax></bndbox></object><object><name>proposal</name><bndbox><xmin>631</xmin><ymin>28</ymin><xmax>57</xmax><ymax>57</ymax></bndbox></object><object><name>proposal</name><bndbox><xmin>613</xmin><ymin>238</ymin><xmax>26</xmax><ymax>41</ymax></bndbox></object><object><name>proposal</name><bndbox><xmin>520</xmin><ymin>71</ymin><xmax>136</xmax><ymax>149</ymax></bndbox></object><object><name>proposal</name><bndbox><xmin>675</xmin><ymin>4</ymin><xmax>28</xmax><ymax>32</ymax></bndbox></object><object><name>proposal</name><bndbox><xmin>556</xmin><ymin>4</ymin><xmax>60</xmax><ymax>55</ymax></bndbox></object><object><name>proposal</name><bndbox><xmin>489</xmin><ymin>126</ymin><xmax>125</xmax><ymax>67</ymax></bndbox></object><object><name>proposal</name><bndbox><xmin>595</xmin><ymin>55</ymin><xmax>54</xmax><ymax>40</ymax></bndbox></object><object><name>proposal</name><bndbox><xmin>528</xmin><ymin>13</ymin><xmax>118</xmax><ymax>52</ymax></bndbox></object><object><name>proposal</name><bndbox><xmin>631</xmin><ymin>48</ymin><xmax>48</xmax><ymax>31</ymax></bndbox></object><object><name>proposal</name><bndbox><xmin>475</xmin><ymin>10</ymin><xmax>71</xmax><ymax>77</ymax></bndbox></object><object><name>proposal</name><bndbox><xmin>564</xmin><ymin>51</ymin><xmax>61</xmax><ymax>61</ymax></bndbox></object><object><name>proposal</name><bndbox><xmin>448</xmin><ymin>309</ymin><xmax>41</xmax><ymax>79</ymax></bndbox></object><object><name>proposal</name><bndbox><xmin>537</xmin><ymin>62</ymin><xmax>42</xmax><ymax>19</ymax></bndbox></object><object><name>proposal</name><bndbox><xmin>423</xmin><ymin>18</ymin><xmax>27</xmax><ymax>45</ymax></bndbox></object><object><name>proposal</name><bndbox><xmin>373</xmin><ymin>118</ymin><xmax>217</xmax><ymax>228</ymax></bndbox></object><object><name>proposal</name><bndbox><xmin>429</xmin><ymin>316</ymin><xmax>58</xmax><ymax>37</ymax></bndbox></object><object><name>proposal</name><bndbox><xmin>366</xmin><ymin>118</ymin><xmax>51</xmax><ymax>81</ymax></bndbox></object><object><name>proposal</name><bndbox><xmin>199</xmin><ymin>67</ymin><xmax>184</xmax><ymax>200</ymax></bndbox></object><object><name>proposal</name><bndbox><xmin>558</xmin><ymin>15</ymin><xmax>31</xmax><ymax>45</ymax></bndbox></object><object><name>proposal</name><bndbox><xmin>421</xmin><ymin>1</ymin><xmax>31</xmax><ymax>31</ymax></bndbox></object><object><name>proposal</name><bndbox><xmin>534</xmin><ymin>51</ymin><xmax>85</xmax><ymax>37</ymax></bndbox></object><object><name>proposal</name><bndbox><xmin>460</xmin><ymin>277</ymin><xmax>50</xmax><ymax>34</ymax></bndbox></object><object><name>proposal</name><bndbox><xmin>439</xmin><ymin>140</ymin><xmax>240</xmax><ymax>306</ymax></bndbox></object><object><name>proposal</name><bndbox><xmin>547</xmin><ymin>93</ymin><xmax>130</xmax><ymax>60</ymax></bndbox></object><object><name>proposal</name><bndbox><xmin>243</xmin><ymin>21</ymin><xmax>144</xmax><ymax>110</ymax></bndbox></object><object><name>proposal</name><bndbox><xmin>205</xmin><ymin>20</ymin><xmax>247</xmax><ymax>416</ymax></bndbox></object><object><name>proposal</name><bndbox><xmin>436</xmin><ymin>54</ymin><xmax>70</xmax><ymax>47</ymax></bndbox></object><object><name>proposal</name><bndbox><xmin>313</xmin><ymin>111</ymin><xmax>73</xmax><ymax>70</ymax></bndbox></object><object><name>proposal</name><bndbox><xmin>497</xmin><ymin>274</ymin><xmax>28</xmax><ymax>32</ymax></bndbox></object><object><name>proposal</name><bndbox><xmin>338</xmin><ymin>37</ymin><xmax>56</xmax><ymax>97</ymax></bndbox></object><object><name>proposal</name><bndbox><xmin>63</xmin><ymin>59</ymin><xmax>288</xmax><ymax>165</ymax></bndbox></object><object><name>proposal</name><bndbox><xmin>409</xmin><ymin>320</ymin><xmax>79</xmax><ymax>43</ymax></bndbox></object><object><name>proposal</name><bndbox><xmin>441</xmin><ymin>324</ymin><xmax>46</xmax><ymax>21</ymax></bndbox></object><object><name>proposal</name><bndbox><xmin>524</xmin><ymin>38</ymin><xmax>66</xmax><ymax>30</ymax></bndbox></object><object><name>proposal</name><bndbox><xmin>372</xmin><ymin>277</ymin><xmax>138</xmax><ymax>71</ymax></bndbox></object><object><name>proposal</name><bndbox><xmin>291</xmin><ymin>244</ymin><xmax>222</xmax><ymax>102</ymax></bndbox></object><object><name>proposal</name><bndbox><xmin>557</xmin><ymin>41</ymin><xmax>39</xmax><ymax>33</ymax></bndbox></object><object><name>proposal</name><bndbox><xmin>366</xmin><ymin>63</ymin><xmax>51</xmax><ymax>81</ymax></bndbox></object><object><name>proposal</name><bndbox><xmin>446</xmin><ymin>177</ymin><xmax>74</xmax><ymax>80</ymax></bndbox></object><object><name>proposal</name><bndbox><xmin>337</xmin><ymin>109</ymin><xmax>89</xmax><ymax>139</ymax></bndbox></object><object><name>proposal</name><bndbox><xmin>592</xmin><ymin>60</ymin><xmax>31</xmax><ymax>54</ymax></bndbox></object><object><name>proposal</name><bndbox><xmin>456</xmin><ymin>278</ymin><xmax>131</xmax><ymax>69</ymax></bndbox></object><object><name>proposal</name><bndbox><xmin>456</xmin><ymin>292</ymin><xmax>84</xmax><ymax>55</ymax></bndbox></object><object><name>proposal</name><bndbox><xmin>254</xmin><ymin>202</ymin><xmax>267</xmax><ymax>159</ymax></bndbox></object><object><name>proposal</name><bndbox><xmin>471</xmin><ymin>277</ymin><xmax>57</xmax><ymax>69</ymax></bndbox></object><object><name>proposal</name><bndbox><xmin>469</xmin><ymin>311</ymin><xmax>70</xmax><ymax>35</ymax></bndbox></object><object><name>proposal</name><bndbox><xmin>294</xmin><ymin>224</ymin><xmax>230</xmax><ymax>183</ymax></bndbox></object><object><name>proposal</name><bndbox><xmin>539</xmin><ymin>61</ymin><xmax>24</xmax><ymax>41</ymax></bndbox></object><object><name>proposal</name><bndbox><xmin>602</xmin><ymin>127</ymin><xmax>75</xmax><ymax>49</ymax></bndbox></object><object><name>proposal</name><bndbox><xmin>220</xmin><ymin>83</ymin><xmax>235</xmax><ymax>207</ymax></bndbox></object><object><name>proposal</name><bndbox><xmin>469</xmin><ymin>157</ymin><xmax>195</xmax><ymax>216</ymax></bndbox></object><object><name>proposal</name><bndbox><xmin>168</xmin><ymin>67</ymin><xmax>335</xmax><ymax>184</ymax></bndbox></object><object><name>proposal</name><bndbox><xmin>225</xmin><ymin>87</ymin><xmax>159</xmax><ymax>113</ymax></bndbox></object><object><name>proposal</name><bndbox><xmin>617</xmin><ymin>94</ymin><xmax>69</xmax><ymax>59</ymax></bndbox></object><object><name>proposal</name><bndbox><xmin>654</xmin><ymin>5</ymin><xmax>61</xmax><ymax>93</ymax></bndbox></object><object><name>proposal</name><bndbox><xmin>615</xmin><ymin>51</ymin><xmax>29</xmax><ymax>59</ymax></bndbox></object><object><name>proposal</name><bndbox><xmin>379</xmin><ymin>20</ymin><xmax>138</xmax><ymax>123</ymax></bndbox></object><object><name>proposal</name><bndbox><xmin>305</xmin><ymin>112</ymin><xmax>152</xmax><ymax>89</ymax></bndbox></object><object><name>proposal</name><bndbox><xmin>537</xmin><ymin>71</ymin><xmax>107</xmax><ymax>43</ymax></bndbox></object><object><name>proposal</name><bndbox><xmin>439</xmin><ymin>225</ymin><xmax>202</xmax><ymax>202</ymax></bndbox></object><object><name>proposal</name><bndbox><xmin>366</xmin><ymin>63</ymin><xmax>138</xmax><ymax>215</ymax></bndbox></object><object><name>proposal</name><bndbox><xmin>400</xmin><ymin>221</ymin><xmax>99</xmax><ymax>177</ymax></bndbox></object><object><name>proposal</name><bndbox><xmin>675</xmin><ymin>5</ymin><xmax>27</xmax><ymax>47</ymax></bndbox></object><object><name>proposal</name><bndbox><xmin>608</xmin><ymin>127</ymin><xmax>70</xmax><ymax>33</ymax></bndbox></object><object><name>proposal</name><bndbox><xmin>470</xmin><ymin>267</ymin><xmax>42</xmax><ymax>42</ymax></bndbox></object><object><name>proposal</name><bndbox><xmin>40</xmin><ymin>29</ymin><xmax>219</xmax><ymax>197</ymax></bndbox></object><object><name>proposal</name><bndbox><xmin>631</xmin><ymin>4</ymin><xmax>71</xmax><ymax>80</ymax></bndbox></object><object><name>proposal</name><bndbox><xmin>11</xmin><ymin>4</ymin><xmax>213</xmax><ymax>135</ymax></bndbox></object><object><name>proposal</name><bndbox><xmin>494</xmin><ymin>31</ymin><xmax>69</xmax><ymax>162</ymax></bndbox></object><object><name>proposal</name><bndbox><xmin>613</xmin><ymin>55</ymin><xmax>34</xmax><ymax>40</ymax></bndbox></object><object><name>proposal</name><bndbox><xmin>658</xmin><ymin>71</ymin><xmax>50</xmax><ymax>87</ymax></bndbox></object><object><name>proposal</name><bndbox><xmin>665</xmin><ymin>131</ymin><xmax>42</xmax><ymax>21</ymax></bndbox></object><object><name>proposal</name><bndbox><xmin>400</xmin><ymin>53</ymin><xmax>104</xmax><ymax>52</ymax></bndbox></object><object><name>proposal</name><bndbox><xmin>583</xmin><ymin>91</ymin><xmax>78</xmax><ymax>116</ymax></bndbox></object><object><name>proposal</name><bndbox><xmin>256</xmin><ymin>69</ymin><xmax>38</xmax><ymax>28</ymax></bndbox></object><object><name>proposal</name><bndbox><xmin>437</xmin><ymin>30</ymin><xmax>79</xmax><ymax>45</ymax></bndbox></object><object><name>proposal</name><bndbox><xmin>316</xmin><ymin>115</ymin><xmax>67</xmax><ymax>36</ymax></bndbox></object><object><name>proposal</name><bndbox><xmin>590</xmin><ymin>55</ymin><xmax>125</xmax><ymax>316</ymax></bndbox></object><object><name>proposal</name><bndbox><xmin>676</xmin><ymin>416</ymin><xmax>39</xmax><ymax>29</ymax></bndbox></object><object><name>proposal</name><bndbox><xmin>166</xmin><ymin>67</ymin><xmax>187</xmax><ymax>145</ymax></bndbox></object><object><name>proposal</name><bndbox><xmin>505</xmin><ymin>82</ymin><xmax>74</xmax><ymax>80</ymax></bndbox></object><object><name>proposal</name><bndbox><xmin>329</xmin><ymin>113</ymin><xmax>53</xmax><ymax>49</ymax></bndbox></object><object><name>proposal</name><bndbox><xmin>337</xmin><ymin>82</ymin><xmax>349</xmax><ymax>362</ymax></bndbox></object><object><name>proposal</name><bndbox><xmin>438</xmin><ymin>311</ymin><xmax>53</xmax><ymax>129</ymax></bndbox></object><object><name>proposal</name><bndbox><xmin>403</xmin><ymin>69</ymin><xmax>106</xmax><ymax>97</ymax></bndbox></object><object><name>proposal</name><bndbox><xmin>338</xmin><ymin>109</ymin><xmax>55</xmax><ymax>103</ymax></bndbox></object><object><name>proposal</name><bndbox><xmin>456</xmin><ymin>310</ymin><xmax>131</xmax><ymax>55</ymax></bndbox></object><object><name>proposal</name><bndbox><xmin>433</xmin><ymin>81</ymin><xmax>146</xmax><ymax>69</ymax></bndbox></object><object><name>proposal</name><bndbox><xmin>436</xmin><ymin>186</ymin><xmax>247</xmax><ymax>121</ymax></bndbox></object><object><name>proposal</name><bndbox><xmin>534</xmin><ymin>12</ymin><xmax>65</xmax><ymax>47</ymax></bndbox></object><object><name>proposal</name><bndbox><xmin>335</xmin><ymin>19</ymin><xmax>123</xmax><ymax>229</ymax></bndbox></object><object><name>proposal</name><bndbox><xmin>536</xmin><ymin>73</ymin><xmax>51</xmax><ymax>27</ymax></bndbox></object><object><name>proposal</name><bndbox><xmin>420</xmin><ymin>30</ymin><xmax>75</xmax><ymax>45</ymax></bndbox></object><object><name>proposal</name><bndbox><xmin>634</xmin><ymin>124</ymin><xmax>71</xmax><ymax>80</ymax></bndbox></object><object><name>proposal</name><bndbox><xmin>625</xmin><ymin>40</ymin><xmax>83</xmax><ymax>43</ymax></bndbox></object><object><name>proposal</name><bndbox><xmin>595</xmin><ymin>57</ymin><xmax>51</xmax><ymax>25</ymax></bndbox></object><object><name>proposal</name><bndbox><xmin>409</xmin><ymin>311</ymin><xmax>80</xmax><ymax>128</ymax></bndbox></object><object><name>proposal</name><bndbox><xmin>358</xmin><ymin>115</ymin><xmax>69</xmax><ymax>111</ymax></bndbox></object><object><name>proposal</name><bndbox><xmin>489</xmin><ymin>27</ymin><xmax>37</xmax><ymax>70</ymax></bndbox></object><object><name>proposal</name><bndbox><xmin>572</xmin><ymin>43</ymin><xmax>39</xmax><ymax>73</ymax></bndbox></object><object><name>proposal</name><bndbox><xmin>446</xmin><ymin>214</ymin><xmax>75</xmax><ymax>53</ymax></bndbox></object><object><name>proposal</name><bndbox><xmin>294</xmin><ymin>100</ymin><xmax>133</xmax><ymax>167</ymax></bndbox></object><object><name>proposal</name><bndbox><xmin>464</xmin><ymin>275</ymin><xmax>49</xmax><ymax>49</ymax></bndbox></object><object><name>proposal</name><bndbox><xmin>323</xmin><ymin>44</ymin><xmax>61</xmax><ymax>87</ymax></bndbox></object><object><name>proposal</name><bndbox><xmin>553</xmin><ymin>19</ymin><xmax>133</xmax><ymax>97</ymax></bndbox></object><object><name>proposal</name><bndbox><xmin>562</xmin><ymin>58</ymin><xmax>109</xmax><ymax>56</ymax></bndbox></object><object><name>proposal</name><bndbox><xmin>631</xmin><ymin>127</ymin><xmax>31</xmax><ymax>45</ymax></bndbox></object><object><name>proposal</name><bndbox><xmin>584</xmin><ymin>70</ymin><xmax>103</xmax><ymax>78</ymax></bndbox></object><object><name>proposal</name><bndbox><xmin>365</xmin><ymin>206</ymin><xmax>156</xmax><ymax>108</ymax></bndbox></object><object><name>proposal</name><bndbox><xmin>453</xmin><ymin>312</ymin><xmax>55</xmax><ymax>135</ymax></bndbox></object><object><name>proposal</name><bndbox><xmin>187</xmin><ymin>27</ymin><xmax>106</xmax><ymax>69</ymax></bndbox></object><object><name>proposal</name><bndbox><xmin>427</xmin><ymin>5</ymin><xmax>35</xmax><ymax>26</ymax></bndbox></object><object><name>proposal</name><bndbox><xmin>644</xmin><ymin>67</ymin><xmax>73</xmax><ymax>156</ymax></bndbox></object><object><name>proposal</name><bndbox><xmin>291</xmin><ymin>236</ymin><xmax>39</xmax><ymax>31</ymax></bndbox></object><object><name>proposal</name><bndbox><xmin>628</xmin><ymin>89</ymin><xmax>50</xmax><ymax>60</ymax></bndbox></object><object><name>proposal</name><bndbox><xmin>262</xmin><ymin>46</ymin><xmax>31</xmax><ymax>34</ymax></bndbox></object><object><name>proposal</name><bndbox><xmin>427</xmin><ymin>19</ymin><xmax>34</xmax><ymax>37</ymax></bndbox></object><object><name>proposal</name><bndbox><xmin>293</xmin><ymin>29</ymin><xmax>100</xmax><ymax>104</ymax></bndbox></object><object><name>proposal</name><bndbox><xmin>634</xmin><ymin>120</ymin><xmax>78</xmax><ymax>128</ymax></bndbox></object><object><name>proposal</name><bndbox><xmin>356</xmin><ymin>221</ymin><xmax>163</xmax><ymax>213</ymax></bndbox></object><object><name>proposal</name><bndbox><xmin>529</xmin><ymin>40</ymin><xmax>28</xmax><ymax>32</ymax></bndbox></object><object><name>proposal</name><bndbox><xmin>418</xmin><ymin>19</ymin><xmax>37</xmax><ymax>50</ymax></bndbox></object><object><name>proposal</name><bndbox><xmin>527</xmin><ymin>91</ymin><xmax>53</xmax><ymax>57</ymax></bndbox></object><object><name>proposal</name><bndbox><xmin>460</xmin><ymin>34</ymin><xmax>47</xmax><ymax>65</ymax></bndbox></object><object><name>proposal</name><bndbox><xmin>412</xmin><ymin>5</ymin><xmax>38</xmax><ymax>26</ymax></bndbox></object><object><name>proposal</name><bndbox><xmin>573</xmin><ymin>68</ymin><xmax>70</xmax><ymax>47</ymax></bndbox></object><object><name>proposal</name><bndbox><xmin>409</xmin><ymin>317</ymin><xmax>21</xmax><ymax>42</ymax></bndbox></object><object><name>proposal</name><bndbox><xmin>547</xmin><ymin>39</ymin><xmax>45</xmax><ymax>45</ymax></bndbox></object><object><name>proposal</name><bndbox><xmin>336</xmin><ymin>292</ymin><xmax>153</xmax><ymax>73</ymax></bndbox></object><object><name>proposal</name><bndbox><xmin>436</xmin><ymin>67</ymin><xmax>69</xmax><ymax>115</ymax></bndbox></object><object><name>proposal</name><bndbox><xmin>340</xmin><ymin>76</ymin><xmax>141</xmax><ymax>67</ymax></bndbox></object><object><name>proposal</name><bndbox><xmin>631</xmin><ymin>17</ymin><xmax>44</xmax><ymax>65</ymax></bndbox></object><object><name>proposal</name><bndbox><xmin>341</xmin><ymin>96</ymin><xmax>45</xmax><ymax>33</ymax></bndbox></object><object><name>proposal</name><bndbox><xmin>202</xmin><ymin>225</ymin><xmax>321</xmax><ymax>156</ymax></bndbox></object><object><name>proposal</name><bndbox><xmin>613</xmin><ymin>251</ymin><xmax>51</xmax><ymax>27</ymax></bndbox></object><object><name>proposal</name><bndbox><xmin>496</xmin><ymin>266</ymin><xmax>49</xmax><ymax>45</ymax></bndbox></object><object><name>proposal</name><bndbox><xmin>516</xmin><ymin>56</ymin><xmax>48</xmax><ymax>29</ymax></bndbox></object><object><name>proposal</name><bndbox><xmin>470</xmin><ymin>312</ymin><xmax>48</xmax><ymax>39</ymax></bndbox></object><object><name>proposal</name><bndbox><xmin>438</xmin><ymin>186</ymin><xmax>133</xmax><ymax>90</ymax></bndbox></object><object><name>proposal</name><bndbox><xmin>573</xmin><ymin>47</ymin><xmax>29</xmax><ymax>48</ymax></bndbox></object><object><name>proposal</name><bndbox><xmin>535</xmin><ymin>41</ymin><xmax>71</xmax><ymax>32</ymax></bndbox></object><object><name>proposal</name><bndbox><xmin>301</xmin><ymin>111</ymin><xmax>83</xmax><ymax>48</ymax></bndbox></object><object><name>proposal</name><bndbox><xmin>576</xmin><ymin>108</ymin><xmax>130</xmax><ymax>58</ymax></bndbox></object><object><name>proposal</name><bndbox><xmin>614</xmin><ymin>187</ymin><xmax>99</xmax><ymax>259</ymax></bndbox></object><object><name>proposal</name><bndbox><xmin>337</xmin><ymin>110</ymin><xmax>223</xmax><ymax>96</ymax></bndbox></object><object><name>proposal</name><bndbox><xmin>544</xmin><ymin>41</ymin><xmax>41</xmax><ymax>28</ymax></bndbox></object><object><name>proposal</name><bndbox><xmin>268</xmin><ymin>105</ymin><xmax>148</xmax><ymax>88</ymax></bndbox></object><object><name>proposal</name><bndbox><xmin>615</xmin><ymin>53</ymin><xmax>43</xmax><ymax>85</ymax></bndbox></object><object><name>proposal</name><bndbox><xmin>573</xmin><ymin>120</ymin><xmax>141</xmax><ymax>354</ymax></bndbox></object><object><name>proposal</name><bndbox><xmin>590</xmin><ymin>265</ymin><xmax>51</xmax><ymax>25</ymax></bndbox></object><object><name>proposal</name><bndbox><xmin>379</xmin><ymin>78</ymin><xmax>41</xmax><ymax>65</ymax></bndbox></object><object><name>proposal</name><bndbox><xmin>627</xmin><ymin>127</ymin><xmax>41</xmax><ymax>60</ymax></bndbox></object><object><name>proposal</name><bndbox><xmin>168</xmin><ymin>68</ymin><xmax>258</xmax><ymax>264</ymax></bndbox></object><object><name>proposal</name><bndbox><xmin>571</xmin><ymin>186</ymin><xmax>39</xmax><ymax>29</ymax></bndbox></object><object><name>proposal</name><bndbox><xmin>606</xmin><ymin>92</ymin><xmax>81</xmax><ymax>119</ymax></bndbox></object><object><name>proposal</name><bndbox><xmin>619</xmin><ymin>55</ymin><xmax>34</xmax><ymax>54</ymax></bndbox></object><object><name>proposal</name><bndbox><xmin>344</xmin><ymin>113</ymin><xmax>43</xmax><ymax>83</ymax></bndbox></object><object><name>proposal</name><bndbox><xmin>669</xmin><ymin>436</ymin><xmax>42</xmax><ymax>21</ymax></bndbox></object><object><name>proposal</name><bndbox><xmin>36</xmin><ymin>34</ymin><xmax>178</xmax><ymax>152</ymax></bndbox></object><object><name>proposal</name><bndbox><xmin>410</xmin><ymin>18</ymin><xmax>39</xmax><ymax>45</ymax></bndbox></object><object><name>proposal</name><bndbox><xmin>538</xmin><ymin>70</ymin><xmax>37</xmax><ymax>37</ymax></bndbox></object><object><name>proposal</name><bndbox><xmin>511</xmin><ymin>43</ymin><xmax>31</xmax><ymax>45</ymax></bndbox></object><object><name>proposal</name><bndbox><xmin>151</xmin><ymin>26</ymin><xmax>90</xmax><ymax>59</ymax></bndbox></object><object><name>proposal</name><bndbox><xmin>429</xmin><ymin>248</ymin><xmax>107</xmax><ymax>84</ymax></bndbox></object><object><name>proposal</name><bndbox><xmin>491</xmin><ymin>21</ymin><xmax>122</xmax><ymax>56</ymax></bndbox></object><object><name>proposal</name><bndbox><xmin>610</xmin><ymin>262</ymin><xmax>31</xmax><ymax>54</ymax></bndbox></object><object><name>proposal</name><bndbox><xmin>492</xmin><ymin>82</ymin><xmax>87</xmax><ymax>57</ymax></bndbox></object><object><name>proposal</name><bndbox><xmin>669</xmin><ymin>436</ymin><xmax>42</xmax><ymax>33</ymax></bndbox></object><object><name>proposal</name><bndbox><xmin>334</xmin><ymin>112</ymin><xmax>127</xmax><ymax>247</ymax></bndbox></object><object><name>proposal</name><bndbox><xmin>469</xmin><ymin>276</ymin><xmax>69</xmax><ymax>89</ymax></bndbox></object><object><name>proposal</name><bndbox><xmin>533</xmin><ymin>169</ymin><xmax>179</xmax><ymax>204</ymax></bndbox></object><object><name>proposal</name><bndbox><xmin>470</xmin><ymin>157</ymin><xmax>97</xmax><ymax>102</ymax></bndbox></object><object><name>proposal</name><bndbox><xmin>292</xmin><ymin>215</ymin><xmax>59</xmax><ymax>54</ymax></bndbox></object><object><name>proposal</name><bndbox><xmin>39</xmin><ymin>35</ymin><xmax>142</xmax><ymax>116</ymax></bndbox></object><object><name>proposal</name><bndbox><xmin>496</xmin><ymin>277</ymin><xmax>60</xmax><ymax>38</ymax></bndbox></object><object><name>proposal</name><bndbox><xmin>456</xmin><ymin>336</ymin><xmax>31</xmax><ymax>31</ymax></bndbox></object><object><name>proposal</name><bndbox><xmin>9</xmin><ymin>4</ymin><xmax>253</xmax><ymax>469</ymax></bndbox></object><object><name>proposal</name><bndbox><xmin>664</xmin><ymin>5</ymin><xmax>38</xmax><ymax>28</ymax></bndbox></object><object><name>proposal</name><bndbox><xmin>589</xmin><ymin>93</ymin><xmax>88</xmax><ymax>84</ymax></bndbox></object><object><name>proposal</name><bndbox><xmin>280</xmin><ymin>102</ymin><xmax>103</xmax><ymax>84</ymax></bndbox></object><object><name>proposal</name><bndbox><xmin>489</xmin><ymin>134</ymin><xmax>75</xmax><ymax>43</ymax></bndbox></object><object><name>proposal</name><bndbox><xmin>456</xmin><ymin>309</ymin><xmax>81</xmax><ymax>112</ymax></bndbox></object><object><name>proposal</name><bndbox><xmin>445</xmin><ymin>336</ymin><xmax>39</xmax><ymax>33</ymax></bndbox></object><object><name>proposal</name><bndbox><xmin>426</xmin><ymin>221</ymin><xmax>65</xmax><ymax>141</ymax></bndbox></object><object><name>proposal</name><bndbox><xmin>420</xmin><ymin>249</ymin><xmax>71</xmax><ymax>142</ymax></bndbox></object><object><name>proposal</name><bndbox><xmin>546</xmin><ymin>92</ymin><xmax>85</xmax><ymax>81</ymax></bndbox></object><object><name>proposal</name><bndbox><xmin>456</xmin><ymin>156</ymin><xmax>156</xmax><ymax>256</ymax></bndbox></object><object><name>proposal</name><bndbox><xmin>613</xmin><ymin>185</ymin><xmax>52</xmax><ymax>96</ymax></bndbox></object><object><name>proposal</name><bndbox><xmin>592</xmin><ymin>94</ymin><xmax>41</xmax><ymax>60</ymax></bndbox></object><object><name>proposal</name><bndbox><xmin>502</xmin><ymin>34</ymin><xmax>44</xmax><ymax>65</ymax></bndbox></object><object><name>proposal</name><bndbox><xmin>313</xmin><ymin>105</ymin><xmax>92</xmax><ymax>108</ymax></bndbox></object><object><name>proposal</name><bndbox><xmin>496</xmin><ymin>260</ymin><xmax>33</xmax><ymax>45</ymax></bndbox></object><object><name>proposal</name><bndbox><xmin>613</xmin><ymin>230</ymin><xmax>34</xmax><ymax>50</ymax></bndbox></object><object><name>proposal</name><bndbox><xmin>452</xmin><ymin>306</ymin><xmax>60</xmax><ymax>44</ymax></bndbox></object><object><name>proposal</name><bndbox><xmin>606</xmin><ymin>1</ymin><xmax>41</xmax><ymax>65</ymax></bndbox></object><object><name>proposal</name><bndbox><xmin>599</xmin><ymin>265</ymin><xmax>46</xmax><ymax>40</ymax></bndbox></object><object><name>proposal</name><bndbox><xmin>266</xmin><ymin>93</ymin><xmax>153</xmax><ymax>137</ymax></bndbox></object><object><name>proposal</name><bndbox><xmin>592</xmin><ymin>56</ymin><xmax>45</xmax><ymax>33</ymax></bndbox></object><object><name>proposal</name><bndbox><xmin>505</xmin><ymin>1</ymin><xmax>109</xmax><ymax>58</ymax></bndbox></object><object><name>proposal</name><bndbox><xmin>490</xmin><ymin>277</ymin><xmax>21</xmax><ymax>38</ymax></bndbox></object><object><name>proposal</name><bndbox><xmin>539</xmin><ymin>89</ymin><xmax>47</xmax><ymax>103</ymax></bndbox></object><object><name>proposal</name><bndbox><xmin>469</xmin><ymin>305</ymin><xmax>77</xmax><ymax>49</ymax></bndbox></object><object><name>proposal</name><bndbox><xmin>488</xmin><ymin>121</ymin><xmax>63</xmax><ymax>57</ymax></bndbox></object><object><name>proposal</name><bndbox><xmin>407</xmin><ymin>335</ymin><xmax>76</xmax><ymax>29</ymax></bndbox></object><object><name>proposal</name><bndbox><xmin>611</xmin><ymin>56</ymin><xmax>31</xmax><ymax>31</ymax></bndbox></object><object><name>proposal</name><bndbox><xmin>518</xmin><ymin>82</ymin><xmax>107</xmax><ymax>81</ymax></bndbox></object><object><name>proposal</name><bndbox><xmin>581</xmin><ymin>52</ymin><xmax>54</xmax><ymax>40</ymax></bndbox></object><object><name>proposal</name><bndbox><xmin>544</xmin><ymin>100</ymin><xmax>34</xmax><ymax>37</ymax></bndbox></object><object><name>proposal</name><bndbox><xmin>394</xmin><ymin>80</ymin><xmax>125</xmax><ymax>227</ymax></bndbox></object><object><name>proposal</name><bndbox><xmin>631</xmin><ymin>47</ymin><xmax>41</xmax><ymax>24</ymax></bndbox></object><object><name>proposal</name><bndbox><xmin>437</xmin><ymin>238</ymin><xmax>95</xmax><ymax>41</ymax></bndbox></object><object><name>proposal</name><bndbox><xmin>490</xmin><ymin>261</ymin><xmax>21</xmax><ymax>46</ymax></bndbox></object><object><name>proposal</name><bndbox><xmin>431</xmin><ymin>277</ymin><xmax>128</xmax><ymax>71</ymax></bndbox></object><object><name>proposal</name><bndbox><xmin>586</xmin><ymin>6</ymin><xmax>43</xmax><ymax>58</ymax></bndbox></object><object><name>proposal</name><bndbox><xmin>527</xmin><ymin>22</ymin><xmax>82</xmax><ymax>39</ymax></bndbox></object><object><name>proposal</name><bndbox><xmin>368</xmin><ymin>85</ymin><xmax>69</xmax><ymax>59</ymax></bndbox></object><object><name>proposal</name><bndbox><xmin>201</xmin><ymin>27</ymin><xmax>120</xmax><ymax>75</ymax></bndbox></object><object><name>proposal</name><bndbox><xmin>495</xmin><ymin>274</ymin><xmax>70</xmax><ymax>33</ymax></bndbox></object><object><name>proposal</name><bndbox><xmin>262</xmin><ymin>28</ymin><xmax>31</xmax><ymax>54</ymax></bndbox></object><object><name>proposal</name><bndbox><xmin>361</xmin><ymin>300</ymin><xmax>128</xmax><ymax>98</ymax></bndbox></object><object><name>proposal</name><bndbox><xmin>631</xmin><ymin>40</ymin><xmax>50</xmax><ymax>31</ymax></bndbox></object><object><name>proposal</name><bndbox><xmin>446</xmin><ymin>268</ymin><xmax>67</xmax><ymax>39</ymax></bndbox></object><object><name>proposal</name><bndbox><xmin>590</xmin><ymin>262</ymin><xmax>49</xmax><ymax>49</ymax></bndbox></object><object><name>proposal</name><bndbox><xmin>661</xmin><ymin>1</ymin><xmax>42</xmax><ymax>21</ymax></bndbox></object><object><name>proposal</name><bndbox><xmin>468</xmin><ymin>29</ymin><xmax>64</xmax><ymax>69</ymax></bndbox></object><object><name>proposal</name><bndbox><xmin>608</xmin><ymin>241</ymin><xmax>46</xmax><ymax>37</ymax></bndbox></object><object><name>proposal</name><bndbox><xmin>669</xmin><ymin>424</ymin><xmax>42</xmax><ymax>21</ymax></bndbox></object><object><name>proposal</name><bndbox><xmin>469</xmin><ymin>309</ymin><xmax>68</xmax><ymax>59</ymax></bndbox></object><object><name>proposal</name><bndbox><xmin>488</xmin><ymin>157</ymin><xmax>74</xmax><ymax>80</ymax></bndbox></object><object><name>proposal</name><bndbox><xmin>340</xmin><ymin>83</ymin><xmax>156</xmax><ymax>128</ymax></bndbox></object><object><name>proposal</name><bndbox><xmin>264</xmin><ymin>34</ymin><xmax>83</xmax><ymax>83</ymax></bndbox></object><object><name>proposal</name><bndbox><xmin>447</xmin><ymin>259</ymin><xmax>64</xmax><ymax>64</ymax></bndbox></object><object><name>proposal</name><bndbox><xmin>434</xmin><ymin>312</ymin><xmax>96</xmax><ymax>139</ymax></bndbox></object><object><name>proposal</name><bndbox><xmin>438</xmin><ymin>64</ymin><xmax>109</xmax><ymax>46</ymax></bndbox></object><object><name>proposal</name><bndbox><xmin>592</xmin><ymin>78</ymin><xmax>45</xmax><ymax>45</ymax></bndbox></object><object><name>proposal</name><bndbox><xmin>676</xmin><ymin>435</ymin><xmax>39</xmax><ymax>42</ymax></bndbox></object><object><name>proposal</name><bndbox><xmin>394</xmin><ymin>3</ymin><xmax>100</xmax><ymax>48</ymax></bndbox></object><object><name>proposal</name><bndbox><xmin>454</xmin><ymin>329</ymin><xmax>33</xmax><ymax>67</ymax></bndbox></object><object><name>proposal</name><bndbox><xmin>599</xmin><ymin>230</ymin><xmax>45</xmax><ymax>49</ymax></bndbox></object><object><name>proposal</name><bndbox><xmin>667</xmin><ymin>101</ymin><xmax>35</xmax><ymax>26</ymax></bndbox></object><object><name>proposal</name><bndbox><xmin>606</xmin><ymin>50</ymin><xmax>30</xmax><ymax>61</ymax></bndbox></object><object><name>proposal</name><bndbox><xmin>127</xmin><ymin>21</ymin><xmax>179</xmax><ymax>83</ymax></bndbox></object><object><name>proposal</name><bndbox><xmin>617</xmin><ymin>128</ymin><xmax>45</xmax><ymax>29</ymax></bndbox></object><object><name>proposal</name><bndbox><xmin>551</xmin><ymin>96</ymin><xmax>27</xmax><ymax>55</ymax></bndbox></object><object><name>proposal</name><bndbox><xmin>129</xmin><ymin>28</ymin><xmax>103</xmax><ymax>47</ymax></bndbox></object><object><name>proposal</name><bndbox><xmin>359</xmin><ymin>118</ymin><xmax>27</xmax><ymax>51</ymax></bndbox></object><object><name>proposal</name><bndbox><xmin>429</xmin><ymin>277</ymin><xmax>83</xmax><ymax>44</ymax></bndbox></object></annotation>