<annotation><folder>Proposals</folder><filename>img-117.jpg</filename><size><width>720</width><height>720</height><depth>3</depth></size><object><name>proposal</name><bndbox><xmin>169</xmin><ymin>297</ymin><xmax>88</xmax><ymax>100</ymax></bndbox></object><object><name>proposal</name><bndbox><xmin>172</xmin><ymin>296</ymin><xmax>136</xmax><ymax>208</ymax></bndbox></object><object><name>proposal</name><bndbox><xmin>174</xmin><ymin>297</ymin><xmax>66</xmax><ymax>77</ymax></bndbox></object><object><name>proposal</name><bndbox><xmin>8</xmin><ymin>76</ymin><xmax>42</xmax><ymax>33</ymax></bndbox></object><object><name>proposal</name><bndbox><xmin>6</xmin><ymin>68</ymin><xmax>130</xmax><ymax>53</ymax></bndbox></object><object><name>proposal</name><bndbox><xmin>682</xmin><ymin>49</ymin><xmax>34</xmax><ymax>40</ymax></bndbox></object><object><name>proposal</name><bndbox><xmin>5</xmin><ymin>77</ymin><xmax>42</xmax><ymax>20</ymax></bndbox></object><object><name>proposal</name><bndbox><xmin>92</xmin><ymin>297</ymin><xmax>217</xmax><ymax>216</ymax></bndbox></object><object><name>proposal</name><bndbox><xmin>152</xmin><ymin>281</ymin><xmax>157</xmax><ymax>278</ymax></bndbox></object><object><name>proposal</name><bndbox><xmin>676</xmin><ymin>49</ymin><xmax>38</xmax><ymax>28</ymax></bndbox></object><object><name>proposal</name><bndbox><xmin>173</xmin><ymin>294</ymin><xmax>67</xmax><ymax>125</ymax></bndbox></object><object><name>proposal</name><bndbox><xmin>682</xmin><ymin>46</ymin><xmax>33</xmax><ymax>64</ymax></bndbox></object><object><name>proposal</name><bndbox><xmin>35</xmin><ymin>103</ymin><xmax>108</xmax><ymax>63</ymax></bndbox></object><object><name>proposal</name><bndbox><xmin>7</xmin><ymin>75</ymin><xmax>41</xmax><ymax>60</ymax></bndbox></object><object><name>proposal</name><bndbox><xmin>119</xmin><ymin>295</ymin><xmax>189</xmax><ymax>357</ymax></bndbox></object><object><name>proposal</name><bndbox><xmin>8</xmin><ymin>35</ymin><xmax>128</xmax><ymax>84</ymax></bndbox></object><object><name>proposal</name><bndbox><xmin>7</xmin><ymin>77</ymin><xmax>64</xmax><ymax>36</ymax></bndbox></object><object><name>proposal</name><bndbox><xmin>660</xmin><ymin>48</ymin><xmax>54</xmax><ymax>37</ymax></bndbox></object><object><name>proposal</name><bndbox><xmin>671</xmin><ymin>46</ymin><xmax>45</xmax><ymax>53</ymax></bndbox></object><object><name>proposal</name><bndbox><xmin>8</xmin><ymin>29</ymin><xmax>41</xmax><ymax>65</ymax></bndbox></object><object><name>proposal</name><bndbox><xmin>638</xmin><ymin>21</ymin><xmax>78</xmax><ymax>47</ymax></bndbox></object><object><name>proposal</name><bndbox><xmin>640</xmin><ymin>21</ymin><xmax>32</xmax><ymax>28</ymax></bndbox></object><object><name>proposal</name><bndbox><xmin>158</xmin><ymin>293</ymin><xmax>108</xmax><ymax>151</ymax></bndbox></object><object><name>proposal</name><bndbox><xmin>5</xmin><ymin>277</ymin><xmax>303</xmax><ymax>227</ymax></bndbox></object><object><name>proposal</name><bndbox><xmin>170</xmin><ymin>294</ymin><xmax>201</xmax><ymax>218</ymax></bndbox></object><object><name>proposal</name><bndbox><xmin>168</xmin><ymin>296</ymin><xmax>168</xmax><ymax>358</ymax></bndbox></object><object><name>proposal</name><bndbox><xmin>22</xmin><ymin>295</ymin><xmax>306</xmax><ymax>276</ymax></bndbox></object><object><name>proposal</name><bndbox><xmin>172</xmin><ymin>297</ymin><xmax>336</xmax><ymax>206</ymax></bndbox></object><object><name>proposal</name><bndbox><xmin>217</xmin><ymin>374</ymin><xmax>25</xmax><ymax>47</ymax></bndbox></object><object><name>proposal</name><bndbox><xmin>217</xmin><ymin>339</ymin><xmax>23</xmax><ymax>55</ymax></bndbox></object><object><name>proposal</name><bndbox><xmin>634</xmin><ymin>19</ymin><xmax>39</xmax><ymax>48</ymax></bndbox></object><object><name>proposal</name><bndbox><xmin>640</xmin><ymin>20</ymin><xmax>33</xmax><ymax>64</ymax></bndbox></object><object><name>proposal</name><bndbox><xmin>25</xmin><ymin>105</ymin><xmax>111</xmax><ymax>84</ymax></bndbox></object><object><name>proposal</name><bndbox><xmin>669</xmin><ymin>49</ymin><xmax>46</xmax><ymax>21</ymax></bndbox></object><object><name>proposal</name><bndbox><xmin>647</xmin><ymin>48</ymin><xmax>69</xmax><ymax>45</ymax></bndbox></object><object><name>proposal</name><bndbox><xmin>645</xmin><ymin>48</ymin><xmax>71</xmax><ymax>28</ymax></bndbox></object><object><name>proposal</name><bndbox><xmin>609</xmin><ymin>21</ymin><xmax>106</xmax><ymax>55</ymax></bndbox></object><object><name>proposal</name><bndbox><xmin>36</xmin><ymin>50</ymin><xmax>131</xmax><ymax>71</ymax></bndbox></object><object><name>proposal</name><bndbox><xmin>217</xmin><ymin>373</ymin><xmax>37</xmax><ymax>40</ymax></bndbox></object><object><name>proposal</name><bndbox><xmin>632</xmin><ymin>21</ymin><xmax>83</xmax><ymax>74</ymax></bndbox></object><object><name>proposal</name><bndbox><xmin>6</xmin><ymin>72</ymin><xmax>54</xmax><ymax>54</ymax></bndbox></object><object><name>proposal</name><bndbox><xmin>611</xmin><ymin>21</ymin><xmax>61</xmax><ymax>32</ymax></bndbox></object><object><name>proposal</name><bndbox><xmin>217</xmin><ymin>374</ymin><xmax>42</xmax><ymax>20</ymax></bndbox></object><object><name>proposal</name><bndbox><xmin>35</xmin><ymin>17</ymin><xmax>104</xmax><ymax>104</ymax></bndbox></object><object><name>proposal</name><bndbox><xmin>8</xmin><ymin>50</ymin><xmax>42</xmax><ymax>42</ymax></bndbox></object><object><name>proposal</name><bndbox><xmin>172</xmin><ymin>265</ymin><xmax>448</xmax><ymax>241</ymax></bndbox></object><object><name>proposal</name><bndbox><xmin>677</xmin><ymin>45</ymin><xmax>39</xmax><ymax>87</ymax></bndbox></object><object><name>proposal</name><bndbox><xmin>172</xmin><ymin>196</ymin><xmax>350</xmax><ymax>310</ymax></bndbox></object><object><name>proposal</name><bndbox><xmin>217</xmin><ymin>374</ymin><xmax>33</xmax><ymax>61</ymax></bndbox></object><object><name>proposal</name><bndbox><xmin>1</xmin><ymin>77</ymin><xmax>56</xmax><ymax>69</ymax></bndbox></object><object><name>proposal</name><bndbox><xmin>204</xmin><ymin>339</ymin><xmax>53</xmax><ymax>57</ymax></bndbox></object><object><name>proposal</name><bndbox><xmin>106</xmin><ymin>294</ymin><xmax>179</xmax><ymax>157</ymax></bndbox></object><object><name>proposal</name><bndbox><xmin>172</xmin><ymin>234</ymin><xmax>87</xmax><ymax>161</ymax></bndbox></object><object><name>proposal</name><bndbox><xmin>131</xmin><ymin>293</ymin><xmax>129</xmax><ymax>113</ymax></bndbox></object><object><name>proposal</name><bndbox><xmin>217</xmin><ymin>374</ymin><xmax>49</xmax><ymax>49</ymax></bndbox></object><object><name>proposal</name><bndbox><xmin>638</xmin><ymin>21</ymin><xmax>42</xmax><ymax>33</ymax></bndbox></object><object><name>proposal</name><bndbox><xmin>186</xmin><ymin>367</ymin><xmax>55</xmax><ymax>27</ymax></bndbox></object><object><name>proposal</name><bndbox><xmin>174</xmin><ymin>280</ymin><xmax>50</xmax><ymax>113</ymax></bndbox></object><object><name>proposal</name><bndbox><xmin>216</xmin><ymin>326</ymin><xmax>28</xmax><ymax>71</ymax></bndbox></object><object><name>proposal</name><bndbox><xmin>608</xmin><ymin>21</ymin><xmax>66</xmax><ymax>49</ymax></bndbox></object><object><name>proposal</name><bndbox><xmin>650</xmin><ymin>45</ymin><xmax>64</xmax><ymax>68</ymax></bndbox></object><object><name>proposal</name><bndbox><xmin>7</xmin><ymin>20</ymin><xmax>62</xmax><ymax>74</ymax></bndbox></object><object><name>proposal</name><bndbox><xmin>8</xmin><ymin>68</ymin><xmax>42</xmax><ymax>27</ymax></bndbox></object><object><name>proposal</name><bndbox><xmin>172</xmin><ymin>287</ymin><xmax>336</xmax><ymax>145</ymax></bndbox></object><object><name>proposal</name><bndbox><xmin>35</xmin><ymin>101</ymin><xmax>165</xmax><ymax>69</ymax></bndbox></object><object><name>proposal</name><bndbox><xmin>36</xmin><ymin>95</ymin><xmax>100</xmax><ymax>135</ymax></bndbox></object><object><name>proposal</name><bndbox><xmin>640</xmin><ymin>19</ymin><xmax>49</xmax><ymax>57</ymax></bndbox></object><object><name>proposal</name><bndbox><xmin>203</xmin><ymin>297</ymin><xmax>41</xmax><ymax>99</ymax></bndbox></object><object><name>proposal</name><bndbox><xmin>7</xmin><ymin>77</ymin><xmax>40</xmax><ymax>100</ymax></bndbox></object><object><name>proposal</name><bndbox><xmin>640</xmin><ymin>10</ymin><xmax>34</xmax><ymax>31</ymax></bndbox></object><object><name>proposal</name><bndbox><xmin>682</xmin><ymin>31</ymin><xmax>37</xmax><ymax>37</ymax></bndbox></object><object><name>proposal</name><bndbox><xmin>4</xmin><ymin>77</ymin><xmax>304</xmax><ymax>426</ymax></bndbox></object><object><name>proposal</name><bndbox><xmin>621</xmin><ymin>20</ymin><xmax>59</xmax><ymax>62</ymax></bndbox></object><object><name>proposal</name><bndbox><xmin>632</xmin><ymin>35</ymin><xmax>82</xmax><ymax>35</ymax></bndbox></object><object><name>proposal</name><bndbox><xmin>177</xmin><ymin>323</ymin><xmax>80</xmax><ymax>71</ymax></bndbox></object><object><name>proposal</name><bndbox><xmin>604</xmin><ymin>20</ymin><xmax>111</xmax><ymax>97</ymax></bndbox></object><object><name>proposal</name><bndbox><xmin>211</xmin><ymin>351</ymin><xmax>29</xmax><ymax>45</ymax></bndbox></object><object><name>proposal</name><bndbox><xmin>124</xmin><ymin>306</ymin><xmax>68</xmax><ymax>68</ymax></bndbox></object><object><name>proposal</name><bndbox><xmin>200</xmin><ymin>331</ymin><xmax>41</xmax><ymax>65</ymax></bndbox></object><object><name>proposal</name><bndbox><xmin>172</xmin><ymin>297</ymin><xmax>132</xmax><ymax>97</ymax></bndbox></object><object><name>proposal</name><bndbox><xmin>172</xmin><ymin>293</ymin><xmax>261</xmax><ymax>344</ymax></bndbox></object><object><name>proposal</name><bndbox><xmin>660</xmin><ymin>48</ymin><xmax>54</xmax><ymax>89</ymax></bndbox></object><object><name>proposal</name><bndbox><xmin>589</xmin><ymin>20</ymin><xmax>83</xmax><ymax>41</ymax></bndbox></object><object><name>proposal</name><bndbox><xmin>217</xmin><ymin>370</ymin><xmax>40</xmax><ymax>31</ymax></bndbox></object><object><name>proposal</name><bndbox><xmin>208</xmin><ymin>374</ymin><xmax>34</xmax><ymax>54</ymax></bndbox></object><object><name>proposal</name><bndbox><xmin>8</xmin><ymin>77</ymin><xmax>250</xmax><ymax>319</ymax></bndbox></object><object><name>proposal</name><bndbox><xmin>139</xmin><ymin>294</ymin><xmax>118</xmax><ymax>215</ymax></bndbox></object><object><name>proposal</name><bndbox><xmin>645</xmin><ymin>43</ymin><xmax>71</xmax><ymax>26</ymax></bndbox></object><object><name>proposal</name><bndbox><xmin>7</xmin><ymin>20</ymin><xmax>226</xmax><ymax>101</ymax></bndbox></object><object><name>proposal</name><bndbox><xmin>638</xmin><ymin>4</ymin><xmax>73</xmax><ymax>39</ymax></bndbox></object><object><name>proposal</name><bndbox><xmin>601</xmin><ymin>18</ymin><xmax>71</xmax><ymax>28</ymax></bndbox></object><object><name>proposal</name><bndbox><xmin>629</xmin><ymin>41</ymin><xmax>85</xmax><ymax>61</ymax></bndbox></object><object><name>proposal</name><bndbox><xmin>167</xmin><ymin>296</ymin><xmax>87</xmax><ymax>61</ymax></bndbox></object><object><name>proposal</name><bndbox><xmin>34</xmin><ymin>105</ymin><xmax>163</xmax><ymax>95</ymax></bndbox></object><object><name>proposal</name><bndbox><xmin>613</xmin><ymin>43</ymin><xmax>103</xmax><ymax>44</ymax></bndbox></object><object><name>proposal</name><bndbox><xmin>640</xmin><ymin>1</ymin><xmax>50</xmax><ymax>40</ymax></bndbox></object><object><name>proposal</name><bndbox><xmin>177</xmin><ymin>348</ymin><xmax>65</xmax><ymax>47</ymax></bndbox></object><object><name>proposal</name><bndbox><xmin>202</xmin><ymin>369</ymin><xmax>38</xmax><ymax>26</ymax></bndbox></object><object><name>proposal</name><bndbox><xmin>570</xmin><ymin>20</ymin><xmax>147</xmax><ymax>75</ymax></bndbox></object><object><name>proposal</name><bndbox><xmin>639</xmin><ymin>21</ymin><xmax>61</xmax><ymax>32</ymax></bndbox></object><object><name>proposal</name><bndbox><xmin>95</xmin><ymin>283</ymin><xmax>163</xmax><ymax>111</ymax></bndbox></object><object><name>proposal</name><bndbox><xmin>5</xmin><ymin>50</ymin><xmax>79</xmax><ymax>43</ymax></bndbox></object><object><name>proposal</name><bndbox><xmin>213</xmin><ymin>370</ymin><xmax>28</xmax><ymax>76</ymax></bndbox></object><object><name>proposal</name><bndbox><xmin>214</xmin><ymin>287</ymin><xmax>182</xmax><ymax>144</ymax></bndbox></object><object><name>proposal</name><bndbox><xmin>174</xmin><ymin>75</ymin><xmax>445</xmax><ymax>428</ymax></bndbox></object><object><name>proposal</name><bndbox><xmin>5</xmin><ymin>75</ymin><xmax>156</xmax><ymax>184</ymax></bndbox></object><object><name>proposal</name><bndbox><xmin>197</xmin><ymin>351</ymin><xmax>45</xmax><ymax>45</ymax></bndbox></object><object><name>proposal</name><bndbox><xmin>184</xmin><ymin>371</ymin><xmax>124</xmax><ymax>187</ymax></bndbox></object><object><name>proposal</name><bndbox><xmin>640</xmin><ymin>15</ymin><xmax>59</xmax><ymax>27</ymax></bndbox></object><object><name>proposal</name><bndbox><xmin>622</xmin><ymin>1</ymin><xmax>94</xmax><ymax>69</ymax></bndbox></object><object><name>proposal</name><bndbox><xmin>116</xmin><ymin>374</ymin><xmax>193</xmax><ymax>129</ymax></bndbox></object><object><name>proposal</name><bndbox><xmin>638</xmin><ymin>19</ymin><xmax>76</xmax><ymax>148</ymax></bndbox></object><object><name>proposal</name><bndbox><xmin>217</xmin><ymin>364</ymin><xmax>24</xmax><ymax>35</ymax></bndbox></object><object><name>proposal</name><bndbox><xmin>157</xmin><ymin>368</ymin><xmax>83</xmax><ymax>37</ymax></bndbox></object><object><name>proposal</name><bndbox><xmin>43</xmin><ymin>295</ymin><xmax>235</xmax><ymax>128</ymax></bndbox></object><object><name>proposal</name><bndbox><xmin>199</xmin><ymin>373</ymin><xmax>41</xmax><ymax>79</ymax></bndbox></object><object><name>proposal</name><bndbox><xmin>637</xmin><ymin>20</ymin><xmax>40</xmax><ymax>100</ymax></bndbox></object><object><name>proposal</name><bndbox><xmin>226</xmin><ymin>386</ymin><xmax>83</xmax><ymax>165</ymax></bndbox></object><object><name>proposal</name><bndbox><xmin>637</xmin><ymin>45</ymin><xmax>80</xmax><ymax>84</ymax></bndbox></object><object><name>proposal</name><bndbox><xmin>668</xmin><ymin>47</ymin><xmax>47</xmax><ymax>119</ymax></bndbox></object><object><name>proposal</name><bndbox><xmin>663</xmin><ymin>31</ymin><xmax>53</xmax><ymax>37</ymax></bndbox></object><object><name>proposal</name><bndbox><xmin>177</xmin><ymin>298</ymin><xmax>65</xmax><ymax>44</ymax></bndbox></object><object><name>proposal</name><bndbox><xmin>212</xmin><ymin>373</ymin><xmax>54</xmax><ymax>77</ymax></bndbox></object><object><name>proposal</name><bndbox><xmin>172</xmin><ymin>159</ymin><xmax>329</xmax><ymax>272</ymax></bndbox></object><object><name>proposal</name><bndbox><xmin>682</xmin><ymin>40</ymin><xmax>34</xmax><ymax>31</ymax></bndbox></object><object><name>proposal</name><bndbox><xmin>605</xmin><ymin>21</ymin><xmax>68</xmax><ymax>76</ymax></bndbox></object><object><name>proposal</name><bndbox><xmin>172</xmin><ymin>373</ymin><xmax>71</xmax><ymax>26</ymax></bndbox></object><object><name>proposal</name><bndbox><xmin>645</xmin><ymin>28</ymin><xmax>69</xmax><ymax>54</ymax></bndbox></object><object><name>proposal</name><bndbox><xmin>6</xmin><ymin>34</ymin><xmax>114</xmax><ymax>59</ymax></bndbox></object><object><name>proposal</name><bndbox><xmin>581</xmin><ymin>4</ymin><xmax>91</xmax><ymax>37</ymax></bndbox></object><object><name>proposal</name><bndbox><xmin>584</xmin><ymin>20</ymin><xmax>89</xmax><ymax>60</ymax></bndbox></object><object><name>proposal</name><bndbox><xmin>214</xmin><ymin>351</ymin><xmax>45</xmax><ymax>45</ymax></bndbox></object><object><name>proposal</name><bndbox><xmin>640</xmin><ymin>20</ymin><xmax>56</xmax><ymax>100</ymax></bndbox></object><object><name>proposal</name><bndbox><xmin>194</xmin><ymin>373</ymin><xmax>46</xmax><ymax>40</ymax></bndbox></object><object><name>proposal</name><bndbox><xmin>638</xmin><ymin>3</ymin><xmax>82</xmax><ymax>55</ymax></bndbox></object><object><name>proposal</name><bndbox><xmin>189</xmin><ymin>373</ymin><xmax>96</xmax><ymax>84</ymax></bndbox></object><object><name>proposal</name><bndbox><xmin>217</xmin><ymin>266</ymin><xmax>144</xmax><ymax>129</ymax></bndbox></object><object><name>proposal</name><bndbox><xmin>203</xmin><ymin>374</ymin><xmax>83</xmax><ymax>112</ymax></bndbox></object><object><name>proposal</name><bndbox><xmin>214</xmin><ymin>246</ymin><xmax>176</xmax><ymax>258</ymax></bndbox></object><object><name>proposal</name><bndbox><xmin>231</xmin><ymin>300</ymin><xmax>125</xmax><ymax>131</ymax></bndbox></object><object><name>proposal</name><bndbox><xmin>159</xmin><ymin>5</ymin><xmax>122</xmax><ymax>392</ymax></bndbox></object><object><name>proposal</name><bndbox><xmin>86</xmin><ymin>296</ymin><xmax>117</xmax><ymax>77</ymax></bndbox></object><object><name>proposal</name><bndbox><xmin>127</xmin><ymin>5</ymin><xmax>132</xmax><ymax>392</ymax></bndbox></object><object><name>proposal</name><bndbox><xmin>197</xmin><ymin>373</ymin><xmax>45</xmax><ymax>27</ymax></bndbox></object><object><name>proposal</name><bndbox><xmin>216</xmin><ymin>376</ymin><xmax>31</xmax><ymax>31</ymax></bndbox></object><object><name>proposal</name><bndbox><xmin>371</xmin><ymin>292</ymin><xmax>24</xmax><ymax>35</ymax></bndbox></object><object><name>proposal</name><bndbox><xmin>172</xmin><ymin>372</ymin><xmax>70</xmax><ymax>41</ymax></bndbox></object><object><name>proposal</name><bndbox><xmin>385</xmin><ymin>311</ymin><xmax>38</xmax><ymax>22</ymax></bndbox></object><object><name>proposal</name><bndbox><xmin>385</xmin><ymin>303</ymin><xmax>38</xmax><ymax>24</ymax></bndbox></object></annotation>