<annotation><folder>Proposals</folder><filename>img-451.jpg</filename><size><width>470</width><height>300</height><depth>3</depth></size><object><name>proposal</name><bndbox><xmin>1</xmin><ymin>3</ymin><xmax>469</xmax><ymax>247</ymax></bndbox></object><object><name>proposal</name><bndbox><xmin>117</xmin><ymin>4</ymin><xmax>350</xmax><ymax>149</ymax></bndbox></object><object><name>proposal</name><bndbox><xmin>274</xmin><ymin>5</ymin><xmax>69</xmax><ymax>45</ymax></bndbox></object><object><name>proposal</name><bndbox><xmin>1</xmin><ymin>3</ymin><xmax>289</xmax><ymax>119</ymax></bndbox></object><object><name>proposal</name><bndbox><xmin>27</xmin><ymin>23</ymin><xmax>443</xmax><ymax>168</ymax></bndbox></object><object><name>proposal</name><bndbox><xmin>127</xmin><ymin>36</ymin><xmax>340</xmax><ymax>185</ymax></bndbox></object><object><name>proposal</name><bndbox><xmin>1</xmin><ymin>3</ymin><xmax>418</xmax><ymax>150</ymax></bndbox></object><object><name>proposal</name><bndbox><xmin>132</xmin><ymin>89</ymin><xmax>334</xmax><ymax>188</ymax></bndbox></object><object><name>proposal</name><bndbox><xmin>246</xmin><ymin>41</ymin><xmax>224</xmax><ymax>89</ymax></bndbox></object><object><name>proposal</name><bndbox><xmin>1</xmin><ymin>1</ymin><xmax>291</xmax><ymax>251</ymax></bndbox></object><object><name>proposal</name><bndbox><xmin>1</xmin><ymin>2</ymin><xmax>155</xmax><ymax>64</ymax></bndbox></object><object><name>proposal</name><bndbox><xmin>1</xmin><ymin>1</ymin><xmax>248</xmax><ymax>164</ymax></bndbox></object><object><name>proposal</name><bndbox><xmin>157</xmin><ymin>4</ymin><xmax>310</xmax><ymax>105</ymax></bndbox></object><object><name>proposal</name><bndbox><xmin>1</xmin><ymin>2</ymin><xmax>215</xmax><ymax>97</ymax></bndbox></object><object><name>proposal</name><bndbox><xmin>7</xmin><ymin>80</ymin><xmax>67</xmax><ymax>39</ymax></bndbox></object><object><name>proposal</name><bndbox><xmin>261</xmin><ymin>5</ymin><xmax>109</xmax><ymax>46</ymax></bndbox></object><object><name>proposal</name><bndbox><xmin>173</xmin><ymin>6</ymin><xmax>119</xmax><ymax>60</ymax></bndbox></object><object><name>proposal</name><bndbox><xmin>225</xmin><ymin>5</ymin><xmax>117</xmax><ymax>46</ymax></bndbox></object><object><name>proposal</name><bndbox><xmin>271</xmin><ymin>4</ymin><xmax>152</xmax><ymax>57</ymax></bndbox></object><object><name>proposal</name><bndbox><xmin>130</xmin><ymin>108</ymin><xmax>304</xmax><ymax>133</ymax></bndbox></object><object><name>proposal</name><bndbox><xmin>246</xmin><ymin>4</ymin><xmax>223</xmax><ymax>144</ymax></bndbox></object><object><name>proposal</name><bndbox><xmin>5</xmin><ymin>101</ymin><xmax>451</xmax><ymax>150</ymax></bndbox></object><object><name>proposal</name><bndbox><xmin>22</xmin><ymin>2</ymin><xmax>183</xmax><ymax>63</ymax></bndbox></object><object><name>proposal</name><bndbox><xmin>25</xmin><ymin>5</ymin><xmax>333</xmax><ymax>209</ymax></bndbox></object><object><name>proposal</name><bndbox><xmin>41</xmin><ymin>3</ymin><xmax>252</xmax><ymax>89</ymax></bndbox></object><object><name>proposal</name><bndbox><xmin>247</xmin><ymin>109</ymin><xmax>110</xmax><ymax>131</ymax></bndbox></object><object><name>proposal</name><bndbox><xmin>226</xmin><ymin>6</ymin><xmax>64</xmax><ymax>59</ymax></bndbox></object><object><name>proposal</name><bndbox><xmin>2</xmin><ymin>1</ymin><xmax>164</xmax><ymax>277</ymax></bndbox></object><object><name>proposal</name><bndbox><xmin>246</xmin><ymin>45</ymin><xmax>224</xmax><ymax>209</ymax></bndbox></object><object><name>proposal</name><bndbox><xmin>111</xmin><ymin>4</ymin><xmax>156</xmax><ymax>59</ymax></bndbox></object><object><name>proposal</name><bndbox><xmin>6</xmin><ymin>1</ymin><xmax>53</xmax><ymax>69</ymax></bndbox></object><object><name>proposal</name><bndbox><xmin>26</xmin><ymin>57</ymin><xmax>48</xmax><ymax>42</ymax></bndbox></object><object><name>proposal</name><bndbox><xmin>246</xmin><ymin>73</ymin><xmax>224</xmax><ymax>119</ymax></bndbox></object><object><name>proposal</name><bndbox><xmin>26</xmin><ymin>79</ymin><xmax>48</xmax><ymax>33</ymax></bndbox></object><object><name>proposal</name><bndbox><xmin>6</xmin><ymin>1</ymin><xmax>31</xmax><ymax>31</ymax></bndbox></object><object><name>proposal</name><bndbox><xmin>183</xmin><ymin>5</ymin><xmax>159</xmax><ymax>61</ymax></bndbox></object><object><name>proposal</name><bndbox><xmin>58</xmin><ymin>6</ymin><xmax>140</xmax><ymax>52</ymax></bndbox></object><object><name>proposal</name><bndbox><xmin>254</xmin><ymin>201</ymin><xmax>64</xmax><ymax>37</ymax></bndbox></object><object><name>proposal</name><bndbox><xmin>146</xmin><ymin>5</ymin><xmax>211</xmax><ymax>141</ymax></bndbox></object><object><name>proposal</name><bndbox><xmin>39</xmin><ymin>3</ymin><xmax>126</xmax><ymax>56</ymax></bndbox></object><object><name>proposal</name><bndbox><xmin>1</xmin><ymin>45</ymin><xmax>148</xmax><ymax>79</ymax></bndbox></object><object><name>proposal</name><bndbox><xmin>55</xmin><ymin>241</ymin><xmax>34</xmax><ymax>34</ymax></bndbox></object><object><name>proposal</name><bndbox><xmin>259</xmin><ymin>8</ymin><xmax>31</xmax><ymax>42</ymax></bndbox></object><object><name>proposal</name><bndbox><xmin>7</xmin><ymin>79</ymin><xmax>65</xmax><ymax>68</ymax></bndbox></object><object><name>proposal</name><bndbox><xmin>228</xmin><ymin>107</ymin><xmax>167</xmax><ymax>137</ymax></bndbox></object><object><name>proposal</name><bndbox><xmin>86</xmin><ymin>30</ymin><xmax>272</xmax><ymax>109</ymax></bndbox></object><object><name>proposal</name><bndbox><xmin>273</xmin><ymin>11</ymin><xmax>83</xmax><ymax>45</ymax></bndbox></object><object><name>proposal</name><bndbox><xmin>27</xmin><ymin>80</ymin><xmax>70</xmax><ymax>33</ymax></bndbox></object><object><name>proposal</name><bndbox><xmin>1</xmin><ymin>4</ymin><xmax>37</xmax><ymax>37</ymax></bndbox></object><object><name>proposal</name><bndbox><xmin>69</xmin><ymin>30</ymin><xmax>198</xmax><ymax>101</ymax></bndbox></object><object><name>proposal</name><bndbox><xmin>325</xmin><ymin>5</ymin><xmax>95</xmax><ymax>47</ymax></bndbox></object><object><name>proposal</name><bndbox><xmin>177</xmin><ymin>109</ymin><xmax>180</xmax><ymax>135</ymax></bndbox></object><object><name>proposal</name><bndbox><xmin>254</xmin><ymin>182</ymin><xmax>59</xmax><ymax>59</ymax></bndbox></object><object><name>proposal</name><bndbox><xmin>6</xmin><ymin>89</ymin><xmax>56</xmax><ymax>30</ymax></bndbox></object><object><name>proposal</name><bndbox><xmin>7</xmin><ymin>101</ymin><xmax>241</xmax><ymax>132</ymax></bndbox></object><object><name>proposal</name><bndbox><xmin>115</xmin><ymin>5</ymin><xmax>90</xmax><ymax>45</ymax></bndbox></object><object><name>proposal</name><bndbox><xmin>172</xmin><ymin>5</ymin><xmax>119</xmax><ymax>144</ymax></bndbox></object><object><name>proposal</name><bndbox><xmin>7</xmin><ymin>47</ymin><xmax>65</xmax><ymax>77</ymax></bndbox></object><object><name>proposal</name><bndbox><xmin>226</xmin><ymin>4</ymin><xmax>65</xmax><ymax>38</ymax></bndbox></object><object><name>proposal</name><bndbox><xmin>121</xmin><ymin>5</ymin><xmax>122</xmax><ymax>46</ymax></bndbox></object><object><name>proposal</name><bndbox><xmin>343</xmin><ymin>215</ymin><xmax>35</xmax><ymax>26</ymax></bndbox></object><object><name>proposal</name><bndbox><xmin>4</xmin><ymin>79</ymin><xmax>309</xmax><ymax>221</ymax></bndbox></object><object><name>proposal</name><bndbox><xmin>57</xmin><ymin>5</ymin><xmax>83</xmax><ymax>43</ymax></bndbox></object><object><name>proposal</name><bndbox><xmin>131</xmin><ymin>5</ymin><xmax>226</xmax><ymax>244</ymax></bndbox></object><object><name>proposal</name><bndbox><xmin>246</xmin><ymin>107</ymin><xmax>224</xmax><ymax>168</ymax></bndbox></object><object><name>proposal</name><bndbox><xmin>274</xmin><ymin>8</ymin><xmax>48</xmax><ymax>42</ymax></bndbox></object><object><name>proposal</name><bndbox><xmin>4</xmin><ymin>238</ymin><xmax>31</xmax><ymax>37</ymax></bndbox></object><object><name>proposal</name><bndbox><xmin>27</xmin><ymin>57</ymin><xmax>70</xmax><ymax>43</ymax></bndbox></object><object><name>proposal</name><bndbox><xmin>190</xmin><ymin>3</ymin><xmax>55</xmax><ymax>23</ymax></bndbox></object><object><name>proposal</name><bndbox><xmin>247</xmin><ymin>36</ymin><xmax>112</xmax><ymax>100</ymax></bndbox></object><object><name>proposal</name><bndbox><xmin>37</xmin><ymin>101</ymin><xmax>277</xmax><ymax>144</ymax></bndbox></object><object><name>proposal</name><bndbox><xmin>6</xmin><ymin>109</ymin><xmax>55</xmax><ymax>38</ymax></bndbox></object><object><name>proposal</name><bndbox><xmin>1</xmin><ymin>1</ymin><xmax>147</xmax><ymax>120</ymax></bndbox></object><object><name>proposal</name><bndbox><xmin>248</xmin><ymin>5</ymin><xmax>219</xmax><ymax>93</ymax></bndbox></object><object><name>proposal</name><bndbox><xmin>5</xmin><ymin>238</ymin><xmax>85</xmax><ymax>39</ymax></bndbox></object><object><name>proposal</name><bndbox><xmin>254</xmin><ymin>225</ymin><xmax>60</xmax><ymax>44</ymax></bndbox></object><object><name>proposal</name><bndbox><xmin>4</xmin><ymin>53</ymin><xmax>69</xmax><ymax>49</ymax></bndbox></object><object><name>proposal</name><bndbox><xmin>28</xmin><ymin>79</ymin><xmax>47</xmax><ymax>69</ymax></bndbox></object><object><name>proposal</name><bndbox><xmin>23</xmin><ymin>71</ymin><xmax>51</xmax><ymax>29</ymax></bndbox></object><object><name>proposal</name><bndbox><xmin>7</xmin><ymin>78</ymin><xmax>65</xmax><ymax>173</ymax></bndbox></object><object><name>proposal</name><bndbox><xmin>429</xmin><ymin>4</ymin><xmax>33</xmax><ymax>39</ymax></bndbox></object><object><name>proposal</name><bndbox><xmin>4</xmin><ymin>217</ymin><xmax>31</xmax><ymax>34</ymax></bndbox></object><object><name>proposal</name><bndbox><xmin>1</xmin><ymin>28</ymin><xmax>223</xmax><ymax>100</ymax></bndbox></object><object><name>proposal</name><bndbox><xmin>53</xmin><ymin>263</ymin><xmax>39</xmax><ymax>37</ymax></bndbox></object><object><name>proposal</name><bndbox><xmin>248</xmin><ymin>109</ymin><xmax>109</xmax><ymax>56</ymax></bndbox></object><object><name>proposal</name><bndbox><xmin>96</xmin><ymin>4</ymin><xmax>192</xmax><ymax>141</ymax></bndbox></object><object><name>proposal</name><bndbox><xmin>189</xmin><ymin>1</ymin><xmax>103</xmax><ymax>43</ymax></bndbox></object><object><name>proposal</name><bndbox><xmin>57</xmin><ymin>5</ymin><xmax>152</xmax><ymax>89</ymax></bndbox></object><object><name>proposal</name><bndbox><xmin>6</xmin><ymin>77</ymin><xmax>89</xmax><ymax>199</ymax></bndbox></object><object><name>proposal</name><bndbox><xmin>173</xmin><ymin>43</ymin><xmax>186</xmax><ymax>87</ymax></bndbox></object><object><name>proposal</name><bndbox><xmin>5</xmin><ymin>223</ymin><xmax>47</xmax><ymax>27</ymax></bndbox></object><object><name>proposal</name><bndbox><xmin>55</xmin><ymin>263</ymin><xmax>35</xmax><ymax>24</ymax></bndbox></object><object><name>proposal</name><bndbox><xmin>328</xmin><ymin>3</ymin><xmax>136</xmax><ymax>57</ymax></bndbox></object><object><name>proposal</name><bndbox><xmin>180</xmin><ymin>10</ymin><xmax>87</xmax><ymax>53</ymax></bndbox></object><object><name>proposal</name><bndbox><xmin>242</xmin><ymin>188</ymin><xmax>87</xmax><ymax>50</ymax></bndbox></object><object><name>proposal</name><bndbox><xmin>6</xmin><ymin>1</ymin><xmax>52</xmax><ymax>119</ymax></bndbox></object><object><name>proposal</name><bndbox><xmin>7</xmin><ymin>78</ymin><xmax>66</xmax><ymax>28</ymax></bndbox></object><object><name>proposal</name><bndbox><xmin>254</xmin><ymin>222</ymin><xmax>62</xmax><ymax>68</ymax></bndbox></object><object><name>proposal</name><bndbox><xmin>254</xmin><ymin>157</ymin><xmax>61</xmax><ymax>81</ymax></bndbox></object><object><name>proposal</name><bndbox><xmin>172</xmin><ymin>5</ymin><xmax>119</xmax><ymax>93</ymax></bndbox></object><object><name>proposal</name><bndbox><xmin>276</xmin><ymin>23</ymin><xmax>59</xmax><ymax>27</ymax></bndbox></object><object><name>proposal</name><bndbox><xmin>173</xmin><ymin>8</ymin><xmax>107</xmax><ymax>41</ymax></bndbox></object><object><name>proposal</name><bndbox><xmin>50</xmin><ymin>226</ymin><xmax>45</xmax><ymax>49</ymax></bndbox></object><object><name>proposal</name><bndbox><xmin>1</xmin><ymin>48</ymin><xmax>247</xmax><ymax>137</ymax></bndbox></object><object><name>proposal</name><bndbox><xmin>244</xmin><ymin>6</ymin><xmax>49</xmax><ymax>53</ymax></bndbox></object><object><name>proposal</name><bndbox><xmin>7</xmin><ymin>78</ymin><xmax>154</xmax><ymax>174</ymax></bndbox></object><object><name>proposal</name><bndbox><xmin>3</xmin><ymin>49</ymin><xmax>123</xmax><ymax>246</ymax></bndbox></object><object><name>proposal</name><bndbox><xmin>1</xmin><ymin>28</ymin><xmax>173</xmax><ymax>154</ymax></bndbox></object><object><name>proposal</name><bndbox><xmin>33</xmin><ymin>1</ymin><xmax>173</xmax><ymax>253</ymax></bndbox></object><object><name>proposal</name><bndbox><xmin>248</xmin><ymin>89</ymin><xmax>109</xmax><ymax>48</ymax></bndbox></object><object><name>proposal</name><bndbox><xmin>7</xmin><ymin>203</ymin><xmax>34</xmax><ymax>50</ymax></bndbox></object><object><name>proposal</name><bndbox><xmin>254</xmin><ymin>223</ymin><xmax>61</xmax><ymax>28</ymax></bndbox></object><object><name>proposal</name><bndbox><xmin>5</xmin><ymin>229</ymin><xmax>38</xmax><ymax>21</ymax></bndbox></object><object><name>proposal</name><bndbox><xmin>28</xmin><ymin>77</ymin><xmax>49</xmax><ymax>49</ymax></bndbox></object><object><name>proposal</name><bndbox><xmin>6</xmin><ymin>237</ymin><xmax>30</xmax><ymax>56</ymax></bndbox></object><object><name>proposal</name><bndbox><xmin>253</xmin><ymin>127</ymin><xmax>213</xmax><ymax>113</ymax></bndbox></object><object><name>proposal</name><bndbox><xmin>8</xmin><ymin>75</ymin><xmax>65</xmax><ymax>114</ymax></bndbox></object><object><name>proposal</name><bndbox><xmin>427</xmin><ymin>6</ymin><xmax>37</xmax><ymax>54</ymax></bndbox></object><object><name>proposal</name><bndbox><xmin>254</xmin><ymin>188</ymin><xmax>124</xmax><ymax>53</ymax></bndbox></object><object><name>proposal</name><bndbox><xmin>223</xmin><ymin>223</ymin><xmax>91</xmax><ymax>48</ymax></bndbox></object><object><name>proposal</name><bndbox><xmin>55</xmin><ymin>253</ymin><xmax>35</xmax><ymax>24</ymax></bndbox></object><object><name>proposal</name><bndbox><xmin>190</xmin><ymin>10</ymin><xmax>54</xmax><ymax>37</ymax></bndbox></object><object><name>proposal</name><bndbox><xmin>343</xmin><ymin>231</ymin><xmax>35</xmax><ymax>28</ymax></bndbox></object><object><name>proposal</name><bndbox><xmin>5</xmin><ymin>238</ymin><xmax>46</xmax><ymax>37</ymax></bndbox></object><object><name>proposal</name><bndbox><xmin>126</xmin><ymin>191</ymin><xmax>31</xmax><ymax>31</ymax></bndbox></object><object><name>proposal</name><bndbox><xmin>148</xmin><ymin>30</ymin><xmax>123</xmax><ymax>56</ymax></bndbox></object><object><name>proposal</name><bndbox><xmin>9</xmin><ymin>107</ymin><xmax>73</xmax><ymax>49</ymax></bndbox></object><object><name>proposal</name><bndbox><xmin>1</xmin><ymin>30</ymin><xmax>183</xmax><ymax>71</ymax></bndbox></object><object><name>proposal</name><bndbox><xmin>41</xmin><ymin>251</ymin><xmax>51</xmax><ymax>25</ymax></bndbox></object><object><name>proposal</name><bndbox><xmin>24</xmin><ymin>54</ymin><xmax>135</xmax><ymax>62</ymax></bndbox></object><object><name>proposal</name><bndbox><xmin>55</xmin><ymin>251</ymin><xmax>51</xmax><ymax>25</ymax></bndbox></object><object><name>proposal</name><bndbox><xmin>5</xmin><ymin>218</ymin><xmax>94</xmax><ymax>57</ymax></bndbox></object><object><name>proposal</name><bndbox><xmin>8</xmin><ymin>105</ymin><xmax>51</xmax><ymax>73</ymax></bndbox></object><object><name>proposal</name><bndbox><xmin>6</xmin><ymin>1</ymin><xmax>32</xmax><ymax>61</ymax></bndbox></object><object><name>proposal</name><bndbox><xmin>36</xmin><ymin>238</ymin><xmax>61</xmax><ymax>39</ymax></bndbox></object><object><name>proposal</name><bndbox><xmin>28</xmin><ymin>246</ymin><xmax>61</xmax><ymax>30</ymax></bndbox></object><object><name>proposal</name><bndbox><xmin>223</xmin><ymin>173</ymin><xmax>94</xmax><ymax>66</ymax></bndbox></object><object><name>proposal</name><bndbox><xmin>49</xmin><ymin>238</ymin><xmax>61</xmax><ymax>39</ymax></bndbox></object><object><name>proposal</name><bndbox><xmin>55</xmin><ymin>205</ymin><xmax>35</xmax><ymax>70</ymax></bndbox></object><object><name>proposal</name><bndbox><xmin>254</xmin><ymin>223</ymin><xmax>124</xmax><ymax>63</ymax></bndbox></object><object><name>proposal</name><bndbox><xmin>321</xmin><ymin>142</ymin><xmax>146</xmax><ymax>98</ymax></bndbox></object><object><name>proposal</name><bndbox><xmin>230</xmin><ymin>7</ymin><xmax>55</xmax><ymax>29</ymax></bndbox></object><object><name>proposal</name><bndbox><xmin>139</xmin><ymin>36</ymin><xmax>133</xmax><ymax>100</ymax></bndbox></object><object><name>proposal</name><bndbox><xmin>345</xmin><ymin>220</ymin><xmax>42</xmax><ymax>21</ymax></bndbox></object><object><name>proposal</name><bndbox><xmin>230</xmin><ymin>3</ymin><xmax>51</xmax><ymax>21</ymax></bndbox></object><object><name>proposal</name><bndbox><xmin>147</xmin><ymin>4</ymin><xmax>145</xmax><ymax>235</ymax></bndbox></object><object><name>proposal</name><bndbox><xmin>396</xmin><ymin>141</ymin><xmax>71</xmax><ymax>142</ymax></bndbox></object><object><name>proposal</name><bndbox><xmin>128</xmin><ymin>4</ymin><xmax>155</xmax><ymax>84</ymax></bndbox></object><object><name>proposal</name><bndbox><xmin>252</xmin><ymin>179</ymin><xmax>94</xmax><ymax>60</ymax></bndbox></object><object><name>proposal</name><bndbox><xmin>128</xmin><ymin>191</ymin><xmax>71</xmax><ymax>30</ymax></bndbox></object><object><name>proposal</name><bndbox><xmin>124</xmin><ymin>213</ymin><xmax>32</xmax><ymax>28</ymax></bndbox></object><object><name>proposal</name><bndbox><xmin>9</xmin><ymin>108</ymin><xmax>95</xmax><ymax>37</ymax></bndbox></object><object><name>proposal</name><bndbox><xmin>391</xmin><ymin>5</ymin><xmax>72</xmax><ymax>55</ymax></bndbox></object><object><name>proposal</name><bndbox><xmin>241</xmin><ymin>221</ymin><xmax>73</xmax><ymax>36</ymax></bndbox></object><object><name>proposal</name><bndbox><xmin>7</xmin><ymin>237</ymin><xmax>41</xmax><ymax>28</ymax></bndbox></object><object><name>proposal</name><bndbox><xmin>27</xmin><ymin>53</ymin><xmax>84</xmax><ymax>61</ymax></bndbox></object><object><name>proposal</name><bndbox><xmin>88</xmin><ymin>79</ymin><xmax>61</xmax><ymax>33</ymax></bndbox></object><object><name>proposal</name><bndbox><xmin>345</xmin><ymin>140</ymin><xmax>123</xmax><ymax>136</ymax></bndbox></object><object><name>proposal</name><bndbox><xmin>8</xmin><ymin>79</ymin><xmax>142</xmax><ymax>121</ymax></bndbox></object><object><name>proposal</name><bndbox><xmin>28</xmin><ymin>75</ymin><xmax>60</xmax><ymax>141</ymax></bndbox></object><object><name>proposal</name><bndbox><xmin>23</xmin><ymin>263</ymin><xmax>67</xmax><ymax>36</ymax></bndbox></object><object><name>proposal</name><bndbox><xmin>6</xmin><ymin>208</ymin><xmax>55</xmax><ymax>44</ymax></bndbox></object><object><name>proposal</name><bndbox><xmin>343</xmin><ymin>194</ymin><xmax>34</xmax><ymax>46</ymax></bndbox></object><object><name>proposal</name><bndbox><xmin>25</xmin><ymin>71</ymin><xmax>99</xmax><ymax>43</ymax></bndbox></object><object><name>proposal</name><bndbox><xmin>409</xmin><ymin>8</ymin><xmax>31</xmax><ymax>45</ymax></bndbox></object><object><name>proposal</name><bndbox><xmin>430</xmin><ymin>5</ymin><xmax>32</xmax><ymax>24</ymax></bndbox></object><object><name>proposal</name><bndbox><xmin>28</xmin><ymin>64</ymin><xmax>49</xmax><ymax>49</ymax></bndbox></object><object><name>proposal</name><bndbox><xmin>157</xmin><ymin>187</ymin><xmax>42</xmax><ymax>21</ymax></bndbox></object><object><name>proposal</name><bndbox><xmin>254</xmin><ymin>218</ymin><xmax>61</xmax><ymax>26</ymax></bndbox></object><object><name>proposal</name><bndbox><xmin>244</xmin><ymin>207</ymin><xmax>70</xmax><ymax>37</ymax></bndbox></object><object><name>proposal</name><bndbox><xmin>343</xmin><ymin>230</ymin><xmax>34</xmax><ymax>46</ymax></bndbox></object><object><name>proposal</name><bndbox><xmin>166</xmin><ymin>181</ymin><xmax>31</xmax><ymax>31</ymax></bndbox></object><object><name>proposal</name><bndbox><xmin>406</xmin><ymin>73</ymin><xmax>64</xmax><ymax>120</ymax></bndbox></object><object><name>proposal</name><bndbox><xmin>58</xmin><ymin>4</ymin><xmax>157</xmax><ymax>161</ymax></bndbox></object><object><name>proposal</name><bndbox><xmin>351</xmin><ymin>21</ymin><xmax>48</xmax><ymax>31</ymax></bndbox></object><object><name>proposal</name><bndbox><xmin>325</xmin><ymin>213</ymin><xmax>56</xmax><ymax>28</ymax></bndbox></object><object><name>proposal</name><bndbox><xmin>376</xmin><ymin>21</ymin><xmax>31</xmax><ymax>31</ymax></bndbox></object><object><name>proposal</name><bndbox><xmin>174</xmin><ymin>178</ymin><xmax>141</xmax><ymax>60</ymax></bndbox></object><object><name>proposal</name><bndbox><xmin>254</xmin><ymin>161</ymin><xmax>128</xmax><ymax>80</ymax></bndbox></object><object><name>proposal</name><bndbox><xmin>27</xmin><ymin>77</ymin><xmax>89</xmax><ymax>199</ymax></bndbox></object><object><name>proposal</name><bndbox><xmin>53</xmin><ymin>228</ymin><xmax>69</xmax><ymax>47</ymax></bndbox></object><object><name>proposal</name><bndbox><xmin>300</xmin><ymin>208</ymin><xmax>79</xmax><ymax>33</ymax></bndbox></object><object><name>proposal</name><bndbox><xmin>5</xmin><ymin>235</ymin><xmax>45</xmax><ymax>60</ymax></bndbox></object><object><name>proposal</name><bndbox><xmin>4</xmin><ymin>180</ymin><xmax>33</xmax><ymax>73</ymax></bndbox></object><object><name>proposal</name><bndbox><xmin>338</xmin><ymin>205</ymin><xmax>46</xmax><ymax>37</ymax></bndbox></object><object><name>proposal</name><bndbox><xmin>129</xmin><ymin>108</ymin><xmax>187</xmax><ymax>130</ymax></bndbox></object><object><name>proposal</name><bndbox><xmin>53</xmin><ymin>263</ymin><xmax>70</xmax><ymax>36</ymax></bndbox></object><object><name>proposal</name><bndbox><xmin>130</xmin><ymin>197</ymin><xmax>32</xmax><ymax>24</ymax></bndbox></object><object><name>proposal</name><bndbox><xmin>7</xmin><ymin>186</ymin><xmax>41</xmax><ymax>66</ymax></bndbox></object><object><name>proposal</name><bndbox><xmin>95</xmin><ymin>37</ymin><xmax>78</xmax><ymax>57</ymax></bndbox></object><object><name>proposal</name><bndbox><xmin>127</xmin><ymin>144</ymin><xmax>71</xmax><ymax>77</ymax></bndbox></object><object><name>proposal</name><bndbox><xmin>251</xmin><ymin>116</ymin><xmax>70</xmax><ymax>122</ymax></bndbox></object><object><name>proposal</name><bndbox><xmin>95</xmin><ymin>52</ymin><xmax>73</xmax><ymax>36</ymax></bndbox></object><object><name>proposal</name><bndbox><xmin>130</xmin><ymin>213</ymin><xmax>39</xmax><ymax>29</ymax></bndbox></object><object><name>proposal</name><bndbox><xmin>352</xmin><ymin>20</ymin><xmax>70</xmax><ymax>32</ymax></bndbox></object><object><name>proposal</name><bndbox><xmin>9</xmin><ymin>101</ymin><xmax>80</xmax><ymax>76</ymax></bndbox></object><object><name>proposal</name><bndbox><xmin>173</xmin><ymin>172</ymin><xmax>24</xmax><ymax>38</ymax></bndbox></object><object><name>proposal</name><bndbox><xmin>321</xmin><ymin>18</ymin><xmax>95</xmax><ymax>37</ymax></bndbox></object><object><name>proposal</name><bndbox><xmin>148</xmin><ymin>129</ymin><xmax>35</xmax><ymax>26</ymax></bndbox></object><object><name>proposal</name><bndbox><xmin>158</xmin><ymin>144</ymin><xmax>41</xmax><ymax>65</ymax></bndbox></object><object><name>proposal</name><bndbox><xmin>406</xmin><ymin>9</ymin><xmax>35</xmax><ymax>28</ymax></bndbox></object><object><name>proposal</name><bndbox><xmin>128</xmin><ymin>211</ymin><xmax>29</xmax><ymax>42</ymax></bndbox></object><object><name>proposal</name><bndbox><xmin>131</xmin><ymin>179</ymin><xmax>29</xmax><ymax>42</ymax></bndbox></object><object><name>proposal</name><bndbox><xmin>167</xmin><ymin>6</ymin><xmax>78</xmax><ymax>57</ymax></bndbox></object><object><name>proposal</name><bndbox><xmin>5</xmin><ymin>100</ymin><xmax>196</xmax><ymax>176</ymax></bndbox></object><object><name>proposal</name><bndbox><xmin>6</xmin><ymin>79</ymin><xmax>112</xmax><ymax>77</ymax></bndbox></object><object><name>proposal</name><bndbox><xmin>254</xmin><ymin>204</ymin><xmax>59</xmax><ymax>54</ymax></bndbox></object><object><name>proposal</name><bndbox><xmin>4</xmin><ymin>21</ymin><xmax>35</xmax><ymax>28</ymax></bndbox></object><object><name>proposal</name><bndbox><xmin>342</xmin><ymin>213</ymin><xmax>61</xmax><ymax>28</ymax></bndbox></object><object><name>proposal</name><bndbox><xmin>221</xmin><ymin>222</ymin><xmax>114</xmax><ymax>65</ymax></bndbox></object><object><name>proposal</name><bndbox><xmin>388</xmin><ymin>3</ymin><xmax>55</xmax><ymax>25</ymax></bndbox></object><object><name>proposal</name><bndbox><xmin>175</xmin><ymin>158</ymin><xmax>23</xmax><ymax>51</ymax></bndbox></object><object><name>proposal</name><bndbox><xmin>170</xmin><ymin>3</ymin><xmax>73</xmax><ymax>43</ymax></bndbox></object><object><name>proposal</name><bndbox><xmin>404</xmin><ymin>7</ymin><xmax>61</xmax><ymax>36</ymax></bndbox></object><object><name>proposal</name><bndbox><xmin>372</xmin><ymin>19</ymin><xmax>45</xmax><ymax>33</ymax></bndbox></object><object><name>proposal</name><bndbox><xmin>4</xmin><ymin>212</ymin><xmax>152</xmax><ymax>65</ymax></bndbox></object><object><name>proposal</name><bndbox><xmin>338</xmin><ymin>229</ymin><xmax>46</xmax><ymax>40</ymax></bndbox></object><object><name>proposal</name><bndbox><xmin>1</xmin><ymin>19</ymin><xmax>37</xmax><ymax>40</ymax></bndbox></object><object><name>proposal</name><bndbox><xmin>254</xmin><ymin>208</ymin><xmax>124</xmax><ymax>48</ymax></bndbox></object><object><name>proposal</name><bndbox><xmin>215</xmin><ymin>125</ymin><xmax>101</xmax><ymax>115</ymax></bndbox></object><object><name>proposal</name><bndbox><xmin>147</xmin><ymin>37</ymin><xmax>77</xmax><ymax>89</ymax></bndbox></object><object><name>proposal</name><bndbox><xmin>5</xmin><ymin>185</ymin><xmax>93</xmax><ymax>93</ymax></bndbox></object><object><name>proposal</name><bndbox><xmin>295</xmin><ymin>141</ymin><xmax>172</xmax><ymax>73</ymax></bndbox></object><object><name>proposal</name><bndbox><xmin>122</xmin><ymin>195</ymin><xmax>47</xmax><ymax>27</ymax></bndbox></object><object><name>proposal</name><bndbox><xmin>309</xmin><ymin>10</ymin><xmax>109</xmax><ymax>52</ymax></bndbox></object><object><name>proposal</name><bndbox><xmin>131</xmin><ymin>121</ymin><xmax>69</xmax><ymax>111</ymax></bndbox></object><object><name>proposal</name><bndbox><xmin>276</xmin><ymin>3</ymin><xmax>66</xmax><ymax>28</ymax></bndbox></object><object><name>proposal</name><bndbox><xmin>325</xmin><ymin>231</ymin><xmax>56</xmax><ymax>32</ymax></bndbox></object><object><name>proposal</name><bndbox><xmin>320</xmin><ymin>16</ymin><xmax>50</xmax><ymax>40</ymax></bndbox></object><object><name>proposal</name><bndbox><xmin>6</xmin><ymin>108</ymin><xmax>114</xmax><ymax>48</ymax></bndbox></object><object><name>proposal</name><bndbox><xmin>7</xmin><ymin>237</ymin><xmax>62</xmax><ymax>56</ymax></bndbox></object><object><name>proposal</name><bndbox><xmin>36</xmin><ymin>206</ymin><xmax>59</xmax><ymax>71</ymax></bndbox></object><object><name>proposal</name><bndbox><xmin>49</xmin><ymin>206</ymin><xmax>59</xmax><ymax>71</ymax></bndbox></object><object><name>proposal</name><bndbox><xmin>55</xmin><ymin>259</ymin><xmax>35</xmax><ymax>22</ymax></bndbox></object><object><name>proposal</name><bndbox><xmin>113</xmin><ymin>213</ymin><xmax>47</xmax><ymax>25</ymax></bndbox></object><object><name>proposal</name><bndbox><xmin>158</xmin><ymin>144</ymin><xmax>27</xmax><ymax>39</ymax></bndbox></object><object><name>proposal</name><bndbox><xmin>366</xmin><ymin>21</ymin><xmax>31</xmax><ymax>31</ymax></bndbox></object><object><name>proposal</name><bndbox><xmin>178</xmin><ymin>193</ymin><xmax>21</xmax><ymax>50</ymax></bndbox></object><object><name>proposal</name><bndbox><xmin>406</xmin><ymin>85</ymin><xmax>41</xmax><ymax>91</ymax></bndbox></object><object><name>proposal</name><bndbox><xmin>96</xmin><ymin>43</ymin><xmax>120</xmax><ymax>72</ymax></bndbox></object><object><name>proposal</name><bndbox><xmin>342</xmin><ymin>231</ymin><xmax>61</xmax><ymax>32</ymax></bndbox></object><object><name>proposal</name><bndbox><xmin>7</xmin><ymin>192</ymin><xmax>62</xmax><ymax>59</ymax></bndbox></object><object><name>proposal</name><bndbox><xmin>421</xmin><ymin>9</ymin><xmax>21</xmax><ymax>46</ymax></bndbox></object><object><name>proposal</name><bndbox><xmin>235</xmin><ymin>13</ymin><xmax>55</xmax><ymax>25</ymax></bndbox></object><object><name>proposal</name><bndbox><xmin>342</xmin><ymin>18</ymin><xmax>65</xmax><ymax>41</ymax></bndbox></object><object><name>proposal</name><bndbox><xmin>175</xmin><ymin>161</ymin><xmax>203</xmax><ymax>79</ymax></bndbox></object><object><name>proposal</name><bndbox><xmin>130</xmin><ymin>108</ymin><xmax>118</xmax><ymax>113</ymax></bndbox></object><object><name>proposal</name><bndbox><xmin>374</xmin><ymin>18</ymin><xmax>67</xmax><ymax>37</ymax></bndbox></object><object><name>proposal</name><bndbox><xmin>18</xmin><ymin>253</ymin><xmax>71</xmax><ymax>26</ymax></bndbox></object><object><name>proposal</name><bndbox><xmin>301</xmin><ymin>190</ymin><xmax>77</xmax><ymax>54</ymax></bndbox></object><object><name>proposal</name><bndbox><xmin>190</xmin><ymin>9</ymin><xmax>55</xmax><ymax>25</ymax></bndbox></object><object><name>proposal</name><bndbox><xmin>4</xmin><ymin>1</ymin><xmax>71</xmax><ymax>176</ymax></bndbox></object><object><name>proposal</name><bndbox><xmin>43</xmin><ymin>185</ymin><xmax>46</xmax><ymax>91</ymax></bndbox></object><object><name>proposal</name><bndbox><xmin>55</xmin><ymin>185</ymin><xmax>46</xmax><ymax>91</ymax></bndbox></object><object><name>proposal</name><bndbox><xmin>403</xmin><ymin>106</ymin><xmax>67</xmax><ymax>69</ymax></bndbox></object><object><name>proposal</name><bndbox><xmin>344</xmin><ymin>225</ymin><xmax>35</xmax><ymax>66</ymax></bndbox></object><object><name>proposal</name><bndbox><xmin>8</xmin><ymin>82</ymin><xmax>50</xmax><ymax>141</ymax></bndbox></object><object><name>proposal</name><bndbox><xmin>149</xmin><ymin>178</ymin><xmax>50</xmax><ymax>31</ymax></bndbox></object><object><name>proposal</name><bndbox><xmin>158</xmin><ymin>169</ymin><xmax>39</xmax><ymax>42</ymax></bndbox></object><object><name>proposal</name><bndbox><xmin>116</xmin><ymin>179</ymin><xmax>42</xmax><ymax>42</ymax></bndbox></object><object><name>proposal</name><bndbox><xmin>150</xmin><ymin>5</ymin><xmax>57</xmax><ymax>45</ymax></bndbox></object><object><name>proposal</name><bndbox><xmin>155</xmin><ymin>193</ymin><xmax>42</xmax><ymax>27</ymax></bndbox></object><object><name>proposal</name><bndbox><xmin>6</xmin><ymin>99</ymin><xmax>112</xmax><ymax>87</ymax></bndbox></object><object><name>proposal</name><bndbox><xmin>28</xmin><ymin>1</ymin><xmax>138</xmax><ymax>203</ymax></bndbox></object><object><name>proposal</name><bndbox><xmin>149</xmin><ymin>191</ymin><xmax>51</xmax><ymax>21</ymax></bndbox></object><object><name>proposal</name><bndbox><xmin>344</xmin><ymin>182</ymin><xmax>41</xmax><ymax>60</ymax></bndbox></object><object><name>proposal</name><bndbox><xmin>131</xmin><ymin>187</ymin><xmax>46</xmax><ymax>34</ymax></bndbox></object><object><name>proposal</name><bndbox><xmin>9</xmin><ymin>101</ymin><xmax>182</xmax><ymax>83</ymax></bndbox></object><object><name>proposal</name><bndbox><xmin>127</xmin><ymin>8</ymin><xmax>48</xmax><ymax>42</ymax></bndbox></object><object><name>proposal</name><bndbox><xmin>156</xmin><ymin>126</ymin><xmax>31</xmax><ymax>31</ymax></bndbox></object><object><name>proposal</name><bndbox><xmin>147</xmin><ymin>46</ymin><xmax>75</xmax><ymax>57</ymax></bndbox></object><object><name>proposal</name><bndbox><xmin>411</xmin><ymin>1</ymin><xmax>31</xmax><ymax>31</ymax></bndbox></object><object><name>proposal</name><bndbox><xmin>148</xmin><ymin>144</ymin><xmax>42</xmax><ymax>39</ymax></bndbox></object><object><name>proposal</name><bndbox><xmin>58</xmin><ymin>9</ymin><xmax>21</xmax><ymax>46</ymax></bndbox></object><object><name>proposal</name><bndbox><xmin>385</xmin><ymin>19</ymin><xmax>34</xmax><ymax>37</ymax></bndbox></object><object><name>proposal</name><bndbox><xmin>96</xmin><ymin>46</ymin><xmax>113</xmax><ymax>46</ymax></bndbox></object><object><name>proposal</name><bndbox><xmin>7</xmin><ymin>172</ymin><xmax>151</xmax><ymax>107</ymax></bndbox></object><object><name>proposal</name><bndbox><xmin>178</xmin><ymin>158</ymin><xmax>31</xmax><ymax>50</ymax></bndbox></object><object><name>proposal</name><bndbox><xmin>128</xmin><ymin>160</ymin><xmax>28</xmax><ymax>61</ymax></bndbox></object><object><name>proposal</name><bndbox><xmin>178</xmin><ymin>193</ymin><xmax>37</xmax><ymax>40</ymax></bndbox></object><object><name>proposal</name><bndbox><xmin>78</xmin><ymin>115</ymin><xmax>124</xmax><ymax>106</ymax></bndbox></object><object><name>proposal</name><bndbox><xmin>160</xmin><ymin>140</ymin><xmax>65</xmax><ymax>68</ymax></bndbox></object><object><name>proposal</name><bndbox><xmin>388</xmin><ymin>10</ymin><xmax>53</xmax><ymax>57</ymax></bndbox></object><object><name>proposal</name><bndbox><xmin>289</xmin><ymin>111</ymin><xmax>158</xmax><ymax>136</ymax></bndbox></object><object><name>proposal</name><bndbox><xmin>364</xmin><ymin>25</ymin><xmax>44</xmax><ymax>26</ymax></bndbox></object><object><name>proposal</name><bndbox><xmin>280</xmin><ymin>207</ymin><xmax>35</xmax><ymax>26</ymax></bndbox></object><object><name>proposal</name><bndbox><xmin>131</xmin><ymin>211</ymin><xmax>46</xmax><ymax>40</ymax></bndbox></object><object><name>proposal</name><bndbox><xmin>100</xmin><ymin>176</ymin><xmax>100</xmax><ymax>46</ymax></bndbox></object><object><name>proposal</name><bndbox><xmin>340</xmin><ymin>157</ymin><xmax>37</xmax><ymax>83</ymax></bndbox></object><object><name>proposal</name><bndbox><xmin>105</xmin><ymin>191</ymin><xmax>56</xmax><ymax>30</ymax></bndbox></object><object><name>proposal</name><bndbox><xmin>162</xmin><ymin>121</ymin><xmax>46</xmax><ymax>87</ymax></bndbox></object><object><name>proposal</name><bndbox><xmin>430</xmin><ymin>9</ymin><xmax>21</xmax><ymax>46</ymax></bndbox></object><object><name>proposal</name><bndbox><xmin>131</xmin><ymin>210</ymin><xmax>28</xmax><ymax>61</ymax></bndbox></object><object><name>proposal</name><bndbox><xmin>168</xmin><ymin>193</ymin><xmax>29</xmax><ymax>45</ymax></bndbox></object><object><name>proposal</name><bndbox><xmin>106</xmin><ymin>5</ymin><xmax>70</xmax><ymax>47</ymax></bndbox></object><object><name>proposal</name><bndbox><xmin>341</xmin><ymin>21</ymin><xmax>31</xmax><ymax>31</ymax></bndbox></object><object><name>proposal</name><bndbox><xmin>113</xmin><ymin>208</ymin><xmax>45</xmax><ymax>49</ymax></bndbox></object><object><name>proposal</name><bndbox><xmin>142</xmin><ymin>133</ymin><xmax>41</xmax><ymax>26</ymax></bndbox></object><object><name>proposal</name><bndbox><xmin>55</xmin><ymin>259</ymin><xmax>59</xmax><ymax>21</ymax></bndbox></object><object><name>proposal</name><bndbox><xmin>352</xmin><ymin>144</ymin><xmax>102</xmax><ymax>81</ymax></bndbox></object><object><name>proposal</name><bndbox><xmin>122</xmin><ymin>208</ymin><xmax>45</xmax><ymax>53</ymax></bndbox></object><object><name>proposal</name><bndbox><xmin>428</xmin><ymin>89</ymin><xmax>39</xmax><ymax>103</ymax></bndbox></object><object><name>proposal</name><bndbox><xmin>259</xmin><ymin>9</ymin><xmax>22</xmax><ymax>46</ymax></bndbox></object><object><name>proposal</name><bndbox><xmin>385</xmin><ymin>31</ymin><xmax>42</xmax><ymax>21</ymax></bndbox></object><object><name>proposal</name><bndbox><xmin>166</xmin><ymin>186</ymin><xmax>31</xmax><ymax>39</ymax></bndbox></object><object><name>proposal</name><bndbox><xmin>117</xmin><ymin>202</ymin><xmax>42</xmax><ymax>21</ymax></bndbox></object><object><name>proposal</name><bndbox><xmin>177</xmin><ymin>193</ymin><xmax>61</xmax><ymax>28</ymax></bndbox></object><object><name>proposal</name><bndbox><xmin>129</xmin><ymin>120</ymin><xmax>105</xmax><ymax>60</ymax></bndbox></object><object><name>proposal</name><bndbox><xmin>426</xmin><ymin>9</ymin><xmax>21</xmax><ymax>50</ymax></bndbox></object><object><name>proposal</name><bndbox><xmin>397</xmin><ymin>160</ymin><xmax>71</xmax><ymax>77</ymax></bndbox></object><object><name>proposal</name><bndbox><xmin>303</xmin><ymin>226</ymin><xmax>75</xmax><ymax>53</ymax></bndbox></object><object><name>proposal</name><bndbox><xmin>409</xmin><ymin>153</ymin><xmax>58</xmax><ymax>109</ymax></bndbox></object><object><name>proposal</name><bndbox><xmin>351</xmin><ymin>21</ymin><xmax>31</xmax><ymax>31</ymax></bndbox></object></annotation>