<annotation><folder>Proposals</folder><filename>img-309.jpg</filename><size><width>533</width><height>300</height><depth>3</depth></size><object><name>proposal</name><bndbox><xmin>6</xmin><ymin>25</ymin><xmax>494</xmax><ymax>181</ymax></bndbox></object><object><name>proposal</name><bndbox><xmin>6</xmin><ymin>46</ymin><xmax>492</xmax><ymax>232</ymax></bndbox></object><object><name>proposal</name><bndbox><xmin>11</xmin><ymin>47</ymin><xmax>374</xmax><ymax>149</ymax></bndbox></object><object><name>proposal</name><bndbox><xmin>1</xmin><ymin>19</ymin><xmax>45</xmax><ymax>33</ymax></bndbox></object><object><name>proposal</name><bndbox><xmin>1</xmin><ymin>19</ymin><xmax>49</xmax><ymax>49</ymax></bndbox></object><object><name>proposal</name><bndbox><xmin>2</xmin><ymin>17</ymin><xmax>45</xmax><ymax>83</ymax></bndbox></object><object><name>proposal</name><bndbox><xmin>5</xmin><ymin>72</ymin><xmax>161</xmax><ymax>93</ymax></bndbox></object><object><name>proposal</name><bndbox><xmin>1</xmin><ymin>20</ymin><xmax>83</xmax><ymax>80</ymax></bndbox></object><object><name>proposal</name><bndbox><xmin>1</xmin><ymin>20</ymin><xmax>83</xmax><ymax>45</ymax></bndbox></object><object><name>proposal</name><bndbox><xmin>10</xmin><ymin>47</ymin><xmax>239</xmax><ymax>141</ymax></bndbox></object><object><name>proposal</name><bndbox><xmin>81</xmin><ymin>47</ymin><xmax>248</xmax><ymax>145</ymax></bndbox></object><object><name>proposal</name><bndbox><xmin>1</xmin><ymin>7</ymin><xmax>190</xmax><ymax>93</ymax></bndbox></object><object><name>proposal</name><bndbox><xmin>149</xmin><ymin>62</ymin><xmax>350</xmax><ymax>143</ymax></bndbox></object><object><name>proposal</name><bndbox><xmin>85</xmin><ymin>4</ymin><xmax>165</xmax><ymax>71</ymax></bndbox></object><object><name>proposal</name><bndbox><xmin>501</xmin><ymin>166</ymin><xmax>24</xmax><ymax>35</ymax></bndbox></object><object><name>proposal</name><bndbox><xmin>146</xmin><ymin>61</ymin><xmax>235</xmax><ymax>129</ymax></bndbox></object><object><name>proposal</name><bndbox><xmin>12</xmin><ymin>77</ymin><xmax>61</xmax><ymax>77</ymax></bndbox></object><object><name>proposal</name><bndbox><xmin>484</xmin><ymin>177</ymin><xmax>41</xmax><ymax>24</ymax></bndbox></object><object><name>proposal</name><bndbox><xmin>11</xmin><ymin>73</ymin><xmax>107</xmax><ymax>90</ymax></bndbox></object><object><name>proposal</name><bndbox><xmin>3</xmin><ymin>20</ymin><xmax>44</xmax><ymax>126</ymax></bndbox></object><object><name>proposal</name><bndbox><xmin>502</xmin><ymin>177</ymin><xmax>28</xmax><ymax>24</ymax></bndbox></object><object><name>proposal</name><bndbox><xmin>53</xmin><ymin>3</ymin><xmax>138</xmax><ymax>63</ymax></bndbox></object><object><name>proposal</name><bndbox><xmin>26</xmin><ymin>47</ymin><xmax>216</xmax><ymax>77</ymax></bndbox></object><object><name>proposal</name><bndbox><xmin>501</xmin><ymin>190</ymin><xmax>24</xmax><ymax>38</ymax></bndbox></object><object><name>proposal</name><bndbox><xmin>53</xmin><ymin>22</ymin><xmax>31</xmax><ymax>42</ymax></bndbox></object><object><name>proposal</name><bndbox><xmin>488</xmin><ymin>171</ymin><xmax>42</xmax><ymax>31</ymax></bndbox></object><object><name>proposal</name><bndbox><xmin>263</xmin><ymin>82</ymin><xmax>239</xmax><ymax>125</ymax></bndbox></object><object><name>proposal</name><bndbox><xmin>1</xmin><ymin>12</ymin><xmax>117</xmax><ymax>87</ymax></bndbox></object><object><name>proposal</name><bndbox><xmin>55</xmin><ymin>49</ymin><xmax>34</xmax><ymax>37</ymax></bndbox></object><object><name>proposal</name><bndbox><xmin>1</xmin><ymin>8</ymin><xmax>141</xmax><ymax>55</ymax></bndbox></object><object><name>proposal</name><bndbox><xmin>5</xmin><ymin>79</ymin><xmax>47</xmax><ymax>69</ymax></bndbox></object><object><name>proposal</name><bndbox><xmin>52</xmin><ymin>37</ymin><xmax>32</xmax><ymax>26</ymax></bndbox></object><object><name>proposal</name><bndbox><xmin>330</xmin><ymin>144</ymin><xmax>167</xmax><ymax>61</ymax></bndbox></object><object><name>proposal</name><bndbox><xmin>46</xmin><ymin>31</ymin><xmax>39</xmax><ymax>31</ymax></bndbox></object><object><name>proposal</name><bndbox><xmin>6</xmin><ymin>78</ymin><xmax>32</xmax><ymax>66</ymax></bndbox></object><object><name>proposal</name><bndbox><xmin>21</xmin><ymin>200</ymin><xmax>91</xmax><ymax>37</ymax></bndbox></object><object><name>proposal</name><bndbox><xmin>81</xmin><ymin>47</ymin><xmax>136</xmax><ymax>147</ymax></bndbox></object><object><name>proposal</name><bndbox><xmin>85</xmin><ymin>45</ymin><xmax>173</xmax><ymax>117</ymax></bndbox></object><object><name>proposal</name><bndbox><xmin>24</xmin><ymin>79</ymin><xmax>40</xmax><ymax>76</ymax></bndbox></object><object><name>proposal</name><bndbox><xmin>261</xmin><ymin>65</ymin><xmax>110</xmax><ymax>133</ymax></bndbox></object><object><name>proposal</name><bndbox><xmin>19</xmin><ymin>83</ymin><xmax>32</xmax><ymax>61</ymax></bndbox></object><object><name>proposal</name><bndbox><xmin>494</xmin><ymin>191</ymin><xmax>36</xmax><ymax>33</ymax></bndbox></object><object><name>proposal</name><bndbox><xmin>11</xmin><ymin>135</ymin><xmax>357</xmax><ymax>153</ymax></bndbox></object><object><name>proposal</name><bndbox><xmin>19</xmin><ymin>181</ymin><xmax>40</xmax><ymax>58</ymax></bndbox></object><object><name>proposal</name><bndbox><xmin>9</xmin><ymin>137</ymin><xmax>108</xmax><ymax>100</ymax></bndbox></object><object><name>proposal</name><bndbox><xmin>490</xmin><ymin>191</ymin><xmax>35</xmax><ymax>24</ymax></bndbox></object><object><name>proposal</name><bndbox><xmin>85</xmin><ymin>196</ymin><xmax>26</xmax><ymax>38</ymax></bndbox></object><object><name>proposal</name><bndbox><xmin>85</xmin><ymin>209</ymin><xmax>35</xmax><ymax>24</ymax></bndbox></object><object><name>proposal</name><bndbox><xmin>5</xmin><ymin>82</ymin><xmax>93</xmax><ymax>73</ymax></bndbox></object><object><name>proposal</name><bndbox><xmin>21</xmin><ymin>134</ymin><xmax>54</xmax><ymax>104</ymax></bndbox></object><object><name>proposal</name><bndbox><xmin>21</xmin><ymin>179</ymin><xmax>89</xmax><ymax>59</ymax></bndbox></object><object><name>proposal</name><bndbox><xmin>221</xmin><ymin>93</ymin><xmax>71</xmax><ymax>45</ymax></bndbox></object><object><name>proposal</name><bndbox><xmin>501</xmin><ymin>150</ymin><xmax>25</xmax><ymax>55</ymax></bndbox></object><object><name>proposal</name><bndbox><xmin>502</xmin><ymin>190</ymin><xmax>28</xmax><ymax>50</ymax></bndbox></object><object><name>proposal</name><bndbox><xmin>10</xmin><ymin>125</ymin><xmax>50</xmax><ymax>113</ymax></bndbox></object><object><name>proposal</name><bndbox><xmin>1</xmin><ymin>18</ymin><xmax>65</xmax><ymax>138</ymax></bndbox></object><object><name>proposal</name><bndbox><xmin>150</xmin><ymin>2</ymin><xmax>220</xmax><ymax>91</ymax></bndbox></object><object><name>proposal</name><bndbox><xmin>11</xmin><ymin>44</ymin><xmax>75</xmax><ymax>51</ymax></bndbox></object><object><name>proposal</name><bndbox><xmin>19</xmin><ymin>87</ymin><xmax>21</xmax><ymax>59</ymax></bndbox></object><object><name>proposal</name><bndbox><xmin>217</xmin><ymin>81</ymin><xmax>182</xmax><ymax>109</ymax></bndbox></object><object><name>proposal</name><bndbox><xmin>41</xmin><ymin>49</ymin><xmax>46</xmax><ymax>40</ymax></bndbox></object><object><name>proposal</name><bndbox><xmin>12</xmin><ymin>24</ymin><xmax>49</xmax><ymax>75</ymax></bndbox></object><object><name>proposal</name><bndbox><xmin>1</xmin><ymin>18</ymin><xmax>161</xmax><ymax>164</ymax></bndbox></object><object><name>proposal</name><bndbox><xmin>28</xmin><ymin>29</ymin><xmax>56</xmax><ymax>34</ymax></bndbox></object><object><name>proposal</name><bndbox><xmin>243</xmin><ymin>4</ymin><xmax>128</xmax><ymax>87</ymax></bndbox></object><object><name>proposal</name><bndbox><xmin>148</xmin><ymin>54</ymin><xmax>169</xmax><ymax>125</ymax></bndbox></object><object><name>proposal</name><bndbox><xmin>487</xmin><ymin>190</ymin><xmax>39</xmax><ymax>45</ymax></bndbox></object><object><name>proposal</name><bndbox><xmin>482</xmin><ymin>154</ymin><xmax>45</xmax><ymax>49</ymax></bndbox></object><object><name>proposal</name><bndbox><xmin>20</xmin><ymin>188</ymin><xmax>63</xmax><ymax>49</ymax></bndbox></object><object><name>proposal</name><bndbox><xmin>53</xmin><ymin>49</ymin><xmax>85</xmax><ymax>37</ymax></bndbox></object><object><name>proposal</name><bndbox><xmin>193</xmin><ymin>68</ymin><xmax>159</xmax><ymax>121</ymax></bndbox></object><object><name>proposal</name><bndbox><xmin>112</xmin><ymin>55</ymin><xmax>185</xmax><ymax>105</ymax></bndbox></object><object><name>proposal</name><bndbox><xmin>21</xmin><ymin>201</ymin><xmax>89</xmax><ymax>54</ymax></bndbox></object><object><name>proposal</name><bndbox><xmin>83</xmin><ymin>221</ymin><xmax>27</xmax><ymax>45</ymax></bndbox></object><object><name>proposal</name><bndbox><xmin>76</xmin><ymin>209</ymin><xmax>35</xmax><ymax>24</ymax></bndbox></object><object><name>proposal</name><bndbox><xmin>50</xmin><ymin>14</ymin><xmax>45</xmax><ymax>49</ymax></bndbox></object><object><name>proposal</name><bndbox><xmin>128</xmin><ymin>25</ymin><xmax>65</xmax><ymax>41</ymax></bndbox></object><object><name>proposal</name><bndbox><xmin>145</xmin><ymin>66</ymin><xmax>151</xmax><ymax>65</ymax></bndbox></object><object><name>proposal</name><bndbox><xmin>12</xmin><ymin>123</ymin><xmax>101</xmax><ymax>156</ymax></bndbox></object><object><name>proposal</name><bndbox><xmin>149</xmin><ymin>60</ymin><xmax>349</xmax><ymax>240</ymax></bndbox></object><object><name>proposal</name><bndbox><xmin>46</xmin><ymin>49</ymin><xmax>38</xmax><ymax>28</ymax></bndbox></object><object><name>proposal</name><bndbox><xmin>151</xmin><ymin>26</ymin><xmax>42</xmax><ymax>33</ymax></bndbox></object><object><name>proposal</name><bndbox><xmin>33</xmin><ymin>14</ymin><xmax>53</xmax><ymax>49</ymax></bndbox></object><object><name>proposal</name><bndbox><xmin>286</xmin><ymin>169</ymin><xmax>203</xmax><ymax>129</ymax></bndbox></object><object><name>proposal</name><bndbox><xmin>280</xmin><ymin>86</ymin><xmax>106</xmax><ymax>110</ymax></bndbox></object><object><name>proposal</name><bndbox><xmin>498</xmin><ymin>188</ymin><xmax>28</xmax><ymax>61</ymax></bndbox></object><object><name>proposal</name><bndbox><xmin>457</xmin><ymin>132</ymin><xmax>37</xmax><ymax>54</ymax></bndbox></object><object><name>proposal</name><bndbox><xmin>50</xmin><ymin>49</ymin><xmax>54</xmax><ymax>37</ymax></bndbox></object><object><name>proposal</name><bndbox><xmin>219</xmin><ymin>83</ymin><xmax>133</xmax><ymax>93</ymax></bndbox></object><object><name>proposal</name><bndbox><xmin>489</xmin><ymin>140</ymin><xmax>37</xmax><ymax>61</ymax></bndbox></object><object><name>proposal</name><bndbox><xmin>46</xmin><ymin>6</ymin><xmax>38</xmax><ymax>60</ymax></bndbox></object><object><name>proposal</name><bndbox><xmin>53</xmin><ymin>4</ymin><xmax>87</xmax><ymax>59</ymax></bndbox></object><object><name>proposal</name><bndbox><xmin>82</xmin><ymin>207</ymin><xmax>51</xmax><ymax>27</ymax></bndbox></object><object><name>proposal</name><bndbox><xmin>30</xmin><ymin>21</ymin><xmax>73</xmax><ymax>43</ymax></bndbox></object><object><name>proposal</name><bndbox><xmin>416</xmin><ymin>43</ymin><xmax>117</xmax><ymax>159</ymax></bndbox></object><object><name>proposal</name><bndbox><xmin>151</xmin><ymin>11</ymin><xmax>42</xmax><ymax>29</ymax></bndbox></object><object><name>proposal</name><bndbox><xmin>394</xmin><ymin>12</ymin><xmax>108</xmax><ymax>183</ymax></bndbox></object><object><name>proposal</name><bndbox><xmin>478</xmin><ymin>186</ymin><xmax>49</xmax><ymax>57</ymax></bndbox></object><object><name>proposal</name><bndbox><xmin>1</xmin><ymin>7</ymin><xmax>117</xmax><ymax>42</ymax></bndbox></object><object><name>proposal</name><bndbox><xmin>467</xmin><ymin>125</ymin><xmax>64</xmax><ymax>77</ymax></bndbox></object><object><name>proposal</name><bndbox><xmin>9</xmin><ymin>135</ymin><xmax>155</xmax><ymax>120</ymax></bndbox></object><object><name>proposal</name><bndbox><xmin>82</xmin><ymin>185</ymin><xmax>31</xmax><ymax>50</ymax></bndbox></object><object><name>proposal</name><bndbox><xmin>50</xmin><ymin>35</ymin><xmax>47</xmax><ymax>27</ymax></bndbox></object><object><name>proposal</name><bndbox><xmin>221</xmin><ymin>93</ymin><xmax>72</xmax><ymax>80</ymax></bndbox></object><object><name>proposal</name><bndbox><xmin>442</xmin><ymin>83</ymin><xmax>83</xmax><ymax>119</ymax></bndbox></object><object><name>proposal</name><bndbox><xmin>484</xmin><ymin>187</ymin><xmax>41</xmax><ymax>22</ymax></bndbox></object><object><name>proposal</name><bndbox><xmin>13</xmin><ymin>29</ymin><xmax>30</xmax><ymax>71</ymax></bndbox></object><object><name>proposal</name><bndbox><xmin>32</xmin><ymin>39</ymin><xmax>55</xmax><ymax>25</ymax></bndbox></object><object><name>proposal</name><bndbox><xmin>77</xmin><ymin>199</ymin><xmax>46</xmax><ymax>34</ymax></bndbox></object><object><name>proposal</name><bndbox><xmin>4</xmin><ymin>121</ymin><xmax>44</xmax><ymax>115</ymax></bndbox></object><object><name>proposal</name><bndbox><xmin>468</xmin><ymin>191</ymin><xmax>61</xmax><ymax>32</ymax></bndbox></object><object><name>proposal</name><bndbox><xmin>415</xmin><ymin>237</ymin><xmax>38</xmax><ymax>24</ymax></bndbox></object><object><name>proposal</name><bndbox><xmin>451</xmin><ymin>108</ymin><xmax>47</xmax><ymax>84</ymax></bndbox></object><object><name>proposal</name><bndbox><xmin>313</xmin><ymin>1</ymin><xmax>216</xmax><ymax>205</ymax></bndbox></object><object><name>proposal</name><bndbox><xmin>375</xmin><ymin>143</ymin><xmax>84</xmax><ymax>61</ymax></bndbox></object><object><name>proposal</name><bndbox><xmin>20</xmin><ymin>201</ymin><xmax>69</xmax><ymax>45</ymax></bndbox></object><object><name>proposal</name><bndbox><xmin>441</xmin><ymin>117</ymin><xmax>64</xmax><ymax>69</ymax></bndbox></object><object><name>proposal</name><bndbox><xmin>268</xmin><ymin>81</ymin><xmax>84</xmax><ymax>111</ymax></bndbox></object><object><name>proposal</name><bndbox><xmin>85</xmin><ymin>221</ymin><xmax>34</xmax><ymax>50</ymax></bndbox></object><object><name>proposal</name><bndbox><xmin>415</xmin><ymin>226</ymin><xmax>24</xmax><ymax>35</ymax></bndbox></object><object><name>proposal</name><bndbox><xmin>415</xmin><ymin>253</ymin><xmax>24</xmax><ymax>35</ymax></bndbox></object><object><name>proposal</name><bndbox><xmin>456</xmin><ymin>101</ymin><xmax>77</xmax><ymax>100</ymax></bndbox></object><object><name>proposal</name><bndbox><xmin>467</xmin><ymin>142</ymin><xmax>24</xmax><ymax>41</ymax></bndbox></object><object><name>proposal</name><bndbox><xmin>85</xmin><ymin>193</ymin><xmax>42</xmax><ymax>42</ymax></bndbox></object><object><name>proposal</name><bndbox><xmin>59</xmin><ymin>207</ymin><xmax>51</xmax><ymax>27</ymax></bndbox></object><object><name>proposal</name><bndbox><xmin>477</xmin><ymin>191</ymin><xmax>50</xmax><ymax>20</ymax></bndbox></object><object><name>proposal</name><bndbox><xmin>25</xmin><ymin>106</ymin><xmax>45</xmax><ymax>48</ymax></bndbox></object><object><name>proposal</name><bndbox><xmin>115</xmin><ymin>10</ymin><xmax>78</xmax><ymax>59</ymax></bndbox></object><object><name>proposal</name><bndbox><xmin>406</xmin><ymin>253</ymin><xmax>35</xmax><ymax>24</ymax></bndbox></object><object><name>proposal</name><bndbox><xmin>55</xmin><ymin>25</ymin><xmax>50</xmax><ymax>37</ymax></bndbox></object><object><name>proposal</name><bndbox><xmin>8</xmin><ymin>96</ymin><xmax>135</xmax><ymax>67</ymax></bndbox></object><object><name>proposal</name><bndbox><xmin>19</xmin><ymin>29</ymin><xmax>32</xmax><ymax>71</ymax></bndbox></object><object><name>proposal</name><bndbox><xmin>153</xmin><ymin>1</ymin><xmax>116</xmax><ymax>75</ymax></bndbox></object><object><name>proposal</name><bndbox><xmin>201</xmin><ymin>93</ymin><xmax>103</xmax><ymax>53</ymax></bndbox></object><object><name>proposal</name><bndbox><xmin>439</xmin><ymin>81</ymin><xmax>60</xmax><ymax>111</ymax></bndbox></object><object><name>proposal</name><bndbox><xmin>415</xmin><ymin>105</ymin><xmax>49</xmax><ymax>53</ymax></bndbox></object><object><name>proposal</name><bndbox><xmin>337</xmin><ymin>181</ymin><xmax>188</xmax><ymax>93</ymax></bndbox></object><object><name>proposal</name><bndbox><xmin>1</xmin><ymin>1</ymin><xmax>45</xmax><ymax>33</ymax></bndbox></object><object><name>proposal</name><bndbox><xmin>140</xmin><ymin>53</ymin><xmax>123</xmax><ymax>120</ymax></bndbox></object><object><name>proposal</name><bndbox><xmin>13</xmin><ymin>100</ymin><xmax>101</xmax><ymax>58</ymax></bndbox></object><object><name>proposal</name><bndbox><xmin>3</xmin><ymin>89</ymin><xmax>29</xmax><ymax>51</ymax></bndbox></object><object><name>proposal</name><bndbox><xmin>28</xmin><ymin>49</ymin><xmax>59</xmax><ymax>25</ymax></bndbox></object><object><name>proposal</name><bndbox><xmin>21</xmin><ymin>145</ymin><xmax>177</xmax><ymax>93</ymax></bndbox></object><object><name>proposal</name><bndbox><xmin>149</xmin><ymin>26</ymin><xmax>42</xmax><ymax>20</ymax></bndbox></object><object><name>proposal</name><bndbox><xmin>5</xmin><ymin>42</ymin><xmax>49</xmax><ymax>57</ymax></bndbox></object><object><name>proposal</name><bndbox><xmin>5</xmin><ymin>99</ymin><xmax>45</xmax><ymax>45</ymax></bndbox></object><object><name>proposal</name><bndbox><xmin>288</xmin><ymin>118</ymin><xmax>152</xmax><ymax>83</ymax></bndbox></object><object><name>proposal</name><bndbox><xmin>33</xmin><ymin>79</ymin><xmax>39</xmax><ymax>76</ymax></bndbox></object><object><name>proposal</name><bndbox><xmin>53</xmin><ymin>145</ymin><xmax>64</xmax><ymax>89</ymax></bndbox></object><object><name>proposal</name><bndbox><xmin>1</xmin><ymin>6</ymin><xmax>44</xmax><ymax>55</ymax></bndbox></object><object><name>proposal</name><bndbox><xmin>476</xmin><ymin>181</ymin><xmax>50</xmax><ymax>85</ymax></bndbox></object><object><name>proposal</name><bndbox><xmin>415</xmin><ymin>253</ymin><xmax>35</xmax><ymax>28</ymax></bndbox></object><object><name>proposal</name><bndbox><xmin>25</xmin><ymin>116</ymin><xmax>45</xmax><ymax>31</ymax></bndbox></object><object><name>proposal</name><bndbox><xmin>19</xmin><ymin>82</ymin><xmax>49</xmax><ymax>57</ymax></bndbox></object><object><name>proposal</name><bndbox><xmin>221</xmin><ymin>65</ymin><xmax>72</xmax><ymax>80</ymax></bndbox></object><object><name>proposal</name><bndbox><xmin>170</xmin><ymin>13</ymin><xmax>81</xmax><ymax>59</ymax></bndbox></object><object><name>proposal</name><bndbox><xmin>182</xmin><ymin>68</ymin><xmax>115</xmax><ymax>123</ymax></bndbox></object><object><name>proposal</name><bndbox><xmin>25</xmin><ymin>93</ymin><xmax>21</xmax><ymax>54</ymax></bndbox></object><object><name>proposal</name><bndbox><xmin>388</xmin><ymin>95</ymin><xmax>40</xmax><ymax>50</ymax></bndbox></object><object><name>proposal</name><bndbox><xmin>61</xmin><ymin>193</ymin><xmax>55</xmax><ymax>41</ymax></bndbox></object><object><name>proposal</name><bndbox><xmin>315</xmin><ymin>256</ymin><xmax>24</xmax><ymax>32</ymax></bndbox></object><object><name>proposal</name><bndbox><xmin>430</xmin><ymin>112</ymin><xmax>103</xmax><ymax>75</ymax></bndbox></object><object><name>proposal</name><bndbox><xmin>25</xmin><ymin>124</ymin><xmax>50</xmax><ymax>21</ymax></bndbox></object><object><name>proposal</name><bndbox><xmin>83</xmin><ymin>222</ymin><xmax>29</xmax><ymax>69</ymax></bndbox></object><object><name>proposal</name><bndbox><xmin>5</xmin><ymin>106</ymin><xmax>85</xmax><ymax>39</ymax></bndbox></object><object><name>proposal</name><bndbox><xmin>456</xmin><ymin>134</ymin><xmax>68</xmax><ymax>53</ymax></bndbox></object><object><name>proposal</name><bndbox><xmin>85</xmin><ymin>202</ymin><xmax>64</xmax><ymax>33</ymax></bndbox></object><object><name>proposal</name><bndbox><xmin>403</xmin><ymin>233</ymin><xmax>39</xmax><ymax>29</ymax></bndbox></object><object><name>proposal</name><bndbox><xmin>180</xmin><ymin>65</ymin><xmax>122</xmax><ymax>82</ymax></bndbox></object><object><name>proposal</name><bndbox><xmin>18</xmin><ymin>99</ymin><xmax>29</xmax><ymax>45</ymax></bndbox></object><object><name>proposal</name><bndbox><xmin>83</xmin><ymin>151</ymin><xmax>29</xmax><ymax>82</ymax></bndbox></object><object><name>proposal</name><bndbox><xmin>85</xmin><ymin>221</ymin><xmax>45</xmax><ymax>33</ymax></bndbox></object><object><name>proposal</name><bndbox><xmin>381</xmin><ymin>65</ymin><xmax>73</xmax><ymax>93</ymax></bndbox></object><object><name>proposal</name><bndbox><xmin>438</xmin><ymin>192</ymin><xmax>87</xmax><ymax>52</ymax></bndbox></object><object><name>proposal</name><bndbox><xmin>309</xmin><ymin>101</ymin><xmax>102</xmax><ymax>105</ymax></bndbox></object><object><name>proposal</name><bndbox><xmin>219</xmin><ymin>166</ymin><xmax>22</xmax><ymax>32</ymax></bndbox></object><object><name>proposal</name><bndbox><xmin>477</xmin><ymin>184</ymin><xmax>50</xmax><ymax>21</ymax></bndbox></object><object><name>proposal</name><bndbox><xmin>298</xmin><ymin>86</ymin><xmax>54</xmax><ymax>104</ymax></bndbox></object><object><name>proposal</name><bndbox><xmin>74</xmin><ymin>177</ymin><xmax>38</xmax><ymax>60</ymax></bndbox></object><object><name>proposal</name><bndbox><xmin>436</xmin><ymin>50</ymin><xmax>68</xmax><ymax>155</ymax></bndbox></object><object><name>proposal</name><bndbox><xmin>40</xmin><ymin>31</ymin><xmax>66</xmax><ymax>30</ymax></bndbox></object><object><name>proposal</name><bndbox><xmin>162</xmin><ymin>91</ymin><xmax>128</xmax><ymax>83</ymax></bndbox></object><object><name>proposal</name><bndbox><xmin>441</xmin><ymin>137</ymin><xmax>60</xmax><ymax>41</ymax></bndbox></object><object><name>proposal</name><bndbox><xmin>69</xmin><ymin>214</ymin><xmax>42</xmax><ymax>21</ymax></bndbox></object><object><name>proposal</name><bndbox><xmin>393</xmin><ymin>100</ymin><xmax>105</xmax><ymax>58</ymax></bndbox></object><object><name>proposal</name><bndbox><xmin>19</xmin><ymin>199</ymin><xmax>40</xmax><ymax>50</ymax></bndbox></object><object><name>proposal</name><bndbox><xmin>394</xmin><ymin>85</ymin><xmax>65</xmax><ymax>74</ymax></bndbox></object><object><name>proposal</name><bndbox><xmin>415</xmin><ymin>185</ymin><xmax>113</xmax><ymax>82</ymax></bndbox></object><object><name>proposal</name><bndbox><xmin>317</xmin><ymin>268</ymin><xmax>38</xmax><ymax>21</ymax></bndbox></object><object><name>proposal</name><bndbox><xmin>55</xmin><ymin>49</ymin><xmax>51</xmax><ymax>25</ymax></bndbox></object><object><name>proposal</name><bndbox><xmin>1</xmin><ymin>5</ymin><xmax>70</xmax><ymax>44</ymax></bndbox></object><object><name>proposal</name><bndbox><xmin>381</xmin><ymin>80</ymin><xmax>128</xmax><ymax>79</ymax></bndbox></object><object><name>proposal</name><bndbox><xmin>416</xmin><ymin>41</ymin><xmax>57</xmax><ymax>141</ymax></bndbox></object><object><name>proposal</name><bndbox><xmin>416</xmin><ymin>253</ymin><xmax>29</xmax><ymax>42</ymax></bndbox></object><object><name>proposal</name><bndbox><xmin>392</xmin><ymin>253</ymin><xmax>47</xmax><ymax>25</ymax></bndbox></object><object><name>proposal</name><bndbox><xmin>416</xmin><ymin>221</ymin><xmax>29</xmax><ymax>42</ymax></bndbox></object><object><name>proposal</name><bndbox><xmin>11</xmin><ymin>26</ymin><xmax>31</xmax><ymax>31</ymax></bndbox></object><object><name>proposal</name><bndbox><xmin>214</xmin><ymin>175</ymin><xmax>32</xmax><ymax>24</ymax></bndbox></object><object><name>proposal</name><bndbox><xmin>85</xmin><ymin>18</ymin><xmax>107</xmax><ymax>43</ymax></bndbox></object><object><name>proposal</name><bndbox><xmin>451</xmin><ymin>162</ymin><xmax>75</xmax><ymax>117</ymax></bndbox></object><object><name>proposal</name><bndbox><xmin>81</xmin><ymin>221</ymin><xmax>31</xmax><ymax>31</ymax></bndbox></object><object><name>proposal</name><bndbox><xmin>185</xmin><ymin>8</ymin><xmax>133</xmax><ymax>83</ymax></bndbox></object><object><name>proposal</name><bndbox><xmin>220</xmin><ymin>173</ymin><xmax>32</xmax><ymax>26</ymax></bndbox></object><object><name>proposal</name><bndbox><xmin>241</xmin><ymin>43</ymin><xmax>37</xmax><ymax>37</ymax></bndbox></object><object><name>proposal</name><bndbox><xmin>45</xmin><ymin>221</ymin><xmax>65</xmax><ymax>41</ymax></bndbox></object><object><name>proposal</name><bndbox><xmin>51</xmin><ymin>221</ymin><xmax>59</xmax><ymax>25</ymax></bndbox></object><object><name>proposal</name><bndbox><xmin>9</xmin><ymin>131</ymin><xmax>37</xmax><ymax>76</ymax></bndbox></object><object><name>proposal</name><bndbox><xmin>84</xmin><ymin>149</ymin><xmax>41</xmax><ymax>87</ymax></bndbox></object><object><name>proposal</name><bndbox><xmin>392</xmin><ymin>47</ymin><xmax>125</xmax><ymax>131</ymax></bndbox></object><object><name>proposal</name><bndbox><xmin>19</xmin><ymin>109</ymin><xmax>58</xmax><ymax>37</ymax></bndbox></object><object><name>proposal</name><bndbox><xmin>37</xmin><ymin>46</ymin><xmax>50</xmax><ymax>21</ymax></bndbox></object><object><name>proposal</name><bndbox><xmin>6</xmin><ymin>101</ymin><xmax>31</xmax><ymax>31</ymax></bndbox></object><object><name>proposal</name><bndbox><xmin>5</xmin><ymin>94</ymin><xmax>24</xmax><ymax>38</ymax></bndbox></object><object><name>proposal</name><bndbox><xmin>13</xmin><ymin>58</ymin><xmax>24</xmax><ymax>41</ymax></bndbox></object><object><name>proposal</name><bndbox><xmin>13</xmin><ymin>50</ymin><xmax>31</xmax><ymax>45</ymax></bndbox></object><object><name>proposal</name><bndbox><xmin>216</xmin><ymin>191</ymin><xmax>31</xmax><ymax>31</ymax></bndbox></object><object><name>proposal</name><bndbox><xmin>417</xmin><ymin>86</ymin><xmax>77</xmax><ymax>89</ymax></bndbox></object><object><name>proposal</name><bndbox><xmin>386</xmin><ymin>108</ymin><xmax>42</xmax><ymax>27</ymax></bndbox></object><object><name>proposal</name><bndbox><xmin>23</xmin><ymin>39</ymin><xmax>65</xmax><ymax>44</ymax></bndbox></object><object><name>proposal</name><bndbox><xmin>1</xmin><ymin>81</ymin><xmax>31</xmax><ymax>31</ymax></bndbox></object><object><name>proposal</name><bndbox><xmin>118</xmin><ymin>9</ymin><xmax>21</xmax><ymax>50</ymax></bndbox></object><object><name>proposal</name><bndbox><xmin>325</xmin><ymin>1</ymin><xmax>176</xmax><ymax>157</ymax></bndbox></object><object><name>proposal</name><bndbox><xmin>13</xmin><ymin>109</ymin><xmax>40</xmax><ymax>37</ymax></bndbox></object><object><name>proposal</name><bndbox><xmin>496</xmin><ymin>176</ymin><xmax>31</xmax><ymax>31</ymax></bndbox></object><object><name>proposal</name><bndbox><xmin>23</xmin><ymin>121</ymin><xmax>71</xmax><ymax>30</ymax></bndbox></object><object><name>proposal</name><bndbox><xmin>316</xmin><ymin>261</ymin><xmax>31</xmax><ymax>31</ymax></bndbox></object><object><name>proposal</name><bndbox><xmin>19</xmin><ymin>99</ymin><xmax>45</xmax><ymax>48</ymax></bndbox></object><object><name>proposal</name><bndbox><xmin>177</xmin><ymin>29</ymin><xmax>83</xmax><ymax>43</ymax></bndbox></object><object><name>proposal</name><bndbox><xmin>211</xmin><ymin>171</ymin><xmax>31</xmax><ymax>31</ymax></bndbox></object><object><name>proposal</name><bndbox><xmin>397</xmin><ymin>241</ymin><xmax>42</xmax><ymax>21</ymax></bndbox></object><object><name>proposal</name><bndbox><xmin>415</xmin><ymin>212</ymin><xmax>37</xmax><ymax>50</ymax></bndbox></object><object><name>proposal</name><bndbox><xmin>385</xmin><ymin>101</ymin><xmax>46</xmax><ymax>20</ymax></bndbox></object></annotation>