<annotation><folder>Proposals</folder><filename>img-269.jpg</filename><size><width>720</width><height>720</height><depth>3</depth></size><object><name>proposal</name><bndbox><xmin>4</xmin><ymin>231</ymin><xmax>39</xmax><ymax>64</ymax></bndbox></object><object><name>proposal</name><bndbox><xmin>305</xmin><ymin>325</ymin><xmax>84</xmax><ymax>92</ymax></bndbox></object><object><name>proposal</name><bndbox><xmin>270</xmin><ymin>326</ymin><xmax>119</xmax><ymax>72</ymax></bndbox></object><object><name>proposal</name><bndbox><xmin>305</xmin><ymin>326</ymin><xmax>93</xmax><ymax>139</ymax></bndbox></object><object><name>proposal</name><bndbox><xmin>270</xmin><ymin>323</ymin><xmax>121</xmax><ymax>115</ymax></bndbox></object><object><name>proposal</name><bndbox><xmin>305</xmin><ymin>301</ymin><xmax>84</xmax><ymax>88</ymax></bndbox></object><object><name>proposal</name><bndbox><xmin>585</xmin><ymin>493</ymin><xmax>85</xmax><ymax>61</ymax></bndbox></object><object><name>proposal</name><bndbox><xmin>638</xmin><ymin>466</ymin><xmax>77</xmax><ymax>86</ymax></bndbox></object><object><name>proposal</name><bndbox><xmin>234</xmin><ymin>326</ymin><xmax>157</xmax><ymax>89</ymax></bndbox></object><object><name>proposal</name><bndbox><xmin>6</xmin><ymin>228</ymin><xmax>136</xmax><ymax>68</ymax></bndbox></object><object><name>proposal</name><bndbox><xmin>6</xmin><ymin>232</ymin><xmax>54</xmax><ymax>64</ymax></bndbox></object><object><name>proposal</name><bndbox><xmin>640</xmin><ymin>492</ymin><xmax>57</xmax><ymax>61</ymax></bndbox></object><object><name>proposal</name><bndbox><xmin>610</xmin><ymin>447</ymin><xmax>41</xmax><ymax>65</ymax></bndbox></object><object><name>proposal</name><bndbox><xmin>3</xmin><ymin>195</ymin><xmax>44</xmax><ymax>100</ymax></bndbox></object><object><name>proposal</name><bndbox><xmin>565</xmin><ymin>480</ymin><xmax>106</xmax><ymax>93</ymax></bndbox></object><object><name>proposal</name><bndbox><xmin>641</xmin><ymin>502</ymin><xmax>73</xmax><ymax>50</ymax></bndbox></object><object><name>proposal</name><bndbox><xmin>305</xmin><ymin>326</ymin><xmax>114</xmax><ymax>77</ymax></bndbox></object><object><name>proposal</name><bndbox><xmin>610</xmin><ymin>480</ymin><xmax>48</xmax><ymax>39</ymax></bndbox></object><object><name>proposal</name><bndbox><xmin>609</xmin><ymin>466</ymin><xmax>107</xmax><ymax>48</ymax></bndbox></object><object><name>proposal</name><bndbox><xmin>610</xmin><ymin>478</ymin><xmax>51</xmax><ymax>69</ymax></bndbox></object><object><name>proposal</name><bndbox><xmin>609</xmin><ymin>447</ymin><xmax>106</xmax><ymax>106</ymax></bndbox></object><object><name>proposal</name><bndbox><xmin>610</xmin><ymin>453</ymin><xmax>65</xmax><ymax>101</ymax></bndbox></object><object><name>proposal</name><bndbox><xmin>589</xmin><ymin>480</ymin><xmax>81</xmax><ymax>135</ymax></bndbox></object><object><name>proposal</name><bndbox><xmin>266</xmin><ymin>316</ymin><xmax>123</xmax><ymax>178</ymax></bndbox></object><object><name>proposal</name><bndbox><xmin>293</xmin><ymin>325</ymin><xmax>103</xmax><ymax>196</ymax></bndbox></object><object><name>proposal</name><bndbox><xmin>305</xmin><ymin>176</ymin><xmax>85</xmax><ymax>215</ymax></bndbox></object><object><name>proposal</name><bndbox><xmin>642</xmin><ymin>469</ymin><xmax>49</xmax><ymax>83</ymax></bndbox></object><object><name>proposal</name><bndbox><xmin>227</xmin><ymin>326</ymin><xmax>164</xmax><ymax>140</ymax></bndbox></object><object><name>proposal</name><bndbox><xmin>562</xmin><ymin>480</ymin><xmax>70</xmax><ymax>41</ymax></bndbox></object><object><name>proposal</name><bndbox><xmin>613</xmin><ymin>494</ymin><xmax>45</xmax><ymax>45</ymax></bndbox></object><object><name>proposal</name><bndbox><xmin>608</xmin><ymin>440</ymin><xmax>59</xmax><ymax>74</ymax></bndbox></object><object><name>proposal</name><bndbox><xmin>4</xmin><ymin>231</ymin><xmax>146</xmax><ymax>91</ymax></bndbox></object><object><name>proposal</name><bndbox><xmin>7</xmin><ymin>580</ymin><xmax>24</xmax><ymax>32</ymax></bndbox></object><object><name>proposal</name><bndbox><xmin>5</xmin><ymin>186</ymin><xmax>119</xmax><ymax>111</ymax></bndbox></object><object><name>proposal</name><bndbox><xmin>5</xmin><ymin>213</ymin><xmax>100</xmax><ymax>84</ymax></bndbox></object><object><name>proposal</name><bndbox><xmin>595</xmin><ymin>478</ymin><xmax>34</xmax><ymax>34</ymax></bndbox></object><object><name>proposal</name><bndbox><xmin>3</xmin><ymin>229</ymin><xmax>44</xmax><ymax>117</ymax></bndbox></object><object><name>proposal</name><bndbox><xmin>624</xmin><ymin>491</ymin><xmax>47</xmax><ymax>63</ymax></bndbox></object><object><name>proposal</name><bndbox><xmin>196</xmin><ymin>320</ymin><xmax>193</xmax><ymax>110</ymax></bndbox></object><object><name>proposal</name><bndbox><xmin>646</xmin><ymin>505</ymin><xmax>37</xmax><ymax>50</ymax></bndbox></object><object><name>proposal</name><bndbox><xmin>546</xmin><ymin>493</ymin><xmax>125</xmax><ymax>65</ymax></bndbox></object><object><name>proposal</name><bndbox><xmin>565</xmin><ymin>7</ymin><xmax>85</xmax><ymax>78</ymax></bndbox></object><object><name>proposal</name><bndbox><xmin>679</xmin><ymin>445</ymin><xmax>34</xmax><ymax>37</ymax></bndbox></object><object><name>proposal</name><bndbox><xmin>581</xmin><ymin>478</ymin><xmax>49</xmax><ymax>49</ymax></bndbox></object><object><name>proposal</name><bndbox><xmin>610</xmin><ymin>475</ymin><xmax>37</xmax><ymax>37</ymax></bndbox></object><object><name>proposal</name><bndbox><xmin>577</xmin><ymin>478</ymin><xmax>54</xmax><ymax>34</ymax></bndbox></object><object><name>proposal</name><bndbox><xmin>595</xmin><ymin>480</ymin><xmax>66</xmax><ymax>94</ymax></bndbox></object><object><name>proposal</name><bndbox><xmin>304</xmin><ymin>186</ymin><xmax>126</xmax><ymax>203</ymax></bndbox></object><object><name>proposal</name><bndbox><xmin>305</xmin><ymin>297</ymin><xmax>123</xmax><ymax>94</ymax></bndbox></object><object><name>proposal</name><bndbox><xmin>610</xmin><ymin>417</ymin><xmax>73</xmax><ymax>135</ymax></bndbox></object><object><name>proposal</name><bndbox><xmin>304</xmin><ymin>320</ymin><xmax>129</xmax><ymax>157</ymax></bndbox></object><object><name>proposal</name><bndbox><xmin>609</xmin><ymin>477</ymin><xmax>83</xmax><ymax>43</ymax></bndbox></object><object><name>proposal</name><bndbox><xmin>569</xmin><ymin>4</ymin><xmax>106</xmax><ymax>97</ymax></bndbox></object><object><name>proposal</name><bndbox><xmin>593</xmin><ymin>499</ymin><xmax>77</xmax><ymax>89</ymax></bndbox></object><object><name>proposal</name><bndbox><xmin>7</xmin><ymin>583</ymin><xmax>34</xmax><ymax>34</ymax></bndbox></object><object><name>proposal</name><bndbox><xmin>3</xmin><ymin>162</ymin><xmax>53</xmax><ymax>135</ymax></bndbox></object><object><name>proposal</name><bndbox><xmin>301</xmin><ymin>325</ymin><xmax>188</xmax><ymax>141</ymax></bndbox></object><object><name>proposal</name><bndbox><xmin>1</xmin><ymin>214</ymin><xmax>197</xmax><ymax>80</ymax></bndbox></object><object><name>proposal</name><bndbox><xmin>609</xmin><ymin>440</ymin><xmax>106</xmax><ymax>79</ymax></bndbox></object><object><name>proposal</name><bndbox><xmin>606</xmin><ymin>467</ymin><xmax>65</xmax><ymax>47</ymax></bndbox></object><object><name>proposal</name><bndbox><xmin>305</xmin><ymin>268</ymin><xmax>85</xmax><ymax>136</ymax></bndbox></object><object><name>proposal</name><bndbox><xmin>581</xmin><ymin>511</ymin><xmax>91</xmax><ymax>41</ymax></bndbox></object><object><name>proposal</name><bndbox><xmin>653</xmin><ymin>25</ymin><xmax>46</xmax><ymax>21</ymax></bndbox></object><object><name>proposal</name><bndbox><xmin>613</xmin><ymin>493</ymin><xmax>47</xmax><ymax>71</ymax></bndbox></object><object><name>proposal</name><bndbox><xmin>5</xmin><ymin>131</ymin><xmax>68</xmax><ymax>165</ymax></bndbox></object><object><name>proposal</name><bndbox><xmin>651</xmin><ymin>25</ymin><xmax>24</xmax><ymax>35</ymax></bndbox></object><object><name>proposal</name><bndbox><xmin>536</xmin><ymin>479</ymin><xmax>135</xmax><ymax>116</ymax></bndbox></object><object><name>proposal</name><bndbox><xmin>595</xmin><ymin>480</ymin><xmax>63</xmax><ymax>57</ymax></bndbox></object><object><name>proposal</name><bndbox><xmin>13</xmin><ymin>234</ymin><xmax>101</xmax><ymax>59</ymax></bndbox></object><object><name>proposal</name><bndbox><xmin>7</xmin><ymin>232</ymin><xmax>60</xmax><ymax>165</ymax></bndbox></object><object><name>proposal</name><bndbox><xmin>5</xmin><ymin>194</ymin><xmax>156</xmax><ymax>132</ymax></bndbox></object><object><name>proposal</name><bndbox><xmin>601</xmin><ymin>502</ymin><xmax>69</xmax><ymax>64</ymax></bndbox></object><object><name>proposal</name><bndbox><xmin>266</xmin><ymin>166</ymin><xmax>123</xmax><ymax>223</ymax></bndbox></object><object><name>proposal</name><bndbox><xmin>304</xmin><ymin>247</ymin><xmax>80</xmax><ymax>117</ymax></bndbox></object><object><name>proposal</name><bndbox><xmin>276</xmin><ymin>325</ymin><xmax>162</xmax><ymax>121</ymax></bndbox></object><object><name>proposal</name><bndbox><xmin>5</xmin><ymin>161</ymin><xmax>156</xmax><ymax>136</ymax></bndbox></object><object><name>proposal</name><bndbox><xmin>608</xmin><ymin>392</ymin><xmax>105</xmax><ymax>163</ymax></bndbox></object><object><name>proposal</name><bndbox><xmin>571</xmin><ymin>465</ymin><xmax>57</xmax><ymax>60</ymax></bndbox></object><object><name>proposal</name><bndbox><xmin>629</xmin><ymin>461</ymin><xmax>41</xmax><ymax>91</ymax></bndbox></object><object><name>proposal</name><bndbox><xmin>302</xmin><ymin>323</ymin><xmax>115</xmax><ymax>246</ymax></bndbox></object><object><name>proposal</name><bndbox><xmin>4</xmin><ymin>211</ymin><xmax>144</xmax><ymax>151</ymax></bndbox></object><object><name>proposal</name><bndbox><xmin>595</xmin><ymin>502</ymin><xmax>65</xmax><ymax>44</ymax></bndbox></object><object><name>proposal</name><bndbox><xmin>610</xmin><ymin>413</ymin><xmax>42</xmax><ymax>100</ymax></bndbox></object><object><name>proposal</name><bndbox><xmin>7</xmin><ymin>232</ymin><xmax>117</xmax><ymax>156</ymax></bndbox></object><object><name>proposal</name><bndbox><xmin>267</xmin><ymin>326</ymin><xmax>160</xmax><ymax>197</ymax></bndbox></object><object><name>proposal</name><bndbox><xmin>310</xmin><ymin>345</ymin><xmax>75</xmax><ymax>57</ymax></bndbox></object><object><name>proposal</name><bndbox><xmin>6</xmin><ymin>571</ymin><xmax>33</xmax><ymax>42</ymax></bndbox></object><object><name>proposal</name><bndbox><xmin>7</xmin><ymin>229</ymin><xmax>69</xmax><ymax>124</ymax></bndbox></object><object><name>proposal</name><bndbox><xmin>304</xmin><ymin>283</ymin><xmax>253</xmax><ymax>107</ymax></bndbox></object><object><name>proposal</name><bndbox><xmin>607</xmin><ymin>477</ymin><xmax>21</xmax><ymax>38</ymax></bndbox></object><object><name>proposal</name><bndbox><xmin>581</xmin><ymin>511</ymin><xmax>89</xmax><ymax>63</ymax></bndbox></object><object><name>proposal</name><bndbox><xmin>557</xmin><ymin>466</ymin><xmax>75</xmax><ymax>49</ymax></bndbox></object><object><name>proposal</name><bndbox><xmin>4</xmin><ymin>116</ymin><xmax>129</xmax><ymax>178</ymax></bndbox></object><object><name>proposal</name><bndbox><xmin>200</xmin><ymin>298</ymin><xmax>191</xmax><ymax>91</ymax></bndbox></object><object><name>proposal</name><bndbox><xmin>5</xmin><ymin>231</ymin><xmax>384</xmax><ymax>158</ymax></bndbox></object><object><name>proposal</name><bndbox><xmin>640</xmin><ymin>25</ymin><xmax>35</xmax><ymax>28</ymax></bndbox></object><object><name>proposal</name><bndbox><xmin>592</xmin><ymin>437</ymin><xmax>65</xmax><ymax>77</ymax></bndbox></object><object><name>proposal</name><bndbox><xmin>559</xmin><ymin>480</ymin><xmax>114</xmax><ymax>179</ymax></bndbox></object><object><name>proposal</name><bndbox><xmin>304</xmin><ymin>324</ymin><xmax>184</xmax><ymax>236</ymax></bndbox></object><object><name>proposal</name><bndbox><xmin>5</xmin><ymin>214</ymin><xmax>38</xmax><ymax>21</ymax></bndbox></object><object><name>proposal</name><bndbox><xmin>351</xmin><ymin>346</ymin><xmax>24</xmax><ymax>32</ymax></bndbox></object><object><name>proposal</name><bndbox><xmin>644</xmin><ymin>505</ymin><xmax>76</xmax><ymax>71</ymax></bndbox></object><object><name>proposal</name><bndbox><xmin>652</xmin><ymin>25</ymin><xmax>45</xmax><ymax>39</ymax></bndbox></object><object><name>proposal</name><bndbox><xmin>595</xmin><ymin>478</ymin><xmax>34</xmax><ymax>58</ymax></bndbox></object><object><name>proposal</name><bndbox><xmin>652</xmin><ymin>25</ymin><xmax>32</xmax><ymax>28</ymax></bndbox></object><object><name>proposal</name><bndbox><xmin>634</xmin><ymin>417</ymin><xmax>81</xmax><ymax>135</ymax></bndbox></object><object><name>proposal</name><bndbox><xmin>167</xmin><ymin>326</ymin><xmax>222</xmax><ymax>174</ymax></bndbox></object><object><name>proposal</name><bndbox><xmin>468</xmin><ymin>473</ymin><xmax>203</xmax><ymax>79</ymax></bndbox></object><object><name>proposal</name><bndbox><xmin>616</xmin><ymin>490</ymin><xmax>54</xmax><ymax>105</ymax></bndbox></object><object><name>proposal</name><bndbox><xmin>230</xmin><ymin>324</ymin><xmax>159</xmax><ymax>236</ymax></bndbox></object><object><name>proposal</name><bndbox><xmin>183</xmin><ymin>13</ymin><xmax>22</xmax><ymax>35</ymax></bndbox></object><object><name>proposal</name><bndbox><xmin>5</xmin><ymin>580</ymin><xmax>46</xmax><ymax>34</ymax></bndbox></object><object><name>proposal</name><bndbox><xmin>595</xmin><ymin>414</ymin><xmax>120</xmax><ymax>108</ymax></bndbox></object><object><name>proposal</name><bndbox><xmin>301</xmin><ymin>231</ymin><xmax>228</xmax><ymax>158</ymax></bndbox></object><object><name>proposal</name><bndbox><xmin>568</xmin><ymin>479</ymin><xmax>64</xmax><ymax>64</ymax></bndbox></object><object><name>proposal</name><bndbox><xmin>5</xmin><ymin>229</ymin><xmax>92</xmax><ymax>100</ymax></bndbox></object><object><name>proposal</name><bndbox><xmin>622</xmin><ymin>476</ymin><xmax>71</xmax><ymax>77</ymax></bndbox></object><object><name>proposal</name><bndbox><xmin>506</xmin><ymin>493</ymin><xmax>165</xmax><ymax>81</ymax></bndbox></object><object><name>proposal</name><bndbox><xmin>414</xmin><ymin>426</ymin><xmax>71</xmax><ymax>32</ymax></bndbox></object><object><name>proposal</name><bndbox><xmin>671</xmin><ymin>429</ymin><xmax>45</xmax><ymax>57</ymax></bndbox></object><object><name>proposal</name><bndbox><xmin>679</xmin><ymin>414</ymin><xmax>35</xmax><ymax>73</ymax></bndbox></object><object><name>proposal</name><bndbox><xmin>546</xmin><ymin>6</ymin><xmax>109</xmax><ymax>110</ymax></bndbox></object><object><name>proposal</name><bndbox><xmin>640</xmin><ymin>464</ymin><xmax>80</xmax><ymax>144</ymax></bndbox></object><object><name>proposal</name><bndbox><xmin>616</xmin><ymin>493</ymin><xmax>41</xmax><ymax>28</ymax></bndbox></object><object><name>proposal</name><bndbox><xmin>95</xmin><ymin>310</ymin><xmax>295</xmax><ymax>107</ymax></bndbox></object><object><name>proposal</name><bndbox><xmin>646</xmin><ymin>1</ymin><xmax>31</xmax><ymax>34</ymax></bndbox></object><object><name>proposal</name><bndbox><xmin>599</xmin><ymin>417</ymin><xmax>44</xmax><ymax>95</ymax></bndbox></object><object><name>proposal</name><bndbox><xmin>523</xmin><ymin>461</ymin><xmax>119</xmax><ymax>60</ymax></bndbox></object><object><name>proposal</name><bndbox><xmin>608</xmin><ymin>508</ymin><xmax>50</xmax><ymax>40</ymax></bndbox></object><object><name>proposal</name><bndbox><xmin>610</xmin><ymin>336</ymin><xmax>76</xmax><ymax>217</ymax></bndbox></object><object><name>proposal</name><bndbox><xmin>579</xmin><ymin>443</ymin><xmax>94</xmax><ymax>112</ymax></bndbox></object><object><name>proposal</name><bndbox><xmin>617</xmin><ymin>506</ymin><xmax>42</xmax><ymax>31</ymax></bndbox></object><object><name>proposal</name><bndbox><xmin>303</xmin><ymin>325</ymin><xmax>369</xmax><ymax>227</ymax></bndbox></object><object><name>proposal</name><bndbox><xmin>81</xmin><ymin>284</ymin><xmax>309</xmax><ymax>107</ymax></bndbox></object><object><name>proposal</name><bndbox><xmin>304</xmin><ymin>290</ymin><xmax>157</xmax><ymax>116</ymax></bndbox></object><object><name>proposal</name><bndbox><xmin>311</xmin><ymin>337</ymin><xmax>64</xmax><ymax>93</ymax></bndbox></object><object><name>proposal</name><bndbox><xmin>609</xmin><ymin>389</ymin><xmax>55</xmax><ymax>131</ymax></bndbox></object><object><name>proposal</name><bndbox><xmin>603</xmin><ymin>464</ymin><xmax>25</xmax><ymax>51</ymax></bndbox></object><object><name>proposal</name><bndbox><xmin>676</xmin><ymin>463</ymin><xmax>38</xmax><ymax>65</ymax></bndbox></object><object><name>proposal</name><bndbox><xmin>537</xmin><ymin>476</ymin><xmax>100</xmax><ymax>48</ymax></bndbox></object><object><name>proposal</name><bndbox><xmin>305</xmin><ymin>296</ymin><xmax>325</xmax><ymax>121</ymax></bndbox></object><object><name>proposal</name><bndbox><xmin>4</xmin><ymin>213</ymin><xmax>229</xmax><ymax>117</ymax></bndbox></object><object><name>proposal</name><bndbox><xmin>645</xmin><ymin>501</ymin><xmax>45</xmax><ymax>45</ymax></bndbox></object><object><name>proposal</name><bndbox><xmin>5</xmin><ymin>202</ymin><xmax>28</xmax><ymax>32</ymax></bndbox></object><object><name>proposal</name><bndbox><xmin>570</xmin><ymin>465</ymin><xmax>143</xmax><ymax>87</ymax></bndbox></object><object><name>proposal</name><bndbox><xmin>637</xmin><ymin>13</ymin><xmax>38</xmax><ymax>21</ymax></bndbox></object><object><name>proposal</name><bndbox><xmin>606</xmin><ymin>491</ymin><xmax>65</xmax><ymax>157</ymax></bndbox></object><object><name>proposal</name><bndbox><xmin>568</xmin><ymin>7</ymin><xmax>130</xmax><ymax>129</ymax></bndbox></object><object><name>proposal</name><bndbox><xmin>355</xmin><ymin>367</ymin><xmax>22</xmax><ymax>38</ymax></bndbox></object><object><name>proposal</name><bndbox><xmin>172</xmin><ymin>13</ymin><xmax>32</xmax><ymax>28</ymax></bndbox></object><object><name>proposal</name><bndbox><xmin>608</xmin><ymin>253</ymin><xmax>105</xmax><ymax>301</ymax></bndbox></object><object><name>proposal</name><bndbox><xmin>446</xmin><ymin>460</ymin><xmax>227</xmax><ymax>110</ymax></bndbox></object><object><name>proposal</name><bndbox><xmin>653</xmin><ymin>13</ymin><xmax>38</xmax><ymax>21</ymax></bndbox></object><object><name>proposal</name><bndbox><xmin>524</xmin><ymin>446</ymin><xmax>147</xmax><ymax>117</ymax></bndbox></object><object><name>proposal</name><bndbox><xmin>313</xmin><ymin>344</ymin><xmax>73</xmax><ymax>35</ymax></bndbox></object><object><name>proposal</name><bndbox><xmin>591</xmin><ymin>336</ymin><xmax>122</xmax><ymax>219</ymax></bndbox></object><object><name>proposal</name><bndbox><xmin>621</xmin><ymin>494</ymin><xmax>31</xmax><ymax>39</ymax></bndbox></object><object><name>proposal</name><bndbox><xmin>679</xmin><ymin>467</ymin><xmax>35</xmax><ymax>22</ymax></bndbox></object><object><name>proposal</name><bndbox><xmin>224</xmin><ymin>326</ymin><xmax>264</xmax><ymax>174</ymax></bndbox></object><object><name>proposal</name><bndbox><xmin>247</xmin><ymin>293</ymin><xmax>142</xmax><ymax>139</ymax></bndbox></object><object><name>proposal</name><bndbox><xmin>303</xmin><ymin>298</ymin><xmax>341</xmax><ymax>176</ymax></bndbox></object><object><name>proposal</name><bndbox><xmin>601</xmin><ymin>480</ymin><xmax>29</xmax><ymax>45</ymax></bndbox></object><object><name>proposal</name><bndbox><xmin>516</xmin><ymin>7</ymin><xmax>182</xmax><ymax>94</ymax></bndbox></object><object><name>proposal</name><bndbox><xmin>557</xmin><ymin>445</ymin><xmax>72</xmax><ymax>76</ymax></bndbox></object><object><name>proposal</name><bndbox><xmin>328</xmin><ymin>277</ymin><xmax>31</xmax><ymax>34</ymax></bndbox></object><object><name>proposal</name><bndbox><xmin>313</xmin><ymin>339</ymin><xmax>45</xmax><ymax>81</ymax></bndbox></object><object><name>proposal</name><bndbox><xmin>442</xmin><ymin>425</ymin><xmax>43</xmax><ymax>75</ymax></bndbox></object><object><name>proposal</name><bndbox><xmin>6</xmin><ymin>578</ymin><xmax>32</xmax><ymax>56</ymax></bndbox></object><object><name>proposal</name><bndbox><xmin>564</xmin><ymin>432</ymin><xmax>149</xmax><ymax>83</ymax></bndbox></object><object><name>proposal</name><bndbox><xmin>653</xmin><ymin>7</ymin><xmax>47</xmax><ymax>27</ymax></bndbox></object><object><name>proposal</name><bndbox><xmin>594</xmin><ymin>389</ymin><xmax>57</xmax><ymax>127</ymax></bndbox></object><object><name>proposal</name><bndbox><xmin>287</xmin><ymin>64</ymin><xmax>122</xmax><ymax>325</ymax></bndbox></object><object><name>proposal</name><bndbox><xmin>305</xmin><ymin>261</ymin><xmax>139</xmax><ymax>104</ymax></bndbox></object><object><name>proposal</name><bndbox><xmin>609</xmin><ymin>466</ymin><xmax>104</xmax><ymax>118</ymax></bndbox></object><object><name>proposal</name><bndbox><xmin>646</xmin><ymin>23</ymin><xmax>31</xmax><ymax>46</ymax></bndbox></object><object><name>proposal</name><bndbox><xmin>305</xmin><ymin>294</ymin><xmax>81</xmax><ymax>56</ymax></bndbox></object><object><name>proposal</name><bndbox><xmin>5</xmin><ymin>209</ymin><xmax>188</xmax><ymax>179</ymax></bndbox></object><object><name>proposal</name><bndbox><xmin>588</xmin><ymin>445</ymin><xmax>41</xmax><ymax>79</ymax></bndbox></object><object><name>proposal</name><bndbox><xmin>592</xmin><ymin>306</ymin><xmax>78</xmax><ymax>247</ymax></bndbox></object><object><name>proposal</name><bndbox><xmin>348</xmin><ymin>368</ymin><xmax>27</xmax><ymax>39</ymax></bndbox></object><object><name>proposal</name><bndbox><xmin>303</xmin><ymin>194</ymin><xmax>410</xmax><ymax>361</ymax></bndbox></object><object><name>proposal</name><bndbox><xmin>5</xmin><ymin>208</ymin><xmax>28</xmax><ymax>35</ymax></bndbox></object><object><name>proposal</name><bndbox><xmin>528</xmin><ymin>432</ymin><xmax>115</xmax><ymax>92</ymax></bndbox></object><object><name>proposal</name><bndbox><xmin>640</xmin><ymin>499</ymin><xmax>56</xmax><ymax>96</ymax></bndbox></object><object><name>proposal</name><bndbox><xmin>5</xmin><ymin>563</ymin><xmax>45</xmax><ymax>49</ymax></bndbox></object><object><name>proposal</name><bndbox><xmin>634</xmin><ymin>25</ymin><xmax>64</xmax><ymax>33</ymax></bndbox></object><object><name>proposal</name><bndbox><xmin>327</xmin><ymin>351</ymin><xmax>48</xmax><ymax>33</ymax></bndbox></object><object><name>proposal</name><bndbox><xmin>457</xmin><ymin>426</ymin><xmax>98</xmax><ymax>57</ymax></bndbox></object><object><name>proposal</name><bndbox><xmin>184</xmin><ymin>13</ymin><xmax>31</xmax><ymax>37</ymax></bndbox></object><object><name>proposal</name><bndbox><xmin>7</xmin><ymin>583</ymin><xmax>64</xmax><ymax>33</ymax></bndbox></object><object><name>proposal</name><bndbox><xmin>302</xmin><ymin>298</ymin><xmax>215</xmax><ymax>122</ymax></bndbox></object><object><name>proposal</name><bndbox><xmin>456</xmin><ymin>426</ymin><xmax>202</xmax><ymax>95</ymax></bndbox></object><object><name>proposal</name><bndbox><xmin>309</xmin><ymin>351</ymin><xmax>65</xmax><ymax>41</ymax></bndbox></object><object><name>proposal</name><bndbox><xmin>616</xmin><ymin>499</ymin><xmax>41</xmax><ymax>28</ymax></bndbox></object><object><name>proposal</name><bndbox><xmin>662</xmin><ymin>467</ymin><xmax>51</xmax><ymax>25</ymax></bndbox></object><object><name>proposal</name><bndbox><xmin>429</xmin><ymin>424</ymin><xmax>57</xmax><ymax>57</ymax></bndbox></object><object><name>proposal</name><bndbox><xmin>297</xmin><ymin>339</ymin><xmax>90</xmax><ymax>53</ymax></bndbox></object><object><name>proposal</name><bndbox><xmin>458</xmin><ymin>378</ymin><xmax>32</xmax><ymax>79</ymax></bndbox></object><object><name>proposal</name><bndbox><xmin>64</xmin><ymin>287</ymin><xmax>325</xmax><ymax>154</ymax></bndbox></object><object><name>proposal</name><bndbox><xmin>299</xmin><ymin>158</ymin><xmax>270</xmax><ymax>241</ymax></bndbox></object><object><name>proposal</name><bndbox><xmin>402</xmin><ymin>426</ymin><xmax>268</xmax><ymax>127</ymax></bndbox></object><object><name>proposal</name><bndbox><xmin>679</xmin><ymin>457</ymin><xmax>41</xmax><ymax>26</ymax></bndbox></object><object><name>proposal</name><bndbox><xmin>593</xmin><ymin>494</ymin><xmax>87</xmax><ymax>182</ymax></bndbox></object><object><name>proposal</name><bndbox><xmin>654</xmin><ymin>203</ymin><xmax>57</xmax><ymax>80</ymax></bndbox></object><object><name>proposal</name><bndbox><xmin>622</xmin><ymin>443</ymin><xmax>35</xmax><ymax>73</ymax></bndbox></object><object><name>proposal</name><bndbox><xmin>639</xmin><ymin>477</ymin><xmax>69</xmax><ymax>103</ymax></bndbox></object><object><name>proposal</name><bndbox><xmin>563</xmin><ymin>480</ymin><xmax>69</xmax><ymax>94</ymax></bndbox></object><object><name>proposal</name><bndbox><xmin>645</xmin><ymin>463</ymin><xmax>69</xmax><ymax>64</ymax></bndbox></object><object><name>proposal</name><bndbox><xmin>532</xmin><ymin>194</ymin><xmax>34</xmax><ymax>46</ymax></bndbox></object><object><name>proposal</name><bndbox><xmin>64</xmin><ymin>325</ymin><xmax>325</xmax><ymax>148</ymax></bndbox></object><object><name>proposal</name><bndbox><xmin>528</xmin><ymin>253</ymin><xmax>186</xmax><ymax>299</ymax></bndbox></object><object><name>proposal</name><bndbox><xmin>356</xmin><ymin>356</ymin><xmax>31</xmax><ymax>31</ymax></bndbox></object><object><name>proposal</name><bndbox><xmin>451</xmin><ymin>424</ymin><xmax>34</xmax><ymax>58</ymax></bndbox></object><object><name>proposal</name><bndbox><xmin>626</xmin><ymin>495</ymin><xmax>31</xmax><ymax>51</ymax></bndbox></object><object><name>proposal</name><bndbox><xmin>626</xmin><ymin>25</ymin><xmax>51</xmax><ymax>25</ymax></bndbox></object><object><name>proposal</name><bndbox><xmin>352</xmin><ymin>367</ymin><xmax>34</xmax><ymax>37</ymax></bndbox></object><object><name>proposal</name><bndbox><xmin>654</xmin><ymin>252</ymin><xmax>57</xmax><ymax>94</ymax></bndbox></object><object><name>proposal</name><bndbox><xmin>634</xmin><ymin>25</ymin><xmax>42</xmax><ymax>39</ymax></bndbox></object><object><name>proposal</name><bndbox><xmin>668</xmin><ymin>465</ymin><xmax>45</xmax><ymax>81</ymax></bndbox></object><object><name>proposal</name><bndbox><xmin>442</xmin><ymin>426</ymin><xmax>45</xmax><ymax>33</ymax></bndbox></object><object><name>proposal</name><bndbox><xmin>591</xmin><ymin>478</ymin><xmax>62</xmax><ymax>37</ymax></bndbox></object><object><name>proposal</name><bndbox><xmin>609</xmin><ymin>456</ymin><xmax>27</xmax><ymax>59</ymax></bndbox></object><object><name>proposal</name><bndbox><xmin>582</xmin><ymin>454</ymin><xmax>69</xmax><ymax>59</ymax></bndbox></object><object><name>proposal</name><bndbox><xmin>497</xmin><ymin>460</ymin><xmax>173</xmax><ymax>201</ymax></bndbox></object><object><name>proposal</name><bndbox><xmin>526</xmin><ymin>449</ymin><xmax>32</xmax><ymax>26</ymax></bndbox></object><object><name>proposal</name><bndbox><xmin>597</xmin><ymin>383</ymin><xmax>86</xmax><ymax>138</ymax></bndbox></object><object><name>proposal</name><bndbox><xmin>165</xmin><ymin>14</ymin><xmax>42</xmax><ymax>20</ymax></bndbox></object><object><name>proposal</name><bndbox><xmin>565</xmin><ymin>386</ymin><xmax>91</xmax><ymax>131</ymax></bndbox></object><object><name>proposal</name><bndbox><xmin>335</xmin><ymin>301</ymin><xmax>24</xmax><ymax>35</ymax></bndbox></object><object><name>proposal</name><bndbox><xmin>330</xmin><ymin>344</ymin><xmax>45</xmax><ymax>33</ymax></bndbox></object><object><name>proposal</name><bndbox><xmin>645</xmin><ymin>25</ymin><xmax>38</xmax><ymax>21</ymax></bndbox></object><object><name>proposal</name><bndbox><xmin>651</xmin><ymin>6</ymin><xmax>31</xmax><ymax>31</ymax></bndbox></object><object><name>proposal</name><bndbox><xmin>600</xmin><ymin>516</ymin><xmax>61</xmax><ymax>30</ymax></bndbox></object><object><name>proposal</name><bndbox><xmin>456</xmin><ymin>418</ymin><xmax>85</xmax><ymax>39</ymax></bndbox></object><object><name>proposal</name><bndbox><xmin>527</xmin><ymin>451</ymin><xmax>47</xmax><ymax>23</ymax></bndbox></object><object><name>proposal</name><bndbox><xmin>642</xmin><ymin>508</ymin><xmax>48</xmax><ymax>29</ymax></bndbox></object><object><name>proposal</name><bndbox><xmin>5</xmin><ymin>208</ymin><xmax>46</xmax><ymax>31</ymax></bndbox></object><object><name>proposal</name><bndbox><xmin>662</xmin><ymin>455</ymin><xmax>51</xmax><ymax>27</ymax></bndbox></object><object><name>proposal</name><bndbox><xmin>4</xmin><ymin>144</ymin><xmax>469</xmax><ymax>245</ymax></bndbox></object><object><name>proposal</name><bndbox><xmin>647</xmin><ymin>427</ymin><xmax>66</xmax><ymax>59</ymax></bndbox></object><object><name>proposal</name><bndbox><xmin>311</xmin><ymin>345</ymin><xmax>47</xmax><ymax>25</ymax></bndbox></object><object><name>proposal</name><bndbox><xmin>5</xmin><ymin>185</ymin><xmax>25</xmax><ymax>51</ymax></bndbox></object><object><name>proposal</name><bndbox><xmin>301</xmin><ymin>195</ymin><xmax>409</xmax><ymax>194</ymax></bndbox></object><object><name>proposal</name><bndbox><xmin>306</xmin><ymin>231</ymin><xmax>52</xmax><ymax>135</ymax></bndbox></object><object><name>proposal</name><bndbox><xmin>525</xmin><ymin>406</ymin><xmax>191</xmax><ymax>115</ymax></bndbox></object><object><name>proposal</name><bndbox><xmin>456</xmin><ymin>426</ymin><xmax>31</xmax><ymax>31</ymax></bndbox></object><object><name>proposal</name><bndbox><xmin>524</xmin><ymin>336</ymin><xmax>148</xmax><ymax>216</ymax></bndbox></object><object><name>proposal</name><bndbox><xmin>652</xmin><ymin>23</ymin><xmax>44</xmax><ymax>70</ymax></bndbox></object><object><name>proposal</name><bndbox><xmin>634</xmin><ymin>23</ymin><xmax>41</xmax><ymax>70</ymax></bndbox></object><object><name>proposal</name><bndbox><xmin>7</xmin><ymin>543</ymin><xmax>33</xmax><ymax>70</ymax></bndbox></object><object><name>proposal</name><bndbox><xmin>313</xmin><ymin>345</ymin><xmax>21</xmax><ymax>42</ymax></bndbox></object><object><name>proposal</name><bndbox><xmin>524</xmin><ymin>392</ymin><xmax>137</xmax><ymax>131</ymax></bndbox></object><object><name>proposal</name><bndbox><xmin>525</xmin><ymin>425</ymin><xmax>191</xmax><ymax>129</ymax></bndbox></object><object><name>proposal</name><bndbox><xmin>336</xmin><ymin>302</ymin><xmax>33</xmax><ymax>48</ymax></bndbox></object><object><name>proposal</name><bndbox><xmin>336</xmin><ymin>281</ymin><xmax>31</xmax><ymax>31</ymax></bndbox></object><object><name>proposal</name><bndbox><xmin>311</xmin><ymin>339</ymin><xmax>49</xmax><ymax>53</ymax></bndbox></object><object><name>proposal</name><bndbox><xmin>538</xmin><ymin>149</ymin><xmax>28</xmax><ymax>61</ymax></bndbox></object><object><name>proposal</name><bndbox><xmin>608</xmin><ymin>467</ymin><xmax>105</xmax><ymax>199</ymax></bndbox></object><object><name>proposal</name><bndbox><xmin>643</xmin><ymin>507</ymin><xmax>53</xmax><ymax>151</ymax></bndbox></object><object><name>proposal</name><bndbox><xmin>317</xmin><ymin>302</ymin><xmax>42</xmax><ymax>20</ymax></bndbox></object><object><name>proposal</name><bndbox><xmin>583</xmin><ymin>400</ymin><xmax>50</xmax><ymax>113</ymax></bndbox></object><object><name>proposal</name><bndbox><xmin>1</xmin><ymin>232</ymin><xmax>30</xmax><ymax>66</ymax></bndbox></object><object><name>proposal</name><bndbox><xmin>651</xmin><ymin>23</ymin><xmax>28</xmax><ymax>71</ymax></bndbox></object><object><name>proposal</name><bndbox><xmin>527</xmin><ymin>7</ymin><xmax>187</xmax><ymax>545</ymax></bndbox></object><object><name>proposal</name><bndbox><xmin>645</xmin><ymin>516</ymin><xmax>48</xmax><ymax>31</ymax></bndbox></object><object><name>proposal</name><bndbox><xmin>354</xmin><ymin>342</ymin><xmax>32</xmax><ymax>71</ymax></bndbox></object><object><name>proposal</name><bndbox><xmin>629</xmin><ymin>502</ymin><xmax>61</xmax><ymax>172</ymax></bndbox></object><object><name>proposal</name><bndbox><xmin>610</xmin><ymin>463</ymin><xmax>48</xmax><ymax>45</ymax></bndbox></object><object><name>proposal</name><bndbox><xmin>356</xmin><ymin>358</ymin><xmax>29</xmax><ymax>42</ymax></bndbox></object><object><name>proposal</name><bndbox><xmin>643</xmin><ymin>532</ymin><xmax>27</xmax><ymax>51</ymax></bndbox></object><object><name>proposal</name><bndbox><xmin>323</xmin><ymin>351</ymin><xmax>42</xmax><ymax>42</ymax></bndbox></object><object><name>proposal</name><bndbox><xmin>567</xmin><ymin>491</ymin><xmax>61</xmax><ymax>30</ymax></bndbox></object><object><name>proposal</name><bndbox><xmin>456</xmin><ymin>426</ymin><xmax>48</xmax><ymax>31</ymax></bndbox></object><object><name>proposal</name><bndbox><xmin>591</xmin><ymin>491</ymin><xmax>31</xmax><ymax>31</ymax></bndbox></object><object><name>proposal</name><bndbox><xmin>650</xmin><ymin>16</ymin><xmax>70</xmax><ymax>30</ymax></bndbox></object><object><name>proposal</name><bndbox><xmin>333</xmin><ymin>358</ymin><xmax>42</xmax><ymax>21</ymax></bndbox></object><object><name>proposal</name><bndbox><xmin>626</xmin><ymin>501</ymin><xmax>31</xmax><ymax>31</ymax></bndbox></object><object><name>proposal</name><bndbox><xmin>325</xmin><ymin>298</ymin><xmax>49</xmax><ymax>53</ymax></bndbox></object><object><name>proposal</name><bndbox><xmin>521</xmin><ymin>461</ymin><xmax>31</xmax><ymax>31</ymax></bndbox></object></annotation>