<annotation><folder>Proposals</folder><filename>img-234.jpg</filename><size><width>720</width><height>720</height><depth>3</depth></size><object><name>proposal</name><bndbox><xmin>466</xmin><ymin>18</ymin><xmax>33</xmax><ymax>39</ymax></bndbox></object><object><name>proposal</name><bndbox><xmin>465</xmin><ymin>17</ymin><xmax>61</xmax><ymax>38</ymax></bndbox></object><object><name>proposal</name><bndbox><xmin>466</xmin><ymin>11</ymin><xmax>45</xmax><ymax>45</ymax></bndbox></object><object><name>proposal</name><bndbox><xmin>467</xmin><ymin>17</ymin><xmax>32</xmax><ymax>67</ymax></bndbox></object><object><name>proposal</name><bndbox><xmin>451</xmin><ymin>16</ymin><xmax>50</xmax><ymax>40</ymax></bndbox></object><object><name>proposal</name><bndbox><xmin>61</xmin><ymin>65</ymin><xmax>320</xmax><ymax>228</ymax></bndbox></object><object><name>proposal</name><bndbox><xmin>64</xmin><ymin>66</ymin><xmax>653</xmax><ymax>312</ymax></bndbox></object><object><name>proposal</name><bndbox><xmin>466</xmin><ymin>17</ymin><xmax>44</xmax><ymax>55</ymax></bndbox></object><object><name>proposal</name><bndbox><xmin>64</xmin><ymin>66</ymin><xmax>353</xmax><ymax>323</ymax></bndbox></object><object><name>proposal</name><bndbox><xmin>62</xmin><ymin>2</ymin><xmax>321</xmax><ymax>129</ymax></bndbox></object><object><name>proposal</name><bndbox><xmin>413</xmin><ymin>18</ymin><xmax>87</xmax><ymax>37</ymax></bndbox></object><object><name>proposal</name><bndbox><xmin>63</xmin><ymin>66</ymin><xmax>654</xmax><ymax>553</ymax></bndbox></object><object><name>proposal</name><bndbox><xmin>467</xmin><ymin>16</ymin><xmax>117</xmax><ymax>40</ymax></bndbox></object><object><name>proposal</name><bndbox><xmin>385</xmin><ymin>18</ymin><xmax>115</xmax><ymax>121</ymax></bndbox></object><object><name>proposal</name><bndbox><xmin>64</xmin><ymin>38</ymin><xmax>427</xmax><ymax>465</ymax></bndbox></object><object><name>proposal</name><bndbox><xmin>390</xmin><ymin>3</ymin><xmax>109</xmax><ymax>52</ymax></bndbox></object><object><name>proposal</name><bndbox><xmin>456</xmin><ymin>17</ymin><xmax>43</xmax><ymax>83</ymax></bndbox></object><object><name>proposal</name><bndbox><xmin>465</xmin><ymin>17</ymin><xmax>59</xmax><ymax>65</ymax></bndbox></object><object><name>proposal</name><bndbox><xmin>390</xmin><ymin>17</ymin><xmax>109</xmax><ymax>48</ymax></bndbox></object><object><name>proposal</name><bndbox><xmin>77</xmin><ymin>4</ymin><xmax>95</xmax><ymax>49</ymax></bndbox></object><object><name>proposal</name><bndbox><xmin>132</xmin><ymin>3</ymin><xmax>588</xmax><ymax>245</ymax></bndbox></object><object><name>proposal</name><bndbox><xmin>446</xmin><ymin>17</ymin><xmax>54</xmax><ymax>64</ymax></bndbox></object><object><name>proposal</name><bndbox><xmin>465</xmin><ymin>17</ymin><xmax>81</xmax><ymax>51</ymax></bndbox></object><object><name>proposal</name><bndbox><xmin>63</xmin><ymin>4</ymin><xmax>319</xmax><ymax>566</ymax></bndbox></object><object><name>proposal</name><bndbox><xmin>434</xmin><ymin>18</ymin><xmax>67</xmax><ymax>125</ymax></bndbox></object><object><name>proposal</name><bndbox><xmin>631</xmin><ymin>14</ymin><xmax>45</xmax><ymax>33</ymax></bndbox></object><object><name>proposal</name><bndbox><xmin>466</xmin><ymin>18</ymin><xmax>119</xmax><ymax>58</ymax></bndbox></object><object><name>proposal</name><bndbox><xmin>79</xmin><ymin>4</ymin><xmax>79</xmax><ymax>36</ymax></bndbox></object><object><name>proposal</name><bndbox><xmin>62</xmin><ymin>4</ymin><xmax>487</xmax><ymax>675</ymax></bndbox></object><object><name>proposal</name><bndbox><xmin>413</xmin><ymin>18</ymin><xmax>89</xmax><ymax>68</ymax></bndbox></object><object><name>proposal</name><bndbox><xmin>467</xmin><ymin>17</ymin><xmax>43</xmax><ymax>99</ymax></bndbox></object><object><name>proposal</name><bndbox><xmin>412</xmin><ymin>18</ymin><xmax>100</xmax><ymax>132</ymax></bndbox></object><object><name>proposal</name><bndbox><xmin>456</xmin><ymin>17</ymin><xmax>50</xmax><ymax>125</ymax></bndbox></object><object><name>proposal</name><bndbox><xmin>466</xmin><ymin>18</ymin><xmax>55</xmax><ymax>121</ymax></bndbox></object><object><name>proposal</name><bndbox><xmin>62</xmin><ymin>39</ymin><xmax>435</xmax><ymax>249</ymax></bndbox></object><object><name>proposal</name><bndbox><xmin>71</xmin><ymin>4</ymin><xmax>103</xmax><ymax>75</ymax></bndbox></object><object><name>proposal</name><bndbox><xmin>176</xmin><ymin>35</ymin><xmax>135</xmax><ymax>91</ymax></bndbox></object><object><name>proposal</name><bndbox><xmin>437</xmin><ymin>14</ymin><xmax>279</xmax><ymax>235</ymax></bndbox></object><object><name>proposal</name><bndbox><xmin>176</xmin><ymin>4</ymin><xmax>63</xmax><ymax>55</ymax></bndbox></object><object><name>proposal</name><bndbox><xmin>465</xmin><ymin>17</ymin><xmax>80</xmax><ymax>80</ymax></bndbox></object><object><name>proposal</name><bndbox><xmin>175</xmin><ymin>10</ymin><xmax>324</xmax><ymax>131</ymax></bndbox></object><object><name>proposal</name><bndbox><xmin>326</xmin><ymin>8</ymin><xmax>175</xmax><ymax>133</ymax></bndbox></object><object><name>proposal</name><bndbox><xmin>439</xmin><ymin>18</ymin><xmax>81</xmax><ymax>152</ymax></bndbox></object><object><name>proposal</name><bndbox><xmin>461</xmin><ymin>18</ymin><xmax>69</xmax><ymax>152</ymax></bndbox></object><object><name>proposal</name><bndbox><xmin>436</xmin><ymin>6</ymin><xmax>64</xmax><ymax>54</ymax></bndbox></object><object><name>proposal</name><bndbox><xmin>64</xmin><ymin>3</ymin><xmax>367</xmax><ymax>172</ymax></bndbox></object><object><name>proposal</name><bndbox><xmin>64</xmin><ymin>4</ymin><xmax>199</xmax><ymax>89</ymax></bndbox></object><object><name>proposal</name><bndbox><xmin>374</xmin><ymin>11</ymin><xmax>128</xmax><ymax>73</ymax></bndbox></object><object><name>proposal</name><bndbox><xmin>176</xmin><ymin>31</ymin><xmax>51</xmax><ymax>27</ymax></bndbox></object><object><name>proposal</name><bndbox><xmin>40</xmin><ymin>3</ymin><xmax>130</xmax><ymax>57</ymax></bndbox></object><object><name>proposal</name><bndbox><xmin>133</xmin><ymin>84</ymin><xmax>180</xmax><ymax>232</ymax></bndbox></object><object><name>proposal</name><bndbox><xmin>134</xmin><ymin>83</ymin><xmax>359</xmax><ymax>332</ymax></bndbox></object><object><name>proposal</name><bndbox><xmin>141</xmin><ymin>6</ymin><xmax>31</xmax><ymax>31</ymax></bndbox></object><object><name>proposal</name><bndbox><xmin>355</xmin><ymin>17</ymin><xmax>144</xmax><ymax>184</ymax></bndbox></object><object><name>proposal</name><bndbox><xmin>381</xmin><ymin>17</ymin><xmax>173</xmax><ymax>135</ymax></bndbox></object><object><name>proposal</name><bndbox><xmin>631</xmin><ymin>12</ymin><xmax>44</xmax><ymax>60</ymax></bndbox></object><object><name>proposal</name><bndbox><xmin>143</xmin><ymin>22</ymin><xmax>27</xmax><ymax>45</ymax></bndbox></object><object><name>proposal</name><bndbox><xmin>406</xmin><ymin>18</ymin><xmax>93</xmax><ymax>182</ymax></bndbox></object><object><name>proposal</name><bndbox><xmin>174</xmin><ymin>9</ymin><xmax>489</xmax><ymax>166</ymax></bndbox></object><object><name>proposal</name><bndbox><xmin>143</xmin><ymin>4</ymin><xmax>91</xmax><ymax>54</ymax></bndbox></object><object><name>proposal</name><bndbox><xmin>333</xmin><ymin>18</ymin><xmax>166</xmax><ymax>89</ymax></bndbox></object><object><name>proposal</name><bndbox><xmin>631</xmin><ymin>14</ymin><xmax>64</xmax><ymax>36</ymax></bndbox></object><object><name>proposal</name><bndbox><xmin>190</xmin><ymin>15</ymin><xmax>45</xmax><ymax>45</ymax></bndbox></object><object><name>proposal</name><bndbox><xmin>30</xmin><ymin>1</ymin><xmax>140</xmax><ymax>89</ymax></bndbox></object><object><name>proposal</name><bndbox><xmin>629</xmin><ymin>14</ymin><xmax>77</xmax><ymax>54</ymax></bndbox></object><object><name>proposal</name><bndbox><xmin>181</xmin><ymin>76</ymin><xmax>181</xmax><ymax>276</ymax></bndbox></object><object><name>proposal</name><bndbox><xmin>173</xmin><ymin>1</ymin><xmax>85</xmax><ymax>63</ymax></bndbox></object><object><name>proposal</name><bndbox><xmin>75</xmin><ymin>3</ymin><xmax>135</xmax><ymax>57</ymax></bndbox></object><object><name>proposal</name><bndbox><xmin>141</xmin><ymin>22</ymin><xmax>95</xmax><ymax>39</ymax></bndbox></object><object><name>proposal</name><bndbox><xmin>466</xmin><ymin>14</ymin><xmax>197</xmax><ymax>84</ymax></bndbox></object><object><name>proposal</name><bndbox><xmin>328</xmin><ymin>10</ymin><xmax>216</xmax><ymax>192</ymax></bndbox></object><object><name>proposal</name><bndbox><xmin>610</xmin><ymin>23</ymin><xmax>35</xmax><ymax>24</ymax></bndbox></object><object><name>proposal</name><bndbox><xmin>384</xmin><ymin>108</ymin><xmax>77</xmax><ymax>74</ymax></bndbox></object><object><name>proposal</name><bndbox><xmin>353</xmin><ymin>12</ymin><xmax>313</xmax><ymax>216</ymax></bndbox></object><object><name>proposal</name><bndbox><xmin>421</xmin><ymin>17</ymin><xmax>121</xmax><ymax>187</ymax></bndbox></object><object><name>proposal</name><bndbox><xmin>423</xmin><ymin>17</ymin><xmax>160</xmax><ymax>154</ymax></bndbox></object><object><name>proposal</name><bndbox><xmin>70</xmin><ymin>651</ymin><xmax>32</xmax><ymax>24</ymax></bndbox></object><object><name>proposal</name><bndbox><xmin>91</xmin><ymin>85</ymin><xmax>222</xmax><ymax>177</ymax></bndbox></object><object><name>proposal</name><bndbox><xmin>201</xmin><ymin>92</ymin><xmax>111</xmax><ymax>211</ymax></bndbox></object><object><name>proposal</name><bndbox><xmin>189</xmin><ymin>8</ymin><xmax>63</xmax><ymax>51</ymax></bndbox></object><object><name>proposal</name><bndbox><xmin>617</xmin><ymin>13</ymin><xmax>46</xmax><ymax>34</ymax></bndbox></object><object><name>proposal</name><bndbox><xmin>423</xmin><ymin>17</ymin><xmax>94</xmax><ymax>81</ymax></bndbox></object><object><name>proposal</name><bndbox><xmin>466</xmin><ymin>17</ymin><xmax>131</xmax><ymax>126</ymax></bndbox></object><object><name>proposal</name><bndbox><xmin>212</xmin><ymin>13</ymin><xmax>69</xmax><ymax>59</ymax></bndbox></object><object><name>proposal</name><bndbox><xmin>631</xmin><ymin>14</ymin><xmax>52</xmax><ymax>91</ymax></bndbox></object><object><name>proposal</name><bndbox><xmin>176</xmin><ymin>3</ymin><xmax>131</xmax><ymax>69</ymax></bndbox></object><object><name>proposal</name><bndbox><xmin>385</xmin><ymin>18</ymin><xmax>200</xmax><ymax>204</ymax></bndbox></object><object><name>proposal</name><bndbox><xmin>668</xmin><ymin>186</ymin><xmax>27</xmax><ymax>42</ymax></bndbox></object><object><name>proposal</name><bndbox><xmin>136</xmin><ymin>81</ymin><xmax>483</xmax><ymax>468</ymax></bndbox></object><object><name>proposal</name><bndbox><xmin>135</xmin><ymin>36</ymin><xmax>176</xmax><ymax>426</ymax></bndbox></object><object><name>proposal</name><bndbox><xmin>175</xmin><ymin>36</ymin><xmax>224</xmax><ymax>439</ymax></bndbox></object><object><name>proposal</name><bndbox><xmin>683</xmin><ymin>28</ymin><xmax>22</xmax><ymax>38</ymax></bndbox></object><object><name>proposal</name><bndbox><xmin>36</xmin><ymin>39</ymin><xmax>275</xmax><ymax>297</ymax></bndbox></object><object><name>proposal</name><bndbox><xmin>8</xmin><ymin>67</ymin><xmax>303</xmax><ymax>184</ymax></bndbox></object><object><name>proposal</name><bndbox><xmin>454</xmin><ymin>16</ymin><xmax>128</xmax><ymax>94</ymax></bndbox></object><object><name>proposal</name><bndbox><xmin>163</xmin><ymin>93</ymin><xmax>255</xmax><ymax>217</ymax></bndbox></object><object><name>proposal</name><bndbox><xmin>421</xmin><ymin>14</ymin><xmax>286</xmax><ymax>125</ymax></bndbox></object><object><name>proposal</name><bndbox><xmin>189</xmin><ymin>43</ymin><xmax>75</xmax><ymax>47</ymax></bndbox></object><object><name>proposal</name><bndbox><xmin>155</xmin><ymin>39</ymin><xmax>70</xmax><ymax>44</ymax></bndbox></object><object><name>proposal</name><bndbox><xmin>137</xmin><ymin>22</ymin><xmax>39</xmax><ymax>48</ymax></bndbox></object><object><name>proposal</name><bndbox><xmin>157</xmin><ymin>35</ymin><xmax>105</xmax><ymax>52</ymax></bndbox></object><object><name>proposal</name><bndbox><xmin>212</xmin><ymin>34</ymin><xmax>76</xmax><ymax>39</ymax></bndbox></object><object><name>proposal</name><bndbox><xmin>683</xmin><ymin>36</ymin><xmax>34</xmax><ymax>29</ymax></bndbox></object><object><name>proposal</name><bndbox><xmin>381</xmin><ymin>17</ymin><xmax>268</xmax><ymax>142</ymax></bndbox></object><object><name>proposal</name><bndbox><xmin>628</xmin><ymin>14</ymin><xmax>80</xmax><ymax>93</ymax></bndbox></object><object><name>proposal</name><bndbox><xmin>223</xmin><ymin>15</ymin><xmax>40</xmax><ymax>58</ymax></bndbox></object><object><name>proposal</name><bndbox><xmin>454</xmin><ymin>16</ymin><xmax>147</xmax><ymax>208</ymax></bndbox></object><object><name>proposal</name><bndbox><xmin>190</xmin><ymin>13</ymin><xmax>81</xmax><ymax>59</ymax></bndbox></object><object><name>proposal</name><bndbox><xmin>190</xmin><ymin>31</ymin><xmax>51</xmax><ymax>27</ymax></bndbox></object><object><name>proposal</name><bndbox><xmin>195</xmin><ymin>6</ymin><xmax>27</xmax><ymax>55</ymax></bndbox></object><object><name>proposal</name><bndbox><xmin>475</xmin><ymin>130</ymin><xmax>24</xmax><ymax>35</ymax></bndbox></object><object><name>proposal</name><bndbox><xmin>73</xmin><ymin>641</ymin><xmax>29</xmax><ymax>39</ymax></bndbox></object><object><name>proposal</name><bndbox><xmin>373</xmin><ymin>11</ymin><xmax>93</xmax><ymax>128</ymax></bndbox></object><object><name>proposal</name><bndbox><xmin>410</xmin><ymin>16</ymin><xmax>122</xmax><ymax>100</ymax></bndbox></object><object><name>proposal</name><bndbox><xmin>122</xmin><ymin>11</ymin><xmax>51</xmax><ymax>25</ymax></bndbox></object><object><name>proposal</name><bndbox><xmin>139</xmin><ymin>6</ymin><xmax>124</xmax><ymax>67</ymax></bndbox></object><object><name>proposal</name><bndbox><xmin>286</xmin><ymin>3</ymin><xmax>213</xmax><ymax>179</ymax></bndbox></object><object><name>proposal</name><bndbox><xmin>176</xmin><ymin>33</ymin><xmax>49</xmax><ymax>57</ymax></bndbox></object><object><name>proposal</name><bndbox><xmin>190</xmin><ymin>33</ymin><xmax>35</xmax><ymax>26</ymax></bndbox></object><object><name>proposal</name><bndbox><xmin>353</xmin><ymin>109</ymin><xmax>109</xmax><ymax>56</ymax></bndbox></object><object><name>proposal</name><bndbox><xmin>34</xmin><ymin>1</ymin><xmax>277</xmax><ymax>456</ymax></bndbox></object><object><name>proposal</name><bndbox><xmin>639</xmin><ymin>13</ymin><xmax>24</xmax><ymax>41</ymax></bndbox></object><object><name>proposal</name><bndbox><xmin>473</xmin><ymin>5</ymin><xmax>27</xmax><ymax>51</ymax></bndbox></object><object><name>proposal</name><bndbox><xmin>105</xmin><ymin>21</ymin><xmax>157</xmax><ymax>67</ymax></bndbox></object><object><name>proposal</name><bndbox><xmin>133</xmin><ymin>16</ymin><xmax>38</xmax><ymax>21</ymax></bndbox></object><object><name>proposal</name><bndbox><xmin>222</xmin><ymin>41</ymin><xmax>45</xmax><ymax>31</ymax></bndbox></object><object><name>proposal</name><bndbox><xmin>176</xmin><ymin>9</ymin><xmax>244</xmax><ymax>92</ymax></bndbox></object><object><name>proposal</name><bndbox><xmin>411</xmin><ymin>32</ymin><xmax>57</xmax><ymax>53</ymax></bndbox></object><object><name>proposal</name><bndbox><xmin>138</xmin><ymin>22</ymin><xmax>65</xmax><ymax>44</ymax></bndbox></object><object><name>proposal</name><bndbox><xmin>471</xmin><ymin>21</ymin><xmax>31</xmax><ymax>31</ymax></bndbox></object><object><name>proposal</name><bndbox><xmin>655</xmin><ymin>186</ymin><xmax>39</xmax><ymax>42</ymax></bndbox></object><object><name>proposal</name><bndbox><xmin>70</xmin><ymin>657</ymin><xmax>32</xmax><ymax>24</ymax></bndbox></object><object><name>proposal</name><bndbox><xmin>199</xmin><ymin>25</ymin><xmax>37</xmax><ymax>34</ymax></bndbox></object><object><name>proposal</name><bndbox><xmin>125</xmin><ymin>22</ymin><xmax>46</xmax><ymax>21</ymax></bndbox></object><object><name>proposal</name><bndbox><xmin>409</xmin><ymin>29</ymin><xmax>56</xmax><ymax>109</ymax></bndbox></object><object><name>proposal</name><bndbox><xmin>556</xmin><ymin>7</ymin><xmax>109</xmax><ymax>40</ymax></bndbox></object><object><name>proposal</name><bndbox><xmin>663</xmin><ymin>36</ymin><xmax>45</xmax><ymax>29</ymax></bndbox></object><object><name>proposal</name><bndbox><xmin>124</xmin><ymin>20</ymin><xmax>102</xmax><ymax>69</ymax></bndbox></object><object><name>proposal</name><bndbox><xmin>385</xmin><ymin>37</ymin><xmax>88</xmax><ymax>100</ymax></bndbox></object><object><name>proposal</name><bndbox><xmin>61</xmin><ymin>655</ymin><xmax>42</xmax><ymax>21</ymax></bndbox></object><object><name>proposal</name><bndbox><xmin>190</xmin><ymin>3</ymin><xmax>166</xmax><ymax>69</ymax></bndbox></object><object><name>proposal</name><bndbox><xmin>122</xmin><ymin>22</ymin><xmax>50</xmax><ymax>37</ymax></bndbox></object><object><name>proposal</name><bndbox><xmin>397</xmin><ymin>26</ymin><xmax>103</xmax><ymax>49</ymax></bndbox></object><object><name>proposal</name><bndbox><xmin>200</xmin><ymin>22</ymin><xmax>117</xmax><ymax>52</ymax></bndbox></object><object><name>proposal</name><bndbox><xmin>199</xmin><ymin>26</ymin><xmax>65</xmax><ymax>47</ymax></bndbox></object><object><name>proposal</name><bndbox><xmin>354</xmin><ymin>145</ymin><xmax>362</xmax><ymax>355</ymax></bndbox></object><object><name>proposal</name><bndbox><xmin>419</xmin><ymin>5</ymin><xmax>65</xmax><ymax>50</ymax></bndbox></object><object><name>proposal</name><bndbox><xmin>61</xmin><ymin>3</ymin><xmax>320</xmax><ymax>245</ymax></bndbox></object><object><name>proposal</name><bndbox><xmin>411</xmin><ymin>32</ymin><xmax>79</xmax><ymax>36</ymax></bndbox></object><object><name>proposal</name><bndbox><xmin>616</xmin><ymin>16</ymin><xmax>31</xmax><ymax>31</ymax></bndbox></object><object><name>proposal</name><bndbox><xmin>144</xmin><ymin>36</ymin><xmax>82</xmax><ymax>37</ymax></bndbox></object><object><name>proposal</name><bndbox><xmin>190</xmin><ymin>43</ymin><xmax>45</xmax><ymax>45</ymax></bndbox></object><object><name>proposal</name><bndbox><xmin>138</xmin><ymin>6</ymin><xmax>56</xmax><ymax>30</ymax></bndbox></object><object><name>proposal</name><bndbox><xmin>640</xmin><ymin>185</ymin><xmax>57</xmax><ymax>45</ymax></bndbox></object><object><name>proposal</name><bndbox><xmin>421</xmin><ymin>25</ymin><xmax>66</xmax><ymax>73</ymax></bndbox></object><object><name>proposal</name><bndbox><xmin>141</xmin><ymin>21</ymin><xmax>31</xmax><ymax>31</ymax></bndbox></object><object><name>proposal</name><bndbox><xmin>173</xmin><ymin>39</ymin><xmax>29</xmax><ymax>39</ymax></bndbox></object><object><name>proposal</name><bndbox><xmin>64</xmin><ymin>21</ymin><xmax>157</xmax><ymax>67</ymax></bndbox></object><object><name>proposal</name><bndbox><xmin>666</xmin><ymin>186</ymin><xmax>42</xmax><ymax>45</ymax></bndbox></object><object><name>proposal</name><bndbox><xmin>98</xmin><ymin>22</ymin><xmax>73</xmax><ymax>29</ymax></bndbox></object><object><name>proposal</name><bndbox><xmin>670</xmin><ymin>41</ymin><xmax>35</xmax><ymax>24</ymax></bndbox></object><object><name>proposal</name><bndbox><xmin>176</xmin><ymin>39</ymin><xmax>33</xmax><ymax>45</ymax></bndbox></object><object><name>proposal</name><bndbox><xmin>385</xmin><ymin>73</ymin><xmax>89</xmax><ymax>65</ymax></bndbox></object><object><name>proposal</name><bndbox><xmin>222</xmin><ymin>29</ymin><xmax>48</xmax><ymax>45</ymax></bndbox></object><object><name>proposal</name><bndbox><xmin>368</xmin><ymin>109</ymin><xmax>149</xmax><ymax>73</ymax></bndbox></object><object><name>proposal</name><bndbox><xmin>475</xmin><ymin>106</ymin><xmax>22</xmax><ymax>35</ymax></bndbox></object><object><name>proposal</name><bndbox><xmin>397</xmin><ymin>10</ymin><xmax>67</xmax><ymax>39</ymax></bndbox></object><object><name>proposal</name><bndbox><xmin>599</xmin><ymin>16</ymin><xmax>46</xmax><ymax>31</ymax></bndbox></object><object><name>proposal</name><bndbox><xmin>419</xmin><ymin>19</ymin><xmax>65</xmax><ymax>44</ymax></bndbox></object><object><name>proposal</name><bndbox><xmin>461</xmin><ymin>118</ymin><xmax>38</xmax><ymax>21</ymax></bndbox></object><object><name>proposal</name><bndbox><xmin>439</xmin><ymin>176</ymin><xmax>279</xmax><ymax>262</ymax></bndbox></object><object><name>proposal</name><bndbox><xmin>629</xmin><ymin>27</ymin><xmax>29</xmax><ymax>73</ymax></bndbox></object><object><name>proposal</name><bndbox><xmin>173</xmin><ymin>22</ymin><xmax>95</xmax><ymax>43</ymax></bndbox></object><object><name>proposal</name><bndbox><xmin>381</xmin><ymin>110</ymin><xmax>83</xmax><ymax>40</ymax></bndbox></object><object><name>proposal</name><bndbox><xmin>556</xmin><ymin>10</ymin><xmax>107</xmax><ymax>57</ymax></bndbox></object><object><name>proposal</name><bndbox><xmin>93</xmin><ymin>18</ymin><xmax>135</xmax><ymax>60</ymax></bndbox></object><object><name>proposal</name><bndbox><xmin>631</xmin><ymin>5</ymin><xmax>37</xmax><ymax>46</ymax></bndbox></object><object><name>proposal</name><bndbox><xmin>73</xmin><ymin>655</ymin><xmax>29</xmax><ymax>39</ymax></bndbox></object><object><name>proposal</name><bndbox><xmin>589</xmin><ymin>11</ymin><xmax>75</xmax><ymax>37</ymax></bndbox></object><object><name>proposal</name><bndbox><xmin>484</xmin><ymin>157</ymin><xmax>35</xmax><ymax>28</ymax></bndbox></object><object><name>proposal</name><bndbox><xmin>262</xmin><ymin>209</ymin><xmax>41</xmax><ymax>28</ymax></bndbox></object><object><name>proposal</name><bndbox><xmin>64</xmin><ymin>646</ymin><xmax>42</xmax><ymax>29</ymax></bndbox></object><object><name>proposal</name><bndbox><xmin>413</xmin><ymin>31</ymin><xmax>56</xmax><ymax>32</ymax></bndbox></object><object><name>proposal</name><bndbox><xmin>619</xmin><ymin>14</ymin><xmax>45</xmax><ymax>84</ymax></bndbox></object><object><name>proposal</name><bndbox><xmin>347</xmin><ymin>32</ymin><xmax>117</xmax><ymax>156</ymax></bndbox></object><object><name>proposal</name><bndbox><xmin>140</xmin><ymin>19</ymin><xmax>45</xmax><ymax>57</ymax></bndbox></object><object><name>proposal</name><bndbox><xmin>666</xmin><ymin>50</ymin><xmax>41</xmax><ymax>55</ymax></bndbox></object><object><name>proposal</name><bndbox><xmin>472</xmin><ymin>113</ymin><xmax>32</xmax><ymax>26</ymax></bndbox></object><object><name>proposal</name><bndbox><xmin>122</xmin><ymin>19</ymin><xmax>49</xmax><ymax>57</ymax></bndbox></object><object><name>proposal</name><bndbox><xmin>385</xmin><ymin>60</ymin><xmax>112</xmax><ymax>81</ymax></bndbox></object><object><name>proposal</name><bndbox><xmin>628</xmin><ymin>27</ymin><xmax>45</xmax><ymax>72</ymax></bndbox></object><object><name>proposal</name><bndbox><xmin>398</xmin><ymin>21</ymin><xmax>83</xmax><ymax>89</ymax></bndbox></object><object><name>proposal</name><bndbox><xmin>400</xmin><ymin>32</ymin><xmax>64</xmax><ymax>36</ymax></bndbox></object><object><name>proposal</name><bndbox><xmin>211</xmin><ymin>3</ymin><xmax>170</xmax><ymax>104</ymax></bndbox></object><object><name>proposal</name><bndbox><xmin>617</xmin><ymin>27</ymin><xmax>29</xmax><ymax>70</ymax></bndbox></object><object><name>proposal</name><bndbox><xmin>161</xmin><ymin>38</ymin><xmax>66</xmax><ymax>28</ymax></bndbox></object><object><name>proposal</name><bndbox><xmin>631</xmin><ymin>16</ymin><xmax>31</xmax><ymax>31</ymax></bndbox></object><object><name>proposal</name><bndbox><xmin>211</xmin><ymin>6</ymin><xmax>34</xmax><ymax>58</ymax></bndbox></object><object><name>proposal</name><bndbox><xmin>430</xmin><ymin>100</ymin><xmax>70</xmax><ymax>39</ymax></bndbox></object><object><name>proposal</name><bndbox><xmin>617</xmin><ymin>183</ymin><xmax>79</xmax><ymax>43</ymax></bndbox></object><object><name>proposal</name><bndbox><xmin>663</xmin><ymin>22</ymin><xmax>45</xmax><ymax>45</ymax></bndbox></object><object><name>proposal</name><bndbox><xmin>176</xmin><ymin>34</ymin><xmax>50</xmax><ymax>37</ymax></bndbox></object><object><name>proposal</name><bndbox><xmin>82</xmin><ymin>637</ymin><xmax>21</xmax><ymax>38</ymax></bndbox></object><object><name>proposal</name><bndbox><xmin>176</xmin><ymin>8</ymin><xmax>29</xmax><ymax>45</ymax></bndbox></object><object><name>proposal</name><bndbox><xmin>552</xmin><ymin>11</ymin><xmax>165</xmax><ymax>238</ymax></bndbox></object><object><name>proposal</name><bndbox><xmin>135</xmin><ymin>14</ymin><xmax>37</xmax><ymax>76</ymax></bndbox></object><object><name>proposal</name><bndbox><xmin>177</xmin><ymin>43</ymin><xmax>70</xmax><ymax>44</ymax></bndbox></object><object><name>proposal</name><bndbox><xmin>484</xmin><ymin>26</ymin><xmax>48</xmax><ymax>29</ymax></bndbox></object><object><name>proposal</name><bndbox><xmin>205</xmin><ymin>6</ymin><xmax>64</xmax><ymax>59</ymax></bndbox></object><object><name>proposal</name><bndbox><xmin>101</xmin><ymin>21</ymin><xmax>69</xmax><ymax>57</ymax></bndbox></object><object><name>proposal</name><bndbox><xmin>98</xmin><ymin>11</ymin><xmax>73</xmax><ymax>31</ymax></bndbox></object><object><name>proposal</name><bndbox><xmin>331</xmin><ymin>91</ymin><xmax>385</xmax><ymax>581</ymax></bndbox></object><object><name>proposal</name><bndbox><xmin>421</xmin><ymin>8</ymin><xmax>45</xmax><ymax>42</ymax></bndbox></object><object><name>proposal</name><bndbox><xmin>400</xmin><ymin>30</ymin><xmax>65</xmax><ymax>71</ymax></bndbox></object><object><name>proposal</name><bndbox><xmin>271</xmin><ymin>187</ymin><xmax>34</xmax><ymax>37</ymax></bndbox></object><object><name>proposal</name><bndbox><xmin>166</xmin><ymin>20</ymin><xmax>98</xmax><ymax>75</ymax></bndbox></object><object><name>proposal</name><bndbox><xmin>466</xmin><ymin>131</ymin><xmax>31</xmax><ymax>31</ymax></bndbox></object><object><name>proposal</name><bndbox><xmin>201</xmin><ymin>15</ymin><xmax>45</xmax><ymax>45</ymax></bndbox></object><object><name>proposal</name><bndbox><xmin>194</xmin><ymin>49</ymin><xmax>50</xmax><ymax>37</ymax></bndbox></object><object><name>proposal</name><bndbox><xmin>133</xmin><ymin>7</ymin><xmax>37</xmax><ymax>34</ymax></bndbox></object><object><name>proposal</name><bndbox><xmin>460</xmin><ymin>106</ymin><xmax>37</xmax><ymax>34</ymax></bndbox></object><object><name>proposal</name><bndbox><xmin>667</xmin><ymin>171</ymin><xmax>49</xmax><ymax>27</ymax></bndbox></object><object><name>proposal</name><bndbox><xmin>603</xmin><ymin>22</ymin><xmax>42</xmax><ymax>42</ymax></bndbox></object><object><name>proposal</name><bndbox><xmin>430</xmin><ymin>118</ymin><xmax>74</xmax><ymax>83</ymax></bndbox></object><object><name>proposal</name><bndbox><xmin>70</xmin><ymin>626</ymin><xmax>34</xmax><ymax>50</ymax></bndbox></object><object><name>proposal</name><bndbox><xmin>480</xmin><ymin>155</ymin><xmax>39</xmax><ymax>48</ymax></bndbox></object><object><name>proposal</name><bndbox><xmin>391</xmin><ymin>21</ymin><xmax>31</xmax><ymax>31</ymax></bndbox></object><object><name>proposal</name><bndbox><xmin>473</xmin><ymin>19</ymin><xmax>25</xmax><ymax>51</ymax></bndbox></object><object><name>proposal</name><bndbox><xmin>667</xmin><ymin>163</ymin><xmax>37</xmax><ymax>37</ymax></bndbox></object><object><name>proposal</name><bndbox><xmin>181</xmin><ymin>85</ymin><xmax>38</xmax><ymax>28</ymax></bndbox></object><object><name>proposal</name><bndbox><xmin>271</xmin><ymin>208</ymin><xmax>34</xmax><ymax>50</ymax></bndbox></object><object><name>proposal</name><bndbox><xmin>116</xmin><ymin>11</ymin><xmax>55</xmax><ymax>81</ymax></bndbox></object><object><name>proposal</name><bndbox><xmin>114</xmin><ymin>15</ymin><xmax>59</xmax><ymax>25</ymax></bndbox></object><object><name>proposal</name><bndbox><xmin>457</xmin><ymin>41</ymin><xmax>37</xmax><ymax>46</ymax></bndbox></object><object><name>proposal</name><bndbox><xmin>678</xmin><ymin>50</ymin><xmax>27</xmax><ymax>48</ymax></bndbox></object><object><name>proposal</name><bndbox><xmin>619</xmin><ymin>11</ymin><xmax>89</xmax><ymax>217</ymax></bndbox></object><object><name>proposal</name><bndbox><xmin>473</xmin><ymin>118</ymin><xmax>42</xmax><ymax>21</ymax></bndbox></object><object><name>proposal</name><bndbox><xmin>60</xmin><ymin>634</ymin><xmax>42</xmax><ymax>42</ymax></bndbox></object><object><name>proposal</name><bndbox><xmin>197</xmin><ymin>38</ymin><xmax>157</xmax><ymax>57</ymax></bndbox></object><object><name>proposal</name><bndbox><xmin>403</xmin><ymin>21</ymin><xmax>66</xmax><ymax>28</ymax></bndbox></object><object><name>proposal</name><bndbox><xmin>204</xmin><ymin>46</ymin><xmax>61</xmax><ymax>32</ymax></bndbox></object><object><name>proposal</name><bndbox><xmin>625</xmin><ymin>1</ymin><xmax>21</xmax><ymax>46</ymax></bndbox></object><object><name>proposal</name><bndbox><xmin>610</xmin><ymin>27</ymin><xmax>45</xmax><ymax>72</ymax></bndbox></object><object><name>proposal</name><bndbox><xmin>207</xmin><ymin>16</ymin><xmax>28</xmax><ymax>41</ymax></bndbox></object><object><name>proposal</name><bndbox><xmin>176</xmin><ymin>21</ymin><xmax>45</xmax><ymax>31</ymax></bndbox></object><object><name>proposal</name><bndbox><xmin>676</xmin><ymin>22</ymin><xmax>39</xmax><ymax>45</ymax></bndbox></object><object><name>proposal</name><bndbox><xmin>430</xmin><ymin>72</ymin><xmax>68</xmax><ymax>68</ymax></bndbox></object><object><name>proposal</name><bndbox><xmin>617</xmin><ymin>193</ymin><xmax>42</xmax><ymax>27</ymax></bndbox></object><object><name>proposal</name><bndbox><xmin>402</xmin><ymin>116</ymin><xmax>59</xmax><ymax>59</ymax></bndbox></object><object><name>proposal</name><bndbox><xmin>334</xmin><ymin>57</ymin><xmax>165</xmax><ymax>83</ymax></bndbox></object><object><name>proposal</name><bndbox><xmin>633</xmin><ymin>25</ymin><xmax>42</xmax><ymax>21</ymax></bndbox></object><object><name>proposal</name><bndbox><xmin>683</xmin><ymin>6</ymin><xmax>26</xmax><ymax>61</ymax></bndbox></object><object><name>proposal</name><bndbox><xmin>334</xmin><ymin>89</ymin><xmax>47</xmax><ymax>65</ymax></bndbox></object><object><name>proposal</name><bndbox><xmin>666</xmin><ymin>49</ymin><xmax>43</xmax><ymax>83</ymax></bndbox></object><object><name>proposal</name><bndbox><xmin>599</xmin><ymin>5</ymin><xmax>49</xmax><ymax>45</ymax></bndbox></object><object><name>proposal</name><bndbox><xmin>297</xmin><ymin>89</ymin><xmax>85</xmax><ymax>65</ymax></bndbox></object><object><name>proposal</name><bndbox><xmin>475</xmin><ymin>106</ymin><xmax>34</xmax><ymax>34</ymax></bndbox></object><object><name>proposal</name><bndbox><xmin>529</xmin><ymin>203</ymin><xmax>188</xmax><ymax>156</ymax></bndbox></object><object><name>proposal</name><bndbox><xmin>639</xmin><ymin>1</ymin><xmax>61</xmax><ymax>28</ymax></bndbox></object><object><name>proposal</name><bndbox><xmin>457</xmin><ymin>130</ymin><xmax>60</xmax><ymax>41</ymax></bndbox></object><object><name>proposal</name><bndbox><xmin>158</xmin><ymin>37</ymin><xmax>46</xmax><ymax>37</ymax></bndbox></object><object><name>proposal</name><bndbox><xmin>640</xmin><ymin>203</ymin><xmax>55</xmax><ymax>23</ymax></bndbox></object><object><name>proposal</name><bndbox><xmin>60</xmin><ymin>656</ymin><xmax>42</xmax><ymax>29</ymax></bndbox></object><object><name>proposal</name><bndbox><xmin>668</xmin><ymin>155</ymin><xmax>27</xmax><ymax>45</ymax></bndbox></object><object><name>proposal</name><bndbox><xmin>475</xmin><ymin>41</ymin><xmax>21</xmax><ymax>50</ymax></bndbox></object><object><name>proposal</name><bndbox><xmin>482</xmin><ymin>154</ymin><xmax>53</xmax><ymax>53</ymax></bndbox></object><object><name>proposal</name><bndbox><xmin>199</xmin><ymin>16</ymin><xmax>26</xmax><ymax>41</ymax></bndbox></object><object><name>proposal</name><bndbox><xmin>193</xmin><ymin>43</ymin><xmax>107</xmax><ymax>47</ymax></bndbox></object><object><name>proposal</name><bndbox><xmin>428</xmin><ymin>92</ymin><xmax>45</xmax><ymax>45</ymax></bndbox></object><object><name>proposal</name><bndbox><xmin>486</xmin><ymin>21</ymin><xmax>31</xmax><ymax>31</ymax></bndbox></object><object><name>proposal</name><bndbox><xmin>589</xmin><ymin>18</ymin><xmax>60</xmax><ymax>38</ymax></bndbox></object><object><name>proposal</name><bndbox><xmin>424</xmin><ymin>86</ymin><xmax>37</xmax><ymax>50</ymax></bndbox></object><object><name>proposal</name><bndbox><xmin>657</xmin><ymin>205</ymin><xmax>42</xmax><ymax>21</ymax></bndbox></object><object><name>proposal</name><bndbox><xmin>644</xmin><ymin>185</ymin><xmax>51</xmax><ymax>25</ymax></bndbox></object><object><name>proposal</name><bndbox><xmin>433</xmin><ymin>120</ymin><xmax>29</xmax><ymax>48</ymax></bndbox></object><object><name>proposal</name><bndbox><xmin>640</xmin><ymin>176</ymin><xmax>53</xmax><ymax>45</ymax></bndbox></object><object><name>proposal</name><bndbox><xmin>438</xmin><ymin>114</ymin><xmax>122</xmax><ymax>97</ymax></bndbox></object><object><name>proposal</name><bndbox><xmin>634</xmin><ymin>36</ymin><xmax>71</xmax><ymax>30</ymax></bndbox></object><object><name>proposal</name><bndbox><xmin>446</xmin><ymin>127</ymin><xmax>50</xmax><ymax>37</ymax></bndbox></object><object><name>proposal</name><bndbox><xmin>474</xmin><ymin>124</ymin><xmax>60</xmax><ymax>47</ymax></bndbox></object><object><name>proposal</name><bndbox><xmin>320</xmin><ymin>92</ymin><xmax>65</xmax><ymax>44</ymax></bndbox></object><object><name>proposal</name><bndbox><xmin>459</xmin><ymin>131</ymin><xmax>45</xmax><ymax>33</ymax></bndbox></object><object><name>proposal</name><bndbox><xmin>671</xmin><ymin>196</ymin><xmax>31</xmax><ymax>31</ymax></bndbox></object><object><name>proposal</name><bndbox><xmin>337</xmin><ymin>9</ymin><xmax>21</xmax><ymax>42</ymax></bndbox></object><object><name>proposal</name><bndbox><xmin>211</xmin><ymin>29</ymin><xmax>35</xmax><ymax>26</ymax></bndbox></object><object><name>proposal</name><bndbox><xmin>171</xmin><ymin>21</ymin><xmax>31</xmax><ymax>31</ymax></bndbox></object><object><name>proposal</name><bndbox><xmin>484</xmin><ymin>133</ymin><xmax>34</xmax><ymax>37</ymax></bndbox></object><object><name>proposal</name><bndbox><xmin>644</xmin><ymin>51</ymin><xmax>61</xmax><ymax>28</ymax></bndbox></object><object><name>proposal</name><bndbox><xmin>591</xmin><ymin>27</ymin><xmax>55</xmax><ymax>72</ymax></bndbox></object><object><name>proposal</name><bndbox><xmin>337</xmin><ymin>10</ymin><xmax>46</xmax><ymax>21</ymax></bndbox></object><object><name>proposal</name><bndbox><xmin>384</xmin><ymin>20</ymin><xmax>69</xmax><ymax>111</ymax></bndbox></object><object><name>proposal</name><bndbox><xmin>665</xmin><ymin>178</ymin><xmax>42</xmax><ymax>21</ymax></bndbox></object><object><name>proposal</name><bndbox><xmin>346</xmin><ymin>19</ymin><xmax>135</xmax><ymax>69</ymax></bndbox></object><object><name>proposal</name><bndbox><xmin>666</xmin><ymin>76</ymin><xmax>31</xmax><ymax>31</ymax></bndbox></object><object><name>proposal</name><bndbox><xmin>82</xmin><ymin>657</ymin><xmax>21</xmax><ymax>42</ymax></bndbox></object><object><name>proposal</name><bndbox><xmin>337</xmin><ymin>4</ymin><xmax>46</xmax><ymax>21</ymax></bndbox></object><object><name>proposal</name><bndbox><xmin>681</xmin><ymin>46</ymin><xmax>36</xmax><ymax>21</ymax></bndbox></object><object><name>proposal</name><bndbox><xmin>219</xmin><ymin>10</ymin><xmax>29</xmax><ymax>55</ymax></bndbox></object><object><name>proposal</name><bndbox><xmin>207</xmin><ymin>49</ymin><xmax>26</xmax><ymax>38</ymax></bndbox></object><object><name>proposal</name><bndbox><xmin>442</xmin><ymin>37</ymin><xmax>57</xmax><ymax>49</ymax></bndbox></object><object><name>proposal</name><bndbox><xmin>232</xmin><ymin>41</ymin><xmax>45</xmax><ymax>31</ymax></bndbox></object></annotation>