<annotation><folder>Proposals</folder><filename>img-10.jpg</filename><size><width>720</width><height>720</height><depth>3</depth></size><object><name>proposal</name><bndbox><xmin>553</xmin><ymin>113</ymin><xmax>164</xmax><ymax>204</ymax></bndbox></object><object><name>proposal</name><bndbox><xmin>673</xmin><ymin>77</ymin><xmax>43</xmax><ymax>79</ymax></bndbox></object><object><name>proposal</name><bndbox><xmin>551</xmin><ymin>214</ymin><xmax>84</xmax><ymax>103</ymax></bndbox></object><object><name>proposal</name><bndbox><xmin>547</xmin><ymin>113</ymin><xmax>106</xmax><ymax>203</ymax></bndbox></object><object><name>proposal</name><bndbox><xmin>646</xmin><ymin>113</ymin><xmax>38</xmax><ymax>28</ymax></bndbox></object><object><name>proposal</name><bndbox><xmin>541</xmin><ymin>53</ymin><xmax>175</xmax><ymax>295</ymax></bndbox></object><object><name>proposal</name><bndbox><xmin>553</xmin><ymin>112</ymin><xmax>164</xmax><ymax>329</ymax></bndbox></object><object><name>proposal</name><bndbox><xmin>632</xmin><ymin>111</ymin><xmax>83</xmax><ymax>62</ymax></bndbox></object><object><name>proposal</name><bndbox><xmin>644</xmin><ymin>113</ymin><xmax>73</xmax><ymax>44</ymax></bndbox></object><object><name>proposal</name><bndbox><xmin>673</xmin><ymin>113</ymin><xmax>45</xmax><ymax>45</ymax></bndbox></object><object><name>proposal</name><bndbox><xmin>642</xmin><ymin>113</ymin><xmax>45</xmax><ymax>42</ymax></bndbox></object><object><name>proposal</name><bndbox><xmin>291</xmin><ymin>288</ymin><xmax>45</xmax><ymax>45</ymax></bndbox></object><object><name>proposal</name><bndbox><xmin>1</xmin><ymin>1</ymin><xmax>172</xmax><ymax>176</ymax></bndbox></object><object><name>proposal</name><bndbox><xmin>646</xmin><ymin>88</ymin><xmax>37</xmax><ymax>34</ymax></bndbox></object><object><name>proposal</name><bndbox><xmin>647</xmin><ymin>77</ymin><xmax>73</xmax><ymax>80</ymax></bndbox></object><object><name>proposal</name><bndbox><xmin>553</xmin><ymin>239</ymin><xmax>68</xmax><ymax>77</ymax></bndbox></object><object><name>proposal</name><bndbox><xmin>644</xmin><ymin>62</ymin><xmax>74</xmax><ymax>71</ymax></bndbox></object><object><name>proposal</name><bndbox><xmin>553</xmin><ymin>270</ymin><xmax>83</xmax><ymax>47</ymax></bndbox></object><object><name>proposal</name><bndbox><xmin>550</xmin><ymin>156</ymin><xmax>129</xmax><ymax>161</ymax></bndbox></object><object><name>proposal</name><bndbox><xmin>507</xmin><ymin>91</ymin><xmax>145</xmax><ymax>225</ymax></bndbox></object><object><name>proposal</name><bndbox><xmin>670</xmin><ymin>72</ymin><xmax>47</xmax><ymax>60</ymax></bndbox></object><object><name>proposal</name><bndbox><xmin>5</xmin><ymin>4</ymin><xmax>45</xmax><ymax>84</ymax></bndbox></object><object><name>proposal</name><bndbox><xmin>4</xmin><ymin>4</ymin><xmax>713</xmax><ymax>329</ymax></bndbox></object><object><name>proposal</name><bndbox><xmin>668</xmin><ymin>40</ymin><xmax>50</xmax><ymax>119</ymax></bndbox></object><object><name>proposal</name><bndbox><xmin>393</xmin><ymin>77</ymin><xmax>324</xmax><ymax>240</ymax></bndbox></object><object><name>proposal</name><bndbox><xmin>638</xmin><ymin>111</ymin><xmax>53</xmax><ymax>63</ymax></bndbox></object><object><name>proposal</name><bndbox><xmin>624</xmin><ymin>110</ymin><xmax>92</xmax><ymax>102</ymax></bndbox></object><object><name>proposal</name><bndbox><xmin>1</xmin><ymin>1</ymin><xmax>683</xmax><ymax>716</ymax></bndbox></object><object><name>proposal</name><bndbox><xmin>633</xmin><ymin>113</ymin><xmax>60</xmax><ymax>97</ymax></bndbox></object><object><name>proposal</name><bndbox><xmin>635</xmin><ymin>95</ymin><xmax>51</xmax><ymax>27</ymax></bndbox></object><object><name>proposal</name><bndbox><xmin>641</xmin><ymin>40</ymin><xmax>76</xmax><ymax>117</ymax></bndbox></object><object><name>proposal</name><bndbox><xmin>6</xmin><ymin>4</ymin><xmax>65</xmax><ymax>44</ymax></bndbox></object><object><name>proposal</name><bndbox><xmin>483</xmin><ymin>33</ymin><xmax>207</xmax><ymax>284</ymax></bndbox></object><object><name>proposal</name><bndbox><xmin>239</xmin><ymin>110</ymin><xmax>414</xmax><ymax>606</ymax></bndbox></object><object><name>proposal</name><bndbox><xmin>291</xmin><ymin>242</ymin><xmax>46</xmax><ymax>91</ymax></bndbox></object><object><name>proposal</name><bndbox><xmin>645</xmin><ymin>95</ymin><xmax>55</xmax><ymax>27</ymax></bndbox></object><object><name>proposal</name><bndbox><xmin>290</xmin><ymin>291</ymin><xmax>69</xmax><ymax>49</ymax></bndbox></object><object><name>proposal</name><bndbox><xmin>686</xmin><ymin>72</ymin><xmax>30</xmax><ymax>61</ymax></bndbox></object><object><name>proposal</name><bndbox><xmin>4</xmin><ymin>4</ymin><xmax>71</xmax><ymax>77</ymax></bndbox></object><object><name>proposal</name><bndbox><xmin>282</xmin><ymin>32</ymin><xmax>438</xmax><ymax>300</ymax></bndbox></object><object><name>proposal</name><bndbox><xmin>291</xmin><ymin>295</ymin><xmax>33</xmax><ymax>42</ymax></bndbox></object><object><name>proposal</name><bndbox><xmin>319</xmin><ymin>106</ymin><xmax>371</xmax><ymax>220</ymax></bndbox></object><object><name>proposal</name><bndbox><xmin>273</xmin><ymin>113</ymin><xmax>379</xmax><ymax>350</ymax></bndbox></object><object><name>proposal</name><bndbox><xmin>4</xmin><ymin>3</ymin><xmax>277</xmax><ymax>189</ymax></bndbox></object><object><name>proposal</name><bndbox><xmin>624</xmin><ymin>111</ymin><xmax>93</xmax><ymax>157</ymax></bndbox></object><object><name>proposal</name><bndbox><xmin>290</xmin><ymin>261</ymin><xmax>36</xmax><ymax>73</ymax></bndbox></object><object><name>proposal</name><bndbox><xmin>418</xmin><ymin>679</ymin><xmax>45</xmax><ymax>35</ymax></bndbox></object><object><name>proposal</name><bndbox><xmin>290</xmin><ymin>270</ymin><xmax>65</xmax><ymax>62</ymax></bndbox></object><object><name>proposal</name><bndbox><xmin>95</xmin><ymin>216</ymin><xmax>540</xmax><ymax>498</ymax></bndbox></object><object><name>proposal</name><bndbox><xmin>644</xmin><ymin>77</ymin><xmax>45</xmax><ymax>49</ymax></bndbox></object><object><name>proposal</name><bndbox><xmin>4</xmin><ymin>3</ymin><xmax>84</xmax><ymax>57</ymax></bndbox></object><object><name>proposal</name><bndbox><xmin>3</xmin><ymin>4</ymin><xmax>189</xmax><ymax>277</ymax></bndbox></object><object><name>proposal</name><bndbox><xmin>553</xmin><ymin>197</ymin><xmax>115</xmax><ymax>126</ymax></bndbox></object><object><name>proposal</name><bndbox><xmin>290</xmin><ymin>295</ymin><xmax>118</xmax><ymax>46</ymax></bndbox></object><object><name>proposal</name><bndbox><xmin>373</xmin><ymin>177</ymin><xmax>264</xmax><ymax>538</ymax></bndbox></object><object><name>proposal</name><bndbox><xmin>289</xmin><ymin>245</ymin><xmax>64</xmax><ymax>97</ymax></bndbox></object><object><name>proposal</name><bndbox><xmin>1</xmin><ymin>4</ymin><xmax>410</xmax><ymax>337</ymax></bndbox></object><object><name>proposal</name><bndbox><xmin>146</xmin><ymin>113</ymin><xmax>545</xmax><ymax>227</ymax></bndbox></object><object><name>proposal</name><bndbox><xmin>421</xmin><ymin>695</ymin><xmax>38</xmax><ymax>19</ymax></bndbox></object><object><name>proposal</name><bndbox><xmin>417</xmin><ymin>656</ymin><xmax>93</xmax><ymax>59</ymax></bndbox></object><object><name>proposal</name><bndbox><xmin>291</xmin><ymin>293</ymin><xmax>57</xmax><ymax>63</ymax></bndbox></object><object><name>proposal</name><bndbox><xmin>6</xmin><ymin>1</ymin><xmax>50</xmax><ymax>119</ymax></bndbox></object><object><name>proposal</name><bndbox><xmin>286</xmin><ymin>152</ymin><xmax>358</xmax><ymax>198</ymax></bndbox></object><object><name>proposal</name><bndbox><xmin>4</xmin><ymin>4</ymin><xmax>45</xmax><ymax>45</ymax></bndbox></object><object><name>proposal</name><bndbox><xmin>614</xmin><ymin>53</ymin><xmax>106</xmax><ymax>80</ymax></bndbox></object><object><name>proposal</name><bndbox><xmin>632</xmin><ymin>5</ymin><xmax>84</xmax><ymax>166</ymax></bndbox></object><object><name>proposal</name><bndbox><xmin>278</xmin><ymin>173</ymin><xmax>359</xmax><ymax>384</ymax></bndbox></object><object><name>proposal</name><bndbox><xmin>289</xmin><ymin>216</ymin><xmax>348</xmax><ymax>246</ymax></bndbox></object><object><name>proposal</name><bndbox><xmin>421</xmin><ymin>688</ymin><xmax>37</xmax><ymax>29</ymax></bndbox></object><object><name>proposal</name><bndbox><xmin>291</xmin><ymin>217</ymin><xmax>345</xmax><ymax>147</ymax></bndbox></object><object><name>proposal</name><bndbox><xmin>5</xmin><ymin>1</ymin><xmax>53</xmax><ymax>57</ymax></bndbox></object><object><name>proposal</name><bndbox><xmin>221</xmin><ymin>295</ymin><xmax>99</xmax><ymax>39</ymax></bndbox></object><object><name>proposal</name><bndbox><xmin>342</xmin><ymin>221</ymin><xmax>60</xmax><ymax>44</ymax></bndbox></object><object><name>proposal</name><bndbox><xmin>288</xmin><ymin>219</ymin><xmax>120</xmax><ymax>125</ymax></bndbox></object><object><name>proposal</name><bndbox><xmin>376</xmin><ymin>296</ymin><xmax>31</xmax><ymax>31</ymax></bndbox></object><object><name>proposal</name><bndbox><xmin>416</xmin><ymin>80</ymin><xmax>301</xmax><ymax>637</ymax></bndbox></object><object><name>proposal</name><bndbox><xmin>632</xmin><ymin>78</ymin><xmax>84</xmax><ymax>114</ymax></bndbox></object><object><name>proposal</name><bndbox><xmin>4</xmin><ymin>4</ymin><xmax>220</xmax><ymax>481</ymax></bndbox></object><object><name>proposal</name><bndbox><xmin>288</xmin><ymin>278</ymin><xmax>119</xmax><ymax>55</ymax></bndbox></object><object><name>proposal</name><bndbox><xmin>100</xmin><ymin>88</ymin><xmax>584</xmax><ymax>512</ymax></bndbox></object><object><name>proposal</name><bndbox><xmin>621</xmin><ymin>79</ymin><xmax>63</xmax><ymax>45</ymax></bndbox></object><object><name>proposal</name><bndbox><xmin>67</xmin><ymin>112</ymin><xmax>650</xmax><ymax>335</ymax></bndbox></object><object><name>proposal</name><bndbox><xmin>637</xmin><ymin>62</ymin><xmax>47</xmax><ymax>69</ymax></bndbox></object><object><name>proposal</name><bndbox><xmin>647</xmin><ymin>79</ymin><xmax>69</xmax><ymax>47</ymax></bndbox></object><object><name>proposal</name><bndbox><xmin>5</xmin><ymin>1</ymin><xmax>93</xmax><ymax>97</ymax></bndbox></object><object><name>proposal</name><bndbox><xmin>3</xmin><ymin>4</ymin><xmax>334</xmax><ymax>460</ymax></bndbox></object><object><name>proposal</name><bndbox><xmin>596</xmin><ymin>112</ymin><xmax>124</xmax><ymax>238</ymax></bndbox></object><object><name>proposal</name><bndbox><xmin>342</xmin><ymin>221</ymin><xmax>58</xmax><ymax>69</ymax></bndbox></object><object><name>proposal</name><bndbox><xmin>170</xmin><ymin>263</ymin><xmax>466</xmax><ymax>337</ymax></bndbox></object><object><name>proposal</name><bndbox><xmin>417</xmin><ymin>676</ymin><xmax>70</xmax><ymax>39</ymax></bndbox></object><object><name>proposal</name><bndbox><xmin>624</xmin><ymin>76</ymin><xmax>93</xmax><ymax>242</ymax></bndbox></object><object><name>proposal</name><bndbox><xmin>341</xmin><ymin>221</ymin><xmax>77</xmax><ymax>56</ymax></bndbox></object><object><name>proposal</name><bndbox><xmin>285</xmin><ymin>229</ymin><xmax>40</xmax><ymax>103</ymax></bndbox></object><object><name>proposal</name><bndbox><xmin>290</xmin><ymin>270</ymin><xmax>94</xmax><ymax>72</ymax></bndbox></object><object><name>proposal</name><bndbox><xmin>4</xmin><ymin>4</ymin><xmax>145</xmax><ymax>67</ymax></bndbox></object><object><name>proposal</name><bndbox><xmin>356</xmin><ymin>303</ymin><xmax>51</xmax><ymax>23</ymax></bndbox></object><object><name>proposal</name><bndbox><xmin>243</xmin><ymin>267</ymin><xmax>392</xmax><ymax>234</ymax></bndbox></object><object><name>proposal</name><bndbox><xmin>342</xmin><ymin>219</ymin><xmax>66</xmax><ymax>107</ymax></bndbox></object><object><name>proposal</name><bndbox><xmin>275</xmin><ymin>295</ymin><xmax>46</xmax><ymax>37</ymax></bndbox></object><object><name>proposal</name><bndbox><xmin>289</xmin><ymin>285</ymin><xmax>80</xmax><ymax>68</ymax></bndbox></object><object><name>proposal</name><bndbox><xmin>341</xmin><ymin>221</ymin><xmax>91</xmax><ymax>40</ymax></bndbox></object><object><name>proposal</name><bndbox><xmin>376</xmin><ymin>271</ymin><xmax>263</xmax><ymax>151</ymax></bndbox></object><object><name>proposal</name><bndbox><xmin>288</xmin><ymin>293</ymin><xmax>122</xmax><ymax>73</ymax></bndbox></object><object><name>proposal</name><bndbox><xmin>306</xmin><ymin>236</ymin><xmax>31</xmax><ymax>31</ymax></bndbox></object><object><name>proposal</name><bndbox><xmin>570</xmin><ymin>50</ymin><xmax>147</xmax><ymax>85</ymax></bndbox></object><object><name>proposal</name><bndbox><xmin>255</xmin><ymin>221</ymin><xmax>316</xmax><ymax>494</ymax></bndbox></object><object><name>proposal</name><bndbox><xmin>223</xmin><ymin>293</ymin><xmax>98</xmax><ymax>60</ymax></bndbox></object><object><name>proposal</name><bndbox><xmin>210</xmin><ymin>283</ymin><xmax>111</xmax><ymax>57</ymax></bndbox></object><object><name>proposal</name><bndbox><xmin>590</xmin><ymin>1</ymin><xmax>127</xmax><ymax>157</ymax></bndbox></object><object><name>proposal</name><bndbox><xmin>323</xmin><ymin>656</ymin><xmax>135</xmax><ymax>59</ymax></bndbox></object><object><name>proposal</name><bndbox><xmin>343</xmin><ymin>204</ymin><xmax>277</xmax><ymax>122</ymax></bndbox></object><object><name>proposal</name><bndbox><xmin>415</xmin><ymin>641</ymin><xmax>128</xmax><ymax>76</ymax></bndbox></object><object><name>proposal</name><bndbox><xmin>383</xmin><ymin>275</ymin><xmax>25</xmax><ymax>51</ymax></bndbox></object><object><name>proposal</name><bndbox><xmin>6</xmin><ymin>1</ymin><xmax>110</xmax><ymax>125</ymax></bndbox></object><object><name>proposal</name><bndbox><xmin>248</xmin><ymin>295</ymin><xmax>72</xmax><ymax>89</ymax></bndbox></object><object><name>proposal</name><bndbox><xmin>573</xmin><ymin>109</ymin><xmax>80</xmax><ymax>80</ymax></bndbox></object><object><name>proposal</name><bndbox><xmin>598</xmin><ymin>75</ymin><xmax>53</xmax><ymax>114</ymax></bndbox></object><object><name>proposal</name><bndbox><xmin>290</xmin><ymin>295</ymin><xmax>63</xmax><ymax>89</ymax></bndbox></object><object><name>proposal</name><bndbox><xmin>259</xmin><ymin>539</ymin><xmax>243</xmax><ymax>177</ymax></bndbox></object><object><name>proposal</name><bndbox><xmin>477</xmin><ymin>112</ymin><xmax>240</xmax><ymax>484</ymax></bndbox></object><object><name>proposal</name><bndbox><xmin>269</xmin><ymin>237</ymin><xmax>68</xmax><ymax>96</ymax></bndbox></object><object><name>proposal</name><bndbox><xmin>642</xmin><ymin>45</ymin><xmax>53</xmax><ymax>85</ymax></bndbox></object><object><name>proposal</name><bndbox><xmin>280</xmin><ymin>293</ymin><xmax>41</xmax><ymax>99</ymax></bndbox></object><object><name>proposal</name><bndbox><xmin>417</xmin><ymin>655</ymin><xmax>157</xmax><ymax>59</ymax></bndbox></object><object><name>proposal</name><bndbox><xmin>341</xmin><ymin>77</ymin><xmax>375</xmax><ymax>174</ymax></bndbox></object><object><name>proposal</name><bndbox><xmin>413</xmin><ymin>49</ymin><xmax>304</xmax><ymax>121</ymax></bndbox></object><object><name>proposal</name><bndbox><xmin>321</xmin><ymin>247</ymin><xmax>42</xmax><ymax>21</ymax></bndbox></object><object><name>proposal</name><bndbox><xmin>417</xmin><ymin>609</ymin><xmax>173</xmax><ymax>108</ymax></bndbox></object><object><name>proposal</name><bndbox><xmin>342</xmin><ymin>149</ymin><xmax>58</xmax><ymax>101</ymax></bndbox></object><object><name>proposal</name><bndbox><xmin>298</xmin><ymin>241</ymin><xmax>41</xmax><ymax>24</ymax></bndbox></object><object><name>proposal</name><bndbox><xmin>605</xmin><ymin>67</ymin><xmax>81</xmax><ymax>63</ymax></bndbox></object><object><name>proposal</name><bndbox><xmin>159</xmin><ymin>453</ymin><xmax>390</xmax><ymax>261</ymax></bndbox></object><object><name>proposal</name><bndbox><xmin>365</xmin><ymin>284</ymin><xmax>42</xmax><ymax>42</ymax></bndbox></object><object><name>proposal</name><bndbox><xmin>551</xmin><ymin>264</ymin><xmax>65</xmax><ymax>50</ymax></bndbox></object><object><name>proposal</name><bndbox><xmin>385</xmin><ymin>186</ymin><xmax>227</xmax><ymax>316</ymax></bndbox></object><object><name>proposal</name><bndbox><xmin>668</xmin><ymin>116</ymin><xmax>47</xmax><ymax>151</ymax></bndbox></object><object><name>proposal</name><bndbox><xmin>565</xmin><ymin>254</ymin><xmax>47</xmax><ymax>65</ymax></bndbox></object><object><name>proposal</name><bndbox><xmin>637</xmin><ymin>29</ymin><xmax>48</xmax><ymax>109</ymax></bndbox></object><object><name>proposal</name><bndbox><xmin>321</xmin><ymin>247</ymin><xmax>28</xmax><ymax>41</ymax></bndbox></object><object><name>proposal</name><bndbox><xmin>540</xmin><ymin>293</ymin><xmax>63</xmax><ymax>93</ymax></bndbox></object><object><name>proposal</name><bndbox><xmin>525</xmin><ymin>27</ymin><xmax>191</xmax><ymax>142</ymax></bndbox></object><object><name>proposal</name><bndbox><xmin>309</xmin><ymin>618</ymin><xmax>159</xmax><ymax>97</ymax></bndbox></object><object><name>proposal</name><bndbox><xmin>463</xmin><ymin>271</ymin><xmax>173</xmax><ymax>110</ymax></bndbox></object><object><name>proposal</name><bndbox><xmin>393</xmin><ymin>16</ymin><xmax>324</xmax><ymax>192</ymax></bndbox></object><object><name>proposal</name><bndbox><xmin>342</xmin><ymin>214</ymin><xmax>60</xmax><ymax>38</ymax></bndbox></object><object><name>proposal</name><bndbox><xmin>594</xmin><ymin>271</ymin><xmax>126</xmax><ymax>109</ymax></bndbox></object><object><name>proposal</name><bndbox><xmin>421</xmin><ymin>681</ymin><xmax>31</xmax><ymax>31</ymax></bndbox></object><object><name>proposal</name><bndbox><xmin>309</xmin><ymin>407</ymin><xmax>194</xmax><ymax>309</ymax></bndbox></object><object><name>proposal</name><bndbox><xmin>263</xmin><ymin>208</ymin><xmax>80</xmax><ymax>128</ymax></bndbox></object><object><name>proposal</name><bndbox><xmin>275</xmin><ymin>276</ymin><xmax>45</xmax><ymax>57</ymax></bndbox></object><object><name>proposal</name><bndbox><xmin>389</xmin><ymin>267</ymin><xmax>23</xmax><ymax>59</ymax></bndbox></object><object><name>proposal</name><bndbox><xmin>210</xmin><ymin>242</ymin><xmax>110</xmax><ymax>93</ymax></bndbox></object><object><name>proposal</name><bndbox><xmin>610</xmin><ymin>93</ymin><xmax>43</xmax><ymax>79</ymax></bndbox></object><object><name>proposal</name><bndbox><xmin>447</xmin><ymin>104</ymin><xmax>207</xmax><ymax>147</ymax></bndbox></object><object><name>proposal</name><bndbox><xmin>496</xmin><ymin>74</ymin><xmax>191</xmax><ymax>114</ymax></bndbox></object><object><name>proposal</name><bndbox><xmin>353</xmin><ymin>655</ymin><xmax>93</xmax><ymax>56</ymax></bndbox></object><object><name>proposal</name><bndbox><xmin>376</xmin><ymin>302</ymin><xmax>31</xmax><ymax>42</ymax></bndbox></object></annotation>