<annotation><folder>Proposals</folder><filename>img-263.jpg</filename><size><width>720</width><height>720</height><depth>3</depth></size><object><name>proposal</name><bndbox><xmin>582</xmin><ymin>4</ymin><xmax>135</xmax><ymax>65</ymax></bndbox></object><object><name>proposal</name><bndbox><xmin>581</xmin><ymin>23</ymin><xmax>134</xmax><ymax>53</ymax></bndbox></object><object><name>proposal</name><bndbox><xmin>582</xmin><ymin>16</ymin><xmax>135</xmax><ymax>87</ymax></bndbox></object><object><name>proposal</name><bndbox><xmin>581</xmin><ymin>25</ymin><xmax>136</xmax><ymax>168</ymax></bndbox></object><object><name>proposal</name><bndbox><xmin>582</xmin><ymin>45</ymin><xmax>135</xmax><ymax>96</ymax></bndbox></object><object><name>proposal</name><bndbox><xmin>517</xmin><ymin>25</ymin><xmax>198</xmax><ymax>141</ymax></bndbox></object><object><name>proposal</name><bndbox><xmin>539</xmin><ymin>25</ymin><xmax>177</xmax><ymax>207</ymax></bndbox></object><object><name>proposal</name><bndbox><xmin>581</xmin><ymin>43</ymin><xmax>135</xmax><ymax>65</ymax></bndbox></object><object><name>proposal</name><bndbox><xmin>582</xmin><ymin>8</ymin><xmax>135</xmax><ymax>271</ymax></bndbox></object><object><name>proposal</name><bndbox><xmin>517</xmin><ymin>9</ymin><xmax>198</xmax><ymax>105</ymax></bndbox></object><object><name>proposal</name><bndbox><xmin>353</xmin><ymin>278</ymin><xmax>60</xmax><ymax>47</ymax></bndbox></object><object><name>proposal</name><bndbox><xmin>456</xmin><ymin>24</ymin><xmax>261</xmax><ymax>165</ymax></bndbox></object><object><name>proposal</name><bndbox><xmin>351</xmin><ymin>281</ymin><xmax>45</xmax><ymax>45</ymax></bndbox></object><object><name>proposal</name><bndbox><xmin>478</xmin><ymin>42</ymin><xmax>238</xmax><ymax>89</ymax></bndbox></object><object><name>proposal</name><bndbox><xmin>490</xmin><ymin>8</ymin><xmax>225</xmax><ymax>262</ymax></bndbox></object><object><name>proposal</name><bndbox><xmin>352</xmin><ymin>253</ymin><xmax>45</xmax><ymax>71</ymax></bndbox></object><object><name>proposal</name><bndbox><xmin>427</xmin><ymin>9</ymin><xmax>290</xmax><ymax>123</ymax></bndbox></object><object><name>proposal</name><bndbox><xmin>353</xmin><ymin>272</ymin><xmax>81</xmax><ymax>54</ymax></bndbox></object><object><name>proposal</name><bndbox><xmin>616</xmin><ymin>9</ymin><xmax>35</xmax><ymax>24</ymax></bndbox></object><object><name>proposal</name><bndbox><xmin>326</xmin><ymin>239</ymin><xmax>45</xmax><ymax>42</ymax></bndbox></object><object><name>proposal</name><bndbox><xmin>320</xmin><ymin>253</ymin><xmax>49</xmax><ymax>57</ymax></bndbox></object><object><name>proposal</name><bndbox><xmin>352</xmin><ymin>255</ymin><xmax>68</xmax><ymax>74</ymax></bndbox></object><object><name>proposal</name><bndbox><xmin>352</xmin><ymin>283</ymin><xmax>89</xmax><ymax>60</ymax></bndbox></object><object><name>proposal</name><bndbox><xmin>325</xmin><ymin>206</ymin><xmax>47</xmax><ymax>75</ymax></bndbox></object><object><name>proposal</name><bndbox><xmin>527</xmin><ymin>6</ymin><xmax>189</xmax><ymax>392</ymax></bndbox></object><object><name>proposal</name><bndbox><xmin>326</xmin><ymin>16</ymin><xmax>389</xmax><ymax>172</ymax></bndbox></object><object><name>proposal</name><bndbox><xmin>326</xmin><ymin>228</ymin><xmax>69</xmax><ymax>53</ymax></bndbox></object><object><name>proposal</name><bndbox><xmin>325</xmin><ymin>251</ymin><xmax>56</xmax><ymax>30</ymax></bndbox></object><object><name>proposal</name><bndbox><xmin>309</xmin><ymin>253</ymin><xmax>61</xmax><ymax>85</ymax></bndbox></object><object><name>proposal</name><bndbox><xmin>352</xmin><ymin>223</ymin><xmax>48</xmax><ymax>105</ymax></bndbox></object><object><name>proposal</name><bndbox><xmin>297</xmin><ymin>253</ymin><xmax>72</xmax><ymax>53</ymax></bndbox></object><object><name>proposal</name><bndbox><xmin>323</xmin><ymin>9</ymin><xmax>392</xmax><ymax>334</ymax></bndbox></object><object><name>proposal</name><bndbox><xmin>599</xmin><ymin>9</ymin><xmax>51</xmax><ymax>23</ymax></bndbox></object><object><name>proposal</name><bndbox><xmin>326</xmin><ymin>242</ymin><xmax>68</xmax><ymax>83</ymax></bndbox></object><object><name>proposal</name><bndbox><xmin>326</xmin><ymin>244</ymin><xmax>85</xmax><ymax>39</ymax></bndbox></object><object><name>proposal</name><bndbox><xmin>688</xmin><ymin>74</ymin><xmax>27</xmax><ymax>45</ymax></bndbox></object><object><name>proposal</name><bndbox><xmin>352</xmin><ymin>242</ymin><xmax>88</xmax><ymax>84</ymax></bndbox></object><object><name>proposal</name><bndbox><xmin>351</xmin><ymin>271</ymin><xmax>124</xmax><ymax>71</ymax></bndbox></object><object><name>proposal</name><bndbox><xmin>324</xmin><ymin>240</ymin><xmax>156</xmax><ymax>87</ymax></bndbox></object><object><name>proposal</name><bndbox><xmin>215</xmin><ymin>252</ymin><xmax>179</xmax><ymax>76</ymax></bndbox></object><object><name>proposal</name><bndbox><xmin>352</xmin><ymin>283</ymin><xmax>57</xmax><ymax>60</ymax></bndbox></object><object><name>proposal</name><bndbox><xmin>326</xmin><ymin>179</ymin><xmax>68</xmax><ymax>145</ymax></bndbox></object><object><name>proposal</name><bndbox><xmin>324</xmin><ymin>233</ymin><xmax>100</xmax><ymax>48</ymax></bndbox></object><object><name>proposal</name><bndbox><xmin>322</xmin><ymin>176</ymin><xmax>46</xmax><ymax>105</ymax></bndbox></object><object><name>proposal</name><bndbox><xmin>271</xmin><ymin>251</ymin><xmax>98</xmax><ymax>75</ymax></bndbox></object><object><name>proposal</name><bndbox><xmin>325</xmin><ymin>205</ymin><xmax>76</xmax><ymax>76</ymax></bndbox></object><object><name>proposal</name><bndbox><xmin>684</xmin><ymin>67</ymin><xmax>33</xmax><ymax>21</ymax></bndbox></object><object><name>proposal</name><bndbox><xmin>450</xmin><ymin>7</ymin><xmax>267</xmax><ymax>457</ymax></bndbox></object><object><name>proposal</name><bndbox><xmin>523</xmin><ymin>372</ymin><xmax>29</xmax><ymax>45</ymax></bndbox></object><object><name>proposal</name><bndbox><xmin>324</xmin><ymin>216</ymin><xmax>97</xmax><ymax>110</ymax></bndbox></object><object><name>proposal</name><bndbox><xmin>352</xmin><ymin>207</ymin><xmax>86</xmax><ymax>135</ymax></bndbox></object><object><name>proposal</name><bndbox><xmin>352</xmin><ymin>281</ymin><xmax>42</xmax><ymax>75</ymax></bndbox></object><object><name>proposal</name><bndbox><xmin>326</xmin><ymin>253</ymin><xmax>222</xmax><ymax>91</ymax></bndbox></object><object><name>proposal</name><bndbox><xmin>691</xmin><ymin>61</ymin><xmax>29</xmax><ymax>31</ymax></bndbox></object><object><name>proposal</name><bndbox><xmin>352</xmin><ymin>193</ymin><xmax>65</xmax><ymax>131</ymax></bndbox></object><object><name>proposal</name><bndbox><xmin>523</xmin><ymin>391</ymin><xmax>55</xmax><ymax>27</ymax></bndbox></object><object><name>proposal</name><bndbox><xmin>326</xmin><ymin>252</ymin><xmax>69</xmax><ymax>112</ymax></bndbox></object><object><name>proposal</name><bndbox><xmin>595</xmin><ymin>3</ymin><xmax>55</xmax><ymax>21</ymax></bndbox></object><object><name>proposal</name><bndbox><xmin>317</xmin><ymin>185</ymin><xmax>68</xmax><ymax>96</ymax></bndbox></object><object><name>proposal</name><bndbox><xmin>273</xmin><ymin>252</ymin><xmax>123</xmax><ymax>111</ymax></bndbox></object><object><name>proposal</name><bndbox><xmin>326</xmin><ymin>249</ymin><xmax>42</xmax><ymax>45</ymax></bndbox></object><object><name>proposal</name><bndbox><xmin>314</xmin><ymin>253</ymin><xmax>56</xmax><ymax>28</ymax></bndbox></object><object><name>proposal</name><bndbox><xmin>522</xmin><ymin>372</ymin><xmax>45</xmax><ymax>45</ymax></bndbox></object><object><name>proposal</name><bndbox><xmin>228</xmin><ymin>253</ymin><xmax>167</xmax><ymax>126</ymax></bndbox></object><object><name>proposal</name><bndbox><xmin>326</xmin><ymin>209</ymin><xmax>188</xmax><ymax>135</ymax></bndbox></object><object><name>proposal</name><bndbox><xmin>682</xmin><ymin>75</ymin><xmax>33</xmax><ymax>61</ymax></bndbox></object><object><name>proposal</name><bndbox><xmin>666</xmin><ymin>74</ymin><xmax>49</xmax><ymax>44</ymax></bndbox></object><object><name>proposal</name><bndbox><xmin>120</xmin><ymin>9</ymin><xmax>597</xmax><ymax>316</ymax></bndbox></object><object><name>proposal</name><bndbox><xmin>679</xmin><ymin>73</ymin><xmax>37</xmax><ymax>40</ymax></bndbox></object><object><name>proposal</name><bndbox><xmin>348</xmin><ymin>282</ymin><xmax>48</xmax><ymax>141</ymax></bndbox></object><object><name>proposal</name><bndbox><xmin>269</xmin><ymin>250</ymin><xmax>99</xmax><ymax>40</ymax></bndbox></object><object><name>proposal</name><bndbox><xmin>300</xmin><ymin>253</ymin><xmax>70</xmax><ymax>36</ymax></bndbox></object><object><name>proposal</name><bndbox><xmin>335</xmin><ymin>265</ymin><xmax>60</xmax><ymax>59</ymax></bndbox></object><object><name>proposal</name><bndbox><xmin>325</xmin><ymin>253</ymin><xmax>55</xmax><ymax>47</ymax></bndbox></object><object><name>proposal</name><bndbox><xmin>325</xmin><ymin>121</ymin><xmax>97</xmax><ymax>203</ymax></bndbox></object><object><name>proposal</name><bndbox><xmin>353</xmin><ymin>263</ymin><xmax>153</xmax><ymax>87</ymax></bndbox></object><object><name>proposal</name><bndbox><xmin>325</xmin><ymin>8</ymin><xmax>391</xmax><ymax>548</ymax></bndbox></object><object><name>proposal</name><bndbox><xmin>523</xmin><ymin>348</ymin><xmax>26</xmax><ymax>71</ymax></bndbox></object><object><name>proposal</name><bndbox><xmin>326</xmin><ymin>251</ymin><xmax>84</xmax><ymax>49</ymax></bndbox></object><object><name>proposal</name><bndbox><xmin>309</xmin><ymin>203</ymin><xmax>59</xmax><ymax>80</ymax></bndbox></object><object><name>proposal</name><bndbox><xmin>303</xmin><ymin>253</ymin><xmax>66</xmax><ymax>138</ymax></bndbox></object><object><name>proposal</name><bndbox><xmin>397</xmin><ymin>322</ymin><xmax>42</xmax><ymax>21</ymax></bndbox></object><object><name>proposal</name><bndbox><xmin>475</xmin><ymin>395</ymin><xmax>70</xmax><ymax>29</ymax></bndbox></object><object><name>proposal</name><bndbox><xmin>325</xmin><ymin>156</ymin><xmax>144</xmax><ymax>188</ymax></bndbox></object><object><name>proposal</name><bndbox><xmin>485</xmin><ymin>396</ymin><xmax>60</xmax><ymax>41</ymax></bndbox></object><object><name>proposal</name><bndbox><xmin>523</xmin><ymin>385</ymin><xmax>40</xmax><ymax>34</ymax></bndbox></object><object><name>proposal</name><bndbox><xmin>518</xmin><ymin>372</ymin><xmax>27</xmax><ymax>45</ymax></bndbox></object><object><name>proposal</name><bndbox><xmin>403</xmin><ymin>322</ymin><xmax>37</xmax><ymax>37</ymax></bndbox></object><object><name>proposal</name><bndbox><xmin>393</xmin><ymin>321</ymin><xmax>45</xmax><ymax>33</ymax></bndbox></object><object><name>proposal</name><bndbox><xmin>352</xmin><ymin>281</ymin><xmax>86</xmax><ymax>169</ymax></bndbox></object><object><name>proposal</name><bndbox><xmin>524</xmin><ymin>393</ymin><xmax>67</xmax><ymax>31</ymax></bndbox></object><object><name>proposal</name><bndbox><xmin>333</xmin><ymin>281</ymin><xmax>71</xmax><ymax>43</ymax></bndbox></object><object><name>proposal</name><bndbox><xmin>522</xmin><ymin>353</ymin><xmax>38</xmax><ymax>65</ymax></bndbox></object><object><name>proposal</name><bndbox><xmin>523</xmin><ymin>253</ymin><xmax>22</xmax><ymax>41</ymax></bndbox></object><object><name>proposal</name><bndbox><xmin>323</xmin><ymin>253</ymin><xmax>71</xmax><ymax>169</ymax></bndbox></object><object><name>proposal</name><bndbox><xmin>325</xmin><ymin>243</ymin><xmax>101</xmax><ymax>63</ymax></bndbox></object><object><name>proposal</name><bndbox><xmin>166</xmin><ymin>251</ymin><xmax>229</xmax><ymax>101</ymax></bndbox></object><object><name>proposal</name><bndbox><xmin>645</xmin><ymin>73</ymin><xmax>71</xmax><ymax>28</ymax></bndbox></object><object><name>proposal</name><bndbox><xmin>299</xmin><ymin>281</ymin><xmax>97</xmax><ymax>120</ymax></bndbox></object><object><name>proposal</name><bndbox><xmin>515</xmin><ymin>345</ymin><xmax>29</xmax><ymax>73</ymax></bndbox></object><object><name>proposal</name><bndbox><xmin>323</xmin><ymin>206</ymin><xmax>117</xmax><ymax>77</ymax></bndbox></object><object><name>proposal</name><bndbox><xmin>230</xmin><ymin>282</ymin><xmax>165</xmax><ymax>67</ymax></bndbox></object><object><name>proposal</name><bndbox><xmin>280</xmin><ymin>185</ymin><xmax>88</xmax><ymax>97</ymax></bndbox></object><object><name>proposal</name><bndbox><xmin>515</xmin><ymin>394</ymin><xmax>29</xmax><ymax>79</ymax></bndbox></object><object><name>proposal</name><bndbox><xmin>261</xmin><ymin>243</ymin><xmax>107</xmax><ymax>39</ymax></bndbox></object><object><name>proposal</name><bndbox><xmin>645</xmin><ymin>63</ymin><xmax>71</xmax><ymax>26</ymax></bndbox></object><object><name>proposal</name><bndbox><xmin>469</xmin><ymin>389</ymin><xmax>76</xmax><ymax>29</ymax></bndbox></object><object><name>proposal</name><bndbox><xmin>284</xmin><ymin>251</ymin><xmax>111</xmax><ymax>227</ymax></bndbox></object><object><name>proposal</name><bndbox><xmin>325</xmin><ymin>253</ymin><xmax>176</xmax><ymax>126</ymax></bndbox></object><object><name>proposal</name><bndbox><xmin>523</xmin><ymin>358</ymin><xmax>54</xmax><ymax>59</ymax></bndbox></object><object><name>proposal</name><bndbox><xmin>324</xmin><ymin>186</ymin><xmax>97</xmax><ymax>115</ymax></bndbox></object><object><name>proposal</name><bndbox><xmin>523</xmin><ymin>393</ymin><xmax>21</xmax><ymax>50</ymax></bndbox></object><object><name>proposal</name><bndbox><xmin>326</xmin><ymin>150</ymin><xmax>221</xmax><ymax>192</ymax></bndbox></object><object><name>proposal</name><bndbox><xmin>579</xmin><ymin>3</ymin><xmax>71</xmax><ymax>26</ymax></bndbox></object><object><name>proposal</name><bndbox><xmin>306</xmin><ymin>55</ymin><xmax>89</xmax><ymax>271</ymax></bndbox></object><object><name>proposal</name><bndbox><xmin>691</xmin><ymin>46</ymin><xmax>29</xmax><ymax>42</ymax></bndbox></object><object><name>proposal</name><bndbox><xmin>516</xmin><ymin>396</ymin><xmax>31</xmax><ymax>31</ymax></bndbox></object><object><name>proposal</name><bndbox><xmin>370</xmin><ymin>321</ymin><xmax>71</xmax><ymax>32</ymax></bndbox></object><object><name>proposal</name><bndbox><xmin>650</xmin><ymin>60</ymin><xmax>65</xmax><ymax>38</ymax></bndbox></object><object><name>proposal</name><bndbox><xmin>407</xmin><ymin>311</ymin><xmax>45</xmax><ymax>31</ymax></bndbox></object><object><name>proposal</name><bndbox><xmin>406</xmin><ymin>289</ymin><xmax>49</xmax><ymax>53</ymax></bndbox></object><object><name>proposal</name><bndbox><xmin>516</xmin><ymin>386</ymin><xmax>31</xmax><ymax>31</ymax></bndbox></object><object><name>proposal</name><bndbox><xmin>516</xmin><ymin>251</ymin><xmax>31</xmax><ymax>31</ymax></bndbox></object><object><name>proposal</name><bndbox><xmin>635</xmin><ymin>55</ymin><xmax>81</xmax><ymax>53</ymax></bndbox></object></annotation>