<annotation><folder>Proposals</folder><filename>img-115.jpg</filename><size><width>720</width><height>720</height><depth>3</depth></size><object><name>proposal</name><bndbox><xmin>578</xmin><ymin>140</ymin><xmax>139</xmax><ymax>105</ymax></bndbox></object><object><name>proposal</name><bndbox><xmin>578</xmin><ymin>125</ymin><xmax>139</xmax><ymax>168</ymax></bndbox></object><object><name>proposal</name><bndbox><xmin>296</xmin><ymin>71</ymin><xmax>419</xmax><ymax>172</ymax></bndbox></object><object><name>proposal</name><bndbox><xmin>481</xmin><ymin>94</ymin><xmax>234</xmax><ymax>131</ymax></bndbox></object><object><name>proposal</name><bndbox><xmin>197</xmin><ymin>8</ymin><xmax>172</xmax><ymax>79</ymax></bndbox></object><object><name>proposal</name><bndbox><xmin>568</xmin><ymin>95</ymin><xmax>149</xmax><ymax>131</ymax></bndbox></object><object><name>proposal</name><bndbox><xmin>565</xmin><ymin>94</ymin><xmax>148</xmax><ymax>81</ymax></bndbox></object><object><name>proposal</name><bndbox><xmin>400</xmin><ymin>39</ymin><xmax>45</xmax><ymax>42</ymax></bndbox></object><object><name>proposal</name><bndbox><xmin>298</xmin><ymin>69</ymin><xmax>417</xmax><ymax>269</ymax></bndbox></object><object><name>proposal</name><bndbox><xmin>400</xmin><ymin>71</ymin><xmax>45</xmax><ymax>29</ymax></bndbox></object><object><name>proposal</name><bndbox><xmin>236</xmin><ymin>8</ymin><xmax>135</xmax><ymax>58</ymax></bndbox></object><object><name>proposal</name><bndbox><xmin>570</xmin><ymin>127</ymin><xmax>147</xmax><ymax>249</ymax></bndbox></object><object><name>proposal</name><bndbox><xmin>1</xmin><ymin>58</ymin><xmax>171</xmax><ymax>103</ymax></bndbox></object><object><name>proposal</name><bndbox><xmin>445</xmin><ymin>74</ymin><xmax>271</xmax><ymax>197</ymax></bndbox></object><object><name>proposal</name><bndbox><xmin>196</xmin><ymin>7</ymin><xmax>271</xmax><ymax>133</ymax></bndbox></object><object><name>proposal</name><bndbox><xmin>397</xmin><ymin>71</ymin><xmax>125</xmax><ymax>55</ymax></bndbox></object><object><name>proposal</name><bndbox><xmin>298</xmin><ymin>67</ymin><xmax>169</xmax><ymax>73</ymax></bndbox></object><object><name>proposal</name><bndbox><xmin>400</xmin><ymin>30</ymin><xmax>60</xmax><ymax>49</ymax></bndbox></object><object><name>proposal</name><bndbox><xmin>481</xmin><ymin>93</ymin><xmax>235</xmax><ymax>234</ymax></bndbox></object><object><name>proposal</name><bndbox><xmin>298</xmin><ymin>30</ymin><xmax>171</xmax><ymax>111</ymax></bndbox></object><object><name>proposal</name><bndbox><xmin>197</xmin><ymin>7</ymin><xmax>519</xmax><ymax>221</ymax></bndbox></object><object><name>proposal</name><bndbox><xmin>466</xmin><ymin>21</ymin><xmax>192</xmax><ymax>100</ymax></bndbox></object><object><name>proposal</name><bndbox><xmin>397</xmin><ymin>55</ymin><xmax>51</xmax><ymax>25</ymax></bndbox></object><object><name>proposal</name><bndbox><xmin>430</xmin><ymin>140</ymin><xmax>287</xmax><ymax>123</ymax></bndbox></object><object><name>proposal</name><bndbox><xmin>397</xmin><ymin>67</ymin><xmax>72</xmax><ymax>57</ymax></bndbox></object><object><name>proposal</name><bndbox><xmin>298</xmin><ymin>82</ymin><xmax>170</xmax><ymax>157</ymax></bndbox></object><object><name>proposal</name><bndbox><xmin>298</xmin><ymin>84</ymin><xmax>169</xmax><ymax>85</ymax></bndbox></object><object><name>proposal</name><bndbox><xmin>392</xmin><ymin>69</ymin><xmax>324</xmax><ymax>335</ymax></bndbox></object><object><name>proposal</name><bndbox><xmin>196</xmin><ymin>69</ymin><xmax>271</xmax><ymax>159</ymax></bndbox></object><object><name>proposal</name><bndbox><xmin>564</xmin><ymin>96</ymin><xmax>119</xmax><ymax>62</ymax></bndbox></object><object><name>proposal</name><bndbox><xmin>235</xmin><ymin>7</ymin><xmax>146</xmax><ymax>111</ymax></bndbox></object><object><name>proposal</name><bndbox><xmin>483</xmin><ymin>94</ymin><xmax>232</xmax><ymax>370</ymax></bndbox></object><object><name>proposal</name><bndbox><xmin>465</xmin><ymin>43</ymin><xmax>60</xmax><ymax>47</ymax></bndbox></object><object><name>proposal</name><bndbox><xmin>197</xmin><ymin>31</ymin><xmax>520</xmax><ymax>367</ymax></bndbox></object><object><name>proposal</name><bndbox><xmin>397</xmin><ymin>9</ymin><xmax>262</xmax><ymax>117</ymax></bndbox></object><object><name>proposal</name><bndbox><xmin>1</xmin><ymin>57</ymin><xmax>716</xmax><ymax>280</ymax></bndbox></object><object><name>proposal</name><bndbox><xmin>228</xmin><ymin>106</ymin><xmax>42</xmax><ymax>29</ymax></bndbox></object><object><name>proposal</name><bndbox><xmin>568</xmin><ymin>26</ymin><xmax>149</xmax><ymax>198</ymax></bndbox></object><object><name>proposal</name><bndbox><xmin>195</xmin><ymin>8</ymin><xmax>175</xmax><ymax>128</ymax></bndbox></object><object><name>proposal</name><bndbox><xmin>16</xmin><ymin>111</ymin><xmax>31</xmax><ymax>31</ymax></bndbox></object><object><name>proposal</name><bndbox><xmin>372</xmin><ymin>139</ymin><xmax>345</xmax><ymax>176</ymax></bndbox></object><object><name>proposal</name><bndbox><xmin>369</xmin><ymin>14</ymin><xmax>348</xmax><ymax>214</ymax></bndbox></object><object><name>proposal</name><bndbox><xmin>397</xmin><ymin>26</ymin><xmax>125</xmax><ymax>65</ymax></bndbox></object><object><name>proposal</name><bndbox><xmin>1</xmin><ymin>44</ymin><xmax>313</xmax><ymax>129</ymax></bndbox></object><object><name>proposal</name><bndbox><xmin>298</xmin><ymin>69</ymin><xmax>418</xmax><ymax>487</ymax></bndbox></object><object><name>proposal</name><bndbox><xmin>372</xmin><ymin>186</ymin><xmax>42</xmax><ymax>42</ymax></bndbox></object><object><name>proposal</name><bndbox><xmin>397</xmin><ymin>91</ymin><xmax>70</xmax><ymax>40</ymax></bndbox></object><object><name>proposal</name><bndbox><xmin>387</xmin><ymin>35</ymin><xmax>60</xmax><ymax>49</ymax></bndbox></object><object><name>proposal</name><bndbox><xmin>298</xmin><ymin>7</ymin><xmax>226</xmax><ymax>135</ymax></bndbox></object><object><name>proposal</name><bndbox><xmin>195</xmin><ymin>69</ymin><xmax>120</xmax><ymax>66</ymax></bndbox></object><object><name>proposal</name><bndbox><xmin>565</xmin><ymin>49</ymin><xmax>148</xmax><ymax>126</ymax></bndbox></object><object><name>proposal</name><bndbox><xmin>466</xmin><ymin>53</ymin><xmax>247</xmax><ymax>122</ymax></bndbox></object><object><name>proposal</name><bndbox><xmin>397</xmin><ymin>27</ymin><xmax>128</xmax><ymax>98</ymax></bndbox></object><object><name>proposal</name><bndbox><xmin>1</xmin><ymin>45</ymin><xmax>193</xmax><ymax>142</ymax></bndbox></object><object><name>proposal</name><bndbox><xmin>365</xmin><ymin>217</ymin><xmax>46</xmax><ymax>37</ymax></bndbox></object><object><name>proposal</name><bndbox><xmin>396</xmin><ymin>71</ymin><xmax>182</xmax><ymax>69</ymax></bndbox></object><object><name>proposal</name><bndbox><xmin>1</xmin><ymin>58</ymin><xmax>468</xmax><ymax>172</ymax></bndbox></object><object><name>proposal</name><bndbox><xmin>522</xmin><ymin>94</ymin><xmax>195</xmax><ymax>183</ymax></bndbox></object><object><name>proposal</name><bndbox><xmin>1</xmin><ymin>8</ymin><xmax>716</xmax><ymax>448</ymax></bndbox></object><object><name>proposal</name><bndbox><xmin>565</xmin><ymin>46</ymin><xmax>94</xmax><ymax>69</ymax></bndbox></object><object><name>proposal</name><bndbox><xmin>1</xmin><ymin>7</ymin><xmax>367</xmax><ymax>152</ymax></bndbox></object><object><name>proposal</name><bndbox><xmin>196</xmin><ymin>23</ymin><xmax>119</xmax><ymax>63</ymax></bndbox></object><object><name>proposal</name><bndbox><xmin>397</xmin><ymin>70</ymin><xmax>64</xmax><ymax>33</ymax></bndbox></object><object><name>proposal</name><bndbox><xmin>298</xmin><ymin>71</ymin><xmax>280</xmax><ymax>161</ymax></bndbox></object><object><name>proposal</name><bndbox><xmin>371</xmin><ymin>70</ymin><xmax>291</xmax><ymax>201</ymax></bndbox></object><object><name>proposal</name><bndbox><xmin>81</xmin><ymin>7</ymin><xmax>386</xmax><ymax>153</ymax></bndbox></object><object><name>proposal</name><bndbox><xmin>230</xmin><ymin>5</ymin><xmax>239</xmax><ymax>226</ymax></bndbox></object><object><name>proposal</name><bndbox><xmin>12</xmin><ymin>130</ymin><xmax>45</xmax><ymax>45</ymax></bndbox></object><object><name>proposal</name><bndbox><xmin>231</xmin><ymin>82</ymin><xmax>237</xmax><ymax>108</ymax></bndbox></object><object><name>proposal</name><bndbox><xmin>376</xmin><ymin>91</ymin><xmax>282</xmax><ymax>121</ymax></bndbox></object><object><name>proposal</name><bndbox><xmin>396</xmin><ymin>30</ymin><xmax>318</xmax><ymax>149</ymax></bndbox></object><object><name>proposal</name><bndbox><xmin>463</xmin><ymin>61</ymin><xmax>61</xmax><ymax>28</ymax></bndbox></object><object><name>proposal</name><bndbox><xmin>397</xmin><ymin>69</ymin><xmax>262</xmax><ymax>107</ymax></bndbox></object><object><name>proposal</name><bndbox><xmin>433</xmin><ymin>31</ymin><xmax>89</xmax><ymax>59</ymax></bndbox></object><object><name>proposal</name><bndbox><xmin>195</xmin><ymin>7</ymin><xmax>384</xmax><ymax>146</ymax></bndbox></object><object><name>proposal</name><bndbox><xmin>298</xmin><ymin>61</ymin><xmax>241</xmax><ymax>93</ymax></bndbox></object><object><name>proposal</name><bndbox><xmin>351</xmin><ymin>66</ymin><xmax>119</xmax><ymax>65</ymax></bndbox></object><object><name>proposal</name><bndbox><xmin>196</xmin><ymin>64</ymin><xmax>271</xmax><ymax>89</ymax></bndbox></object><object><name>proposal</name><bndbox><xmin>397</xmin><ymin>57</ymin><xmax>72</xmax><ymax>88</ymax></bndbox></object><object><name>proposal</name><bndbox><xmin>452</xmin><ymin>52</ymin><xmax>70</xmax><ymax>39</ymax></bndbox></object><object><name>proposal</name><bndbox><xmin>298</xmin><ymin>69</ymin><xmax>171</xmax><ymax>268</ymax></bndbox></object><object><name>proposal</name><bndbox><xmin>396</xmin><ymin>16</ymin><xmax>182</xmax><ymax>109</ymax></bndbox></object><object><name>proposal</name><bndbox><xmin>179</xmin><ymin>8</ymin><xmax>536</xmax><ymax>709</ymax></bndbox></object><object><name>proposal</name><bndbox><xmin>481</xmin><ymin>87</ymin><xmax>198</xmax><ymax>75</ymax></bndbox></object><object><name>proposal</name><bndbox><xmin>370</xmin><ymin>203</ymin><xmax>51</xmax><ymax>25</ymax></bndbox></object><object><name>proposal</name><bndbox><xmin>526</xmin><ymin>95</ymin><xmax>169</xmax><ymax>71</ymax></bndbox></object><object><name>proposal</name><bndbox><xmin>397</xmin><ymin>29</ymin><xmax>72</xmax><ymax>96</ymax></bndbox></object><object><name>proposal</name><bndbox><xmin>394</xmin><ymin>31</ymin><xmax>87</xmax><ymax>52</ymax></bndbox></object><object><name>proposal</name><bndbox><xmin>1</xmin><ymin>6</ymin><xmax>466</xmax><ymax>377</ymax></bndbox></object><object><name>proposal</name><bndbox><xmin>397</xmin><ymin>66</ymin><xmax>128</xmax><ymax>90</ymax></bndbox></object><object><name>proposal</name><bndbox><xmin>92</xmin><ymin>141</ymin><xmax>42</xmax><ymax>33</ymax></bndbox></object><object><name>proposal</name><bndbox><xmin>92</xmin><ymin>121</ymin><xmax>42</xmax><ymax>29</ymax></bndbox></object><object><name>proposal</name><bndbox><xmin>351</xmin><ymin>69</ymin><xmax>173</xmax><ymax>71</ymax></bndbox></object><object><name>proposal</name><bndbox><xmin>365</xmin><ymin>39</ymin><xmax>83</xmax><ymax>40</ymax></bndbox></object><object><name>proposal</name><bndbox><xmin>94</xmin><ymin>69</ymin><xmax>375</xmax><ymax>197</ymax></bndbox></object><object><name>proposal</name><bndbox><xmin>365</xmin><ymin>193</ymin><xmax>46</xmax><ymax>37</ymax></bndbox></object><object><name>proposal</name><bndbox><xmin>196</xmin><ymin>8</ymin><xmax>253</xmax><ymax>368</ymax></bndbox></object><object><name>proposal</name><bndbox><xmin>296</xmin><ymin>71</ymin><xmax>285</xmax><ymax>248</ymax></bndbox></object><object><name>proposal</name><bndbox><xmin>297</xmin><ymin>45</ymin><xmax>73</xmax><ymax>63</ymax></bndbox></object><object><name>proposal</name><bndbox><xmin>120</xmin><ymin>541</ymin><xmax>131</xmax><ymax>175</ymax></bndbox></object><object><name>proposal</name><bndbox><xmin>121</xmin><ymin>69</ymin><xmax>328</xmax><ymax>133</ymax></bndbox></object><object><name>proposal</name><bndbox><xmin>372</xmin><ymin>215</ymin><xmax>41</xmax><ymax>55</ymax></bndbox></object><object><name>proposal</name><bndbox><xmin>333</xmin><ymin>298</ymin><xmax>26</xmax><ymax>38</ymax></bndbox></object><object><name>proposal</name><bndbox><xmin>464</xmin><ymin>74</ymin><xmax>253</xmax><ymax>546</ymax></bndbox></object><object><name>proposal</name><bndbox><xmin>333</xmin><ymin>326</ymin><xmax>27</xmax><ymax>39</ymax></bndbox></object><object><name>proposal</name><bndbox><xmin>92</xmin><ymin>140</ymin><xmax>79</xmax><ymax>36</ymax></bndbox></object><object><name>proposal</name><bndbox><xmin>369</xmin><ymin>217</ymin><xmax>42</xmax><ymax>21</ymax></bndbox></object><object><name>proposal</name><bndbox><xmin>399</xmin><ymin>10</ymin><xmax>55</xmax><ymax>69</ymax></bndbox></object><object><name>proposal</name><bndbox><xmin>465</xmin><ymin>13</ymin><xmax>59</xmax><ymax>77</ymax></bndbox></object><object><name>proposal</name><bndbox><xmin>197</xmin><ymin>67</ymin><xmax>325</xmax><ymax>269</ymax></bndbox></object><object><name>proposal</name><bndbox><xmin>519</xmin><ymin>38</ymin><xmax>139</xmax><ymax>83</ymax></bndbox></object><object><name>proposal</name><bndbox><xmin>232</xmin><ymin>95</ymin><xmax>42</xmax><ymax>42</ymax></bndbox></object><object><name>proposal</name><bndbox><xmin>5</xmin><ymin>121</ymin><xmax>42</xmax><ymax>21</ymax></bndbox></object><object><name>proposal</name><bndbox><xmin>122</xmin><ymin>148</ymin><xmax>50</xmax><ymax>37</ymax></bndbox></object><object><name>proposal</name><bndbox><xmin>375</xmin><ymin>30</ymin><xmax>87</xmax><ymax>52</ymax></bndbox></object><object><name>proposal</name><bndbox><xmin>451</xmin><ymin>39</ymin><xmax>87</xmax><ymax>50</ymax></bndbox></object><object><name>proposal</name><bndbox><xmin>192</xmin><ymin>65</ymin><xmax>165</xmax><ymax>75</ymax></bndbox></object><object><name>proposal</name><bndbox><xmin>229</xmin><ymin>115</ymin><xmax>42</xmax><ymax>21</ymax></bndbox></object><object><name>proposal</name><bndbox><xmin>466</xmin><ymin>43</ymin><xmax>91</xmax><ymax>46</ymax></bndbox></object><object><name>proposal</name><bndbox><xmin>397</xmin><ymin>71</ymin><xmax>184</xmax><ymax>156</ymax></bndbox></object><object><name>proposal</name><bndbox><xmin>93</xmin><ymin>119</ymin><xmax>79</xmax><ymax>41</ymax></bndbox></object><object><name>proposal</name><bndbox><xmin>166</xmin><ymin>10</ymin><xmax>148</xmax><ymax>77</ymax></bndbox></object><object><name>proposal</name><bndbox><xmin>3</xmin><ymin>43</ymin><xmax>169</xmax><ymax>234</ymax></bndbox></object><object><name>proposal</name><bndbox><xmin>93</xmin><ymin>141</ymin><xmax>81</xmax><ymax>64</ymax></bndbox></object><object><name>proposal</name><bndbox><xmin>3</xmin><ymin>76</ymin><xmax>51</xmax><ymax>72</ymax></bndbox></object><object><name>proposal</name><bndbox><xmin>28</xmin><ymin>7</ymin><xmax>498</xmax><ymax>221</ymax></bndbox></object><object><name>proposal</name><bndbox><xmin>298</xmin><ymin>13</ymin><xmax>397</xmax><ymax>154</ymax></bndbox></object><object><name>proposal</name><bndbox><xmin>232</xmin><ymin>123</ymin><xmax>42</xmax><ymax>45</ymax></bndbox></object><object><name>proposal</name><bndbox><xmin>371</xmin><ymin>190</ymin><xmax>64</xmax><ymax>39</ymax></bndbox></object><object><name>proposal</name><bndbox><xmin>394</xmin><ymin>69</ymin><xmax>107</xmax><ymax>72</ymax></bndbox></object><object><name>proposal</name><bndbox><xmin>298</xmin><ymin>31</ymin><xmax>159</xmax><ymax>77</ymax></bndbox></object><object><name>proposal</name><bndbox><xmin>351</xmin><ymin>28</ymin><xmax>173</xmax><ymax>112</ymax></bndbox></object><object><name>proposal</name><bndbox><xmin>295</xmin><ymin>69</ymin><xmax>228</xmax><ymax>327</ymax></bndbox></object><object><name>proposal</name><bndbox><xmin>351</xmin><ymin>88</ymin><xmax>119</xmax><ymax>53</ymax></bndbox></object><object><name>proposal</name><bndbox><xmin>122</xmin><ymin>113</ymin><xmax>49</xmax><ymax>49</ymax></bndbox></object><object><name>proposal</name><bndbox><xmin>81</xmin><ymin>58</ymin><xmax>93</xmax><ymax>101</ymax></bndbox></object><object><name>proposal</name><bndbox><xmin>298</xmin><ymin>30</ymin><xmax>226</xmax><ymax>221</ymax></bndbox></object><object><name>proposal</name><bndbox><xmin>1</xmin><ymin>50</ymin><xmax>159</xmax><ymax>73</ymax></bndbox></object><object><name>proposal</name><bndbox><xmin>367</xmin><ymin>166</ymin><xmax>43</xmax><ymax>63</ymax></bndbox></object><object><name>proposal</name><bndbox><xmin>11</xmin><ymin>131</ymin><xmax>72</xmax><ymax>43</ymax></bndbox></object><object><name>proposal</name><bndbox><xmin>351</xmin><ymin>36</ymin><xmax>117</xmax><ymax>104</ymax></bndbox></object><object><name>proposal</name><bndbox><xmin>400</xmin><ymin>8</ymin><xmax>140</xmax><ymax>87</ymax></bndbox></object><object><name>proposal</name><bndbox><xmin>1</xmin><ymin>6</ymin><xmax>159</xmax><ymax>90</ymax></bndbox></object><object><name>proposal</name><bndbox><xmin>296</xmin><ymin>47</ymin><xmax>228</xmax><ymax>139</ymax></bndbox></object><object><name>proposal</name><bndbox><xmin>453</xmin><ymin>75</ymin><xmax>72</xmax><ymax>53</ymax></bndbox></object><object><name>proposal</name><bndbox><xmin>14</xmin><ymin>115</ymin><xmax>47</xmax><ymax>27</ymax></bndbox></object><object><name>proposal</name><bndbox><xmin>1</xmin><ymin>22</ymin><xmax>312</xmax><ymax>213</ymax></bndbox></object><object><name>proposal</name><bndbox><xmin>230</xmin><ymin>125</ymin><xmax>47</xmax><ymax>25</ymax></bndbox></object><object><name>proposal</name><bndbox><xmin>371</xmin><ymin>217</ymin><xmax>64</xmax><ymax>36</ymax></bndbox></object><object><name>proposal</name><bndbox><xmin>50</xmin><ymin>45</ymin><xmax>142</xmax><ymax>115</ymax></bndbox></object><object><name>proposal</name><bndbox><xmin>197</xmin><ymin>7</ymin><xmax>171</xmax><ymax>222</ymax></bndbox></object><object><name>proposal</name><bndbox><xmin>3</xmin><ymin>5</ymin><xmax>464</xmax><ymax>712</ymax></bndbox></object><object><name>proposal</name><bndbox><xmin>16</xmin><ymin>57</ymin><xmax>257</xmax><ymax>102</ymax></bndbox></object><object><name>proposal</name><bndbox><xmin>466</xmin><ymin>38</ymin><xmax>123</xmax><ymax>83</ymax></bndbox></object><object><name>proposal</name><bndbox><xmin>361</xmin><ymin>217</ymin><xmax>60</xmax><ymax>47</ymax></bndbox></object><object><name>proposal</name><bndbox><xmin>207</xmin><ymin>3</ymin><xmax>42</xmax><ymax>29</ymax></bndbox></object><object><name>proposal</name><bndbox><xmin>93</xmin><ymin>5</ymin><xmax>285</xmax><ymax>331</ymax></bndbox></object><object><name>proposal</name><bndbox><xmin>1</xmin><ymin>5</ymin><xmax>172</xmax><ymax>168</ymax></bndbox></object><object><name>proposal</name><bndbox><xmin>466</xmin><ymin>73</ymin><xmax>114</xmax><ymax>53</ymax></bndbox></object><object><name>proposal</name><bndbox><xmin>71</xmin><ymin>141</ymin><xmax>100</xmax><ymax>52</ymax></bndbox></object><object><name>proposal</name><bndbox><xmin>16</xmin><ymin>131</ymin><xmax>31</xmax><ymax>31</ymax></bndbox></object><object><name>proposal</name><bndbox><xmin>369</xmin><ymin>208</ymin><xmax>42</xmax><ymax>21</ymax></bndbox></object><object><name>proposal</name><bndbox><xmin>215</xmin><ymin>95</ymin><xmax>55</xmax><ymax>41</ymax></bndbox></object><object><name>proposal</name><bndbox><xmin>221</xmin><ymin>124</ymin><xmax>50</xmax><ymax>37</ymax></bndbox></object><object><name>proposal</name><bndbox><xmin>342</xmin><ymin>179</ymin><xmax>69</xmax><ymax>49</ymax></bndbox></object><object><name>proposal</name><bndbox><xmin>192</xmin><ymin>7</ymin><xmax>331</xmax><ymax>457</ymax></bndbox></object><object><name>proposal</name><bndbox><xmin>394</xmin><ymin>17</ymin><xmax>97</xmax><ymax>122</ymax></bndbox></object><object><name>proposal</name><bndbox><xmin>93</xmin><ymin>100</ymin><xmax>85</xmax><ymax>61</ymax></bndbox></object><object><name>proposal</name><bndbox><xmin>333</xmin><ymin>306</ymin><xmax>39</xmax><ymax>31</ymax></bndbox></object><object><name>proposal</name><bndbox><xmin>333</xmin><ymin>326</ymin><xmax>39</xmax><ymax>33</ymax></bndbox></object><object><name>proposal</name><bndbox><xmin>196</xmin><ymin>68</ymin><xmax>183</xmax><ymax>125</ymax></bndbox></object><object><name>proposal</name><bndbox><xmin>230</xmin><ymin>84</ymin><xmax>148</xmax><ymax>71</ymax></bndbox></object><object><name>proposal</name><bndbox><xmin>11</xmin><ymin>102</ymin><xmax>39</xmax><ymax>42</ymax></bndbox></object><object><name>proposal</name><bndbox><xmin>12</xmin><ymin>131</ymin><xmax>45</xmax><ymax>69</ymax></bndbox></object><object><name>proposal</name><bndbox><xmin>81</xmin><ymin>57</ymin><xmax>232</xmax><ymax>102</ymax></bndbox></object><object><name>proposal</name><bndbox><xmin>372</xmin><ymin>71</ymin><xmax>168</xmax><ymax>183</ymax></bndbox></object><object><name>proposal</name><bndbox><xmin>83</xmin><ymin>56</ymin><xmax>441</xmax><ymax>310</ymax></bndbox></object><object><name>proposal</name><bndbox><xmin>22</xmin><ymin>540</ymin><xmax>231</xmax><ymax>177</ymax></bndbox></object><object><name>proposal</name><bndbox><xmin>643</xmin><ymin>127</ymin><xmax>37</xmax><ymax>37</ymax></bndbox></object><object><name>proposal</name><bndbox><xmin>394</xmin><ymin>89</ymin><xmax>87</xmax><ymax>50</ymax></bndbox></object><object><name>proposal</name><bndbox><xmin>297</xmin><ymin>81</ymin><xmax>84</xmax><ymax>84</ymax></bndbox></object><object><name>proposal</name><bndbox><xmin>425</xmin><ymin>75</ymin><xmax>99</xmax><ymax>40</ymax></bndbox></object><object><name>proposal</name><bndbox><xmin>433</xmin><ymin>9</ymin><xmax>92</xmax><ymax>88</ymax></bndbox></object><object><name>proposal</name><bndbox><xmin>334</xmin><ymin>35</ymin><xmax>113</xmax><ymax>48</ymax></bndbox></object><object><name>proposal</name><bndbox><xmin>231</xmin><ymin>31</ymin><xmax>238</xmax><ymax>129</ymax></bndbox></object><object><name>proposal</name><bndbox><xmin>72</xmin><ymin>141</ymin><xmax>61</xmax><ymax>28</ymax></bndbox></object><object><name>proposal</name><bndbox><xmin>11</xmin><ymin>151</ymin><xmax>31</xmax><ymax>31</ymax></bndbox></object><object><name>proposal</name><bndbox><xmin>231</xmin><ymin>69</ymin><xmax>236</xmax><ymax>327</ymax></bndbox></object><object><name>proposal</name><bndbox><xmin>179</xmin><ymin>8</ymin><xmax>289</xmax><ymax>709</ymax></bndbox></object><object><name>proposal</name><bndbox><xmin>122</xmin><ymin>135</ymin><xmax>51</xmax><ymax>25</ymax></bndbox></object><object><name>proposal</name><bndbox><xmin>296</xmin><ymin>14</ymin><xmax>72</xmax><ymax>94</ymax></bndbox></object><object><name>proposal</name><bndbox><xmin>177</xmin><ymin>539</ymin><xmax>233</xmax><ymax>177</ymax></bndbox></object><object><name>proposal</name><bndbox><xmin>351</xmin><ymin>71</ymin><xmax>117</xmax><ymax>159</ymax></bndbox></object><object><name>proposal</name><bndbox><xmin>267</xmin><ymin>76</ymin><xmax>158</xmax><ymax>158</ymax></bndbox></object><object><name>proposal</name><bndbox><xmin>207</xmin><ymin>23</ymin><xmax>42</xmax><ymax>29</ymax></bndbox></object><object><name>proposal</name><bndbox><xmin>11</xmin><ymin>151</ymin><xmax>45</xmax><ymax>33</ymax></bndbox></object><object><name>proposal</name><bndbox><xmin>179</xmin><ymin>54</ymin><xmax>135</xmax><ymax>96</ymax></bndbox></object><object><name>proposal</name><bndbox><xmin>397</xmin><ymin>23</ymin><xmax>61</xmax><ymax>28</ymax></bndbox></object><object><name>proposal</name><bndbox><xmin>11</xmin><ymin>132</ymin><xmax>163</xmax><ymax>68</ymax></bndbox></object><object><name>proposal</name><bndbox><xmin>397</xmin><ymin>48</ymin><xmax>125</xmax><ymax>60</ymax></bndbox></object><object><name>proposal</name><bndbox><xmin>11</xmin><ymin>151</ymin><xmax>33</xmax><ymax>45</ymax></bndbox></object><object><name>proposal</name><bndbox><xmin>466</xmin><ymin>75</ymin><xmax>115</xmax><ymax>137</ymax></bndbox></object><object><name>proposal</name><bndbox><xmin>564</xmin><ymin>6</ymin><xmax>104</xmax><ymax>110</ymax></bndbox></object><object><name>proposal</name><bndbox><xmin>396</xmin><ymin>91</ymin><xmax>182</xmax><ymax>93</ymax></bndbox></object><object><name>proposal</name><bndbox><xmin>86</xmin><ymin>140</ymin><xmax>49</xmax><ymax>45</ymax></bndbox></object><object><name>proposal</name><bndbox><xmin>319</xmin><ymin>326</ymin><xmax>42</xmax><ymax>33</ymax></bndbox></object><object><name>proposal</name><bndbox><xmin>228</xmin><ymin>78</ymin><xmax>41</xmax><ymax>60</ymax></bndbox></object><object><name>proposal</name><bndbox><xmin>232</xmin><ymin>106</ymin><xmax>61</xmax><ymax>30</ymax></bndbox></object><object><name>proposal</name><bndbox><xmin>328</xmin><ymin>325</ymin><xmax>32</xmax><ymax>28</ymax></bndbox></object><object><name>proposal</name><bndbox><xmin>319</xmin><ymin>306</ymin><xmax>42</xmax><ymax>31</ymax></bndbox></object><object><name>proposal</name><bndbox><xmin>72</xmin><ymin>121</ymin><xmax>61</xmax><ymax>28</ymax></bndbox></object><object><name>proposal</name><bndbox><xmin>466</xmin><ymin>21</ymin><xmax>89</xmax><ymax>72</ymax></bndbox></object><object><name>proposal</name><bndbox><xmin>205</xmin><ymin>23</ymin><xmax>42</xmax><ymax>20</ymax></bndbox></object><object><name>proposal</name><bndbox><xmin>352</xmin><ymin>69</ymin><xmax>187</xmax><ymax>268</ymax></bndbox></object><object><name>proposal</name><bndbox><xmin>435</xmin><ymin>31</ymin><xmax>22</xmax><ymax>41</ymax></bndbox></object><object><name>proposal</name><bndbox><xmin>1</xmin><ymin>59</ymin><xmax>131</xmax><ymax>126</ymax></bndbox></object><object><name>proposal</name><bndbox><xmin>349</xmin><ymin>189</ymin><xmax>71</xmax><ymax>41</ymax></bndbox></object><object><name>proposal</name><bndbox><xmin>2</xmin><ymin>77</ymin><xmax>45</xmax><ymax>95</ymax></bndbox></object><object><name>proposal</name><bndbox><xmin>94</xmin><ymin>69</ymin><xmax>286</xmax><ymax>107</ymax></bndbox></object><object><name>proposal</name><bndbox><xmin>335</xmin><ymin>91</ymin><xmax>156</xmax><ymax>168</ymax></bndbox></object><object><name>proposal</name><bndbox><xmin>114</xmin><ymin>147</ymin><xmax>60</xmax><ymax>49</ymax></bndbox></object><object><name>proposal</name><bndbox><xmin>333</xmin><ymin>29</ymin><xmax>328</xmax><ymax>444</ymax></bndbox></object><object><name>proposal</name><bndbox><xmin>86</xmin><ymin>104</ymin><xmax>49</xmax><ymax>45</ymax></bndbox></object><object><name>proposal</name><bndbox><xmin>516</xmin><ymin>10</ymin><xmax>175</xmax><ymax>111</ymax></bndbox></object><object><name>proposal</name><bndbox><xmin>397</xmin><ymin>31</ymin><xmax>61</xmax><ymax>28</ymax></bndbox></object><object><name>proposal</name><bndbox><xmin>12</xmin><ymin>128</ymin><xmax>124</xmax><ymax>48</ymax></bndbox></object><object><name>proposal</name><bndbox><xmin>410</xmin><ymin>31</ymin><xmax>47</xmax><ymax>21</ymax></bndbox></object><object><name>proposal</name><bndbox><xmin>426</xmin><ymin>31</ymin><xmax>31</xmax><ymax>31</ymax></bndbox></object><object><name>proposal</name><bndbox><xmin>93</xmin><ymin>140</ymin><xmax>42</xmax><ymax>20</ymax></bndbox></object><object><name>proposal</name><bndbox><xmin>228</xmin><ymin>122</ymin><xmax>41</xmax><ymax>60</ymax></bndbox></object><object><name>proposal</name><bndbox><xmin>463</xmin><ymin>73</ymin><xmax>61</xmax><ymax>28</ymax></bndbox></object><object><name>proposal</name><bndbox><xmin>124</xmin><ymin>6</ymin><xmax>304</xmax><ymax>224</ymax></bndbox></object><object><name>proposal</name><bndbox><xmin>463</xmin><ymin>73</ymin><xmax>61</xmax><ymax>73</ymax></bndbox></object><object><name>proposal</name><bndbox><xmin>260</xmin><ymin>8</ymin><xmax>198</xmax><ymax>101</ymax></bndbox></object><object><name>proposal</name><bndbox><xmin>101</xmin><ymin>148</ymin><xmax>70</xmax><ymax>33</ymax></bndbox></object><object><name>proposal</name><bndbox><xmin>94</xmin><ymin>141</ymin><xmax>55</xmax><ymax>41</ymax></bndbox></object><object><name>proposal</name><bndbox><xmin>326</xmin><ymin>295</ymin><xmax>39</xmax><ymax>42</ymax></bndbox></object><object><name>proposal</name><bndbox><xmin>328</xmin><ymin>325</ymin><xmax>31</xmax><ymax>50</ymax></bndbox></object><object><name>proposal</name><bndbox><xmin>9</xmin><ymin>151</ymin><xmax>50</xmax><ymax>21</ymax></bndbox></object><object><name>proposal</name><bndbox><xmin>399</xmin><ymin>10</ymin><xmax>22</xmax><ymax>41</ymax></bndbox></object><object><name>proposal</name><bndbox><xmin>125</xmin><ymin>119</ymin><xmax>71</xmax><ymax>41</ymax></bndbox></object><object><name>proposal</name><bndbox><xmin>371</xmin><ymin>157</ymin><xmax>49</xmax><ymax>73</ymax></bndbox></object><object><name>proposal</name><bndbox><xmin>231</xmin><ymin>88</ymin><xmax>60</xmax><ymax>47</ymax></bndbox></object><object><name>proposal</name><bndbox><xmin>12</xmin><ymin>41</ymin><xmax>368</xmax><ymax>163</ymax></bndbox></object><object><name>proposal</name><bndbox><xmin>400</xmin><ymin>37</ymin><xmax>21</xmax><ymax>38</ymax></bndbox></object><object><name>proposal</name><bndbox><xmin>94</xmin><ymin>109</ymin><xmax>55</xmax><ymax>41</ymax></bndbox></object><object><name>proposal</name><bndbox><xmin>125</xmin><ymin>148</ymin><xmax>71</xmax><ymax>40</ymax></bndbox></object><object><name>proposal</name><bndbox><xmin>300</xmin><ymin>179</ymin><xmax>114</xmax><ymax>50</ymax></bndbox></object><object><name>proposal</name><bndbox><xmin>231</xmin><ymin>8</ymin><xmax>149</xmax><ymax>364</ymax></bndbox></object><object><name>proposal</name><bndbox><xmin>333</xmin><ymin>215</ymin><xmax>79</xmax><ymax>40</ymax></bndbox></object><object><name>proposal</name><bndbox><xmin>466</xmin><ymin>75</ymin><xmax>59</xmax><ymax>125</ymax></bndbox></object><object><name>proposal</name><bndbox><xmin>351</xmin><ymin>71</ymin><xmax>188</xmax><ymax>122</ymax></bndbox></object><object><name>proposal</name><bndbox><xmin>397</xmin><ymin>29</ymin><xmax>184</xmax><ymax>132</ymax></bndbox></object><object><name>proposal</name><bndbox><xmin>371</xmin><ymin>217</ymin><xmax>49</xmax><ymax>73</ymax></bndbox></object><object><name>proposal</name><bndbox><xmin>124</xmin><ymin>147</ymin><xmax>47</xmax><ymax>66</ymax></bndbox></object><object><name>proposal</name><bndbox><xmin>466</xmin><ymin>71</ymin><xmax>112</xmax><ymax>84</ymax></bndbox></object><object><name>proposal</name><bndbox><xmin>174</xmin><ymin>542</ymin><xmax>80</xmax><ymax>174</ymax></bndbox></object><object><name>proposal</name><bndbox><xmin>333</xmin><ymin>326</ymin><xmax>38</xmax><ymax>20</ymax></bndbox></object><object><name>proposal</name><bndbox><xmin>484</xmin><ymin>56</ymin><xmax>141</xmax><ymax>65</ymax></bndbox></object><object><name>proposal</name><bndbox><xmin>317</xmin><ymin>326</ymin><xmax>42</xmax><ymax>20</ymax></bndbox></object><object><name>proposal</name><bndbox><xmin>297</xmin><ymin>81</ymin><xmax>82</xmax><ymax>146</ymax></bndbox></object><object><name>proposal</name><bndbox><xmin>300</xmin><ymin>214</ymin><xmax>114</xmax><ymax>48</ymax></bndbox></object><object><name>proposal</name><bndbox><xmin>231</xmin><ymin>69</ymin><xmax>71</xmax><ymax>68</ymax></bndbox></object><object><name>proposal</name><bndbox><xmin>365</xmin><ymin>173</ymin><xmax>69</xmax><ymax>56</ymax></bndbox></object><object><name>proposal</name><bndbox><xmin>29</xmin><ymin>57</ymin><xmax>138</xmax><ymax>80</ymax></bndbox></object><object><name>proposal</name><bndbox><xmin>1</xmin><ymin>57</ymin><xmax>311</xmax><ymax>269</ymax></bndbox></object><object><name>proposal</name><bndbox><xmin>436</xmin><ymin>7</ymin><xmax>31</xmax><ymax>37</ymax></bndbox></object><object><name>proposal</name><bndbox><xmin>466</xmin><ymin>34</ymin><xmax>114</xmax><ymax>57</ymax></bndbox></object><object><name>proposal</name><bndbox><xmin>388</xmin><ymin>39</ymin><xmax>35</xmax><ymax>24</ymax></bndbox></object><object><name>proposal</name><bndbox><xmin>232</xmin><ymin>67</ymin><xmax>146</xmax><ymax>163</ymax></bndbox></object><object><name>proposal</name><bndbox><xmin>397</xmin><ymin>71</ymin><xmax>48</xmax><ymax>42</ymax></bndbox></object><object><name>proposal</name><bndbox><xmin>6</xmin><ymin>127</ymin><xmax>64</xmax><ymax>59</ymax></bndbox></object><object><name>proposal</name><bndbox><xmin>435</xmin><ymin>4</ymin><xmax>22</xmax><ymax>41</ymax></bndbox></object><object><name>proposal</name><bndbox><xmin>397</xmin><ymin>36</ymin><xmax>49</xmax><ymax>66</ymax></bndbox></object><object><name>proposal</name><bndbox><xmin>93</xmin><ymin>108</ymin><xmax>119</xmax><ymax>53</ymax></bndbox></object><object><name>proposal</name><bndbox><xmin>317</xmin><ymin>316</ymin><xmax>42</xmax><ymax>21</ymax></bndbox></object><object><name>proposal</name><bndbox><xmin>1</xmin><ymin>69</ymin><xmax>138</xmax><ymax>81</ymax></bndbox></object><object><name>proposal</name><bndbox><xmin>328</xmin><ymin>285</ymin><xmax>31</xmax><ymax>54</ymax></bndbox></object><object><name>proposal</name><bndbox><xmin>79</xmin><ymin>41</ymin><xmax>138</xmax><ymax>122</ymax></bndbox></object><object><name>proposal</name><bndbox><xmin>397</xmin><ymin>69</ymin><xmax>51</xmax><ymax>72</ymax></bndbox></object><object><name>proposal</name><bndbox><xmin>348</xmin><ymin>215</ymin><xmax>62</xmax><ymax>62</ymax></bndbox></object><object><name>proposal</name><bndbox><xmin>297</xmin><ymin>28</ymin><xmax>172</xmax><ymax>453</ymax></bndbox></object><object><name>proposal</name><bndbox><xmin>480</xmin><ymin>92</ymin><xmax>98</xmax><ymax>84</ymax></bndbox></object><object><name>proposal</name><bndbox><xmin>302</xmin><ymin>214</ymin><xmax>42</xmax><ymax>39</ymax></bndbox></object><object><name>proposal</name><bndbox><xmin>298</xmin><ymin>306</ymin><xmax>61</xmax><ymax>30</ymax></bndbox></object><object><name>proposal</name><bndbox><xmin>334</xmin><ymin>38</ymin><xmax>113</xmax><ymax>68</ymax></bndbox></object><object><name>proposal</name><bndbox><xmin>393</xmin><ymin>39</ymin><xmax>29</xmax><ymax>39</ymax></bndbox></object><object><name>proposal</name><bndbox><xmin>14</xmin><ymin>95</ymin><xmax>45</xmax><ymax>49</ymax></bndbox></object><object><name>proposal</name><bndbox><xmin>12</xmin><ymin>151</ymin><xmax>61</xmax><ymax>28</ymax></bndbox></object><object><name>proposal</name><bndbox><xmin>17</xmin><ymin>131</ymin><xmax>56</xmax><ymax>32</ymax></bndbox></object><object><name>proposal</name><bndbox><xmin>371</xmin><ymin>70</ymin><xmax>208</xmax><ymax>333</ymax></bndbox></object><object><name>proposal</name><bndbox><xmin>332</xmin><ymin>11</ymin><xmax>191</xmax><ymax>79</ymax></bndbox></object><object><name>proposal</name><bndbox><xmin>86</xmin><ymin>139</ymin><xmax>101</xmax><ymax>84</ymax></bndbox></object><object><name>proposal</name><bndbox><xmin>183</xmin><ymin>23</ymin><xmax>66</xmax><ymax>28</ymax></bndbox></object><object><name>proposal</name><bndbox><xmin>334</xmin><ymin>93</ymin><xmax>115</xmax><ymax>147</ymax></bndbox></object><object><name>proposal</name><bndbox><xmin>125</xmin><ymin>7</ymin><xmax>309</xmax><ymax>466</ymax></bndbox></object><object><name>proposal</name><bndbox><xmin>16</xmin><ymin>76</ymin><xmax>33</xmax><ymax>73</ymax></bndbox></object><object><name>proposal</name><bndbox><xmin>190</xmin><ymin>517</ymin><xmax>156</xmax><ymax>199</ymax></bndbox></object><object><name>proposal</name><bndbox><xmin>122</xmin><ymin>147</ymin><xmax>51</xmax><ymax>25</ymax></bndbox></object><object><name>proposal</name><bndbox><xmin>195</xmin><ymin>575</ymin><xmax>180</xmax><ymax>142</ymax></bndbox></object><object><name>proposal</name><bndbox><xmin>139</xmin><ymin>5</ymin><xmax>34</xmax><ymax>46</ymax></bndbox></object><object><name>proposal</name><bndbox><xmin>17</xmin><ymin>102</ymin><xmax>55</xmax><ymax>41</ymax></bndbox></object><object><name>proposal</name><bndbox><xmin>397</xmin><ymin>5</ymin><xmax>60</xmax><ymax>47</ymax></bndbox></object><object><name>proposal</name><bndbox><xmin>93</xmin><ymin>141</ymin><xmax>119</xmax><ymax>69</ymax></bndbox></object><object><name>proposal</name><bndbox><xmin>334</xmin><ymin>11</ymin><xmax>128</xmax><ymax>70</ymax></bndbox></object><object><name>proposal</name><bndbox><xmin>372</xmin><ymin>71</ymin><xmax>109</xmax><ymax>257</ymax></bndbox></object><object><name>proposal</name><bndbox><xmin>93</xmin><ymin>140</ymin><xmax>45</xmax><ymax>60</ymax></bndbox></object><object><name>proposal</name><bndbox><xmin>369</xmin><ymin>217</ymin><xmax>81</xmax><ymax>49</ymax></bndbox></object><object><name>proposal</name><bndbox><xmin>424</xmin><ymin>93</ymin><xmax>156</xmax><ymax>68</ymax></bndbox></object><object><name>proposal</name><bndbox><xmin>124</xmin><ymin>101</ymin><xmax>62</xmax><ymax>59</ymax></bndbox></object><object><name>proposal</name><bndbox><xmin>86</xmin><ymin>456</ymin><xmax>165</xmax><ymax>261</ymax></bndbox></object><object><name>proposal</name><bndbox><xmin>151</xmin><ymin>7</ymin><xmax>22</xmax><ymax>35</ymax></bndbox></object><object><name>proposal</name><bndbox><xmin>183</xmin><ymin>9</ymin><xmax>131</xmax><ymax>126</ymax></bndbox></object><object><name>proposal</name><bndbox><xmin>125</xmin><ymin>67</ymin><xmax>187</xmax><ymax>111</ymax></bndbox></object><object><name>proposal</name><bndbox><xmin>484</xmin><ymin>94</ymin><xmax>127</xmax><ymax>97</ymax></bndbox></object><object><name>proposal</name><bndbox><xmin>93</xmin><ymin>130</ymin><xmax>79</xmax><ymax>37</ymax></bndbox></object><object><name>proposal</name><bndbox><xmin>298</xmin><ymin>31</ymin><xmax>281</xmax><ymax>534</ymax></bndbox></object><object><name>proposal</name><bndbox><xmin>397</xmin><ymin>71</ymin><xmax>95</xmax><ymax>43</ymax></bndbox></object><object><name>proposal</name><bndbox><xmin>208</xmin><ymin>22</ymin><xmax>50</xmax><ymax>37</ymax></bndbox></object><object><name>proposal</name><bndbox><xmin>10</xmin><ymin>131</ymin><xmax>161</xmax><ymax>113</ymax></bndbox></object><object><name>proposal</name><bndbox><xmin>11</xmin><ymin>150</ymin><xmax>29</xmax><ymax>64</ymax></bndbox></object><object><name>proposal</name><bndbox><xmin>94</xmin><ymin>139</ymin><xmax>77</xmax><ymax>117</ymax></bndbox></object><object><name>proposal</name><bndbox><xmin>203</xmin><ymin>23</ymin><xmax>45</xmax><ymax>45</ymax></bndbox></object><object><name>proposal</name><bndbox><xmin>12</xmin><ymin>132</ymin><xmax>122</xmax><ymax>84</ymax></bndbox></object><object><name>proposal</name><bndbox><xmin>394</xmin><ymin>70</ymin><xmax>77</xmax><ymax>122</ymax></bndbox></object><object><name>proposal</name><bndbox><xmin>401</xmin><ymin>39</ymin><xmax>29</xmax><ymax>39</ymax></bndbox></object><object><name>proposal</name><bndbox><xmin>140</xmin><ymin>7</ymin><xmax>60</xmax><ymax>49</ymax></bndbox></object><object><name>proposal</name><bndbox><xmin>352</xmin><ymin>95</ymin><xmax>73</xmax><ymax>135</ymax></bndbox></object><object><name>proposal</name><bndbox><xmin>394</xmin><ymin>30</ymin><xmax>107</xmax><ymax>75</ymax></bndbox></object><object><name>proposal</name><bndbox><xmin>300</xmin><ymin>214</ymin><xmax>111</xmax><ymax>125</ymax></bndbox></object><object><name>proposal</name><bndbox><xmin>424</xmin><ymin>72</ymin><xmax>115</xmax><ymax>60</ymax></bndbox></object><object><name>proposal</name><bndbox><xmin>93</xmin><ymin>130</ymin><xmax>42</xmax><ymax>21</ymax></bndbox></object><object><name>proposal</name><bndbox><xmin>397</xmin><ymin>31</ymin><xmax>125</xmax><ymax>217</ymax></bndbox></object><object><name>proposal</name><bndbox><xmin>61</xmin><ymin>141</ymin><xmax>71</xmax><ymax>39</ymax></bndbox></object><object><name>proposal</name><bndbox><xmin>197</xmin><ymin>67</ymin><xmax>181</xmax><ymax>270</ymax></bndbox></object><object><name>proposal</name><bndbox><xmin>93</xmin><ymin>88</ymin><xmax>45</xmax><ymax>63</ymax></bndbox></object><object><name>proposal</name><bndbox><xmin>397</xmin><ymin>69</ymin><xmax>127</xmax><ymax>296</ymax></bndbox></object><object><name>proposal</name><bndbox><xmin>1</xmin><ymin>69</ymin><xmax>80</xmax><ymax>104</ymax></bndbox></object><object><name>proposal</name><bndbox><xmin>1</xmin><ymin>47</ymin><xmax>359</xmax><ymax>446</ymax></bndbox></object><object><name>proposal</name><bndbox><xmin>270</xmin><ymin>6</ymin><xmax>101</xmax><ymax>104</ymax></bndbox></object><object><name>proposal</name><bndbox><xmin>367</xmin><ymin>214</ymin><xmax>44</xmax><ymax>105</ymax></bndbox></object><object><name>proposal</name><bndbox><xmin>185</xmin><ymin>68</ymin><xmax>129</xmax><ymax>122</ymax></bndbox></object><object><name>proposal</name><bndbox><xmin>17</xmin><ymin>73</ymin><xmax>54</xmax><ymax>69</ymax></bndbox></object><object><name>proposal</name><bndbox><xmin>401</xmin><ymin>21</ymin><xmax>31</xmax><ymax>31</ymax></bndbox></object><object><name>proposal</name><bndbox><xmin>179</xmin><ymin>407</ymin><xmax>190</xmax><ymax>309</ymax></bndbox></object><object><name>proposal</name><bndbox><xmin>232</xmin><ymin>123</ymin><xmax>61</xmax><ymax>28</ymax></bndbox></object><object><name>proposal</name><bndbox><xmin>227</xmin><ymin>37</ymin><xmax>199</xmax><ymax>300</ymax></bndbox></object><object><name>proposal</name><bndbox><xmin>114</xmin><ymin>92</ymin><xmax>59</xmax><ymax>68</ymax></bndbox></object><object><name>proposal</name><bndbox><xmin>205</xmin><ymin>85</ymin><xmax>69</xmax><ymax>51</ymax></bndbox></object><object><name>proposal</name><bndbox><xmin>81</xmin><ymin>7</ymin><xmax>93</xmax><ymax>68</ymax></bndbox></object><object><name>proposal</name><bndbox><xmin>333</xmin><ymin>281</ymin><xmax>38</xmax><ymax>55</ymax></bndbox></object><object><name>proposal</name><bndbox><xmin>329</xmin><ymin>325</ymin><xmax>45</xmax><ymax>49</ymax></bndbox></object><object><name>proposal</name><bndbox><xmin>232</xmin><ymin>122</ymin><xmax>59</xmax><ymax>59</ymax></bndbox></object><object><name>proposal</name><bndbox><xmin>63</xmin><ymin>96</ymin><xmax>108</xmax><ymax>65</ymax></bndbox></object><object><name>proposal</name><bndbox><xmin>2</xmin><ymin>39</ymin><xmax>313</xmax><ymax>678</ymax></bndbox></object><object><name>proposal</name><bndbox><xmin>288</xmin><ymin>12</ymin><xmax>133</xmax><ymax>104</ymax></bndbox></object><object><name>proposal</name><bndbox><xmin>371</xmin><ymin>105</ymin><xmax>77</xmax><ymax>128</ymax></bndbox></object><object><name>proposal</name><bndbox><xmin>365</xmin><ymin>13</ymin><xmax>80</xmax><ymax>68</ymax></bndbox></object><object><name>proposal</name><bndbox><xmin>301</xmin><ymin>214</ymin><xmax>42</xmax><ymax>21</ymax></bndbox></object><object><name>proposal</name><bndbox><xmin>11</xmin><ymin>140</ymin><xmax>122</xmax><ymax>42</ymax></bndbox></object><object><name>proposal</name><bndbox><xmin>61</xmin><ymin>110</ymin><xmax>71</xmax><ymax>39</ymax></bndbox></object><object><name>proposal</name><bndbox><xmin>463</xmin><ymin>73</ymin><xmax>161</xmax><ymax>204</ymax></bndbox></object><object><name>proposal</name><bndbox><xmin>303</xmin><ymin>180</ymin><xmax>55</xmax><ymax>47</ymax></bndbox></object><object><name>proposal</name><bndbox><xmin>374</xmin><ymin>39</ymin><xmax>47</xmax><ymax>25</ymax></bndbox></object><object><name>proposal</name><bndbox><xmin>337</xmin><ymin>166</ymin><xmax>85</xmax><ymax>63</ymax></bndbox></object><object><name>proposal</name><bndbox><xmin>189</xmin><ymin>96</ymin><xmax>83</xmax><ymax>39</ymax></bndbox></object><object><name>proposal</name><bndbox><xmin>8</xmin><ymin>116</ymin><xmax>42</xmax><ymax>29</ymax></bndbox></object><object><name>proposal</name><bndbox><xmin>10</xmin><ymin>131</ymin><xmax>89</xmax><ymax>66</ymax></bndbox></object><object><name>proposal</name><bndbox><xmin>414</xmin><ymin>94</ymin><xmax>227</xmax><ymax>97</ymax></bndbox></object><object><name>proposal</name><bndbox><xmin>349</xmin><ymin>67</ymin><xmax>99</xmax><ymax>36</ymax></bndbox></object><object><name>proposal</name><bndbox><xmin>371</xmin><ymin>179</ymin><xmax>91</xmax><ymax>50</ymax></bndbox></object><object><name>proposal</name><bndbox><xmin>10</xmin><ymin>128</ymin><xmax>63</xmax><ymax>85</ymax></bndbox></object><object><name>proposal</name><bndbox><xmin>196</xmin><ymin>69</ymin><xmax>74</xmax><ymax>68</ymax></bndbox></object><object><name>proposal</name><bndbox><xmin>367</xmin><ymin>138</ymin><xmax>44</xmax><ymax>96</ymax></bndbox></object><object><name>proposal</name><bndbox><xmin>12</xmin><ymin>81</ymin><xmax>122</xmax><ymax>90</ymax></bndbox></object><object><name>proposal</name><bndbox><xmin>351</xmin><ymin>91</ymin><xmax>117</xmax><ymax>80</ymax></bndbox></object><object><name>proposal</name><bndbox><xmin>9</xmin><ymin>116</ymin><xmax>165</xmax><ymax>69</ymax></bndbox></object><object><name>proposal</name><bndbox><xmin>443</xmin><ymin>71</ymin><xmax>79</xmax><ymax>33</ymax></bndbox></object><object><name>proposal</name><bndbox><xmin>140</xmin><ymin>45</ymin><xmax>51</xmax><ymax>25</ymax></bndbox></object><object><name>proposal</name><bndbox><xmin>17</xmin><ymin>131</ymin><xmax>42</xmax><ymax>20</ymax></bndbox></object><object><name>proposal</name><bndbox><xmin>53</xmin><ymin>140</ymin><xmax>118</xmax><ymax>87</ymax></bndbox></object><object><name>proposal</name><bndbox><xmin>372</xmin><ymin>36</ymin><xmax>74</xmax><ymax>71</ymax></bndbox></object><object><name>proposal</name><bndbox><xmin>281</xmin><ymin>75</ymin><xmax>87</xmax><ymax>112</ymax></bndbox></object><object><name>proposal</name><bndbox><xmin>218</xmin><ymin>124</ymin><xmax>59</xmax><ymax>62</ymax></bndbox></object><object><name>proposal</name><bndbox><xmin>462</xmin><ymin>73</ymin><xmax>77</xmax><ymax>161</ymax></bndbox></object><object><name>proposal</name><bndbox><xmin>331</xmin><ymin>326</ymin><xmax>61</xmax><ymax>32</ymax></bndbox></object><object><name>proposal</name><bndbox><xmin>331</xmin><ymin>306</ymin><xmax>61</xmax><ymax>30</ymax></bndbox></object><object><name>proposal</name><bndbox><xmin>436</xmin><ymin>31</ymin><xmax>31</xmax><ymax>40</ymax></bndbox></object><object><name>proposal</name><bndbox><xmin>12</xmin><ymin>143</ymin><xmax>61</xmax><ymax>28</ymax></bndbox></object><object><name>proposal</name><bndbox><xmin>138</xmin><ymin>40</ymin><xmax>243</xmax><ymax>224</ymax></bndbox></object><object><name>proposal</name><bndbox><xmin>311</xmin><ymin>325</ymin><xmax>49</xmax><ymax>49</ymax></bndbox></object><object><name>proposal</name><bndbox><xmin>385</xmin><ymin>11</ymin><xmax>123</xmax><ymax>77</ymax></bndbox></object><object><name>proposal</name><bndbox><xmin>176</xmin><ymin>23</ymin><xmax>72</xmax><ymax>43</ymax></bndbox></object><object><name>proposal</name><bndbox><xmin>435</xmin><ymin>16</ymin><xmax>45</xmax><ymax>29</ymax></bndbox></object><object><name>proposal</name><bndbox><xmin>646</xmin><ymin>69</ymin><xmax>49</xmax><ymax>89</ymax></bndbox></object><object><name>proposal</name><bndbox><xmin>400</xmin><ymin>63</ymin><xmax>45</xmax><ymax>31</ymax></bndbox></object><object><name>proposal</name><bndbox><xmin>1</xmin><ymin>3</ymin><xmax>257</xmax><ymax>93</ymax></bndbox></object><object><name>proposal</name><bndbox><xmin>106</xmin><ymin>6</ymin><xmax>207</xmax><ymax>130</ymax></bndbox></object><object><name>proposal</name><bndbox><xmin>309</xmin><ymin>326</ymin><xmax>61</xmax><ymax>36</ymax></bndbox></object><object><name>proposal</name><bndbox><xmin>293</xmin><ymin>199</ymin><xmax>51</xmax><ymax>27</ymax></bndbox></object><object><name>proposal</name><bndbox><xmin>75</xmin><ymin>140</ymin><xmax>59</xmax><ymax>59</ymax></bndbox></object><object><name>proposal</name><bndbox><xmin>375</xmin><ymin>54</ymin><xmax>132</xmax><ymax>97</ymax></bndbox></object><object><name>proposal</name><bndbox><xmin>298</xmin><ymin>292</ymin><xmax>65</xmax><ymax>44</ymax></bndbox></object><object><name>proposal</name><bndbox><xmin>120</xmin><ymin>101</ymin><xmax>152</xmax><ymax>59</ymax></bndbox></object><object><name>proposal</name><bndbox><xmin>125</xmin><ymin>38</ymin><xmax>188</xmax><ymax>172</ymax></bndbox></object><object><name>proposal</name><bndbox><xmin>356</xmin><ymin>215</ymin><xmax>85</xmax><ymax>60</ymax></bndbox></object><object><name>proposal</name><bndbox><xmin>151</xmin><ymin>7</ymin><xmax>35</xmax><ymax>24</ymax></bndbox></object><object><name>proposal</name><bndbox><xmin>189</xmin><ymin>124</ymin><xmax>83</xmax><ymax>40</ymax></bndbox></object><object><name>proposal</name><bndbox><xmin>322</xmin><ymin>298</ymin><xmax>61</xmax><ymax>39</ymax></bndbox></object><object><name>proposal</name><bndbox><xmin>300</xmin><ymin>154</ymin><xmax>117</xmax><ymax>77</ymax></bndbox></object><object><name>proposal</name><bndbox><xmin>293</xmin><ymin>214</ymin><xmax>117</xmax><ymax>77</ymax></bndbox></object><object><name>proposal</name><bndbox><xmin>332</xmin><ymin>298</ymin><xmax>79</xmax><ymax>39</ymax></bndbox></object><object><name>proposal</name><bndbox><xmin>3</xmin><ymin>42</ymin><xmax>181</xmax><ymax>438</ymax></bndbox></object><object><name>proposal</name><bndbox><xmin>49</xmin><ymin>57</ymin><xmax>84</xmax><ymax>92</ymax></bndbox></object><object><name>proposal</name><bndbox><xmin>5</xmin><ymin>114</ymin><xmax>45</xmax><ymax>57</ymax></bndbox></object><object><name>proposal</name><bndbox><xmin>180</xmin><ymin>452</ymin><xmax>277</xmax><ymax>265</ymax></bndbox></object><object><name>proposal</name><bndbox><xmin>463</xmin><ymin>68</ymin><xmax>61</xmax><ymax>26</ymax></bndbox></object><object><name>proposal</name><bndbox><xmin>424</xmin><ymin>7</ymin><xmax>34</xmax><ymax>37</ymax></bndbox></object><object><name>proposal</name><bndbox><xmin>79</xmin><ymin>39</ymin><xmax>301</xmax><ymax>678</ymax></bndbox></object><object><name>proposal</name><bndbox><xmin>371</xmin><ymin>214</ymin><xmax>60</xmax><ymax>103</ymax></bndbox></object><object><name>proposal</name><bndbox><xmin>617</xmin><ymin>123</ymin><xmax>65</xmax><ymax>41</ymax></bndbox></object><object><name>proposal</name><bndbox><xmin>185</xmin><ymin>23</ymin><xmax>89</xmax><ymax>58</ymax></bndbox></object><object><name>proposal</name><bndbox><xmin>402</xmin><ymin>19</ymin><xmax>55</xmax><ymax>25</ymax></bndbox></object><object><name>proposal</name><bndbox><xmin>397</xmin><ymin>71</ymin><xmax>99</xmax><ymax>207</ymax></bndbox></object><object><name>proposal</name><bndbox><xmin>138</xmin><ymin>7</ymin><xmax>109</xmax><ymax>50</ymax></bndbox></object><object><name>proposal</name><bndbox><xmin>81</xmin><ymin>29</ymin><xmax>87</xmax><ymax>43</ymax></bndbox></object><object><name>proposal</name><bndbox><xmin>421</xmin><ymin>64</ymin><xmax>103</xmax><ymax>43</ymax></bndbox></object><object><name>proposal</name><bndbox><xmin>369</xmin><ymin>157</ymin><xmax>80</xmax><ymax>72</ymax></bndbox></object><object><name>proposal</name><bndbox><xmin>434</xmin><ymin>10</ymin><xmax>174</xmax><ymax>79</ymax></bndbox></object><object><name>proposal</name><bndbox><xmin>75</xmin><ymin>88</ymin><xmax>59</xmax><ymax>65</ymax></bndbox></object><object><name>proposal</name><bndbox><xmin>331</xmin><ymin>326</ymin><xmax>33</xmax><ymax>70</ymax></bndbox></object><object><name>proposal</name><bndbox><xmin>113</xmin><ymin>45</ymin><xmax>156</xmax><ymax>121</ymax></bndbox></object><object><name>proposal</name><bndbox><xmin>114</xmin><ymin>147</ymin><xmax>57</xmax><ymax>85</ymax></bndbox></object><object><name>proposal</name><bndbox><xmin>400</xmin><ymin>1</ymin><xmax>31</xmax><ymax>50</ymax></bndbox></object><object><name>proposal</name><bndbox><xmin>431</xmin><ymin>75</ymin><xmax>110</xmax><ymax>132</ymax></bndbox></object><object><name>proposal</name><bndbox><xmin>334</xmin><ymin>25</ymin><xmax>34</xmax><ymax>34</ymax></bndbox></object><object><name>proposal</name><bndbox><xmin>124</xmin><ymin>45</ymin><xmax>69</xmax><ymax>115</ymax></bndbox></object><object><name>proposal</name><bndbox><xmin>12</xmin><ymin>150</ymin><xmax>45</xmax><ymax>63</ymax></bndbox></object><object><name>proposal</name><bndbox><xmin>177</xmin><ymin>541</ymin><xmax>387</xmax><ymax>175</ymax></bndbox></object><object><name>proposal</name><bndbox><xmin>27</xmin><ymin>402</ymin><xmax>225</xmax><ymax>314</ymax></bndbox></object><object><name>proposal</name><bndbox><xmin>342</xmin><ymin>138</ymin><xmax>69</xmax><ymax>94</ymax></bndbox></object><object><name>proposal</name><bndbox><xmin>371</xmin><ymin>138</ymin><xmax>60</xmax><ymax>94</ymax></bndbox></object><object><name>proposal</name><bndbox><xmin>302</xmin><ymin>210</ymin><xmax>41</xmax><ymax>60</ymax></bndbox></object><object><name>proposal</name><bndbox><xmin>302</xmin><ymin>166</ymin><xmax>41</xmax><ymax>60</ymax></bndbox></object><object><name>proposal</name><bndbox><xmin>232</xmin><ymin>124</ymin><xmax>40</xmax><ymax>91</ymax></bndbox></object><object><name>proposal</name><bndbox><xmin>410</xmin><ymin>31</ymin><xmax>50</xmax><ymax>37</ymax></bndbox></object><object><name>proposal</name><bndbox><xmin>333</xmin><ymin>217</ymin><xmax>80</xmax><ymax>72</ymax></bndbox></object><object><name>proposal</name><bndbox><xmin>91</xmin><ymin>57</ymin><xmax>41</xmax><ymax>95</ymax></bndbox></object><object><name>proposal</name><bndbox><xmin>161</xmin><ymin>541</ymin><xmax>132</xmax><ymax>176</ymax></bndbox></object><object><name>proposal</name><bndbox><xmin>248</xmin><ymin>68</ymin><xmax>119</xmax><ymax>128</ymax></bndbox></object><object><name>proposal</name><bndbox><xmin>435</xmin><ymin>1</ymin><xmax>42</xmax><ymax>45</ymax></bndbox></object><object><name>proposal</name><bndbox><xmin>4</xmin><ymin>151</ymin><xmax>34</xmax><ymax>40</ymax></bndbox></object><object><name>proposal</name><bndbox><xmin>11</xmin><ymin>141</ymin><xmax>31</xmax><ymax>31</ymax></bndbox></object><object><name>proposal</name><bndbox><xmin>365</xmin><ymin>106</ymin><xmax>52</xmax><ymax>122</ymax></bndbox></object><object><name>proposal</name><bndbox><xmin>301</xmin><ymin>205</ymin><xmax>42</xmax><ymax>21</ymax></bndbox></object><object><name>proposal</name><bndbox><xmin>426</xmin><ymin>16</ymin><xmax>31</xmax><ymax>31</ymax></bndbox></object><object><name>proposal</name><bndbox><xmin>139</xmin><ymin>45</ymin><xmax>35</xmax><ymax>24</ymax></bndbox></object><object><name>proposal</name><bndbox><xmin>612</xmin><ymin>100</ymin><xmax>69</xmax><ymax>64</ymax></bndbox></object><object><name>proposal</name><bndbox><xmin>207</xmin><ymin>18</ymin><xmax>41</xmax><ymax>65</ymax></bndbox></object><object><name>proposal</name><bndbox><xmin>1</xmin><ymin>29</ymin><xmax>64</xmax><ymax>69</ymax></bndbox></object><object><name>proposal</name><bndbox><xmin>424</xmin><ymin>28</ymin><xmax>34</xmax><ymax>50</ymax></bndbox></object><object><name>proposal</name><bndbox><xmin>329</xmin><ymin>325</ymin><xmax>47</xmax><ymax>25</ymax></bndbox></object><object><name>proposal</name><bndbox><xmin>136</xmin><ymin>27</ymin><xmax>32</xmax><ymax>24</ymax></bndbox></object><object><name>proposal</name><bndbox><xmin>463</xmin><ymin>50</ymin><xmax>59</xmax><ymax>59</ymax></bndbox></object><object><name>proposal</name><bndbox><xmin>322</xmin><ymin>270</ymin><xmax>41</xmax><ymax>66</ymax></bndbox></object><object><name>proposal</name><bndbox><xmin>146</xmin><ymin>6</ymin><xmax>31</xmax><ymax>31</ymax></bndbox></object><object><name>proposal</name><bndbox><xmin>9</xmin><ymin>151</ymin><xmax>75</xmax><ymax>37</ymax></bndbox></object><object><name>proposal</name><bndbox><xmin>293</xmin><ymin>198</ymin><xmax>119</xmax><ymax>48</ymax></bndbox></object><object><name>proposal</name><bndbox><xmin>3</xmin><ymin>61</ymin><xmax>113</xmax><ymax>177</ymax></bndbox></object><object><name>proposal</name><bndbox><xmin>391</xmin><ymin>21</ymin><xmax>31</xmax><ymax>31</ymax></bndbox></object><object><name>proposal</name><bndbox><xmin>5</xmin><ymin>131</ymin><xmax>42</xmax><ymax>20</ymax></bndbox></object><object><name>proposal</name><bndbox><xmin>352</xmin><ymin>33</ymin><xmax>75</xmax><ymax>98</ymax></bndbox></object><object><name>proposal</name><bndbox><xmin>388</xmin><ymin>1</ymin><xmax>34</xmax><ymax>50</ymax></bndbox></object><object><name>proposal</name><bndbox><xmin>281</xmin><ymin>214</ymin><xmax>60</xmax><ymax>41</ymax></bndbox></object><object><name>proposal</name><bndbox><xmin>151</xmin><ymin>6</ymin><xmax>41</xmax><ymax>55</ymax></bndbox></object><object><name>proposal</name><bndbox><xmin>642</xmin><ymin>53</ymin><xmax>40</xmax><ymax>107</ymax></bndbox></object><object><name>proposal</name><bndbox><xmin>125</xmin><ymin>145</ymin><xmax>68</xmax><ymax>80</ymax></bndbox></object><object><name>proposal</name><bndbox><xmin>332</xmin><ymin>325</ymin><xmax>63</xmax><ymax>47</ymax></bndbox></object><object><name>proposal</name><bndbox><xmin>372</xmin><ymin>213</ymin><xmax>42</xmax><ymax>29</ymax></bndbox></object><object><name>proposal</name><bndbox><xmin>205</xmin><ymin>13</ymin><xmax>42</xmax><ymax>21</ymax></bndbox></object><object><name>proposal</name><bndbox><xmin>81</xmin><ymin>58</ymin><xmax>81</xmax><ymax>54</ymax></bndbox></object><object><name>proposal</name><bndbox><xmin>281</xmin><ymin>180</ymin><xmax>60</xmax><ymax>47</ymax></bndbox></object><object><name>proposal</name><bndbox><xmin>141</xmin><ymin>1</ymin><xmax>41</xmax><ymax>60</ymax></bndbox></object><object><name>proposal</name><bndbox><xmin>141</xmin><ymin>16</ymin><xmax>24</xmax><ymax>35</ymax></bndbox></object><object><name>proposal</name><bndbox><xmin>94</xmin><ymin>57</ymin><xmax>63</xmax><ymax>93</ymax></bndbox></object><object><name>proposal</name><bndbox><xmin>262</xmin><ymin>46</ymin><xmax>118</xmax><ymax>222</ymax></bndbox></object><object><name>proposal</name><bndbox><xmin>298</xmin><ymin>81</ymin><xmax>97</xmax><ymax>197</ymax></bndbox></object><object><name>proposal</name><bndbox><xmin>108</xmin><ymin>7</ymin><xmax>66</xmax><ymax>45</ymax></bndbox></object><object><name>proposal</name><bndbox><xmin>92</xmin><ymin>88</ymin><xmax>68</xmax><ymax>65</ymax></bndbox></object><object><name>proposal</name><bndbox><xmin>11</xmin><ymin>149</ymin><xmax>37</xmax><ymax>79</ymax></bndbox></object><object><name>proposal</name><bndbox><xmin>1</xmin><ymin>34</ymin><xmax>197</xmax><ymax>76</ymax></bndbox></object><object><name>proposal</name><bndbox><xmin>81</xmin><ymin>7</ymin><xmax>166</xmax><ymax>69</ymax></bndbox></object><object><name>proposal</name><bndbox><xmin>17</xmin><ymin>103</ymin><xmax>83</xmax><ymax>39</ymax></bndbox></object><object><name>proposal</name><bndbox><xmin>300</xmin><ymin>105</ymin><xmax>126</xmax><ymax>126</ymax></bndbox></object><object><name>proposal</name><bndbox><xmin>159</xmin><ymin>375</ymin><xmax>124</xmax><ymax>341</ymax></bndbox></object><object><name>proposal</name><bndbox><xmin>229</xmin><ymin>124</ymin><xmax>100</xmax><ymax>40</ymax></bndbox></object><object><name>proposal</name><bndbox><xmin>309</xmin><ymin>323</ymin><xmax>50</xmax><ymax>19</ymax></bndbox></object><object><name>proposal</name><bndbox><xmin>435</xmin><ymin>31</ymin><xmax>42</xmax><ymax>33</ymax></bndbox></object><object><name>proposal</name><bndbox><xmin>328</xmin><ymin>213</ymin><xmax>110</xmax><ymax>126</ymax></bndbox></object><object><name>proposal</name><bndbox><xmin>176</xmin><ymin>210</ymin><xmax>235</xmax><ymax>505</ymax></bndbox></object><object><name>proposal</name><bndbox><xmin>334</xmin><ymin>49</ymin><xmax>34</xmax><ymax>37</ymax></bndbox></object><object><name>proposal</name><bndbox><xmin>374</xmin><ymin>37</ymin><xmax>50</xmax><ymax>37</ymax></bndbox></object><object><name>proposal</name><bndbox><xmin>314</xmin><ymin>281</ymin><xmax>54</xmax><ymax>59</ymax></bndbox></object><object><name>proposal</name><bndbox><xmin>400</xmin><ymin>8</ymin><xmax>42</xmax><ymax>45</ymax></bndbox></object><object><name>proposal</name><bndbox><xmin>298</xmin><ymin>213</ymin><xmax>63</xmax><ymax>125</ymax></bndbox></object><object><name>proposal</name><bndbox><xmin>292</xmin><ymin>171</ymin><xmax>64</xmax><ymax>59</ymax></bndbox></object><object><name>proposal</name><bndbox><xmin>141</xmin><ymin>31</ymin><xmax>38</xmax><ymax>21</ymax></bndbox></object><object><name>proposal</name><bndbox><xmin>337</xmin><ymin>214</ymin><xmax>84</xmax><ymax>102</ymax></bndbox></object><object><name>proposal</name><bndbox><xmin>109</xmin><ymin>3</ymin><xmax>93</xmax><ymax>54</ymax></bndbox></object><object><name>proposal</name><bndbox><xmin>401</xmin><ymin>34</ymin><xmax>50</xmax><ymax>21</ymax></bndbox></object><object><name>proposal</name><bndbox><xmin>516</xmin><ymin>45</ymin><xmax>63</xmax><ymax>77</ymax></bndbox></object><object><name>proposal</name><bndbox><xmin>176</xmin><ymin>21</ymin><xmax>138</xmax><ymax>243</ymax></bndbox></object><object><name>proposal</name><bndbox><xmin>646</xmin><ymin>113</ymin><xmax>34</xmax><ymax>46</ymax></bndbox></object><object><name>proposal</name><bndbox><xmin>331</xmin><ymin>281</ymin><xmax>59</xmax><ymax>59</ymax></bndbox></object><object><name>proposal</name><bndbox><xmin>303</xmin><ymin>196</ymin><xmax>56</xmax><ymax>30</ymax></bndbox></object><object><name>proposal</name><bndbox><xmin>418</xmin><ymin>21</ymin><xmax>41</xmax><ymax>24</ymax></bndbox></object><object><name>proposal</name><bndbox><xmin>185</xmin><ymin>41</ymin><xmax>130</xmax><ymax>55</ymax></bndbox></object><object><name>proposal</name><bndbox><xmin>16</xmin><ymin>121</ymin><xmax>31</xmax><ymax>31</ymax></bndbox></object><object><name>proposal</name><bndbox><xmin>62</xmin><ymin>124</ymin><xmax>109</xmax><ymax>40</ymax></bndbox></object><object><name>proposal</name><bndbox><xmin>401</xmin><ymin>38</ymin><xmax>42</xmax><ymax>20</ymax></bndbox></object><object><name>proposal</name><bndbox><xmin>433</xmin><ymin>25</ymin><xmax>50</xmax><ymax>21</ymax></bndbox></object><object><name>proposal</name><bndbox><xmin>171</xmin><ymin>26</ymin><xmax>31</xmax><ymax>31</ymax></bndbox></object><object><name>proposal</name><bndbox><xmin>138</xmin><ymin>23</ymin><xmax>109</xmax><ymax>50</ymax></bndbox></object><object><name>proposal</name><bndbox><xmin>139</xmin><ymin>18</ymin><xmax>135</xmax><ymax>63</ymax></bndbox></object><object><name>proposal</name><bndbox><xmin>397</xmin><ymin>91</ymin><xmax>37</xmax><ymax>40</ymax></bndbox></object><object><name>proposal</name><bndbox><xmin>125</xmin><ymin>31</ymin><xmax>42</xmax><ymax>21</ymax></bndbox></object><object><name>proposal</name><bndbox><xmin>333</xmin><ymin>45</ymin><xmax>38</xmax><ymax>60</ymax></bndbox></object><object><name>proposal</name><bndbox><xmin>228</xmin><ymin>116</ymin><xmax>42</xmax><ymax>29</ymax></bndbox></object><object><name>proposal</name><bndbox><xmin>392</xmin><ymin>1</ymin><xmax>45</xmax><ymax>53</ymax></bndbox></object><object><name>proposal</name><bndbox><xmin>176</xmin><ymin>41</ymin><xmax>31</xmax><ymax>31</ymax></bndbox></object><object><name>proposal</name><bndbox><xmin>133</xmin><ymin>7</ymin><xmax>42</xmax><ymax>21</ymax></bndbox></object><object><name>proposal</name><bndbox><xmin>341</xmin><ymin>53</ymin><xmax>107</xmax><ymax>43</ymax></bndbox></object><object><name>proposal</name><bndbox><xmin>330</xmin><ymin>25</ymin><xmax>54</xmax><ymax>34</ymax></bndbox></object><object><name>proposal</name><bndbox><xmin>100</xmin><ymin>576</ymin><xmax>147</xmax><ymax>126</ymax></bndbox></object><object><name>proposal</name><bndbox><xmin>181</xmin><ymin>109</ymin><xmax>91</xmax><ymax>37</ymax></bndbox></object><object><name>proposal</name><bndbox><xmin>231</xmin><ymin>121</ymin><xmax>126</xmax><ymax>110</ymax></bndbox></object><object><name>proposal</name><bndbox><xmin>1</xmin><ymin>83</ymin><xmax>44</xmax><ymax>55</ymax></bndbox></object><object><name>proposal</name><bndbox><xmin>331</xmin><ymin>311</ymin><xmax>31</xmax><ymax>31</ymax></bndbox></object><object><name>proposal</name><bndbox><xmin>516</xmin><ymin>97</ymin><xmax>63</xmax><ymax>97</ymax></bndbox></object><object><name>proposal</name><bndbox><xmin>232</xmin><ymin>116</ymin><xmax>71</xmax><ymax>28</ymax></bndbox></object><object><name>proposal</name><bndbox><xmin>433</xmin><ymin>31</ymin><xmax>50</xmax><ymax>21</ymax></bndbox></object><object><name>proposal</name><bndbox><xmin>401</xmin><ymin>36</ymin><xmax>31</xmax><ymax>31</ymax></bndbox></object><object><name>proposal</name><bndbox><xmin>325</xmin><ymin>49</ymin><xmax>42</xmax><ymax>21</ymax></bndbox></object><object><name>proposal</name><bndbox><xmin>161</xmin><ymin>26</ymin><xmax>31</xmax><ymax>31</ymax></bndbox></object></annotation>