<annotation><folder>Proposals</folder><filename>img-196.jpg</filename><size><width>720</width><height>720</height><depth>3</depth></size><object><name>proposal</name><bndbox><xmin>686</xmin><ymin>463</ymin><xmax>29</xmax><ymax>45</ymax></bndbox></object><object><name>proposal</name><bndbox><xmin>1</xmin><ymin>5</ymin><xmax>249</xmax><ymax>287</ymax></bndbox></object><object><name>proposal</name><bndbox><xmin>1</xmin><ymin>139</ymin><xmax>249</xmax><ymax>153</ymax></bndbox></object><object><name>proposal</name><bndbox><xmin>673</xmin><ymin>464</ymin><xmax>44</xmax><ymax>45</ymax></bndbox></object><object><name>proposal</name><bndbox><xmin>676</xmin><ymin>465</ymin><xmax>39</xmax><ymax>61</ymax></bndbox></object><object><name>proposal</name><bndbox><xmin>682</xmin><ymin>439</ymin><xmax>33</xmax><ymax>70</ymax></bndbox></object><object><name>proposal</name><bndbox><xmin>655</xmin><ymin>463</ymin><xmax>60</xmax><ymax>44</ymax></bndbox></object><object><name>proposal</name><bndbox><xmin>98</xmin><ymin>144</ymin><xmax>65</xmax><ymax>71</ymax></bndbox></object><object><name>proposal</name><bndbox><xmin>673</xmin><ymin>445</ymin><xmax>43</xmax><ymax>71</ymax></bndbox></object><object><name>proposal</name><bndbox><xmin>4</xmin><ymin>216</ymin><xmax>39</xmax><ymax>29</ymax></bndbox></object><object><name>proposal</name><bndbox><xmin>270</xmin><ymin>133</ymin><xmax>69</xmax><ymax>53</ymax></bndbox></object><object><name>proposal</name><bndbox><xmin>270</xmin><ymin>94</ymin><xmax>69</xmax><ymax>59</ymax></bndbox></object><object><name>proposal</name><bndbox><xmin>271</xmin><ymin>133</ymin><xmax>73</xmax><ymax>36</ymax></bndbox></object><object><name>proposal</name><bndbox><xmin>1</xmin><ymin>227</ymin><xmax>47</xmax><ymax>65</ymax></bndbox></object><object><name>proposal</name><bndbox><xmin>93</xmin><ymin>175</ymin><xmax>71</xmax><ymax>41</ymax></bndbox></object><object><name>proposal</name><bndbox><xmin>2</xmin><ymin>143</ymin><xmax>248</xmax><ymax>489</ymax></bndbox></object><object><name>proposal</name><bndbox><xmin>99</xmin><ymin>134</ymin><xmax>151</xmax><ymax>81</ymax></bndbox></object><object><name>proposal</name><bndbox><xmin>1</xmin><ymin>142</ymin><xmax>252</xmax><ymax>296</ymax></bndbox></object><object><name>proposal</name><bndbox><xmin>660</xmin><ymin>439</ymin><xmax>57</xmax><ymax>68</ymax></bndbox></object><object><name>proposal</name><bndbox><xmin>4</xmin><ymin>232</ymin><xmax>39</xmax><ymax>45</ymax></bndbox></object><object><name>proposal</name><bndbox><xmin>1</xmin><ymin>81</ymin><xmax>340</xmax><ymax>210</ymax></bndbox></object><object><name>proposal</name><bndbox><xmin>4</xmin><ymin>21</ymin><xmax>32</xmax><ymax>28</ymax></bndbox></object><object><name>proposal</name><bndbox><xmin>207</xmin><ymin>11</ymin><xmax>42</xmax><ymax>29</ymax></bndbox></object><object><name>proposal</name><bndbox><xmin>647</xmin><ymin>465</ymin><xmax>68</xmax><ymax>59</ymax></bndbox></object><object><name>proposal</name><bndbox><xmin>99</xmin><ymin>16</ymin><xmax>151</xmax><ymax>233</ymax></bndbox></object><object><name>proposal</name><bndbox><xmin>640</xmin><ymin>594</ymin><xmax>76</xmax><ymax>126</ymax></bndbox></object><object><name>proposal</name><bndbox><xmin>274</xmin><ymin>343</ymin><xmax>41</xmax><ymax>22</ymax></bndbox></object><object><name>proposal</name><bndbox><xmin>533</xmin><ymin>593</ymin><xmax>183</xmax><ymax>125</ymax></bndbox></object><object><name>proposal</name><bndbox><xmin>1</xmin><ymin>133</ymin><xmax>390</xmax><ymax>369</ymax></bndbox></object><object><name>proposal</name><bndbox><xmin>697</xmin><ymin>465</ymin><xmax>21</xmax><ymax>42</ymax></bndbox></object><object><name>proposal</name><bndbox><xmin>219</xmin><ymin>133</ymin><xmax>124</xmax><ymax>65</ymax></bndbox></object><object><name>proposal</name><bndbox><xmin>594</xmin><ymin>579</ymin><xmax>121</xmax><ymax>138</ymax></bndbox></object><object><name>proposal</name><bndbox><xmin>1</xmin><ymin>114</ymin><xmax>173</xmax><ymax>179</ymax></bndbox></object><object><name>proposal</name><bndbox><xmin>593</xmin><ymin>465</ymin><xmax>122</xmax><ymax>255</ymax></bndbox></object><object><name>proposal</name><bndbox><xmin>170</xmin><ymin>142</ymin><xmax>81</xmax><ymax>51</ymax></bndbox></object><object><name>proposal</name><bndbox><xmin>301</xmin><ymin>343</ymin><xmax>41</xmax><ymax>22</ymax></bndbox></object><object><name>proposal</name><bndbox><xmin>90</xmin><ymin>138</ymin><xmax>98</xmax><ymax>78</ymax></bndbox></object><object><name>proposal</name><bndbox><xmin>1</xmin><ymin>211</ymin><xmax>58</xmax><ymax>34</ymax></bndbox></object><object><name>proposal</name><bndbox><xmin>71</xmin><ymin>157</ymin><xmax>96</xmax><ymax>58</ymax></bndbox></object><object><name>proposal</name><bndbox><xmin>1</xmin><ymin>144</ymin><xmax>316</xmax><ymax>229</ymax></bndbox></object><object><name>proposal</name><bndbox><xmin>640</xmin><ymin>452</ymin><xmax>76</xmax><ymax>57</ymax></bndbox></object><object><name>proposal</name><bndbox><xmin>663</xmin><ymin>465</ymin><xmax>52</xmax><ymax>81</ymax></bndbox></object><object><name>proposal</name><bndbox><xmin>261</xmin><ymin>79</ymin><xmax>85</xmax><ymax>75</ymax></bndbox></object><object><name>proposal</name><bndbox><xmin>196</xmin><ymin>82</ymin><xmax>34</xmax><ymax>31</ymax></bndbox></object><object><name>proposal</name><bndbox><xmin>99</xmin><ymin>78</ymin><xmax>151</xmax><ymax>151</ymax></bndbox></object><object><name>proposal</name><bndbox><xmin>4</xmin><ymin>189</ymin><xmax>159</xmax><ymax>77</ymax></bndbox></object><object><name>proposal</name><bndbox><xmin>269</xmin><ymin>133</ymin><xmax>84</xmax><ymax>76</ymax></bndbox></object><object><name>proposal</name><bndbox><xmin>630</xmin><ymin>550</ymin><xmax>87</xmax><ymax>166</ymax></bndbox></object><object><name>proposal</name><bndbox><xmin>10</xmin><ymin>22</ymin><xmax>31</xmax><ymax>37</ymax></bndbox></object><object><name>proposal</name><bndbox><xmin>149</xmin><ymin>140</ymin><xmax>97</xmax><ymax>61</ymax></bndbox></object><object><name>proposal</name><bndbox><xmin>1</xmin><ymin>120</ymin><xmax>342</xmax><ymax>575</ymax></bndbox></object><object><name>proposal</name><bndbox><xmin>43</xmin><ymin>43</ymin><xmax>208</xmax><ymax>216</ymax></bndbox></object><object><name>proposal</name><bndbox><xmin>289</xmin><ymin>133</ymin><xmax>50</xmax><ymax>40</ymax></bndbox></object><object><name>proposal</name><bndbox><xmin>521</xmin><ymin>539</ymin><xmax>195</xmax><ymax>177</ymax></bndbox></object><object><name>proposal</name><bndbox><xmin>674</xmin><ymin>413</ymin><xmax>43</xmax><ymax>96</ymax></bndbox></object><object><name>proposal</name><bndbox><xmin>197</xmin><ymin>19</ymin><xmax>38</xmax><ymax>21</ymax></bndbox></object><object><name>proposal</name><bndbox><xmin>267</xmin><ymin>117</ymin><xmax>73</xmax><ymax>37</ymax></bndbox></object><object><name>proposal</name><bndbox><xmin>2</xmin><ymin>11</ymin><xmax>161</xmax><ymax>282</ymax></bndbox></object><object><name>proposal</name><bndbox><xmin>211</xmin><ymin>4</ymin><xmax>24</xmax><ymax>38</ymax></bndbox></object><object><name>proposal</name><bndbox><xmin>4</xmin><ymin>148</ymin><xmax>160</xmax><ymax>117</ymax></bndbox></object><object><name>proposal</name><bndbox><xmin>98</xmin><ymin>190</ymin><xmax>69</xmax><ymax>59</ymax></bndbox></object><object><name>proposal</name><bndbox><xmin>1</xmin><ymin>8</ymin><xmax>481</xmax><ymax>285</ymax></bndbox></object><object><name>proposal</name><bndbox><xmin>185</xmin><ymin>130</ymin><xmax>42</xmax><ymax>21</ymax></bndbox></object><object><name>proposal</name><bndbox><xmin>219</xmin><ymin>132</ymin><xmax>120</xmax><ymax>99</ymax></bndbox></object><object><name>proposal</name><bndbox><xmin>676</xmin><ymin>465</ymin><xmax>41</xmax><ymax>99</ymax></bndbox></object><object><name>proposal</name><bndbox><xmin>266</xmin><ymin>132</ymin><xmax>73</xmax><ymax>101</ymax></bndbox></object><object><name>proposal</name><bndbox><xmin>43</xmin><ymin>214</ymin><xmax>75</xmax><ymax>45</ymax></bndbox></object><object><name>proposal</name><bndbox><xmin>270</xmin><ymin>86</ymin><xmax>103</xmax><ymax>67</ymax></bndbox></object><object><name>proposal</name><bndbox><xmin>301</xmin><ymin>343</ymin><xmax>37</xmax><ymax>34</ymax></bndbox></object><object><name>proposal</name><bndbox><xmin>214</xmin><ymin>84</ymin><xmax>129</xmax><ymax>69</ymax></bndbox></object><object><name>proposal</name><bndbox><xmin>43</xmin><ymin>148</ymin><xmax>141</xmax><ymax>67</ymax></bndbox></object><object><name>proposal</name><bndbox><xmin>71</xmin><ymin>128</ymin><xmax>93</xmax><ymax>97</ymax></bndbox></object><object><name>proposal</name><bndbox><xmin>1</xmin><ymin>133</ymin><xmax>564</xmax><ymax>333</ymax></bndbox></object><object><name>proposal</name><bndbox><xmin>1</xmin><ymin>232</ymin><xmax>60</xmax><ymax>41</ymax></bndbox></object><object><name>proposal</name><bndbox><xmin>1</xmin><ymin>217</ymin><xmax>175</xmax><ymax>225</ymax></bndbox></object><object><name>proposal</name><bndbox><xmin>4</xmin><ymin>183</ymin><xmax>38</xmax><ymax>65</ymax></bndbox></object><object><name>proposal</name><bndbox><xmin>507</xmin><ymin>465</ymin><xmax>208</xmax><ymax>255</ymax></bndbox></object><object><name>proposal</name><bndbox><xmin>4</xmin><ymin>94</ymin><xmax>247</xmax><ymax>155</ymax></bndbox></object><object><name>proposal</name><bndbox><xmin>3</xmin><ymin>169</ymin><xmax>56</xmax><ymax>77</ymax></bndbox></object><object><name>proposal</name><bndbox><xmin>1</xmin><ymin>144</ymin><xmax>121</xmax><ymax>149</ymax></bndbox></object><object><name>proposal</name><bndbox><xmin>53</xmin><ymin>134</ymin><xmax>111</xmax><ymax>131</ymax></bndbox></object><object><name>proposal</name><bndbox><xmin>1</xmin><ymin>83</ymin><xmax>481</xmax><ymax>298</ymax></bndbox></object><object><name>proposal</name><bndbox><xmin>1</xmin><ymin>183</ymin><xmax>202</xmax><ymax>358</ymax></bndbox></object><object><name>proposal</name><bndbox><xmin>614</xmin><ymin>463</ymin><xmax>101</xmax><ymax>53</ymax></bndbox></object><object><name>proposal</name><bndbox><xmin>286</xmin><ymin>323</ymin><xmax>29</xmax><ymax>42</ymax></bndbox></object><object><name>proposal</name><bndbox><xmin>185</xmin><ymin>82</ymin><xmax>45</xmax><ymax>69</ymax></bndbox></object><object><name>proposal</name><bndbox><xmin>208</xmin><ymin>29</ymin><xmax>27</xmax><ymax>42</ymax></bndbox></object><object><name>proposal</name><bndbox><xmin>270</xmin><ymin>132</ymin><xmax>121</xmax><ymax>63</ymax></bndbox></object><object><name>proposal</name><bndbox><xmin>663</xmin><ymin>431</ymin><xmax>52</xmax><ymax>103</ymax></bndbox></object><object><name>proposal</name><bndbox><xmin>201</xmin><ymin>67</ymin><xmax>29</xmax><ymax>42</ymax></bndbox></object><object><name>proposal</name><bndbox><xmin>209</xmin><ymin>30</ymin><xmax>29</xmax><ymax>79</ymax></bndbox></object><object><name>proposal</name><bndbox><xmin>287</xmin><ymin>133</ymin><xmax>59</xmax><ymax>59</ymax></bndbox></object><object><name>proposal</name><bndbox><xmin>1</xmin><ymin>208</ymin><xmax>119</xmax><ymax>53</ymax></bndbox></object><object><name>proposal</name><bndbox><xmin>36</xmin><ymin>124</ymin><xmax>217</xmax><ymax>100</ymax></bndbox></object><object><name>proposal</name><bndbox><xmin>266</xmin><ymin>334</ymin><xmax>50</xmax><ymax>31</ymax></bndbox></object><object><name>proposal</name><bndbox><xmin>266</xmin><ymin>40</ymin><xmax>73</xmax><ymax>117</ymax></bndbox></object><object><name>proposal</name><bndbox><xmin>179</xmin><ymin>123</ymin><xmax>42</xmax><ymax>29</ymax></bndbox></object><object><name>proposal</name><bndbox><xmin>208</xmin><ymin>24</ymin><xmax>131</xmax><ymax>131</ymax></bndbox></object><object><name>proposal</name><bndbox><xmin>302</xmin><ymin>331</ymin><xmax>46</xmax><ymax>34</ymax></bndbox></object><object><name>proposal</name><bndbox><xmin>286</xmin><ymin>336</ymin><xmax>31</xmax><ymax>31</ymax></bndbox></object><object><name>proposal</name><bndbox><xmin>35</xmin><ymin>179</ymin><xmax>215</xmax><ymax>323</ymax></bndbox></object><object><name>proposal</name><bndbox><xmin>287</xmin><ymin>133</ymin><xmax>73</xmax><ymax>36</ymax></bndbox></object><object><name>proposal</name><bndbox><xmin>210</xmin><ymin>21</ymin><xmax>41</xmax><ymax>91</ymax></bndbox></object><object><name>proposal</name><bndbox><xmin>211</xmin><ymin>1</ymin><xmax>42</xmax><ymax>42</ymax></bndbox></object><object><name>proposal</name><bndbox><xmin>1</xmin><ymin>82</ymin><xmax>716</xmax><ymax>635</ymax></bndbox></object><object><name>proposal</name><bndbox><xmin>196</xmin><ymin>30</ymin><xmax>39</xmax><ymax>79</ymax></bndbox></object><object><name>proposal</name><bndbox><xmin>259</xmin><ymin>343</ymin><xmax>56</xmax><ymax>26</ymax></bndbox></object><object><name>proposal</name><bndbox><xmin>637</xmin><ymin>465</ymin><xmax>80</xmax><ymax>80</ymax></bndbox></object><object><name>proposal</name><bndbox><xmin>228</xmin><ymin>143</ymin><xmax>69</xmax><ymax>51</ymax></bndbox></object><object><name>proposal</name><bndbox><xmin>1</xmin><ymin>181</ymin><xmax>472</xmax><ymax>232</ymax></bndbox></object><object><name>proposal</name><bndbox><xmin>1</xmin><ymin>226</ymin><xmax>213</xmax><ymax>164</ymax></bndbox></object><object><name>proposal</name><bndbox><xmin>210</xmin><ymin>69</ymin><xmax>21</xmax><ymax>42</ymax></bndbox></object><object><name>proposal</name><bndbox><xmin>76</xmin><ymin>19</ymin><xmax>264</xmax><ymax>213</ymax></bndbox></object><object><name>proposal</name><bndbox><xmin>302</xmin><ymin>344</ymin><xmax>42</xmax><ymax>42</ymax></bndbox></object><object><name>proposal</name><bndbox><xmin>165</xmin><ymin>125</ymin><xmax>80</xmax><ymax>88</ymax></bndbox></object><object><name>proposal</name><bndbox><xmin>193</xmin><ymin>4</ymin><xmax>55</xmax><ymax>38</ymax></bndbox></object><object><name>proposal</name><bndbox><xmin>170</xmin><ymin>83</ymin><xmax>81</xmax><ymax>133</ymax></bndbox></object><object><name>proposal</name><bndbox><xmin>233</xmin><ymin>103</ymin><xmax>109</xmax><ymax>52</ymax></bndbox></object><object><name>proposal</name><bndbox><xmin>5</xmin><ymin>22</ymin><xmax>38</xmax><ymax>21</ymax></bndbox></object><object><name>proposal</name><bndbox><xmin>4</xmin><ymin>19</ymin><xmax>34</xmax><ymax>50</ymax></bndbox></object><object><name>proposal</name><bndbox><xmin>1</xmin><ymin>226</ymin><xmax>42</xmax><ymax>21</ymax></bndbox></object><object><name>proposal</name><bndbox><xmin>185</xmin><ymin>15</ymin><xmax>51</xmax><ymax>25</ymax></bndbox></object><object><name>proposal</name><bndbox><xmin>183</xmin><ymin>144</ymin><xmax>45</xmax><ymax>39</ymax></bndbox></object><object><name>proposal</name><bndbox><xmin>41</xmin><ymin>10</ymin><xmax>145</xmax><ymax>250</ymax></bndbox></object><object><name>proposal</name><bndbox><xmin>36</xmin><ymin>129</ymin><xmax>150</xmax><ymax>97</ymax></bndbox></object><object><name>proposal</name><bndbox><xmin>203</xmin><ymin>77</ymin><xmax>27</xmax><ymax>47</ymax></bndbox></object><object><name>proposal</name><bndbox><xmin>8</xmin><ymin>22</ymin><xmax>42</xmax><ymax>45</ymax></bndbox></object><object><name>proposal</name><bndbox><xmin>407</xmin><ymin>570</ymin><xmax>309</xmax><ymax>147</ymax></bndbox></object><object><name>proposal</name><bndbox><xmin>1</xmin><ymin>205</ymin><xmax>354</xmax><ymax>200</ymax></bndbox></object><object><name>proposal</name><bndbox><xmin>1</xmin><ymin>180</ymin><xmax>316</xmax><ymax>140</ymax></bndbox></object><object><name>proposal</name><bndbox><xmin>298</xmin><ymin>326</ymin><xmax>60</xmax><ymax>41</ymax></bndbox></object><object><name>proposal</name><bndbox><xmin>98</xmin><ymin>189</ymin><xmax>67</xmax><ymax>37</ymax></bndbox></object><object><name>proposal</name><bndbox><xmin>91</xmin><ymin>73</ymin><xmax>250</xmax><ymax>143</ymax></bndbox></object><object><name>proposal</name><bndbox><xmin>155</xmin><ymin>22</ymin><xmax>97</xmax><ymax>211</ymax></bndbox></object><object><name>proposal</name><bndbox><xmin>660</xmin><ymin>445</ymin><xmax>57</xmax><ymax>114</ymax></bndbox></object><object><name>proposal</name><bndbox><xmin>168</xmin><ymin>140</ymin><xmax>53</xmax><ymax>49</ymax></bndbox></object><object><name>proposal</name><bndbox><xmin>1</xmin><ymin>22</ymin><xmax>356</xmax><ymax>346</ymax></bndbox></object><object><name>proposal</name><bndbox><xmin>211</xmin><ymin>24</ymin><xmax>37</xmax><ymax>58</ymax></bndbox></object><object><name>proposal</name><bndbox><xmin>298</xmin><ymin>343</ymin><xmax>61</xmax><ymax>26</ymax></bndbox></object><object><name>proposal</name><bndbox><xmin>1</xmin><ymin>51</ymin><xmax>617</xmax><ymax>291</ymax></bndbox></object><object><name>proposal</name><bndbox><xmin>271</xmin><ymin>130</ymin><xmax>89</xmax><ymax>118</ymax></bndbox></object><object><name>proposal</name><bndbox><xmin>208</xmin><ymin>81</ymin><xmax>131</xmax><ymax>120</ymax></bndbox></object><object><name>proposal</name><bndbox><xmin>185</xmin><ymin>76</ymin><xmax>46</xmax><ymax>34</ymax></bndbox></object><object><name>proposal</name><bndbox><xmin>640</xmin><ymin>413</ymin><xmax>76</xmax><ymax>97</ymax></bndbox></object><object><name>proposal</name><bndbox><xmin>211</xmin><ymin>23</ymin><xmax>38</xmax><ymax>22</ymax></bndbox></object><object><name>proposal</name><bndbox><xmin>301</xmin><ymin>326</ymin><xmax>33</xmax><ymax>39</ymax></bndbox></object><object><name>proposal</name><bndbox><xmin>97</xmin><ymin>182</ymin><xmax>101</xmax><ymax>51</ymax></bndbox></object><object><name>proposal</name><bndbox><xmin>4</xmin><ymin>226</ymin><xmax>81</xmax><ymax>53</ymax></bndbox></object><object><name>proposal</name><bndbox><xmin>171</xmin><ymin>83</ymin><xmax>61</xmax><ymax>26</ymax></bndbox></object><object><name>proposal</name><bndbox><xmin>1</xmin><ymin>232</ymin><xmax>42</xmax><ymax>21</ymax></bndbox></object><object><name>proposal</name><bndbox><xmin>215</xmin><ymin>83</ymin><xmax>56</xmax><ymax>28</ymax></bndbox></object><object><name>proposal</name><bndbox><xmin>190</xmin><ymin>81</ymin><xmax>42</xmax><ymax>39</ymax></bndbox></object><object><name>proposal</name><bndbox><xmin>622</xmin><ymin>451</ymin><xmax>93</xmax><ymax>84</ymax></bndbox></object><object><name>proposal</name><bndbox><xmin>614</xmin><ymin>431</ymin><xmax>101</xmax><ymax>77</ymax></bndbox></object><object><name>proposal</name><bndbox><xmin>660</xmin><ymin>389</ymin><xmax>57</xmax><ymax>121</ymax></bndbox></object><object><name>proposal</name><bndbox><xmin>42</xmin><ymin>75</ymin><xmax>192</xmax><ymax>151</ymax></bndbox></object><object><name>proposal</name><bndbox><xmin>149</xmin><ymin>175</ymin><xmax>38</xmax><ymax>21</ymax></bndbox></object><object><name>proposal</name><bndbox><xmin>289</xmin><ymin>343</ymin><xmax>26</xmax><ymax>35</ymax></bndbox></object><object><name>proposal</name><bndbox><xmin>563</xmin><ymin>326</ymin><xmax>153</xmax><ymax>394</ymax></bndbox></object><object><name>proposal</name><bndbox><xmin>211</xmin><ymin>29</ymin><xmax>35</xmax><ymax>28</ymax></bndbox></object><object><name>proposal</name><bndbox><xmin>75</xmin><ymin>34</ymin><xmax>127</xmax><ymax>215</ymax></bndbox></object><object><name>proposal</name><bndbox><xmin>1</xmin><ymin>167</ymin><xmax>98</xmax><ymax>78</ymax></bndbox></object><object><name>proposal</name><bndbox><xmin>289</xmin><ymin>70</ymin><xmax>51</xmax><ymax>84</ymax></bndbox></object><object><name>proposal</name><bndbox><xmin>90</xmin><ymin>36</ymin><xmax>95</xmax><ymax>180</ymax></bndbox></object><object><name>proposal</name><bndbox><xmin>10</xmin><ymin>20</ymin><xmax>29</xmax><ymax>64</ymax></bndbox></object><object><name>proposal</name><bndbox><xmin>301</xmin><ymin>343</ymin><xmax>25</xmax><ymax>51</ymax></bndbox></object><object><name>proposal</name><bndbox><xmin>183</xmin><ymin>53</ymin><xmax>180</xmax><ymax>100</ymax></bndbox></object><object><name>proposal</name><bndbox><xmin>98</xmin><ymin>133</ymin><xmax>257</xmax><ymax>381</ymax></bndbox></object><object><name>proposal</name><bndbox><xmin>266</xmin><ymin>338</ymin><xmax>49</xmax><ymax>45</ymax></bndbox></object><object><name>proposal</name><bndbox><xmin>99</xmin><ymin>22</ymin><xmax>22</xmax><ymax>32</ymax></bndbox></object><object><name>proposal</name><bndbox><xmin>185</xmin><ymin>118</ymin><xmax>46</xmax><ymax>34</ymax></bndbox></object><object><name>proposal</name><bndbox><xmin>200</xmin><ymin>29</ymin><xmax>39</xmax><ymax>45</ymax></bndbox></object><object><name>proposal</name><bndbox><xmin>74</xmin><ymin>75</ymin><xmax>113</xmax><ymax>152</ymax></bndbox></object><object><name>proposal</name><bndbox><xmin>43</xmin><ymin>202</ymin><xmax>118</xmax><ymax>58</ymax></bndbox></object><object><name>proposal</name><bndbox><xmin>1</xmin><ymin>204</ymin><xmax>99</xmax><ymax>43</ymax></bndbox></object><object><name>proposal</name><bndbox><xmin>181</xmin><ymin>133</ymin><xmax>252</xmax><ymax>85</ymax></bndbox></object><object><name>proposal</name><bndbox><xmin>143</xmin><ymin>102</ymin><xmax>110</xmax><ymax>127</ymax></bndbox></object><object><name>proposal</name><bndbox><xmin>144</xmin><ymin>168</ymin><xmax>42</xmax><ymax>29</ymax></bndbox></object><object><name>proposal</name><bndbox><xmin>170</xmin><ymin>82</ymin><xmax>68</xmax><ymax>71</ymax></bndbox></object><object><name>proposal</name><bndbox><xmin>182</xmin><ymin>4</ymin><xmax>300</xmax><ymax>149</ymax></bndbox></object><object><name>proposal</name><bndbox><xmin>216</xmin><ymin>133</ymin><xmax>123</xmax><ymax>163</ymax></bndbox></object><object><name>proposal</name><bndbox><xmin>221</xmin><ymin>139</ymin><xmax>89</xmax><ymax>61</ymax></bndbox></object><object><name>proposal</name><bndbox><xmin>38</xmin><ymin>155</ymin><xmax>83</xmax><ymax>106</ymax></bndbox></object><object><name>proposal</name><bndbox><xmin>295</xmin><ymin>325</ymin><xmax>21</xmax><ymax>42</ymax></bndbox></object><object><name>proposal</name><bndbox><xmin>166</xmin><ymin>118</ymin><xmax>61</xmax><ymax>33</ymax></bndbox></object><object><name>proposal</name><bndbox><xmin>585</xmin><ymin>453</ymin><xmax>132</xmax><ymax>55</ymax></bndbox></object><object><name>proposal</name><bndbox><xmin>392</xmin><ymin>465</ymin><xmax>324</xmax><ymax>252</ymax></bndbox></object><object><name>proposal</name><bndbox><xmin>301</xmin><ymin>329</ymin><xmax>40</xmax><ymax>46</ymax></bndbox></object><object><name>proposal</name><bndbox><xmin>302</xmin><ymin>325</ymin><xmax>20</xmax><ymax>42</ymax></bndbox></object><object><name>proposal</name><bndbox><xmin>172</xmin><ymin>82</ymin><xmax>311</xmax><ymax>286</ymax></bndbox></object><object><name>proposal</name><bndbox><xmin>141</xmin><ymin>140</ymin><xmax>81</xmax><ymax>56</ymax></bndbox></object><object><name>proposal</name><bndbox><xmin>95</xmin><ymin>176</ymin><xmax>262</xmax><ymax>218</ymax></bndbox></object><object><name>proposal</name><bndbox><xmin>271</xmin><ymin>25</ymin><xmax>113</xmax><ymax>128</ymax></bndbox></object><object><name>proposal</name><bndbox><xmin>40</xmin><ymin>190</ymin><xmax>77</xmax><ymax>74</ymax></bndbox></object><object><name>proposal</name><bndbox><xmin>205</xmin><ymin>21</ymin><xmax>68</xmax><ymax>88</ymax></bndbox></object><object><name>proposal</name><bndbox><xmin>161</xmin><ymin>29</ymin><xmax>73</xmax><ymax>123</ymax></bndbox></object><object><name>proposal</name><bndbox><xmin>285</xmin><ymin>89</ymin><xmax>69</xmax><ymax>63</ymax></bndbox></object><object><name>proposal</name><bndbox><xmin>75</xmin><ymin>190</ymin><xmax>22</xmax><ymax>35</ymax></bndbox></object><object><name>proposal</name><bndbox><xmin>54</xmin><ymin>185</ymin><xmax>145</xmax><ymax>304</ymax></bndbox></object><object><name>proposal</name><bndbox><xmin>8</xmin><ymin>159</ymin><xmax>155</xmax><ymax>75</ymax></bndbox></object><object><name>proposal</name><bndbox><xmin>196</xmin><ymin>51</ymin><xmax>34</xmax><ymax>58</ymax></bndbox></object><object><name>proposal</name><bndbox><xmin>271</xmin><ymin>85</ymin><xmax>213</xmax><ymax>167</ymax></bndbox></object><object><name>proposal</name><bndbox><xmin>182</xmin><ymin>5</ymin><xmax>168</xmax><ymax>172</ymax></bndbox></object><object><name>proposal</name><bndbox><xmin>4</xmin><ymin>11</ymin><xmax>32</xmax><ymax>24</ymax></bndbox></object><object><name>proposal</name><bndbox><xmin>346</xmin><ymin>66</ymin><xmax>135</xmax><ymax>65</ymax></bndbox></object><object><name>proposal</name><bndbox><xmin>210</xmin><ymin>81</ymin><xmax>44</xmax><ymax>113</ymax></bndbox></object><object><name>proposal</name><bndbox><xmin>189</xmin><ymin>21</ymin><xmax>68</xmax><ymax>88</ymax></bndbox></object><object><name>proposal</name><bndbox><xmin>88</xmin><ymin>29</ymin><xmax>32</xmax><ymax>26</ymax></bndbox></object><object><name>proposal</name><bndbox><xmin>210</xmin><ymin>22</ymin><xmax>87</xmax><ymax>173</ymax></bndbox></object><object><name>proposal</name><bndbox><xmin>302</xmin><ymin>342</ymin><xmax>32</xmax><ymax>67</ymax></bndbox></object><object><name>proposal</name><bndbox><xmin>86</xmin><ymin>144</ymin><xmax>78</xmax><ymax>115</ymax></bndbox></object><object><name>proposal</name><bndbox><xmin>10</xmin><ymin>7</ymin><xmax>51</xmax><ymax>27</ymax></bndbox></object><object><name>proposal</name><bndbox><xmin>168</xmin><ymin>100</ymin><xmax>53</xmax><ymax>53</ymax></bndbox></object><object><name>proposal</name><bndbox><xmin>126</xmin><ymin>23</ymin><xmax>213</xmax><ymax>132</ymax></bndbox></object><object><name>proposal</name><bndbox><xmin>161</xmin><ymin>83</ymin><xmax>324</xmax><ymax>164</ymax></bndbox></object><object><name>proposal</name><bndbox><xmin>347</xmin><ymin>85</ymin><xmax>135</xmax><ymax>151</ymax></bndbox></object><object><name>proposal</name><bndbox><xmin>302</xmin><ymin>314</ymin><xmax>47</xmax><ymax>55</ymax></bndbox></object><object><name>proposal</name><bndbox><xmin>656</xmin><ymin>464</ymin><xmax>61</xmax><ymax>173</ymax></bndbox></object><object><name>proposal</name><bndbox><xmin>300</xmin><ymin>343</ymin><xmax>70</xmax><ymax>33</ymax></bndbox></object><object><name>proposal</name><bndbox><xmin>254</xmin><ymin>333</ymin><xmax>65</xmax><ymax>38</ymax></bndbox></object><object><name>proposal</name><bndbox><xmin>127</xmin><ymin>37</ymin><xmax>35</xmax><ymax>24</ymax></bndbox></object><object><name>proposal</name><bndbox><xmin>10</xmin><ymin>21</ymin><xmax>51</xmax><ymax>25</ymax></bndbox></object><object><name>proposal</name><bndbox><xmin>96</xmin><ymin>138</ymin><xmax>106</xmax><ymax>102</ymax></bndbox></object><object><name>proposal</name><bndbox><xmin>216</xmin><ymin>133</ymin><xmax>141</xmax><ymax>232</ymax></bndbox></object><object><name>proposal</name><bndbox><xmin>254</xmin><ymin>344</ymin><xmax>65</xmax><ymax>41</ymax></bndbox></object><object><name>proposal</name><bndbox><xmin>99</xmin><ymin>83</ymin><xmax>572</xmax><ymax>298</ymax></bndbox></object><object><name>proposal</name><bndbox><xmin>183</xmin><ymin>144</ymin><xmax>47</xmax><ymax>70</ymax></bndbox></object><object><name>proposal</name><bndbox><xmin>215</xmin><ymin>59</ymin><xmax>21</xmax><ymax>51</ymax></bndbox></object><object><name>proposal</name><bndbox><xmin>103</xmin><ymin>13</ymin><xmax>21</xmax><ymax>42</ymax></bndbox></object><object><name>proposal</name><bndbox><xmin>299</xmin><ymin>287</ymin><xmax>29</xmax><ymax>79</ymax></bndbox></object><object><name>proposal</name><bndbox><xmin>144</xmin><ymin>138</ymin><xmax>41</xmax><ymax>60</ymax></bndbox></object><object><name>proposal</name><bndbox><xmin>279</xmin><ymin>296</ymin><xmax>37</xmax><ymax>70</ymax></bndbox></object><object><name>proposal</name><bndbox><xmin>210</xmin><ymin>11</ymin><xmax>61</xmax><ymax>30</ymax></bndbox></object><object><name>proposal</name><bndbox><xmin>295</xmin><ymin>343</ymin><xmax>22</xmax><ymax>41</ymax></bndbox></object><object><name>proposal</name><bndbox><xmin>634</xmin><ymin>461</ymin><xmax>83</xmax><ymax>212</ymax></bndbox></object><object><name>proposal</name><bndbox><xmin>66</xmin><ymin>196</ymin><xmax>31</xmax><ymax>31</ymax></bndbox></object><object><name>proposal</name><bndbox><xmin>89</xmin><ymin>28</ymin><xmax>150</xmax><ymax>147</ymax></bndbox></object><object><name>proposal</name><bndbox><xmin>173</xmin><ymin>144</ymin><xmax>47</xmax><ymax>70</ymax></bndbox></object><object><name>proposal</name><bndbox><xmin>170</xmin><ymin>8</ymin><xmax>79</xmax><ymax>183</ymax></bndbox></object><object><name>proposal</name><bndbox><xmin>100</xmin><ymin>29</ymin><xmax>32</xmax><ymax>26</ymax></bndbox></object><object><name>proposal</name><bndbox><xmin>185</xmin><ymin>22</ymin><xmax>75</xmax><ymax>165</ymax></bndbox></object><object><name>proposal</name><bndbox><xmin>271</xmin><ymin>109</ymin><xmax>141</xmax><ymax>141</ymax></bndbox></object><object><name>proposal</name><bndbox><xmin>173</xmin><ymin>160</ymin><xmax>79</xmax><ymax>33</ymax></bndbox></object><object><name>proposal</name><bndbox><xmin>185</xmin><ymin>28</ymin><xmax>49</xmax><ymax>49</ymax></bndbox></object><object><name>proposal</name><bndbox><xmin>206</xmin><ymin>81</ymin><xmax>31</xmax><ymax>31</ymax></bndbox></object><object><name>proposal</name><bndbox><xmin>298</xmin><ymin>317</ymin><xmax>21</xmax><ymax>50</ymax></bndbox></object><object><name>proposal</name><bndbox><xmin>40</xmin><ymin>225</ymin><xmax>21</xmax><ymax>46</ymax></bndbox></object><object><name>proposal</name><bndbox><xmin>289</xmin><ymin>133</ymin><xmax>59</xmax><ymax>25</ymax></bndbox></object><object><name>proposal</name><bndbox><xmin>96</xmin><ymin>26</ymin><xmax>31</xmax><ymax>31</ymax></bndbox></object><object><name>proposal</name><bndbox><xmin>1</xmin><ymin>167</ymin><xmax>64</xmax><ymax>125</ymax></bndbox></object><object><name>proposal</name><bndbox><xmin>148</xmin><ymin>186</ymin><xmax>45</xmax><ymax>33</ymax></bndbox></object><object><name>proposal</name><bndbox><xmin>286</xmin><ymin>342</ymin><xmax>30</xmax><ymax>61</ymax></bndbox></object><object><name>proposal</name><bndbox><xmin>185</xmin><ymin>29</ymin><xmax>51</xmax><ymax>25</ymax></bndbox></object><object><name>proposal</name><bndbox><xmin>41</xmin><ymin>226</ymin><xmax>31</xmax><ymax>31</ymax></bndbox></object></annotation>