<annotation><folder>Proposals</folder><filename>img-514.jpg</filename><size><width>300</width><height>397</height><depth>3</depth></size><object><name>proposal</name><bndbox><xmin>96</xmin><ymin>225</ymin><xmax>127</xmax><ymax>91</ymax></bndbox></object><object><name>proposal</name><bndbox><xmin>6</xmin><ymin>5</ymin><xmax>57</xmax><ymax>49</ymax></bndbox></object><object><name>proposal</name><bndbox><xmin>85</xmin><ymin>223</ymin><xmax>138</xmax><ymax>129</ymax></bndbox></object><object><name>proposal</name><bndbox><xmin>7</xmin><ymin>3</ymin><xmax>288</xmax><ymax>179</ymax></bndbox></object><object><name>proposal</name><bndbox><xmin>7</xmin><ymin>1</ymin><xmax>287</xmax><ymax>307</ymax></bndbox></object><object><name>proposal</name><bndbox><xmin>36</xmin><ymin>21</ymin><xmax>259</xmax><ymax>111</ymax></bndbox></object><object><name>proposal</name><bndbox><xmin>144</xmin><ymin>239</ymin><xmax>80</xmax><ymax>77</ymax></bndbox></object><object><name>proposal</name><bndbox><xmin>102</xmin><ymin>225</ymin><xmax>94</xmax><ymax>123</ymax></bndbox></object><object><name>proposal</name><bndbox><xmin>101</xmin><ymin>223</ymin><xmax>113</xmax><ymax>68</ymax></bndbox></object><object><name>proposal</name><bndbox><xmin>30</xmin><ymin>222</ymin><xmax>194</xmax><ymax>97</ymax></bndbox></object><object><name>proposal</name><bndbox><xmin>117</xmin><ymin>237</ymin><xmax>108</xmax><ymax>108</ymax></bndbox></object><object><name>proposal</name><bndbox><xmin>33</xmin><ymin>225</ymin><xmax>192</xmax><ymax>143</ymax></bndbox></object><object><name>proposal</name><bndbox><xmin>102</xmin><ymin>180</ymin><xmax>121</xmax><ymax>155</ymax></bndbox></object><object><name>proposal</name><bndbox><xmin>250</xmin><ymin>6</ymin><xmax>45</xmax><ymax>33</ymax></bndbox></object><object><name>proposal</name><bndbox><xmin>8</xmin><ymin>1</ymin><xmax>193</xmax><ymax>285</ymax></bndbox></object><object><name>proposal</name><bndbox><xmin>153</xmin><ymin>249</ymin><xmax>70</xmax><ymax>89</ymax></bndbox></object><object><name>proposal</name><bndbox><xmin>144</xmin><ymin>234</ymin><xmax>45</xmax><ymax>31</ymax></bndbox></object><object><name>proposal</name><bndbox><xmin>6</xmin><ymin>5</ymin><xmax>61</xmax><ymax>77</ymax></bndbox></object><object><name>proposal</name><bndbox><xmin>146</xmin><ymin>201</ymin><xmax>77</xmax><ymax>117</ymax></bndbox></object><object><name>proposal</name><bndbox><xmin>114</xmin><ymin>222</ymin><xmax>110</xmax><ymax>171</ymax></bndbox></object><object><name>proposal</name><bndbox><xmin>118</xmin><ymin>225</ymin><xmax>76</xmax><ymax>41</ymax></bndbox></object><object><name>proposal</name><bndbox><xmin>103</xmin><ymin>1</ymin><xmax>191</xmax><ymax>337</ymax></bndbox></object><object><name>proposal</name><bndbox><xmin>160</xmin><ymin>148</ymin><xmax>34</xmax><ymax>34</ymax></bndbox></object><object><name>proposal</name><bndbox><xmin>37</xmin><ymin>18</ymin><xmax>186</xmax><ymax>327</ymax></bndbox></object><object><name>proposal</name><bndbox><xmin>143</xmin><ymin>238</ymin><xmax>80</xmax><ymax>133</ymax></bndbox></object><object><name>proposal</name><bndbox><xmin>144</xmin><ymin>226</ymin><xmax>112</xmax><ymax>90</ymax></bndbox></object><object><name>proposal</name><bndbox><xmin>55</xmin><ymin>7</ymin><xmax>205</xmax><ymax>279</ymax></bndbox></object><object><name>proposal</name><bndbox><xmin>75</xmin><ymin>257</ymin><xmax>148</xmax><ymax>87</ymax></bndbox></object><object><name>proposal</name><bndbox><xmin>259</xmin><ymin>5</ymin><xmax>35</xmax><ymax>28</ymax></bndbox></object><object><name>proposal</name><bndbox><xmin>172</xmin><ymin>225</ymin><xmax>45</xmax><ymax>45</ymax></bndbox></object><object><name>proposal</name><bndbox><xmin>103</xmin><ymin>222</ymin><xmax>165</xmax><ymax>88</ymax></bndbox></object><object><name>proposal</name><bndbox><xmin>6</xmin><ymin>1</ymin><xmax>188</xmax><ymax>184</ymax></bndbox></object><object><name>proposal</name><bndbox><xmin>13</xmin><ymin>201</ymin><xmax>203</xmax><ymax>145</ymax></bndbox></object><object><name>proposal</name><bndbox><xmin>102</xmin><ymin>256</ymin><xmax>122</xmax><ymax>60</ymax></bndbox></object><object><name>proposal</name><bndbox><xmin>169</xmin><ymin>224</ymin><xmax>75</xmax><ymax>47</ymax></bndbox></object><object><name>proposal</name><bndbox><xmin>94</xmin><ymin>120</ymin><xmax>131</xmax><ymax>232</ymax></bndbox></object><object><name>proposal</name><bndbox><xmin>149</xmin><ymin>149</ymin><xmax>141</xmax><ymax>167</ymax></bndbox></object><object><name>proposal</name><bndbox><xmin>22</xmin><ymin>1</ymin><xmax>37</xmax><ymax>50</ymax></bndbox></object><object><name>proposal</name><bndbox><xmin>118</xmin><ymin>225</ymin><xmax>77</xmax><ymax>83</ymax></bndbox></object><object><name>proposal</name><bndbox><xmin>100</xmin><ymin>200</ymin><xmax>94</xmax><ymax>87</ymax></bndbox></object><object><name>proposal</name><bndbox><xmin>91</xmin><ymin>1</ymin><xmax>122</xmax><ymax>286</ymax></bndbox></object><object><name>proposal</name><bndbox><xmin>141</xmin><ymin>224</ymin><xmax>75</xmax><ymax>47</ymax></bndbox></object><object><name>proposal</name><bndbox><xmin>151</xmin><ymin>169</ymin><xmax>39</xmax><ymax>45</ymax></bndbox></object><object><name>proposal</name><bndbox><xmin>149</xmin><ymin>148</ymin><xmax>81</xmax><ymax>169</ymax></bndbox></object><object><name>proposal</name><bndbox><xmin>118</xmin><ymin>153</ymin><xmax>78</xmax><ymax>98</ymax></bndbox></object><object><name>proposal</name><bndbox><xmin>33</xmin><ymin>136</ymin><xmax>192</xmax><ymax>208</ymax></bndbox></object><object><name>proposal</name><bndbox><xmin>145</xmin><ymin>298</ymin><xmax>51</xmax><ymax>39</ymax></bndbox></object><object><name>proposal</name><bndbox><xmin>144</xmin><ymin>238</ymin><xmax>106</xmax><ymax>105</ymax></bndbox></object><object><name>proposal</name><bndbox><xmin>45</xmin><ymin>1</ymin><xmax>111</xmax><ymax>43</ymax></bndbox></object><object><name>proposal</name><bndbox><xmin>8</xmin><ymin>5</ymin><xmax>106</xmax><ymax>171</ymax></bndbox></object><object><name>proposal</name><bndbox><xmin>102</xmin><ymin>225</ymin><xmax>166</xmax><ymax>160</ymax></bndbox></object><object><name>proposal</name><bndbox><xmin>7</xmin><ymin>5</ymin><xmax>59</xmax><ymax>169</ymax></bndbox></object><object><name>proposal</name><bndbox><xmin>102</xmin><ymin>147</ymin><xmax>142</xmax><ymax>170</ymax></bndbox></object><object><name>proposal</name><bndbox><xmin>5</xmin><ymin>3</ymin><xmax>118</xmax><ymax>48</ymax></bndbox></object><object><name>proposal</name><bndbox><xmin>74</xmin><ymin>56</ymin><xmax>122</xmax><ymax>233</ymax></bndbox></object><object><name>proposal</name><bndbox><xmin>55</xmin><ymin>12</ymin><xmax>215</xmax><ymax>149</ymax></bndbox></object><object><name>proposal</name><bndbox><xmin>110</xmin><ymin>128</ymin><xmax>86</xmax><ymax>138</ymax></bndbox></object><object><name>proposal</name><bndbox><xmin>74</xmin><ymin>116</ymin><xmax>120</xmax><ymax>149</ymax></bndbox></object><object><name>proposal</name><bndbox><xmin>56</xmin><ymin>6</ymin><xmax>140</xmax><ymax>243</ymax></bndbox></object><object><name>proposal</name><bndbox><xmin>37</xmin><ymin>49</ymin><xmax>77</xmax><ymax>59</ymax></bndbox></object><object><name>proposal</name><bndbox><xmin>112</xmin><ymin>1</ymin><xmax>185</xmax><ymax>184</ymax></bndbox></object><object><name>proposal</name><bndbox><xmin>160</xmin><ymin>131</ymin><xmax>34</xmax><ymax>54</ymax></bndbox></object><object><name>proposal</name><bndbox><xmin>124</xmin><ymin>1</ymin><xmax>79</xmax><ymax>40</ymax></bndbox></object><object><name>proposal</name><bndbox><xmin>103</xmin><ymin>99</ymin><xmax>110</xmax><ymax>173</ymax></bndbox></object><object><name>proposal</name><bndbox><xmin>96</xmin><ymin>154</ymin><xmax>99</xmax><ymax>190</ymax></bndbox></object><object><name>proposal</name><bndbox><xmin>7</xmin><ymin>5</ymin><xmax>72</xmax><ymax>120</ymax></bndbox></object><object><name>proposal</name><bndbox><xmin>24</xmin><ymin>5</ymin><xmax>53</xmax><ymax>45</ymax></bndbox></object><object><name>proposal</name><bndbox><xmin>137</xmin><ymin>225</ymin><xmax>77</xmax><ymax>83</ymax></bndbox></object><object><name>proposal</name><bndbox><xmin>143</xmin><ymin>261</ymin><xmax>89</xmax><ymax>84</ymax></bndbox></object><object><name>proposal</name><bndbox><xmin>145</xmin><ymin>145</ymin><xmax>50</xmax><ymax>37</ymax></bndbox></object><object><name>proposal</name><bndbox><xmin>109</xmin><ymin>287</ymin><xmax>105</xmax><ymax>56</ymax></bndbox></object><object><name>proposal</name><bndbox><xmin>170</xmin><ymin>199</ymin><xmax>61</xmax><ymax>72</ymax></bndbox></object><object><name>proposal</name><bndbox><xmin>159</xmin><ymin>4</ymin><xmax>135</xmax><ymax>304</ymax></bndbox></object><object><name>proposal</name><bndbox><xmin>175</xmin><ymin>235</ymin><xmax>41</xmax><ymax>30</ymax></bndbox></object><object><name>proposal</name><bndbox><xmin>143</xmin><ymin>136</ymin><xmax>113</xmax><ymax>202</ymax></bndbox></object><object><name>proposal</name><bndbox><xmin>151</xmin><ymin>202</ymin><xmax>37</xmax><ymax>34</ymax></bndbox></object><object><name>proposal</name><bndbox><xmin>157</xmin><ymin>304</ymin><xmax>37</xmax><ymax>34</ymax></bndbox></object><object><name>proposal</name><bndbox><xmin>155</xmin><ymin>264</ymin><xmax>70</xmax><ymax>47</ymax></bndbox></object><object><name>proposal</name><bndbox><xmin>145</xmin><ymin>155</ymin><xmax>50</xmax><ymax>60</ymax></bndbox></object><object><name>proposal</name><bndbox><xmin>144</xmin><ymin>287</ymin><xmax>71</xmax><ymax>77</ymax></bndbox></object><object><name>proposal</name><bndbox><xmin>8</xmin><ymin>8</ymin><xmax>31</xmax><ymax>42</ymax></bndbox></object><object><name>proposal</name><bndbox><xmin>76</xmin><ymin>154</ymin><xmax>122</xmax><ymax>94</ymax></bndbox></object><object><name>proposal</name><bndbox><xmin>18</xmin><ymin>150</ymin><xmax>195</xmax><ymax>138</ymax></bndbox></object><object><name>proposal</name><bndbox><xmin>150</xmin><ymin>254</ymin><xmax>108</xmax><ymax>62</ymax></bndbox></object><object><name>proposal</name><bndbox><xmin>12</xmin><ymin>21</ymin><xmax>111</xmax><ymax>93</ymax></bndbox></object><object><name>proposal</name><bndbox><xmin>88</xmin><ymin>146</ymin><xmax>125</xmax><ymax>142</ymax></bndbox></object><object><name>proposal</name><bndbox><xmin>150</xmin><ymin>249</ymin><xmax>61</xmax><ymax>61</ymax></bndbox></object><object><name>proposal</name><bndbox><xmin>18</xmin><ymin>198</ymin><xmax>177</xmax><ymax>87</ymax></bndbox></object><object><name>proposal</name><bndbox><xmin>54</xmin><ymin>24</ymin><xmax>138</xmax><ymax>97</ymax></bndbox></object><object><name>proposal</name><bndbox><xmin>54</xmin><ymin>12</ymin><xmax>143</xmax><ymax>145</ymax></bndbox></object><object><name>proposal</name><bndbox><xmin>8</xmin><ymin>11</ymin><xmax>170</xmax><ymax>132</ymax></bndbox></object><object><name>proposal</name><bndbox><xmin>92</xmin><ymin>238</ymin><xmax>122</xmax><ymax>64</ymax></bndbox></object><object><name>proposal</name><bndbox><xmin>141</xmin><ymin>225</ymin><xmax>103</xmax><ymax>161</ymax></bndbox></object><object><name>proposal</name><bndbox><xmin>115</xmin><ymin>197</ymin><xmax>81</xmax><ymax>51</ymax></bndbox></object><object><name>proposal</name><bndbox><xmin>146</xmin><ymin>74</ymin><xmax>89</xmax><ymax>244</ymax></bndbox></object><object><name>proposal</name><bndbox><xmin>76</xmin><ymin>189</ymin><xmax>138</xmax><ymax>97</ymax></bndbox></object><object><name>proposal</name><bndbox><xmin>156</xmin><ymin>21</ymin><xmax>139</xmax><ymax>96</ymax></bndbox></object><object><name>proposal</name><bndbox><xmin>133</xmin><ymin>200</ymin><xmax>81</xmax><ymax>149</ymax></bndbox></object><object><name>proposal</name><bndbox><xmin>140</xmin><ymin>202</ymin><xmax>54</xmax><ymax>37</ymax></bndbox></object><object><name>proposal</name><bndbox><xmin>144</xmin><ymin>226</ymin><xmax>152</xmax><ymax>111</ymax></bndbox></object><object><name>proposal</name><bndbox><xmin>170</xmin><ymin>230</ymin><xmax>130</xmax><ymax>79</ymax></bndbox></object><object><name>proposal</name><bndbox><xmin>240</xmin><ymin>5</ymin><xmax>55</xmax><ymax>25</ymax></bndbox></object><object><name>proposal</name><bndbox><xmin>118</xmin><ymin>202</ymin><xmax>77</xmax><ymax>65</ymax></bndbox></object><object><name>proposal</name><bndbox><xmin>157</xmin><ymin>21</ymin><xmax>137</xmax><ymax>161</ymax></bndbox></object><object><name>proposal</name><bndbox><xmin>102</xmin><ymin>233</ymin><xmax>87</xmax><ymax>57</ymax></bndbox></object><object><name>proposal</name><bndbox><xmin>5</xmin><ymin>5</ymin><xmax>100</xmax><ymax>84</ymax></bndbox></object><object><name>proposal</name><bndbox><xmin>31</xmin><ymin>67</ymin><xmax>201</xmax><ymax>219</ymax></bndbox></object><object><name>proposal</name><bndbox><xmin>143</xmin><ymin>286</ymin><xmax>88</xmax><ymax>97</ymax></bndbox></object><object><name>proposal</name><bndbox><xmin>172</xmin><ymin>235</ymin><xmax>58</xmax><ymax>37</ymax></bndbox></object><object><name>proposal</name><bndbox><xmin>151</xmin><ymin>189</ymin><xmax>38</xmax><ymax>24</ymax></bndbox></object><object><name>proposal</name><bndbox><xmin>145</xmin><ymin>150</ymin><xmax>120</xmax><ymax>131</ymax></bndbox></object><object><name>proposal</name><bndbox><xmin>18</xmin><ymin>5</ymin><xmax>61</xmax><ymax>85</ymax></bndbox></object><object><name>proposal</name><bndbox><xmin>146</xmin><ymin>155</ymin><xmax>72</xmax><ymax>119</ymax></bndbox></object><object><name>proposal</name><bndbox><xmin>106</xmin><ymin>6</ymin><xmax>89</xmax><ymax>252</ymax></bndbox></object><object><name>proposal</name><bndbox><xmin>102</xmin><ymin>233</ymin><xmax>66</xmax><ymax>113</ymax></bndbox></object><object><name>proposal</name><bndbox><xmin>116</xmin><ymin>185</ymin><xmax>147</xmax><ymax>131</ymax></bndbox></object><object><name>proposal</name><bndbox><xmin>54</xmin><ymin>21</ymin><xmax>60</xmax><ymax>89</ymax></bndbox></object><object><name>proposal</name><bndbox><xmin>118</xmin><ymin>296</ymin><xmax>81</xmax><ymax>49</ymax></bndbox></object><object><name>proposal</name><bndbox><xmin>121</xmin><ymin>154</ymin><xmax>75</xmax><ymax>59</ymax></bndbox></object><object><name>proposal</name><bndbox><xmin>169</xmin><ymin>235</ymin><xmax>45</xmax><ymax>45</ymax></bndbox></object><object><name>proposal</name><bndbox><xmin>171</xmin><ymin>151</ymin><xmax>69</xmax><ymax>157</ymax></bndbox></object><object><name>proposal</name><bndbox><xmin>40</xmin><ymin>156</ymin><xmax>155</xmax><ymax>109</ymax></bndbox></object><object><name>proposal</name><bndbox><xmin>135</xmin><ymin>133</ymin><xmax>59</xmax><ymax>81</ymax></bndbox></object><object><name>proposal</name><bndbox><xmin>8</xmin><ymin>4</ymin><xmax>125</xmax><ymax>289</ymax></bndbox></object><object><name>proposal</name><bndbox><xmin>145</xmin><ymin>200</ymin><xmax>152</xmax><ymax>73</ymax></bndbox></object><object><name>proposal</name><bndbox><xmin>167</xmin><ymin>205</ymin><xmax>103</xmax><ymax>66</ymax></bndbox></object><object><name>proposal</name><bndbox><xmin>153</xmin><ymin>169</ymin><xmax>60</xmax><ymax>45</ymax></bndbox></object><object><name>proposal</name><bndbox><xmin>163</xmin><ymin>106</ymin><xmax>109</xmax><ymax>202</ymax></bndbox></object><object><name>proposal</name><bndbox><xmin>65</xmin><ymin>186</ymin><xmax>129</xmax><ymax>62</ymax></bndbox></object><object><name>proposal</name><bndbox><xmin>170</xmin><ymin>181</ymin><xmax>69</xmax><ymax>98</ymax></bndbox></object><object><name>proposal</name><bndbox><xmin>36</xmin><ymin>36</ymin><xmax>31</xmax><ymax>45</ymax></bndbox></object><object><name>proposal</name><bndbox><xmin>127</xmin><ymin>169</ymin><xmax>63</xmax><ymax>45</ymax></bndbox></object><object><name>proposal</name><bndbox><xmin>101</xmin><ymin>287</ymin><xmax>115</xmax><ymax>81</ymax></bndbox></object><object><name>proposal</name><bndbox><xmin>219</xmin><ymin>3</ymin><xmax>75</xmax><ymax>37</ymax></bndbox></object><object><name>proposal</name><bndbox><xmin>25</xmin><ymin>37</ymin><xmax>40</xmax><ymax>40</ymax></bndbox></object><object><name>proposal</name><bndbox><xmin>133</xmin><ymin>14</ymin><xmax>161</xmax><ymax>128</ymax></bndbox></object><object><name>proposal</name><bndbox><xmin>141</xmin><ymin>202</ymin><xmax>77</xmax><ymax>71</ymax></bndbox></object><object><name>proposal</name><bndbox><xmin>140</xmin><ymin>230</ymin><xmax>49</xmax><ymax>45</ymax></bndbox></object><object><name>proposal</name><bndbox><xmin>144</xmin><ymin>237</ymin><xmax>65</xmax><ymax>101</ymax></bndbox></object><object><name>proposal</name><bndbox><xmin>169</xmin><ymin>235</ymin><xmax>75</xmax><ymax>45</ymax></bndbox></object><object><name>proposal</name><bndbox><xmin>100</xmin><ymin>144</ymin><xmax>188</xmax><ymax>144</ymax></bndbox></object><object><name>proposal</name><bndbox><xmin>36</xmin><ymin>50</ymin><xmax>67</xmax><ymax>31</ymax></bndbox></object><object><name>proposal</name><bndbox><xmin>231</xmin><ymin>31</ymin><xmax>63</xmax><ymax>53</ymax></bndbox></object><object><name>proposal</name><bndbox><xmin>141</xmin><ymin>235</ymin><xmax>72</xmax><ymax>47</ymax></bndbox></object><object><name>proposal</name><bndbox><xmin>10</xmin><ymin>37</ymin><xmax>57</xmax><ymax>49</ymax></bndbox></object><object><name>proposal</name><bndbox><xmin>34</xmin><ymin>53</ymin><xmax>35</xmax><ymax>24</ymax></bndbox></object><object><name>proposal</name><bndbox><xmin>171</xmin><ymin>233</ymin><xmax>53</xmax><ymax>77</ymax></bndbox></object><object><name>proposal</name><bndbox><xmin>183</xmin><ymin>306</ymin><xmax>42</xmax><ymax>29</ymax></bndbox></object><object><name>proposal</name><bndbox><xmin>70</xmin><ymin>61</ymin><xmax>192</xmax><ymax>284</ymax></bndbox></object><object><name>proposal</name><bndbox><xmin>118</xmin><ymin>120</ymin><xmax>181</xmax><ymax>232</ymax></bndbox></object><object><name>proposal</name><bndbox><xmin>13</xmin><ymin>33</ymin><xmax>91</xmax><ymax>49</ymax></bndbox></object><object><name>proposal</name><bndbox><xmin>127</xmin><ymin>141</ymin><xmax>67</xmax><ymax>43</ymax></bndbox></object><object><name>proposal</name><bndbox><xmin>175</xmin><ymin>196</ymin><xmax>40</xmax><ymax>76</ymax></bndbox></object><object><name>proposal</name><bndbox><xmin>156</xmin><ymin>231</ymin><xmax>31</xmax><ymax>31</ymax></bndbox></object><object><name>proposal</name><bndbox><xmin>57</xmin><ymin>50</ymin><xmax>45</xmax><ymax>45</ymax></bndbox></object><object><name>proposal</name><bndbox><xmin>170</xmin><ymin>214</ymin><xmax>81</xmax><ymax>94</ymax></bndbox></object><object><name>proposal</name><bndbox><xmin>77</xmin><ymin>262</ymin><xmax>147</xmax><ymax>130</ymax></bndbox></object><object><name>proposal</name><bndbox><xmin>115</xmin><ymin>148</ymin><xmax>115</xmax><ymax>124</ymax></bndbox></object><object><name>proposal</name><bndbox><xmin>151</xmin><ymin>114</ymin><xmax>43</xmax><ymax>69</ymax></bndbox></object><object><name>proposal</name><bndbox><xmin>155</xmin><ymin>265</ymin><xmax>145</xmax><ymax>80</ymax></bndbox></object><object><name>proposal</name><bndbox><xmin>260</xmin><ymin>1</ymin><xmax>37</xmax><ymax>21</ymax></bndbox></object><object><name>proposal</name><bndbox><xmin>22</xmin><ymin>1</ymin><xmax>136</xmax><ymax>247</ymax></bndbox></object><object><name>proposal</name><bndbox><xmin>143</xmin><ymin>290</ymin><xmax>53</xmax><ymax>66</ymax></bndbox></object><object><name>proposal</name><bndbox><xmin>171</xmin><ymin>185</ymin><xmax>110</xmax><ymax>128</ymax></bndbox></object><object><name>proposal</name><bndbox><xmin>142</xmin><ymin>225</ymin><xmax>45</xmax><ymax>81</ymax></bndbox></object><object><name>proposal</name><bndbox><xmin>138</xmin><ymin>127</ymin><xmax>59</xmax><ymax>59</ymax></bndbox></object><object><name>proposal</name><bndbox><xmin>186</xmin><ymin>251</ymin><xmax>81</xmax><ymax>57</ymax></bndbox></object><object><name>proposal</name><bndbox><xmin>137</xmin><ymin>99</ymin><xmax>94</xmax><ymax>173</ymax></bndbox></object><object><name>proposal</name><bndbox><xmin>39</xmin><ymin>24</ymin><xmax>107</xmax><ymax>84</ymax></bndbox></object><object><name>proposal</name><bndbox><xmin>142</xmin><ymin>6</ymin><xmax>124</xmax><ymax>267</ymax></bndbox></object><object><name>proposal</name><bndbox><xmin>127</xmin><ymin>201</ymin><xmax>61</xmax><ymax>32</ymax></bndbox></object><object><name>proposal</name><bndbox><xmin>34</xmin><ymin>69</ymin><xmax>32</xmax><ymax>28</ymax></bndbox></object><object><name>proposal</name><bndbox><xmin>146</xmin><ymin>225</ymin><xmax>33</xmax><ymax>42</ymax></bndbox></object><object><name>proposal</name><bndbox><xmin>154</xmin><ymin>265</ymin><xmax>142</xmax><ymax>132</ymax></bndbox></object><object><name>proposal</name><bndbox><xmin>103</xmin><ymin>186</ymin><xmax>197</xmax><ymax>99</ymax></bndbox></object><object><name>proposal</name><bndbox><xmin>153</xmin><ymin>152</ymin><xmax>77</xmax><ymax>61</ymax></bndbox></object><object><name>proposal</name><bndbox><xmin>162</xmin><ymin>141</ymin><xmax>42</xmax><ymax>42</ymax></bndbox></object><object><name>proposal</name><bndbox><xmin>57</xmin><ymin>50</ymin><xmax>73</xmax><ymax>58</ymax></bndbox></object><object><name>proposal</name><bndbox><xmin>147</xmin><ymin>201</ymin><xmax>67</xmax><ymax>37</ymax></bndbox></object><object><name>proposal</name><bndbox><xmin>115</xmin><ymin>247</ymin><xmax>173</xmax><ymax>97</ymax></bndbox></object><object><name>proposal</name><bndbox><xmin>147</xmin><ymin>153</ymin><xmax>47</xmax><ymax>99</ymax></bndbox></object><object><name>proposal</name><bndbox><xmin>131</xmin><ymin>239</ymin><xmax>55</xmax><ymax>27</ymax></bndbox></object><object><name>proposal</name><bndbox><xmin>183</xmin><ymin>305</ymin><xmax>29</xmax><ymax>45</ymax></bndbox></object><object><name>proposal</name><bndbox><xmin>125</xmin><ymin>250</ymin><xmax>91</xmax><ymax>49</ymax></bndbox></object><object><name>proposal</name><bndbox><xmin>149</xmin><ymin>181</ymin><xmax>46</xmax><ymax>34</ymax></bndbox></object><object><name>proposal</name><bndbox><xmin>168</xmin><ymin>235</ymin><xmax>113</xmax><ymax>46</ymax></bndbox></object><object><name>proposal</name><bndbox><xmin>156</xmin><ymin>31</ymin><xmax>141</xmax><ymax>57</ymax></bndbox></object><object><name>proposal</name><bndbox><xmin>163</xmin><ymin>141</ymin><xmax>67</xmax><ymax>43</ymax></bndbox></object><object><name>proposal</name><bndbox><xmin>103</xmin><ymin>199</ymin><xmax>120</xmax><ymax>72</ymax></bndbox></object><object><name>proposal</name><bndbox><xmin>102</xmin><ymin>29</ymin><xmax>194</xmax><ymax>77</ymax></bndbox></object><object><name>proposal</name><bndbox><xmin>5</xmin><ymin>2</ymin><xmax>173</xmax><ymax>88</ymax></bndbox></object><object><name>proposal</name><bndbox><xmin>140</xmin><ymin>287</ymin><xmax>136</xmax><ymax>92</ymax></bndbox></object><object><name>proposal</name><bndbox><xmin>141</xmin><ymin>238</ymin><xmax>46</xmax><ymax>21</ymax></bndbox></object><object><name>proposal</name><bndbox><xmin>57</xmin><ymin>50</ymin><xmax>46</xmax><ymax>20</ymax></bndbox></object><object><name>proposal</name><bndbox><xmin>153</xmin><ymin>262</ymin><xmax>97</xmax><ymax>120</ymax></bndbox></object><object><name>proposal</name><bndbox><xmin>36</xmin><ymin>8</ymin><xmax>107</xmax><ymax>143</ymax></bndbox></object><object><name>proposal</name><bndbox><xmin>124</xmin><ymin>1</ymin><xmax>79</xmax><ymax>194</ymax></bndbox></object><object><name>proposal</name><bndbox><xmin>38</xmin><ymin>67</ymin><xmax>27</xmax><ymax>39</ymax></bndbox></object><object><name>proposal</name><bndbox><xmin>102</xmin><ymin>6</ymin><xmax>152</xmax><ymax>207</ymax></bndbox></object><object><name>proposal</name><bndbox><xmin>113</xmin><ymin>152</ymin><xmax>155</xmax><ymax>101</ymax></bndbox></object><object><name>proposal</name><bndbox><xmin>141</xmin><ymin>244</ymin><xmax>46</xmax><ymax>21</ymax></bndbox></object><object><name>proposal</name><bndbox><xmin>43</xmin><ymin>128</ymin><xmax>190</xmax><ymax>143</ymax></bndbox></object><object><name>proposal</name><bndbox><xmin>202</xmin><ymin>5</ymin><xmax>95</xmax><ymax>165</ymax></bndbox></object><object><name>proposal</name><bndbox><xmin>81</xmin><ymin>154</ymin><xmax>114</xmax><ymax>61</ymax></bndbox></object><object><name>proposal</name><bndbox><xmin>45</xmin><ymin>4</ymin><xmax>65</xmax><ymax>38</ymax></bndbox></object><object><name>proposal</name><bndbox><xmin>142</xmin><ymin>199</ymin><xmax>47</xmax><ymax>66</ymax></bndbox></object><object><name>proposal</name><bndbox><xmin>115</xmin><ymin>313</ymin><xmax>51</xmax><ymax>69</ymax></bndbox></object><object><name>proposal</name><bndbox><xmin>183</xmin><ymin>298</ymin><xmax>42</xmax><ymax>45</ymax></bndbox></object><object><name>proposal</name><bndbox><xmin>29</xmin><ymin>46</ymin><xmax>42</xmax><ymax>31</ymax></bndbox></object><object><name>proposal</name><bndbox><xmin>116</xmin><ymin>223</ymin><xmax>141</xmax><ymax>63</ymax></bndbox></object><object><name>proposal</name><bndbox><xmin>105</xmin><ymin>119</ymin><xmax>92</xmax><ymax>97</ymax></bndbox></object><object><name>proposal</name><bndbox><xmin>57</xmin><ymin>36</ymin><xmax>45</xmax><ymax>31</ymax></bndbox></object><object><name>proposal</name><bndbox><xmin>9</xmin><ymin>31</ymin><xmax>93</xmax><ymax>73</ymax></bndbox></object><object><name>proposal</name><bndbox><xmin>37</xmin><ymin>33</ymin><xmax>79</xmax><ymax>45</ymax></bndbox></object><object><name>proposal</name><bndbox><xmin>67</xmin><ymin>1</ymin><xmax>109</xmax><ymax>186</ymax></bndbox></object><object><name>proposal</name><bndbox><xmin>37</xmin><ymin>30</ymin><xmax>81</xmax><ymax>120</ymax></bndbox></object><object><name>proposal</name><bndbox><xmin>90</xmin><ymin>239</ymin><xmax>98</xmax><ymax>84</ymax></bndbox></object><object><name>proposal</name><bndbox><xmin>163</xmin><ymin>111</ymin><xmax>68</xmax><ymax>71</ymax></bndbox></object><object><name>proposal</name><bndbox><xmin>163</xmin><ymin>109</ymin><xmax>39</xmax><ymax>75</ymax></bndbox></object><object><name>proposal</name><bndbox><xmin>68</xmin><ymin>50</ymin><xmax>47</xmax><ymax>60</ymax></bndbox></object><object><name>proposal</name><bndbox><xmin>36</xmin><ymin>29</ymin><xmax>146</xmax><ymax>69</ymax></bndbox></object><object><name>proposal</name><bndbox><xmin>109</xmin><ymin>134</ymin><xmax>87</xmax><ymax>48</ymax></bndbox></object><object><name>proposal</name><bndbox><xmin>14</xmin><ymin>8</ymin><xmax>69</xmax><ymax>156</ymax></bndbox></object><object><name>proposal</name><bndbox><xmin>157</xmin><ymin>27</ymin><xmax>103</xmax><ymax>69</ymax></bndbox></object><object><name>proposal</name><bndbox><xmin>56</xmin><ymin>49</ymin><xmax>58</xmax><ymax>81</ymax></bndbox></object><object><name>proposal</name><bndbox><xmin>231</xmin><ymin>62</ymin><xmax>63</xmax><ymax>36</ymax></bndbox></object><object><name>proposal</name><bndbox><xmin>104</xmin><ymin>233</ymin><xmax>75</xmax><ymax>81</ymax></bndbox></object><object><name>proposal</name><bndbox><xmin>149</xmin><ymin>202</ymin><xmax>42</xmax><ymax>21</ymax></bndbox></object><object><name>proposal</name><bndbox><xmin>89</xmin><ymin>3</ymin><xmax>51</xmax><ymax>31</ymax></bndbox></object><object><name>proposal</name><bndbox><xmin>137</xmin><ymin>170</ymin><xmax>62</xmax><ymax>77</ymax></bndbox></object><object><name>proposal</name><bndbox><xmin>23</xmin><ymin>36</ymin><xmax>60</xmax><ymax>44</ymax></bndbox></object><object><name>proposal</name><bndbox><xmin>122</xmin><ymin>1</ymin><xmax>71</xmax><ymax>30</ymax></bndbox></object><object><name>proposal</name><bndbox><xmin>24</xmin><ymin>10</ymin><xmax>103</xmax><ymax>198</ymax></bndbox></object><object><name>proposal</name><bndbox><xmin>74</xmin><ymin>65</ymin><xmax>51</xmax><ymax>81</ymax></bndbox></object><object><name>proposal</name><bndbox><xmin>13</xmin><ymin>20</ymin><xmax>54</xmax><ymax>117</ymax></bndbox></object><object><name>proposal</name><bndbox><xmin>116</xmin><ymin>1</ymin><xmax>65</xmax><ymax>47</ymax></bndbox></object><object><name>proposal</name><bndbox><xmin>121</xmin><ymin>74</ymin><xmax>75</xmax><ymax>173</ymax></bndbox></object><object><name>proposal</name><bndbox><xmin>137</xmin><ymin>1</ymin><xmax>95</xmax><ymax>43</ymax></bndbox></object><object><name>proposal</name><bndbox><xmin>60</xmin><ymin>9</ymin><xmax>45</xmax><ymax>31</ymax></bndbox></object><object><name>proposal</name><bndbox><xmin>57</xmin><ymin>21</ymin><xmax>96</xmax><ymax>112</ymax></bndbox></object><object><name>proposal</name><bndbox><xmin>105</xmin><ymin>238</ymin><xmax>82</xmax><ymax>37</ymax></bndbox></object><object><name>proposal</name><bndbox><xmin>182</xmin><ymin>296</ymin><xmax>37</xmax><ymax>67</ymax></bndbox></object><object><name>proposal</name><bndbox><xmin>29</xmin><ymin>58</ymin><xmax>38</xmax><ymax>21</ymax></bndbox></object><object><name>proposal</name><bndbox><xmin>160</xmin><ymin>127</ymin><xmax>54</xmax><ymax>59</ymax></bndbox></object><object><name>proposal</name><bndbox><xmin>14</xmin><ymin>55</ymin><xmax>51</xmax><ymax>23</ymax></bndbox></object><object><name>proposal</name><bndbox><xmin>185</xmin><ymin>266</ymin><xmax>115</xmax><ymax>50</ymax></bndbox></object><object><name>proposal</name><bndbox><xmin>172</xmin><ymin>235</ymin><xmax>55</xmax><ymax>25</ymax></bndbox></object><object><name>proposal</name><bndbox><xmin>28</xmin><ymin>4</ymin><xmax>39</xmax><ymax>85</ymax></bndbox></object><object><name>proposal</name><bndbox><xmin>127</xmin><ymin>114</ymin><xmax>68</xmax><ymax>68</ymax></bndbox></object><object><name>proposal</name><bndbox><xmin>118</xmin><ymin>307</ymin><xmax>77</xmax><ymax>89</ymax></bndbox></object><object><name>proposal</name><bndbox><xmin>74</xmin><ymin>64</ymin><xmax>42</xmax><ymax>45</ymax></bndbox></object><object><name>proposal</name><bndbox><xmin>141</xmin><ymin>149</ymin><xmax>53</xmax><ymax>45</ymax></bndbox></object><object><name>proposal</name><bndbox><xmin>175</xmin><ymin>231</ymin><xmax>41</xmax><ymax>26</ymax></bndbox></object><object><name>proposal</name><bndbox><xmin>86</xmin><ymin>265</ymin><xmax>83</xmax><ymax>80</ymax></bndbox></object><object><name>proposal</name><bndbox><xmin>232</xmin><ymin>61</ymin><xmax>63</xmax><ymax>69</ymax></bndbox></object><object><name>proposal</name><bndbox><xmin>142</xmin><ymin>7</ymin><xmax>43</xmax><ymax>34</ymax></bndbox></object><object><name>proposal</name><bndbox><xmin>29</xmin><ymin>50</ymin><xmax>75</xmax><ymax>47</ymax></bndbox></object><object><name>proposal</name><bndbox><xmin>145</xmin><ymin>311</ymin><xmax>51</xmax><ymax>27</ymax></bndbox></object><object><name>proposal</name><bndbox><xmin>157</xmin><ymin>26</ymin><xmax>73</xmax><ymax>157</ymax></bndbox></object><object><name>proposal</name><bndbox><xmin>141</xmin><ymin>129</ymin><xmax>89</xmax><ymax>54</ymax></bndbox></object><object><name>proposal</name><bndbox><xmin>37</xmin><ymin>5</ymin><xmax>78</xmax><ymax>111</ymax></bndbox></object><object><name>proposal</name><bndbox><xmin>172</xmin><ymin>235</ymin><xmax>121</xmax><ymax>125</ymax></bndbox></object><object><name>proposal</name><bndbox><xmin>149</xmin><ymin>149</ymin><xmax>100</xmax><ymax>100</ymax></bndbox></object><object><name>proposal</name><bndbox><xmin>141</xmin><ymin>210</ymin><xmax>109</xmax><ymax>61</ymax></bndbox></object><object><name>proposal</name><bndbox><xmin>37</xmin><ymin>27</ymin><xmax>89</xmax><ymax>65</ymax></bndbox></object><object><name>proposal</name><bndbox><xmin>51</xmin><ymin>4</ymin><xmax>28</xmax><ymax>35</ymax></bndbox></object><object><name>proposal</name><bndbox><xmin>151</xmin><ymin>151</ymin><xmax>125</xmax><ymax>63</ymax></bndbox></object><object><name>proposal</name><bndbox><xmin>32</xmin><ymin>51</ymin><xmax>51</xmax><ymax>27</ymax></bndbox></object><object><name>proposal</name><bndbox><xmin>118</xmin><ymin>307</ymin><xmax>75</xmax><ymax>57</ymax></bndbox></object><object><name>proposal</name><bndbox><xmin>42</xmin><ymin>276</ymin><xmax>151</xmax><ymax>67</ymax></bndbox></object><object><name>proposal</name><bndbox><xmin>102</xmin><ymin>20</ymin><xmax>84</xmax><ymax>120</ymax></bndbox></object><object><name>proposal</name><bndbox><xmin>232</xmin><ymin>29</ymin><xmax>63</xmax><ymax>85</ymax></bndbox></object><object><name>proposal</name><bndbox><xmin>183</xmin><ymin>295</ymin><xmax>69</xmax><ymax>45</ymax></bndbox></object><object><name>proposal</name><bndbox><xmin>5</xmin><ymin>64</ymin><xmax>109</xmax><ymax>46</ymax></bndbox></object><object><name>proposal</name><bndbox><xmin>131</xmin><ymin>248</ymin><xmax>47</xmax><ymax>55</ymax></bndbox></object><object><name>proposal</name><bndbox><xmin>56</xmin><ymin>11</ymin><xmax>71</xmax><ymax>28</ymax></bndbox></object><object><name>proposal</name><bndbox><xmin>183</xmin><ymin>268</ymin><xmax>80</xmax><ymax>129</ymax></bndbox></object><object><name>proposal</name><bndbox><xmin>51</xmin><ymin>61</ymin><xmax>65</xmax><ymax>47</ymax></bndbox></object><object><name>proposal</name><bndbox><xmin>216</xmin><ymin>20</ymin><xmax>78</xmax><ymax>106</ymax></bndbox></object><object><name>proposal</name><bndbox><xmin>157</xmin><ymin>154</ymin><xmax>37</xmax><ymax>50</ymax></bndbox></object><object><name>proposal</name><bndbox><xmin>153</xmin><ymin>169</ymin><xmax>100</xmax><ymax>44</ymax></bndbox></object><object><name>proposal</name><bndbox><xmin>202</xmin><ymin>133</ymin><xmax>32</xmax><ymax>26</ymax></bndbox></object><object><name>proposal</name><bndbox><xmin>207</xmin><ymin>124</ymin><xmax>24</xmax><ymax>35</ymax></bndbox></object><object><name>proposal</name><bndbox><xmin>207</xmin><ymin>151</ymin><xmax>24</xmax><ymax>35</ymax></bndbox></object><object><name>proposal</name><bndbox><xmin>90</xmin><ymin>169</ymin><xmax>100</xmax><ymax>44</ymax></bndbox></object><object><name>proposal</name><bndbox><xmin>39</xmin><ymin>67</ymin><xmax>39</xmax><ymax>39</ymax></bndbox></object><object><name>proposal</name><bndbox><xmin>138</xmin><ymin>234</ymin><xmax>50</xmax><ymax>113</ymax></bndbox></object><object><name>proposal</name><bndbox><xmin>182</xmin><ymin>293</ymin><xmax>54</xmax><ymax>64</ymax></bndbox></object><object><name>proposal</name><bndbox><xmin>157</xmin><ymin>303</ymin><xmax>37</xmax><ymax>54</ymax></bndbox></object><object><name>proposal</name><bndbox><xmin>144</xmin><ymin>6</ymin><xmax>61</xmax><ymax>32</ymax></bndbox></object><object><name>proposal</name><bndbox><xmin>96</xmin><ymin>248</ymin><xmax>84</xmax><ymax>55</ymax></bndbox></object><object><name>proposal</name><bndbox><xmin>161</xmin><ymin>152</ymin><xmax>107</xmax><ymax>35</ymax></bndbox></object><object><name>proposal</name><bndbox><xmin>13</xmin><ymin>31</ymin><xmax>131</xmax><ymax>153</ymax></bndbox></object><object><name>proposal</name><bndbox><xmin>105</xmin><ymin>67</ymin><xmax>90</xmax><ymax>146</ymax></bndbox></object><object><name>proposal</name><bndbox><xmin>89</xmin><ymin>298</ymin><xmax>78</xmax><ymax>47</ymax></bndbox></object><object><name>proposal</name><bndbox><xmin>153</xmin><ymin>111</ymin><xmax>59</xmax><ymax>71</ymax></bndbox></object><object><name>proposal</name><bndbox><xmin>142</xmin><ymin>289</ymin><xmax>43</xmax><ymax>54</ymax></bndbox></object><object><name>proposal</name><bndbox><xmin>163</xmin><ymin>72</ymin><xmax>69</xmax><ymax>112</ymax></bndbox></object><object><name>proposal</name><bndbox><xmin>100</xmin><ymin>232</ymin><xmax>64</xmax><ymax>64</ymax></bndbox></object><object><name>proposal</name><bndbox><xmin>86</xmin><ymin>313</ymin><xmax>79</xmax><ymax>35</ymax></bndbox></object><object><name>proposal</name><bndbox><xmin>86</xmin><ymin>118</ymin><xmax>108</xmax><ymax>65</ymax></bndbox></object><object><name>proposal</name><bndbox><xmin>73</xmin><ymin>3</ymin><xmax>76</xmax><ymax>28</ymax></bndbox></object><object><name>proposal</name><bndbox><xmin>196</xmin><ymin>151</ymin><xmax>35</xmax><ymax>24</ymax></bndbox></object><object><name>proposal</name><bndbox><xmin>160</xmin><ymin>72</ymin><xmax>40</xmax><ymax>114</ymax></bndbox></object><object><name>proposal</name><bndbox><xmin>79</xmin><ymin>2</ymin><xmax>79</xmax><ymax>39</ymax></bndbox></object><object><name>proposal</name><bndbox><xmin>162</xmin><ymin>148</ymin><xmax>119</xmax><ymax>48</ymax></bndbox></object><object><name>proposal</name><bndbox><xmin>128</xmin><ymin>33</ymin><xmax>67</xmax><ymax>183</ymax></bndbox></object><object><name>proposal</name><bndbox><xmin>37</xmin><ymin>69</ymin><xmax>51</xmax><ymax>25</ymax></bndbox></object><object><name>proposal</name><bndbox><xmin>95</xmin><ymin>1</ymin><xmax>75</xmax><ymax>47</ymax></bndbox></object><object><name>proposal</name><bndbox><xmin>23</xmin><ymin>69</ymin><xmax>47</xmax><ymax>25</ymax></bndbox></object><object><name>proposal</name><bndbox><xmin>70</xmin><ymin>61</ymin><xmax>117</xmax><ymax>80</ymax></bndbox></object><object><name>proposal</name><bndbox><xmin>113</xmin><ymin>313</ymin><xmax>50</xmax><ymax>37</ymax></bndbox></object><object><name>proposal</name><bndbox><xmin>134</xmin><ymin>5</ymin><xmax>93</xmax><ymax>179</ymax></bndbox></object><object><name>proposal</name><bndbox><xmin>24</xmin><ymin>37</ymin><xmax>79</xmax><ymax>33</ymax></bndbox></object><object><name>proposal</name><bndbox><xmin>127</xmin><ymin>236</ymin><xmax>60</xmax><ymax>44</ymax></bndbox></object><object><name>proposal</name><bndbox><xmin>25</xmin><ymin>67</ymin><xmax>42</xmax><ymax>39</ymax></bndbox></object><object><name>proposal</name><bndbox><xmin>86</xmin><ymin>15</ymin><xmax>55</xmax><ymax>23</ymax></bndbox></object><object><name>proposal</name><bndbox><xmin>147</xmin><ymin>170</ymin><xmax>85</xmax><ymax>72</ymax></bndbox></object><object><name>proposal</name><bndbox><xmin>177</xmin><ymin>151</ymin><xmax>61</xmax><ymax>30</ymax></bndbox></object><object><name>proposal</name><bndbox><xmin>72</xmin><ymin>64</ymin><xmax>69</xmax><ymax>57</ymax></bndbox></object><object><name>proposal</name><bndbox><xmin>200</xmin><ymin>61</ymin><xmax>95</xmax><ymax>57</ymax></bndbox></object><object><name>proposal</name><bndbox><xmin>101</xmin><ymin>32</ymin><xmax>77</xmax><ymax>65</ymax></bndbox></object><object><name>proposal</name><bndbox><xmin>183</xmin><ymin>286</ymin><xmax>44</xmax><ymax>98</ymax></bndbox></object><object><name>proposal</name><bndbox><xmin>117</xmin><ymin>186</ymin><xmax>71</xmax><ymax>28</ymax></bndbox></object><object><name>proposal</name><bndbox><xmin>177</xmin><ymin>295</ymin><xmax>81</xmax><ymax>59</ymax></bndbox></object><object><name>proposal</name><bndbox><xmin>101</xmin><ymin>184</ymin><xmax>93</xmax><ymax>58</ymax></bndbox></object><object><name>proposal</name><bndbox><xmin>105</xmin><ymin>302</ymin><xmax>57</xmax><ymax>45</ymax></bndbox></object><object><name>proposal</name><bndbox><xmin>134</xmin><ymin>72</ymin><xmax>63</xmax><ymax>112</ymax></bndbox></object><object><name>proposal</name><bndbox><xmin>24</xmin><ymin>20</ymin><xmax>62</xmax><ymax>113</ymax></bndbox></object><object><name>proposal</name><bndbox><xmin>172</xmin><ymin>297</ymin><xmax>21</xmax><ymax>42</ymax></bndbox></object><object><name>proposal</name><bndbox><xmin>90</xmin><ymin>313</ymin><xmax>98</xmax><ymax>84</ymax></bndbox></object><object><name>proposal</name><bndbox><xmin>121</xmin><ymin>248</ymin><xmax>55</xmax><ymax>75</ymax></bndbox></object><object><name>proposal</name><bndbox><xmin>30</xmin><ymin>132</ymin><xmax>165</xmax><ymax>83</ymax></bndbox></object><object><name>proposal</name><bndbox><xmin>141</xmin><ymin>170</ymin><xmax>141</xmax><ymax>77</ymax></bndbox></object><object><name>proposal</name><bndbox><xmin>157</xmin><ymin>27</ymin><xmax>65</xmax><ymax>69</ymax></bndbox></object><object><name>proposal</name><bndbox><xmin>151</xmin><ymin>250</ymin><xmax>45</xmax><ymax>51</ymax></bndbox></object><object><name>proposal</name><bndbox><xmin>232</xmin><ymin>50</ymin><xmax>65</xmax><ymax>41</ymax></bndbox></object><object><name>proposal</name><bndbox><xmin>56</xmin><ymin>36</ymin><xmax>71</xmax><ymax>30</ymax></bndbox></object><object><name>proposal</name><bndbox><xmin>96</xmin><ymin>101</ymin><xmax>31</xmax><ymax>31</ymax></bndbox></object><object><name>proposal</name><bndbox><xmin>207</xmin><ymin>151</ymin><xmax>39</xmax><ymax>29</ymax></bndbox></object><object><name>proposal</name><bndbox><xmin>38</xmin><ymin>67</ymin><xmax>28</xmax><ymax>61</ymax></bndbox></object><object><name>proposal</name><bndbox><xmin>37</xmin><ymin>65</ymin><xmax>88</xmax><ymax>80</ymax></bndbox></object><object><name>proposal</name><bndbox><xmin>162</xmin><ymin>133</ymin><xmax>119</xmax><ymax>53</ymax></bndbox></object><object><name>proposal</name><bndbox><xmin>183</xmin><ymin>252</ymin><xmax>86</xmax><ymax>83</ymax></bndbox></object><object><name>proposal</name><bndbox><xmin>148</xmin><ymin>188</ymin><xmax>105</xmax><ymax>50</ymax></bndbox></object><object><name>proposal</name><bndbox><xmin>177</xmin><ymin>149</ymin><xmax>53</xmax><ymax>45</ymax></bndbox></object><object><name>proposal</name><bndbox><xmin>71</xmin><ymin>313</ymin><xmax>94</xmax><ymax>69</ymax></bndbox></object><object><name>proposal</name><bndbox><xmin>204</xmin><ymin>49</ymin><xmax>92</xmax><ymax>110</ymax></bndbox></object><object><name>proposal</name><bndbox><xmin>144</xmin><ymin>246</ymin><xmax>65</xmax><ymax>47</ymax></bndbox></object><object><name>proposal</name><bndbox><xmin>1</xmin><ymin>289</ymin><xmax>194</xmax><ymax>75</ymax></bndbox></object><object><name>proposal</name><bndbox><xmin>151</xmin><ymin>11</ymin><xmax>31</xmax><ymax>31</ymax></bndbox></object><object><name>proposal</name><bndbox><xmin>71</xmin><ymin>281</ymin><xmax>98</xmax><ymax>72</ymax></bndbox></object><object><name>proposal</name><bndbox><xmin>46</xmin><ymin>1</ymin><xmax>31</xmax><ymax>31</ymax></bndbox></object><object><name>proposal</name><bndbox><xmin>177</xmin><ymin>285</ymin><xmax>80</xmax><ymax>92</ymax></bndbox></object><object><name>proposal</name><bndbox><xmin>154</xmin><ymin>295</ymin><xmax>35</xmax><ymax>45</ymax></bndbox></object><object><name>proposal</name><bndbox><xmin>11</xmin><ymin>34</ymin><xmax>41</xmax><ymax>65</ymax></bndbox></object><object><name>proposal</name><bndbox><xmin>145</xmin><ymin>241</ymin><xmax>40</xmax><ymax>34</ymax></bndbox></object><object><name>proposal</name><bndbox><xmin>148</xmin><ymin>253</ymin><xmax>31</xmax><ymax>48</ymax></bndbox></object><object><name>proposal</name><bndbox><xmin>73</xmin><ymin>16</ymin><xmax>58</xmax><ymax>117</ymax></bndbox></object><object><name>proposal</name><bndbox><xmin>153</xmin><ymin>196</ymin><xmax>50</xmax><ymax>21</ymax></bndbox></object><object><name>proposal</name><bndbox><xmin>162</xmin><ymin>61</ymin><xmax>133</xmax><ymax>100</ymax></bndbox></object><object><name>proposal</name><bndbox><xmin>14</xmin><ymin>67</ymin><xmax>51</xmax><ymax>21</ymax></bndbox></object><object><name>proposal</name><bndbox><xmin>122</xmin><ymin>19</ymin><xmax>51</xmax><ymax>23</ymax></bndbox></object><object><name>proposal</name><bndbox><xmin>33</xmin><ymin>37</ymin><xmax>26</xmax><ymax>41</ymax></bndbox></object><object><name>proposal</name><bndbox><xmin>139</xmin><ymin>234</ymin><xmax>71</xmax><ymax>32</ymax></bndbox></object><object><name>proposal</name><bndbox><xmin>36</xmin><ymin>313</ymin><xmax>155</xmax><ymax>68</ymax></bndbox></object><object><name>proposal</name><bndbox><xmin>108</xmin><ymin>120</ymin><xmax>27</xmax><ymax>42</ymax></bndbox></object><object><name>proposal</name><bndbox><xmin>209</xmin><ymin>139</ymin><xmax>42</xmax><ymax>21</ymax></bndbox></object><object><name>proposal</name><bndbox><xmin>166</xmin><ymin>131</ymin><xmax>66</xmax><ymax>28</ymax></bndbox></object><object><name>proposal</name><bndbox><xmin>106</xmin><ymin>101</ymin><xmax>31</xmax><ymax>31</ymax></bndbox></object><object><name>proposal</name><bndbox><xmin>172</xmin><ymin>11</ymin><xmax>59</xmax><ymax>27</ymax></bndbox></object><object><name>proposal</name><bndbox><xmin>141</xmin><ymin>301</ymin><xmax>59</xmax><ymax>25</ymax></bndbox></object><object><name>proposal</name><bndbox><xmin>106</xmin><ymin>85</ymin><xmax>21</xmax><ymax>50</ymax></bndbox></object><object><name>proposal</name><bndbox><xmin>151</xmin><ymin>20</ymin><xmax>81</xmax><ymax>120</ymax></bndbox></object><object><name>proposal</name><bndbox><xmin>189</xmin><ymin>139</ymin><xmax>42</xmax><ymax>21</ymax></bndbox></object><object><name>proposal</name><bndbox><xmin>166</xmin><ymin>306</ymin><xmax>31</xmax><ymax>31</ymax></bndbox></object></annotation>