<annotation><folder>Proposals</folder><filename>img-266.jpg</filename><size><width>720</width><height>720</height><depth>3</depth></size><object><name>proposal</name><bndbox><xmin>365</xmin><ymin>5</ymin><xmax>71</xmax><ymax>40</ymax></bndbox></object><object><name>proposal</name><bndbox><xmin>365</xmin><ymin>3</ymin><xmax>85</xmax><ymax>68</ymax></bndbox></object><object><name>proposal</name><bndbox><xmin>337</xmin><ymin>5</ymin><xmax>100</xmax><ymax>44</ymax></bndbox></object><object><name>proposal</name><bndbox><xmin>333</xmin><ymin>5</ymin><xmax>117</xmax><ymax>73</ymax></bndbox></object><object><name>proposal</name><bndbox><xmin>356</xmin><ymin>5</ymin><xmax>97</xmax><ymax>93</ymax></bndbox></object><object><name>proposal</name><bndbox><xmin>362</xmin><ymin>4</ymin><xmax>116</xmax><ymax>75</ymax></bndbox></object><object><name>proposal</name><bndbox><xmin>541</xmin><ymin>7</ymin><xmax>53</xmax><ymax>69</ymax></bndbox></object><object><name>proposal</name><bndbox><xmin>530</xmin><ymin>7</ymin><xmax>63</xmax><ymax>53</ymax></bndbox></object><object><name>proposal</name><bndbox><xmin>446</xmin><ymin>36</ymin><xmax>31</xmax><ymax>31</ymax></bndbox></object><object><name>proposal</name><bndbox><xmin>608</xmin><ymin>16</ymin><xmax>63</xmax><ymax>47</ymax></bndbox></object><object><name>proposal</name><bndbox><xmin>362</xmin><ymin>1</ymin><xmax>115</xmax><ymax>115</ymax></bndbox></object><object><name>proposal</name><bndbox><xmin>521</xmin><ymin>8</ymin><xmax>73</xmax><ymax>36</ymax></bndbox></object><object><name>proposal</name><bndbox><xmin>540</xmin><ymin>8</ymin><xmax>131</xmax><ymax>57</ymax></bndbox></object><object><name>proposal</name><bndbox><xmin>540</xmin><ymin>8</ymin><xmax>60</xmax><ymax>44</ymax></bndbox></object><object><name>proposal</name><bndbox><xmin>445</xmin><ymin>46</ymin><xmax>38</xmax><ymax>21</ymax></bndbox></object><object><name>proposal</name><bndbox><xmin>365</xmin><ymin>5</ymin><xmax>85</xmax><ymax>161</ymax></bndbox></object><object><name>proposal</name><bndbox><xmin>611</xmin><ymin>45</ymin><xmax>59</xmax><ymax>59</ymax></bndbox></object><object><name>proposal</name><bndbox><xmin>446</xmin><ymin>57</ymin><xmax>29</xmax><ymax>42</ymax></bndbox></object><object><name>proposal</name><bndbox><xmin>612</xmin><ymin>27</ymin><xmax>70</xmax><ymax>37</ymax></bndbox></object><object><name>proposal</name><bndbox><xmin>541</xmin><ymin>9</ymin><xmax>55</xmax><ymax>25</ymax></bndbox></object><object><name>proposal</name><bndbox><xmin>447</xmin><ymin>55</ymin><xmax>57</xmax><ymax>49</ymax></bndbox></object><object><name>proposal</name><bndbox><xmin>442</xmin><ymin>57</ymin><xmax>35</xmax><ymax>28</ymax></bndbox></object><object><name>proposal</name><bndbox><xmin>361</xmin><ymin>5</ymin><xmax>232</xmax><ymax>98</ymax></bndbox></object><object><name>proposal</name><bndbox><xmin>276</xmin><ymin>5</ymin><xmax>177</xmax><ymax>87</ymax></bndbox></object><object><name>proposal</name><bndbox><xmin>530</xmin><ymin>5</ymin><xmax>63</xmax><ymax>94</ymax></bndbox></object><object><name>proposal</name><bndbox><xmin>320</xmin><ymin>4</ymin><xmax>132</xmax><ymax>132</ymax></bndbox></object><object><name>proposal</name><bndbox><xmin>613</xmin><ymin>22</ymin><xmax>91</xmax><ymax>43</ymax></bndbox></object><object><name>proposal</name><bndbox><xmin>541</xmin><ymin>3</ymin><xmax>55</xmax><ymax>25</ymax></bndbox></object><object><name>proposal</name><bndbox><xmin>316</xmin><ymin>5</ymin><xmax>187</xmax><ymax>98</ymax></bndbox></object><object><name>proposal</name><bndbox><xmin>481</xmin><ymin>61</ymin><xmax>21</xmax><ymax>42</ymax></bndbox></object><object><name>proposal</name><bndbox><xmin>446</xmin><ymin>43</ymin><xmax>47</xmax><ymax>25</ymax></bndbox></object><object><name>proposal</name><bndbox><xmin>359</xmin><ymin>5</ymin><xmax>144</xmax><ymax>156</ymax></bndbox></object><object><name>proposal</name><bndbox><xmin>527</xmin><ymin>7</ymin><xmax>85</xmax><ymax>72</ymax></bndbox></object><object><name>proposal</name><bndbox><xmin>365</xmin><ymin>1</ymin><xmax>111</xmax><ymax>197</ymax></bndbox></object><object><name>proposal</name><bndbox><xmin>445</xmin><ymin>25</ymin><xmax>39</xmax><ymax>42</ymax></bndbox></object><object><name>proposal</name><bndbox><xmin>477</xmin><ymin>8</ymin><xmax>119</xmax><ymax>48</ymax></bndbox></object><object><name>proposal</name><bndbox><xmin>428</xmin><ymin>57</ymin><xmax>47</xmax><ymax>25</ymax></bndbox></object><object><name>proposal</name><bndbox><xmin>589</xmin><ymin>6</ymin><xmax>81</xmax><ymax>58</ymax></bndbox></object><object><name>proposal</name><bndbox><xmin>536</xmin><ymin>7</ymin><xmax>135</xmax><ymax>89</ymax></bndbox></object><object><name>proposal</name><bndbox><xmin>479</xmin><ymin>91</ymin><xmax>24</xmax><ymax>41</ymax></bndbox></object><object><name>proposal</name><bndbox><xmin>471</xmin><ymin>91</ymin><xmax>31</xmax><ymax>31</ymax></bndbox></object><object><name>proposal</name><bndbox><xmin>442</xmin><ymin>19</ymin><xmax>34</xmax><ymax>50</ymax></bndbox></object><object><name>proposal</name><bndbox><xmin>363</xmin><ymin>4</ymin><xmax>307</xmax><ymax>127</ymax></bndbox></object><object><name>proposal</name><bndbox><xmin>500</xmin><ymin>8</ymin><xmax>101</xmax><ymax>73</ymax></bndbox></object><object><name>proposal</name><bndbox><xmin>612</xmin><ymin>43</ymin><xmax>68</xmax><ymax>80</ymax></bndbox></object><object><name>proposal</name><bndbox><xmin>428</xmin><ymin>43</ymin><xmax>47</xmax><ymax>25</ymax></bndbox></object><object><name>proposal</name><bndbox><xmin>276</xmin><ymin>4</ymin><xmax>203</xmax><ymax>129</ymax></bndbox></object><object><name>proposal</name><bndbox><xmin>277</xmin><ymin>269</ymin><xmax>35</xmax><ymax>26</ymax></bndbox></object><object><name>proposal</name><bndbox><xmin>418</xmin><ymin>7</ymin><xmax>177</xmax><ymax>73</ymax></bndbox></object><object><name>proposal</name><bndbox><xmin>589</xmin><ymin>45</ymin><xmax>80</xmax><ymax>68</ymax></bndbox></object><object><name>proposal</name><bndbox><xmin>611</xmin><ymin>36</ymin><xmax>61</xmax><ymax>28</ymax></bndbox></object><object><name>proposal</name><bndbox><xmin>613</xmin><ymin>1</ymin><xmax>94</xmax><ymax>66</ymax></bndbox></object><object><name>proposal</name><bndbox><xmin>481</xmin><ymin>77</ymin><xmax>35</xmax><ymax>26</ymax></bndbox></object><object><name>proposal</name><bndbox><xmin>446</xmin><ymin>7</ymin><xmax>227</xmax><ymax>96</ymax></bndbox></object><object><name>proposal</name><bndbox><xmin>478</xmin><ymin>67</ymin><xmax>31</xmax><ymax>37</ymax></bndbox></object><object><name>proposal</name><bndbox><xmin>536</xmin><ymin>6</ymin><xmax>70</xmax><ymax>112</ymax></bndbox></object><object><name>proposal</name><bndbox><xmin>461</xmin><ymin>92</ymin><xmax>42</xmax><ymax>20</ymax></bndbox></object><object><name>proposal</name><bndbox><xmin>429</xmin><ymin>56</ymin><xmax>73</xmax><ymax>56</ymax></bndbox></object><object><name>proposal</name><bndbox><xmin>264</xmin><ymin>286</ymin><xmax>45</xmax><ymax>33</ymax></bndbox></object><object><name>proposal</name><bndbox><xmin>437</xmin><ymin>55</ymin><xmax>45</xmax><ymax>49</ymax></bndbox></object><object><name>proposal</name><bndbox><xmin>306</xmin><ymin>5</ymin><xmax>169</xmax><ymax>188</ymax></bndbox></object><object><name>proposal</name><bndbox><xmin>428</xmin><ymin>28</ymin><xmax>50</xmax><ymax>40</ymax></bndbox></object><object><name>proposal</name><bndbox><xmin>365</xmin><ymin>5</ymin><xmax>230</xmax><ymax>188</ymax></bndbox></object><object><name>proposal</name><bndbox><xmin>589</xmin><ymin>44</ymin><xmax>83</xmax><ymax>45</ymax></bndbox></object><object><name>proposal</name><bndbox><xmin>277</xmin><ymin>287</ymin><xmax>35</xmax><ymax>24</ymax></bndbox></object><object><name>proposal</name><bndbox><xmin>350</xmin><ymin>4</ymin><xmax>101</xmax><ymax>229</ymax></bndbox></object><object><name>proposal</name><bndbox><xmin>424</xmin><ymin>57</ymin><xmax>55</xmax><ymax>41</ymax></bndbox></object><object><name>proposal</name><bndbox><xmin>480</xmin><ymin>7</ymin><xmax>132</xmax><ymax>96</ymax></bndbox></object><object><name>proposal</name><bndbox><xmin>441</xmin><ymin>57</ymin><xmax>61</xmax><ymax>73</ymax></bndbox></object><object><name>proposal</name><bndbox><xmin>417</xmin><ymin>19</ymin><xmax>69</xmax><ymax>49</ymax></bndbox></object><object><name>proposal</name><bndbox><xmin>446</xmin><ymin>55</ymin><xmax>46</xmax><ymax>40</ymax></bndbox></object><object><name>proposal</name><bndbox><xmin>365</xmin><ymin>4</ymin><xmax>143</xmax><ymax>255</ymax></bndbox></object><object><name>proposal</name><bndbox><xmin>274</xmin><ymin>262</ymin><xmax>34</xmax><ymax>34</ymax></bndbox></object><object><name>proposal</name><bndbox><xmin>436</xmin><ymin>28</ymin><xmax>64</xmax><ymax>39</ymax></bndbox></object><object><name>proposal</name><bndbox><xmin>447</xmin><ymin>57</ymin><xmax>99</xmax><ymax>46</ymax></bndbox></object><object><name>proposal</name><bndbox><xmin>446</xmin><ymin>34</ymin><xmax>67</xmax><ymax>33</ymax></bndbox></object><object><name>proposal</name><bndbox><xmin>442</xmin><ymin>56</ymin><xmax>33</xmax><ymax>67</ymax></bndbox></object><object><name>proposal</name><bndbox><xmin>286</xmin><ymin>4</ymin><xmax>307</xmax><ymax>127</ymax></bndbox></object><object><name>proposal</name><bndbox><xmin>472</xmin><ymin>77</ymin><xmax>32</xmax><ymax>26</ymax></bndbox></object><object><name>proposal</name><bndbox><xmin>277</xmin><ymin>286</ymin><xmax>34</xmax><ymax>37</ymax></bndbox></object><object><name>proposal</name><bndbox><xmin>326</xmin><ymin>5</ymin><xmax>343</xmax><ymax>179</ymax></bndbox></object><object><name>proposal</name><bndbox><xmin>481</xmin><ymin>91</ymin><xmax>34</xmax><ymax>40</ymax></bndbox></object><object><name>proposal</name><bndbox><xmin>472</xmin><ymin>91</ymin><xmax>31</xmax><ymax>50</ymax></bndbox></object><object><name>proposal</name><bndbox><xmin>238</xmin><ymin>5</ymin><xmax>264</xmax><ymax>151</ymax></bndbox></object><object><name>proposal</name><bndbox><xmin>413</xmin><ymin>35</ymin><xmax>64</xmax><ymax>32</ymax></bndbox></object><object><name>proposal</name><bndbox><xmin>365</xmin><ymin>3</ymin><xmax>306</xmax><ymax>253</ymax></bndbox></object><object><name>proposal</name><bndbox><xmin>445</xmin><ymin>7</ymin><xmax>38</xmax><ymax>65</ymax></bndbox></object><object><name>proposal</name><bndbox><xmin>510</xmin><ymin>8</ymin><xmax>84</xmax><ymax>128</ymax></bndbox></object><object><name>proposal</name><bndbox><xmin>473</xmin><ymin>64</ymin><xmax>29</xmax><ymax>42</ymax></bndbox></object><object><name>proposal</name><bndbox><xmin>446</xmin><ymin>57</ymin><xmax>47</xmax><ymax>25</ymax></bndbox></object><object><name>proposal</name><bndbox><xmin>613</xmin><ymin>43</ymin><xmax>93</xmax><ymax>93</ymax></bndbox></object><object><name>proposal</name><bndbox><xmin>611</xmin><ymin>43</ymin><xmax>61</xmax><ymax>26</ymax></bndbox></object><object><name>proposal</name><bndbox><xmin>481</xmin><ymin>50</ymin><xmax>28</xmax><ymax>56</ymax></bndbox></object><object><name>proposal</name><bndbox><xmin>447</xmin><ymin>83</ymin><xmax>55</xmax><ymax>21</ymax></bndbox></object><object><name>proposal</name><bndbox><xmin>535</xmin><ymin>8</ymin><xmax>101</xmax><ymax>128</ymax></bndbox></object><object><name>proposal</name><bndbox><xmin>336</xmin><ymin>4</ymin><xmax>139</xmax><ymax>275</ymax></bndbox></object><object><name>proposal</name><bndbox><xmin>609</xmin><ymin>43</ymin><xmax>61</xmax><ymax>124</ymax></bndbox></object><object><name>proposal</name><bndbox><xmin>446</xmin><ymin>56</ymin><xmax>43</xmax><ymax>66</ymax></bndbox></object><object><name>proposal</name><bndbox><xmin>277</xmin><ymin>256</ymin><xmax>39</xmax><ymax>39</ymax></bndbox></object><object><name>proposal</name><bndbox><xmin>455</xmin><ymin>91</ymin><xmax>50</xmax><ymax>34</ymax></bndbox></object><object><name>proposal</name><bndbox><xmin>415</xmin><ymin>18</ymin><xmax>119</xmax><ymax>50</ymax></bndbox></object><object><name>proposal</name><bndbox><xmin>478</xmin><ymin>67</ymin><xmax>50</xmax><ymax>37</ymax></bndbox></object><object><name>proposal</name><bndbox><xmin>453</xmin><ymin>89</ymin><xmax>50</xmax><ymax>20</ymax></bndbox></object><object><name>proposal</name><bndbox><xmin>447</xmin><ymin>7</ymin><xmax>148</xmax><ymax>129</ymax></bndbox></object><object><name>proposal</name><bndbox><xmin>275</xmin><ymin>1</ymin><xmax>229</xmax><ymax>229</ymax></bndbox></object><object><name>proposal</name><bndbox><xmin>481</xmin><ymin>89</ymin><xmax>28</xmax><ymax>61</ymax></bndbox></object><object><name>proposal</name><bndbox><xmin>464</xmin><ymin>91</ymin><xmax>46</xmax><ymax>40</ymax></bndbox></object><object><name>proposal</name><bndbox><xmin>446</xmin><ymin>36</ymin><xmax>77</xmax><ymax>68</ymax></bndbox></object><object><name>proposal</name><bndbox><xmin>478</xmin><ymin>40</ymin><xmax>26</xmax><ymax>66</ymax></bndbox></object><object><name>proposal</name><bndbox><xmin>397</xmin><ymin>57</ymin><xmax>79</xmax><ymax>39</ymax></bndbox></object><object><name>proposal</name><bndbox><xmin>541</xmin><ymin>6</ymin><xmax>132</xmax><ymax>218</ymax></bndbox></object><object><name>proposal</name><bndbox><xmin>473</xmin><ymin>91</ymin><xmax>45</xmax><ymax>49</ymax></bndbox></object><object><name>proposal</name><bndbox><xmin>429</xmin><ymin>4</ymin><xmax>57</xmax><ymax>66</ymax></bndbox></object><object><name>proposal</name><bndbox><xmin>455</xmin><ymin>67</ymin><xmax>50</xmax><ymax>37</ymax></bndbox></object><object><name>proposal</name><bndbox><xmin>478</xmin><ymin>5</ymin><xmax>192</xmax><ymax>207</ymax></bndbox></object><object><name>proposal</name><bndbox><xmin>268</xmin><ymin>3</ymin><xmax>327</xmax><ymax>255</ymax></bndbox></object><object><name>proposal</name><bndbox><xmin>479</xmin><ymin>92</ymin><xmax>55</xmax><ymax>41</ymax></bndbox></object><object><name>proposal</name><bndbox><xmin>446</xmin><ymin>43</ymin><xmax>227</xmax><ymax>85</ymax></bndbox></object><object><name>proposal</name><bndbox><xmin>404</xmin><ymin>20</ymin><xmax>72</xmax><ymax>98</ymax></bndbox></object><object><name>proposal</name><bndbox><xmin>259</xmin><ymin>266</ymin><xmax>56</xmax><ymax>30</ymax></bndbox></object><object><name>proposal</name><bndbox><xmin>393</xmin><ymin>19</ymin><xmax>57</xmax><ymax>57</ymax></bndbox></object><object><name>proposal</name><bndbox><xmin>407</xmin><ymin>17</ymin><xmax>43</xmax><ymax>83</ymax></bndbox></object><object><name>proposal</name><bndbox><xmin>481</xmin><ymin>85</ymin><xmax>50</xmax><ymax>21</ymax></bndbox></object><object><name>proposal</name><bndbox><xmin>471</xmin><ymin>81</ymin><xmax>31</xmax><ymax>31</ymax></bndbox></object><object><name>proposal</name><bndbox><xmin>417</xmin><ymin>17</ymin><xmax>88</xmax><ymax>100</ymax></bndbox></object></annotation>