<annotation><folder>Proposals</folder><filename>img-175.jpg</filename><size><width>720</width><height>720</height><depth>3</depth></size><object><name>proposal</name><bndbox><xmin>92</xmin><ymin>43</ymin><xmax>73</xmax><ymax>36</ymax></bndbox></object><object><name>proposal</name><bndbox><xmin>644</xmin><ymin>635</ymin><xmax>49</xmax><ymax>49</ymax></bndbox></object><object><name>proposal</name><bndbox><xmin>326</xmin><ymin>12</ymin><xmax>124</xmax><ymax>68</ymax></bndbox></object><object><name>proposal</name><bndbox><xmin>40</xmin><ymin>38</ymin><xmax>125</xmax><ymax>57</ymax></bndbox></object><object><name>proposal</name><bndbox><xmin>36</xmin><ymin>79</ymin><xmax>60</xmax><ymax>41</ymax></bndbox></object><object><name>proposal</name><bndbox><xmin>5</xmin><ymin>41</ymin><xmax>93</xmax><ymax>53</ymax></bndbox></object><object><name>proposal</name><bndbox><xmin>89</xmin><ymin>41</ymin><xmax>77</xmax><ymax>53</ymax></bndbox></object><object><name>proposal</name><bndbox><xmin>640</xmin><ymin>635</ymin><xmax>53</xmax><ymax>72</ymax></bndbox></object><object><name>proposal</name><bndbox><xmin>36</xmin><ymin>52</ymin><xmax>61</xmax><ymax>39</ymax></bndbox></object><object><name>proposal</name><bndbox><xmin>159</xmin><ymin>361</ymin><xmax>37</xmax><ymax>64</ymax></bndbox></object><object><name>proposal</name><bndbox><xmin>621</xmin><ymin>635</ymin><xmax>73</xmax><ymax>56</ymax></bndbox></object><object><name>proposal</name><bndbox><xmin>644</xmin><ymin>636</ymin><xmax>56</xmax><ymax>32</ymax></bndbox></object><object><name>proposal</name><bndbox><xmin>623</xmin><ymin>636</ymin><xmax>71</xmax><ymax>32</ymax></bndbox></object><object><name>proposal</name><bndbox><xmin>5</xmin><ymin>14</ymin><xmax>49</xmax><ymax>49</ymax></bndbox></object><object><name>proposal</name><bndbox><xmin>40</xmin><ymin>79</ymin><xmax>71</xmax><ymax>68</ymax></bndbox></object><object><name>proposal</name><bndbox><xmin>143</xmin><ymin>349</ymin><xmax>53</xmax><ymax>75</ymax></bndbox></object><object><name>proposal</name><bndbox><xmin>5</xmin><ymin>41</ymin><xmax>161</xmax><ymax>76</ymax></bndbox></object><object><name>proposal</name><bndbox><xmin>96</xmin><ymin>362</ymin><xmax>102</xmax><ymax>87</ymax></bndbox></object><object><name>proposal</name><bndbox><xmin>132</xmin><ymin>424</ymin><xmax>61</xmax><ymax>49</ymax></bndbox></object><object><name>proposal</name><bndbox><xmin>4</xmin><ymin>22</ymin><xmax>163</xmax><ymax>69</ymax></bndbox></object><object><name>proposal</name><bndbox><xmin>71</xmin><ymin>43</ymin><xmax>94</xmax><ymax>63</ymax></bndbox></object><object><name>proposal</name><bndbox><xmin>5</xmin><ymin>274</ymin><xmax>105</xmax><ymax>58</ymax></bndbox></object><object><name>proposal</name><bndbox><xmin>125</xmin><ymin>347</ymin><xmax>72</xmax><ymax>103</ymax></bndbox></object><object><name>proposal</name><bndbox><xmin>39</xmin><ymin>78</ymin><xmax>56</xmax><ymax>28</ymax></bndbox></object><object><name>proposal</name><bndbox><xmin>41</xmin><ymin>49</ymin><xmax>75</xmax><ymax>41</ymax></bndbox></object><object><name>proposal</name><bndbox><xmin>5</xmin><ymin>224</ymin><xmax>102</xmax><ymax>111</ymax></bndbox></object><object><name>proposal</name><bndbox><xmin>4</xmin><ymin>41</ymin><xmax>161</xmax><ymax>134</ymax></bndbox></object><object><name>proposal</name><bndbox><xmin>325</xmin><ymin>37</ymin><xmax>54</xmax><ymax>37</ymax></bndbox></object><object><name>proposal</name><bndbox><xmin>39</xmin><ymin>43</ymin><xmax>125</xmax><ymax>104</ymax></bndbox></object><object><name>proposal</name><bndbox><xmin>4</xmin><ymin>39</ymin><xmax>269</xmax><ymax>294</ymax></bndbox></object><object><name>proposal</name><bndbox><xmin>325</xmin><ymin>63</ymin><xmax>56</xmax><ymax>28</ymax></bndbox></object><object><name>proposal</name><bndbox><xmin>291</xmin><ymin>12</ymin><xmax>160</xmax><ymax>82</ymax></bndbox></object><object><name>proposal</name><bndbox><xmin>5</xmin><ymin>40</ymin><xmax>161</xmax><ymax>292</ymax></bndbox></object><object><name>proposal</name><bndbox><xmin>638</xmin><ymin>635</ymin><xmax>73</xmax><ymax>61</ymax></bndbox></object><object><name>proposal</name><bndbox><xmin>5</xmin><ymin>40</ymin><xmax>49</xmax><ymax>81</ymax></bndbox></object><object><name>proposal</name><bndbox><xmin>92</xmin><ymin>33</ymin><xmax>72</xmax><ymax>85</ymax></bndbox></object><object><name>proposal</name><bndbox><xmin>155</xmin><ymin>333</ymin><xmax>43</xmax><ymax>91</ymax></bndbox></object><object><name>proposal</name><bndbox><xmin>4</xmin><ymin>10</ymin><xmax>526</xmax><ymax>327</ymax></bndbox></object><object><name>proposal</name><bndbox><xmin>293</xmin><ymin>10</ymin><xmax>38</xmax><ymax>21</ymax></bndbox></object><object><name>proposal</name><bndbox><xmin>323</xmin><ymin>12</ymin><xmax>131</xmax><ymax>104</ymax></bndbox></object><object><name>proposal</name><bndbox><xmin>5</xmin><ymin>79</ymin><xmax>107</xmax><ymax>72</ymax></bndbox></object><object><name>proposal</name><bndbox><xmin>11</xmin><ymin>261</ymin><xmax>39</xmax><ymax>29</ymax></bndbox></object><object><name>proposal</name><bndbox><xmin>4</xmin><ymin>37</ymin><xmax>268</xmax><ymax>460</ymax></bndbox></object><object><name>proposal</name><bndbox><xmin>74</xmin><ymin>116</ymin><xmax>39</xmax><ymax>31</ymax></bndbox></object><object><name>proposal</name><bndbox><xmin>29</xmin><ymin>36</ymin><xmax>69</xmax><ymax>54</ymax></bndbox></object><object><name>proposal</name><bndbox><xmin>291</xmin><ymin>1</ymin><xmax>39</xmax><ymax>31</ymax></bndbox></object><object><name>proposal</name><bndbox><xmin>346</xmin><ymin>11</ymin><xmax>117</xmax><ymax>84</ymax></bndbox></object><object><name>proposal</name><bndbox><xmin>221</xmin><ymin>411</ymin><xmax>118</xmax><ymax>97</ymax></bndbox></object><object><name>proposal</name><bndbox><xmin>164</xmin><ymin>241</ymin><xmax>121</xmax><ymax>256</ymax></bndbox></object><object><name>proposal</name><bndbox><xmin>5</xmin><ymin>39</ymin><xmax>47</xmax><ymax>25</ymax></bndbox></object><object><name>proposal</name><bndbox><xmin>4</xmin><ymin>225</ymin><xmax>268</xmax><ymax>107</ymax></bndbox></object><object><name>proposal</name><bndbox><xmin>4</xmin><ymin>10</ymin><xmax>485</xmax><ymax>487</ymax></bndbox></object><object><name>proposal</name><bndbox><xmin>15</xmin><ymin>79</ymin><xmax>105</xmax><ymax>40</ymax></bndbox></object><object><name>proposal</name><bndbox><xmin>165</xmin><ymin>351</ymin><xmax>118</xmax><ymax>145</ymax></bndbox></object><object><name>proposal</name><bndbox><xmin>36</xmin><ymin>75</ymin><xmax>59</xmax><ymax>65</ymax></bndbox></object><object><name>proposal</name><bndbox><xmin>5</xmin><ymin>136</ymin><xmax>106</xmax><ymax>197</ymax></bndbox></object><object><name>proposal</name><bndbox><xmin>326</xmin><ymin>12</ymin><xmax>203</xmax><ymax>148</ymax></bndbox></object><object><name>proposal</name><bndbox><xmin>5</xmin><ymin>300</ymin><xmax>103</xmax><ymax>84</ymax></bndbox></object><object><name>proposal</name><bndbox><xmin>609</xmin><ymin>633</ymin><xmax>84</xmax><ymax>76</ymax></bndbox></object><object><name>proposal</name><bndbox><xmin>293</xmin><ymin>19</ymin><xmax>85</xmax><ymax>54</ymax></bndbox></object><object><name>proposal</name><bndbox><xmin>595</xmin><ymin>267</ymin><xmax>51</xmax><ymax>78</ymax></bndbox></object><object><name>proposal</name><bndbox><xmin>162</xmin><ymin>363</ymin><xmax>124</xmax><ymax>63</ymax></bndbox></object><object><name>proposal</name><bndbox><xmin>4</xmin><ymin>251</ymin><xmax>135</xmax><ymax>81</ymax></bndbox></object><object><name>proposal</name><bndbox><xmin>349</xmin><ymin>11</ymin><xmax>102</xmax><ymax>149</ymax></bndbox></object><object><name>proposal</name><bndbox><xmin>644</xmin><ymin>600</ymin><xmax>45</xmax><ymax>53</ymax></bndbox></object><object><name>proposal</name><bndbox><xmin>325</xmin><ymin>60</ymin><xmax>55</xmax><ymax>44</ymax></bndbox></object><object><name>proposal</name><bndbox><xmin>99</xmin><ymin>316</ymin><xmax>97</xmax><ymax>133</ymax></bndbox></object><object><name>proposal</name><bndbox><xmin>165</xmin><ymin>241</ymin><xmax>183</xmax><ymax>261</ymax></bndbox></object><object><name>proposal</name><bndbox><xmin>163</xmin><ymin>241</ymin><xmax>264</xmax><ymax>203</ymax></bndbox></object><object><name>proposal</name><bndbox><xmin>646</xmin><ymin>556</ymin><xmax>48</xmax><ymax>109</ymax></bndbox></object><object><name>proposal</name><bndbox><xmin>394</xmin><ymin>286</ymin><xmax>96</xmax><ymax>50</ymax></bndbox></object><object><name>proposal</name><bndbox><xmin>410</xmin><ymin>128</ymin><xmax>63</xmax><ymax>98</ymax></bndbox></object><object><name>proposal</name><bndbox><xmin>291</xmin><ymin>21</ymin><xmax>39</xmax><ymax>33</ymax></bndbox></object><object><name>proposal</name><bndbox><xmin>11</xmin><ymin>281</ymin><xmax>39</xmax><ymax>33</ymax></bndbox></object><object><name>proposal</name><bndbox><xmin>5</xmin><ymin>13</ymin><xmax>92</xmax><ymax>80</ymax></bndbox></object><object><name>proposal</name><bndbox><xmin>6</xmin><ymin>75</ymin><xmax>107</xmax><ymax>112</ymax></bndbox></object><object><name>proposal</name><bndbox><xmin>526</xmin><ymin>259</ymin><xmax>121</xmax><ymax>86</ymax></bndbox></object><object><name>proposal</name><bndbox><xmin>131</xmin><ymin>424</ymin><xmax>31</xmax><ymax>45</ymax></bndbox></object><object><name>proposal</name><bndbox><xmin>392</xmin><ymin>186</ymin><xmax>97</xmax><ymax>153</ymax></bndbox></object><object><name>proposal</name><bndbox><xmin>5</xmin><ymin>33</ymin><xmax>93</xmax><ymax>84</ymax></bndbox></object><object><name>proposal</name><bndbox><xmin>582</xmin><ymin>316</ymin><xmax>54</xmax><ymax>31</ymax></bndbox></object><object><name>proposal</name><bndbox><xmin>73</xmin><ymin>25</ymin><xmax>91</xmax><ymax>125</ymax></bndbox></object><object><name>proposal</name><bndbox><xmin>40</xmin><ymin>77</ymin><xmax>70</xmax><ymax>36</ymax></bndbox></object><object><name>proposal</name><bndbox><xmin>5</xmin><ymin>40</ymin><xmax>188</xmax><ymax>192</ymax></bndbox></object><object><name>proposal</name><bndbox><xmin>41</xmin><ymin>13</ymin><xmax>54</xmax><ymax>77</ymax></bndbox></object><object><name>proposal</name><bndbox><xmin>90</xmin><ymin>43</ymin><xmax>84</xmax><ymax>93</ymax></bndbox></object><object><name>proposal</name><bndbox><xmin>4</xmin><ymin>135</ymin><xmax>271</xmax><ymax>209</ymax></bndbox></object><object><name>proposal</name><bndbox><xmin>1</xmin><ymin>301</ymin><xmax>213</xmax><ymax>148</ymax></bndbox></object><object><name>proposal</name><bndbox><xmin>397</xmin><ymin>364</ymin><xmax>37</xmax><ymax>37</ymax></bndbox></object><object><name>proposal</name><bndbox><xmin>74</xmin><ymin>136</ymin><xmax>39</xmax><ymax>33</ymax></bndbox></object><object><name>proposal</name><bndbox><xmin>347</xmin><ymin>7</ymin><xmax>105</xmax><ymax>44</ymax></bndbox></object><object><name>proposal</name><bndbox><xmin>578</xmin><ymin>276</ymin><xmax>59</xmax><ymax>69</ymax></bndbox></object><object><name>proposal</name><bndbox><xmin>39</xmin><ymin>42</ymin><xmax>161</xmax><ymax>75</ymax></bndbox></object><object><name>proposal</name><bndbox><xmin>4</xmin><ymin>40</ymin><xmax>91</xmax><ymax>112</ymax></bndbox></object><object><name>proposal</name><bndbox><xmin>293</xmin><ymin>22</ymin><xmax>38</xmax><ymax>21</ymax></bndbox></object><object><name>proposal</name><bndbox><xmin>4</xmin><ymin>225</ymin><xmax>270</xmax><ymax>207</ymax></bndbox></object><object><name>proposal</name><bndbox><xmin>162</xmin><ymin>361</ymin><xmax>179</xmax><ymax>147</ymax></bndbox></object><object><name>proposal</name><bndbox><xmin>81</xmin><ymin>363</ymin><xmax>115</xmax><ymax>126</ymax></bndbox></object><object><name>proposal</name><bndbox><xmin>489</xmin><ymin>255</ymin><xmax>96</xmax><ymax>56</ymax></bndbox></object><object><name>proposal</name><bndbox><xmin>450</xmin><ymin>254</ymin><xmax>195</xmax><ymax>118</ymax></bndbox></object><object><name>proposal</name><bndbox><xmin>86</xmin><ymin>41</ymin><xmax>101</xmax><ymax>70</ymax></bndbox></object><object><name>proposal</name><bndbox><xmin>309</xmin><ymin>62</ymin><xmax>70</xmax><ymax>36</ymax></bndbox></object><object><name>proposal</name><bndbox><xmin>86</xmin><ymin>346</ymin><xmax>117</xmax><ymax>87</ymax></bndbox></object><object><name>proposal</name><bndbox><xmin>326</xmin><ymin>12</ymin><xmax>197</xmax><ymax>89</ymax></bndbox></object><object><name>proposal</name><bndbox><xmin>585</xmin><ymin>635</ymin><xmax>111</xmax><ymax>61</ymax></bndbox></object><object><name>proposal</name><bndbox><xmin>3</xmin><ymin>39</ymin><xmax>63</xmax><ymax>138</ymax></bndbox></object><object><name>proposal</name><bndbox><xmin>97</xmin><ymin>381</ymin><xmax>66</xmax><ymax>69</ymax></bndbox></object><object><name>proposal</name><bndbox><xmin>5</xmin><ymin>205</ymin><xmax>159</xmax><ymax>127</ymax></bndbox></object><object><name>proposal</name><bndbox><xmin>475</xmin><ymin>409</ymin><xmax>38</xmax><ymax>26</ymax></bndbox></object><object><name>proposal</name><bndbox><xmin>563</xmin><ymin>318</ymin><xmax>75</xmax><ymax>49</ymax></bndbox></object><object><name>proposal</name><bndbox><xmin>164</xmin><ymin>10</ymin><xmax>365</xmax><ymax>487</ymax></bndbox></object><object><name>proposal</name><bndbox><xmin>191</xmin><ymin>241</ymin><xmax>227</xmax><ymax>96</ymax></bndbox></object><object><name>proposal</name><bndbox><xmin>131</xmin><ymin>424</ymin><xmax>54</xmax><ymax>37</ymax></bndbox></object><object><name>proposal</name><bndbox><xmin>4</xmin><ymin>41</ymin><xmax>229</xmax><ymax>109</ymax></bndbox></object><object><name>proposal</name><bndbox><xmin>179</xmin><ymin>517</ymin><xmax>32</xmax><ymax>64</ymax></bndbox></object><object><name>proposal</name><bndbox><xmin>511</xmin><ymin>259</ymin><xmax>75</xmax><ymax>41</ymax></bndbox></object><object><name>proposal</name><bndbox><xmin>291</xmin><ymin>7</ymin><xmax>161</xmax><ymax>155</ymax></bndbox></object><object><name>proposal</name><bndbox><xmin>325</xmin><ymin>10</ymin><xmax>55</xmax><ymax>63</ymax></bndbox></object><object><name>proposal</name><bndbox><xmin>5</xmin><ymin>133</ymin><xmax>109</xmax><ymax>42</ymax></bndbox></object><object><name>proposal</name><bndbox><xmin>324</xmin><ymin>11</ymin><xmax>220</xmax><ymax>214</ymax></bndbox></object><object><name>proposal</name><bndbox><xmin>125</xmin><ymin>318</ymin><xmax>72</xmax><ymax>107</ymax></bndbox></object><object><name>proposal</name><bndbox><xmin>193</xmin><ymin>5</ymin><xmax>336</xmax><ymax>331</ymax></bndbox></object><object><name>proposal</name><bndbox><xmin>191</xmin><ymin>238</ymin><xmax>173</xmax><ymax>213</ymax></bndbox></object><object><name>proposal</name><bndbox><xmin>92</xmin><ymin>23</ymin><xmax>74</xmax><ymax>59</ymax></bndbox></object><object><name>proposal</name><bndbox><xmin>41</xmin><ymin>42</ymin><xmax>125</xmax><ymax>180</ymax></bndbox></object><object><name>proposal</name><bndbox><xmin>42</xmin><ymin>29</ymin><xmax>152</xmax><ymax>132</ymax></bndbox></object><object><name>proposal</name><bndbox><xmin>74</xmin><ymin>43</ymin><xmax>96</xmax><ymax>145</ymax></bndbox></object><object><name>proposal</name><bndbox><xmin>18</xmin><ymin>69</ymin><xmax>134</xmax><ymax>87</ymax></bndbox></object><object><name>proposal</name><bndbox><xmin>81</xmin><ymin>424</ymin><xmax>81</xmax><ymax>63</ymax></bndbox></object><object><name>proposal</name><bndbox><xmin>131</xmin><ymin>424</ymin><xmax>73</xmax><ymax>29</ymax></bndbox></object><object><name>proposal</name><bndbox><xmin>573</xmin><ymin>317</ymin><xmax>63</xmax><ymax>69</ymax></bndbox></object><object><name>proposal</name><bndbox><xmin>590</xmin><ymin>289</ymin><xmax>49</xmax><ymax>57</ymax></bndbox></object><object><name>proposal</name><bndbox><xmin>115</xmin><ymin>53</ymin><xmax>35</xmax><ymax>26</ymax></bndbox></object><object><name>proposal</name><bndbox><xmin>132</xmin><ymin>414</ymin><xmax>61</xmax><ymax>78</ymax></bndbox></object><object><name>proposal</name><bndbox><xmin>326</xmin><ymin>62</ymin><xmax>70</xmax><ymax>36</ymax></bndbox></object><object><name>proposal</name><bndbox><xmin>165</xmin><ymin>339</ymin><xmax>139</xmax><ymax>86</ymax></bndbox></object><object><name>proposal</name><bndbox><xmin>221</xmin><ymin>409</ymin><xmax>118</xmax><ymax>151</ymax></bndbox></object><object><name>proposal</name><bndbox><xmin>132</xmin><ymin>242</ymin><xmax>357</xmax><ymax>259</ymax></bndbox></object><object><name>proposal</name><bndbox><xmin>130</xmin><ymin>424</ymin><xmax>38</xmax><ymax>60</ymax></bndbox></object><object><name>proposal</name><bndbox><xmin>4</xmin><ymin>301</ymin><xmax>138</xmax><ymax>132</ymax></bndbox></object><object><name>proposal</name><bndbox><xmin>13</xmin><ymin>281</ymin><xmax>38</xmax><ymax>20</ymax></bndbox></object><object><name>proposal</name><bndbox><xmin>334</xmin><ymin>381</ymin><xmax>32</xmax><ymax>24</ymax></bndbox></object><object><name>proposal</name><bndbox><xmin>489</xmin><ymin>215</ymin><xmax>97</xmax><ymax>61</ymax></bndbox></object><object><name>proposal</name><bndbox><xmin>5</xmin><ymin>22</ymin><xmax>107</xmax><ymax>156</ymax></bndbox></object><object><name>proposal</name><bndbox><xmin>487</xmin><ymin>123</ymin><xmax>42</xmax><ymax>31</ymax></bndbox></object><object><name>proposal</name><bndbox><xmin>350</xmin><ymin>7</ymin><xmax>123</xmax><ymax>226</ymax></bndbox></object><object><name>proposal</name><bndbox><xmin>5</xmin><ymin>112</ymin><xmax>24</xmax><ymax>38</ymax></bndbox></object><object><name>proposal</name><bndbox><xmin>4</xmin><ymin>242</ymin><xmax>336</xmax><ymax>255</ymax></bndbox></object><object><name>proposal</name><bndbox><xmin>592</xmin><ymin>316</ymin><xmax>45</xmax><ymax>81</ymax></bndbox></object><object><name>proposal</name><bndbox><xmin>582</xmin><ymin>252</ymin><xmax>63</xmax><ymax>94</ymax></bndbox></object><object><name>proposal</name><bndbox><xmin>125</xmin><ymin>372</ymin><xmax>37</xmax><ymax>76</ymax></bndbox></object><object><name>proposal</name><bndbox><xmin>191</xmin><ymin>242</ymin><xmax>104</xmax><ymax>174</ymax></bndbox></object><object><name>proposal</name><bndbox><xmin>130</xmin><ymin>362</ymin><xmax>153</xmax><ymax>108</ymax></bndbox></object><object><name>proposal</name><bndbox><xmin>569</xmin><ymin>303</ymin><xmax>67</xmax><ymax>43</ymax></bndbox></object><object><name>proposal</name><bndbox><xmin>49</xmin><ymin>106</ymin><xmax>63</xmax><ymax>41</ymax></bndbox></object><object><name>proposal</name><bndbox><xmin>487</xmin><ymin>241</ymin><xmax>39</xmax><ymax>29</ymax></bndbox></object><object><name>proposal</name><bndbox><xmin>305</xmin><ymin>472</ymin><xmax>26</xmax><ymax>35</ymax></bndbox></object><object><name>proposal</name><bndbox><xmin>165</xmin><ymin>356</ymin><xmax>102</xmax><ymax>192</ymax></bndbox></object><object><name>proposal</name><bndbox><xmin>53</xmin><ymin>347</ymin><xmax>146</xmax><ymax>100</ymax></bndbox></object><object><name>proposal</name><bndbox><xmin>4</xmin><ymin>27</ymin><xmax>67</xmax><ymax>37</ymax></bndbox></object><object><name>proposal</name><bndbox><xmin>173</xmin><ymin>242</ymin><xmax>412</xmax><ymax>307</ymax></bndbox></object><object><name>proposal</name><bndbox><xmin>1</xmin><ymin>12</ymin><xmax>473</xmax><ymax>236</ymax></bndbox></object><object><name>proposal</name><bndbox><xmin>413</xmin><ymin>186</ymin><xmax>60</xmax><ymax>41</ymax></bndbox></object><object><name>proposal</name><bndbox><xmin>449</xmin><ymin>255</ymin><xmax>138</xmax><ymax>77</ymax></bndbox></object><object><name>proposal</name><bndbox><xmin>293</xmin><ymin>12</ymin><xmax>182</xmax><ymax>237</ymax></bndbox></object><object><name>proposal</name><bndbox><xmin>489</xmin><ymin>232</ymin><xmax>82</xmax><ymax>39</ymax></bndbox></object><object><name>proposal</name><bndbox><xmin>117</xmin><ymin>345</ymin><xmax>92</xmax><ymax>80</ymax></bndbox></object><object><name>proposal</name><bndbox><xmin>4</xmin><ymin>99</ymin><xmax>77</xmax><ymax>77</ymax></bndbox></object><object><name>proposal</name><bndbox><xmin>165</xmin><ymin>186</ymin><xmax>361</xmax><ymax>257</ymax></bndbox></object><object><name>proposal</name><bndbox><xmin>130</xmin><ymin>363</ymin><xmax>210</xmax><ymax>189</ymax></bndbox></object><object><name>proposal</name><bndbox><xmin>326</xmin><ymin>26</ymin><xmax>69</xmax><ymax>49</ymax></bndbox></object><object><name>proposal</name><bndbox><xmin>317</xmin><ymin>63</ymin><xmax>69</xmax><ymax>49</ymax></bndbox></object><object><name>proposal</name><bndbox><xmin>132</xmin><ymin>403</ymin><xmax>135</xmax><ymax>67</ymax></bndbox></object><object><name>proposal</name><bndbox><xmin>165</xmin><ymin>356</ymin><xmax>174</xmax><ymax>102</ymax></bndbox></object><object><name>proposal</name><bndbox><xmin>5</xmin><ymin>136</ymin><xmax>239</xmax><ymax>333</ymax></bndbox></object><object><name>proposal</name><bndbox><xmin>561</xmin><ymin>267</ymin><xmax>89</xmax><ymax>78</ymax></bndbox></object><object><name>proposal</name><bndbox><xmin>76</xmin><ymin>398</ymin><xmax>193</xmax><ymax>157</ymax></bndbox></object><object><name>proposal</name><bndbox><xmin>147</xmin><ymin>362</ymin><xmax>50</xmax><ymax>109</ymax></bndbox></object><object><name>proposal</name><bndbox><xmin>590</xmin><ymin>316</ymin><xmax>49</xmax><ymax>53</ymax></bndbox></object><object><name>proposal</name><bndbox><xmin>374</xmin><ymin>186</ymin><xmax>151</xmax><ymax>152</ymax></bndbox></object><object><name>proposal</name><bndbox><xmin>39</xmin><ymin>79</ymin><xmax>128</xmax><ymax>68</ymax></bndbox></object><object><name>proposal</name><bndbox><xmin>3</xmin><ymin>282</ymin><xmax>122</xmax><ymax>207</ymax></bndbox></object><object><name>proposal</name><bndbox><xmin>270</xmin><ymin>1</ymin><xmax>61</xmax><ymax>30</ymax></bndbox></object><object><name>proposal</name><bndbox><xmin>644</xmin><ymin>573</ymin><xmax>73</xmax><ymax>92</ymax></bndbox></object><object><name>proposal</name><bndbox><xmin>132</xmin><ymin>239</ymin><xmax>252</xmax><ymax>309</ymax></bndbox></object><object><name>proposal</name><bndbox><xmin>3</xmin><ymin>280</ymin><xmax>193</xmax><ymax>237</ymax></bndbox></object><object><name>proposal</name><bndbox><xmin>5</xmin><ymin>226</ymin><xmax>424</xmax><ymax>225</ymax></bndbox></object><object><name>proposal</name><bndbox><xmin>420</xmin><ymin>282</ymin><xmax>69</xmax><ymax>49</ymax></bndbox></object><object><name>proposal</name><bndbox><xmin>71</xmin><ymin>456</ymin><xmax>45</xmax><ymax>31</ymax></bndbox></object><object><name>proposal</name><bndbox><xmin>5</xmin><ymin>39</ymin><xmax>91</xmax><ymax>219</ymax></bndbox></object><object><name>proposal</name><bndbox><xmin>78</xmin><ymin>360</ymin><xmax>133</xmax><ymax>191</ymax></bndbox></object><object><name>proposal</name><bndbox><xmin>132</xmin><ymin>362</ymin><xmax>84</xmax><ymax>112</ymax></bndbox></object><object><name>proposal</name><bndbox><xmin>385</xmin><ymin>249</ymin><xmax>112</xmax><ymax>87</ymax></bndbox></object><object><name>proposal</name><bndbox><xmin>195</xmin><ymin>242</ymin><xmax>93</xmax><ymax>102</ymax></bndbox></object><object><name>proposal</name><bndbox><xmin>414</xmin><ymin>186</ymin><xmax>173</xmax><ymax>90</ymax></bndbox></object><object><name>proposal</name><bndbox><xmin>98</xmin><ymin>242</ymin><xmax>201</xmax><ymax>256</ymax></bndbox></object><object><name>proposal</name><bndbox><xmin>238</xmin><ymin>12</ymin><xmax>214</xmax><ymax>97</ymax></bndbox></object><object><name>proposal</name><bndbox><xmin>117</xmin><ymin>58</ymin><xmax>46</xmax><ymax>21</ymax></bndbox></object><object><name>proposal</name><bndbox><xmin>375</xmin><ymin>134</ymin><xmax>97</xmax><ymax>97</ymax></bndbox></object><object><name>proposal</name><bndbox><xmin>165</xmin><ymin>389</ymin><xmax>104</xmax><ymax>108</ymax></bndbox></object><object><name>proposal</name><bndbox><xmin>42</xmin><ymin>11</ymin><xmax>603</xmax><ymax>537</ymax></bndbox></object><object><name>proposal</name><bndbox><xmin>525</xmin><ymin>259</ymin><xmax>77</xmax><ymax>53</ymax></bndbox></object><object><name>proposal</name><bndbox><xmin>179</xmin><ymin>517</ymin><xmax>53</xmax><ymax>69</ymax></bndbox></object><object><name>proposal</name><bndbox><xmin>372</xmin><ymin>249</ymin><xmax>43</xmax><ymax>87</ymax></bndbox></object><object><name>proposal</name><bndbox><xmin>398</xmin><ymin>151</ymin><xmax>74</xmax><ymax>74</ymax></bndbox></object><object><name>proposal</name><bndbox><xmin>334</xmin><ymin>397</ymin><xmax>32</xmax><ymax>28</ymax></bndbox></object><object><name>proposal</name><bndbox><xmin>125</xmin><ymin>238</ymin><xmax>159</xmax><ymax>213</ymax></bndbox></object><object><name>proposal</name><bndbox><xmin>127</xmin><ymin>363</ymin><xmax>69</xmax><ymax>55</ymax></bndbox></object><object><name>proposal</name><bndbox><xmin>258</xmin><ymin>371</ymin><xmax>83</xmax><ymax>71</ymax></bndbox></object><object><name>proposal</name><bndbox><xmin>165</xmin><ymin>241</ymin><xmax>481</xmax><ymax>210</ymax></bndbox></object><object><name>proposal</name><bndbox><xmin>218</xmin><ymin>409</ymin><xmax>186</xmax><ymax>93</ymax></bndbox></object><object><name>proposal</name><bndbox><xmin>247</xmin><ymin>379</ymin><xmax>37</xmax><ymax>34</ymax></bndbox></object><object><name>proposal</name><bndbox><xmin>164</xmin><ymin>132</ymin><xmax>308</xmax><ymax>374</ymax></bndbox></object><object><name>proposal</name><bndbox><xmin>487</xmin><ymin>225</ymin><xmax>39</xmax><ymax>45</ymax></bndbox></object><object><name>proposal</name><bndbox><xmin>193</xmin><ymin>185</ymin><xmax>297</xmax><ymax>151</ymax></bndbox></object><object><name>proposal</name><bndbox><xmin>325</xmin><ymin>61</ymin><xmax>53</xmax><ymax>69</ymax></bndbox></object><object><name>proposal</name><bndbox><xmin>191</xmin><ymin>239</ymin><xmax>238</xmax><ymax>151</ymax></bndbox></object><object><name>proposal</name><bndbox><xmin>5</xmin><ymin>1</ymin><xmax>77</xmax><ymax>65</ymax></bndbox></object><object><name>proposal</name><bndbox><xmin>221</xmin><ymin>376</ymin><xmax>118</xmax><ymax>151</ymax></bndbox></object><object><name>proposal</name><bndbox><xmin>82</xmin><ymin>437</ymin><xmax>34</xmax><ymax>50</ymax></bndbox></object><object><name>proposal</name><bndbox><xmin>449</xmin><ymin>254</ymin><xmax>196</xmax><ymax>186</ymax></bndbox></object><object><name>proposal</name><bndbox><xmin>81</xmin><ymin>361</ymin><xmax>203</xmax><ymax>136</ymax></bndbox></object><object><name>proposal</name><bndbox><xmin>115</xmin><ymin>70</ymin><xmax>37</xmax><ymax>37</ymax></bndbox></object><object><name>proposal</name><bndbox><xmin>132</xmin><ymin>403</ymin><xmax>208</xmax><ymax>103</ymax></bndbox></object><object><name>proposal</name><bndbox><xmin>127</xmin><ymin>348</ymin><xmax>69</xmax><ymax>155</ymax></bndbox></object><object><name>proposal</name><bndbox><xmin>394</xmin><ymin>281</ymin><xmax>97</xmax><ymax>111</ymax></bndbox></object><object><name>proposal</name><bndbox><xmin>5</xmin><ymin>281</ymin><xmax>103</xmax><ymax>72</ymax></bndbox></object><object><name>proposal</name><bndbox><xmin>524</xmin><ymin>219</ymin><xmax>66</xmax><ymax>57</ymax></bndbox></object><object><name>proposal</name><bndbox><xmin>610</xmin><ymin>267</ymin><xmax>35</xmax><ymax>24</ymax></bndbox></object><object><name>proposal</name><bndbox><xmin>6</xmin><ymin>116</ymin><xmax>59</xmax><ymax>59</ymax></bndbox></object><object><name>proposal</name><bndbox><xmin>551</xmin><ymin>485</ymin><xmax>32</xmax><ymax>61</ymax></bndbox></object><object><name>proposal</name><bndbox><xmin>326</xmin><ymin>11</ymin><xmax>204</xmax><ymax>327</ymax></bndbox></object><object><name>proposal</name><bndbox><xmin>8</xmin><ymin>157</ymin><xmax>59</xmax><ymax>69</ymax></bndbox></object><object><name>proposal</name><bndbox><xmin>85</xmin><ymin>293</ymin><xmax>111</xmax><ymax>179</ymax></bndbox></object><object><name>proposal</name><bndbox><xmin>163</xmin><ymin>125</ymin><xmax>484</xmax><ymax>391</ymax></bndbox></object><object><name>proposal</name><bndbox><xmin>293</xmin><ymin>19</ymin><xmax>45</xmax><ymax>49</ymax></bndbox></object><object><name>proposal</name><bndbox><xmin>644</xmin><ymin>595</ymin><xmax>67</xmax><ymax>58</ymax></bndbox></object><object><name>proposal</name><bndbox><xmin>464</xmin><ymin>400</ymin><xmax>50</xmax><ymax>34</ymax></bndbox></object><object><name>proposal</name><bndbox><xmin>391</xmin><ymin>249</ymin><xmax>255</xmax><ymax>139</ymax></bndbox></object><object><name>proposal</name><bndbox><xmin>164</xmin><ymin>362</ymin><xmax>90</xmax><ymax>124</ymax></bndbox></object><object><name>proposal</name><bndbox><xmin>165</xmin><ymin>362</ymin><xmax>48</xmax><ymax>109</ymax></bndbox></object><object><name>proposal</name><bndbox><xmin>5</xmin><ymin>41</ymin><xmax>53</xmax><ymax>53</ymax></bndbox></object><object><name>proposal</name><bndbox><xmin>29</xmin><ymin>24</ymin><xmax>89</xmax><ymax>69</ymax></bndbox></object><object><name>proposal</name><bndbox><xmin>130</xmin><ymin>423</ymin><xmax>32</xmax><ymax>24</ymax></bndbox></object><object><name>proposal</name><bndbox><xmin>13</xmin><ymin>225</ymin><xmax>36</xmax><ymax>73</ymax></bndbox></object><object><name>proposal</name><bndbox><xmin>254</xmin><ymin>471</ymin><xmax>79</xmax><ymax>37</ymax></bndbox></object><object><name>proposal</name><bndbox><xmin>389</xmin><ymin>186</ymin><xmax>196</xmax><ymax>152</ymax></bndbox></object><object><name>proposal</name><bndbox><xmin>223</xmin><ymin>12</ymin><xmax>252</xmax><ymax>274</ymax></bndbox></object><object><name>proposal</name><bndbox><xmin>488</xmin><ymin>254</ymin><xmax>171</xmax><ymax>100</ymax></bndbox></object><object><name>proposal</name><bndbox><xmin>5</xmin><ymin>301</ymin><xmax>161</xmax><ymax>97</ymax></bndbox></object><object><name>proposal</name><bndbox><xmin>131</xmin><ymin>290</ymin><xmax>296</xmax><ymax>169</ymax></bndbox></object><object><name>proposal</name><bndbox><xmin>338</xmin><ymin>396</ymin><xmax>27</xmax><ymax>39</ymax></bndbox></object><object><name>proposal</name><bndbox><xmin>123</xmin><ymin>361</ymin><xmax>143</xmax><ymax>220</ymax></bndbox></object><object><name>proposal</name><bndbox><xmin>1</xmin><ymin>256</ymin><xmax>247</xmax><ymax>88</ymax></bndbox></object><object><name>proposal</name><bndbox><xmin>5</xmin><ymin>205</ymin><xmax>193</xmax><ymax>243</ymax></bndbox></object><object><name>proposal</name><bndbox><xmin>634</xmin><ymin>529</ymin><xmax>59</xmax><ymax>135</ymax></bndbox></object><object><name>proposal</name><bndbox><xmin>130</xmin><ymin>347</ymin><xmax>255</xmax><ymax>167</ymax></bndbox></object><object><name>proposal</name><bndbox><xmin>217</xmin><ymin>8</ymin><xmax>234</xmax><ymax>498</ymax></bndbox></object><object><name>proposal</name><bndbox><xmin>621</xmin><ymin>598</ymin><xmax>69</xmax><ymax>55</ymax></bndbox></object><object><name>proposal</name><bndbox><xmin>4</xmin><ymin>21</ymin><xmax>325</xmax><ymax>154</ymax></bndbox></object><object><name>proposal</name><bndbox><xmin>96</xmin><ymin>241</ymin><xmax>271</xmax><ymax>206</ymax></bndbox></object><object><name>proposal</name><bndbox><xmin>68</xmin><ymin>136</ymin><xmax>45</xmax><ymax>49</ymax></bndbox></object><object><name>proposal</name><bndbox><xmin>173</xmin><ymin>356</ymin><xmax>93</xmax><ymax>65</ymax></bndbox></object><object><name>proposal</name><bndbox><xmin>413</xmin><ymin>186</ymin><xmax>59</xmax><ymax>77</ymax></bndbox></object><object><name>proposal</name><bndbox><xmin>389</xmin><ymin>183</ymin><xmax>83</xmax><ymax>43</ymax></bndbox></object><object><name>proposal</name><bndbox><xmin>81</xmin><ymin>424</ymin><xmax>117</xmax><ymax>77</ymax></bndbox></object><object><name>proposal</name><bndbox><xmin>131</xmin><ymin>404</ymin><xmax>80</xmax><ymax>68</ymax></bndbox></object><object><name>proposal</name><bndbox><xmin>40</xmin><ymin>7</ymin><xmax>414</xmax><ymax>154</ymax></bndbox></object><object><name>proposal</name><bndbox><xmin>55</xmin><ymin>363</ymin><xmax>229</xmax><ymax>220</ymax></bndbox></object><object><name>proposal</name><bndbox><xmin>397</xmin><ymin>363</ymin><xmax>64</xmax><ymax>37</ymax></bndbox></object><object><name>proposal</name><bndbox><xmin>163</xmin><ymin>271</ymin><xmax>135</xmax><ymax>157</ymax></bndbox></object><object><name>proposal</name><bndbox><xmin>165</xmin><ymin>349</ymin><xmax>49</xmax><ymax>75</ymax></bndbox></object><object><name>proposal</name><bndbox><xmin>525</xmin><ymin>257</ymin><xmax>61</xmax><ymax>81</ymax></bndbox></object><object><name>proposal</name><bndbox><xmin>573</xmin><ymin>301</ymin><xmax>63</xmax><ymax>69</ymax></bndbox></object><object><name>proposal</name><bndbox><xmin>301</xmin><ymin>35</ymin><xmax>79</xmax><ymax>41</ymax></bndbox></object><object><name>proposal</name><bndbox><xmin>132</xmin><ymin>362</ymin><xmax>83</xmax><ymax>220</ymax></bndbox></object><object><name>proposal</name><bndbox><xmin>593</xmin><ymin>269</ymin><xmax>80</xmax><ymax>76</ymax></bndbox></object><object><name>proposal</name><bndbox><xmin>221</xmin><ymin>409</ymin><xmax>46</xmax><ymax>91</ymax></bndbox></object><object><name>proposal</name><bndbox><xmin>10</xmin><ymin>281</ymin><xmax>61</xmax><ymax>33</ymax></bndbox></object><object><name>proposal</name><bndbox><xmin>87</xmin><ymin>305</ymin><xmax>126</xmax><ymax>126</ymax></bndbox></object><object><name>proposal</name><bndbox><xmin>468</xmin><ymin>126</ymin><xmax>61</xmax><ymax>28</ymax></bndbox></object><object><name>proposal</name><bndbox><xmin>221</xmin><ymin>375</ymin><xmax>173</xmax><ymax>139</ymax></bndbox></object><object><name>proposal</name><bndbox><xmin>348</xmin><ymin>289</ymin><xmax>69</xmax><ymax>47</ymax></bndbox></object><object><name>proposal</name><bndbox><xmin>4</xmin><ymin>131</ymin><xmax>487</xmax><ymax>303</ymax></bndbox></object><object><name>proposal</name><bndbox><xmin>392</xmin><ymin>248</ymin><xmax>194</xmax><ymax>89</ymax></bndbox></object><object><name>proposal</name><bndbox><xmin>325</xmin><ymin>7</ymin><xmax>125</xmax><ymax>268</ymax></bndbox></object><object><name>proposal</name><bndbox><xmin>39</xmin><ymin>70</ymin><xmax>161</xmax><ymax>85</ymax></bndbox></object><object><name>proposal</name><bndbox><xmin>222</xmin><ymin>453</ymin><xmax>45</xmax><ymax>45</ymax></bndbox></object><object><name>proposal</name><bndbox><xmin>109</xmin><ymin>424</ymin><xmax>85</xmax><ymax>65</ymax></bndbox></object><object><name>proposal</name><bndbox><xmin>176</xmin><ymin>397</ymin><xmax>35</xmax><ymax>73</ymax></bndbox></object><object><name>proposal</name><bndbox><xmin>557</xmin><ymin>313</ymin><xmax>79</xmax><ymax>35</ymax></bndbox></object><object><name>proposal</name><bndbox><xmin>125</xmin><ymin>347</ymin><xmax>141</xmax><ymax>148</ymax></bndbox></object><object><name>proposal</name><bndbox><xmin>394</xmin><ymin>290</ymin><xmax>52</xmax><ymax>100</ymax></bndbox></object><object><name>proposal</name><bndbox><xmin>164</xmin><ymin>239</ymin><xmax>268</xmax><ymax>361</ymax></bndbox></object><object><name>proposal</name><bndbox><xmin>621</xmin><ymin>569</ymin><xmax>72</xmax><ymax>96</ymax></bndbox></object><object><name>proposal</name><bndbox><xmin>161</xmin><ymin>303</ymin><xmax>203</xmax><ymax>157</ymax></bndbox></object><object><name>proposal</name><bndbox><xmin>175</xmin><ymin>242</ymin><xmax>350</xmax><ymax>171</ymax></bndbox></object><object><name>proposal</name><bndbox><xmin>174</xmin><ymin>403</ymin><xmax>167</xmax><ymax>145</ymax></bndbox></object><object><name>proposal</name><bndbox><xmin>3</xmin><ymin>239</ymin><xmax>280</xmax><ymax>348</ymax></bndbox></object><object><name>proposal</name><bndbox><xmin>161</xmin><ymin>340</ymin><xmax>217</xmax><ymax>104</ymax></bndbox></object><object><name>proposal</name><bndbox><xmin>259</xmin><ymin>342</ymin><xmax>112</xmax><ymax>101</ymax></bndbox></object><object><name>proposal</name><bndbox><xmin>130</xmin><ymin>408</ymin><xmax>138</xmax><ymax>89</ymax></bndbox></object><object><name>proposal</name><bndbox><xmin>436</xmin><ymin>258</ymin><xmax>53</xmax><ymax>72</ymax></bndbox></object><object><name>proposal</name><bndbox><xmin>13</xmin><ymin>271</ymin><xmax>38</xmax><ymax>21</ymax></bndbox></object><object><name>proposal</name><bndbox><xmin>303</xmin><ymin>455</ymin><xmax>25</xmax><ymax>51</ymax></bndbox></object><object><name>proposal</name><bndbox><xmin>127</xmin><ymin>423</ymin><xmax>66</xmax><ymax>94</ymax></bndbox></object><object><name>proposal</name><bndbox><xmin>551</xmin><ymin>486</ymin><xmax>31</xmax><ymax>31</ymax></bndbox></object><object><name>proposal</name><bndbox><xmin>5</xmin><ymin>41</ymin><xmax>375</xmax><ymax>180</ymax></bndbox></object><object><name>proposal</name><bndbox><xmin>288</xmin><ymin>474</ymin><xmax>45</xmax><ymax>33</ymax></bndbox></object><object><name>proposal</name><bndbox><xmin>191</xmin><ymin>10</ymin><xmax>501</xmax><ymax>335</ymax></bndbox></object><object><name>proposal</name><bndbox><xmin>557</xmin><ymin>317</ymin><xmax>80</xmax><ymax>84</ymax></bndbox></object><object><name>proposal</name><bndbox><xmin>326</xmin><ymin>376</ymin><xmax>39</xmax><ymax>29</ymax></bndbox></object><object><name>proposal</name><bndbox><xmin>6</xmin><ymin>121</ymin><xmax>31</xmax><ymax>31</ymax></bndbox></object><object><name>proposal</name><bndbox><xmin>5</xmin><ymin>99</ymin><xmax>359</xmax><ymax>370</ymax></bndbox></object><object><name>proposal</name><bndbox><xmin>172</xmin><ymin>369</ymin><xmax>111</xmax><ymax>90</ymax></bndbox></object><object><name>proposal</name><bndbox><xmin>36</xmin><ymin>191</ymin><xmax>31</xmax><ymax>31</ymax></bndbox></object><object><name>proposal</name><bndbox><xmin>41</xmin><ymin>42</ymin><xmax>193</xmax><ymax>180</ymax></bndbox></object><object><name>proposal</name><bndbox><xmin>270</xmin><ymin>22</ymin><xmax>61</xmax><ymax>33</ymax></bndbox></object><object><name>proposal</name><bndbox><xmin>6</xmin><ymin>139</ymin><xmax>60</xmax><ymax>119</ymax></bndbox></object><object><name>proposal</name><bndbox><xmin>644</xmin><ymin>626</ymin><xmax>49</xmax><ymax>45</ymax></bndbox></object><object><name>proposal</name><bndbox><xmin>69</xmin><ymin>466</ymin><xmax>46</xmax><ymax>21</ymax></bndbox></object><object><name>proposal</name><bndbox><xmin>76</xmin><ymin>363</ymin><xmax>297</xmax><ymax>218</ymax></bndbox></object><object><name>proposal</name><bndbox><xmin>326</xmin><ymin>4</ymin><xmax>321</xmax><ymax>342</ymax></bndbox></object><object><name>proposal</name><bndbox><xmin>36</xmin><ymin>77</ymin><xmax>60</xmax><ymax>98</ymax></bndbox></object><object><name>proposal</name><bndbox><xmin>410</xmin><ymin>22</ymin><xmax>120</xmax><ymax>203</ymax></bndbox></object><object><name>proposal</name><bndbox><xmin>92</xmin><ymin>43</ymin><xmax>128</xmax><ymax>89</ymax></bndbox></object><object><name>proposal</name><bndbox><xmin>221</xmin><ymin>446</ymin><xmax>47</xmax><ymax>69</ymax></bndbox></object><object><name>proposal</name><bndbox><xmin>526</xmin><ymin>256</ymin><xmax>120</xmax><ymax>132</ymax></bndbox></object><object><name>proposal</name><bndbox><xmin>1</xmin><ymin>240</ymin><xmax>430</xmax><ymax>311</ymax></bndbox></object><object><name>proposal</name><bndbox><xmin>123</xmin><ymin>268</ymin><xmax>77</xmax><ymax>182</ymax></bndbox></object><object><name>proposal</name><bndbox><xmin>392</xmin><ymin>287</ymin><xmax>128</xmax><ymax>148</ymax></bndbox></object><object><name>proposal</name><bndbox><xmin>113</xmin><ymin>424</ymin><xmax>49</xmax><ymax>57</ymax></bndbox></object><object><name>proposal</name><bndbox><xmin>36</xmin><ymin>78</ymin><xmax>75</xmax><ymax>145</ymax></bndbox></object><object><name>proposal</name><bndbox><xmin>76</xmin><ymin>363</ymin><xmax>137</xmax><ymax>281</ymax></bndbox></object><object><name>proposal</name><bndbox><xmin>641</xmin><ymin>536</ymin><xmax>69</xmax><ymax>133</ymax></bndbox></object><object><name>proposal</name><bndbox><xmin>557</xmin><ymin>636</ymin><xmax>139</xmax><ymax>74</ymax></bndbox></object><object><name>proposal</name><bndbox><xmin>89</xmin><ymin>33</ymin><xmax>75</xmax><ymax>39</ymax></bndbox></object><object><name>proposal</name><bndbox><xmin>517</xmin><ymin>199</ymin><xmax>68</xmax><ymax>77</ymax></bndbox></object><object><name>proposal</name><bndbox><xmin>125</xmin><ymin>241</ymin><xmax>158</xmax><ymax>342</ymax></bndbox></object><object><name>proposal</name><bndbox><xmin>179</xmin><ymin>553</ymin><xmax>39</xmax><ymax>27</ymax></bndbox></object><object><name>proposal</name><bndbox><xmin>164</xmin><ymin>242</ymin><xmax>529</xmax><ymax>422</ymax></bndbox></object><object><name>proposal</name><bndbox><xmin>5</xmin><ymin>244</ymin><xmax>45</xmax><ymax>49</ymax></bndbox></object><object><name>proposal</name><bndbox><xmin>291</xmin><ymin>11</ymin><xmax>321</xmax><ymax>151</ymax></bndbox></object><object><name>proposal</name><bndbox><xmin>4</xmin><ymin>136</ymin><xmax>73</xmax><ymax>39</ymax></bndbox></object><object><name>proposal</name><bndbox><xmin>283</xmin><ymin>22</ymin><xmax>61</xmax><ymax>33</ymax></bndbox></object><object><name>proposal</name><bndbox><xmin>39</xmin><ymin>66</ymin><xmax>56</xmax><ymax>28</ymax></bndbox></object><object><name>proposal</name><bndbox><xmin>571</xmin><ymin>317</ymin><xmax>65</xmax><ymax>125</ymax></bndbox></object><object><name>proposal</name><bndbox><xmin>410</xmin><ymin>100</ymin><xmax>121</xmax><ymax>126</ymax></bndbox></object><object><name>proposal</name><bndbox><xmin>10</xmin><ymin>281</ymin><xmax>51</xmax><ymax>25</ymax></bndbox></object><object><name>proposal</name><bndbox><xmin>68</xmin><ymin>96</ymin><xmax>45</xmax><ymax>53</ymax></bndbox></object><object><name>proposal</name><bndbox><xmin>369</xmin><ymin>276</ymin><xmax>47</xmax><ymax>60</ymax></bndbox></object><object><name>proposal</name><bndbox><xmin>336</xmin><ymin>140</ymin><xmax>136</xmax><ymax>85</ymax></bndbox></object><object><name>proposal</name><bndbox><xmin>73</xmin><ymin>123</ymin><xmax>51</xmax><ymax>25</ymax></bndbox></object><object><name>proposal</name><bndbox><xmin>413</xmin><ymin>186</ymin><xmax>59</xmax><ymax>121</ymax></bndbox></object><object><name>proposal</name><bndbox><xmin>551</xmin><ymin>461</ymin><xmax>35</xmax><ymax>83</ymax></bndbox></object><object><name>proposal</name><bndbox><xmin>652</xmin><ymin>101</ymin><xmax>38</xmax><ymax>26</ymax></bndbox></object><object><name>proposal</name><bndbox><xmin>392</xmin><ymin>186</ymin><xmax>133</xmax><ymax>100</ymax></bndbox></object><object><name>proposal</name><bndbox><xmin>39</xmin><ymin>70</ymin><xmax>113</xmax><ymax>52</ymax></bndbox></object><object><name>proposal</name><bndbox><xmin>163</xmin><ymin>360</ymin><xmax>181</xmax><ymax>257</ymax></bndbox></object><object><name>proposal</name><bndbox><xmin>4</xmin><ymin>127</ymin><xmax>140</xmax><ymax>250</ymax></bndbox></object><object><name>proposal</name><bndbox><xmin>97</xmin><ymin>382</ymin><xmax>93</xmax><ymax>53</ymax></bndbox></object><object><name>proposal</name><bndbox><xmin>392</xmin><ymin>183</ymin><xmax>136</xmax><ymax>216</ymax></bndbox></object><object><name>proposal</name><bndbox><xmin>228</xmin><ymin>11</ymin><xmax>307</xmax><ymax>151</ymax></bndbox></object><object><name>proposal</name><bndbox><xmin>254</xmin><ymin>453</ymin><xmax>78</xmax><ymax>53</ymax></bndbox></object><object><name>proposal</name><bndbox><xmin>98</xmin><ymin>347</ymin><xmax>69</xmax><ymax>103</ymax></bndbox></object><object><name>proposal</name><bndbox><xmin>89</xmin><ymin>214</ymin><xmax>183</xmax><ymax>117</ymax></bndbox></object><object><name>proposal</name><bndbox><xmin>338</xmin><ymin>365</ymin><xmax>27</xmax><ymax>42</ymax></bndbox></object><object><name>proposal</name><bndbox><xmin>162</xmin><ymin>362</ymin><xmax>81</xmax><ymax>220</ymax></bndbox></object><object><name>proposal</name><bndbox><xmin>526</xmin><ymin>259</ymin><xmax>47</xmax><ymax>55</ymax></bndbox></object><object><name>proposal</name><bndbox><xmin>163</xmin><ymin>295</ymin><xmax>58</xmax><ymax>129</ymax></bndbox></object><object><name>proposal</name><bndbox><xmin>77</xmin><ymin>423</ymin><xmax>135</xmax><ymax>158</ymax></bndbox></object><object><name>proposal</name><bndbox><xmin>50</xmin><ymin>136</ymin><xmax>61</xmax><ymax>32</ymax></bndbox></object><object><name>proposal</name><bndbox><xmin>141</xmin><ymin>277</ymin><xmax>93</xmax><ymax>149</ymax></bndbox></object><object><name>proposal</name><bndbox><xmin>557</xmin><ymin>287</ymin><xmax>81</xmax><ymax>58</ymax></bndbox></object><object><name>proposal</name><bndbox><xmin>62</xmin><ymin>34</ymin><xmax>105</xmax><ymax>48</ymax></bndbox></object><object><name>proposal</name><bndbox><xmin>190</xmin><ymin>242</ymin><xmax>132</xmax><ymax>136</ymax></bndbox></object><object><name>proposal</name><bndbox><xmin>4</xmin><ymin>32</ymin><xmax>335</xmax><ymax>588</ymax></bndbox></object><object><name>proposal</name><bndbox><xmin>72</xmin><ymin>41</ymin><xmax>145</xmax><ymax>144</ymax></bndbox></object><object><name>proposal</name><bndbox><xmin>164</xmin><ymin>239</ymin><xmax>180</xmax><ymax>405</ymax></bndbox></object><object><name>proposal</name><bndbox><xmin>375</xmin><ymin>135</ymin><xmax>55</xmax><ymax>25</ymax></bndbox></object><object><name>proposal</name><bndbox><xmin>72</xmin><ymin>103</ymin><xmax>55</xmax><ymax>44</ymax></bndbox></object><object><name>proposal</name><bndbox><xmin>165</xmin><ymin>270</ymin><xmax>79</xmax><ymax>156</ymax></bndbox></object><object><name>proposal</name><bndbox><xmin>272</xmin><ymin>10</ymin><xmax>111</xmax><ymax>69</ymax></bndbox></object><object><name>proposal</name><bndbox><xmin>644</xmin><ymin>623</ymin><xmax>76</xmax><ymax>41</ymax></bndbox></object><object><name>proposal</name><bndbox><xmin>241</xmin><ymin>484</ymin><xmax>26</xmax><ymax>32</ymax></bndbox></object><object><name>proposal</name><bndbox><xmin>4</xmin><ymin>276</ymin><xmax>169</xmax><ymax>63</ymax></bndbox></object><object><name>proposal</name><bndbox><xmin>28</xmin><ymin>197</ymin><xmax>38</xmax><ymax>24</ymax></bndbox></object><object><name>proposal</name><bndbox><xmin>132</xmin><ymin>184</ymin><xmax>453</xmax><ymax>435</ymax></bndbox></object><object><name>proposal</name><bndbox><xmin>71</xmin><ymin>190</ymin><xmax>201</xmax><ymax>261</ymax></bndbox></object><object><name>proposal</name><bndbox><xmin>254</xmin><ymin>416</ymin><xmax>133</xmax><ymax>90</ymax></bndbox></object><object><name>proposal</name><bndbox><xmin>4</xmin><ymin>41</ymin><xmax>85</xmax><ymax>36</ymax></bndbox></object><object><name>proposal</name><bndbox><xmin>243</xmin><ymin>12</ymin><xmax>321</xmax><ymax>236</ymax></bndbox></object><object><name>proposal</name><bndbox><xmin>99</xmin><ymin>391</ymin><xmax>90</xmax><ymax>57</ymax></bndbox></object><object><name>proposal</name><bndbox><xmin>185</xmin><ymin>262</ymin><xmax>49</xmax><ymax>49</ymax></bndbox></object><object><name>proposal</name><bndbox><xmin>163</xmin><ymin>363</ymin><xmax>273</xmax><ymax>185</ymax></bndbox></object><object><name>proposal</name><bndbox><xmin>337</xmin><ymin>396</ymin><xmax>42</xmax><ymax>39</ymax></bndbox></object><object><name>proposal</name><bndbox><xmin>192</xmin><ymin>123</ymin><xmax>340</xmax><ymax>216</ymax></bndbox></object><object><name>proposal</name><bndbox><xmin>5</xmin><ymin>295</ymin><xmax>105</xmax><ymax>40</ymax></bndbox></object><object><name>proposal</name><bndbox><xmin>577</xmin><ymin>37</ymin><xmax>34</xmax><ymax>37</ymax></bndbox></object><object><name>proposal</name><bndbox><xmin>391</xmin><ymin>254</ymin><xmax>256</xmax><ymax>224</ymax></bndbox></object><object><name>proposal</name><bndbox><xmin>113</xmin><ymin>46</ymin><xmax>46</xmax><ymax>34</ymax></bndbox></object><object><name>proposal</name><bndbox><xmin>550</xmin><ymin>406</ymin><xmax>34</xmax><ymax>34</ymax></bndbox></object><object><name>proposal</name><bndbox><xmin>501</xmin><ymin>317</ymin><xmax>135</xmax><ymax>61</ymax></bndbox></object><object><name>proposal</name><bndbox><xmin>65</xmin><ymin>266</ymin><xmax>154</xmax><ymax>183</ymax></bndbox></object><object><name>proposal</name><bndbox><xmin>493</xmin><ymin>104</ymin><xmax>37</xmax><ymax>50</ymax></bndbox></object><object><name>proposal</name><bndbox><xmin>74</xmin><ymin>19</ymin><xmax>269</xmax><ymax>487</ymax></bndbox></object><object><name>proposal</name><bndbox><xmin>489</xmin><ymin>199</ymin><xmax>80</xmax><ymax>74</ymax></bndbox></object><object><name>proposal</name><bndbox><xmin>219</xmin><ymin>446</ymin><xmax>113</xmax><ymax>60</ymax></bndbox></object><object><name>proposal</name><bndbox><xmin>489</xmin><ymin>192</ymin><xmax>112</xmax><ymax>84</ymax></bndbox></object><object><name>proposal</name><bndbox><xmin>148</xmin><ymin>443</ymin><xmax>45</xmax><ymax>27</ymax></bndbox></object><object><name>proposal</name><bndbox><xmin>574</xmin><ymin>59</ymin><xmax>35</xmax><ymax>24</ymax></bndbox></object><object><name>proposal</name><bndbox><xmin>73</xmin><ymin>135</ymin><xmax>38</xmax><ymax>24</ymax></bndbox></object><object><name>proposal</name><bndbox><xmin>4</xmin><ymin>242</ymin><xmax>642</xmax><ymax>359</ymax></bndbox></object><object><name>proposal</name><bndbox><xmin>122</xmin><ymin>424</ymin><xmax>46</xmax><ymax>37</ymax></bndbox></object><object><name>proposal</name><bndbox><xmin>173</xmin><ymin>442</ymin><xmax>63</xmax><ymax>107</ymax></bndbox></object><object><name>proposal</name><bndbox><xmin>325</xmin><ymin>51</ymin><xmax>55</xmax><ymax>25</ymax></bndbox></object><object><name>proposal</name><bndbox><xmin>4</xmin><ymin>69</ymin><xmax>148</xmax><ymax>154</ymax></bndbox></object><object><name>proposal</name><bndbox><xmin>73</xmin><ymin>43</ymin><xmax>172</xmax><ymax>405</ymax></bndbox></object><object><name>proposal</name><bndbox><xmin>165</xmin><ymin>357</ymin><xmax>422</xmax><ymax>192</ymax></bndbox></object><object><name>proposal</name><bndbox><xmin>5</xmin><ymin>96</ymin><xmax>49</xmax><ymax>57</ymax></bndbox></object><object><name>proposal</name><bndbox><xmin>337</xmin><ymin>376</ymin><xmax>42</xmax><ymax>29</ymax></bndbox></object><object><name>proposal</name><bndbox><xmin>283</xmin><ymin>5</ymin><xmax>169</xmax><ymax>332</ymax></bndbox></object><object><name>proposal</name><bndbox><xmin>307</xmin><ymin>472</ymin><xmax>37</xmax><ymax>34</ymax></bndbox></object><object><name>proposal</name><bndbox><xmin>333</xmin><ymin>364</ymin><xmax>95</xmax><ymax>41</ymax></bndbox></object><object><name>proposal</name><bndbox><xmin>177</xmin><ymin>443</ymin><xmax>61</xmax><ymax>26</ymax></bndbox></object><object><name>proposal</name><bndbox><xmin>90</xmin><ymin>34</ymin><xmax>105</xmax><ymax>48</ymax></bndbox></object><object><name>proposal</name><bndbox><xmin>81</xmin><ymin>470</ymin><xmax>39</xmax><ymax>48</ymax></bndbox></object><object><name>proposal</name><bndbox><xmin>489</xmin><ymin>254</ymin><xmax>97</xmax><ymax>122</ymax></bndbox></object><object><name>proposal</name><bndbox><xmin>270</xmin><ymin>17</ymin><xmax>60</xmax><ymax>53</ymax></bndbox></object><object><name>proposal</name><bndbox><xmin>595</xmin><ymin>318</ymin><xmax>60</xmax><ymax>53</ymax></bndbox></object><object><name>proposal</name><bndbox><xmin>577</xmin><ymin>628</ymin><xmax>117</xmax><ymax>52</ymax></bndbox></object><object><name>proposal</name><bndbox><xmin>605</xmin><ymin>557</ymin><xmax>99</xmax><ymax>108</ymax></bndbox></object><object><name>proposal</name><bndbox><xmin>487</xmin><ymin>254</ymin><xmax>38</xmax><ymax>60</ymax></bndbox></object><object><name>proposal</name><bndbox><xmin>621</xmin><ymin>250</ymin><xmax>24</xmax><ymax>41</ymax></bndbox></object><object><name>proposal</name><bndbox><xmin>12</xmin><ymin>205</ymin><xmax>56</xmax><ymax>85</ymax></bndbox></object><object><name>proposal</name><bndbox><xmin>242</xmin><ymin>358</ymin><xmax>41</xmax><ymax>55</ymax></bndbox></object><object><name>proposal</name><bndbox><xmin>383</xmin><ymin>364</ymin><xmax>46</xmax><ymax>37</ymax></bndbox></object><object><name>proposal</name><bndbox><xmin>97</xmin><ymin>236</ymin><xmax>100</xmax><ymax>212</ymax></bndbox></object><object><name>proposal</name><bndbox><xmin>278</xmin><ymin>413</ymin><xmax>61</xmax><ymax>93</ymax></bndbox></object><object><name>proposal</name><bndbox><xmin>5</xmin><ymin>70</ymin><xmax>164</xmax><ymax>378</ymax></bndbox></object><object><name>proposal</name><bndbox><xmin>74</xmin><ymin>397</ymin><xmax>51</xmax><ymax>93</ymax></bndbox></object><object><name>proposal</name><bndbox><xmin>396</xmin><ymin>571</ymin><xmax>31</xmax><ymax>31</ymax></bndbox></object><object><name>proposal</name><bndbox><xmin>518</xmin><ymin>259</ymin><xmax>54</xmax><ymax>37</ymax></bndbox></object><object><name>proposal</name><bndbox><xmin>473</xmin><ymin>380</ymin><xmax>41</xmax><ymax>55</ymax></bndbox></object><object><name>proposal</name><bndbox><xmin>176</xmin><ymin>436</ymin><xmax>45</xmax><ymax>33</ymax></bndbox></object><object><name>proposal</name><bndbox><xmin>392</xmin><ymin>124</ymin><xmax>137</xmax><ymax>214</ymax></bndbox></object><object><name>proposal</name><bndbox><xmin>169</xmin><ymin>442</ymin><xmax>42</xmax><ymax>109</ymax></bndbox></object><object><name>proposal</name><bndbox><xmin>5</xmin><ymin>123</ymin><xmax>47</xmax><ymax>27</ymax></bndbox></object><object><name>proposal</name><bndbox><xmin>459</xmin><ymin>199</ymin><xmax>128</xmax><ymax>77</ymax></bndbox></object><object><name>proposal</name><bndbox><xmin>3</xmin><ymin>137</ymin><xmax>63</xmax><ymax>187</ymax></bndbox></object><object><name>proposal</name><bndbox><xmin>97</xmin><ymin>260</ymin><xmax>148</xmax><ymax>171</ymax></bndbox></object><object><name>proposal</name><bndbox><xmin>131</xmin><ymin>413</ymin><xmax>85</xmax><ymax>35</ymax></bndbox></object><object><name>proposal</name><bndbox><xmin>409</xmin><ymin>124</ymin><xmax>176</xmax><ymax>152</ymax></bndbox></object><object><name>proposal</name><bndbox><xmin>396</xmin><ymin>363</ymin><xmax>45</xmax><ymax>29</ymax></bndbox></object><object><name>proposal</name><bndbox><xmin>595</xmin><ymin>301</ymin><xmax>40</xmax><ymax>37</ymax></bndbox></object><object><name>proposal</name><bndbox><xmin>129</xmin><ymin>390</ymin><xmax>126</xmax><ymax>159</ymax></bndbox></object><object><name>proposal</name><bndbox><xmin>593</xmin><ymin>316</ymin><xmax>53</xmax><ymax>103</ymax></bndbox></object><object><name>proposal</name><bndbox><xmin>241</xmin><ymin>474</ymin><xmax>91</xmax><ymax>43</ymax></bndbox></object><object><name>proposal</name><bndbox><xmin>52</xmin><ymin>411</ymin><xmax>111</xmax><ymax>78</ymax></bndbox></object><object><name>proposal</name><bndbox><xmin>252</xmin><ymin>374</ymin><xmax>87</xmax><ymax>134</ymax></bndbox></object><object><name>proposal</name><bndbox><xmin>69</xmin><ymin>380</ymin><xmax>94</xmax><ymax>111</ymax></bndbox></object><object><name>proposal</name><bndbox><xmin>410</xmin><ymin>139</ymin><xmax>55</xmax><ymax>21</ymax></bndbox></object><object><name>proposal</name><bndbox><xmin>489</xmin><ymin>254</ymin><xmax>55</xmax><ymax>63</ymax></bndbox></object><object><name>proposal</name><bndbox><xmin>388</xmin><ymin>517</ymin><xmax>38</xmax><ymax>26</ymax></bndbox></object><object><name>proposal</name><bndbox><xmin>4</xmin><ymin>261</ymin><xmax>244</xmax><ymax>147</ymax></bndbox></object><object><name>proposal</name><bndbox><xmin>646</xmin><ymin>608</ymin><xmax>47</xmax><ymax>60</ymax></bndbox></object><object><name>proposal</name><bndbox><xmin>394</xmin><ymin>110</ymin><xmax>84</xmax><ymax>115</ymax></bndbox></object><object><name>proposal</name><bndbox><xmin>676</xmin><ymin>101</ymin><xmax>38</xmax><ymax>26</ymax></bndbox></object><object><name>proposal</name><bndbox><xmin>164</xmin><ymin>362</ymin><xmax>279</xmax><ymax>297</ymax></bndbox></object><object><name>proposal</name><bndbox><xmin>120</xmin><ymin>416</ymin><xmax>42</xmax><ymax>31</ymax></bndbox></object><object><name>proposal</name><bndbox><xmin>177</xmin><ymin>442</ymin><xmax>60</xmax><ymax>47</ymax></bndbox></object><object><name>proposal</name><bndbox><xmin>124</xmin><ymin>421</ymin><xmax>39</xmax><ymax>87</ymax></bndbox></object><object><name>proposal</name><bndbox><xmin>12</xmin><ymin>261</ymin><xmax>61</xmax><ymax>30</ymax></bndbox></object><object><name>proposal</name><bndbox><xmin>49</xmin><ymin>454</ymin><xmax>67</xmax><ymax>33</ymax></bndbox></object><object><name>proposal</name><bndbox><xmin>131</xmin><ymin>410</ymin><xmax>211</xmax><ymax>173</ymax></bndbox></object><object><name>proposal</name><bndbox><xmin>36</xmin><ymin>346</ymin><xmax>163</xmax><ymax>141</ymax></bndbox></object><object><name>proposal</name><bndbox><xmin>125</xmin><ymin>270</ymin><xmax>143</xmax><ymax>227</ymax></bndbox></object><object><name>proposal</name><bndbox><xmin>167</xmin><ymin>216</ymin><xmax>106</xmax><ymax>114</ymax></bndbox></object><object><name>proposal</name><bndbox><xmin>132</xmin><ymin>395</ymin><xmax>208</xmax><ymax>75</ymax></bndbox></object><object><name>proposal</name><bndbox><xmin>586</xmin><ymin>221</ymin><xmax>65</xmax><ymax>124</ymax></bndbox></object><object><name>proposal</name><bndbox><xmin>389</xmin><ymin>249</ymin><xmax>196</xmax><ymax>192</ymax></bndbox></object><object><name>proposal</name><bndbox><xmin>401</xmin><ymin>524</ymin><xmax>29</xmax><ymax>76</ymax></bndbox></object><object><name>proposal</name><bndbox><xmin>561</xmin><ymin>406</ymin><xmax>24</xmax><ymax>35</ymax></bndbox></object><object><name>proposal</name><bndbox><xmin>470</xmin><ymin>353</ymin><xmax>49</xmax><ymax>81</ymax></bndbox></object><object><name>proposal</name><bndbox><xmin>559</xmin><ymin>392</ymin><xmax>25</xmax><ymax>47</ymax></bndbox></object><object><name>proposal</name><bndbox><xmin>280</xmin><ymin>464</ymin><xmax>49</xmax><ymax>45</ymax></bndbox></object><object><name>proposal</name><bndbox><xmin>160</xmin><ymin>264</ymin><xmax>81</xmax><ymax>49</ymax></bndbox></object><object><name>proposal</name><bndbox><xmin>390</xmin><ymin>249</ymin><xmax>35</xmax><ymax>87</ymax></bndbox></object><object><name>proposal</name><bndbox><xmin>82</xmin><ymin>200</ymin><xmax>282</xmax><ymax>306</ymax></bndbox></object><object><name>proposal</name><bndbox><xmin>609</xmin><ymin>269</ymin><xmax>41</xmax><ymax>75</ymax></bndbox></object><object><name>proposal</name><bndbox><xmin>5</xmin><ymin>21</ymin><xmax>96</xmax><ymax>44</ymax></bndbox></object><object><name>proposal</name><bndbox><xmin>172</xmin><ymin>60</ymin><xmax>301</xmax><ymax>360</ymax></bndbox></object><object><name>proposal</name><bndbox><xmin>128</xmin><ymin>399</ymin><xmax>83</xmax><ymax>149</ymax></bndbox></object><object><name>proposal</name><bndbox><xmin>78</xmin><ymin>469</ymin><xmax>39</xmax><ymax>87</ymax></bndbox></object><object><name>proposal</name><bndbox><xmin>326</xmin><ymin>186</ymin><xmax>164</xmax><ymax>152</ymax></bndbox></object><object><name>proposal</name><bndbox><xmin>655</xmin><ymin>91</ymin><xmax>34</xmax><ymax>37</ymax></bndbox></object><object><name>proposal</name><bndbox><xmin>163</xmin><ymin>307</ymin><xmax>264</xmax><ymax>199</ymax></bndbox></object><object><name>proposal</name><bndbox><xmin>403</xmin><ymin>105</ymin><xmax>27</xmax><ymax>55</ymax></bndbox></object><object><name>proposal</name><bndbox><xmin>5</xmin><ymin>135</ymin><xmax>426</xmax><ymax>202</ymax></bndbox></object><object><name>proposal</name><bndbox><xmin>323</xmin><ymin>396</ymin><xmax>42</xmax><ymax>33</ymax></bndbox></object><object><name>proposal</name><bndbox><xmin>307</xmin><ymin>473</ymin><xmax>49</xmax><ymax>45</ymax></bndbox></object><object><name>proposal</name><bndbox><xmin>305</xmin><ymin>474</ymin><xmax>83</xmax><ymax>35</ymax></bndbox></object><object><name>proposal</name><bndbox><xmin>265</xmin><ymin>377</ymin><xmax>101</xmax><ymax>56</ymax></bndbox></object><object><name>proposal</name><bndbox><xmin>616</xmin><ymin>261</ymin><xmax>31</xmax><ymax>31</ymax></bndbox></object><object><name>proposal</name><bndbox><xmin>392</xmin><ymin>247</ymin><xmax>135</xmax><ymax>141</ymax></bndbox></object><object><name>proposal</name><bndbox><xmin>6</xmin><ymin>136</ymin><xmax>112</xmax><ymax>87</ymax></bndbox></object><object><name>proposal</name><bndbox><xmin>222</xmin><ymin>447</ymin><xmax>75</xmax><ymax>51</ymax></bndbox></object><object><name>proposal</name><bndbox><xmin>372</xmin><ymin>184</ymin><xmax>117</xmax><ymax>205</ymax></bndbox></object><object><name>proposal</name><bndbox><xmin>19</xmin><ymin>76</ymin><xmax>93</xmax><ymax>182</ymax></bndbox></object><object><name>proposal</name><bndbox><xmin>4</xmin><ymin>104</ymin><xmax>31</xmax><ymax>46</ymax></bndbox></object><object><name>proposal</name><bndbox><xmin>98</xmin><ymin>345</ymin><xmax>199</xmax><ymax>207</ymax></bndbox></object><object><name>proposal</name><bndbox><xmin>1</xmin><ymin>276</ymin><xmax>237</xmax><ymax>88</ymax></bndbox></object><object><name>proposal</name><bndbox><xmin>549</xmin><ymin>236</ymin><xmax>97</xmax><ymax>112</ymax></bndbox></object><object><name>proposal</name><bndbox><xmin>677</xmin><ymin>100</ymin><xmax>28</xmax><ymax>32</ymax></bndbox></object><object><name>proposal</name><bndbox><xmin>72</xmin><ymin>77</ymin><xmax>39</xmax><ymax>71</ymax></bndbox></object><object><name>proposal</name><bndbox><xmin>381</xmin><ymin>523</ymin><xmax>46</xmax><ymax>21</ymax></bndbox></object><object><name>proposal</name><bndbox><xmin>231</xmin><ymin>370</ymin><xmax>53</xmax><ymax>49</ymax></bndbox></object><object><name>proposal</name><bndbox><xmin>166</xmin><ymin>348</ymin><xmax>30</xmax><ymax>71</ymax></bndbox></object><object><name>proposal</name><bndbox><xmin>501</xmin><ymin>113</ymin><xmax>29</xmax><ymax>42</ymax></bndbox></object><object><name>proposal</name><bndbox><xmin>82</xmin><ymin>403</ymin><xmax>259</xmax><ymax>139</ymax></bndbox></object><object><name>proposal</name><bndbox><xmin>389</xmin><ymin>185</ymin><xmax>84</xmax><ymax>96</ymax></bndbox></object><object><name>proposal</name><bndbox><xmin>175</xmin><ymin>397</ymin><xmax>224</xmax><ymax>184</ymax></bndbox></object><object><name>proposal</name><bndbox><xmin>280</xmin><ymin>61</ymin><xmax>100</xmax><ymax>40</ymax></bndbox></object><object><name>proposal</name><bndbox><xmin>96</xmin><ymin>348</ymin><xmax>187</xmax><ymax>103</ymax></bndbox></object><object><name>proposal</name><bndbox><xmin>385</xmin><ymin>247</ymin><xmax>104</xmax><ymax>131</ymax></bndbox></object><object><name>proposal</name><bndbox><xmin>325</xmin><ymin>385</ymin><xmax>42</xmax><ymax>21</ymax></bndbox></object><object><name>proposal</name><bndbox><xmin>488</xmin><ymin>124</ymin><xmax>97</xmax><ymax>152</ymax></bndbox></object><object><name>proposal</name><bndbox><xmin>221</xmin><ymin>11</ymin><xmax>365</xmax><ymax>590</ymax></bndbox></object><object><name>proposal</name><bndbox><xmin>173</xmin><ymin>404</ymin><xmax>93</xmax><ymax>63</ymax></bndbox></object><object><name>proposal</name><bndbox><xmin>410</xmin><ymin>524</ymin><xmax>35</xmax><ymax>76</ymax></bndbox></object><object><name>proposal</name><bndbox><xmin>5</xmin><ymin>139</ymin><xmax>24</xmax><ymax>41</ymax></bndbox></object><object><name>proposal</name><bndbox><xmin>292</xmin><ymin>439</ymin><xmax>39</xmax><ymax>67</ymax></bndbox></object><object><name>proposal</name><bndbox><xmin>9</xmin><ymin>61</ymin><xmax>89</xmax><ymax>56</ymax></bndbox></object><object><name>proposal</name><bndbox><xmin>346</xmin><ymin>8</ymin><xmax>119</xmax><ymax>60</ymax></bndbox></object><object><name>proposal</name><bndbox><xmin>592</xmin><ymin>325</ymin><xmax>34</xmax><ymax>50</ymax></bndbox></object><object><name>proposal</name><bndbox><xmin>72</xmin><ymin>134</ymin><xmax>55</xmax><ymax>44</ymax></bndbox></object><object><name>proposal</name><bndbox><xmin>69</xmin><ymin>127</ymin><xmax>42</xmax><ymax>21</ymax></bndbox></object><object><name>proposal</name><bndbox><xmin>487</xmin><ymin>255</ymin><xmax>159</xmax><ymax>63</ymax></bndbox></object><object><name>proposal</name><bndbox><xmin>109</xmin><ymin>70</ymin><xmax>42</xmax><ymax>21</ymax></bndbox></object><object><name>proposal</name><bndbox><xmin>260</xmin><ymin>354</ymin><xmax>169</xmax><ymax>89</ymax></bndbox></object><object><name>proposal</name><bndbox><xmin>398</xmin><ymin>361</ymin><xmax>32</xmax><ymax>61</ymax></bndbox></object><object><name>proposal</name><bndbox><xmin>70</xmin><ymin>371</ymin><xmax>271</xmax><ymax>142</ymax></bndbox></object><object><name>proposal</name><bndbox><xmin>550</xmin><ymin>463</ymin><xmax>41</xmax><ymax>60</ymax></bndbox></object><object><name>proposal</name><bndbox><xmin>392</xmin><ymin>23</ymin><xmax>145</xmax><ymax>313</ymax></bndbox></object><object><name>proposal</name><bndbox><xmin>409</xmin><ymin>523</ymin><xmax>41</xmax><ymax>24</ymax></bndbox></object><object><name>proposal</name><bndbox><xmin>5</xmin><ymin>40</ymin><xmax>50</xmax><ymax>37</ymax></bndbox></object><object><name>proposal</name><bndbox><xmin>5</xmin><ymin>98</ymin><xmax>107</xmax><ymax>69</ymax></bndbox></object><object><name>proposal</name><bndbox><xmin>81</xmin><ymin>413</ymin><xmax>37</xmax><ymax>75</ymax></bndbox></object><object><name>proposal</name><bndbox><xmin>393</xmin><ymin>289</ymin><xmax>61</xmax><ymax>49</ymax></bndbox></object><object><name>proposal</name><bndbox><xmin>595</xmin><ymin>299</ymin><xmax>60</xmax><ymax>47</ymax></bndbox></object><object><name>proposal</name><bndbox><xmin>220</xmin><ymin>397</ymin><xmax>208</xmax><ymax>160</ymax></bndbox></object><object><name>proposal</name><bndbox><xmin>5</xmin><ymin>195</ymin><xmax>212</xmax><ymax>164</ymax></bndbox></object><object><name>proposal</name><bndbox><xmin>81</xmin><ymin>398</ymin><xmax>186</xmax><ymax>91</ymax></bndbox></object><object><name>proposal</name><bndbox><xmin>291</xmin><ymin>12</ymin><xmax>353</xmax><ymax>214</ymax></bndbox></object><object><name>proposal</name><bndbox><xmin>191</xmin><ymin>185</ymin><xmax>455</xmax><ymax>214</ymax></bndbox></object><object><name>proposal</name><bndbox><xmin>221</xmin><ymin>379</ymin><xmax>119</xmax><ymax>253</ymax></bndbox></object><object><name>proposal</name><bndbox><xmin>5</xmin><ymin>281</ymin><xmax>215</xmax><ymax>363</ymax></bndbox></object><object><name>proposal</name><bndbox><xmin>78</xmin><ymin>363</ymin><xmax>261</xmax><ymax>310</ymax></bndbox></object><object><name>proposal</name><bndbox><xmin>6</xmin><ymin>155</ymin><xmax>55</xmax><ymax>44</ymax></bndbox></object><object><name>proposal</name><bndbox><xmin>5</xmin><ymin>134</ymin><xmax>107</xmax><ymax>63</ymax></bndbox></object><object><name>proposal</name><bndbox><xmin>127</xmin><ymin>393</ymin><xmax>37</xmax><ymax>54</ymax></bndbox></object><object><name>proposal</name><bndbox><xmin>163</xmin><ymin>167</ymin><xmax>249</xmax><ymax>302</ymax></bndbox></object><object><name>proposal</name><bndbox><xmin>22</xmin><ymin>189</ymin><xmax>45</xmax><ymax>33</ymax></bndbox></object><object><name>proposal</name><bndbox><xmin>177</xmin><ymin>515</ymin><xmax>81</xmax><ymax>66</ymax></bndbox></object><object><name>proposal</name><bndbox><xmin>307</xmin><ymin>447</ymin><xmax>25</xmax><ymax>59</ymax></bndbox></object><object><name>proposal</name><bndbox><xmin>408</xmin><ymin>22</ymin><xmax>77</xmax><ymax>203</ymax></bndbox></object><object><name>proposal</name><bndbox><xmin>299</xmin><ymin>56</ymin><xmax>85</xmax><ymax>63</ymax></bndbox></object><object><name>proposal</name><bndbox><xmin>665</xmin><ymin>88</ymin><xmax>24</xmax><ymax>38</ymax></bndbox></object><object><name>proposal</name><bndbox><xmin>286</xmin><ymin>20</ymin><xmax>43</xmax><ymax>63</ymax></bndbox></object><object><name>proposal</name><bndbox><xmin>526</xmin><ymin>228</ymin><xmax>45</xmax><ymax>45</ymax></bndbox></object><object><name>proposal</name><bndbox><xmin>296</xmin><ymin>463</ymin><xmax>33</xmax><ymax>45</ymax></bndbox></object><object><name>proposal</name><bndbox><xmin>172</xmin><ymin>403</ymin><xmax>64</xmax><ymax>69</ymax></bndbox></object><object><name>proposal</name><bndbox><xmin>448</xmin><ymin>252</ymin><xmax>132</xmax><ymax>119</ymax></bndbox></object><object><name>proposal</name><bndbox><xmin>321</xmin><ymin>288</ymin><xmax>107</xmax><ymax>117</ymax></bndbox></object><object><name>proposal</name><bndbox><xmin>392</xmin><ymin>23</ymin><xmax>301</xmax><ymax>367</ymax></bndbox></object><object><name>proposal</name><bndbox><xmin>10</xmin><ymin>225</ymin><xmax>59</xmax><ymax>77</ymax></bndbox></object><object><name>proposal</name><bndbox><xmin>181</xmin><ymin>374</ymin><xmax>103</xmax><ymax>41</ymax></bndbox></object><object><name>proposal</name><bndbox><xmin>392</xmin><ymin>186</ymin><xmax>253</xmax><ymax>255</ymax></bndbox></object><object><name>proposal</name><bndbox><xmin>177</xmin><ymin>277</ymin><xmax>58</xmax><ymax>34</ymax></bndbox></object><object><name>proposal</name><bndbox><xmin>410</xmin><ymin>140</ymin><xmax>64</xmax><ymax>31</ymax></bndbox></object><object><name>proposal</name><bndbox><xmin>146</xmin><ymin>277</ymin><xmax>218</xmax><ymax>151</ymax></bndbox></object><object><name>proposal</name><bndbox><xmin>74</xmin><ymin>425</ymin><xmax>41</xmax><ymax>65</ymax></bndbox></object><object><name>proposal</name><bndbox><xmin>448</xmin><ymin>284</ymin><xmax>73</xmax><ymax>152</ymax></bndbox></object><object><name>proposal</name><bndbox><xmin>475</xmin><ymin>253</ymin><xmax>171</xmax><ymax>264</ymax></bndbox></object><object><name>proposal</name><bndbox><xmin>177</xmin><ymin>403</ymin><xmax>163</xmax><ymax>258</ymax></bndbox></object><object><name>proposal</name><bndbox><xmin>92</xmin><ymin>22</ymin><xmax>165</xmax><ymax>57</ymax></bndbox></object><object><name>proposal</name><bndbox><xmin>508</xmin><ymin>105</ymin><xmax>21</xmax><ymax>46</ymax></bndbox></object><object><name>proposal</name><bndbox><xmin>379</xmin><ymin>289</ymin><xmax>37</xmax><ymax>50</ymax></bndbox></object><object><name>proposal</name><bndbox><xmin>33</xmin><ymin>361</ymin><xmax>179</xmax><ymax>225</ymax></bndbox></object><object><name>proposal</name><bndbox><xmin>177</xmin><ymin>237</ymin><xmax>63</xmax><ymax>77</ymax></bndbox></object><object><name>proposal</name><bndbox><xmin>528</xmin><ymin>300</ymin><xmax>109</xmax><ymax>46</ymax></bndbox></object><object><name>proposal</name><bndbox><xmin>501</xmin><ymin>84</ymin><xmax>28</xmax><ymax>71</ymax></bndbox></object><object><name>proposal</name><bndbox><xmin>249</xmin><ymin>281</ymin><xmax>179</xmax><ymax>163</ymax></bndbox></object><object><name>proposal</name><bndbox><xmin>473</xmin><ymin>419</ymin><xmax>41</xmax><ymax>60</ymax></bndbox></object><object><name>proposal</name><bndbox><xmin>1</xmin><ymin>277</ymin><xmax>519</xmax><ymax>230</ymax></bndbox></object><object><name>proposal</name><bndbox><xmin>164</xmin><ymin>311</ymin><xmax>472</xmax><ymax>269</ymax></bndbox></object><object><name>proposal</name><bndbox><xmin>173</xmin><ymin>389</ymin><xmax>65</xmax><ymax>159</ymax></bndbox></object><object><name>proposal</name><bndbox><xmin>410</xmin><ymin>131</ymin><xmax>64</xmax><ymax>29</ymax></bndbox></object><object><name>proposal</name><bndbox><xmin>172</xmin><ymin>392</ymin><xmax>95</xmax><ymax>190</ymax></bndbox></object><object><name>proposal</name><bndbox><xmin>218</xmin><ymin>242</ymin><xmax>65</xmax><ymax>173</ymax></bndbox></object></annotation>