<annotation><folder>Proposals</folder><filename>img-590.jpg</filename><size><width>534</width><height>300</height><depth>3</depth></size><object><name>proposal</name><bndbox><xmin>1</xmin><ymin>3</ymin><xmax>533</xmax><ymax>288</ymax></bndbox></object><object><name>proposal</name><bndbox><xmin>152</xmin><ymin>1</ymin><xmax>321</xmax><ymax>290</ymax></bndbox></object><object><name>proposal</name><bndbox><xmin>364</xmin><ymin>3</ymin><xmax>170</xmax><ymax>119</ymax></bndbox></object><object><name>proposal</name><bndbox><xmin>229</xmin><ymin>4</ymin><xmax>186</xmax><ymax>71</ymax></bndbox></object><object><name>proposal</name><bndbox><xmin>162</xmin><ymin>135</ymin><xmax>211</xmax><ymax>125</ymax></bndbox></object><object><name>proposal</name><bndbox><xmin>365</xmin><ymin>1</ymin><xmax>166</xmax><ymax>77</ymax></bndbox></object><object><name>proposal</name><bndbox><xmin>365</xmin><ymin>1</ymin><xmax>108</xmax><ymax>100</ymax></bndbox></object><object><name>proposal</name><bndbox><xmin>113</xmin><ymin>3</ymin><xmax>149</xmax><ymax>104</ymax></bndbox></object><object><name>proposal</name><bndbox><xmin>4</xmin><ymin>3</ymin><xmax>167</xmax><ymax>121</ymax></bndbox></object><object><name>proposal</name><bndbox><xmin>440</xmin><ymin>1</ymin><xmax>93</xmax><ymax>122</ymax></bndbox></object><object><name>proposal</name><bndbox><xmin>246</xmin><ymin>3</ymin><xmax>287</xmax><ymax>107</ymax></bndbox></object><object><name>proposal</name><bndbox><xmin>204</xmin><ymin>149</ymin><xmax>187</xmax><ymax>106</ymax></bndbox></object><object><name>proposal</name><bndbox><xmin>111</xmin><ymin>1</ymin><xmax>291</xmax><ymax>268</ymax></bndbox></object><object><name>proposal</name><bndbox><xmin>1</xmin><ymin>1</ymin><xmax>238</xmax><ymax>141</ymax></bndbox></object><object><name>proposal</name><bndbox><xmin>245</xmin><ymin>1</ymin><xmax>289</xmax><ymax>291</ymax></bndbox></object><object><name>proposal</name><bndbox><xmin>41</xmin><ymin>3</ymin><xmax>222</xmax><ymax>113</ymax></bndbox></object><object><name>proposal</name><bndbox><xmin>201</xmin><ymin>49</ymin><xmax>209</xmax><ymax>245</ymax></bndbox></object><object><name>proposal</name><bndbox><xmin>467</xmin><ymin>13</ymin><xmax>65</xmax><ymax>97</ymax></bndbox></object><object><name>proposal</name><bndbox><xmin>161</xmin><ymin>142</ymin><xmax>253</xmax><ymax>149</ymax></bndbox></object><object><name>proposal</name><bndbox><xmin>152</xmin><ymin>69</ymin><xmax>382</xmax><ymax>200</ymax></bndbox></object><object><name>proposal</name><bndbox><xmin>136</xmin><ymin>71</ymin><xmax>255</xmax><ymax>199</ymax></bndbox></object><object><name>proposal</name><bndbox><xmin>184</xmin><ymin>2</ymin><xmax>301</xmax><ymax>119</ymax></bndbox></object><object><name>proposal</name><bndbox><xmin>113</xmin><ymin>3</ymin><xmax>421</xmax><ymax>180</ymax></bndbox></object><object><name>proposal</name><bndbox><xmin>312</xmin><ymin>1</ymin><xmax>222</xmax><ymax>141</ymax></bndbox></object><object><name>proposal</name><bndbox><xmin>63</xmin><ymin>24</ymin><xmax>78</xmax><ymax>94</ymax></bndbox></object><object><name>proposal</name><bndbox><xmin>405</xmin><ymin>21</ymin><xmax>129</xmax><ymax>103</ymax></bndbox></object><object><name>proposal</name><bndbox><xmin>365</xmin><ymin>3</ymin><xmax>101</xmax><ymax>66</ymax></bndbox></object><object><name>proposal</name><bndbox><xmin>109</xmin><ymin>1</ymin><xmax>307</xmax><ymax>109</ymax></bndbox></object><object><name>proposal</name><bndbox><xmin>53</xmin><ymin>1</ymin><xmax>119</xmax><ymax>115</ymax></bndbox></object><object><name>proposal</name><bndbox><xmin>4</xmin><ymin>3</ymin><xmax>333</xmax><ymax>253</ymax></bndbox></object><object><name>proposal</name><bndbox><xmin>260</xmin><ymin>2</ymin><xmax>204</xmax><ymax>73</ymax></bndbox></object><object><name>proposal</name><bndbox><xmin>442</xmin><ymin>40</ymin><xmax>92</xmax><ymax>75</ymax></bndbox></object><object><name>proposal</name><bndbox><xmin>3</xmin><ymin>4</ymin><xmax>119</xmax><ymax>139</ymax></bndbox></object><object><name>proposal</name><bndbox><xmin>1</xmin><ymin>3</ymin><xmax>455</xmax><ymax>204</ymax></bndbox></object><object><name>proposal</name><bndbox><xmin>181</xmin><ymin>11</ymin><xmax>244</xmax><ymax>246</ymax></bndbox></object><object><name>proposal</name><bndbox><xmin>365</xmin><ymin>1</ymin><xmax>169</xmax><ymax>289</ymax></bndbox></object><object><name>proposal</name><bndbox><xmin>203</xmin><ymin>134</ymin><xmax>130</xmax><ymax>128</ymax></bndbox></object><object><name>proposal</name><bndbox><xmin>250</xmin><ymin>225</ymin><xmax>162</xmax><ymax>65</ymax></bndbox></object><object><name>proposal</name><bndbox><xmin>333</xmin><ymin>222</ymin><xmax>77</xmax><ymax>68</ymax></bndbox></object><object><name>proposal</name><bndbox><xmin>231</xmin><ymin>131</ymin><xmax>180</xmax><ymax>135</ymax></bndbox></object><object><name>proposal</name><bndbox><xmin>217</xmin><ymin>17</ymin><xmax>317</xmax><ymax>193</ymax></bndbox></object><object><name>proposal</name><bndbox><xmin>184</xmin><ymin>3</ymin><xmax>285</xmax><ymax>197</ymax></bndbox></object><object><name>proposal</name><bndbox><xmin>1</xmin><ymin>69</ymin><xmax>409</xmax><ymax>212</ymax></bndbox></object><object><name>proposal</name><bndbox><xmin>446</xmin><ymin>3</ymin><xmax>85</xmax><ymax>68</ymax></bndbox></object><object><name>proposal</name><bndbox><xmin>16</xmin><ymin>2</ymin><xmax>421</xmax><ymax>133</ymax></bndbox></object><object><name>proposal</name><bndbox><xmin>224</xmin><ymin>225</ymin><xmax>125</xmax><ymax>63</ymax></bndbox></object><object><name>proposal</name><bndbox><xmin>306</xmin><ymin>1</ymin><xmax>159</xmax><ymax>290</ymax></bndbox></object><object><name>proposal</name><bndbox><xmin>398</xmin><ymin>1</ymin><xmax>90</xmax><ymax>98</ymax></bndbox></object><object><name>proposal</name><bndbox><xmin>252</xmin><ymin>162</ymin><xmax>159</xmax><ymax>128</ymax></bndbox></object><object><name>proposal</name><bndbox><xmin>271</xmin><ymin>226</ymin><xmax>78</xmax><ymax>57</ymax></bndbox></object><object><name>proposal</name><bndbox><xmin>365</xmin><ymin>5</ymin><xmax>71</xmax><ymax>95</ymax></bndbox></object><object><name>proposal</name><bndbox><xmin>163</xmin><ymin>101</ymin><xmax>304</xmax><ymax>156</ymax></bndbox></object><object><name>proposal</name><bndbox><xmin>299</xmin><ymin>60</ymin><xmax>235</xmax><ymax>231</ymax></bndbox></object><object><name>proposal</name><bndbox><xmin>40</xmin><ymin>1</ymin><xmax>221</xmax><ymax>270</ymax></bndbox></object><object><name>proposal</name><bndbox><xmin>203</xmin><ymin>72</ymin><xmax>157</xmax><ymax>189</ymax></bndbox></object><object><name>proposal</name><bndbox><xmin>405</xmin><ymin>4</ymin><xmax>126</xmax><ymax>91</ymax></bndbox></object><object><name>proposal</name><bndbox><xmin>249</xmin><ymin>46</ymin><xmax>170</xmax><ymax>77</ymax></bndbox></object><object><name>proposal</name><bndbox><xmin>158</xmin><ymin>149</ymin><xmax>157</xmax><ymax>122</ymax></bndbox></object><object><name>proposal</name><bndbox><xmin>364</xmin><ymin>1</ymin><xmax>64</xmax><ymax>69</ymax></bndbox></object><object><name>proposal</name><bndbox><xmin>311</xmin><ymin>2</ymin><xmax>181</xmax><ymax>99</ymax></bndbox></object><object><name>proposal</name><bndbox><xmin>242</xmin><ymin>10</ymin><xmax>170</xmax><ymax>90</ymax></bndbox></object><object><name>proposal</name><bndbox><xmin>94</xmin><ymin>146</ymin><xmax>265</xmax><ymax>123</ymax></bndbox></object><object><name>proposal</name><bndbox><xmin>271</xmin><ymin>174</ymin><xmax>120</xmax><ymax>84</ymax></bndbox></object><object><name>proposal</name><bndbox><xmin>112</xmin><ymin>2</ymin><xmax>219</xmax><ymax>99</ymax></bndbox></object><object><name>proposal</name><bndbox><xmin>153</xmin><ymin>38</ymin><xmax>189</xmax><ymax>245</ymax></bndbox></object><object><name>proposal</name><bndbox><xmin>153</xmin><ymin>1</ymin><xmax>84</xmax><ymax>104</ymax></bndbox></object><object><name>proposal</name><bndbox><xmin>248</xmin><ymin>34</ymin><xmax>85</xmax><ymax>39</ymax></bndbox></object><object><name>proposal</name><bndbox><xmin>225</xmin><ymin>136</ymin><xmax>134</xmax><ymax>143</ymax></bndbox></object><object><name>proposal</name><bndbox><xmin>307</xmin><ymin>1</ymin><xmax>86</xmax><ymax>71</ymax></bndbox></object><object><name>proposal</name><bndbox><xmin>311</xmin><ymin>1</ymin><xmax>137</xmax><ymax>72</ymax></bndbox></object><object><name>proposal</name><bndbox><xmin>163</xmin><ymin>161</ymin><xmax>80</xmax><ymax>86</ymax></bndbox></object><object><name>proposal</name><bndbox><xmin>406</xmin><ymin>1</ymin><xmax>58</xmax><ymax>100</ymax></bndbox></object><object><name>proposal</name><bndbox><xmin>88</xmin><ymin>1</ymin><xmax>147</xmax><ymax>131</ymax></bndbox></object><object><name>proposal</name><bndbox><xmin>249</xmin><ymin>14</ymin><xmax>81</xmax><ymax>59</ymax></bndbox></object><object><name>proposal</name><bndbox><xmin>215</xmin><ymin>29</ymin><xmax>192</xmax><ymax>164</ymax></bndbox></object><object><name>proposal</name><bndbox><xmin>476</xmin><ymin>37</ymin><xmax>56</xmax><ymax>75</ymax></bndbox></object><object><name>proposal</name><bndbox><xmin>306</xmin><ymin>175</ymin><xmax>104</xmax><ymax>115</ymax></bndbox></object><object><name>proposal</name><bndbox><xmin>197</xmin><ymin>123</ymin><xmax>289</xmax><ymax>167</ymax></bndbox></object><object><name>proposal</name><bndbox><xmin>274</xmin><ymin>51</ymin><xmax>136</xmax><ymax>244</ymax></bndbox></object><object><name>proposal</name><bndbox><xmin>352</xmin><ymin>179</ymin><xmax>39</xmax><ymax>67</ymax></bndbox></object><object><name>proposal</name><bndbox><xmin>381</xmin><ymin>17</ymin><xmax>83</xmax><ymax>83</ymax></bndbox></object><object><name>proposal</name><bndbox><xmin>439</xmin><ymin>62</ymin><xmax>95</xmax><ymax>61</ymax></bndbox></object><object><name>proposal</name><bndbox><xmin>222</xmin><ymin>174</ymin><xmax>190</xmax><ymax>90</ymax></bndbox></object><object><name>proposal</name><bndbox><xmin>1</xmin><ymin>107</ymin><xmax>51</xmax><ymax>25</ymax></bndbox></object><object><name>proposal</name><bndbox><xmin>39</xmin><ymin>6</ymin><xmax>101</xmax><ymax>112</ymax></bndbox></object><object><name>proposal</name><bndbox><xmin>4</xmin><ymin>1</ymin><xmax>81</xmax><ymax>124</ymax></bndbox></object><object><name>proposal</name><bndbox><xmin>379</xmin><ymin>1</ymin><xmax>153</xmax><ymax>207</ymax></bndbox></object><object><name>proposal</name><bndbox><xmin>64</xmin><ymin>26</ymin><xmax>173</xmax><ymax>94</ymax></bndbox></object><object><name>proposal</name><bndbox><xmin>304</xmin><ymin>183</ymin><xmax>89</xmax><ymax>71</ymax></bndbox></object><object><name>proposal</name><bndbox><xmin>246</xmin><ymin>39</ymin><xmax>288</xmax><ymax>117</ymax></bndbox></object><object><name>proposal</name><bndbox><xmin>92</xmin><ymin>69</ymin><xmax>239</xmax><ymax>203</ymax></bndbox></object><object><name>proposal</name><bndbox><xmin>302</xmin><ymin>110</ymin><xmax>109</xmax><ymax>180</ymax></bndbox></object><object><name>proposal</name><bndbox><xmin>249</xmin><ymin>46</ymin><xmax>142</xmax><ymax>104</ymax></bndbox></object><object><name>proposal</name><bndbox><xmin>365</xmin><ymin>1</ymin><xmax>102</xmax><ymax>267</ymax></bndbox></object><object><name>proposal</name><bndbox><xmin>252</xmin><ymin>137</ymin><xmax>119</xmax><ymax>121</ymax></bndbox></object><object><name>proposal</name><bndbox><xmin>306</xmin><ymin>152</ymin><xmax>154</xmax><ymax>138</ymax></bndbox></object><object><name>proposal</name><bndbox><xmin>239</xmin><ymin>13</ymin><xmax>135</xmax><ymax>60</ymax></bndbox></object><object><name>proposal</name><bndbox><xmin>405</xmin><ymin>3</ymin><xmax>81</xmax><ymax>66</ymax></bndbox></object><object><name>proposal</name><bndbox><xmin>151</xmin><ymin>41</ymin><xmax>233</xmax><ymax>147</ymax></bndbox></object><object><name>proposal</name><bndbox><xmin>271</xmin><ymin>121</ymin><xmax>121</xmax><ymax>137</ymax></bndbox></object><object><name>proposal</name><bndbox><xmin>4</xmin><ymin>1</ymin><xmax>167</xmax><ymax>193</ymax></bndbox></object><object><name>proposal</name><bndbox><xmin>204</xmin><ymin>150</ymin><xmax>155</xmax><ymax>73</ymax></bndbox></object><object><name>proposal</name><bndbox><xmin>6</xmin><ymin>4</ymin><xmax>128</xmax><ymax>84</ymax></bndbox></object><object><name>proposal</name><bndbox><xmin>365</xmin><ymin>47</ymin><xmax>169</xmax><ymax>77</ymax></bndbox></object><object><name>proposal</name><bndbox><xmin>216</xmin><ymin>49</ymin><xmax>115</xmax><ymax>72</ymax></bndbox></object><object><name>proposal</name><bndbox><xmin>4</xmin><ymin>1</ymin><xmax>189</xmax><ymax>270</ymax></bndbox></object><object><name>proposal</name><bndbox><xmin>162</xmin><ymin>159</ymin><xmax>128</xmax><ymax>97</ymax></bndbox></object><object><name>proposal</name><bndbox><xmin>268</xmin><ymin>226</ymin><xmax>82</xmax><ymax>36</ymax></bndbox></object><object><name>proposal</name><bndbox><xmin>249</xmin><ymin>63</ymin><xmax>224</xmax><ymax>220</ymax></bndbox></object><object><name>proposal</name><bndbox><xmin>330</xmin><ymin>222</ymin><xmax>129</xmax><ymax>69</ymax></bndbox></object><object><name>proposal</name><bndbox><xmin>231</xmin><ymin>171</ymin><xmax>127</xmax><ymax>90</ymax></bndbox></object><object><name>proposal</name><bndbox><xmin>365</xmin><ymin>183</ymin><xmax>45</xmax><ymax>81</ymax></bndbox></object><object><name>proposal</name><bndbox><xmin>442</xmin><ymin>62</ymin><xmax>57</xmax><ymax>60</ymax></bndbox></object><object><name>proposal</name><bndbox><xmin>298</xmin><ymin>150</ymin><xmax>93</xmax><ymax>111</ymax></bndbox></object><object><name>proposal</name><bndbox><xmin>365</xmin><ymin>183</ymin><xmax>86</xmax><ymax>83</ymax></bndbox></object><object><name>proposal</name><bndbox><xmin>95</xmin><ymin>70</ymin><xmax>46</xmax><ymax>37</ymax></bndbox></object><object><name>proposal</name><bndbox><xmin>332</xmin><ymin>173</ymin><xmax>59</xmax><ymax>75</ymax></bndbox></object><object><name>proposal</name><bndbox><xmin>408</xmin><ymin>7</ymin><xmax>59</xmax><ymax>69</ymax></bndbox></object><object><name>proposal</name><bndbox><xmin>363</xmin><ymin>1</ymin><xmax>65</xmax><ymax>135</ymax></bndbox></object><object><name>proposal</name><bndbox><xmin>226</xmin><ymin>148</ymin><xmax>93</xmax><ymax>107</ymax></bndbox></object><object><name>proposal</name><bndbox><xmin>63</xmin><ymin>24</ymin><xmax>104</xmax><ymax>115</ymax></bndbox></object><object><name>proposal</name><bndbox><xmin>314</xmin><ymin>238</ymin><xmax>99</xmax><ymax>52</ymax></bndbox></object><object><name>proposal</name><bndbox><xmin>162</xmin><ymin>179</ymin><xmax>187</xmax><ymax>81</ymax></bndbox></object><object><name>proposal</name><bndbox><xmin>224</xmin><ymin>196</ymin><xmax>125</xmax><ymax>65</ymax></bndbox></object><object><name>proposal</name><bndbox><xmin>267</xmin><ymin>50</ymin><xmax>197</xmax><ymax>69</ymax></bndbox></object><object><name>proposal</name><bndbox><xmin>64</xmin><ymin>29</ymin><xmax>47</xmax><ymax>87</ymax></bndbox></object><object><name>proposal</name><bndbox><xmin>447</xmin><ymin>22</ymin><xmax>81</xmax><ymax>59</ymax></bndbox></object><object><name>proposal</name><bndbox><xmin>249</xmin><ymin>225</ymin><xmax>103</xmax><ymax>47</ymax></bndbox></object><object><name>proposal</name><bndbox><xmin>365</xmin><ymin>62</ymin><xmax>135</xmax><ymax>229</ymax></bndbox></object><object><name>proposal</name><bndbox><xmin>96</xmin><ymin>1</ymin><xmax>168</xmax><ymax>212</ymax></bndbox></object><object><name>proposal</name><bndbox><xmin>4</xmin><ymin>75</ymin><xmax>285</xmax><ymax>197</ymax></bndbox></object><object><name>proposal</name><bndbox><xmin>314</xmin><ymin>1</ymin><xmax>184</xmax><ymax>216</ymax></bndbox></object><object><name>proposal</name><bndbox><xmin>363</xmin><ymin>16</ymin><xmax>157</xmax><ymax>74</ymax></bndbox></object><object><name>proposal</name><bndbox><xmin>397</xmin><ymin>56</ymin><xmax>101</xmax><ymax>63</ymax></bndbox></object><object><name>proposal</name><bndbox><xmin>183</xmin><ymin>2</ymin><xmax>194</xmax><ymax>73</ymax></bndbox></object><object><name>proposal</name><bndbox><xmin>363</xmin><ymin>21</ymin><xmax>139</xmax><ymax>110</ymax></bndbox></object><object><name>proposal</name><bndbox><xmin>363</xmin><ymin>186</ymin><xmax>29</xmax><ymax>59</ymax></bndbox></object><object><name>proposal</name><bndbox><xmin>410</xmin><ymin>17</ymin><xmax>118</xmax><ymax>54</ymax></bndbox></object><object><name>proposal</name><bndbox><xmin>224</xmin><ymin>6</ymin><xmax>114</xmax><ymax>67</ymax></bndbox></object><object><name>proposal</name><bndbox><xmin>218</xmin><ymin>189</ymin><xmax>71</xmax><ymax>71</ymax></bndbox></object><object><name>proposal</name><bndbox><xmin>238</xmin><ymin>53</ymin><xmax>134</xmax><ymax>232</ymax></bndbox></object><object><name>proposal</name><bndbox><xmin>163</xmin><ymin>184</ymin><xmax>72</xmax><ymax>61</ymax></bndbox></object><object><name>proposal</name><bndbox><xmin>3</xmin><ymin>1</ymin><xmax>52</xmax><ymax>122</ymax></bndbox></object><object><name>proposal</name><bndbox><xmin>231</xmin><ymin>204</ymin><xmax>57</xmax><ymax>57</ymax></bndbox></object><object><name>proposal</name><bndbox><xmin>248</xmin><ymin>21</ymin><xmax>219</xmax><ymax>99</ymax></bndbox></object><object><name>proposal</name><bndbox><xmin>278</xmin><ymin>148</ymin><xmax>81</xmax><ymax>111</ymax></bndbox></object><object><name>proposal</name><bndbox><xmin>216</xmin><ymin>46</ymin><xmax>121</xmax><ymax>125</ymax></bndbox></object><object><name>proposal</name><bndbox><xmin>241</xmin><ymin>36</ymin><xmax>223</xmax><ymax>142</ymax></bndbox></object><object><name>proposal</name><bndbox><xmin>131</xmin><ymin>71</ymin><xmax>126</xmax><ymax>199</ymax></bndbox></object><object><name>proposal</name><bndbox><xmin>301</xmin><ymin>124</ymin><xmax>85</xmax><ymax>56</ymax></bndbox></object><object><name>proposal</name><bndbox><xmin>231</xmin><ymin>223</ymin><xmax>58</xmax><ymax>37</ymax></bndbox></object><object><name>proposal</name><bndbox><xmin>330</xmin><ymin>71</ymin><xmax>134</xmax><ymax>219</ymax></bndbox></object><object><name>proposal</name><bndbox><xmin>330</xmin><ymin>182</ymin><xmax>132</xmax><ymax>109</ymax></bndbox></object><object><name>proposal</name><bndbox><xmin>356</xmin><ymin>11</ymin><xmax>110</xmax><ymax>115</ymax></bndbox></object><object><name>proposal</name><bndbox><xmin>273</xmin><ymin>217</ymin><xmax>186</xmax><ymax>73</ymax></bndbox></object><object><name>proposal</name><bndbox><xmin>249</xmin><ymin>57</ymin><xmax>83</xmax><ymax>45</ymax></bndbox></object><object><name>proposal</name><bndbox><xmin>147</xmin><ymin>75</ymin><xmax>75</xmax><ymax>45</ymax></bndbox></object><object><name>proposal</name><bndbox><xmin>364</xmin><ymin>159</ymin><xmax>97</xmax><ymax>130</ymax></bndbox></object><object><name>proposal</name><bndbox><xmin>300</xmin><ymin>49</ymin><xmax>234</xmax><ymax>159</ymax></bndbox></object><object><name>proposal</name><bndbox><xmin>4</xmin><ymin>107</ymin><xmax>67</xmax><ymax>29</ymax></bndbox></object><object><name>proposal</name><bndbox><xmin>153</xmin><ymin>42</ymin><xmax>93</xmax><ymax>59</ymax></bndbox></object><object><name>proposal</name><bndbox><xmin>404</xmin><ymin>33</ymin><xmax>87</xmax><ymax>63</ymax></bndbox></object><object><name>proposal</name><bndbox><xmin>270</xmin><ymin>186</ymin><xmax>123</xmax><ymax>97</ymax></bndbox></object><object><name>proposal</name><bndbox><xmin>291</xmin><ymin>51</ymin><xmax>113</xmax><ymax>60</ymax></bndbox></object><object><name>proposal</name><bndbox><xmin>273</xmin><ymin>202</ymin><xmax>121</xmax><ymax>54</ymax></bndbox></object><object><name>proposal</name><bndbox><xmin>300</xmin><ymin>6</ymin><xmax>129</xmax><ymax>247</ymax></bndbox></object><object><name>proposal</name><bndbox><xmin>152</xmin><ymin>1</ymin><xmax>137</xmax><ymax>268</ymax></bndbox></object><object><name>proposal</name><bndbox><xmin>231</xmin><ymin>185</ymin><xmax>232</xmax><ymax>105</ymax></bndbox></object><object><name>proposal</name><bndbox><xmin>72</xmin><ymin>73</ymin><xmax>188</xmax><ymax>204</ymax></bndbox></object><object><name>proposal</name><bndbox><xmin>408</xmin><ymin>17</ymin><xmax>84</xmax><ymax>61</ymax></bndbox></object><object><name>proposal</name><bndbox><xmin>391</xmin><ymin>1</ymin><xmax>62</xmax><ymax>100</ymax></bndbox></object><object><name>proposal</name><bndbox><xmin>106</xmin><ymin>1</ymin><xmax>233</xmax><ymax>176</ymax></bndbox></object><object><name>proposal</name><bndbox><xmin>138</xmin><ymin>5</ymin><xmax>83</xmax><ymax>95</ymax></bndbox></object><object><name>proposal</name><bndbox><xmin>317</xmin><ymin>168</ymin><xmax>75</xmax><ymax>115</ymax></bndbox></object><object><name>proposal</name><bndbox><xmin>411</xmin><ymin>33</ymin><xmax>53</xmax><ymax>61</ymax></bndbox></object><object><name>proposal</name><bndbox><xmin>273</xmin><ymin>162</ymin><xmax>225</xmax><ymax>128</ymax></bndbox></object><object><name>proposal</name><bndbox><xmin>406</xmin><ymin>3</ymin><xmax>126</xmax><ymax>50</ymax></bndbox></object><object><name>proposal</name><bndbox><xmin>273</xmin><ymin>224</ymin><xmax>117</xmax><ymax>58</ymax></bndbox></object><object><name>proposal</name><bndbox><xmin>362</xmin><ymin>36</ymin><xmax>119</xmax><ymax>60</ymax></bndbox></object><object><name>proposal</name><bndbox><xmin>221</xmin><ymin>139</ymin><xmax>69</xmax><ymax>130</ymax></bndbox></object><object><name>proposal</name><bndbox><xmin>365</xmin><ymin>222</ymin><xmax>71</xmax><ymax>43</ymax></bndbox></object><object><name>proposal</name><bndbox><xmin>251</xmin><ymin>150</ymin><xmax>227</xmax><ymax>115</ymax></bndbox></object><object><name>proposal</name><bndbox><xmin>365</xmin><ymin>222</ymin><xmax>45</xmax><ymax>45</ymax></bndbox></object><object><name>proposal</name><bndbox><xmin>301</xmin><ymin>119</ymin><xmax>145</xmax><ymax>147</ymax></bndbox></object><object><name>proposal</name><bndbox><xmin>411</xmin><ymin>1</ymin><xmax>93</xmax><ymax>117</ymax></bndbox></object><object><name>proposal</name><bndbox><xmin>309</xmin><ymin>51</ymin><xmax>69</xmax><ymax>57</ymax></bndbox></object><object><name>proposal</name><bndbox><xmin>364</xmin><ymin>1</ymin><xmax>121</xmax><ymax>180</ymax></bndbox></object><object><name>proposal</name><bndbox><xmin>219</xmin><ymin>101</ymin><xmax>119</xmax><ymax>69</ymax></bndbox></object><object><name>proposal</name><bndbox><xmin>147</xmin><ymin>147</ymin><xmax>97</xmax><ymax>110</ymax></bndbox></object><object><name>proposal</name><bndbox><xmin>278</xmin><ymin>226</ymin><xmax>44</xmax><ymax>55</ymax></bndbox></object><object><name>proposal</name><bndbox><xmin>397</xmin><ymin>62</ymin><xmax>135</xmax><ymax>234</ymax></bndbox></object><object><name>proposal</name><bndbox><xmin>61</xmin><ymin>26</ymin><xmax>272</xmax><ymax>104</ymax></bndbox></object><object><name>proposal</name><bndbox><xmin>159</xmin><ymin>225</ymin><xmax>190</xmax><ymax>72</ymax></bndbox></object><object><name>proposal</name><bndbox><xmin>311</xmin><ymin>1</ymin><xmax>136</xmax><ymax>142</ymax></bndbox></object><object><name>proposal</name><bndbox><xmin>301</xmin><ymin>18</ymin><xmax>87</xmax><ymax>51</ymax></bndbox></object><object><name>proposal</name><bndbox><xmin>158</xmin><ymin>74</ymin><xmax>87</xmax><ymax>180</ymax></bndbox></object><object><name>proposal</name><bndbox><xmin>141</xmin><ymin>42</ymin><xmax>190</xmax><ymax>84</ymax></bndbox></object><object><name>proposal</name><bndbox><xmin>363</xmin><ymin>184</ymin><xmax>123</xmax><ymax>97</ymax></bndbox></object><object><name>proposal</name><bndbox><xmin>307</xmin><ymin>38</ymin><xmax>194</xmax><ymax>89</ymax></bndbox></object><object><name>proposal</name><bndbox><xmin>4</xmin><ymin>67</ymin><xmax>66</xmax><ymax>57</ymax></bndbox></object><object><name>proposal</name><bndbox><xmin>425</xmin><ymin>25</ymin><xmax>73</xmax><ymax>93</ymax></bndbox></object><object><name>proposal</name><bndbox><xmin>213</xmin><ymin>165</ymin><xmax>84</xmax><ymax>96</ymax></bndbox></object><object><name>proposal</name><bndbox><xmin>216</xmin><ymin>57</ymin><xmax>109</xmax><ymax>218</ymax></bndbox></object><object><name>proposal</name><bndbox><xmin>302</xmin><ymin>124</ymin><xmax>117</xmax><ymax>77</ymax></bndbox></object><object><name>proposal</name><bndbox><xmin>222</xmin><ymin>213</ymin><xmax>70</xmax><ymax>43</ymax></bndbox></object><object><name>proposal</name><bndbox><xmin>249</xmin><ymin>54</ymin><xmax>89</xmax><ymax>65</ymax></bndbox></object><object><name>proposal</name><bndbox><xmin>64</xmin><ymin>26</ymin><xmax>158</xmax><ymax>243</ymax></bndbox></object><object><name>proposal</name><bndbox><xmin>64</xmin><ymin>27</ymin><xmax>307</xmax><ymax>161</ymax></bndbox></object><object><name>proposal</name><bndbox><xmin>265</xmin><ymin>51</ymin><xmax>113</xmax><ymax>68</ymax></bndbox></object><object><name>proposal</name><bndbox><xmin>306</xmin><ymin>73</ymin><xmax>189</xmax><ymax>185</ymax></bndbox></object><object><name>proposal</name><bndbox><xmin>382</xmin><ymin>13</ymin><xmax>87</xmax><ymax>63</ymax></bndbox></object><object><name>proposal</name><bndbox><xmin>468</xmin><ymin>26</ymin><xmax>60</xmax><ymax>47</ymax></bndbox></object><object><name>proposal</name><bndbox><xmin>37</xmin><ymin>93</ymin><xmax>322</xmax><ymax>163</ymax></bndbox></object><object><name>proposal</name><bndbox><xmin>452</xmin><ymin>2</ymin><xmax>79</xmax><ymax>45</ymax></bndbox></object><object><name>proposal</name><bndbox><xmin>478</xmin><ymin>70</ymin><xmax>54</xmax><ymax>40</ymax></bndbox></object><object><name>proposal</name><bndbox><xmin>4</xmin><ymin>104</ymin><xmax>247</xmax><ymax>119</ymax></bndbox></object><object><name>proposal</name><bndbox><xmin>3</xmin><ymin>56</ymin><xmax>45</xmax><ymax>69</ymax></bndbox></object><object><name>proposal</name><bndbox><xmin>4</xmin><ymin>1</ymin><xmax>37</xmax><ymax>87</ymax></bndbox></object><object><name>proposal</name><bndbox><xmin>89</xmin><ymin>61</ymin><xmax>51</xmax><ymax>51</ymax></bndbox></object><object><name>proposal</name><bndbox><xmin>364</xmin><ymin>162</ymin><xmax>64</xmax><ymax>104</ymax></bndbox></object><object><name>proposal</name><bndbox><xmin>425</xmin><ymin>5</ymin><xmax>65</xmax><ymax>89</ymax></bndbox></object><object><name>proposal</name><bndbox><xmin>252</xmin><ymin>148</ymin><xmax>87</xmax><ymax>107</ymax></bndbox></object><object><name>proposal</name><bndbox><xmin>313</xmin><ymin>51</ymin><xmax>113</xmax><ymax>68</ymax></bndbox></object><object><name>proposal</name><bndbox><xmin>95</xmin><ymin>37</ymin><xmax>44</xmax><ymax>79</ymax></bndbox></object><object><name>proposal</name><bndbox><xmin>331</xmin><ymin>132</ymin><xmax>79</xmax><ymax>161</ymax></bndbox></object><object><name>proposal</name><bndbox><xmin>443</xmin><ymin>28</ymin><xmax>85</xmax><ymax>39</ymax></bndbox></object><object><name>proposal</name><bndbox><xmin>153</xmin><ymin>27</ymin><xmax>116</xmax><ymax>75</ymax></bndbox></object><object><name>proposal</name><bndbox><xmin>164</xmin><ymin>163</ymin><xmax>75</xmax><ymax>59</ymax></bndbox></object><object><name>proposal</name><bndbox><xmin>148</xmin><ymin>26</ymin><xmax>183</xmax><ymax>75</ymax></bndbox></object><object><name>proposal</name><bndbox><xmin>368</xmin><ymin>3</ymin><xmax>135</xmax><ymax>50</ymax></bndbox></object><object><name>proposal</name><bndbox><xmin>345</xmin><ymin>147</ymin><xmax>46</xmax><ymax>105</ymax></bndbox></object><object><name>proposal</name><bndbox><xmin>304</xmin><ymin>214</ymin><xmax>85</xmax><ymax>39</ymax></bndbox></object><object><name>proposal</name><bndbox><xmin>201</xmin><ymin>188</ymin><xmax>113</xmax><ymax>72</ymax></bndbox></object><object><name>proposal</name><bndbox><xmin>335</xmin><ymin>162</ymin><xmax>199</xmax><ymax>128</ymax></bndbox></object><object><name>proposal</name><bndbox><xmin>197</xmin><ymin>124</ymin><xmax>173</xmax><ymax>114</ymax></bndbox></object><object><name>proposal</name><bndbox><xmin>365</xmin><ymin>71</ymin><xmax>84</xmax><ymax>194</ymax></bndbox></object><object><name>proposal</name><bndbox><xmin>252</xmin><ymin>238</ymin><xmax>97</xmax><ymax>43</ymax></bndbox></object><object><name>proposal</name><bndbox><xmin>366</xmin><ymin>209</ymin><xmax>94</xmax><ymax>81</ymax></bndbox></object><object><name>proposal</name><bndbox><xmin>425</xmin><ymin>23</ymin><xmax>39</xmax><ymax>73</ymax></bndbox></object><object><name>proposal</name><bndbox><xmin>335</xmin><ymin>61</ymin><xmax>89</xmax><ymax>231</ymax></bndbox></object><object><name>proposal</name><bndbox><xmin>109</xmin><ymin>67</ymin><xmax>31</xmax><ymax>45</ymax></bndbox></object><object><name>proposal</name><bndbox><xmin>274</xmin><ymin>160</ymin><xmax>169</xmax><ymax>93</ymax></bndbox></object><object><name>proposal</name><bndbox><xmin>365</xmin><ymin>54</ymin><xmax>111</xmax><ymax>43</ymax></bndbox></object><object><name>proposal</name><bndbox><xmin>95</xmin><ymin>38</ymin><xmax>149</xmax><ymax>211</ymax></bndbox></object><object><name>proposal</name><bndbox><xmin>183</xmin><ymin>1</ymin><xmax>78</xmax><ymax>107</ymax></bndbox></object><object><name>proposal</name><bndbox><xmin>194</xmin><ymin>3</ymin><xmax>138</xmax><ymax>104</ymax></bndbox></object><object><name>proposal</name><bndbox><xmin>316</xmin><ymin>109</ymin><xmax>75</xmax><ymax>149</ymax></bndbox></object><object><name>proposal</name><bndbox><xmin>386</xmin><ymin>1</ymin><xmax>59</xmax><ymax>69</ymax></bndbox></object><object><name>proposal</name><bndbox><xmin>469</xmin><ymin>60</ymin><xmax>65</xmax><ymax>53</ymax></bndbox></object><object><name>proposal</name><bndbox><xmin>274</xmin><ymin>226</ymin><xmax>48</xmax><ymax>33</ymax></bndbox></object><object><name>proposal</name><bndbox><xmin>215</xmin><ymin>49</ymin><xmax>74</xmax><ymax>71</ymax></bndbox></object><object><name>proposal</name><bndbox><xmin>410</xmin><ymin>1</ymin><xmax>44</xmax><ymax>70</ymax></bndbox></object><object><name>proposal</name><bndbox><xmin>313</xmin><ymin>157</ymin><xmax>80</xmax><ymax>86</ymax></bndbox></object><object><name>proposal</name><bndbox><xmin>216</xmin><ymin>150</ymin><xmax>121</xmax><ymax>60</ymax></bndbox></object><object><name>proposal</name><bndbox><xmin>274</xmin><ymin>193</ymin><xmax>81</xmax><ymax>63</ymax></bndbox></object><object><name>proposal</name><bndbox><xmin>132</xmin><ymin>183</ymin><xmax>190</xmax><ymax>87</ymax></bndbox></object><object><name>proposal</name><bndbox><xmin>249</xmin><ymin>192</ymin><xmax>39</xmax><ymax>70</ymax></bndbox></object><object><name>proposal</name><bndbox><xmin>274</xmin><ymin>137</ymin><xmax>63</xmax><ymax>113</ymax></bndbox></object><object><name>proposal</name><bndbox><xmin>153</xmin><ymin>4</ymin><xmax>77</xmax><ymax>68</ymax></bndbox></object><object><name>proposal</name><bndbox><xmin>365</xmin><ymin>165</ymin><xmax>84</xmax><ymax>84</ymax></bndbox></object><object><name>proposal</name><bndbox><xmin>314</xmin><ymin>5</ymin><xmax>114</xmax><ymax>97</ymax></bndbox></object><object><name>proposal</name><bndbox><xmin>157</xmin><ymin>99</ymin><xmax>132</xmax><ymax>170</ymax></bndbox></object><object><name>proposal</name><bndbox><xmin>243</xmin><ymin>211</ymin><xmax>45</xmax><ymax>45</ymax></bndbox></object><object><name>proposal</name><bndbox><xmin>1</xmin><ymin>29</ymin><xmax>110</xmax><ymax>97</ymax></bndbox></object><object><name>proposal</name><bndbox><xmin>393</xmin><ymin>50</ymin><xmax>83</xmax><ymax>43</ymax></bndbox></object><object><name>proposal</name><bndbox><xmin>127</xmin><ymin>155</ymin><xmax>131</xmax><ymax>115</ymax></bndbox></object><object><name>proposal</name><bndbox><xmin>447</xmin><ymin>1</ymin><xmax>57</xmax><ymax>81</ymax></bndbox></object><object><name>proposal</name><bndbox><xmin>204</xmin><ymin>95</ymin><xmax>180</xmax><ymax>77</ymax></bndbox></object><object><name>proposal</name><bndbox><xmin>216</xmin><ymin>58</ymin><xmax>82</xmax><ymax>43</ymax></bndbox></object><object><name>proposal</name><bndbox><xmin>305</xmin><ymin>174</ymin><xmax>53</xmax><ymax>84</ymax></bndbox></object><object><name>proposal</name><bndbox><xmin>252</xmin><ymin>47</ymin><xmax>132</xmax><ymax>151</ymax></bndbox></object><object><name>proposal</name><bndbox><xmin>312</xmin><ymin>216</ymin><xmax>193</xmax><ymax>74</ymax></bndbox></object><object><name>proposal</name><bndbox><xmin>1</xmin><ymin>75</ymin><xmax>113</xmax><ymax>48</ymax></bndbox></object><object><name>proposal</name><bndbox><xmin>418</xmin><ymin>1</ymin><xmax>47</xmax><ymax>65</ymax></bndbox></object><object><name>proposal</name><bndbox><xmin>313</xmin><ymin>121</ymin><xmax>70</xmax><ymax>77</ymax></bndbox></object><object><name>proposal</name><bndbox><xmin>366</xmin><ymin>215</ymin><xmax>96</xmax><ymax>50</ymax></bndbox></object><object><name>proposal</name><bndbox><xmin>261</xmin><ymin>208</ymin><xmax>151</xmax><ymax>72</ymax></bndbox></object><object><name>proposal</name><bndbox><xmin>365</xmin><ymin>161</ymin><xmax>43</xmax><ymax>87</ymax></bndbox></object><object><name>proposal</name><bndbox><xmin>1</xmin><ymin>95</ymin><xmax>51</xmax><ymax>29</ymax></bndbox></object><object><name>proposal</name><bndbox><xmin>1</xmin><ymin>6</ymin><xmax>263</xmax><ymax>198</ymax></bndbox></object><object><name>proposal</name><bndbox><xmin>375</xmin><ymin>15</ymin><xmax>53</xmax><ymax>57</ymax></bndbox></object><object><name>proposal</name><bndbox><xmin>434</xmin><ymin>25</ymin><xmax>98</xmax><ymax>149</ymax></bndbox></object><object><name>proposal</name><bndbox><xmin>132</xmin><ymin>233</ymin><xmax>157</xmax><ymax>67</ymax></bndbox></object><object><name>proposal</name><bndbox><xmin>223</xmin><ymin>202</ymin><xmax>91</xmax><ymax>58</ymax></bndbox></object><object><name>proposal</name><bndbox><xmin>131</xmin><ymin>213</ymin><xmax>53</xmax><ymax>57</ymax></bndbox></object><object><name>proposal</name><bndbox><xmin>64</xmin><ymin>26</ymin><xmax>75</xmax><ymax>140</ymax></bndbox></object><object><name>proposal</name><bndbox><xmin>363</xmin><ymin>79</ymin><xmax>171</xmax><ymax>169</ymax></bndbox></object><object><name>proposal</name><bndbox><xmin>150</xmin><ymin>100</ymin><xmax>186</xmax><ymax>73</ymax></bndbox></object><object><name>proposal</name><bndbox><xmin>139</xmin><ymin>40</ymin><xmax>97</xmax><ymax>84</ymax></bndbox></object><object><name>proposal</name><bndbox><xmin>421</xmin><ymin>263</ymin><xmax>38</xmax><ymax>26</ymax></bndbox></object><object><name>proposal</name><bndbox><xmin>446</xmin><ymin>12</ymin><xmax>44</xmax><ymax>70</ymax></bndbox></object><object><name>proposal</name><bndbox><xmin>469</xmin><ymin>41</ymin><xmax>60</xmax><ymax>45</ymax></bndbox></object><object><name>proposal</name><bndbox><xmin>388</xmin><ymin>17</ymin><xmax>39</xmax><ymax>82</ymax></bndbox></object><object><name>proposal</name><bndbox><xmin>251</xmin><ymin>226</ymin><xmax>75</xmax><ymax>57</ymax></bndbox></object><object><name>proposal</name><bndbox><xmin>365</xmin><ymin>9</ymin><xmax>47</xmax><ymax>95</ymax></bndbox></object><object><name>proposal</name><bndbox><xmin>388</xmin><ymin>4</ymin><xmax>39</xmax><ymax>67</ymax></bndbox></object><object><name>proposal</name><bndbox><xmin>365</xmin><ymin>49</ymin><xmax>109</xmax><ymax>72</ymax></bndbox></object><object><name>proposal</name><bndbox><xmin>376</xmin><ymin>1</ymin><xmax>74</xmax><ymax>119</ymax></bndbox></object><object><name>proposal</name><bndbox><xmin>242</xmin><ymin>173</ymin><xmax>47</xmax><ymax>87</ymax></bndbox></object><object><name>proposal</name><bndbox><xmin>109</xmin><ymin>160</ymin><xmax>135</xmax><ymax>87</ymax></bndbox></object><object><name>proposal</name><bndbox><xmin>249</xmin><ymin>232</ymin><xmax>97</xmax><ymax>68</ymax></bndbox></object><object><name>proposal</name><bndbox><xmin>192</xmin><ymin>144</ymin><xmax>101</xmax><ymax>117</ymax></bndbox></object><object><name>proposal</name><bndbox><xmin>146</xmin><ymin>39</ymin><xmax>89</xmax><ymax>207</ymax></bndbox></object><object><name>proposal</name><bndbox><xmin>405</xmin><ymin>21</ymin><xmax>69</xmax><ymax>109</ymax></bndbox></object><object><name>proposal</name><bndbox><xmin>344</xmin><ymin>187</ymin><xmax>48</xmax><ymax>51</ymax></bndbox></object><object><name>proposal</name><bndbox><xmin>300</xmin><ymin>135</ymin><xmax>73</xmax><ymax>43</ymax></bndbox></object><object><name>proposal</name><bndbox><xmin>364</xmin><ymin>188</ymin><xmax>59</xmax><ymax>64</ymax></bndbox></object><object><name>proposal</name><bndbox><xmin>221</xmin><ymin>232</ymin><xmax>69</xmax><ymax>68</ymax></bndbox></object><object><name>proposal</name><bndbox><xmin>96</xmin><ymin>68</ymin><xmax>53</xmax><ymax>49</ymax></bndbox></object><object><name>proposal</name><bndbox><xmin>100</xmin><ymin>89</ymin><xmax>138</xmax><ymax>180</ymax></bndbox></object><object><name>proposal</name><bndbox><xmin>294</xmin><ymin>238</ymin><xmax>54</xmax><ymax>43</ymax></bndbox></object><object><name>proposal</name><bndbox><xmin>88</xmin><ymin>69</ymin><xmax>145</xmax><ymax>61</ymax></bndbox></object><object><name>proposal</name><bndbox><xmin>405</xmin><ymin>36</ymin><xmax>129</xmax><ymax>153</ymax></bndbox></object><object><name>proposal</name><bndbox><xmin>73</xmin><ymin>51</ymin><xmax>69</xmax><ymax>64</ymax></bndbox></object><object><name>proposal</name><bndbox><xmin>356</xmin><ymin>1</ymin><xmax>89</xmax><ymax>211</ymax></bndbox></object><object><name>proposal</name><bndbox><xmin>441</xmin><ymin>10</ymin><xmax>93</xmax><ymax>224</ymax></bndbox></object><object><name>proposal</name><bndbox><xmin>85</xmin><ymin>151</ymin><xmax>173</xmax><ymax>134</ymax></bndbox></object><object><name>proposal</name><bndbox><xmin>100</xmin><ymin>62</ymin><xmax>39</xmax><ymax>61</ymax></bndbox></object><object><name>proposal</name><bndbox><xmin>274</xmin><ymin>210</ymin><xmax>75</xmax><ymax>49</ymax></bndbox></object><object><name>proposal</name><bndbox><xmin>362</xmin><ymin>183</ymin><xmax>114</xmax><ymax>65</ymax></bndbox></object><object><name>proposal</name><bndbox><xmin>364</xmin><ymin>47</ymin><xmax>70</xmax><ymax>47</ymax></bndbox></object><object><name>proposal</name><bndbox><xmin>366</xmin><ymin>222</ymin><xmax>53</xmax><ymax>61</ymax></bndbox></object><object><name>proposal</name><bndbox><xmin>187</xmin><ymin>233</ymin><xmax>102</xmax><ymax>65</ymax></bndbox></object><object><name>proposal</name><bndbox><xmin>221</xmin><ymin>182</ymin><xmax>139</xmax><ymax>102</ymax></bndbox></object><object><name>proposal</name><bndbox><xmin>330</xmin><ymin>183</ymin><xmax>80</xmax><ymax>83</ymax></bndbox></object><object><name>proposal</name><bndbox><xmin>377</xmin><ymin>3</ymin><xmax>95</xmax><ymax>45</ymax></bndbox></object><object><name>proposal</name><bndbox><xmin>419</xmin><ymin>4</ymin><xmax>65</xmax><ymax>41</ymax></bndbox></object><object><name>proposal</name><bndbox><xmin>153</xmin><ymin>1</ymin><xmax>119</xmax><ymax>183</ymax></bndbox></object><object><name>proposal</name><bndbox><xmin>136</xmin><ymin>249</ymin><xmax>57</xmax><ymax>51</ymax></bndbox></object><object><name>proposal</name><bndbox><xmin>305</xmin><ymin>179</ymin><xmax>145</xmax><ymax>87</ymax></bndbox></object><object><name>proposal</name><bndbox><xmin>292</xmin><ymin>22</ymin><xmax>115</xmax><ymax>180</ymax></bndbox></object><object><name>proposal</name><bndbox><xmin>345</xmin><ymin>157</ymin><xmax>66</xmax><ymax>107</ymax></bndbox></object><object><name>proposal</name><bndbox><xmin>229</xmin><ymin>225</ymin><xmax>85</xmax><ymax>31</ymax></bndbox></object><object><name>proposal</name><bndbox><xmin>248</xmin><ymin>58</ymin><xmax>50</xmax><ymax>40</ymax></bndbox></object><object><name>proposal</name><bndbox><xmin>299</xmin><ymin>124</ymin><xmax>93</xmax><ymax>114</ymax></bndbox></object><object><name>proposal</name><bndbox><xmin>214</xmin><ymin>27</ymin><xmax>194</xmax><ymax>86</ymax></bndbox></object><object><name>proposal</name><bndbox><xmin>134</xmin><ymin>222</ymin><xmax>124</xmax><ymax>69</ymax></bndbox></object><object><name>proposal</name><bndbox><xmin>136</xmin><ymin>235</ymin><xmax>54</xmax><ymax>34</ymax></bndbox></object><object><name>proposal</name><bndbox><xmin>155</xmin><ymin>1</ymin><xmax>169</xmax><ymax>72</ymax></bndbox></object><object><name>proposal</name><bndbox><xmin>175</xmin><ymin>163</ymin><xmax>53</xmax><ymax>75</ymax></bndbox></object><object><name>proposal</name><bndbox><xmin>242</xmin><ymin>226</ymin><xmax>91</xmax><ymax>35</ymax></bndbox></object><object><name>proposal</name><bndbox><xmin>134</xmin><ymin>223</ymin><xmax>72</xmax><ymax>47</ymax></bndbox></object><object><name>proposal</name><bndbox><xmin>364</xmin><ymin>151</ymin><xmax>145</xmax><ymax>129</ymax></bndbox></object><object><name>proposal</name><bndbox><xmin>326</xmin><ymin>6</ymin><xmax>69</xmax><ymax>59</ymax></bndbox></object><object><name>proposal</name><bndbox><xmin>64</xmin><ymin>1</ymin><xmax>106</xmax><ymax>237</ymax></bndbox></object><object><name>proposal</name><bndbox><xmin>88</xmin><ymin>1</ymin><xmax>65</xmax><ymax>119</ymax></bndbox></object><object><name>proposal</name><bndbox><xmin>242</xmin><ymin>1</ymin><xmax>41</xmax><ymax>65</ymax></bndbox></object><object><name>proposal</name><bndbox><xmin>314</xmin><ymin>253</ymin><xmax>95</xmax><ymax>41</ymax></bndbox></object><object><name>proposal</name><bndbox><xmin>234</xmin><ymin>134</ymin><xmax>69</xmax><ymax>129</ymax></bndbox></object><object><name>proposal</name><bndbox><xmin>277</xmin><ymin>151</ymin><xmax>129</xmax><ymax>90</ymax></bndbox></object><object><name>proposal</name><bndbox><xmin>274</xmin><ymin>195</ymin><xmax>75</xmax><ymax>92</ymax></bndbox></object><object><name>proposal</name><bndbox><xmin>299</xmin><ymin>124</ymin><xmax>173</xmax><ymax>83</ymax></bndbox></object><object><name>proposal</name><bndbox><xmin>344</xmin><ymin>180</ymin><xmax>67</xmax><ymax>110</ymax></bndbox></object><object><name>proposal</name><bndbox><xmin>398</xmin><ymin>71</ymin><xmax>87</xmax><ymax>49</ymax></bndbox></object><object><name>proposal</name><bndbox><xmin>117</xmin><ymin>205</ymin><xmax>74</xmax><ymax>64</ymax></bndbox></object><object><name>proposal</name><bndbox><xmin>221</xmin><ymin>199</ymin><xmax>53</xmax><ymax>57</ymax></bndbox></object><object><name>proposal</name><bndbox><xmin>241</xmin><ymin>27</ymin><xmax>89</xmax><ymax>72</ymax></bndbox></object><object><name>proposal</name><bndbox><xmin>135</xmin><ymin>185</ymin><xmax>56</xmax><ymax>85</ymax></bndbox></object><object><name>proposal</name><bndbox><xmin>302</xmin><ymin>101</ymin><xmax>117</xmax><ymax>81</ymax></bndbox></object><object><name>proposal</name><bndbox><xmin>1</xmin><ymin>59</ymin><xmax>190</xmax><ymax>81</ymax></bndbox></object><object><name>proposal</name><bndbox><xmin>217</xmin><ymin>86</ymin><xmax>317</xmax><ymax>128</ymax></bndbox></object><object><name>proposal</name><bndbox><xmin>397</xmin><ymin>76</ymin><xmax>58</xmax><ymax>40</ymax></bndbox></object><object><name>proposal</name><bndbox><xmin>134</xmin><ymin>199</ymin><xmax>155</xmax><ymax>75</ymax></bndbox></object><object><name>proposal</name><bndbox><xmin>363</xmin><ymin>224</ymin><xmax>125</xmax><ymax>66</ymax></bndbox></object><object><name>proposal</name><bndbox><xmin>446</xmin><ymin>1</ymin><xmax>52</xmax><ymax>118</ymax></bndbox></object><object><name>proposal</name><bndbox><xmin>168</xmin><ymin>157</ymin><xmax>56</xmax><ymax>96</ymax></bndbox></object><object><name>proposal</name><bndbox><xmin>121</xmin><ymin>184</ymin><xmax>117</xmax><ymax>87</ymax></bndbox></object><object><name>proposal</name><bndbox><xmin>317</xmin><ymin>268</ymin><xmax>26</xmax><ymax>29</ymax></bndbox></object><object><name>proposal</name><bndbox><xmin>313</xmin><ymin>238</ymin><xmax>37</xmax><ymax>43</ymax></bndbox></object><object><name>proposal</name><bndbox><xmin>270</xmin><ymin>226</ymin><xmax>44</xmax><ymax>65</ymax></bndbox></object><object><name>proposal</name><bndbox><xmin>193</xmin><ymin>229</ymin><xmax>45</xmax><ymax>45</ymax></bndbox></object><object><name>proposal</name><bndbox><xmin>16</xmin><ymin>152</ymin><xmax>242</xmax><ymax>117</ymax></bndbox></object><object><name>proposal</name><bndbox><xmin>3</xmin><ymin>102</ymin><xmax>47</xmax><ymax>78</ymax></bndbox></object><object><name>proposal</name><bndbox><xmin>129</xmin><ymin>1</ymin><xmax>107</xmax><ymax>78</ymax></bndbox></object><object><name>proposal</name><bndbox><xmin>161</xmin><ymin>181</ymin><xmax>105</xmax><ymax>73</ymax></bndbox></object><object><name>proposal</name><bndbox><xmin>421</xmin><ymin>1</ymin><xmax>91</xmax><ymax>40</ymax></bndbox></object><object><name>proposal</name><bndbox><xmin>241</xmin><ymin>12</ymin><xmax>63</xmax><ymax>57</ymax></bndbox></object><object><name>proposal</name><bndbox><xmin>49</xmin><ymin>7</ymin><xmax>67</xmax><ymax>33</ymax></bndbox></object><object><name>proposal</name><bndbox><xmin>438</xmin><ymin>91</ymin><xmax>96</xmax><ymax>124</ymax></bndbox></object><object><name>proposal</name><bndbox><xmin>365</xmin><ymin>55</ymin><xmax>54</xmax><ymax>34</ymax></bndbox></object><object><name>proposal</name><bndbox><xmin>329</xmin><ymin>233</ymin><xmax>83</xmax><ymax>46</ymax></bndbox></object><object><name>proposal</name><bndbox><xmin>222</xmin><ymin>50</ymin><xmax>50</xmax><ymax>65</ymax></bndbox></object><object><name>proposal</name><bndbox><xmin>241</xmin><ymin>45</ymin><xmax>92</xmax><ymax>104</ymax></bndbox></object><object><name>proposal</name><bndbox><xmin>221</xmin><ymin>226</ymin><xmax>107</xmax><ymax>45</ymax></bndbox></object><object><name>proposal</name><bndbox><xmin>448</xmin><ymin>34</ymin><xmax>37</xmax><ymax>43</ymax></bndbox></object><object><name>proposal</name><bndbox><xmin>162</xmin><ymin>185</ymin><xmax>126</xmax><ymax>100</ymax></bndbox></object><object><name>proposal</name><bndbox><xmin>398</xmin><ymin>58</ymin><xmax>94</xmax><ymax>39</ymax></bndbox></object><object><name>proposal</name><bndbox><xmin>296</xmin><ymin>134</ymin><xmax>65</xmax><ymax>145</ymax></bndbox></object><object><name>proposal</name><bndbox><xmin>341</xmin><ymin>102</ymin><xmax>69</xmax><ymax>163</ymax></bndbox></object><object><name>proposal</name><bndbox><xmin>61</xmin><ymin>28</ymin><xmax>73</xmax><ymax>65</ymax></bndbox></object><object><name>proposal</name><bndbox><xmin>456</xmin><ymin>89</ymin><xmax>78</xmax><ymax>35</ymax></bndbox></object><object><name>proposal</name><bndbox><xmin>1</xmin><ymin>60</ymin><xmax>115</xmax><ymax>81</ymax></bndbox></object><object><name>proposal</name><bndbox><xmin>364</xmin><ymin>205</ymin><xmax>69</xmax><ymax>64</ymax></bndbox></object><object><name>proposal</name><bndbox><xmin>89</xmin><ymin>70</ymin><xmax>76</xmax><ymax>43</ymax></bndbox></object><object><name>proposal</name><bndbox><xmin>82</xmin><ymin>185</ymin><xmax>110</xmax><ymax>84</ymax></bndbox></object><object><name>proposal</name><bndbox><xmin>141</xmin><ymin>41</ymin><xmax>78</xmax><ymax>51</ymax></bndbox></object><object><name>proposal</name><bndbox><xmin>269</xmin><ymin>221</ymin><xmax>111</xmax><ymax>37</ymax></bndbox></object><object><name>proposal</name><bndbox><xmin>301</xmin><ymin>93</ymin><xmax>84</xmax><ymax>88</ymax></bndbox></object><object><name>proposal</name><bndbox><xmin>300</xmin><ymin>47</ymin><xmax>83</xmax><ymax>151</ymax></bndbox></object><object><name>proposal</name><bndbox><xmin>73</xmin><ymin>55</ymin><xmax>34</xmax><ymax>50</ymax></bndbox></object><object><name>proposal</name><bndbox><xmin>301</xmin><ymin>98</ymin><xmax>233</xmax><ymax>96</ymax></bndbox></object><object><name>proposal</name><bndbox><xmin>331</xmin><ymin>226</ymin><xmax>59</xmax><ymax>59</ymax></bndbox></object><object><name>proposal</name><bndbox><xmin>150</xmin><ymin>105</ymin><xmax>71</xmax><ymax>83</ymax></bndbox></object><object><name>proposal</name><bndbox><xmin>448</xmin><ymin>60</ymin><xmax>40</xmax><ymax>58</ymax></bndbox></object><object><name>proposal</name><bndbox><xmin>4</xmin><ymin>87</ymin><xmax>85</xmax><ymax>37</ymax></bndbox></object><object><name>proposal</name><bndbox><xmin>1</xmin><ymin>58</ymin><xmax>141</xmax><ymax>65</ymax></bndbox></object><object><name>proposal</name><bndbox><xmin>440</xmin><ymin>52</ymin><xmax>93</xmax><ymax>236</ymax></bndbox></object><object><name>proposal</name><bndbox><xmin>455</xmin><ymin>64</ymin><xmax>29</xmax><ymax>51</ymax></bndbox></object><object><name>proposal</name><bndbox><xmin>343</xmin><ymin>55</ymin><xmax>122</xmax><ymax>58</ymax></bndbox></object><object><name>proposal</name><bndbox><xmin>136</xmin><ymin>249</ymin><xmax>55</xmax><ymax>25</ymax></bndbox></object><object><name>proposal</name><bndbox><xmin>273</xmin><ymin>149</ymin><xmax>48</xmax><ymax>103</ymax></bndbox></object><object><name>proposal</name><bndbox><xmin>217</xmin><ymin>127</ymin><xmax>99</xmax><ymax>43</ymax></bndbox></object><object><name>proposal</name><bndbox><xmin>434</xmin><ymin>31</ymin><xmax>96</xmax><ymax>62</ymax></bndbox></object><object><name>proposal</name><bndbox><xmin>369</xmin><ymin>185</ymin><xmax>81</xmax><ymax>55</ymax></bndbox></object><object><name>proposal</name><bndbox><xmin>73</xmin><ymin>80</ymin><xmax>123</xmax><ymax>199</ymax></bndbox></object><object><name>proposal</name><bndbox><xmin>418</xmin><ymin>37</ymin><xmax>37</xmax><ymax>58</ymax></bndbox></object><object><name>proposal</name><bndbox><xmin>432</xmin><ymin>28</ymin><xmax>47</xmax><ymax>65</ymax></bndbox></object><object><name>proposal</name><bndbox><xmin>249</xmin><ymin>149</ymin><xmax>45</xmax><ymax>111</ymax></bndbox></object><object><name>proposal</name><bndbox><xmin>316</xmin><ymin>268</ymin><xmax>45</xmax><ymax>29</ymax></bndbox></object><object><name>proposal</name><bndbox><xmin>248</xmin><ymin>54</ymin><xmax>29</xmax><ymax>45</ymax></bndbox></object><object><name>proposal</name><bndbox><xmin>348</xmin><ymin>173</ymin><xmax>43</xmax><ymax>111</ymax></bndbox></object><object><name>proposal</name><bndbox><xmin>106</xmin><ymin>33</ymin><xmax>132</xmax><ymax>97</ymax></bndbox></object><object><name>proposal</name><bndbox><xmin>482</xmin><ymin>83</ymin><xmax>51</xmax><ymax>27</ymax></bndbox></object><object><name>proposal</name><bndbox><xmin>41</xmin><ymin>8</ymin><xmax>93</xmax><ymax>59</ymax></bndbox></object><object><name>proposal</name><bndbox><xmin>278</xmin><ymin>228</ymin><xmax>77</xmax><ymax>72</ymax></bndbox></object><object><name>proposal</name><bndbox><xmin>62</xmin><ymin>20</ymin><xmax>103</xmax><ymax>78</ymax></bndbox></object><object><name>proposal</name><bndbox><xmin>112</xmin><ymin>172</ymin><xmax>78</xmax><ymax>98</ymax></bndbox></object><object><name>proposal</name><bndbox><xmin>95</xmin><ymin>67</ymin><xmax>69</xmax><ymax>64</ymax></bndbox></object><object><name>proposal</name><bndbox><xmin>303</xmin><ymin>152</ymin><xmax>200</xmax><ymax>101</ymax></bndbox></object><object><name>proposal</name><bndbox><xmin>151</xmin><ymin>64</ymin><xmax>94</xmax><ymax>128</ymax></bndbox></object><object><name>proposal</name><bndbox><xmin>399</xmin><ymin>10</ymin><xmax>103</xmax><ymax>211</ymax></bndbox></object><object><name>proposal</name><bndbox><xmin>150</xmin><ymin>104</ymin><xmax>113</xmax><ymax>71</ymax></bndbox></object><object><name>proposal</name><bndbox><xmin>331</xmin><ymin>183</ymin><xmax>60</xmax><ymax>47</ymax></bndbox></object><object><name>proposal</name><bndbox><xmin>209</xmin><ymin>4</ymin><xmax>81</xmax><ymax>65</ymax></bndbox></object><object><name>proposal</name><bndbox><xmin>307</xmin><ymin>244</ymin><xmax>37</xmax><ymax>37</ymax></bndbox></object><object><name>proposal</name><bndbox><xmin>250</xmin><ymin>227</ymin><xmax>38</xmax><ymax>30</ymax></bndbox></object><object><name>proposal</name><bndbox><xmin>376</xmin><ymin>5</ymin><xmax>51</xmax><ymax>48</ymax></bndbox></object><object><name>proposal</name><bndbox><xmin>158</xmin><ymin>170</ymin><xmax>80</xmax><ymax>115</ymax></bndbox></object><object><name>proposal</name><bndbox><xmin>417</xmin><ymin>263</ymin><xmax>42</xmax><ymax>37</ymax></bndbox></object><object><name>proposal</name><bndbox><xmin>181</xmin><ymin>228</ymin><xmax>107</xmax><ymax>43</ymax></bndbox></object><object><name>proposal</name><bndbox><xmin>305</xmin><ymin>188</ymin><xmax>44</xmax><ymax>65</ymax></bndbox></object><object><name>proposal</name><bndbox><xmin>372</xmin><ymin>218</ymin><xmax>48</xmax><ymax>48</ymax></bndbox></object><object><name>proposal</name><bndbox><xmin>319</xmin><ymin>124</ymin><xmax>64</xmax><ymax>36</ymax></bndbox></object><object><name>proposal</name><bndbox><xmin>95</xmin><ymin>79</ymin><xmax>45</xmax><ymax>35</ymax></bndbox></object><object><name>proposal</name><bndbox><xmin>419</xmin><ymin>33</ymin><xmax>70</xmax><ymax>50</ymax></bndbox></object><object><name>proposal</name><bndbox><xmin>365</xmin><ymin>73</ymin><xmax>88</xmax><ymax>40</ymax></bndbox></object><object><name>proposal</name><bndbox><xmin>322</xmin><ymin>166</ymin><xmax>37</xmax><ymax>31</ymax></bndbox></object><object><name>proposal</name><bndbox><xmin>304</xmin><ymin>203</ymin><xmax>89</xmax><ymax>83</ymax></bndbox></object><object><name>proposal</name><bndbox><xmin>109</xmin><ymin>1</ymin><xmax>173</xmax><ymax>77</ymax></bndbox></object><object><name>proposal</name><bndbox><xmin>231</xmin><ymin>199</ymin><xmax>29</xmax><ymax>55</ymax></bndbox></object><object><name>proposal</name><bndbox><xmin>365</xmin><ymin>67</ymin><xmax>42</xmax><ymax>22</ymax></bndbox></object><object><name>proposal</name><bndbox><xmin>424</xmin><ymin>61</ymin><xmax>64</xmax><ymax>59</ymax></bndbox></object><object><name>proposal</name><bndbox><xmin>408</xmin><ymin>5</ymin><xmax>65</xmax><ymax>47</ymax></bndbox></object><object><name>proposal</name><bndbox><xmin>352</xmin><ymin>130</ymin><xmax>54</xmax><ymax>121</ymax></bndbox></object><object><name>proposal</name><bndbox><xmin>366</xmin><ymin>225</ymin><xmax>63</xmax><ymax>27</ymax></bndbox></object><object><name>proposal</name><bndbox><xmin>163</xmin><ymin>168</ymin><xmax>57</xmax><ymax>61</ymax></bndbox></object><object><name>proposal</name><bndbox><xmin>408</xmin><ymin>5</ymin><xmax>41</xmax><ymax>91</ymax></bndbox></object><object><name>proposal</name><bndbox><xmin>365</xmin><ymin>55</ymin><xmax>137</xmax><ymax>157</ymax></bndbox></object><object><name>proposal</name><bndbox><xmin>224</xmin><ymin>149</ymin><xmax>48</xmax><ymax>111</ymax></bndbox></object><object><name>proposal</name><bndbox><xmin>298</xmin><ymin>121</ymin><xmax>39</xmax><ymax>29</ymax></bndbox></object><object><name>proposal</name><bndbox><xmin>372</xmin><ymin>199</ymin><xmax>44</xmax><ymax>65</ymax></bndbox></object><object><name>proposal</name><bndbox><xmin>133</xmin><ymin>249</ymin><xmax>87</xmax><ymax>40</ymax></bndbox></object><object><name>proposal</name><bndbox><xmin>1</xmin><ymin>78</ymin><xmax>49</xmax><ymax>53</ymax></bndbox></object><object><name>proposal</name><bndbox><xmin>153</xmin><ymin>40</ymin><xmax>124</xmax><ymax>84</ymax></bndbox></object><object><name>proposal</name><bndbox><xmin>90</xmin><ymin>61</ymin><xmax>21</xmax><ymax>46</ymax></bndbox></object><object><name>proposal</name><bndbox><xmin>221</xmin><ymin>232</ymin><xmax>44</xmax><ymax>68</ymax></bndbox></object><object><name>proposal</name><bndbox><xmin>333</xmin><ymin>246</ymin><xmax>111</xmax><ymax>44</ymax></bndbox></object><object><name>proposal</name><bndbox><xmin>425</xmin><ymin>1</ymin><xmax>74</xmax><ymax>69</ymax></bndbox></object><object><name>proposal</name><bndbox><xmin>223</xmin><ymin>233</ymin><xmax>96</xmax><ymax>60</ymax></bndbox></object><object><name>proposal</name><bndbox><xmin>463</xmin><ymin>4</ymin><xmax>31</xmax><ymax>45</ymax></bndbox></object><object><name>proposal</name><bndbox><xmin>86</xmin><ymin>34</ymin><xmax>77</xmax><ymax>86</ymax></bndbox></object><object><name>proposal</name><bndbox><xmin>336</xmin><ymin>155</ymin><xmax>107</xmax><ymax>112</ymax></bndbox></object><object><name>proposal</name><bndbox><xmin>56</xmin><ymin>185</ymin><xmax>182</xmax><ymax>89</ymax></bndbox></object><object><name>proposal</name><bndbox><xmin>107</xmin><ymin>26</ymin><xmax>186</xmax><ymax>94</ymax></bndbox></object><object><name>proposal</name><bndbox><xmin>365</xmin><ymin>165</ymin><xmax>138</xmax><ymax>87</ymax></bndbox></object><object><name>proposal</name><bndbox><xmin>1</xmin><ymin>68</ymin><xmax>262</xmax><ymax>124</ymax></bndbox></object><object><name>proposal</name><bndbox><xmin>309</xmin><ymin>151</ymin><xmax>99</xmax><ymax>47</ymax></bndbox></object><object><name>proposal</name><bndbox><xmin>249</xmin><ymin>240</ymin><xmax>57</xmax><ymax>60</ymax></bndbox></object><object><name>proposal</name><bndbox><xmin>299</xmin><ymin>232</ymin><xmax>50</xmax><ymax>68</ymax></bndbox></object><object><name>proposal</name><bndbox><xmin>291</xmin><ymin>44</ymin><xmax>114</xmax><ymax>110</ymax></bndbox></object><object><name>proposal</name><bndbox><xmin>435</xmin><ymin>84</ymin><xmax>48</xmax><ymax>31</ymax></bndbox></object><object><name>proposal</name><bndbox><xmin>109</xmin><ymin>224</ymin><xmax>75</xmax><ymax>47</ymax></bndbox></object><object><name>proposal</name><bndbox><xmin>88</xmin><ymin>204</ymin><xmax>146</xmax><ymax>67</ymax></bndbox></object><object><name>proposal</name><bndbox><xmin>397</xmin><ymin>63</ymin><xmax>70</xmax><ymax>37</ymax></bndbox></object><object><name>proposal</name><bndbox><xmin>218</xmin><ymin>233</ymin><xmax>70</xmax><ymax>41</ymax></bndbox></object><object><name>proposal</name><bndbox><xmin>216</xmin><ymin>93</ymin><xmax>262</xmax><ymax>89</ymax></bndbox></object><object><name>proposal</name><bndbox><xmin>87</xmin><ymin>96</ymin><xmax>123</xmax><ymax>131</ymax></bndbox></object><object><name>proposal</name><bndbox><xmin>298</xmin><ymin>136</ymin><xmax>39</xmax><ymax>31</ymax></bndbox></object><object><name>proposal</name><bndbox><xmin>391</xmin><ymin>22</ymin><xmax>33</xmax><ymax>45</ymax></bndbox></object><object><name>proposal</name><bndbox><xmin>261</xmin><ymin>236</ymin><xmax>101</xmax><ymax>57</ymax></bndbox></object><object><name>proposal</name><bndbox><xmin>103</xmin><ymin>105</ymin><xmax>148</xmax><ymax>83</ymax></bndbox></object><object><name>proposal</name><bndbox><xmin>406</xmin><ymin>79</ymin><xmax>40</xmax><ymax>40</ymax></bndbox></object><object><name>proposal</name><bndbox><xmin>411</xmin><ymin>55</ymin><xmax>54</xmax><ymax>37</ymax></bndbox></object><object><name>proposal</name><bndbox><xmin>238</xmin><ymin>194</ymin><xmax>64</xmax><ymax>69</ymax></bndbox></object><object><name>proposal</name><bndbox><xmin>435</xmin><ymin>71</ymin><xmax>48</xmax><ymax>48</ymax></bndbox></object><object><name>proposal</name><bndbox><xmin>249</xmin><ymin>72</ymin><xmax>83</xmax><ymax>43</ymax></bndbox></object><object><name>proposal</name><bndbox><xmin>274</xmin><ymin>244</ymin><xmax>73</xmax><ymax>39</ymax></bndbox></object><object><name>proposal</name><bndbox><xmin>365</xmin><ymin>232</ymin><xmax>45</xmax><ymax>48</ymax></bndbox></object><object><name>proposal</name><bndbox><xmin>267</xmin><ymin>57</ymin><xmax>81</xmax><ymax>57</ymax></bndbox></object><object><name>proposal</name><bndbox><xmin>456</xmin><ymin>1</ymin><xmax>42</xmax><ymax>42</ymax></bndbox></object><object><name>proposal</name><bndbox><xmin>341</xmin><ymin>1</ymin><xmax>47</xmax><ymax>60</ymax></bndbox></object><object><name>proposal</name><bndbox><xmin>229</xmin><ymin>53</ymin><xmax>45</xmax><ymax>45</ymax></bndbox></object><object><name>proposal</name><bndbox><xmin>262</xmin><ymin>43</ymin><xmax>59</xmax><ymax>27</ymax></bndbox></object><object><name>proposal</name><bndbox><xmin>353</xmin><ymin>172</ymin><xmax>59</xmax><ymax>74</ymax></bndbox></object><object><name>proposal</name><bndbox><xmin>362</xmin><ymin>89</ymin><xmax>65</xmax><ymax>176</ymax></bndbox></object><object><name>proposal</name><bndbox><xmin>328</xmin><ymin>181</ymin><xmax>119</xmax><ymax>67</ymax></bndbox></object><object><name>proposal</name><bndbox><xmin>88</xmin><ymin>58</ymin><xmax>175</xmax><ymax>143</ymax></bndbox></object><object><name>proposal</name><bndbox><xmin>105</xmin><ymin>251</ymin><xmax>79</xmax><ymax>36</ymax></bndbox></object><object><name>proposal</name><bndbox><xmin>295</xmin><ymin>35</ymin><xmax>187</xmax><ymax>125</ymax></bndbox></object><object><name>proposal</name><bndbox><xmin>339</xmin><ymin>76</ymin><xmax>85</xmax><ymax>37</ymax></bndbox></object><object><name>proposal</name><bndbox><xmin>296</xmin><ymin>131</ymin><xmax>74</xmax><ymax>68</ymax></bndbox></object><object><name>proposal</name><bndbox><xmin>491</xmin><ymin>51</ymin><xmax>43</xmax><ymax>53</ymax></bndbox></object><object><name>proposal</name><bndbox><xmin>300</xmin><ymin>82</ymin><xmax>120</xmax><ymax>136</ymax></bndbox></object><object><name>proposal</name><bndbox><xmin>151</xmin><ymin>105</ymin><xmax>47</xmax><ymax>107</ymax></bndbox></object><object><name>proposal</name><bndbox><xmin>341</xmin><ymin>60</ymin><xmax>83</xmax><ymax>51</ymax></bndbox></object><object><name>proposal</name><bndbox><xmin>3</xmin><ymin>104</ymin><xmax>53</xmax><ymax>140</ymax></bndbox></object><object><name>proposal</name><bndbox><xmin>365</xmin><ymin>55</ymin><xmax>53</xmax><ymax>57</ymax></bndbox></object><object><name>proposal</name><bndbox><xmin>185</xmin><ymin>7</ymin><xmax>28</xmax><ymax>41</ymax></bndbox></object><object><name>proposal</name><bndbox><xmin>176</xmin><ymin>105</ymin><xmax>45</xmax><ymax>81</ymax></bndbox></object><object><name>proposal</name><bndbox><xmin>365</xmin><ymin>63</ymin><xmax>88</xmax><ymax>37</ymax></bndbox></object><object><name>proposal</name><bndbox><xmin>446</xmin><ymin>19</ymin><xmax>65</xmax><ymax>50</ymax></bndbox></object><object><name>proposal</name><bndbox><xmin>363</xmin><ymin>100</ymin><xmax>121</xmax><ymax>163</ymax></bndbox></object><object><name>proposal</name><bndbox><xmin>156</xmin><ymin>98</ymin><xmax>227</xmax><ymax>132</ymax></bndbox></object><object><name>proposal</name><bndbox><xmin>356</xmin><ymin>197</ymin><xmax>33</xmax><ymax>45</ymax></bndbox></object><object><name>proposal</name><bndbox><xmin>4</xmin><ymin>101</ymin><xmax>85</xmax><ymax>36</ymax></bndbox></object><object><name>proposal</name><bndbox><xmin>414</xmin><ymin>47</ymin><xmax>75</xmax><ymax>47</ymax></bndbox></object><object><name>proposal</name><bndbox><xmin>163</xmin><ymin>185</ymin><xmax>40</xmax><ymax>54</ymax></bndbox></object><object><name>proposal</name><bndbox><xmin>302</xmin><ymin>127</ymin><xmax>47</xmax><ymax>23</ymax></bndbox></object><object><name>proposal</name><bndbox><xmin>153</xmin><ymin>19</ymin><xmax>118</xmax><ymax>54</ymax></bndbox></object><object><name>proposal</name><bndbox><xmin>129</xmin><ymin>82</ymin><xmax>207</xmax><ymax>154</ymax></bndbox></object><object><name>proposal</name><bndbox><xmin>242</xmin><ymin>54</ymin><xmax>45</xmax><ymax>45</ymax></bndbox></object><object><name>proposal</name><bndbox><xmin>161</xmin><ymin>141</ymin><xmax>84</xmax><ymax>88</ymax></bndbox></object><object><name>proposal</name><bndbox><xmin>446</xmin><ymin>28</ymin><xmax>46</xmax><ymax>43</ymax></bndbox></object><object><name>proposal</name><bndbox><xmin>305</xmin><ymin>138</ymin><xmax>103</xmax><ymax>43</ymax></bndbox></object><object><name>proposal</name><bndbox><xmin>250</xmin><ymin>10</ymin><xmax>37</xmax><ymax>58</ymax></bndbox></object><object><name>proposal</name><bndbox><xmin>40</xmin><ymin>163</ymin><xmax>166</xmax><ymax>106</ymax></bndbox></object><object><name>proposal</name><bndbox><xmin>365</xmin><ymin>40</ymin><xmax>48</xmax><ymax>51</ymax></bndbox></object><object><name>proposal</name><bndbox><xmin>163</xmin><ymin>184</ymin><xmax>73</xmax><ymax>36</ymax></bndbox></object><object><name>proposal</name><bndbox><xmin>81</xmin><ymin>1</ymin><xmax>107</xmax><ymax>133</ymax></bndbox></object><object><name>proposal</name><bndbox><xmin>305</xmin><ymin>151</ymin><xmax>145</xmax><ymax>90</ymax></bndbox></object><object><name>proposal</name><bndbox><xmin>184</xmin><ymin>148</ymin><xmax>59</xmax><ymax>96</ymax></bndbox></object><object><name>proposal</name><bndbox><xmin>343</xmin><ymin>168</ymin><xmax>49</xmax><ymax>61</ymax></bndbox></object><object><name>proposal</name><bndbox><xmin>385</xmin><ymin>165</ymin><xmax>21</xmax><ymax>38</ymax></bndbox></object><object><name>proposal</name><bndbox><xmin>225</xmin><ymin>239</ymin><xmax>45</xmax><ymax>48</ymax></bndbox></object><object><name>proposal</name><bndbox><xmin>169</xmin><ymin>162</ymin><xmax>48</xmax><ymax>45</ymax></bndbox></object><object><name>proposal</name><bndbox><xmin>454</xmin><ymin>5</ymin><xmax>33</xmax><ymax>48</ymax></bndbox></object><object><name>proposal</name><bndbox><xmin>67</xmin><ymin>58</ymin><xmax>39</xmax><ymax>29</ymax></bndbox></object><object><name>proposal</name><bndbox><xmin>301</xmin><ymin>100</ymin><xmax>37</xmax><ymax>50</ymax></bndbox></object><object><name>proposal</name><bndbox><xmin>356</xmin><ymin>132</ymin><xmax>87</xmax><ymax>117</ymax></bndbox></object><object><name>proposal</name><bndbox><xmin>365</xmin><ymin>213</ymin><xmax>85</xmax><ymax>39</ymax></bndbox></object><object><name>proposal</name><bndbox><xmin>382</xmin><ymin>56</ymin><xmax>45</xmax><ymax>33</ymax></bndbox></object><object><name>proposal</name><bndbox><xmin>96</xmin><ymin>98</ymin><xmax>287</xmax><ymax>84</ymax></bndbox></object><object><name>proposal</name><bndbox><xmin>333</xmin><ymin>4</ymin><xmax>83</xmax><ymax>68</ymax></bndbox></object><object><name>proposal</name><bndbox><xmin>95</xmin><ymin>113</ymin><xmax>97</xmax><ymax>163</ymax></bndbox></object><object><name>proposal</name><bndbox><xmin>412</xmin><ymin>65</ymin><xmax>90</xmax><ymax>227</ymax></bndbox></object><object><name>proposal</name><bndbox><xmin>489</xmin><ymin>1</ymin><xmax>28</xmax><ymax>35</ymax></bndbox></object><object><name>proposal</name><bndbox><xmin>441</xmin><ymin>1</ymin><xmax>65</xmax><ymax>47</ymax></bndbox></object><object><name>proposal</name><bndbox><xmin>413</xmin><ymin>185</ymin><xmax>47</xmax><ymax>107</ymax></bndbox></object><object><name>proposal</name><bndbox><xmin>173</xmin><ymin>163</ymin><xmax>73</xmax><ymax>40</ymax></bndbox></object><object><name>proposal</name><bndbox><xmin>242</xmin><ymin>28</ymin><xmax>39</xmax><ymax>29</ymax></bndbox></object><object><name>proposal</name><bndbox><xmin>233</xmin><ymin>120</ymin><xmax>103</xmax><ymax>43</ymax></bndbox></object><object><name>proposal</name><bndbox><xmin>435</xmin><ymin>33</ymin><xmax>27</xmax><ymax>59</ymax></bndbox></object><object><name>proposal</name><bndbox><xmin>242</xmin><ymin>177</ymin><xmax>80</xmax><ymax>83</ymax></bndbox></object><object><name>proposal</name><bndbox><xmin>163</xmin><ymin>196</ymin><xmax>58</xmax><ymax>43</ymax></bndbox></object><object><name>proposal</name><bndbox><xmin>132</xmin><ymin>175</ymin><xmax>58</xmax><ymax>37</ymax></bndbox></object><object><name>proposal</name><bndbox><xmin>307</xmin><ymin>268</ymin><xmax>37</xmax><ymax>32</ymax></bndbox></object><object><name>proposal</name><bndbox><xmin>305</xmin><ymin>223</ymin><xmax>109</xmax><ymax>52</ymax></bndbox></object><object><name>proposal</name><bndbox><xmin>184</xmin><ymin>228</ymin><xmax>57</xmax><ymax>63</ymax></bndbox></object><object><name>proposal</name><bndbox><xmin>64</xmin><ymin>175</ymin><xmax>126</xmax><ymax>110</ymax></bndbox></object><object><name>proposal</name><bndbox><xmin>228</xmin><ymin>57</ymin><xmax>29</xmax><ymax>45</ymax></bndbox></object><object><name>proposal</name><bndbox><xmin>381</xmin><ymin>22</ymin><xmax>109</xmax><ymax>64</ymax></bndbox></object><object><name>proposal</name><bndbox><xmin>392</xmin><ymin>55</ymin><xmax>54</xmax><ymax>37</ymax></bndbox></object><object><name>proposal</name><bndbox><xmin>370</xmin><ymin>185</ymin><xmax>21</xmax><ymax>46</ymax></bndbox></object><object><name>proposal</name><bndbox><xmin>136</xmin><ymin>159</ymin><xmax>57</xmax><ymax>53</ymax></bndbox></object><object><name>proposal</name><bndbox><xmin>281</xmin><ymin>103</ymin><xmax>55</xmax><ymax>47</ymax></bndbox></object><object><name>proposal</name><bndbox><xmin>148</xmin><ymin>181</ymin><xmax>42</xmax><ymax>31</ymax></bndbox></object><object><name>proposal</name><bndbox><xmin>214</xmin><ymin>29</ymin><xmax>73</xmax><ymax>144</ymax></bndbox></object><object><name>proposal</name><bndbox><xmin>236</xmin><ymin>149</ymin><xmax>49</xmax><ymax>111</ymax></bndbox></object><object><name>proposal</name><bndbox><xmin>257</xmin><ymin>249</ymin><xmax>48</xmax><ymax>33</ymax></bndbox></object><object><name>proposal</name><bndbox><xmin>222</xmin><ymin>244</ymin><xmax>57</xmax><ymax>49</ymax></bndbox></object><object><name>proposal</name><bndbox><xmin>153</xmin><ymin>29</ymin><xmax>83</xmax><ymax>43</ymax></bndbox></object><object><name>proposal</name><bndbox><xmin>310</xmin><ymin>159</ymin><xmax>64</xmax><ymax>130</ymax></bndbox></object><object><name>proposal</name><bndbox><xmin>96</xmin><ymin>51</ymin><xmax>53</xmax><ymax>57</ymax></bndbox></object><object><name>proposal</name><bndbox><xmin>483</xmin><ymin>1</ymin><xmax>47</xmax><ymax>37</ymax></bndbox></object><object><name>proposal</name><bndbox><xmin>116</xmin><ymin>203</ymin><xmax>207</xmax><ymax>83</ymax></bndbox></object><object><name>proposal</name><bndbox><xmin>126</xmin><ymin>100</ymin><xmax>110</xmax><ymax>144</ymax></bndbox></object><object><name>proposal</name><bndbox><xmin>150</xmin><ymin>41</ymin><xmax>67</xmax><ymax>36</ymax></bndbox></object><object><name>proposal</name><bndbox><xmin>222</xmin><ymin>180</ymin><xmax>40</xmax><ymax>76</ymax></bndbox></object><object><name>proposal</name><bndbox><xmin>392</xmin><ymin>263</ymin><xmax>71</xmax><ymax>26</ymax></bndbox></object><object><name>proposal</name><bndbox><xmin>278</xmin><ymin>177</ymin><xmax>44</xmax><ymax>70</ymax></bndbox></object><object><name>proposal</name><bndbox><xmin>1</xmin><ymin>39</ymin><xmax>139</xmax><ymax>101</ymax></bndbox></object><object><name>proposal</name><bndbox><xmin>262</xmin><ymin>23</ymin><xmax>57</xmax><ymax>49</ymax></bndbox></object><object><name>proposal</name><bndbox><xmin>415</xmin><ymin>28</ymin><xmax>50</xmax><ymax>40</ymax></bndbox></object><object><name>proposal</name><bndbox><xmin>270</xmin><ymin>236</ymin><xmax>60</xmax><ymax>47</ymax></bndbox></object><object><name>proposal</name><bndbox><xmin>257</xmin><ymin>149</ymin><xmax>49</xmax><ymax>107</ymax></bndbox></object><object><name>proposal</name><bndbox><xmin>345</xmin><ymin>52</ymin><xmax>189</xmax><ymax>108</ymax></bndbox></object><object><name>proposal</name><bndbox><xmin>299</xmin><ymin>102</ymin><xmax>87</xmax><ymax>48</ymax></bndbox></object><object><name>proposal</name><bndbox><xmin>320</xmin><ymin>166</ymin><xmax>61</xmax><ymax>32</ymax></bndbox></object><object><name>proposal</name><bndbox><xmin>397</xmin><ymin>40</ymin><xmax>69</xmax><ymax>74</ymax></bndbox></object><object><name>proposal</name><bndbox><xmin>109</xmin><ymin>171</ymin><xmax>83</xmax><ymax>41</ymax></bndbox></object></annotation>