<annotation><folder>Proposals</folder><filename>img-396.jpg</filename><size><width>533</width><height>300</height><depth>3</depth></size><object><name>proposal</name><bndbox><xmin>67</xmin><ymin>180</ymin><xmax>89</xmax><ymax>72</ymax></bndbox></object><object><name>proposal</name><bndbox><xmin>73</xmin><ymin>210</ymin><xmax>83</xmax><ymax>41</ymax></bndbox></object><object><name>proposal</name><bndbox><xmin>73</xmin><ymin>237</ymin><xmax>81</xmax><ymax>51</ymax></bndbox></object><object><name>proposal</name><bndbox><xmin>409</xmin><ymin>152</ymin><xmax>83</xmax><ymax>39</ymax></bndbox></object><object><name>proposal</name><bndbox><xmin>70</xmin><ymin>177</ymin><xmax>117</xmax><ymax>84</ymax></bndbox></object><object><name>proposal</name><bndbox><xmin>409</xmin><ymin>111</ymin><xmax>81</xmax><ymax>56</ymax></bndbox></object><object><name>proposal</name><bndbox><xmin>394</xmin><ymin>154</ymin><xmax>96</xmax><ymax>46</ymax></bndbox></object><object><name>proposal</name><bndbox><xmin>409</xmin><ymin>153</ymin><xmax>89</xmax><ymax>57</ymax></bndbox></object><object><name>proposal</name><bndbox><xmin>35</xmin><ymin>133</ymin><xmax>120</xmax><ymax>121</ymax></bndbox></object><object><name>proposal</name><bndbox><xmin>40</xmin><ymin>198</ymin><xmax>114</xmax><ymax>53</ymax></bndbox></object><object><name>proposal</name><bndbox><xmin>34</xmin><ymin>135</ymin><xmax>116</xmax><ymax>75</ymax></bndbox></object><object><name>proposal</name><bndbox><xmin>53</xmin><ymin>238</ymin><xmax>114</xmax><ymax>55</ymax></bndbox></object><object><name>proposal</name><bndbox><xmin>14</xmin><ymin>137</ymin><xmax>98</xmax><ymax>72</ymax></bndbox></object><object><name>proposal</name><bndbox><xmin>30</xmin><ymin>179</ymin><xmax>136</xmax><ymax>81</ymax></bndbox></object><object><name>proposal</name><bndbox><xmin>66</xmin><ymin>169</ymin><xmax>172</xmax><ymax>85</ymax></bndbox></object><object><name>proposal</name><bndbox><xmin>394</xmin><ymin>147</ymin><xmax>97</xmax><ymax>84</ymax></bndbox></object><object><name>proposal</name><bndbox><xmin>409</xmin><ymin>47</ymin><xmax>80</xmax><ymax>122</ymax></bndbox></object><object><name>proposal</name><bndbox><xmin>358</xmin><ymin>154</ymin><xmax>131</xmax><ymax>55</ymax></bndbox></object><object><name>proposal</name><bndbox><xmin>408</xmin><ymin>95</ymin><xmax>104</xmax><ymax>71</ymax></bndbox></object><object><name>proposal</name><bndbox><xmin>68</xmin><ymin>131</ymin><xmax>122</xmax><ymax>122</ymax></bndbox></object><object><name>proposal</name><bndbox><xmin>29</xmin><ymin>137</ymin><xmax>83</xmax><ymax>40</ymax></bndbox></object><object><name>proposal</name><bndbox><xmin>454</xmin><ymin>51</ymin><xmax>32</xmax><ymax>24</ymax></bndbox></object><object><name>proposal</name><bndbox><xmin>33</xmin><ymin>136</ymin><xmax>87</xmax><ymax>56</ymax></bndbox></object><object><name>proposal</name><bndbox><xmin>358</xmin><ymin>89</ymin><xmax>131</xmax><ymax>83</ymax></bndbox></object><object><name>proposal</name><bndbox><xmin>454</xmin><ymin>33</ymin><xmax>32</xmax><ymax>26</ymax></bndbox></object><object><name>proposal</name><bndbox><xmin>409</xmin><ymin>150</ymin><xmax>80</xmax><ymax>106</ymax></bndbox></object><object><name>proposal</name><bndbox><xmin>69</xmin><ymin>168</ymin><xmax>83</xmax><ymax>41</ymax></bndbox></object><object><name>proposal</name><bndbox><xmin>34</xmin><ymin>132</ymin><xmax>199</xmax><ymax>121</ymax></bndbox></object><object><name>proposal</name><bndbox><xmin>35</xmin><ymin>133</ymin><xmax>165</xmax><ymax>81</ymax></bndbox></object><object><name>proposal</name><bndbox><xmin>69</xmin><ymin>180</ymin><xmax>91</xmax><ymax>35</ymax></bndbox></object><object><name>proposal</name><bndbox><xmin>358</xmin><ymin>153</ymin><xmax>131</xmax><ymax>93</ymax></bndbox></object><object><name>proposal</name><bndbox><xmin>73</xmin><ymin>221</ymin><xmax>83</xmax><ymax>37</ymax></bndbox></object><object><name>proposal</name><bndbox><xmin>359</xmin><ymin>47</ymin><xmax>135</xmax><ymax>125</ymax></bndbox></object><object><name>proposal</name><bndbox><xmin>445</xmin><ymin>51</ymin><xmax>42</xmax><ymax>29</ymax></bndbox></object><object><name>proposal</name><bndbox><xmin>73</xmin><ymin>236</ymin><xmax>161</xmax><ymax>61</ymax></bndbox></object><object><name>proposal</name><bndbox><xmin>34</xmin><ymin>112</ymin><xmax>160</xmax><ymax>164</ymax></bndbox></object><object><name>proposal</name><bndbox><xmin>295</xmin><ymin>181</ymin><xmax>42</xmax><ymax>29</ymax></bndbox></object><object><name>proposal</name><bndbox><xmin>70</xmin><ymin>76</ymin><xmax>85</xmax><ymax>177</ymax></bndbox></object><object><name>proposal</name><bndbox><xmin>34</xmin><ymin>34</ymin><xmax>123</xmax><ymax>218</ymax></bndbox></object><object><name>proposal</name><bndbox><xmin>307</xmin><ymin>154</ymin><xmax>182</xmax><ymax>76</ymax></bndbox></object><object><name>proposal</name><bndbox><xmin>456</xmin><ymin>51</ymin><xmax>42</xmax><ymax>29</ymax></bndbox></object><object><name>proposal</name><bndbox><xmin>454</xmin><ymin>49</ymin><xmax>34</xmax><ymax>37</ymax></bndbox></object><object><name>proposal</name><bndbox><xmin>30</xmin><ymin>180</ymin><xmax>125</xmax><ymax>115</ymax></bndbox></object><object><name>proposal</name><bndbox><xmin>35</xmin><ymin>127</ymin><xmax>303</xmax><ymax>124</ymax></bndbox></object><object><name>proposal</name><bndbox><xmin>306</xmin><ymin>169</ymin><xmax>31</xmax><ymax>42</ymax></bndbox></object><object><name>proposal</name><bndbox><xmin>456</xmin><ymin>18</ymin><xmax>31</xmax><ymax>42</ymax></bndbox></object><object><name>proposal</name><bndbox><xmin>398</xmin><ymin>152</ymin><xmax>113</xmax><ymax>119</ymax></bndbox></object><object><name>proposal</name><bndbox><xmin>456</xmin><ymin>31</ymin><xmax>42</xmax><ymax>29</ymax></bndbox></object><object><name>proposal</name><bndbox><xmin>70</xmin><ymin>178</ymin><xmax>119</xmax><ymax>48</ymax></bndbox></object><object><name>proposal</name><bndbox><xmin>70</xmin><ymin>167</ymin><xmax>268</xmax><ymax>97</ymax></bndbox></object><object><name>proposal</name><bndbox><xmin>67</xmin><ymin>95</ymin><xmax>168</xmax><ymax>156</ymax></bndbox></object><object><name>proposal</name><bndbox><xmin>445</xmin><ymin>50</ymin><xmax>42</xmax><ymax>20</ymax></bndbox></object><object><name>proposal</name><bndbox><xmin>446</xmin><ymin>25</ymin><xmax>46</xmax><ymax>34</ymax></bndbox></object><object><name>proposal</name><bndbox><xmin>34</xmin><ymin>77</ymin><xmax>129</xmax><ymax>132</ymax></bndbox></object><object><name>proposal</name><bndbox><xmin>308</xmin><ymin>193</ymin><xmax>29</xmax><ymax>45</ymax></bndbox></object><object><name>proposal</name><bndbox><xmin>70</xmin><ymin>46</ymin><xmax>113</xmax><ymax>205</ymax></bndbox></object><object><name>proposal</name><bndbox><xmin>63</xmin><ymin>144</ymin><xmax>103</xmax><ymax>64</ymax></bndbox></object><object><name>proposal</name><bndbox><xmin>293</xmin><ymin>190</ymin><xmax>46</xmax><ymax>21</ymax></bndbox></object><object><name>proposal</name><bndbox><xmin>34</xmin><ymin>72</ymin><xmax>236</xmax><ymax>179</ymax></bndbox></object><object><name>proposal</name><bndbox><xmin>34</xmin><ymin>92</ymin><xmax>202</xmax><ymax>117</ymax></bndbox></object><object><name>proposal</name><bndbox><xmin>271</xmin><ymin>181</ymin><xmax>66</xmax><ymax>28</ymax></bndbox></object><object><name>proposal</name><bndbox><xmin>31</xmin><ymin>47</ymin><xmax>459</xmax><ymax>205</ymax></bndbox></object><object><name>proposal</name><bndbox><xmin>446</xmin><ymin>50</ymin><xmax>45</xmax><ymax>45</ymax></bndbox></object><object><name>proposal</name><bndbox><xmin>293</xmin><ymin>159</ymin><xmax>45</xmax><ymax>53</ymax></bndbox></object><object><name>proposal</name><bndbox><xmin>69</xmin><ymin>157</ymin><xmax>129</xmax><ymax>133</ymax></bndbox></object><object><name>proposal</name><bndbox><xmin>420</xmin><ymin>22</ymin><xmax>67</xmax><ymax>39</ymax></bndbox></object><object><name>proposal</name><bndbox><xmin>70</xmin><ymin>154</ymin><xmax>422</xmax><ymax>121</ymax></bndbox></object><object><name>proposal</name><bndbox><xmin>456</xmin><ymin>50</ymin><xmax>30</xmax><ymax>56</ymax></bndbox></object><object><name>proposal</name><bndbox><xmin>34</xmin><ymin>31</ymin><xmax>87</xmax><ymax>144</ymax></bndbox></object><object><name>proposal</name><bndbox><xmin>304</xmin><ymin>154</ymin><xmax>193</xmax><ymax>121</ymax></bndbox></object><object><name>proposal</name><bndbox><xmin>426</xmin><ymin>50</ymin><xmax>61</xmax><ymax>31</ymax></bndbox></object><object><name>proposal</name><bndbox><xmin>309</xmin><ymin>193</ymin><xmax>41</xmax><ymax>55</ymax></bndbox></object><object><name>proposal</name><bndbox><xmin>437</xmin><ymin>14</ymin><xmax>49</xmax><ymax>45</ymax></bndbox></object><object><name>proposal</name><bndbox><xmin>455</xmin><ymin>14</ymin><xmax>45</xmax><ymax>45</ymax></bndbox></object><object><name>proposal</name><bndbox><xmin>309</xmin><ymin>149</ymin><xmax>41</xmax><ymax>60</ymax></bndbox></object><object><name>proposal</name><bndbox><xmin>307</xmin><ymin>140</ymin><xmax>33</xmax><ymax>70</ymax></bndbox></object><object><name>proposal</name><bndbox><xmin>70</xmin><ymin>128</ymin><xmax>117</xmax><ymax>80</ymax></bndbox></object><object><name>proposal</name><bndbox><xmin>307</xmin><ymin>193</ymin><xmax>35</xmax><ymax>28</ymax></bndbox></object><object><name>proposal</name><bndbox><xmin>286</xmin><ymin>47</ymin><xmax>205</xmax><ymax>125</ymax></bndbox></object><object><name>proposal</name><bndbox><xmin>420</xmin><ymin>48</ymin><xmax>66</xmax><ymax>45</ymax></bndbox></object><object><name>proposal</name><bndbox><xmin>34</xmin><ymin>109</ymin><xmax>87</xmax><ymax>101</ymax></bndbox></object><object><name>proposal</name><bndbox><xmin>439</xmin><ymin>50</ymin><xmax>61</xmax><ymax>35</ymax></bndbox></object><object><name>proposal</name><bndbox><xmin>346</xmin><ymin>165</ymin><xmax>32</xmax><ymax>24</ymax></bndbox></object><object><name>proposal</name><bndbox><xmin>61</xmin><ymin>149</ymin><xmax>54</xmax><ymax>59</ymax></bndbox></object><object><name>proposal</name><bndbox><xmin>355</xmin><ymin>163</ymin><xmax>22</xmax><ymax>35</ymax></bndbox></object><object><name>proposal</name><bndbox><xmin>446</xmin><ymin>6</ymin><xmax>44</xmax><ymax>55</ymax></bndbox></object><object><name>proposal</name><bndbox><xmin>309</xmin><ymin>193</ymin><xmax>60</xmax><ymax>41</ymax></bndbox></object><object><name>proposal</name><bndbox><xmin>267</xmin><ymin>191</ymin><xmax>70</xmax><ymax>29</ymax></bndbox></object><object><name>proposal</name><bndbox><xmin>357</xmin><ymin>151</ymin><xmax>38</xmax><ymax>21</ymax></bndbox></object><object><name>proposal</name><bndbox><xmin>341</xmin><ymin>151</ymin><xmax>38</xmax><ymax>21</ymax></bndbox></object><object><name>proposal</name><bndbox><xmin>1</xmin><ymin>187</ymin><xmax>113</xmax><ymax>40</ymax></bndbox></object><object><name>proposal</name><bndbox><xmin>356</xmin><ymin>141</ymin><xmax>31</xmax><ymax>31</ymax></bndbox></object><object><name>proposal</name><bndbox><xmin>346</xmin><ymin>141</ymin><xmax>31</xmax><ymax>31</ymax></bndbox></object><object><name>proposal</name><bndbox><xmin>352</xmin><ymin>165</ymin><xmax>32</xmax><ymax>28</ymax></bndbox></object><object><name>proposal</name><bndbox><xmin>456</xmin><ymin>28</ymin><xmax>68</xmax><ymax>33</ymax></bndbox></object><object><name>proposal</name><bndbox><xmin>452</xmin><ymin>50</ymin><xmax>60</xmax><ymax>41</ymax></bndbox></object><object><name>proposal</name><bndbox><xmin>1</xmin><ymin>170</ymin><xmax>113</xmax><ymax>48</ymax></bndbox></object><object><name>proposal</name><bndbox><xmin>298</xmin><ymin>89</ymin><xmax>191</xmax><ymax>122</ymax></bndbox></object><object><name>proposal</name><bndbox><xmin>293</xmin><ymin>193</ymin><xmax>46</xmax><ymax>40</ymax></bndbox></object><object><name>proposal</name><bndbox><xmin>456</xmin><ymin>50</ymin><xmax>68</xmax><ymax>32</ymax></bndbox></object><object><name>proposal</name><bndbox><xmin>306</xmin><ymin>186</ymin><xmax>31</xmax><ymax>31</ymax></bndbox></object><object><name>proposal</name><bndbox><xmin>358</xmin><ymin>133</ymin><xmax>21</xmax><ymax>42</ymax></bndbox></object><object><name>proposal</name><bndbox><xmin>70</xmin><ymin>155</ymin><xmax>117</xmax><ymax>76</ymax></bndbox></object><object><name>proposal</name><bndbox><xmin>358</xmin><ymin>64</ymin><xmax>34</xmax><ymax>34</ymax></bndbox></object><object><name>proposal</name><bndbox><xmin>358</xmin><ymin>91</ymin><xmax>34</xmax><ymax>34</ymax></bndbox></object><object><name>proposal</name><bndbox><xmin>151</xmin><ymin>171</ymin><xmax>31</xmax><ymax>31</ymax></bndbox></object><object><name>proposal</name><bndbox><xmin>445</xmin><ymin>40</ymin><xmax>42</xmax><ymax>21</ymax></bndbox></object><object><name>proposal</name><bndbox><xmin>151</xmin><ymin>191</ymin><xmax>31</xmax><ymax>31</ymax></bndbox></object></annotation>