<annotation><folder>Proposals</folder><filename>img-582.jpg</filename><size><width>481</width><height>300</height><depth>3</depth></size><object><name>proposal</name><bndbox><xmin>182</xmin><ymin>24</ymin><xmax>286</xmax><ymax>256</ymax></bndbox></object><object><name>proposal</name><bndbox><xmin>183</xmin><ymin>145</ymin><xmax>163</xmax><ymax>100</ymax></bndbox></object><object><name>proposal</name><bndbox><xmin>32</xmin><ymin>55</ymin><xmax>316</xmax><ymax>221</ymax></bndbox></object><object><name>proposal</name><bndbox><xmin>183</xmin><ymin>22</ymin><xmax>181</xmax><ymax>252</ymax></bndbox></object><object><name>proposal</name><bndbox><xmin>68</xmin><ymin>23</ymin><xmax>349</xmax><ymax>258</ymax></bndbox></object><object><name>proposal</name><bndbox><xmin>230</xmin><ymin>24</ymin><xmax>169</xmax><ymax>96</ymax></bndbox></object><object><name>proposal</name><bndbox><xmin>184</xmin><ymin>99</ymin><xmax>261</xmax><ymax>181</ymax></bndbox></object><object><name>proposal</name><bndbox><xmin>226</xmin><ymin>24</ymin><xmax>183</xmax><ymax>165</ymax></bndbox></object><object><name>proposal</name><bndbox><xmin>112</xmin><ymin>27</ymin><xmax>234</xmax><ymax>217</ymax></bndbox></object><object><name>proposal</name><bndbox><xmin>183</xmin><ymin>97</ymin><xmax>179</xmax><ymax>146</ymax></bndbox></object><object><name>proposal</name><bndbox><xmin>112</xmin><ymin>97</ymin><xmax>234</xmax><ymax>171</ymax></bndbox></object><object><name>proposal</name><bndbox><xmin>181</xmin><ymin>148</ymin><xmax>237</xmax><ymax>132</ymax></bndbox></object><object><name>proposal</name><bndbox><xmin>214</xmin><ymin>154</ymin><xmax>134</xmax><ymax>76</ymax></bndbox></object><object><name>proposal</name><bndbox><xmin>229</xmin><ymin>56</ymin><xmax>89</xmax><ymax>63</ymax></bndbox></object><object><name>proposal</name><bndbox><xmin>229</xmin><ymin>52</ymin><xmax>87</xmax><ymax>98</ymax></bndbox></object><object><name>proposal</name><bndbox><xmin>33</xmin><ymin>144</ymin><xmax>314</xmax><ymax>135</ymax></bndbox></object><object><name>proposal</name><bndbox><xmin>225</xmin><ymin>17</ymin><xmax>148</xmax><ymax>131</ymax></bndbox></object><object><name>proposal</name><bndbox><xmin>231</xmin><ymin>97</ymin><xmax>75</xmax><ymax>51</ymax></bndbox></object><object><name>proposal</name><bndbox><xmin>131</xmin><ymin>55</ymin><xmax>187</xmax><ymax>101</ymax></bndbox></object><object><name>proposal</name><bndbox><xmin>190</xmin><ymin>54</ymin><xmax>117</xmax><ymax>94</ymax></bndbox></object><object><name>proposal</name><bndbox><xmin>184</xmin><ymin>56</ymin><xmax>132</xmax><ymax>187</ymax></bndbox></object><object><name>proposal</name><bndbox><xmin>230</xmin><ymin>23</ymin><xmax>245</xmax><ymax>125</ymax></bndbox></object><object><name>proposal</name><bndbox><xmin>226</xmin><ymin>26</ymin><xmax>126</xmax><ymax>207</ymax></bndbox></object><object><name>proposal</name><bndbox><xmin>136</xmin><ymin>23</ymin><xmax>337</xmax><ymax>176</ymax></bndbox></object><object><name>proposal</name><bndbox><xmin>129</xmin><ymin>54</ymin><xmax>184</xmax><ymax>168</ymax></bndbox></object><object><name>proposal</name><bndbox><xmin>225</xmin><ymin>52</ymin><xmax>121</xmax><ymax>137</ymax></bndbox></object><object><name>proposal</name><bndbox><xmin>186</xmin><ymin>28</ymin><xmax>161</xmax><ymax>170</ymax></bndbox></object><object><name>proposal</name><bndbox><xmin>31</xmin><ymin>93</ymin><xmax>223</xmax><ymax>183</ymax></bndbox></object><object><name>proposal</name><bndbox><xmin>247</xmin><ymin>23</ymin><xmax>185</xmax><ymax>258</ymax></bndbox></object><object><name>proposal</name><bndbox><xmin>235</xmin><ymin>99</ymin><xmax>71</xmax><ymax>74</ymax></bndbox></object><object><name>proposal</name><bndbox><xmin>66</xmin><ymin>50</ymin><xmax>253</xmax><ymax>148</ymax></bndbox></object><object><name>proposal</name><bndbox><xmin>197</xmin><ymin>96</ymin><xmax>109</xmax><ymax>54</ymax></bndbox></object><object><name>proposal</name><bndbox><xmin>91</xmin><ymin>56</ymin><xmax>376</xmax><ymax>197</ymax></bndbox></object><object><name>proposal</name><bndbox><xmin>229</xmin><ymin>99</ymin><xmax>115</xmax><ymax>81</ymax></bndbox></object><object><name>proposal</name><bndbox><xmin>136</xmin><ymin>99</ymin><xmax>176</xmax><ymax>145</ymax></bndbox></object><object><name>proposal</name><bndbox><xmin>154</xmin><ymin>23</ymin><xmax>244</xmax><ymax>125</ymax></bndbox></object><object><name>proposal</name><bndbox><xmin>229</xmin><ymin>21</ymin><xmax>88</xmax><ymax>108</ymax></bndbox></object><object><name>proposal</name><bndbox><xmin>131</xmin><ymin>54</ymin><xmax>133</xmax><ymax>147</ymax></bndbox></object><object><name>proposal</name><bndbox><xmin>200</xmin><ymin>99</ymin><xmax>112</xmax><ymax>149</ymax></bndbox></object><object><name>proposal</name><bndbox><xmin>293</xmin><ymin>95</ymin><xmax>139</xmax><ymax>187</ymax></bndbox></object><object><name>proposal</name><bndbox><xmin>196</xmin><ymin>98</ymin><xmax>111</xmax><ymax>83</ymax></bndbox></object><object><name>proposal</name><bndbox><xmin>285</xmin><ymin>21</ymin><xmax>189</xmax><ymax>263</ymax></bndbox></object><object><name>proposal</name><bndbox><xmin>87</xmin><ymin>53</ymin><xmax>166</xmax><ymax>224</ymax></bndbox></object><object><name>proposal</name><bndbox><xmin>154</xmin><ymin>145</ymin><xmax>81</xmax><ymax>53</ymax></bndbox></object><object><name>proposal</name><bndbox><xmin>201</xmin><ymin>52</ymin><xmax>107</xmax><ymax>139</ymax></bndbox></object><object><name>proposal</name><bndbox><xmin>192</xmin><ymin>55</ymin><xmax>63</xmax><ymax>57</ymax></bndbox></object><object><name>proposal</name><bndbox><xmin>207</xmin><ymin>80</ymin><xmax>138</xmax><ymax>183</ymax></bndbox></object><object><name>proposal</name><bndbox><xmin>231</xmin><ymin>24</ymin><xmax>146</xmax><ymax>64</ymax></bndbox></object><object><name>proposal</name><bndbox><xmin>261</xmin><ymin>161</ymin><xmax>81</xmax><ymax>71</ymax></bndbox></object><object><name>proposal</name><bndbox><xmin>140</xmin><ymin>53</ymin><xmax>119</xmax><ymax>106</ymax></bndbox></object><object><name>proposal</name><bndbox><xmin>31</xmin><ymin>170</ymin><xmax>222</xmax><ymax>106</ymax></bndbox></object><object><name>proposal</name><bndbox><xmin>111</xmin><ymin>98</ymin><xmax>195</xmax><ymax>101</ymax></bndbox></object><object><name>proposal</name><bndbox><xmin>225</xmin><ymin>56</ymin><xmax>123</xmax><ymax>84</ymax></bndbox></object><object><name>proposal</name><bndbox><xmin>226</xmin><ymin>30</ymin><xmax>89</xmax><ymax>165</ymax></bndbox></object><object><name>proposal</name><bndbox><xmin>144</xmin><ymin>145</ymin><xmax>198</xmax><ymax>134</ymax></bndbox></object><object><name>proposal</name><bndbox><xmin>288</xmin><ymin>157</ymin><xmax>131</xmax><ymax>123</ymax></bndbox></object><object><name>proposal</name><bndbox><xmin>74</xmin><ymin>144</ymin><xmax>163</xmax><ymax>132</ymax></bndbox></object><object><name>proposal</name><bndbox><xmin>66</xmin><ymin>55</ymin><xmax>227</xmax><ymax>102</ymax></bndbox></object><object><name>proposal</name><bndbox><xmin>210</xmin><ymin>150</ymin><xmax>145</xmax><ymax>126</ymax></bndbox></object><object><name>proposal</name><bndbox><xmin>392</xmin><ymin>75</ymin><xmax>79</xmax><ymax>172</ymax></bndbox></object><object><name>proposal</name><bndbox><xmin>205</xmin><ymin>54</ymin><xmax>240</xmax><ymax>136</ymax></bndbox></object><object><name>proposal</name><bndbox><xmin>185</xmin><ymin>17</ymin><xmax>131</xmax><ymax>131</ymax></bndbox></object><object><name>proposal</name><bndbox><xmin>342</xmin><ymin>1</ymin><xmax>59</xmax><ymax>64</ymax></bndbox></object><object><name>proposal</name><bndbox><xmin>188</xmin><ymin>98</ymin><xmax>156</xmax><ymax>101</ymax></bndbox></object><object><name>proposal</name><bndbox><xmin>229</xmin><ymin>56</ymin><xmax>65</xmax><ymax>84</ymax></bndbox></object><object><name>proposal</name><bndbox><xmin>134</xmin><ymin>112</ymin><xmax>106</xmax><ymax>87</ymax></bndbox></object><object><name>proposal</name><bndbox><xmin>65</xmin><ymin>93</ymin><xmax>97</xmax><ymax>63</ymax></bndbox></object><object><name>proposal</name><bndbox><xmin>68</xmin><ymin>55</ymin><xmax>166</xmax><ymax>144</ymax></bndbox></object><object><name>proposal</name><bndbox><xmin>109</xmin><ymin>140</ymin><xmax>131</xmax><ymax>59</ymax></bndbox></object><object><name>proposal</name><bndbox><xmin>135</xmin><ymin>53</ymin><xmax>87</xmax><ymax>103</ymax></bndbox></object><object><name>proposal</name><bndbox><xmin>320</xmin><ymin>113</ymin><xmax>97</xmax><ymax>163</ymax></bndbox></object><object><name>proposal</name><bndbox><xmin>112</xmin><ymin>126</ymin><xmax>236</xmax><ymax>109</ymax></bndbox></object><object><name>proposal</name><bndbox><xmin>67</xmin><ymin>87</ymin><xmax>97</xmax><ymax>110</ymax></bndbox></object><object><name>proposal</name><bndbox><xmin>247</xmin><ymin>57</ymin><xmax>68</xmax><ymax>77</ymax></bndbox></object><object><name>proposal</name><bndbox><xmin>159</xmin><ymin>53</ymin><xmax>136</xmax><ymax>146</ymax></bndbox></object><object><name>proposal</name><bndbox><xmin>312</xmin><ymin>26</ymin><xmax>108</xmax><ymax>257</ymax></bndbox></object><object><name>proposal</name><bndbox><xmin>231</xmin><ymin>98</ymin><xmax>110</xmax><ymax>144</ymax></bndbox></object><object><name>proposal</name><bndbox><xmin>68</xmin><ymin>33</ymin><xmax>192</xmax><ymax>192</ymax></bndbox></object><object><name>proposal</name><bndbox><xmin>226</xmin><ymin>48</ymin><xmax>182</xmax><ymax>100</ymax></bndbox></object><object><name>proposal</name><bndbox><xmin>210</xmin><ymin>155</ymin><xmax>202</xmax><ymax>89</ymax></bndbox></object><object><name>proposal</name><bndbox><xmin>66</xmin><ymin>94</ymin><xmax>247</xmax><ymax>128</ymax></bndbox></object><object><name>proposal</name><bndbox><xmin>92</xmin><ymin>89</ymin><xmax>145</xmax><ymax>111</ymax></bndbox></object><object><name>proposal</name><bndbox><xmin>134</xmin><ymin>94</ymin><xmax>173</xmax><ymax>63</ymax></bndbox></object><object><name>proposal</name><bndbox><xmin>232</xmin><ymin>99</ymin><xmax>200</xmax><ymax>84</ymax></bndbox></object><object><name>proposal</name><bndbox><xmin>217</xmin><ymin>155</ymin><xmax>97</xmax><ymax>68</ymax></bndbox></object><object><name>proposal</name><bndbox><xmin>153</xmin><ymin>54</ymin><xmax>105</xmax><ymax>65</ymax></bndbox></object><object><name>proposal</name><bndbox><xmin>110</xmin><ymin>109</ymin><xmax>126</xmax><ymax>167</ymax></bndbox></object><object><name>proposal</name><bndbox><xmin>112</xmin><ymin>54</ymin><xmax>126</xmax><ymax>169</ymax></bndbox></object><object><name>proposal</name><bndbox><xmin>208</xmin><ymin>96</ymin><xmax>207</xmax><ymax>136</ymax></bndbox></object><object><name>proposal</name><bndbox><xmin>154</xmin><ymin>27</ymin><xmax>198</xmax><ymax>93</ymax></bndbox></object><object><name>proposal</name><bndbox><xmin>229</xmin><ymin>27</ymin><xmax>124</xmax><ymax>81</ymax></bndbox></object><object><name>proposal</name><bndbox><xmin>283</xmin><ymin>160</ymin><xmax>55</xmax><ymax>78</ymax></bndbox></object><object><name>proposal</name><bndbox><xmin>197</xmin><ymin>114</ymin><xmax>150</xmax><ymax>107</ymax></bndbox></object><object><name>proposal</name><bndbox><xmin>68</xmin><ymin>88</ymin><xmax>37</xmax><ymax>67</ymax></bndbox></object><object><name>proposal</name><bndbox><xmin>154</xmin><ymin>53</ymin><xmax>59</xmax><ymax>75</ymax></bndbox></object><object><name>proposal</name><bndbox><xmin>191</xmin><ymin>53</ymin><xmax>67</xmax><ymax>97</ymax></bndbox></object><object><name>proposal</name><bndbox><xmin>248</xmin><ymin>97</ymin><xmax>69</xmax><ymax>43</ymax></bndbox></object><object><name>proposal</name><bndbox><xmin>92</xmin><ymin>19</ymin><xmax>223</xmax><ymax>129</ymax></bndbox></object><object><name>proposal</name><bndbox><xmin>225</xmin><ymin>53</ymin><xmax>71</xmax><ymax>128</ymax></bndbox></object><object><name>proposal</name><bndbox><xmin>184</xmin><ymin>219</ymin><xmax>181</xmax><ymax>81</ymax></bndbox></object><object><name>proposal</name><bndbox><xmin>230</xmin><ymin>2</ymin><xmax>169</xmax><ymax>85</ymax></bndbox></object><object><name>proposal</name><bndbox><xmin>67</xmin><ymin>88</ymin><xmax>147</xmax><ymax>191</ymax></bndbox></object><object><name>proposal</name><bndbox><xmin>160</xmin><ymin>39</ymin><xmax>93</xmax><ymax>159</ymax></bndbox></object><object><name>proposal</name><bndbox><xmin>74</xmin><ymin>206</ymin><xmax>141</xmax><ymax>71</ymax></bndbox></object><object><name>proposal</name><bndbox><xmin>282</xmin><ymin>26</ymin><xmax>114</xmax><ymax>64</ymax></bndbox></object><object><name>proposal</name><bndbox><xmin>190</xmin><ymin>56</ymin><xmax>125</xmax><ymax>57</ymax></bndbox></object><object><name>proposal</name><bndbox><xmin>182</xmin><ymin>34</ymin><xmax>133</xmax><ymax>87</ymax></bndbox></object><object><name>proposal</name><bndbox><xmin>25</xmin><ymin>62</ymin><xmax>160</xmax><ymax>215</ymax></bndbox></object><object><name>proposal</name><bndbox><xmin>225</xmin><ymin>76</ymin><xmax>81</xmax><ymax>65</ymax></bndbox></object><object><name>proposal</name><bndbox><xmin>163</xmin><ymin>144</ymin><xmax>71</xmax><ymax>83</ymax></bndbox></object><object><name>proposal</name><bndbox><xmin>92</xmin><ymin>88</ymin><xmax>71</xmax><ymax>65</ymax></bndbox></object><object><name>proposal</name><bndbox><xmin>339</xmin><ymin>25</ymin><xmax>58</xmax><ymax>40</ymax></bndbox></object><object><name>proposal</name><bndbox><xmin>66</xmin><ymin>56</ymin><xmax>104</xmax><ymax>217</ymax></bndbox></object><object><name>proposal</name><bndbox><xmin>63</xmin><ymin>57</ymin><xmax>106</xmax><ymax>98</ymax></bndbox></object><object><name>proposal</name><bndbox><xmin>188</xmin><ymin>54</ymin><xmax>65</xmax><ymax>151</ymax></bndbox></object><object><name>proposal</name><bndbox><xmin>193</xmin><ymin>31</ymin><xmax>61</xmax><ymax>90</ymax></bndbox></object><object><name>proposal</name><bndbox><xmin>156</xmin><ymin>144</ymin><xmax>155</xmax><ymax>97</ymax></bndbox></object><object><name>proposal</name><bndbox><xmin>109</xmin><ymin>144</ymin><xmax>131</xmax><ymax>83</ymax></bndbox></object><object><name>proposal</name><bndbox><xmin>226</xmin><ymin>56</ymin><xmax>59</xmax><ymax>64</ymax></bndbox></object><object><name>proposal</name><bndbox><xmin>179</xmin><ymin>176</ymin><xmax>147</xmax><ymax>67</ymax></bndbox></object><object><name>proposal</name><bndbox><xmin>111</xmin><ymin>139</ymin><xmax>72</xmax><ymax>61</ymax></bndbox></object><object><name>proposal</name><bndbox><xmin>393</xmin><ymin>105</ymin><xmax>65</xmax><ymax>152</ymax></bndbox></object><object><name>proposal</name><bndbox><xmin>189</xmin><ymin>113</ymin><xmax>33</xmax><ymax>45</ymax></bndbox></object><object><name>proposal</name><bndbox><xmin>269</xmin><ymin>108</ymin><xmax>73</xmax><ymax>73</ymax></bndbox></object><object><name>proposal</name><bndbox><xmin>132</xmin><ymin>41</ymin><xmax>133</xmax><ymax>87</ymax></bndbox></object><object><name>proposal</name><bndbox><xmin>131</xmin><ymin>55</ymin><xmax>84</xmax><ymax>55</ymax></bndbox></object><object><name>proposal</name><bndbox><xmin>229</xmin><ymin>96</ymin><xmax>78</xmax><ymax>124</ymax></bndbox></object><object><name>proposal</name><bndbox><xmin>133</xmin><ymin>111</ymin><xmax>91</xmax><ymax>47</ymax></bndbox></object><object><name>proposal</name><bndbox><xmin>36</xmin><ymin>96</ymin><xmax>207</xmax><ymax>108</ymax></bndbox></object><object><name>proposal</name><bndbox><xmin>148</xmin><ymin>56</ymin><xmax>112</xmax><ymax>207</ymax></bndbox></object><object><name>proposal</name><bndbox><xmin>53</xmin><ymin>54</ymin><xmax>125</xmax><ymax>147</ymax></bndbox></object><object><name>proposal</name><bndbox><xmin>351</xmin><ymin>15</ymin><xmax>45</xmax><ymax>48</ymax></bndbox></object><object><name>proposal</name><bndbox><xmin>93</xmin><ymin>54</ymin><xmax>133</xmax><ymax>104</ymax></bndbox></object><object><name>proposal</name><bndbox><xmin>159</xmin><ymin>97</ymin><xmax>75</xmax><ymax>101</ymax></bndbox></object><object><name>proposal</name><bndbox><xmin>254</xmin><ymin>56</ymin><xmax>61</xmax><ymax>30</ymax></bndbox></object><object><name>proposal</name><bndbox><xmin>135</xmin><ymin>54</ymin><xmax>80</xmax><ymax>147</ymax></bndbox></object><object><name>proposal</name><bndbox><xmin>127</xmin><ymin>57</ymin><xmax>42</xmax><ymax>48</ymax></bndbox></object><object><name>proposal</name><bndbox><xmin>32</xmin><ymin>150</ymin><xmax>153</xmax><ymax>126</ymax></bndbox></object><object><name>proposal</name><bndbox><xmin>277</xmin><ymin>26</ymin><xmax>119</xmax><ymax>110</ymax></bndbox></object><object><name>proposal</name><bndbox><xmin>33</xmin><ymin>140</ymin><xmax>106</xmax><ymax>123</ymax></bndbox></object><object><name>proposal</name><bndbox><xmin>246</xmin><ymin>99</ymin><xmax>45</xmax><ymax>42</ymax></bndbox></object><object><name>proposal</name><bndbox><xmin>67</xmin><ymin>90</ymin><xmax>156</xmax><ymax>67</ymax></bndbox></object><object><name>proposal</name><bndbox><xmin>341</xmin><ymin>3</ymin><xmax>97</xmax><ymax>63</ymax></bndbox></object><object><name>proposal</name><bndbox><xmin>180</xmin><ymin>144</ymin><xmax>47</xmax><ymax>60</ymax></bndbox></object><object><name>proposal</name><bndbox><xmin>112</xmin><ymin>109</ymin><xmax>72</xmax><ymax>93</ymax></bndbox></object><object><name>proposal</name><bndbox><xmin>196</xmin><ymin>86</ymin><xmax>217</xmax><ymax>102</ymax></bndbox></object><object><name>proposal</name><bndbox><xmin>200</xmin><ymin>115</ymin><xmax>97</xmax><ymax>84</ymax></bndbox></object><object><name>proposal</name><bndbox><xmin>235</xmin><ymin>56</ymin><xmax>82</xmax><ymax>39</ymax></bndbox></object><object><name>proposal</name><bndbox><xmin>146</xmin><ymin>76</ymin><xmax>162</xmax><ymax>72</ymax></bndbox></object><object><name>proposal</name><bndbox><xmin>197</xmin><ymin>149</ymin><xmax>100</xmax><ymax>96</ymax></bndbox></object><object><name>proposal</name><bndbox><xmin>94</xmin><ymin>83</ymin><xmax>64</xmax><ymax>117</ymax></bndbox></object><object><name>proposal</name><bndbox><xmin>267</xmin><ymin>26</ymin><xmax>170</xmax><ymax>136</ymax></bndbox></object><object><name>proposal</name><bndbox><xmin>206</xmin><ymin>111</ymin><xmax>85</xmax><ymax>37</ymax></bndbox></object><object><name>proposal</name><bndbox><xmin>88</xmin><ymin>53</ymin><xmax>81</xmax><ymax>145</ymax></bndbox></object><object><name>proposal</name><bndbox><xmin>181</xmin><ymin>53</ymin><xmax>102</xmax><ymax>66</ymax></bndbox></object><object><name>proposal</name><bndbox><xmin>286</xmin><ymin>57</ymin><xmax>29</xmax><ymax>45</ymax></bndbox></object><object><name>proposal</name><bndbox><xmin>68</xmin><ymin>100</ymin><xmax>28</xmax><ymax>61</ymax></bndbox></object><object><name>proposal</name><bndbox><xmin>94</xmin><ymin>79</ymin><xmax>212</xmax><ymax>79</ymax></bndbox></object><object><name>proposal</name><bndbox><xmin>235</xmin><ymin>104</ymin><xmax>57</xmax><ymax>45</ymax></bndbox></object><object><name>proposal</name><bndbox><xmin>144</xmin><ymin>111</ymin><xmax>94</xmax><ymax>127</ymax></bndbox></object><object><name>proposal</name><bndbox><xmin>286</xmin><ymin>155</ymin><xmax>93</xmax><ymax>117</ymax></bndbox></object><object><name>proposal</name><bndbox><xmin>89</xmin><ymin>57</ymin><xmax>81</xmax><ymax>53</ymax></bndbox></object><object><name>proposal</name><bndbox><xmin>394</xmin><ymin>75</ymin><xmax>75</xmax><ymax>53</ymax></bndbox></object><object><name>proposal</name><bndbox><xmin>364</xmin><ymin>1</ymin><xmax>32</xmax><ymax>61</ymax></bndbox></object><object><name>proposal</name><bndbox><xmin>231</xmin><ymin>98</ymin><xmax>119</xmax><ymax>50</ymax></bndbox></object><object><name>proposal</name><bndbox><xmin>265</xmin><ymin>76</ymin><xmax>147</xmax><ymax>199</ymax></bndbox></object><object><name>proposal</name><bndbox><xmin>218</xmin><ymin>53</ymin><xmax>79</xmax><ymax>190</ymax></bndbox></object><object><name>proposal</name><bndbox><xmin>61</xmin><ymin>97</ymin><xmax>76</xmax><ymax>100</ymax></bndbox></object><object><name>proposal</name><bndbox><xmin>277</xmin><ymin>56</ymin><xmax>38</xmax><ymax>65</ymax></bndbox></object><object><name>proposal</name><bndbox><xmin>276</xmin><ymin>26</ymin><xmax>109</xmax><ymax>182</ymax></bndbox></object><object><name>proposal</name><bndbox><xmin>186</xmin><ymin>145</ymin><xmax>53</xmax><ymax>53</ymax></bndbox></object><object><name>proposal</name><bndbox><xmin>191</xmin><ymin>116</ymin><xmax>31</xmax><ymax>31</ymax></bndbox></object><object><name>proposal</name><bndbox><xmin>239</xmin><ymin>160</ymin><xmax>95</xmax><ymax>83</ymax></bndbox></object><object><name>proposal</name><bndbox><xmin>92</xmin><ymin>55</ymin><xmax>169</xmax><ymax>82</ymax></bndbox></object><object><name>proposal</name><bndbox><xmin>276</xmin><ymin>54</ymin><xmax>72</xmax><ymax>135</ymax></bndbox></object><object><name>proposal</name><bndbox><xmin>273</xmin><ymin>49</ymin><xmax>136</xmax><ymax>132</ymax></bndbox></object><object><name>proposal</name><bndbox><xmin>67</xmin><ymin>100</ymin><xmax>59</xmax><ymax>59</ymax></bndbox></object><object><name>proposal</name><bndbox><xmin>185</xmin><ymin>40</ymin><xmax>96</xmax><ymax>117</ymax></bndbox></object><object><name>proposal</name><bndbox><xmin>31</xmin><ymin>127</ymin><xmax>237</xmax><ymax>117</ymax></bndbox></object><object><name>proposal</name><bndbox><xmin>213</xmin><ymin>155</ymin><xmax>99</xmax><ymax>40</ymax></bndbox></object><object><name>proposal</name><bndbox><xmin>129</xmin><ymin>57</ymin><xmax>41</xmax><ymax>99</ymax></bndbox></object><object><name>proposal</name><bndbox><xmin>305</xmin><ymin>158</ymin><xmax>112</xmax><ymax>93</ymax></bndbox></object><object><name>proposal</name><bndbox><xmin>235</xmin><ymin>113</ymin><xmax>55</xmax><ymax>27</ymax></bndbox></object><object><name>proposal</name><bndbox><xmin>23</xmin><ymin>88</ymin><xmax>135</xmax><ymax>164</ymax></bndbox></object><object><name>proposal</name><bndbox><xmin>286</xmin><ymin>56</ymin><xmax>31</xmax><ymax>31</ymax></bndbox></object><object><name>proposal</name><bndbox><xmin>134</xmin><ymin>92</ymin><xmax>98</xmax><ymax>66</ymax></bndbox></object><object><name>proposal</name><bndbox><xmin>146</xmin><ymin>114</ymin><xmax>149</xmax><ymax>93</ymax></bndbox></object><object><name>proposal</name><bndbox><xmin>173</xmin><ymin>113</ymin><xmax>51</xmax><ymax>45</ymax></bndbox></object><object><name>proposal</name><bndbox><xmin>204</xmin><ymin>103</ymin><xmax>91</xmax><ymax>64</ymax></bndbox></object><object><name>proposal</name><bndbox><xmin>132</xmin><ymin>6</ymin><xmax>131</xmax><ymax>142</ymax></bndbox></object><object><name>proposal</name><bndbox><xmin>33</xmin><ymin>201</ymin><xmax>70</xmax><ymax>43</ymax></bndbox></object><object><name>proposal</name><bndbox><xmin>106</xmin><ymin>57</ymin><xmax>63</xmax><ymax>97</ymax></bndbox></object><object><name>proposal</name><bndbox><xmin>67</xmin><ymin>112</ymin><xmax>173</xmax><ymax>126</ymax></bndbox></object><object><name>proposal</name><bndbox><xmin>153</xmin><ymin>145</ymin><xmax>96</xmax><ymax>100</ymax></bndbox></object><object><name>proposal</name><bndbox><xmin>29</xmin><ymin>89</ymin><xmax>155</xmax><ymax>113</ymax></bndbox></object><object><name>proposal</name><bndbox><xmin>164</xmin><ymin>57</ymin><xmax>89</xmax><ymax>92</ymax></bndbox></object><object><name>proposal</name><bndbox><xmin>364</xmin><ymin>22</ymin><xmax>31</xmax><ymax>42</ymax></bndbox></object><object><name>proposal</name><bndbox><xmin>229</xmin><ymin>153</ymin><xmax>65</xmax><ymax>75</ymax></bndbox></object><object><name>proposal</name><bndbox><xmin>133</xmin><ymin>93</ymin><xmax>121</xmax><ymax>131</ymax></bndbox></object><object><name>proposal</name><bndbox><xmin>305</xmin><ymin>165</ymin><xmax>88</xmax><ymax>104</ymax></bndbox></object><object><name>proposal</name><bndbox><xmin>33</xmin><ymin>230</ymin><xmax>70</xmax><ymax>36</ymax></bndbox></object><object><name>proposal</name><bndbox><xmin>36</xmin><ymin>33</ymin><xmax>217</xmax><ymax>123</ymax></bndbox></object><object><name>proposal</name><bndbox><xmin>248</xmin><ymin>53</ymin><xmax>123</xmax><ymax>80</ymax></bndbox></object><object><name>proposal</name><bndbox><xmin>73</xmin><ymin>134</ymin><xmax>59</xmax><ymax>66</ymax></bndbox></object><object><name>proposal</name><bndbox><xmin>208</xmin><ymin>96</ymin><xmax>49</xmax><ymax>93</ymax></bndbox></object><object><name>proposal</name><bndbox><xmin>276</xmin><ymin>21</ymin><xmax>198</xmax><ymax>168</ymax></bndbox></object><object><name>proposal</name><bndbox><xmin>208</xmin><ymin>54</ymin><xmax>50</xmax><ymax>145</ymax></bndbox></object><object><name>proposal</name><bndbox><xmin>111</xmin><ymin>171</ymin><xmax>127</xmax><ymax>104</ymax></bndbox></object><object><name>proposal</name><bndbox><xmin>152</xmin><ymin>29</ymin><xmax>61</xmax><ymax>85</ymax></bndbox></object><object><name>proposal</name><bndbox><xmin>354</xmin><ymin>31</ymin><xmax>42</xmax><ymax>31</ymax></bndbox></object><object><name>proposal</name><bndbox><xmin>149</xmin><ymin>42</ymin><xmax>64</xmax><ymax>124</ymax></bndbox></object><object><name>proposal</name><bndbox><xmin>113</xmin><ymin>89</ymin><xmax>47</xmax><ymax>65</ymax></bndbox></object><object><name>proposal</name><bndbox><xmin>199</xmin><ymin>181</ymin><xmax>53</xmax><ymax>57</ymax></bndbox></object><object><name>proposal</name><bndbox><xmin>148</xmin><ymin>130</ymin><xmax>89</xmax><ymax>146</ymax></bndbox></object><object><name>proposal</name><bndbox><xmin>68</xmin><ymin>7</ymin><xmax>154</xmax><ymax>151</ymax></bndbox></object><object><name>proposal</name><bndbox><xmin>112</xmin><ymin>109</ymin><xmax>72</xmax><ymax>159</ymax></bndbox></object><object><name>proposal</name><bndbox><xmin>213</xmin><ymin>121</ymin><xmax>93</xmax><ymax>111</ymax></bndbox></object><object><name>proposal</name><bndbox><xmin>182</xmin><ymin>53</ymin><xmax>41</xmax><ymax>103</ymax></bndbox></object><object><name>proposal</name><bndbox><xmin>47</xmin><ymin>23</ymin><xmax>122</xmax><ymax>132</ymax></bndbox></object><object><name>proposal</name><bndbox><xmin>208</xmin><ymin>116</ymin><xmax>135</xmax><ymax>72</ymax></bndbox></object><object><name>proposal</name><bndbox><xmin>138</xmin><ymin>40</ymin><xmax>77</xmax><ymax>86</ymax></bndbox></object><object><name>proposal</name><bndbox><xmin>108</xmin><ymin>57</ymin><xmax>75</xmax><ymax>144</ymax></bndbox></object><object><name>proposal</name><bndbox><xmin>285</xmin><ymin>49</ymin><xmax>111</xmax><ymax>41</ymax></bndbox></object><object><name>proposal</name><bndbox><xmin>65</xmin><ymin>95</ymin><xmax>75</xmax><ymax>169</ymax></bndbox></object><object><name>proposal</name><bndbox><xmin>227</xmin><ymin>99</ymin><xmax>71</xmax><ymax>34</ymax></bndbox></object><object><name>proposal</name><bndbox><xmin>139</xmin><ymin>50</ymin><xmax>30</xmax><ymax>56</ymax></bndbox></object><object><name>proposal</name><bndbox><xmin>183</xmin><ymin>117</ymin><xmax>43</xmax><ymax>83</ymax></bndbox></object><object><name>proposal</name><bndbox><xmin>179</xmin><ymin>33</ymin><xmax>75</xmax><ymax>111</ymax></bndbox></object><object><name>proposal</name><bndbox><xmin>154</xmin><ymin>55</ymin><xmax>57</xmax><ymax>49</ymax></bndbox></object><object><name>proposal</name><bndbox><xmin>188</xmin><ymin>117</ymin><xmax>63</xmax><ymax>81</ymax></bndbox></object><object><name>proposal</name><bndbox><xmin>153</xmin><ymin>14</ymin><xmax>106</xmax><ymax>106</ymax></bndbox></object><object><name>proposal</name><bndbox><xmin>29</xmin><ymin>206</ymin><xmax>130</xmax><ymax>65</ymax></bndbox></object><object><name>proposal</name><bndbox><xmin>232</xmin><ymin>33</ymin><xmax>84</xmax><ymax>61</ymax></bndbox></object><object><name>proposal</name><bndbox><xmin>33</xmin><ymin>177</ymin><xmax>107</xmax><ymax>75</ymax></bndbox></object><object><name>proposal</name><bndbox><xmin>208</xmin><ymin>96</ymin><xmax>49</xmax><ymax>53</ymax></bndbox></object><object><name>proposal</name><bndbox><xmin>208</xmin><ymin>115</ymin><xmax>50</xmax><ymax>34</ymax></bndbox></object><object><name>proposal</name><bndbox><xmin>283</xmin><ymin>28</ymin><xmax>69</xmax><ymax>57</ymax></bndbox></object><object><name>proposal</name><bndbox><xmin>267</xmin><ymin>57</ymin><xmax>48</xmax><ymax>48</ymax></bndbox></object><object><name>proposal</name><bndbox><xmin>200</xmin><ymin>179</ymin><xmax>87</xmax><ymax>61</ymax></bndbox></object><object><name>proposal</name><bndbox><xmin>247</xmin><ymin>56</ymin><xmax>97</xmax><ymax>182</ymax></bndbox></object><object><name>proposal</name><bndbox><xmin>66</xmin><ymin>71</ymin><xmax>44</xmax><ymax>87</ymax></bndbox></object><object><name>proposal</name><bndbox><xmin>52</xmin><ymin>144</ymin><xmax>199</xmax><ymax>90</ymax></bndbox></object><object><name>proposal</name><bndbox><xmin>305</xmin><ymin>26</ymin><xmax>107</xmax><ymax>165</ymax></bndbox></object><object><name>proposal</name><bndbox><xmin>122</xmin><ymin>203</ymin><xmax>92</xmax><ymax>74</ymax></bndbox></object><object><name>proposal</name><bndbox><xmin>263</xmin><ymin>160</ymin><xmax>155</xmax><ymax>77</ymax></bndbox></object><object><name>proposal</name><bndbox><xmin>183</xmin><ymin>126</ymin><xmax>137</xmax><ymax>164</ymax></bndbox></object><object><name>proposal</name><bndbox><xmin>33</xmin><ymin>183</ymin><xmax>81</xmax><ymax>63</ymax></bndbox></object><object><name>proposal</name><bndbox><xmin>90</xmin><ymin>56</ymin><xmax>85</xmax><ymax>81</ymax></bndbox></object><object><name>proposal</name><bndbox><xmin>235</xmin><ymin>114</ymin><xmax>53</xmax><ymax>53</ymax></bndbox></object><object><name>proposal</name><bndbox><xmin>107</xmin><ymin>149</ymin><xmax>25</xmax><ymax>51</ymax></bndbox></object><object><name>proposal</name><bndbox><xmin>83</xmin><ymin>172</ymin><xmax>132</xmax><ymax>106</ymax></bndbox></object><object><name>proposal</name><bndbox><xmin>148</xmin><ymin>128</ymin><xmax>103</xmax><ymax>72</ymax></bndbox></object><object><name>proposal</name><bndbox><xmin>90</xmin><ymin>31</ymin><xmax>194</xmax><ymax>89</ymax></bndbox></object><object><name>proposal</name><bndbox><xmin>86</xmin><ymin>215</ymin><xmax>78</xmax><ymax>55</ymax></bndbox></object><object><name>proposal</name><bndbox><xmin>249</xmin><ymin>56</ymin><xmax>89</xmax><ymax>65</ymax></bndbox></object><object><name>proposal</name><bndbox><xmin>82</xmin><ymin>149</ymin><xmax>53</xmax><ymax>49</ymax></bndbox></object><object><name>proposal</name><bndbox><xmin>53</xmin><ymin>141</ymin><xmax>80</xmax><ymax>68</ymax></bndbox></object><object><name>proposal</name><bndbox><xmin>278</xmin><ymin>57</ymin><xmax>49</xmax><ymax>75</ymax></bndbox></object><object><name>proposal</name><bndbox><xmin>160</xmin><ymin>116</ymin><xmax>91</xmax><ymax>145</ymax></bndbox></object><object><name>proposal</name><bndbox><xmin>278</xmin><ymin>90</ymin><xmax>75</xmax><ymax>94</ymax></bndbox></object><object><name>proposal</name><bndbox><xmin>186</xmin><ymin>40</ymin><xmax>69</xmax><ymax>57</ymax></bndbox></object><object><name>proposal</name><bndbox><xmin>104</xmin><ymin>55</ymin><xmax>49</xmax><ymax>57</ymax></bndbox></object><object><name>proposal</name><bndbox><xmin>91</xmin><ymin>88</ymin><xmax>94</xmax><ymax>122</ymax></bndbox></object><object><name>proposal</name><bndbox><xmin>334</xmin><ymin>24</ymin><xmax>76</xmax><ymax>151</ymax></bndbox></object><object><name>proposal</name><bndbox><xmin>130</xmin><ymin>36</ymin><xmax>39</xmax><ymax>73</ymax></bndbox></object><object><name>proposal</name><bndbox><xmin>183</xmin><ymin>141</ymin><xmax>43</xmax><ymax>87</ymax></bndbox></object><object><name>proposal</name><bndbox><xmin>88</xmin><ymin>54</ymin><xmax>129</xmax><ymax>57</ymax></bndbox></object><object><name>proposal</name><bndbox><xmin>218</xmin><ymin>163</ymin><xmax>71</xmax><ymax>71</ymax></bndbox></object><object><name>proposal</name><bndbox><xmin>163</xmin><ymin>155</ymin><xmax>29</xmax><ymax>42</ymax></bndbox></object><object><name>proposal</name><bndbox><xmin>317</xmin><ymin>3</ymin><xmax>81</xmax><ymax>64</ymax></bndbox></object><object><name>proposal</name><bndbox><xmin>149</xmin><ymin>159</ymin><xmax>91</xmax><ymax>43</ymax></bndbox></object><object><name>proposal</name><bndbox><xmin>89</xmin><ymin>96</ymin><xmax>74</xmax><ymax>77</ymax></bndbox></object><object><name>proposal</name><bndbox><xmin>145</xmin><ymin>112</ymin><xmax>40</xmax><ymax>88</ymax></bndbox></object><object><name>proposal</name><bndbox><xmin>244</xmin><ymin>107</ymin><xmax>51</xmax><ymax>27</ymax></bndbox></object><object><name>proposal</name><bndbox><xmin>294</xmin><ymin>30</ymin><xmax>78</xmax><ymax>57</ymax></bndbox></object><object><name>proposal</name><bndbox><xmin>31</xmin><ymin>2</ymin><xmax>277</xmax><ymax>131</ymax></bndbox></object><object><name>proposal</name><bndbox><xmin>32</xmin><ymin>100</ymin><xmax>53</xmax><ymax>49</ymax></bndbox></object><object><name>proposal</name><bndbox><xmin>111</xmin><ymin>150</ymin><xmax>74</xmax><ymax>77</ymax></bndbox></object><object><name>proposal</name><bndbox><xmin>343</xmin><ymin>16</ymin><xmax>81</xmax><ymax>49</ymax></bndbox></object><object><name>proposal</name><bndbox><xmin>206</xmin><ymin>103</ymin><xmax>91</xmax><ymax>39</ymax></bndbox></object><object><name>proposal</name><bndbox><xmin>282</xmin><ymin>105</ymin><xmax>199</xmax><ymax>153</ymax></bndbox></object><object><name>proposal</name><bndbox><xmin>342</xmin><ymin>22</ymin><xmax>131</xmax><ymax>245</ymax></bndbox></object><object><name>proposal</name><bndbox><xmin>89</xmin><ymin>89</ymin><xmax>77</xmax><ymax>165</ymax></bndbox></object><object><name>proposal</name><bndbox><xmin>71</xmin><ymin>36</ymin><xmax>98</xmax><ymax>75</ymax></bndbox></object><object><name>proposal</name><bndbox><xmin>119</xmin><ymin>217</ymin><xmax>118</xmax><ymax>58</ymax></bndbox></object><object><name>proposal</name><bndbox><xmin>251</xmin><ymin>35</ymin><xmax>66</xmax><ymax>51</ymax></bndbox></object><object><name>proposal</name><bndbox><xmin>174</xmin><ymin>95</ymin><xmax>49</xmax><ymax>69</ymax></bndbox></object><object><name>proposal</name><bndbox><xmin>33</xmin><ymin>228</ymin><xmax>71</xmax><ymax>62</ymax></bndbox></object><object><name>proposal</name><bndbox><xmin>73</xmin><ymin>187</ymin><xmax>111</xmax><ymax>90</ymax></bndbox></object><object><name>proposal</name><bndbox><xmin>111</xmin><ymin>93</ymin><xmax>110</xmax><ymax>127</ymax></bndbox></object><object><name>proposal</name><bndbox><xmin>277</xmin><ymin>26</ymin><xmax>196</xmax><ymax>69</ymax></bndbox></object><object><name>proposal</name><bndbox><xmin>86</xmin><ymin>151</ymin><xmax>89</xmax><ymax>125</ymax></bndbox></object><object><name>proposal</name><bndbox><xmin>235</xmin><ymin>69</ymin><xmax>204</xmax><ymax>93</ymax></bndbox></object><object><name>proposal</name><bndbox><xmin>67</xmin><ymin>97</ymin><xmax>43</xmax><ymax>87</ymax></bndbox></object><object><name>proposal</name><bndbox><xmin>94</xmin><ymin>40</ymin><xmax>67</xmax><ymax>114</ymax></bndbox></object><object><name>proposal</name><bndbox><xmin>321</xmin><ymin>158</ymin><xmax>60</xmax><ymax>117</ymax></bndbox></object><object><name>proposal</name><bndbox><xmin>208</xmin><ymin>76</ymin><xmax>119</xmax><ymax>72</ymax></bndbox></object><object><name>proposal</name><bndbox><xmin>247</xmin><ymin>154</ymin><xmax>57</xmax><ymax>81</ymax></bndbox></object><object><name>proposal</name><bndbox><xmin>89</xmin><ymin>68</ymin><xmax>65</xmax><ymax>44</ymax></bndbox></object><object><name>proposal</name><bndbox><xmin>63</xmin><ymin>111</ymin><xmax>123</xmax><ymax>90</ymax></bndbox></object><object><name>proposal</name><bndbox><xmin>91</xmin><ymin>83</ymin><xmax>59</xmax><ymax>27</ymax></bndbox></object><object><name>proposal</name><bndbox><xmin>329</xmin><ymin>33</ymin><xmax>87</xmax><ymax>207</ymax></bndbox></object><object><name>proposal</name><bndbox><xmin>89</xmin><ymin>107</ymin><xmax>72</xmax><ymax>49</ymax></bndbox></object><object><name>proposal</name><bndbox><xmin>32</xmin><ymin>99</ymin><xmax>91</xmax><ymax>166</ymax></bndbox></object><object><name>proposal</name><bndbox><xmin>203</xmin><ymin>53</ymin><xmax>75</xmax><ymax>97</ymax></bndbox></object><object><name>proposal</name><bndbox><xmin>208</xmin><ymin>117</ymin><xmax>58</xmax><ymax>77</ymax></bndbox></object><object><name>proposal</name><bndbox><xmin>74</xmin><ymin>150</ymin><xmax>64</xmax><ymax>113</ymax></bndbox></object><object><name>proposal</name><bndbox><xmin>166</xmin><ymin>115</ymin><xmax>60</xmax><ymax>109</ymax></bndbox></object><object><name>proposal</name><bndbox><xmin>181</xmin><ymin>195</ymin><xmax>237</xmax><ymax>99</ymax></bndbox></object><object><name>proposal</name><bndbox><xmin>226</xmin><ymin>173</ymin><xmax>65</xmax><ymax>50</ymax></bndbox></object><object><name>proposal</name><bndbox><xmin>274</xmin><ymin>57</ymin><xmax>77</xmax><ymax>77</ymax></bndbox></object><object><name>proposal</name><bndbox><xmin>108</xmin><ymin>56</ymin><xmax>97</xmax><ymax>220</ymax></bndbox></object><object><name>proposal</name><bndbox><xmin>199</xmin><ymin>195</ymin><xmax>51</xmax><ymax>29</ymax></bndbox></object><object><name>proposal</name><bndbox><xmin>251</xmin><ymin>60</ymin><xmax>31</xmax><ymax>45</ymax></bndbox></object><object><name>proposal</name><bndbox><xmin>235</xmin><ymin>125</ymin><xmax>113</xmax><ymax>54</ymax></bndbox></object><object><name>proposal</name><bndbox><xmin>228</xmin><ymin>69</ymin><xmax>142</xmax><ymax>81</ymax></bndbox></object><object><name>proposal</name><bndbox><xmin>131</xmin><ymin>89</ymin><xmax>30</xmax><ymax>66</ymax></bndbox></object><object><name>proposal</name><bndbox><xmin>94</xmin><ymin>140</ymin><xmax>39</xmax><ymax>61</ymax></bndbox></object><object><name>proposal</name><bndbox><xmin>355</xmin><ymin>46</ymin><xmax>55</xmax><ymax>69</ymax></bndbox></object><object><name>proposal</name><bndbox><xmin>320</xmin><ymin>24</ymin><xmax>77</xmax><ymax>74</ymax></bndbox></object><object><name>proposal</name><bndbox><xmin>292</xmin><ymin>203</ymin><xmax>128</xmax><ymax>78</ymax></bndbox></object><object><name>proposal</name><bndbox><xmin>203</xmin><ymin>117</ymin><xmax>85</xmax><ymax>43</ymax></bndbox></object><object><name>proposal</name><bndbox><xmin>235</xmin><ymin>125</ymin><xmax>55</xmax><ymax>23</ymax></bndbox></object><object><name>proposal</name><bndbox><xmin>216</xmin><ymin>165</ymin><xmax>91</xmax><ymax>43</ymax></bndbox></object><object><name>proposal</name><bndbox><xmin>265</xmin><ymin>157</ymin><xmax>90</xmax><ymax>116</ymax></bndbox></object><object><name>proposal</name><bndbox><xmin>281</xmin><ymin>160</ymin><xmax>103</xmax><ymax>69</ymax></bndbox></object><object><name>proposal</name><bndbox><xmin>77</xmin><ymin>52</ymin><xmax>77</xmax><ymax>59</ymax></bndbox></object><object><name>proposal</name><bndbox><xmin>51</xmin><ymin>99</ymin><xmax>31</xmax><ymax>48</ymax></bndbox></object><object><name>proposal</name><bndbox><xmin>187</xmin><ymin>96</ymin><xmax>37</xmax><ymax>62</ymax></bndbox></object><object><name>proposal</name><bndbox><xmin>355</xmin><ymin>49</ymin><xmax>40</xmax><ymax>40</ymax></bndbox></object><object><name>proposal</name><bndbox><xmin>260</xmin><ymin>49</ymin><xmax>55</xmax><ymax>69</ymax></bndbox></object><object><name>proposal</name><bndbox><xmin>110</xmin><ymin>133</ymin><xmax>96</xmax><ymax>145</ymax></bndbox></object><object><name>proposal</name><bndbox><xmin>249</xmin><ymin>59</ymin><xmax>61</xmax><ymax>53</ymax></bndbox></object><object><name>proposal</name><bndbox><xmin>25</xmin><ymin>90</ymin><xmax>152</xmax><ymax>67</ymax></bndbox></object><object><name>proposal</name><bndbox><xmin>278</xmin><ymin>36</ymin><xmax>65</xmax><ymax>197</ymax></bndbox></object><object><name>proposal</name><bndbox><xmin>340</xmin><ymin>26</ymin><xmax>132</xmax><ymax>104</ymax></bndbox></object><object><name>proposal</name><bndbox><xmin>225</xmin><ymin>175</ymin><xmax>84</xmax><ymax>59</ymax></bndbox></object><object><name>proposal</name><bndbox><xmin>91</xmin><ymin>14</ymin><xmax>124</xmax><ymax>97</ymax></bndbox></object><object><name>proposal</name><bndbox><xmin>177</xmin><ymin>117</ymin><xmax>63</xmax><ymax>89</ymax></bndbox></object><object><name>proposal</name><bndbox><xmin>135</xmin><ymin>109</ymin><xmax>68</xmax><ymax>93</ymax></bndbox></object><object><name>proposal</name><bndbox><xmin>156</xmin><ymin>158</ymin><xmax>29</xmax><ymax>39</ymax></bndbox></object><object><name>proposal</name><bndbox><xmin>40</xmin><ymin>56</ymin><xmax>130</xmax><ymax>55</ymax></bndbox></object><object><name>proposal</name><bndbox><xmin>284</xmin><ymin>42</ymin><xmax>138</xmax><ymax>87</ymax></bndbox></object><object><name>proposal</name><bndbox><xmin>129</xmin><ymin>41</ymin><xmax>85</xmax><ymax>56</ymax></bndbox></object><object><name>proposal</name><bndbox><xmin>192</xmin><ymin>57</ymin><xmax>41</xmax><ymax>91</ymax></bndbox></object><object><name>proposal</name><bndbox><xmin>393</xmin><ymin>71</ymin><xmax>76</xmax><ymax>97</ymax></bndbox></object><object><name>proposal</name><bndbox><xmin>340</xmin><ymin>4</ymin><xmax>136</xmax><ymax>69</ymax></bndbox></object><object><name>proposal</name><bndbox><xmin>69</xmin><ymin>106</ymin><xmax>93</xmax><ymax>73</ymax></bndbox></object><object><name>proposal</name><bndbox><xmin>342</xmin><ymin>5</ymin><xmax>56</xmax><ymax>85</ymax></bndbox></object><object><name>proposal</name><bndbox><xmin>280</xmin><ymin>123</ymin><xmax>57</xmax><ymax>57</ymax></bndbox></object><object><name>proposal</name><bndbox><xmin>285</xmin><ymin>57</ymin><xmax>95</xmax><ymax>39</ymax></bndbox></object><object><name>proposal</name><bndbox><xmin>73</xmin><ymin>141</ymin><xmax>61</xmax><ymax>89</ymax></bndbox></object><object><name>proposal</name><bndbox><xmin>100</xmin><ymin>217</ymin><xmax>40</xmax><ymax>37</ymax></bndbox></object><object><name>proposal</name><bndbox><xmin>286</xmin><ymin>43</ymin><xmax>29</xmax><ymax>42</ymax></bndbox></object><object><name>proposal</name><bndbox><xmin>214</xmin><ymin>34</ymin><xmax>39</xmax><ymax>79</ymax></bndbox></object><object><name>proposal</name><bndbox><xmin>265</xmin><ymin>95</ymin><xmax>77</xmax><ymax>141</ymax></bndbox></object><object><name>proposal</name><bndbox><xmin>199</xmin><ymin>77</ymin><xmax>52</xmax><ymax>122</ymax></bndbox></object><object><name>proposal</name><bndbox><xmin>274</xmin><ymin>106</ymin><xmax>44</xmax><ymax>75</ymax></bndbox></object><object><name>proposal</name><bndbox><xmin>230</xmin><ymin>56</ymin><xmax>36</xmax><ymax>85</ymax></bndbox></object><object><name>proposal</name><bndbox><xmin>92</xmin><ymin>215</ymin><xmax>48</xmax><ymax>48</ymax></bndbox></object><object><name>proposal</name><bndbox><xmin>200</xmin><ymin>166</ymin><xmax>104</xmax><ymax>64</ymax></bndbox></object><object><name>proposal</name><bndbox><xmin>93</xmin><ymin>97</ymin><xmax>40</xmax><ymax>103</ymax></bndbox></object><object><name>proposal</name><bndbox><xmin>5</xmin><ymin>230</ymin><xmax>100</xmax><ymax>52</ymax></bndbox></object><object><name>proposal</name><bndbox><xmin>230</xmin><ymin>24</ymin><xmax>52</xmax><ymax>105</ymax></bndbox></object><object><name>proposal</name><bndbox><xmin>231</xmin><ymin>185</ymin><xmax>57</xmax><ymax>45</ymax></bndbox></object><object><name>proposal</name><bndbox><xmin>94</xmin><ymin>89</ymin><xmax>60</xmax><ymax>44</ymax></bndbox></object><object><name>proposal</name><bndbox><xmin>106</xmin><ymin>29</ymin><xmax>63</xmax><ymax>81</ymax></bndbox></object><object><name>proposal</name><bndbox><xmin>264</xmin><ymin>177</ymin><xmax>69</xmax><ymax>59</ymax></bndbox></object><object><name>proposal</name><bndbox><xmin>201</xmin><ymin>199</ymin><xmax>48</xmax><ymax>35</ymax></bndbox></object><object><name>proposal</name><bndbox><xmin>166</xmin><ymin>40</ymin><xmax>47</xmax><ymax>70</ymax></bndbox></object><object><name>proposal</name><bndbox><xmin>340</xmin><ymin>24</ymin><xmax>132</xmax><ymax>69</ymax></bndbox></object><object><name>proposal</name><bndbox><xmin>131</xmin><ymin>88</ymin><xmax>45</xmax><ymax>66</ymax></bndbox></object><object><name>proposal</name><bndbox><xmin>91</xmin><ymin>29</ymin><xmax>63</xmax><ymax>81</ymax></bndbox></object><object><name>proposal</name><bndbox><xmin>33</xmin><ymin>138</ymin><xmax>72</xmax><ymax>120</ymax></bndbox></object><object><name>proposal</name><bndbox><xmin>235</xmin><ymin>59</ymin><xmax>57</xmax><ymax>53</ymax></bndbox></object><object><name>proposal</name><bndbox><xmin>264</xmin><ymin>119</ymin><xmax>173</xmax><ymax>138</ymax></bndbox></object><object><name>proposal</name><bndbox><xmin>5</xmin><ymin>100</ymin><xmax>87</xmax><ymax>55</ymax></bndbox></object><object><name>proposal</name><bndbox><xmin>207</xmin><ymin>116</ymin><xmax>45</xmax><ymax>45</ymax></bndbox></object><object><name>proposal</name><bndbox><xmin>13</xmin><ymin>29</ymin><xmax>172</xmax><ymax>172</ymax></bndbox></object><object><name>proposal</name><bndbox><xmin>188</xmin><ymin>145</ymin><xmax>63</xmax><ymax>101</ymax></bndbox></object><object><name>proposal</name><bndbox><xmin>309</xmin><ymin>106</ymin><xmax>115</xmax><ymax>132</ymax></bndbox></object><object><name>proposal</name><bndbox><xmin>342</xmin><ymin>33</ymin><xmax>68</xmax><ymax>105</ymax></bndbox></object><object><name>proposal</name><bndbox><xmin>199</xmin><ymin>115</ymin><xmax>81</xmax><ymax>124</ymax></bndbox></object><object><name>proposal</name><bndbox><xmin>325</xmin><ymin>234</ymin><xmax>97</xmax><ymax>64</ymax></bndbox></object><object><name>proposal</name><bndbox><xmin>111</xmin><ymin>217</ymin><xmax>27</xmax><ymax>51</ymax></bndbox></object><object><name>proposal</name><bndbox><xmin>166</xmin><ymin>40</ymin><xmax>60</xmax><ymax>124</ymax></bndbox></object><object><name>proposal</name><bndbox><xmin>393</xmin><ymin>44</ymin><xmax>80</xmax><ymax>84</ymax></bndbox></object><object><name>proposal</name><bndbox><xmin>305</xmin><ymin>189</ymin><xmax>114</xmax><ymax>69</ymax></bndbox></object><object><name>proposal</name><bndbox><xmin>183</xmin><ymin>11</ymin><xmax>71</xmax><ymax>86</ymax></bndbox></object><object><name>proposal</name><bndbox><xmin>264</xmin><ymin>193</ymin><xmax>67</xmax><ymax>39</ymax></bndbox></object><object><name>proposal</name><bndbox><xmin>144</xmin><ymin>105</ymin><xmax>79</xmax><ymax>43</ymax></bndbox></object><object><name>proposal</name><bndbox><xmin>16</xmin><ymin>200</ymin><xmax>31</xmax><ymax>39</ymax></bndbox></object><object><name>proposal</name><bndbox><xmin>369</xmin><ymin>14</ymin><xmax>25</xmax><ymax>47</ymax></bndbox></object><object><name>proposal</name><bndbox><xmin>94</xmin><ymin>62</ymin><xmax>59</xmax><ymax>74</ymax></bndbox></object><object><name>proposal</name><bndbox><xmin>154</xmin><ymin>62</ymin><xmax>36</xmax><ymax>64</ymax></bndbox></object><object><name>proposal</name><bndbox><xmin>186</xmin><ymin>125</ymin><xmax>120</xmax><ymax>84</ymax></bndbox></object><object><name>proposal</name><bndbox><xmin>281</xmin><ymin>158</ymin><xmax>192</xmax><ymax>106</ymax></bndbox></object><object><name>proposal</name><bndbox><xmin>131</xmin><ymin>6</ymin><xmax>84</xmax><ymax>144</ymax></bndbox></object><object><name>proposal</name><bndbox><xmin>91</xmin><ymin>149</ymin><xmax>41</xmax><ymax>79</ymax></bndbox></object><object><name>proposal</name><bndbox><xmin>148</xmin><ymin>179</ymin><xmax>113</xmax><ymax>60</ymax></bndbox></object><object><name>proposal</name><bndbox><xmin>273</xmin><ymin>57</ymin><xmax>96</xmax><ymax>112</ymax></bndbox></object><object><name>proposal</name><bndbox><xmin>163</xmin><ymin>141</ymin><xmax>25</xmax><ymax>59</ymax></bndbox></object><object><name>proposal</name><bndbox><xmin>29</xmin><ymin>171</ymin><xmax>133</xmax><ymax>93</ymax></bndbox></object><object><name>proposal</name><bndbox><xmin>202</xmin><ymin>117</ymin><xmax>21</xmax><ymax>42</ymax></bndbox></object><object><name>proposal</name><bndbox><xmin>66</xmin><ymin>141</ymin><xmax>29</xmax><ymax>42</ymax></bndbox></object><object><name>proposal</name><bndbox><xmin>282</xmin><ymin>48</ymin><xmax>125</xmax><ymax>62</ymax></bndbox></object><object><name>proposal</name><bndbox><xmin>140</xmin><ymin>27</ymin><xmax>31</xmax><ymax>79</ymax></bndbox></object><object><name>proposal</name><bndbox><xmin>277</xmin><ymin>30</ymin><xmax>103</xmax><ymax>45</ymax></bndbox></object><object><name>proposal</name><bndbox><xmin>378</xmin><ymin>4</ymin><xmax>69</xmax><ymax>59</ymax></bndbox></object><object><name>proposal</name><bndbox><xmin>353</xmin><ymin>157</ymin><xmax>61</xmax><ymax>97</ymax></bndbox></object><object><name>proposal</name><bndbox><xmin>53</xmin><ymin>108</ymin><xmax>132</xmax><ymax>128</ymax></bndbox></object><object><name>proposal</name><bndbox><xmin>294</xmin><ymin>24</ymin><xmax>81</xmax><ymax>94</ymax></bndbox></object><object><name>proposal</name><bndbox><xmin>183</xmin><ymin>178</ymin><xmax>166</xmax><ymax>121</ymax></bndbox></object><object><name>proposal</name><bndbox><xmin>127</xmin><ymin>55</ymin><xmax>27</xmax><ymax>55</ymax></bndbox></object><object><name>proposal</name><bndbox><xmin>181</xmin><ymin>34</ymin><xmax>101</xmax><ymax>63</ymax></bndbox></object><object><name>proposal</name><bndbox><xmin>261</xmin><ymin>114</ymin><xmax>151</xmax><ymax>67</ymax></bndbox></object><object><name>proposal</name><bndbox><xmin>227</xmin><ymin>40</ymin><xmax>74</xmax><ymax>74</ymax></bndbox></object><object><name>proposal</name><bndbox><xmin>235</xmin><ymin>126</ymin><xmax>70</xmax><ymax>41</ymax></bndbox></object><object><name>proposal</name><bndbox><xmin>285</xmin><ymin>166</ymin><xmax>48</xmax><ymax>45</ymax></bndbox></object><object><name>proposal</name><bndbox><xmin>89</xmin><ymin>14</ymin><xmax>81</xmax><ymax>98</ymax></bndbox></object><object><name>proposal</name><bndbox><xmin>144</xmin><ymin>103</ymin><xmax>117</xmax><ymax>54</ymax></bndbox></object><object><name>proposal</name><bndbox><xmin>149</xmin><ymin>128</ymin><xmax>43</xmax><ymax>72</ymax></bndbox></object><object><name>proposal</name><bndbox><xmin>284</xmin><ymin>56</ymin><xmax>45</xmax><ymax>33</ymax></bndbox></object><object><name>proposal</name><bndbox><xmin>166</xmin><ymin>144</ymin><xmax>60</xmax><ymax>44</ymax></bndbox></object><object><name>proposal</name><bndbox><xmin>147</xmin><ymin>181</ymin><xmax>66</xmax><ymax>98</ymax></bndbox></object><object><name>proposal</name><bndbox><xmin>172</xmin><ymin>204</ymin><xmax>42</xmax><ymax>31</ymax></bndbox></object><object><name>proposal</name><bndbox><xmin>313</xmin><ymin>26</ymin><xmax>87</xmax><ymax>49</ymax></bndbox></object><object><name>proposal</name><bndbox><xmin>66</xmin><ymin>53</ymin><xmax>77</xmax><ymax>145</ymax></bndbox></object><object><name>proposal</name><bndbox><xmin>74</xmin><ymin>141</ymin><xmax>20</xmax><ymax>38</ymax></bndbox></object><object><name>proposal</name><bndbox><xmin>357</xmin><ymin>14</ymin><xmax>53</xmax><ymax>49</ymax></bndbox></object><object><name>proposal</name><bndbox><xmin>151</xmin><ymin>143</ymin><xmax>162</xmax><ymax>65</ymax></bndbox></object><object><name>proposal</name><bndbox><xmin>52</xmin><ymin>128</ymin><xmax>84</xmax><ymax>106</ymax></bndbox></object><object><name>proposal</name><bndbox><xmin>141</xmin><ymin>61</ymin><xmax>28</xmax><ymax>56</ymax></bndbox></object><object><name>proposal</name><bndbox><xmin>158</xmin><ymin>158</ymin><xmax>45</xmax><ymax>39</ymax></bndbox></object><object><name>proposal</name><bndbox><xmin>334</xmin><ymin>233</ymin><xmax>140</xmax><ymax>65</ymax></bndbox></object><object><name>proposal</name><bndbox><xmin>163</xmin><ymin>157</ymin><xmax>51</xmax><ymax>69</ymax></bndbox></object><object><name>proposal</name><bndbox><xmin>232</xmin><ymin>213</ymin><xmax>183</xmax><ymax>67</ymax></bndbox></object><object><name>proposal</name><bndbox><xmin>124</xmin><ymin>56</ymin><xmax>45</xmax><ymax>72</ymax></bndbox></object><object><name>proposal</name><bndbox><xmin>344</xmin><ymin>133</ymin><xmax>71</xmax><ymax>135</ymax></bndbox></object><object><name>proposal</name><bndbox><xmin>22</xmin><ymin>99</ymin><xmax>76</xmax><ymax>145</ymax></bndbox></object><object><name>proposal</name><bndbox><xmin>140</xmin><ymin>134</ymin><xmax>74</xmax><ymax>65</ymax></bndbox></object><object><name>proposal</name><bndbox><xmin>162</xmin><ymin>138</ymin><xmax>47</xmax><ymax>60</ymax></bndbox></object><object><name>proposal</name><bndbox><xmin>68</xmin><ymin>73</ymin><xmax>28</xmax><ymax>76</ymax></bndbox></object><object><name>proposal</name><bndbox><xmin>106</xmin><ymin>94</ymin><xmax>69</xmax><ymax>59</ymax></bndbox></object><object><name>proposal</name><bndbox><xmin>200</xmin><ymin>149</ymin><xmax>37</xmax><ymax>95</ymax></bndbox></object><object><name>proposal</name><bndbox><xmin>100</xmin><ymin>88</ymin><xmax>151</xmax><ymax>65</ymax></bndbox></object><object><name>proposal</name><bndbox><xmin>274</xmin><ymin>21</ymin><xmax>43</xmax><ymax>111</ymax></bndbox></object><object><name>proposal</name><bndbox><xmin>25</xmin><ymin>93</ymin><xmax>61</xmax><ymax>69</ymax></bndbox></object><object><name>proposal</name><bndbox><xmin>150</xmin><ymin>184</ymin><xmax>69</xmax><ymax>53</ymax></bndbox></object><object><name>proposal</name><bndbox><xmin>163</xmin><ymin>158</ymin><xmax>57</xmax><ymax>45</ymax></bndbox></object><object><name>proposal</name><bndbox><xmin>320</xmin><ymin>24</ymin><xmax>78</xmax><ymax>120</ymax></bndbox></object><object><name>proposal</name><bndbox><xmin>246</xmin><ymin>93</ymin><xmax>43</xmax><ymax>79</ymax></bndbox></object><object><name>proposal</name><bndbox><xmin>144</xmin><ymin>229</ymin><xmax>65</xmax><ymax>47</ymax></bndbox></object><object><name>proposal</name><bndbox><xmin>156</xmin><ymin>128</ymin><xmax>28</xmax><ymax>71</ymax></bndbox></object><object><name>proposal</name><bndbox><xmin>252</xmin><ymin>20</ymin><xmax>93</xmax><ymax>111</ymax></bndbox></object><object><name>proposal</name><bndbox><xmin>193</xmin><ymin>50</ymin><xmax>44</xmax><ymax>60</ymax></bndbox></object><object><name>proposal</name><bndbox><xmin>105</xmin><ymin>203</ymin><xmax>135</xmax><ymax>67</ymax></bndbox></object><object><name>proposal</name><bndbox><xmin>191</xmin><ymin>220</ymin><xmax>126</xmax><ymax>64</ymax></bndbox></object><object><name>proposal</name><bndbox><xmin>208</xmin><ymin>95</ymin><xmax>36</xmax><ymax>67</ymax></bndbox></object><object><name>proposal</name><bndbox><xmin>196</xmin><ymin>70</ymin><xmax>53</xmax><ymax>78</ymax></bndbox></object><object><name>proposal</name><bndbox><xmin>118</xmin><ymin>172</ymin><xmax>84</xmax><ymax>107</ymax></bndbox></object><object><name>proposal</name><bndbox><xmin>321</xmin><ymin>187</ymin><xmax>57</xmax><ymax>78</ymax></bndbox></object><object><name>proposal</name><bndbox><xmin>134</xmin><ymin>109</ymin><xmax>43</xmax><ymax>91</ymax></bndbox></object><object><name>proposal</name><bndbox><xmin>139</xmin><ymin>24</ymin><xmax>61</xmax><ymax>81</ymax></bndbox></object><object><name>proposal</name><bndbox><xmin>310</xmin><ymin>24</ymin><xmax>59</xmax><ymax>78</ymax></bndbox></object><object><name>proposal</name><bndbox><xmin>122</xmin><ymin>213</ymin><xmax>49</xmax><ymax>57</ymax></bndbox></object><object><name>proposal</name><bndbox><xmin>67</xmin><ymin>95</ymin><xmax>25</xmax><ymax>51</ymax></bndbox></object><object><name>proposal</name><bndbox><xmin>284</xmin><ymin>55</ymin><xmax>45</xmax><ymax>57</ymax></bndbox></object><object><name>proposal</name><bndbox><xmin>199</xmin><ymin>184</ymin><xmax>40</xmax><ymax>43</ymax></bndbox></object><object><name>proposal</name><bndbox><xmin>13</xmin><ymin>52</ymin><xmax>157</xmax><ymax>94</ymax></bndbox></object><object><name>proposal</name><bndbox><xmin>144</xmin><ymin>155</ymin><xmax>39</xmax><ymax>45</ymax></bndbox></object><object><name>proposal</name><bndbox><xmin>163</xmin><ymin>127</ymin><xmax>33</xmax><ymax>70</ymax></bndbox></object><object><name>proposal</name><bndbox><xmin>68</xmin><ymin>98</ymin><xmax>62</xmax><ymax>130</ymax></bndbox></object><object><name>proposal</name><bndbox><xmin>18</xmin><ymin>46</ymin><xmax>121</xmax><ymax>223</ymax></bndbox></object><object><name>proposal</name><bndbox><xmin>106</xmin><ymin>76</ymin><xmax>45</xmax><ymax>33</ymax></bndbox></object><object><name>proposal</name><bndbox><xmin>263</xmin><ymin>121</ymin><xmax>104</xmax><ymax>58</ymax></bndbox></object><object><name>proposal</name><bndbox><xmin>357</xmin><ymin>195</ymin><xmax>57</xmax><ymax>57</ymax></bndbox></object><object><name>proposal</name><bndbox><xmin>177</xmin><ymin>53</ymin><xmax>37</xmax><ymax>85</ymax></bndbox></object><object><name>proposal</name><bndbox><xmin>104</xmin><ymin>55</ymin><xmax>50</xmax><ymax>37</ymax></bndbox></object><object><name>proposal</name><bndbox><xmin>30</xmin><ymin>75</ymin><xmax>55</xmax><ymax>72</ymax></bndbox></object><object><name>proposal</name><bndbox><xmin>358</xmin><ymin>46</ymin><xmax>40</xmax><ymax>58</ymax></bndbox></object><object><name>proposal</name><bndbox><xmin>17</xmin><ymin>141</ymin><xmax>119</xmax><ymax>60</ymax></bndbox></object><object><name>proposal</name><bndbox><xmin>267</xmin><ymin>159</ymin><xmax>27</xmax><ymax>59</ymax></bndbox></object><object><name>proposal</name><bndbox><xmin>33</xmin><ymin>199</ymin><xmax>81</xmax><ymax>63</ymax></bndbox></object><object><name>proposal</name><bndbox><xmin>121</xmin><ymin>109</ymin><xmax>40</xmax><ymax>50</ymax></bndbox></object><object><name>proposal</name><bndbox><xmin>253</xmin><ymin>47</ymin><xmax>51</xmax><ymax>27</ymax></bndbox></object><object><name>proposal</name><bndbox><xmin>251</xmin><ymin>39</ymin><xmax>33</xmax><ymax>39</ymax></bndbox></object><object><name>proposal</name><bndbox><xmin>68</xmin><ymin>6</ymin><xmax>90</xmax><ymax>144</ymax></bndbox></object><object><name>proposal</name><bndbox><xmin>94</xmin><ymin>1</ymin><xmax>84</xmax><ymax>133</ymax></bndbox></object><object><name>proposal</name><bndbox><xmin>130</xmin><ymin>57</ymin><xmax>73</xmax><ymax>85</ymax></bndbox></object><object><name>proposal</name><bndbox><xmin>266</xmin><ymin>160</ymin><xmax>55</xmax><ymax>81</ymax></bndbox></object><object><name>proposal</name><bndbox><xmin>73</xmin><ymin>124</ymin><xmax>34</xmax><ymax>31</ymax></bndbox></object><object><name>proposal</name><bndbox><xmin>341</xmin><ymin>5</ymin><xmax>104</xmax><ymax>96</ymax></bndbox></object><object><name>proposal</name><bndbox><xmin>171</xmin><ymin>77</ymin><xmax>90</xmax><ymax>149</ymax></bndbox></object><object><name>proposal</name><bndbox><xmin>121</xmin><ymin>180</ymin><xmax>65</xmax><ymax>89</ymax></bndbox></object><object><name>proposal</name><bndbox><xmin>188</xmin><ymin>116</ymin><xmax>70</xmax><ymax>41</ymax></bndbox></object><object><name>proposal</name><bndbox><xmin>195</xmin><ymin>55</ymin><xmax>58</xmax><ymax>40</ymax></bndbox></object><object><name>proposal</name><bndbox><xmin>244</xmin><ymin>154</ymin><xmax>53</xmax><ymax>49</ymax></bndbox></object><object><name>proposal</name><bndbox><xmin>179</xmin><ymin>193</ymin><xmax>35</xmax><ymax>42</ymax></bndbox></object><object><name>proposal</name><bndbox><xmin>284</xmin><ymin>23</ymin><xmax>41</xmax><ymax>65</ymax></bndbox></object><object><name>proposal</name><bndbox><xmin>144</xmin><ymin>61</ymin><xmax>49</xmax><ymax>95</ymax></bndbox></object><object><name>proposal</name><bndbox><xmin>26</xmin><ymin>14</ymin><xmax>227</xmax><ymax>106</ymax></bndbox></object><object><name>proposal</name><bndbox><xmin>140</xmin><ymin>56</ymin><xmax>35</xmax><ymax>70</ymax></bndbox></object><object><name>proposal</name><bndbox><xmin>235</xmin><ymin>40</ymin><xmax>79</xmax><ymax>39</ymax></bndbox></object><object><name>proposal</name><bndbox><xmin>130</xmin><ymin>65</ymin><xmax>22</xmax><ymax>42</ymax></bndbox></object><object><name>proposal</name><bndbox><xmin>74</xmin><ymin>109</ymin><xmax>20</xmax><ymax>46</ymax></bndbox></object><object><name>proposal</name><bndbox><xmin>237</xmin><ymin>128</ymin><xmax>56</xmax><ymax>28</ymax></bndbox></object><object><name>proposal</name><bndbox><xmin>355</xmin><ymin>49</ymin><xmax>67</xmax><ymax>40</ymax></bndbox></object><object><name>proposal</name><bndbox><xmin>201</xmin><ymin>205</ymin><xmax>50</xmax><ymax>22</ymax></bndbox></object><object><name>proposal</name><bndbox><xmin>138</xmin><ymin>50</ymin><xmax>64</xmax><ymax>54</ymax></bndbox></object><object><name>proposal</name><bndbox><xmin>393</xmin><ymin>105</ymin><xmax>76</xmax><ymax>84</ymax></bndbox></object><object><name>proposal</name><bndbox><xmin>365</xmin><ymin>204</ymin><xmax>45</xmax><ymax>42</ymax></bndbox></object><object><name>proposal</name><bndbox><xmin>348</xmin><ymin>48</ymin><xmax>75</xmax><ymax>57</ymax></bndbox></object><object><name>proposal</name><bndbox><xmin>124</xmin><ymin>14</ymin><xmax>46</xmax><ymax>96</ymax></bndbox></object><object><name>proposal</name><bndbox><xmin>132</xmin><ymin>111</ymin><xmax>135</xmax><ymax>69</ymax></bndbox></object><object><name>proposal</name><bndbox><xmin>58</xmin><ymin>100</ymin><xmax>34</xmax><ymax>58</ymax></bndbox></object><object><name>proposal</name><bndbox><xmin>15</xmin><ymin>100</ymin><xmax>120</xmax><ymax>102</ymax></bndbox></object><object><name>proposal</name><bndbox><xmin>364</xmin><ymin>50</ymin><xmax>33</xmax><ymax>45</ymax></bndbox></object><object><name>proposal</name><bndbox><xmin>136</xmin><ymin>109</ymin><xmax>57</xmax><ymax>49</ymax></bndbox></object><object><name>proposal</name><bndbox><xmin>235</xmin><ymin>40</ymin><xmax>50</xmax><ymax>34</ymax></bndbox></object><object><name>proposal</name><bndbox><xmin>169</xmin><ymin>189</ymin><xmax>45</xmax><ymax>35</ymax></bndbox></object><object><name>proposal</name><bndbox><xmin>119</xmin><ymin>61</ymin><xmax>33</xmax><ymax>48</ymax></bndbox></object><object><name>proposal</name><bndbox><xmin>214</xmin><ymin>56</ymin><xmax>39</xmax><ymax>85</ymax></bndbox></object><object><name>proposal</name><bndbox><xmin>105</xmin><ymin>128</ymin><xmax>59</xmax><ymax>69</ymax></bndbox></object><object><name>proposal</name><bndbox><xmin>373</xmin><ymin>4</ymin><xmax>99</xmax><ymax>94</ymax></bndbox></object><object><name>proposal</name><bndbox><xmin>276</xmin><ymin>52</ymin><xmax>60</xmax><ymax>105</ymax></bndbox></object><object><name>proposal</name><bndbox><xmin>53</xmin><ymin>134</ymin><xmax>131</xmax><ymax>83</ymax></bndbox></object><object><name>proposal</name><bndbox><xmin>351</xmin><ymin>41</ymin><xmax>45</xmax><ymax>83</ymax></bndbox></object><object><name>proposal</name><bndbox><xmin>42</xmin><ymin>97</ymin><xmax>41</xmax><ymax>87</ymax></bndbox></object><object><name>proposal</name><bndbox><xmin>188</xmin><ymin>95</ymin><xmax>69</xmax><ymax>69</ymax></bndbox></object><object><name>proposal</name><bndbox><xmin>12</xmin><ymin>76</ymin><xmax>93</xmax><ymax>187</ymax></bndbox></object><object><name>proposal</name><bndbox><xmin>246</xmin><ymin>131</ymin><xmax>42</xmax><ymax>33</ymax></bndbox></object><object><name>proposal</name><bndbox><xmin>196</xmin><ymin>195</ymin><xmax>85</xmax><ymax>41</ymax></bndbox></object><object><name>proposal</name><bndbox><xmin>392</xmin><ymin>26</ymin><xmax>81</xmax><ymax>169</ymax></bndbox></object><object><name>proposal</name><bndbox><xmin>425</xmin><ymin>26</ymin><xmax>48</xmax><ymax>31</ymax></bndbox></object><object><name>proposal</name><bndbox><xmin>112</xmin><ymin>29</ymin><xmax>41</xmax><ymax>79</ymax></bndbox></object><object><name>proposal</name><bndbox><xmin>381</xmin><ymin>28</ymin><xmax>93</xmax><ymax>65</ymax></bndbox></object><object><name>proposal</name><bndbox><xmin>202</xmin><ymin>109</ymin><xmax>21</xmax><ymax>38</ymax></bndbox></object><object><name>proposal</name><bndbox><xmin>50</xmin><ymin>100</ymin><xmax>59</xmax><ymax>59</ymax></bndbox></object><object><name>proposal</name><bndbox><xmin>397</xmin><ymin>157</ymin><xmax>52</xmax><ymax>100</ymax></bndbox></object><object><name>proposal</name><bndbox><xmin>64</xmin><ymin>134</ymin><xmax>157</xmax><ymax>66</ymax></bndbox></object><object><name>proposal</name><bndbox><xmin>106</xmin><ymin>33</ymin><xmax>114</xmax><ymax>110</ymax></bndbox></object><object><name>proposal</name><bndbox><xmin>268</xmin><ymin>193</ymin><xmax>37</xmax><ymax>37</ymax></bndbox></object><object><name>proposal</name><bndbox><xmin>14</xmin><ymin>100</ymin><xmax>78</xmax><ymax>103</ymax></bndbox></object><object><name>proposal</name><bndbox><xmin>231</xmin><ymin>8</ymin><xmax>141</xmax><ymax>62</ymax></bndbox></object><object><name>proposal</name><bndbox><xmin>359</xmin><ymin>232</ymin><xmax>64</xmax><ymax>68</ymax></bndbox></object><object><name>proposal</name><bndbox><xmin>231</xmin><ymin>191</ymin><xmax>59</xmax><ymax>27</ymax></bndbox></object><object><name>proposal</name><bndbox><xmin>112</xmin><ymin>118</ymin><xmax>36</xmax><ymax>79</ymax></bndbox></object><object><name>proposal</name><bndbox><xmin>100</xmin><ymin>205</ymin><xmax>39</xmax><ymax>64</ymax></bndbox></object><object><name>proposal</name><bndbox><xmin>122</xmin><ymin>180</ymin><xmax>47</xmax><ymax>72</ymax></bndbox></object><object><name>proposal</name><bndbox><xmin>148</xmin><ymin>116</ymin><xmax>29</xmax><ymax>39</ymax></bndbox></object><object><name>proposal</name><bndbox><xmin>5</xmin><ymin>33</ymin><xmax>211</xmax><ymax>77</ymax></bndbox></object><object><name>proposal</name><bndbox><xmin>122</xmin><ymin>149</ymin><xmax>61</xmax><ymax>105</ymax></bndbox></object><object><name>proposal</name><bndbox><xmin>106</xmin><ymin>195</ymin><xmax>262</xmax><ymax>91</ymax></bndbox></object><object><name>proposal</name><bndbox><xmin>155</xmin><ymin>203</ymin><xmax>61</xmax><ymax>30</ymax></bndbox></object><object><name>proposal</name><bndbox><xmin>32</xmin><ymin>205</ymin><xmax>54</xmax><ymax>37</ymax></bndbox></object><object><name>proposal</name><bndbox><xmin>379</xmin><ymin>25</ymin><xmax>58</xmax><ymax>37</ymax></bndbox></object><object><name>proposal</name><bndbox><xmin>32</xmin><ymin>179</ymin><xmax>53</xmax><ymax>66</ymax></bndbox></object><object><name>proposal</name><bndbox><xmin>345</xmin><ymin>208</ymin><xmax>70</xmax><ymax>39</ymax></bndbox></object><object><name>proposal</name><bndbox><xmin>144</xmin><ymin>111</ymin><xmax>44</xmax><ymax>60</ymax></bndbox></object><object><name>proposal</name><bndbox><xmin>377</xmin><ymin>5</ymin><xmax>23</xmax><ymax>55</ymax></bndbox></object><object><name>proposal</name><bndbox><xmin>123</xmin><ymin>158</ymin><xmax>61</xmax><ymax>45</ymax></bndbox></object><object><name>proposal</name><bndbox><xmin>365</xmin><ymin>173</ymin><xmax>43</xmax><ymax>83</ymax></bndbox></object><object><name>proposal</name><bndbox><xmin>320</xmin><ymin>151</ymin><xmax>92</xmax><ymax>80</ymax></bndbox></object><object><name>proposal</name><bndbox><xmin>257</xmin><ymin>160</ymin><xmax>47</xmax><ymax>60</ymax></bndbox></object><object><name>proposal</name><bndbox><xmin>139</xmin><ymin>57</ymin><xmax>48</xmax><ymax>83</ymax></bndbox></object><object><name>proposal</name><bndbox><xmin>199</xmin><ymin>149</ymin><xmax>34</xmax><ymax>50</ymax></bndbox></object><object><name>proposal</name><bndbox><xmin>47</xmin><ymin>6</ymin><xmax>126</xmax><ymax>110</ymax></bndbox></object><object><name>proposal</name><bndbox><xmin>140</xmin><ymin>141</ymin><xmax>45</xmax><ymax>57</ymax></bndbox></object><object><name>proposal</name><bndbox><xmin>325</xmin><ymin>233</ymin><xmax>95</xmax><ymax>41</ymax></bndbox></object><object><name>proposal</name><bndbox><xmin>145</xmin><ymin>104</ymin><xmax>40</xmax><ymax>50</ymax></bndbox></object><object><name>proposal</name><bndbox><xmin>129</xmin><ymin>55</ymin><xmax>24</xmax><ymax>35</ymax></bndbox></object><object><name>proposal</name><bndbox><xmin>73</xmin><ymin>141</ymin><xmax>112</xmax><ymax>104</ymax></bndbox></object><object><name>proposal</name><bndbox><xmin>161</xmin><ymin>164</ymin><xmax>71</xmax><ymax>34</ymax></bndbox></object><object><name>proposal</name><bndbox><xmin>196</xmin><ymin>222</ymin><xmax>86</xmax><ymax>77</ymax></bndbox></object><object><name>proposal</name><bndbox><xmin>75</xmin><ymin>217</ymin><xmax>64</xmax><ymax>39</ymax></bndbox></object><object><name>proposal</name><bndbox><xmin>68</xmin><ymin>40</ymin><xmax>50</xmax><ymax>119</ymax></bndbox></object><object><name>proposal</name><bndbox><xmin>165</xmin><ymin>97</ymin><xmax>96</xmax><ymax>92</ymax></bndbox></object><object><name>proposal</name><bndbox><xmin>229</xmin><ymin>190</ymin><xmax>103</xmax><ymax>43</ymax></bndbox></object><object><name>proposal</name><bndbox><xmin>73</xmin><ymin>215</ymin><xmax>165</xmax><ymax>81</ymax></bndbox></object><object><name>proposal</name><bndbox><xmin>63</xmin><ymin>100</ymin><xmax>23</xmax><ymax>51</ymax></bndbox></object><object><name>proposal</name><bndbox><xmin>91</xmin><ymin>96</ymin><xmax>57</xmax><ymax>53</ymax></bndbox></object><object><name>proposal</name><bndbox><xmin>200</xmin><ymin>24</ymin><xmax>87</xmax><ymax>98</ymax></bndbox></object><object><name>proposal</name><bndbox><xmin>99</xmin><ymin>111</ymin><xmax>124</xmax><ymax>64</ymax></bndbox></object><object><name>proposal</name><bndbox><xmin>165</xmin><ymin>144</ymin><xmax>93</xmax><ymax>61</ymax></bndbox></object><object><name>proposal</name><bndbox><xmin>212</xmin><ymin>127</ymin><xmax>45</xmax><ymax>53</ymax></bndbox></object><object><name>proposal</name><bndbox><xmin>133</xmin><ymin>89</ymin><xmax>69</xmax><ymax>64</ymax></bndbox></object><object><name>proposal</name><bndbox><xmin>338</xmin><ymin>26</ymin><xmax>123</xmax><ymax>48</ymax></bndbox></object><object><name>proposal</name><bndbox><xmin>201</xmin><ymin>126</ymin><xmax>91</xmax><ymax>45</ymax></bndbox></object><object><name>proposal</name><bndbox><xmin>132</xmin><ymin>34</ymin><xmax>60</xmax><ymax>123</ymax></bndbox></object><object><name>proposal</name><bndbox><xmin>202</xmin><ymin>161</ymin><xmax>59</xmax><ymax>84</ymax></bndbox></object><object><name>proposal</name><bndbox><xmin>195</xmin><ymin>64</ymin><xmax>54</xmax><ymax>43</ymax></bndbox></object><object><name>proposal</name><bndbox><xmin>292</xmin><ymin>73</ymin><xmax>132</xmax><ymax>119</ymax></bndbox></object><object><name>proposal</name><bndbox><xmin>121</xmin><ymin>215</ymin><xmax>67</xmax><ymax>37</ymax></bndbox></object><object><name>proposal</name><bndbox><xmin>320</xmin><ymin>33</ymin><xmax>49</xmax><ymax>57</ymax></bndbox></object><object><name>proposal</name><bndbox><xmin>292</xmin><ymin>102</ymin><xmax>53</xmax><ymax>81</ymax></bndbox></object><object><name>proposal</name><bndbox><xmin>191</xmin><ymin>55</ymin><xmax>23</xmax><ymax>59</ymax></bndbox></object><object><name>proposal</name><bndbox><xmin>199</xmin><ymin>115</ymin><xmax>58</xmax><ymax>109</ymax></bndbox></object><object><name>proposal</name><bndbox><xmin>413</xmin><ymin>22</ymin><xmax>24</xmax><ymax>35</ymax></bndbox></object><object><name>proposal</name><bndbox><xmin>277</xmin><ymin>24</ymin><xmax>83</xmax><ymax>89</ymax></bndbox></object></annotation>