<annotation><folder>Proposals</folder><filename>img-555.jpg</filename><size><width>400</width><height>300</height><depth>3</depth></size><object><name>proposal</name><bndbox><xmin>331</xmin><ymin>83</ymin><xmax>66</xmax><ymax>28</ymax></bndbox></object><object><name>proposal</name><bndbox><xmin>28</xmin><ymin>55</ymin><xmax>256</xmax><ymax>109</ymax></bndbox></object><object><name>proposal</name><bndbox><xmin>28</xmin><ymin>57</ymin><xmax>255</xmax><ymax>163</ymax></bndbox></object><object><name>proposal</name><bndbox><xmin>26</xmin><ymin>2</ymin><xmax>371</xmax><ymax>161</ymax></bndbox></object><object><name>proposal</name><bndbox><xmin>329</xmin><ymin>57</ymin><xmax>68</xmax><ymax>37</ymax></bndbox></object><object><name>proposal</name><bndbox><xmin>317</xmin><ymin>82</ymin><xmax>79</xmax><ymax>40</ymax></bndbox></object><object><name>proposal</name><bndbox><xmin>330</xmin><ymin>83</ymin><xmax>67</xmax><ymax>51</ymax></bndbox></object><object><name>proposal</name><bndbox><xmin>46</xmin><ymin>79</ymin><xmax>232</xmax><ymax>97</ymax></bndbox></object><object><name>proposal</name><bndbox><xmin>331</xmin><ymin>61</ymin><xmax>65</xmax><ymax>50</ymax></bndbox></object><object><name>proposal</name><bndbox><xmin>218</xmin><ymin>7</ymin><xmax>178</xmax><ymax>87</ymax></bndbox></object><object><name>proposal</name><bndbox><xmin>29</xmin><ymin>1</ymin><xmax>256</xmax><ymax>187</ymax></bndbox></object><object><name>proposal</name><bndbox><xmin>347</xmin><ymin>98</ymin><xmax>48</xmax><ymax>28</ymax></bndbox></object><object><name>proposal</name><bndbox><xmin>114</xmin><ymin>2</ymin><xmax>70</xmax><ymax>35</ymax></bndbox></object><object><name>proposal</name><bndbox><xmin>150</xmin><ymin>133</ymin><xmax>119</xmax><ymax>53</ymax></bndbox></object><object><name>proposal</name><bndbox><xmin>347</xmin><ymin>87</ymin><xmax>47</xmax><ymax>23</ymax></bndbox></object><object><name>proposal</name><bndbox><xmin>26</xmin><ymin>57</ymin><xmax>371</xmax><ymax>176</ymax></bndbox></object><object><name>proposal</name><bndbox><xmin>335</xmin><ymin>98</ymin><xmax>59</xmax><ymax>36</ymax></bndbox></object><object><name>proposal</name><bndbox><xmin>330</xmin><ymin>81</ymin><xmax>67</xmax><ymax>100</ymax></bndbox></object><object><name>proposal</name><bndbox><xmin>329</xmin><ymin>6</ymin><xmax>68</xmax><ymax>106</ymax></bndbox></object><object><name>proposal</name><bndbox><xmin>150</xmin><ymin>86</ymin><xmax>119</xmax><ymax>65</ymax></bndbox></object><object><name>proposal</name><bndbox><xmin>347</xmin><ymin>95</ymin><xmax>49</xmax><ymax>49</ymax></bndbox></object><object><name>proposal</name><bndbox><xmin>137</xmin><ymin>126</ymin><xmax>131</xmax><ymax>76</ymax></bndbox></object><object><name>proposal</name><bndbox><xmin>317</xmin><ymin>84</ymin><xmax>81</xmax><ymax>73</ymax></bndbox></object><object><name>proposal</name><bndbox><xmin>150</xmin><ymin>132</ymin><xmax>120</xmax><ymax>121</ymax></bndbox></object><object><name>proposal</name><bndbox><xmin>299</xmin><ymin>79</ymin><xmax>100</xmax><ymax>52</ymax></bndbox></object><object><name>proposal</name><bndbox><xmin>150</xmin><ymin>108</ymin><xmax>119</xmax><ymax>55</ymax></bndbox></object><object><name>proposal</name><bndbox><xmin>151</xmin><ymin>7</ymin><xmax>249</xmax><ymax>158</ymax></bndbox></object><object><name>proposal</name><bndbox><xmin>106</xmin><ymin>1</ymin><xmax>127</xmax><ymax>65</ymax></bndbox></object><object><name>proposal</name><bndbox><xmin>317</xmin><ymin>41</ymin><xmax>81</xmax><ymax>54</ymax></bndbox></object><object><name>proposal</name><bndbox><xmin>274</xmin><ymin>79</ymin><xmax>123</xmax><ymax>65</ymax></bndbox></object><object><name>proposal</name><bndbox><xmin>218</xmin><ymin>5</ymin><xmax>178</xmax><ymax>188</ymax></bndbox></object><object><name>proposal</name><bndbox><xmin>274</xmin><ymin>10</ymin><xmax>123</xmax><ymax>101</ymax></bndbox></object><object><name>proposal</name><bndbox><xmin>299</xmin><ymin>55</ymin><xmax>100</xmax><ymax>56</ymax></bndbox></object><object><name>proposal</name><bndbox><xmin>150</xmin><ymin>75</ymin><xmax>250</xmax><ymax>101</ymax></bndbox></object><object><name>proposal</name><bndbox><xmin>281</xmin><ymin>81</ymin><xmax>115</xmax><ymax>93</ymax></bndbox></object><object><name>proposal</name><bndbox><xmin>192</xmin><ymin>147</ymin><xmax>69</xmax><ymax>57</ymax></bndbox></object><object><name>proposal</name><bndbox><xmin>149</xmin><ymin>125</ymin><xmax>153</xmax><ymax>89</ymax></bndbox></object><object><name>proposal</name><bndbox><xmin>128</xmin><ymin>124</ymin><xmax>140</xmax><ymax>164</ymax></bndbox></object><object><name>proposal</name><bndbox><xmin>132</xmin><ymin>76</ymin><xmax>136</xmax><ymax>89</ymax></bndbox></object><object><name>proposal</name><bndbox><xmin>335</xmin><ymin>98</ymin><xmax>59</xmax><ymax>62</ymax></bndbox></object><object><name>proposal</name><bndbox><xmin>151</xmin><ymin>125</ymin><xmax>163</xmax><ymax>154</ymax></bndbox></object><object><name>proposal</name><bndbox><xmin>76</xmin><ymin>125</ymin><xmax>192</xmax><ymax>97</ymax></bndbox></object><object><name>proposal</name><bndbox><xmin>326</xmin><ymin>81</ymin><xmax>71</xmax><ymax>153</ymax></bndbox></object><object><name>proposal</name><bndbox><xmin>347</xmin><ymin>97</ymin><xmax>48</xmax><ymax>81</ymax></bndbox></object><object><name>proposal</name><bndbox><xmin>94</xmin><ymin>133</ymin><xmax>187</xmax><ymax>116</ymax></bndbox></object><object><name>proposal</name><bndbox><xmin>282</xmin><ymin>38</ymin><xmax>118</xmax><ymax>55</ymax></bndbox></object><object><name>proposal</name><bndbox><xmin>217</xmin><ymin>7</ymin><xmax>157</xmax><ymax>132</ymax></bndbox></object><object><name>proposal</name><bndbox><xmin>55</xmin><ymin>115</ymin><xmax>51</xmax><ymax>25</ymax></bndbox></object><object><name>proposal</name><bndbox><xmin>242</xmin><ymin>33</ymin><xmax>155</xmax><ymax>77</ymax></bndbox></object><object><name>proposal</name><bndbox><xmin>241</xmin><ymin>55</ymin><xmax>156</xmax><ymax>63</ymax></bndbox></object><object><name>proposal</name><bndbox><xmin>234</xmin><ymin>81</ymin><xmax>165</xmax><ymax>79</ymax></bndbox></object><object><name>proposal</name><bndbox><xmin>51</xmin><ymin>115</ymin><xmax>218</xmax><ymax>139</ymax></bndbox></object><object><name>proposal</name><bndbox><xmin>299</xmin><ymin>97</ymin><xmax>96</xmax><ymax>40</ymax></bndbox></object><object><name>proposal</name><bndbox><xmin>150</xmin><ymin>133</ymin><xmax>212</xmax><ymax>116</ymax></bndbox></object><object><name>proposal</name><bndbox><xmin>273</xmin><ymin>52</ymin><xmax>123</xmax><ymax>84</ymax></bndbox></object><object><name>proposal</name><bndbox><xmin>166</xmin><ymin>147</ymin><xmax>94</xmax><ymax>63</ymax></bndbox></object><object><name>proposal</name><bndbox><xmin>103</xmin><ymin>1</ymin><xmax>207</xmax><ymax>99</ymax></bndbox></object><object><name>proposal</name><bndbox><xmin>113</xmin><ymin>1</ymin><xmax>81</xmax><ymax>56</ymax></bndbox></object><object><name>proposal</name><bndbox><xmin>50</xmin><ymin>116</ymin><xmax>55</xmax><ymax>38</ymax></bndbox></object><object><name>proposal</name><bndbox><xmin>193</xmin><ymin>145</ymin><xmax>80</xmax><ymax>80</ymax></bndbox></object><object><name>proposal</name><bndbox><xmin>331</xmin><ymin>73</ymin><xmax>66</xmax><ymax>26</ymax></bndbox></object><object><name>proposal</name><bndbox><xmin>50</xmin><ymin>82</ymin><xmax>55</xmax><ymax>47</ymax></bndbox></object><object><name>proposal</name><bndbox><xmin>266</xmin><ymin>79</ymin><xmax>131</xmax><ymax>138</ymax></bndbox></object><object><name>proposal</name><bndbox><xmin>327</xmin><ymin>57</ymin><xmax>70</xmax><ymax>72</ymax></bndbox></object><object><name>proposal</name><bndbox><xmin>192</xmin><ymin>79</ymin><xmax>204</xmax><ymax>135</ymax></bndbox></object><object><name>proposal</name><bndbox><xmin>150</xmin><ymin>57</ymin><xmax>250</xmax><ymax>181</ymax></bndbox></object><object><name>proposal</name><bndbox><xmin>239</xmin><ymin>56</ymin><xmax>158</xmax><ymax>140</ymax></bndbox></object><object><name>proposal</name><bndbox><xmin>302</xmin><ymin>82</ymin><xmax>94</xmax><ymax>180</ymax></bndbox></object><object><name>proposal</name><bndbox><xmin>239</xmin><ymin>34</ymin><xmax>158</xmax><ymax>124</ymax></bndbox></object><object><name>proposal</name><bndbox><xmin>274</xmin><ymin>34</ymin><xmax>37</xmax><ymax>31</ymax></bndbox></object><object><name>proposal</name><bndbox><xmin>149</xmin><ymin>98</ymin><xmax>245</xmax><ymax>181</ymax></bndbox></object><object><name>proposal</name><bndbox><xmin>53</xmin><ymin>88</ymin><xmax>70</xmax><ymax>39</ymax></bndbox></object><object><name>proposal</name><bndbox><xmin>53</xmin><ymin>116</ymin><xmax>70</xmax><ymax>32</ymax></bndbox></object><object><name>proposal</name><bndbox><xmin>343</xmin><ymin>82</ymin><xmax>55</xmax><ymax>130</ymax></bndbox></object><object><name>proposal</name><bndbox><xmin>55</xmin><ymin>114</ymin><xmax>51</xmax><ymax>60</ymax></bndbox></object><object><name>proposal</name><bndbox><xmin>144</xmin><ymin>106</ymin><xmax>66</xmax><ymax>30</ymax></bndbox></object><object><name>proposal</name><bndbox><xmin>55</xmin><ymin>115</ymin><xmax>292</xmax><ymax>185</ymax></bndbox></object><object><name>proposal</name><bndbox><xmin>317</xmin><ymin>96</ymin><xmax>79</xmax><ymax>97</ymax></bndbox></object><object><name>proposal</name><bndbox><xmin>86</xmin><ymin>1</ymin><xmax>100</xmax><ymax>46</ymax></bndbox></object><object><name>proposal</name><bndbox><xmin>243</xmin><ymin>33</ymin><xmax>66</xmax><ymax>30</ymax></bndbox></object><object><name>proposal</name><bndbox><xmin>163</xmin><ymin>86</ymin><xmax>49</xmax><ymax>49</ymax></bndbox></object><object><name>proposal</name><bndbox><xmin>347</xmin><ymin>73</ymin><xmax>50</xmax><ymax>37</ymax></bndbox></object><object><name>proposal</name><bndbox><xmin>166</xmin><ymin>106</ymin><xmax>61</xmax><ymax>30</ymax></bndbox></object><object><name>proposal</name><bndbox><xmin>166</xmin><ymin>89</ymin><xmax>65</xmax><ymax>50</ymax></bndbox></object><object><name>proposal</name><bndbox><xmin>273</xmin><ymin>19</ymin><xmax>42</xmax><ymax>21</ymax></bndbox></object></annotation>