<annotation><folder>Proposals</folder><filename>img-114.jpg</filename><size><width>720</width><height>720</height><depth>3</depth></size><object><name>proposal</name><bndbox><xmin>487</xmin><ymin>241</ymin><xmax>37</xmax><ymax>37</ymax></bndbox></object><object><name>proposal</name><bndbox><xmin>496</xmin><ymin>241</ymin><xmax>32</xmax><ymax>28</ymax></bndbox></object><object><name>proposal</name><bndbox><xmin>273</xmin><ymin>365</ymin><xmax>100</xmax><ymax>80</ymax></bndbox></object><object><name>proposal</name><bndbox><xmin>274</xmin><ymin>409</ymin><xmax>31</xmax><ymax>37</ymax></bndbox></object><object><name>proposal</name><bndbox><xmin>270</xmin><ymin>365</ymin><xmax>65</xmax><ymax>80</ymax></bndbox></object><object><name>proposal</name><bndbox><xmin>273</xmin><ymin>435</ymin><xmax>27</xmax><ymax>42</ymax></bndbox></object><object><name>proposal</name><bndbox><xmin>276</xmin><ymin>365</ymin><xmax>60</xmax><ymax>44</ymax></bndbox></object><object><name>proposal</name><bndbox><xmin>496</xmin><ymin>239</ymin><xmax>29</xmax><ymax>45</ymax></bndbox></object><object><name>proposal</name><bndbox><xmin>263</xmin><ymin>416</ymin><xmax>39</xmax><ymax>29</ymax></bndbox></object><object><name>proposal</name><bndbox><xmin>274</xmin><ymin>421</ymin><xmax>32</xmax><ymax>24</ymax></bndbox></object><object><name>proposal</name><bndbox><xmin>276</xmin><ymin>325</ymin><xmax>59</xmax><ymax>59</ymax></bndbox></object><object><name>proposal</name><bndbox><xmin>264</xmin><ymin>345</ymin><xmax>70</xmax><ymax>37</ymax></bndbox></object><object><name>proposal</name><bndbox><xmin>241</xmin><ymin>365</ymin><xmax>92</xmax><ymax>84</ymax></bndbox></object><object><name>proposal</name><bndbox><xmin>268</xmin><ymin>435</ymin><xmax>32</xmax><ymax>24</ymax></bndbox></object><object><name>proposal</name><bndbox><xmin>274</xmin><ymin>416</ymin><xmax>42</xmax><ymax>29</ymax></bndbox></object><object><name>proposal</name><bndbox><xmin>488</xmin><ymin>239</ymin><xmax>45</xmax><ymax>45</ymax></bndbox></object><object><name>proposal</name><bndbox><xmin>239</xmin><ymin>358</ymin><xmax>135</xmax><ymax>96</ymax></bndbox></object><object><name>proposal</name><bndbox><xmin>193</xmin><ymin>232</ymin><xmax>59</xmax><ymax>64</ymax></bndbox></object><object><name>proposal</name><bndbox><xmin>193</xmin><ymin>232</ymin><xmax>55</xmax><ymax>44</ymax></bndbox></object><object><name>proposal</name><bndbox><xmin>241</xmin><ymin>412</ymin><xmax>64</xmax><ymax>33</ymax></bndbox></object><object><name>proposal</name><bndbox><xmin>277</xmin><ymin>364</ymin><xmax>77</xmax><ymax>56</ymax></bndbox></object><object><name>proposal</name><bndbox><xmin>496</xmin><ymin>241</ymin><xmax>51</xmax><ymax>25</ymax></bndbox></object><object><name>proposal</name><bndbox><xmin>192</xmin><ymin>193</ymin><xmax>72</xmax><ymax>61</ymax></bndbox></object><object><name>proposal</name><bndbox><xmin>193</xmin><ymin>233</ymin><xmax>83</xmax><ymax>45</ymax></bndbox></object><object><name>proposal</name><bndbox><xmin>329</xmin><ymin>375</ymin><xmax>45</xmax><ymax>57</ymax></bndbox></object><object><name>proposal</name><bndbox><xmin>488</xmin><ymin>241</ymin><xmax>64</xmax><ymax>39</ymax></bndbox></object><object><name>proposal</name><bndbox><xmin>445</xmin><ymin>306</ymin><xmax>42</xmax><ymax>29</ymax></bndbox></object><object><name>proposal</name><bndbox><xmin>274</xmin><ymin>435</ymin><xmax>42</xmax><ymax>42</ymax></bndbox></object><object><name>proposal</name><bndbox><xmin>193</xmin><ymin>208</ymin><xmax>55</xmax><ymax>47</ymax></bndbox></object><object><name>proposal</name><bndbox><xmin>193</xmin><ymin>173</ymin><xmax>56</xmax><ymax>81</ymax></bndbox></object><object><name>proposal</name><bndbox><xmin>173</xmin><ymin>197</ymin><xmax>75</xmax><ymax>57</ymax></bndbox></object><object><name>proposal</name><bndbox><xmin>273</xmin><ymin>361</ymin><xmax>100</xmax><ymax>128</ymax></bndbox></object><object><name>proposal</name><bndbox><xmin>445</xmin><ymin>321</ymin><xmax>42</xmax><ymax>33</ymax></bndbox></object><object><name>proposal</name><bndbox><xmin>268</xmin><ymin>397</ymin><xmax>34</xmax><ymax>50</ymax></bndbox></object><object><name>proposal</name><bndbox><xmin>242</xmin><ymin>332</ymin><xmax>91</xmax><ymax>50</ymax></bndbox></object><object><name>proposal</name><bndbox><xmin>274</xmin><ymin>357</ymin><xmax>77</xmax><ymax>106</ymax></bndbox></object><object><name>proposal</name><bndbox><xmin>325</xmin><ymin>263</ymin><xmax>55</xmax><ymax>25</ymax></bndbox></object><object><name>proposal</name><bndbox><xmin>496</xmin><ymin>203</ymin><xmax>31</xmax><ymax>54</ymax></bndbox></object><object><name>proposal</name><bndbox><xmin>261</xmin><ymin>328</ymin><xmax>87</xmax><ymax>54</ymax></bndbox></object><object><name>proposal</name><bndbox><xmin>157</xmin><ymin>211</ymin><xmax>91</xmax><ymax>43</ymax></bndbox></object><object><name>proposal</name><bndbox><xmin>277</xmin><ymin>356</ymin><xmax>117</xmax><ymax>77</ymax></bndbox></object><object><name>proposal</name><bndbox><xmin>465</xmin><ymin>241</ymin><xmax>61</xmax><ymax>39</ymax></bndbox></object><object><name>proposal</name><bndbox><xmin>473</xmin><ymin>241</ymin><xmax>51</xmax><ymax>25</ymax></bndbox></object><object><name>proposal</name><bndbox><xmin>238</xmin><ymin>398</ymin><xmax>135</xmax><ymax>48</ymax></bndbox></object><object><name>proposal</name><bndbox><xmin>193</xmin><ymin>233</ymin><xmax>56</xmax><ymax>28</ymax></bndbox></object><object><name>proposal</name><bndbox><xmin>495</xmin><ymin>241</ymin><xmax>31</xmax><ymax>64</ymax></bndbox></object><object><name>proposal</name><bndbox><xmin>496</xmin><ymin>217</ymin><xmax>31</xmax><ymax>34</ymax></bndbox></object><object><name>proposal</name><bndbox><xmin>388</xmin><ymin>499</ymin><xmax>31</xmax><ymax>34</ymax></bndbox></object><object><name>proposal</name><bndbox><xmin>485</xmin><ymin>241</ymin><xmax>42</xmax><ymax>21</ymax></bndbox></object><object><name>proposal</name><bndbox><xmin>488</xmin><ymin>237</ymin><xmax>45</xmax><ymax>71</ymax></bndbox></object><object><name>proposal</name><bndbox><xmin>446</xmin><ymin>320</ymin><xmax>45</xmax><ymax>49</ymax></bndbox></object><object><name>proposal</name><bndbox><xmin>266</xmin><ymin>433</ymin><xmax>45</xmax><ymax>49</ymax></bndbox></object><object><name>proposal</name><bndbox><xmin>376</xmin><ymin>291</ymin><xmax>33</xmax><ymax>42</ymax></bndbox></object><object><name>proposal</name><bndbox><xmin>157</xmin><ymin>234</ymin><xmax>93</xmax><ymax>68</ymax></bndbox></object><object><name>proposal</name><bndbox><xmin>242</xmin><ymin>365</ymin><xmax>91</xmax><ymax>52</ymax></bndbox></object><object><name>proposal</name><bndbox><xmin>237</xmin><ymin>364</ymin><xmax>113</xmax><ymax>66</ymax></bndbox></object><object><name>proposal</name><bndbox><xmin>277</xmin><ymin>263</ymin><xmax>129</xmax><ymax>119</ymax></bndbox></object><object><name>proposal</name><bndbox><xmin>257</xmin><ymin>433</ymin><xmax>46</xmax><ymax>40</ymax></bndbox></object><object><name>proposal</name><bndbox><xmin>446</xmin><ymin>320</ymin><xmax>67</xmax><ymax>36</ymax></bndbox></object><object><name>proposal</name><bndbox><xmin>306</xmin><ymin>394</ymin><xmax>67</xmax><ymax>39</ymax></bndbox></object><object><name>proposal</name><bndbox><xmin>241</xmin><ymin>406</ymin><xmax>83</xmax><ymax>41</ymax></bndbox></object><object><name>proposal</name><bndbox><xmin>271</xmin><ymin>401</ymin><xmax>49</xmax><ymax>45</ymax></bndbox></object><object><name>proposal</name><bndbox><xmin>263</xmin><ymin>435</ymin><xmax>38</xmax><ymax>55</ymax></bndbox></object><object><name>proposal</name><bndbox><xmin>192</xmin><ymin>233</ymin><xmax>57</xmax><ymax>94</ymax></bndbox></object><object><name>proposal</name><bndbox><xmin>488</xmin><ymin>241</ymin><xmax>36</xmax><ymax>91</ymax></bndbox></object><object><name>proposal</name><bndbox><xmin>479</xmin><ymin>241</ymin><xmax>56</xmax><ymax>32</ymax></bndbox></object><object><name>proposal</name><bndbox><xmin>276</xmin><ymin>316</ymin><xmax>89</xmax><ymax>66</ymax></bndbox></object><object><name>proposal</name><bndbox><xmin>270</xmin><ymin>412</ymin><xmax>61</xmax><ymax>33</ymax></bndbox></object><object><name>proposal</name><bndbox><xmin>193</xmin><ymin>233</ymin><xmax>80</xmax><ymax>72</ymax></bndbox></object><object><name>proposal</name><bndbox><xmin>334</xmin><ymin>349</ymin><xmax>39</xmax><ymax>83</ymax></bndbox></object><object><name>proposal</name><bndbox><xmin>375</xmin><ymin>286</ymin><xmax>113</xmax><ymax>50</ymax></bndbox></object><object><name>proposal</name><bndbox><xmin>496</xmin><ymin>226</ymin><xmax>31</xmax><ymax>31</ymax></bndbox></object><object><name>proposal</name><bndbox><xmin>157</xmin><ymin>183</ymin><xmax>107</xmax><ymax>72</ymax></bndbox></object><object><name>proposal</name><bndbox><xmin>445</xmin><ymin>276</ymin><xmax>41</xmax><ymax>60</ymax></bndbox></object><object><name>proposal</name><bndbox><xmin>274</xmin><ymin>433</ymin><xmax>29</xmax><ymax>67</ymax></bndbox></object><object><name>proposal</name><bndbox><xmin>274</xmin><ymin>381</ymin><xmax>29</xmax><ymax>67</ymax></bndbox></object><object><name>proposal</name><bndbox><xmin>270</xmin><ymin>290</ymin><xmax>63</xmax><ymax>94</ymax></bndbox></object><object><name>proposal</name><bndbox><xmin>325</xmin><ymin>262</ymin><xmax>53</xmax><ymax>49</ymax></bndbox></object><object><name>proposal</name><bndbox><xmin>485</xmin><ymin>237</ymin><xmax>59</xmax><ymax>54</ymax></bndbox></object><object><name>proposal</name><bndbox><xmin>337</xmin><ymin>397</ymin><xmax>37</xmax><ymax>37</ymax></bndbox></object><object><name>proposal</name><bndbox><xmin>487</xmin><ymin>193</ymin><xmax>38</xmax><ymax>65</ymax></bndbox></object><object><name>proposal</name><bndbox><xmin>189</xmin><ymin>165</ymin><xmax>76</xmax><ymax>92</ymax></bndbox></object><object><name>proposal</name><bndbox><xmin>487</xmin><ymin>211</ymin><xmax>39</xmax><ymax>42</ymax></bndbox></object><object><name>proposal</name><bndbox><xmin>375</xmin><ymin>285</ymin><xmax>60</xmax><ymax>47</ymax></bndbox></object><object><name>proposal</name><bndbox><xmin>375</xmin><ymin>240</ymin><xmax>149</xmax><ymax>95</ymax></bndbox></object><object><name>proposal</name><bndbox><xmin>445</xmin><ymin>241</ymin><xmax>80</xmax><ymax>96</ymax></bndbox></object><object><name>proposal</name><bndbox><xmin>276</xmin><ymin>363</ymin><xmax>61</xmax><ymax>28</ymax></bndbox></object><object><name>proposal</name><bndbox><xmin>376</xmin><ymin>270</ymin><xmax>32</xmax><ymax>61</ymax></bndbox></object><object><name>proposal</name><bndbox><xmin>445</xmin><ymin>316</ymin><xmax>42</xmax><ymax>21</ymax></bndbox></object><object><name>proposal</name><bndbox><xmin>271</xmin><ymin>397</ymin><xmax>103</xmax><ymax>60</ymax></bndbox></object><object><name>proposal</name><bndbox><xmin>271</xmin><ymin>435</ymin><xmax>51</xmax><ymax>25</ymax></bndbox></object><object><name>proposal</name><bndbox><xmin>495</xmin><ymin>241</ymin><xmax>70</xmax><ymax>33</ymax></bndbox></object><object><name>proposal</name><bndbox><xmin>446</xmin><ymin>264</ymin><xmax>68</xmax><ymax>71</ymax></bndbox></object><object><name>proposal</name><bndbox><xmin>241</xmin><ymin>387</ymin><xmax>65</xmax><ymax>59</ymax></bndbox></object><object><name>proposal</name><bndbox><xmin>681</xmin><ymin>112</ymin><xmax>24</xmax><ymax>35</ymax></bndbox></object><object><name>proposal</name><bndbox><xmin>274</xmin><ymin>261</ymin><xmax>132</xmax><ymax>188</ymax></bndbox></object><object><name>proposal</name><bndbox><xmin>309</xmin><ymin>263</ymin><xmax>70</xmax><ymax>35</ymax></bndbox></object><object><name>proposal</name><bndbox><xmin>424</xmin><ymin>306</ymin><xmax>61</xmax><ymax>30</ymax></bndbox></object><object><name>proposal</name><bndbox><xmin>322</xmin><ymin>238</ymin><xmax>61</xmax><ymax>39</ymax></bndbox></object><object><name>proposal</name><bndbox><xmin>496</xmin><ymin>204</ymin><xmax>49</xmax><ymax>53</ymax></bndbox></object><object><name>proposal</name><bndbox><xmin>276</xmin><ymin>358</ymin><xmax>61</xmax><ymax>26</ymax></bndbox></object><object><name>proposal</name><bndbox><xmin>221</xmin><ymin>414</ymin><xmax>79</xmax><ymax>40</ymax></bndbox></object><object><name>proposal</name><bndbox><xmin>193</xmin><ymin>226</ymin><xmax>56</xmax><ymax>28</ymax></bndbox></object><object><name>proposal</name><bndbox><xmin>445</xmin><ymin>294</ymin><xmax>71</xmax><ymax>41</ymax></bndbox></object><object><name>proposal</name><bndbox><xmin>299</xmin><ymin>264</ymin><xmax>107</xmax><ymax>69</ymax></bndbox></object><object><name>proposal</name><bndbox><xmin>274</xmin><ymin>365</ymin><xmax>65</xmax><ymax>138</ymax></bndbox></object><object><name>proposal</name><bndbox><xmin>247</xmin><ymin>311</ymin><xmax>101</xmax><ymax>73</ymax></bndbox></object><object><name>proposal</name><bndbox><xmin>496</xmin><ymin>241</ymin><xmax>47</xmax><ymax>63</ymax></bndbox></object><object><name>proposal</name><bndbox><xmin>439</xmin><ymin>319</ymin><xmax>47</xmax><ymax>63</ymax></bndbox></object><object><name>proposal</name><bndbox><xmin>190</xmin><ymin>233</ymin><xmax>114</xmax><ymax>53</ymax></bndbox></object><object><name>proposal</name><bndbox><xmin>297</xmin><ymin>368</ymin><xmax>77</xmax><ymax>65</ymax></bndbox></object><object><name>proposal</name><bndbox><xmin>270</xmin><ymin>434</ymin><xmax>61</xmax><ymax>36</ymax></bndbox></object><object><name>proposal</name><bndbox><xmin>482</xmin><ymin>223</ymin><xmax>47</xmax><ymax>27</ymax></bndbox></object><object><name>proposal</name><bndbox><xmin>157</xmin><ymin>233</ymin><xmax>91</xmax><ymax>45</ymax></bndbox></object><object><name>proposal</name><bndbox><xmin>445</xmin><ymin>320</ymin><xmax>69</xmax><ymax>56</ymax></bndbox></object><object><name>proposal</name><bndbox><xmin>274</xmin><ymin>293</ymin><xmax>213</xmax><ymax>153</ymax></bndbox></object><object><name>proposal</name><bndbox><xmin>379</xmin><ymin>498</ymin><xmax>42</xmax><ymax>42</ymax></bndbox></object><object><name>proposal</name><bndbox><xmin>244</xmin><ymin>435</ymin><xmax>60</xmax><ymax>45</ymax></bndbox></object><object><name>proposal</name><bndbox><xmin>132</xmin><ymin>194</ymin><xmax>119</xmax><ymax>61</ymax></bndbox></object><object><name>proposal</name><bndbox><xmin>424</xmin><ymin>321</ymin><xmax>61</xmax><ymax>32</ymax></bndbox></object><object><name>proposal</name><bndbox><xmin>493</xmin><ymin>186</ymin><xmax>41</xmax><ymax>72</ymax></bndbox></object><object><name>proposal</name><bndbox><xmin>259</xmin><ymin>381</ymin><xmax>41</xmax><ymax>66</ymax></bndbox></object><object><name>proposal</name><bndbox><xmin>231</xmin><ymin>403</ymin><xmax>69</xmax><ymax>43</ymax></bndbox></object><object><name>proposal</name><bndbox><xmin>193</xmin><ymin>211</ymin><xmax>83</xmax><ymax>43</ymax></bndbox></object><object><name>proposal</name><bndbox><xmin>316</xmin><ymin>264</ymin><xmax>89</xmax><ymax>169</ymax></bndbox></object><object><name>proposal</name><bndbox><xmin>193</xmin><ymin>222</ymin><xmax>103</xmax><ymax>35</ymax></bndbox></object><object><name>proposal</name><bndbox><xmin>221</xmin><ymin>317</ymin><xmax>114</xmax><ymax>67</ymax></bndbox></object><object><name>proposal</name><bndbox><xmin>270</xmin><ymin>328</ymin><xmax>104</xmax><ymax>121</ymax></bndbox></object><object><name>proposal</name><bndbox><xmin>473</xmin><ymin>231</ymin><xmax>51</xmax><ymax>27</ymax></bndbox></object><object><name>proposal</name><bndbox><xmin>238</xmin><ymin>414</ymin><xmax>27</xmax><ymax>45</ymax></bndbox></object><object><name>proposal</name><bndbox><xmin>413</xmin><ymin>294</ymin><xmax>75</xmax><ymax>41</ymax></bndbox></object><object><name>proposal</name><bndbox><xmin>382</xmin><ymin>117</ymin><xmax>32</xmax><ymax>24</ymax></bndbox></object><object><name>proposal</name><bndbox><xmin>190</xmin><ymin>233</ymin><xmax>216</xmax><ymax>163</ymax></bndbox></object><object><name>proposal</name><bndbox><xmin>231</xmin><ymin>434</ymin><xmax>70</xmax><ymax>32</ymax></bndbox></object><object><name>proposal</name><bndbox><xmin>339</xmin><ymin>291</ymin><xmax>67</xmax><ymax>142</ymax></bndbox></object><object><name>proposal</name><bndbox><xmin>670</xmin><ymin>121</ymin><xmax>35</xmax><ymax>26</ymax></bndbox></object><object><name>proposal</name><bndbox><xmin>270</xmin><ymin>435</ymin><xmax>54</xmax><ymax>54</ymax></bndbox></object><object><name>proposal</name><bndbox><xmin>259</xmin><ymin>391</ymin><xmax>54</xmax><ymax>54</ymax></bndbox></object><object><name>proposal</name><bndbox><xmin>221</xmin><ymin>413</ymin><xmax>42</xmax><ymax>20</ymax></bndbox></object><object><name>proposal</name><bndbox><xmin>273</xmin><ymin>361</ymin><xmax>100</xmax><ymax>197</ymax></bndbox></object><object><name>proposal</name><bndbox><xmin>488</xmin><ymin>238</ymin><xmax>60</xmax><ymax>93</ymax></bndbox></object><object><name>proposal</name><bndbox><xmin>253</xmin><ymin>435</ymin><xmax>71</xmax><ymax>40</ymax></bndbox></object><object><name>proposal</name><bndbox><xmin>273</xmin><ymin>360</ymin><xmax>165</xmax><ymax>87</ymax></bndbox></object><object><name>proposal</name><bndbox><xmin>137</xmin><ymin>233</ymin><xmax>111</xmax><ymax>89</ymax></bndbox></object><object><name>proposal</name><bndbox><xmin>496</xmin><ymin>223</ymin><xmax>51</xmax><ymax>27</ymax></bndbox></object><object><name>proposal</name><bndbox><xmin>241</xmin><ymin>379</ymin><xmax>23</xmax><ymax>51</ymax></bndbox></object><object><name>proposal</name><bndbox><xmin>193</xmin><ymin>133</ymin><xmax>55</xmax><ymax>125</ymax></bndbox></object><object><name>proposal</name><bndbox><xmin>273</xmin><ymin>381</ymin><xmax>45</xmax><ymax>66</ymax></bndbox></object><object><name>proposal</name><bndbox><xmin>325</xmin><ymin>259</ymin><xmax>55</xmax><ymax>21</ymax></bndbox></object><object><name>proposal</name><bndbox><xmin>273</xmin><ymin>409</ymin><xmax>99</xmax><ymax>37</ymax></bndbox></object><object><name>proposal</name><bndbox><xmin>190</xmin><ymin>223</ymin><xmax>144</xmax><ymax>160</ymax></bndbox></object><object><name>proposal</name><bndbox><xmin>234</xmin><ymin>364</ymin><xmax>142</xmax><ymax>163</ymax></bndbox></object><object><name>proposal</name><bndbox><xmin>274</xmin><ymin>435</ymin><xmax>69</xmax><ymax>45</ymax></bndbox></object><object><name>proposal</name><bndbox><xmin>464</xmin><ymin>321</ymin><xmax>51</xmax><ymax>25</ymax></bndbox></object><object><name>proposal</name><bndbox><xmin>446</xmin><ymin>321</ymin><xmax>39</xmax><ymax>83</ymax></bndbox></object><object><name>proposal</name><bndbox><xmin>465</xmin><ymin>241</ymin><xmax>59</xmax><ymax>62</ymax></bndbox></object><object><name>proposal</name><bndbox><xmin>218</xmin><ymin>413</ymin><xmax>45</xmax><ymax>29</ymax></bndbox></object><object><name>proposal</name><bndbox><xmin>274</xmin><ymin>241</ymin><xmax>250</xmax><ymax>204</ymax></bndbox></object><object><name>proposal</name><bndbox><xmin>309</xmin><ymin>224</ymin><xmax>69</xmax><ymax>53</ymax></bndbox></object><object><name>proposal</name><bndbox><xmin>274</xmin><ymin>270</ymin><xmax>77</xmax><ymax>112</ymax></bndbox></object><object><name>proposal</name><bndbox><xmin>496</xmin><ymin>235</ymin><xmax>51</xmax><ymax>23</ymax></bndbox></object><object><name>proposal</name><bndbox><xmin>176</xmin><ymin>231</ymin><xmax>73</xmax><ymax>117</ymax></bndbox></object><object><name>proposal</name><bndbox><xmin>191</xmin><ymin>220</ymin><xmax>73</xmax><ymax>128</ymax></bndbox></object><object><name>proposal</name><bndbox><xmin>361</xmin><ymin>499</ymin><xmax>61</xmax><ymax>33</ymax></bndbox></object><object><name>proposal</name><bndbox><xmin>335</xmin><ymin>373</ymin><xmax>60</xmax><ymax>59</ymax></bndbox></object><object><name>proposal</name><bndbox><xmin>155</xmin><ymin>144</ymin><xmax>110</xmax><ymax>110</ymax></bndbox></object><object><name>proposal</name><bndbox><xmin>240</xmin><ymin>365</ymin><xmax>93</xmax><ymax>135</ymax></bndbox></object><object><name>proposal</name><bndbox><xmin>381</xmin><ymin>103</ymin><xmax>38</xmax><ymax>21</ymax></bndbox></object><object><name>proposal</name><bndbox><xmin>426</xmin><ymin>270</ymin><xmax>59</xmax><ymax>65</ymax></bndbox></object><object><name>proposal</name><bndbox><xmin>386</xmin><ymin>116</ymin><xmax>31</xmax><ymax>31</ymax></bndbox></object><object><name>proposal</name><bndbox><xmin>680</xmin><ymin>116</ymin><xmax>37</xmax><ymax>31</ymax></bndbox></object><object><name>proposal</name><bndbox><xmin>274</xmin><ymin>365</ymin><xmax>145</xmax><ymax>151</ymax></bndbox></object><object><name>proposal</name><bndbox><xmin>261</xmin><ymin>365</ymin><xmax>53</xmax><ymax>85</ymax></bndbox></object><object><name>proposal</name><bndbox><xmin>236</xmin><ymin>293</ymin><xmax>172</xmax><ymax>89</ymax></bndbox></object><object><name>proposal</name><bndbox><xmin>493</xmin><ymin>229</ymin><xmax>38</xmax><ymax>21</ymax></bndbox></object><object><name>proposal</name><bndbox><xmin>388</xmin><ymin>464</ymin><xmax>31</xmax><ymax>50</ymax></bndbox></object><object><name>proposal</name><bndbox><xmin>190</xmin><ymin>222</ymin><xmax>112</xmax><ymax>91</ymax></bndbox></object><object><name>proposal</name><bndbox><xmin>217</xmin><ymin>413</ymin><xmax>84</xmax><ymax>72</ymax></bndbox></object><object><name>proposal</name><bndbox><xmin>574</xmin><ymin>181</ymin><xmax>31</xmax><ymax>37</ymax></bndbox></object><object><name>proposal</name><bndbox><xmin>338</xmin><ymin>397</ymin><xmax>80</xmax><ymax>117</ymax></bndbox></object><object><name>proposal</name><bndbox><xmin>190</xmin><ymin>186</ymin><xmax>114</xmax><ymax>69</ymax></bndbox></object><object><name>proposal</name><bndbox><xmin>273</xmin><ymin>427</ymin><xmax>50</xmax><ymax>21</ymax></bndbox></object><object><name>proposal</name><bndbox><xmin>204</xmin><ymin>412</ymin><xmax>96</xmax><ymax>52</ymax></bndbox></object><object><name>proposal</name><bndbox><xmin>325</xmin><ymin>206</ymin><xmax>53</xmax><ymax>72</ymax></bndbox></object><object><name>proposal</name><bndbox><xmin>442</xmin><ymin>320</ymin><xmax>96</xmax><ymax>44</ymax></bndbox></object><object><name>proposal</name><bndbox><xmin>274</xmin><ymin>425</ymin><xmax>85</xmax><ymax>29</ymax></bndbox></object><object><name>proposal</name><bndbox><xmin>196</xmin><ymin>365</ymin><xmax>178</xmax><ymax>122</ymax></bndbox></object><object><name>proposal</name><bndbox><xmin>485</xmin><ymin>241</ymin><xmax>89</xmax><ymax>60</ymax></bndbox></object><object><name>proposal</name><bndbox><xmin>486</xmin><ymin>241</ymin><xmax>109</xmax><ymax>40</ymax></bndbox></object><object><name>proposal</name><bndbox><xmin>270</xmin><ymin>433</ymin><xmax>37</xmax><ymax>83</ymax></bndbox></object><object><name>proposal</name><bndbox><xmin>193</xmin><ymin>166</ymin><xmax>185</xmax><ymax>267</ymax></bndbox></object><object><name>proposal</name><bndbox><xmin>465</xmin><ymin>189</ymin><xmax>59</xmax><ymax>68</ymax></bndbox></object><object><name>proposal</name><bndbox><xmin>253</xmin><ymin>362</ymin><xmax>83</xmax><ymax>40</ymax></bndbox></object><object><name>proposal</name><bndbox><xmin>469</xmin><ymin>241</ymin><xmax>65</xmax><ymax>89</ymax></bndbox></object><object><name>proposal</name><bndbox><xmin>386</xmin><ymin>96</ymin><xmax>31</xmax><ymax>31</ymax></bndbox></object><object><name>proposal</name><bndbox><xmin>149</xmin><ymin>223</ymin><xmax>185</xmax><ymax>222</ymax></bndbox></object><object><name>proposal</name><bndbox><xmin>487</xmin><ymin>244</ymin><xmax>24</xmax><ymax>35</ymax></bndbox></object><object><name>proposal</name><bndbox><xmin>155</xmin><ymin>235</ymin><xmax>24</xmax><ymax>35</ymax></bndbox></object><object><name>proposal</name><bndbox><xmin>321</xmin><ymin>209</ymin><xmax>203</xmax><ymax>126</ymax></bndbox></object><object><name>proposal</name><bndbox><xmin>389</xmin><ymin>498</ymin><xmax>39</xmax><ymax>45</ymax></bndbox></object><object><name>proposal</name><bndbox><xmin>257</xmin><ymin>433</ymin><xmax>59</xmax><ymax>65</ymax></bndbox></object><object><name>proposal</name><bndbox><xmin>678</xmin><ymin>134</ymin><xmax>27</xmax><ymax>45</ymax></bndbox></object><object><name>proposal</name><bndbox><xmin>413</xmin><ymin>320</ymin><xmax>73</xmax><ymax>56</ymax></bndbox></object><object><name>proposal</name><bndbox><xmin>264</xmin><ymin>249</ymin><xmax>71</xmax><ymax>135</ymax></bndbox></object><object><name>proposal</name><bndbox><xmin>261</xmin><ymin>434</ymin><xmax>42</xmax><ymax>20</ymax></bndbox></object><object><name>proposal</name><bndbox><xmin>325</xmin><ymin>261</ymin><xmax>53</xmax><ymax>77</ymax></bndbox></object><object><name>proposal</name><bndbox><xmin>374</xmin><ymin>293</ymin><xmax>112</xmax><ymax>73</ymax></bndbox></object><object><name>proposal</name><bndbox><xmin>382</xmin><ymin>91</ymin><xmax>31</xmax><ymax>34</ymax></bndbox></object><object><name>proposal</name><bndbox><xmin>388</xmin><ymin>498</ymin><xmax>33</xmax><ymax>67</ymax></bndbox></object><object><name>proposal</name><bndbox><xmin>375</xmin><ymin>253</ymin><xmax>56</xmax><ymax>81</ymax></bndbox></object><object><name>proposal</name><bndbox><xmin>324</xmin><ymin>258</ymin><xmax>177</xmax><ymax>77</ymax></bndbox></object><object><name>proposal</name><bndbox><xmin>299</xmin><ymin>264</ymin><xmax>87</xmax><ymax>44</ymax></bndbox></object><object><name>proposal</name><bndbox><xmin>221</xmin><ymin>414</ymin><xmax>42</xmax><ymax>42</ymax></bndbox></object><object><name>proposal</name><bndbox><xmin>468</xmin><ymin>221</ymin><xmax>56</xmax><ymax>30</ymax></bndbox></object><object><name>proposal</name><bndbox><xmin>484</xmin><ymin>166</ymin><xmax>40</xmax><ymax>91</ymax></bndbox></object><object><name>proposal</name><bndbox><xmin>269</xmin><ymin>393</ymin><xmax>69</xmax><ymax>54</ymax></bndbox></object><object><name>proposal</name><bndbox><xmin>495</xmin><ymin>204</ymin><xmax>109</xmax><ymax>54</ymax></bndbox></object><object><name>proposal</name><bndbox><xmin>241</xmin><ymin>386</ymin><xmax>33</xmax><ymax>45</ymax></bndbox></object><object><name>proposal</name><bndbox><xmin>412</xmin><ymin>221</ymin><xmax>113</xmax><ymax>114</ymax></bndbox></object><object><name>proposal</name><bndbox><xmin>316</xmin><ymin>337</ymin><xmax>63</xmax><ymax>98</ymax></bndbox></object><object><name>proposal</name><bndbox><xmin>224</xmin><ymin>323</ymin><xmax>110</xmax><ymax>126</ymax></bndbox></object><object><name>proposal</name><bndbox><xmin>212</xmin><ymin>407</ymin><xmax>51</xmax><ymax>23</ymax></bndbox></object><object><name>proposal</name><bndbox><xmin>339</xmin><ymin>398</ymin><xmax>85</xmax><ymax>35</ymax></bndbox></object><object><name>proposal</name><bndbox><xmin>106</xmin><ymin>383</ymin><xmax>35</xmax><ymax>24</ymax></bndbox></object><object><name>proposal</name><bndbox><xmin>373</xmin><ymin>499</ymin><xmax>46</xmax><ymax>21</ymax></bndbox></object><object><name>proposal</name><bndbox><xmin>225</xmin><ymin>430</ymin><xmax>75</xmax><ymax>45</ymax></bndbox></object><object><name>proposal</name><bndbox><xmin>445</xmin><ymin>217</ymin><xmax>79</xmax><ymax>41</ymax></bndbox></object><object><name>proposal</name><bndbox><xmin>374</xmin><ymin>261</ymin><xmax>128</xmax><ymax>90</ymax></bndbox></object><object><name>proposal</name><bndbox><xmin>274</xmin><ymin>264</ymin><xmax>229</xmax><ymax>253</ymax></bndbox></object><object><name>proposal</name><bndbox><xmin>190</xmin><ymin>233</ymin><xmax>337</xmax><ymax>164</ymax></bndbox></object><object><name>proposal</name><bndbox><xmin>324</xmin><ymin>261</ymin><xmax>98</xmax><ymax>72</ymax></bndbox></object><object><name>proposal</name><bndbox><xmin>468</xmin><ymin>208</ymin><xmax>60</xmax><ymax>50</ymax></bndbox></object><object><name>proposal</name><bndbox><xmin>414</xmin><ymin>318</ymin><xmax>71</xmax><ymax>26</ymax></bndbox></object><object><name>proposal</name><bndbox><xmin>127</xmin><ymin>685</ymin><xmax>24</xmax><ymax>32</ymax></bndbox></object><object><name>proposal</name><bndbox><xmin>124</xmin><ymin>350</ymin><xmax>250</xmax><ymax>95</ymax></bndbox></object><object><name>proposal</name><bndbox><xmin>273</xmin><ymin>435</ymin><xmax>97</xmax><ymax>53</ymax></bndbox></object><object><name>proposal</name><bndbox><xmin>191</xmin><ymin>218</ymin><xmax>116</xmax><ymax>57</ymax></bndbox></object><object><name>proposal</name><bndbox><xmin>219</xmin><ymin>435</ymin><xmax>91</xmax><ymax>50</ymax></bndbox></object><object><name>proposal</name><bndbox><xmin>375</xmin><ymin>270</ymin><xmax>94</xmax><ymax>63</ymax></bndbox></object><object><name>proposal</name><bndbox><xmin>495</xmin><ymin>233</ymin><xmax>85</xmax><ymax>29</ymax></bndbox></object><object><name>proposal</name><bndbox><xmin>127</xmin><ymin>685</ymin><xmax>35</xmax><ymax>24</ymax></bndbox></object><object><name>proposal</name><bndbox><xmin>356</xmin><ymin>293</ymin><xmax>49</xmax><ymax>53</ymax></bndbox></object><object><name>proposal</name><bndbox><xmin>155</xmin><ymin>208</ymin><xmax>22</xmax><ymax>35</ymax></bndbox></object><object><name>proposal</name><bndbox><xmin>495</xmin><ymin>189</ymin><xmax>68</xmax><ymax>68</ymax></bndbox></object><object><name>proposal</name><bndbox><xmin>496</xmin><ymin>166</ymin><xmax>46</xmax><ymax>91</ymax></bndbox></object><object><name>proposal</name><bndbox><xmin>155</xmin><ymin>174</ymin><xmax>152</xmax><ymax>83</ymax></bndbox></object><object><name>proposal</name><bndbox><xmin>464</xmin><ymin>320</ymin><xmax>49</xmax><ymax>45</ymax></bndbox></object><object><name>proposal</name><bndbox><xmin>119</xmin><ymin>370</ymin><xmax>22</xmax><ymax>38</ymax></bndbox></object><object><name>proposal</name><bndbox><xmin>580</xmin><ymin>205</ymin><xmax>31</xmax><ymax>40</ymax></bndbox></object><object><name>proposal</name><bndbox><xmin>186</xmin><ymin>223</ymin><xmax>192</xmax><ymax>98</ymax></bndbox></object><object><name>proposal</name><bndbox><xmin>681</xmin><ymin>96</ymin><xmax>23</xmax><ymax>55</ymax></bndbox></object><object><name>proposal</name><bndbox><xmin>273</xmin><ymin>432</ymin><xmax>83</xmax><ymax>36</ymax></bndbox></object><object><name>proposal</name><bndbox><xmin>64</xmin><ymin>221</ymin><xmax>315</xmax><ymax>226</ymax></bndbox></object><object><name>proposal</name><bndbox><xmin>680</xmin><ymin>136</ymin><xmax>37</xmax><ymax>33</ymax></bndbox></object><object><name>proposal</name><bndbox><xmin>446</xmin><ymin>242</ymin><xmax>42</xmax><ymax>96</ymax></bndbox></object><object><name>proposal</name><bndbox><xmin>148</xmin><ymin>219</ymin><xmax>32</xmax><ymax>24</ymax></bndbox></object><object><name>proposal</name><bndbox><xmin>116</xmin><ymin>376</ymin><xmax>31</xmax><ymax>31</ymax></bndbox></object><object><name>proposal</name><bndbox><xmin>466</xmin><ymin>321</ymin><xmax>21</xmax><ymax>42</ymax></bndbox></object><object><name>proposal</name><bndbox><xmin>250</xmin><ymin>433</ymin><xmax>51</xmax><ymax>81</ymax></bndbox></object><object><name>proposal</name><bndbox><xmin>335</xmin><ymin>337</ymin><xmax>57</xmax><ymax>98</ymax></bndbox></object><object><name>proposal</name><bndbox><xmin>653</xmin><ymin>123</ymin><xmax>51</xmax><ymax>25</ymax></bndbox></object><object><name>proposal</name><bndbox><xmin>466</xmin><ymin>265</ymin><xmax>35</xmax><ymax>24</ymax></bndbox></object><object><name>proposal</name><bndbox><xmin>472</xmin><ymin>241</ymin><xmax>34</xmax><ymax>37</ymax></bndbox></object><object><name>proposal</name><bndbox><xmin>676</xmin><ymin>136</ymin><xmax>31</xmax><ymax>31</ymax></bndbox></object><object><name>proposal</name><bndbox><xmin>554</xmin><ymin>195</ymin><xmax>51</xmax><ymax>23</ymax></bndbox></object><object><name>proposal</name><bndbox><xmin>274</xmin><ymin>417</ymin><xmax>84</xmax><ymax>45</ymax></bndbox></object><object><name>proposal</name><bndbox><xmin>495</xmin><ymin>214</ymin><xmax>70</xmax><ymax>39</ymax></bndbox></object><object><name>proposal</name><bndbox><xmin>123</xmin><ymin>365</ymin><xmax>39</xmax><ymax>42</ymax></bndbox></object><object><name>proposal</name><bndbox><xmin>429</xmin><ymin>319</ymin><xmax>59</xmax><ymax>21</ymax></bndbox></object><object><name>proposal</name><bndbox><xmin>124</xmin><ymin>365</ymin><xmax>21</xmax><ymax>42</ymax></bndbox></object><object><name>proposal</name><bndbox><xmin>119</xmin><ymin>397</ymin><xmax>22</xmax><ymax>41</ymax></bndbox></object><object><name>proposal</name><bndbox><xmin>154</xmin><ymin>217</ymin><xmax>32</xmax><ymax>26</ymax></bndbox></object><object><name>proposal</name><bndbox><xmin>224</xmin><ymin>270</ymin><xmax>110</xmax><ymax>115</ymax></bndbox></object><object><name>proposal</name><bndbox><xmin>421</xmin><ymin>223</ymin><xmax>105</xmax><ymax>56</ymax></bndbox></object><object><name>proposal</name><bndbox><xmin>383</xmin><ymin>117</ymin><xmax>47</xmax><ymax>25</ymax></bndbox></object><object><name>proposal</name><bndbox><xmin>496</xmin><ymin>221</ymin><xmax>60</xmax><ymax>38</ymax></bndbox></object><object><name>proposal</name><bndbox><xmin>125</xmin><ymin>222</ymin><xmax>402</xmax><ymax>224</ymax></bndbox></object><object><name>proposal</name><bndbox><xmin>101</xmin><ymin>388</ymin><xmax>42</xmax><ymax>21</ymax></bndbox></object><object><name>proposal</name><bndbox><xmin>375</xmin><ymin>292</ymin><xmax>64</xmax><ymax>54</ymax></bndbox></object><object><name>proposal</name><bndbox><xmin>274</xmin><ymin>361</ymin><xmax>148</xmax><ymax>253</ymax></bndbox></object><object><name>proposal</name><bndbox><xmin>488</xmin><ymin>265</ymin><xmax>26</xmax><ymax>66</ymax></bndbox></object><object><name>proposal</name><bndbox><xmin>125</xmin><ymin>397</ymin><xmax>24</xmax><ymax>41</ymax></bndbox></object><object><name>proposal</name><bndbox><xmin>146</xmin><ymin>236</ymin><xmax>31</xmax><ymax>31</ymax></bndbox></object><object><name>proposal</name><bndbox><xmin>274</xmin><ymin>117</ymin><xmax>139</xmax><ymax>328</ymax></bndbox></object><object><name>proposal</name><bndbox><xmin>388</xmin><ymin>499</ymin><xmax>50</xmax><ymax>34</ymax></bndbox></object><object><name>proposal</name><bndbox><xmin>221</xmin><ymin>349</ymin><xmax>84</xmax><ymax>96</ymax></bndbox></object><object><name>proposal</name><bndbox><xmin>241</xmin><ymin>361</ymin><xmax>33</xmax><ymax>70</ymax></bndbox></object><object><name>proposal</name><bndbox><xmin>235</xmin><ymin>414</ymin><xmax>39</xmax><ymax>48</ymax></bndbox></object><object><name>proposal</name><bndbox><xmin>662</xmin><ymin>136</ymin><xmax>42</xmax><ymax>33</ymax></bndbox></object><object><name>proposal</name><bndbox><xmin>466</xmin><ymin>321</ymin><xmax>31</xmax><ymax>31</ymax></bndbox></object><object><name>proposal</name><bndbox><xmin>241</xmin><ymin>409</ymin><xmax>50</xmax><ymax>21</ymax></bndbox></object><object><name>proposal</name><bndbox><xmin>487</xmin><ymin>253</ymin><xmax>35</xmax><ymax>26</ymax></bndbox></object><object><name>proposal</name><bndbox><xmin>253</xmin><ymin>427</ymin><xmax>50</xmax><ymax>21</ymax></bndbox></object><object><name>proposal</name><bndbox><xmin>325</xmin><ymin>248</ymin><xmax>53</xmax><ymax>45</ymax></bndbox></object><object><name>proposal</name><bndbox><xmin>337</xmin><ymin>399</ymin><xmax>101</xmax><ymax>56</ymax></bndbox></object><object><name>proposal</name><bndbox><xmin>465</xmin><ymin>284</ymin><xmax>23</xmax><ymax>51</ymax></bndbox></object><object><name>proposal</name><bndbox><xmin>229</xmin><ymin>354</ymin><xmax>107</xmax><ymax>37</ymax></bndbox></object><object><name>proposal</name><bndbox><xmin>342</xmin><ymin>293</ymin><xmax>63</xmax><ymax>97</ymax></bndbox></object><object><name>proposal</name><bndbox><xmin>365</xmin><ymin>117</ymin><xmax>51</xmax><ymax>25</ymax></bndbox></object><object><name>proposal</name><bndbox><xmin>670</xmin><ymin>136</ymin><xmax>34</xmax><ymax>50</ymax></bndbox></object><object><name>proposal</name><bndbox><xmin>662</xmin><ymin>106</ymin><xmax>42</xmax><ymax>42</ymax></bndbox></object><object><name>proposal</name><bndbox><xmin>679</xmin><ymin>136</ymin><xmax>34</xmax><ymax>50</ymax></bndbox></object><object><name>proposal</name><bndbox><xmin>389</xmin><ymin>452</ymin><xmax>38</xmax><ymax>65</ymax></bndbox></object><object><name>proposal</name><bndbox><xmin>339</xmin><ymin>384</ymin><xmax>84</xmax><ymax>55</ymax></bndbox></object><object><name>proposal</name><bndbox><xmin>127</xmin><ymin>686</ymin><xmax>42</xmax><ymax>29</ymax></bndbox></object><object><name>proposal</name><bndbox><xmin>155</xmin><ymin>236</ymin><xmax>42</xmax><ymax>29</ymax></bndbox></object><object><name>proposal</name><bndbox><xmin>460</xmin><ymin>255</ymin><xmax>41</xmax><ymax>24</ymax></bndbox></object><object><name>proposal</name><bndbox><xmin>481</xmin><ymin>265</ymin><xmax>21</xmax><ymax>42</ymax></bndbox></object><object><name>proposal</name><bndbox><xmin>681</xmin><ymin>127</ymin><xmax>36</xmax><ymax>21</ymax></bndbox></object><object><name>proposal</name><bndbox><xmin>470</xmin><ymin>265</ymin><xmax>44</xmax><ymax>65</ymax></bndbox></object><object><name>proposal</name><bndbox><xmin>577</xmin><ymin>205</ymin><xmax>51</xmax><ymax>25</ymax></bndbox></object><object><name>proposal</name><bndbox><xmin>481</xmin><ymin>237</ymin><xmax>21</xmax><ymax>42</ymax></bndbox></object><object><name>proposal</name><bndbox><xmin>241</xmin><ymin>201</ymin><xmax>31</xmax><ymax>31</ymax></bndbox></object><object><name>proposal</name><bndbox><xmin>221</xmin><ymin>386</ymin><xmax>42</xmax><ymax>45</ymax></bndbox></object><object><name>proposal</name><bndbox><xmin>487</xmin><ymin>265</ymin><xmax>21</xmax><ymax>46</ymax></bndbox></object><object><name>proposal</name><bndbox><xmin>486</xmin><ymin>301</ymin><xmax>31</xmax><ymax>31</ymax></bndbox></object><object><name>proposal</name><bndbox><xmin>496</xmin><ymin>301</ymin><xmax>31</xmax><ymax>31</ymax></bndbox></object></annotation>