<annotation><folder>Proposals</folder><filename>img-112.jpg</filename><size><width>720</width><height>720</height><depth>3</depth></size><object><name>proposal</name><bndbox><xmin>512</xmin><ymin>186</ymin><xmax>55</xmax><ymax>41</ymax></bndbox></object><object><name>proposal</name><bndbox><xmin>181</xmin><ymin>205</ymin><xmax>50</xmax><ymax>34</ymax></bndbox></object><object><name>proposal</name><bndbox><xmin>511</xmin><ymin>214</ymin><xmax>69</xmax><ymax>49</ymax></bndbox></object><object><name>proposal</name><bndbox><xmin>256</xmin><ymin>174</ymin><xmax>256</xmax><ymax>128</ymax></bndbox></object><object><name>proposal</name><bndbox><xmin>4</xmin><ymin>33</ymin><xmax>36</xmax><ymax>67</ymax></bndbox></object><object><name>proposal</name><bndbox><xmin>292</xmin><ymin>169</ymin><xmax>32</xmax><ymax>26</ymax></bndbox></object><object><name>proposal</name><bndbox><xmin>1</xmin><ymin>34</ymin><xmax>97</xmax><ymax>66</ymax></bndbox></object><object><name>proposal</name><bndbox><xmin>509</xmin><ymin>171</ymin><xmax>73</xmax><ymax>63</ymax></bndbox></object><object><name>proposal</name><bndbox><xmin>4</xmin><ymin>75</ymin><xmax>32</xmax><ymax>26</ymax></bndbox></object><object><name>proposal</name><bndbox><xmin>285</xmin><ymin>175</ymin><xmax>38</xmax><ymax>21</ymax></bndbox></object><object><name>proposal</name><bndbox><xmin>57</xmin><ymin>50</ymin><xmax>42</xmax><ymax>45</ymax></bndbox></object><object><name>proposal</name><bndbox><xmin>57</xmin><ymin>66</ymin><xmax>42</xmax><ymax>29</ymax></bndbox></object><object><name>proposal</name><bndbox><xmin>180</xmin><ymin>203</ymin><xmax>73</xmax><ymax>35</ymax></bndbox></object><object><name>proposal</name><bndbox><xmin>493</xmin><ymin>189</ymin><xmax>75</xmax><ymax>41</ymax></bndbox></object><object><name>proposal</name><bndbox><xmin>504</xmin><ymin>166</ymin><xmax>62</xmax><ymax>62</ymax></bndbox></object><object><name>proposal</name><bndbox><xmin>512</xmin><ymin>210</ymin><xmax>54</xmax><ymax>64</ymax></bndbox></object><object><name>proposal</name><bndbox><xmin>512</xmin><ymin>201</ymin><xmax>56</xmax><ymax>28</ymax></bndbox></object><object><name>proposal</name><bndbox><xmin>293</xmin><ymin>158</ymin><xmax>29</xmax><ymax>39</ymax></bndbox></object><object><name>proposal</name><bndbox><xmin>4</xmin><ymin>71</ymin><xmax>45</xmax><ymax>29</ymax></bndbox></object><object><name>proposal</name><bndbox><xmin>1</xmin><ymin>57</ymin><xmax>99</xmax><ymax>43</ymax></bndbox></object><object><name>proposal</name><bndbox><xmin>286</xmin><ymin>204</ymin><xmax>227</xmax><ymax>104</ymax></bndbox></object><object><name>proposal</name><bndbox><xmin>182</xmin><ymin>167</ymin><xmax>384</xmax><ymax>146</ymax></bndbox></object><object><name>proposal</name><bndbox><xmin>176</xmin><ymin>227</ymin><xmax>47</xmax><ymax>25</ymax></bndbox></object><object><name>proposal</name><bndbox><xmin>301</xmin><ymin>22</ymin><xmax>34</xmax><ymax>31</ymax></bndbox></object><object><name>proposal</name><bndbox><xmin>467</xmin><ymin>214</ymin><xmax>113</xmax><ymax>48</ymax></bndbox></object><object><name>proposal</name><bndbox><xmin>293</xmin><ymin>24</ymin><xmax>42</xmax><ymax>22</ymax></bndbox></object><object><name>proposal</name><bndbox><xmin>183</xmin><ymin>226</ymin><xmax>42</xmax><ymax>33</ymax></bndbox></object><object><name>proposal</name><bndbox><xmin>450</xmin><ymin>178</ymin><xmax>135</xmax><ymax>55</ymax></bndbox></object><object><name>proposal</name><bndbox><xmin>275</xmin><ymin>171</ymin><xmax>47</xmax><ymax>25</ymax></bndbox></object><object><name>proposal</name><bndbox><xmin>182</xmin><ymin>194</ymin><xmax>55</xmax><ymax>44</ymax></bndbox></object><object><name>proposal</name><bndbox><xmin>153</xmin><ymin>205</ymin><xmax>70</xmax><ymax>33</ymax></bndbox></object><object><name>proposal</name><bndbox><xmin>50</xmin><ymin>82</ymin><xmax>49</xmax><ymax>49</ymax></bndbox></object><object><name>proposal</name><bndbox><xmin>509</xmin><ymin>213</ymin><xmax>72</xmax><ymax>76</ymax></bndbox></object><object><name>proposal</name><bndbox><xmin>50</xmin><ymin>39</ymin><xmax>54</xmax><ymax>59</ymax></bndbox></object><object><name>proposal</name><bndbox><xmin>181</xmin><ymin>193</ymin><xmax>38</xmax><ymax>26</ymax></bndbox></object><object><name>proposal</name><bndbox><xmin>508</xmin><ymin>129</ymin><xmax>75</xmax><ymax>107</ymax></bndbox></object><object><name>proposal</name><bndbox><xmin>250</xmin><ymin>129</ymin><xmax>316</xmax><ymax>176</ymax></bndbox></object><object><name>proposal</name><bndbox><xmin>306</xmin><ymin>11</ymin><xmax>29</xmax><ymax>39</ymax></bndbox></object><object><name>proposal</name><bndbox><xmin>295</xmin><ymin>174</ymin><xmax>95</xmax><ymax>44</ymax></bndbox></object><object><name>proposal</name><bndbox><xmin>178</xmin><ymin>205</ymin><xmax>45</xmax><ymax>60</ymax></bndbox></object><object><name>proposal</name><bndbox><xmin>1</xmin><ymin>34</ymin><xmax>59</xmax><ymax>69</ymax></bndbox></object><object><name>proposal</name><bndbox><xmin>316</xmin><ymin>5</ymin><xmax>49</xmax><ymax>45</ymax></bndbox></object><object><name>proposal</name><bndbox><xmin>449</xmin><ymin>158</ymin><xmax>133</xmax><ymax>83</ymax></bndbox></object><object><name>proposal</name><bndbox><xmin>514</xmin><ymin>129</ymin><xmax>32</xmax><ymax>24</ymax></bndbox></object><object><name>proposal</name><bndbox><xmin>176</xmin><ymin>186</ymin><xmax>49</xmax><ymax>53</ymax></bndbox></object><object><name>proposal</name><bndbox><xmin>36</xmin><ymin>36</ymin><xmax>62</xmax><ymax>59</ymax></bndbox></object><object><name>proposal</name><bndbox><xmin>368</xmin><ymin>169</ymin><xmax>66</xmax><ymax>47</ymax></bndbox></object><object><name>proposal</name><bndbox><xmin>448</xmin><ymin>189</ymin><xmax>49</xmax><ymax>63</ymax></bndbox></object><object><name>proposal</name><bndbox><xmin>7</xmin><ymin>41</ymin><xmax>23</xmax><ymax>51</ymax></bndbox></object><object><name>proposal</name><bndbox><xmin>1</xmin><ymin>74</ymin><xmax>99</xmax><ymax>37</ymax></bndbox></object><object><name>proposal</name><bndbox><xmin>341</xmin><ymin>171</ymin><xmax>47</xmax><ymax>55</ymax></bndbox></object><object><name>proposal</name><bndbox><xmin>3</xmin><ymin>8</ymin><xmax>31</xmax><ymax>42</ymax></bndbox></object><object><name>proposal</name><bndbox><xmin>181</xmin><ymin>205</ymin><xmax>38</xmax><ymax>28</ymax></bndbox></object><object><name>proposal</name><bndbox><xmin>4</xmin><ymin>17</ymin><xmax>94</xmax><ymax>101</ymax></bndbox></object><object><name>proposal</name><bndbox><xmin>179</xmin><ymin>176</ymin><xmax>42</xmax><ymax>45</ymax></bndbox></object><object><name>proposal</name><bndbox><xmin>1</xmin><ymin>82</ymin><xmax>99</xmax><ymax>49</ymax></bndbox></object><object><name>proposal</name><bndbox><xmin>295</xmin><ymin>166</ymin><xmax>42</xmax><ymax>29</ymax></bndbox></object><object><name>proposal</name><bndbox><xmin>55</xmin><ymin>82</ymin><xmax>50</xmax><ymax>37</ymax></bndbox></object><object><name>proposal</name><bndbox><xmin>467</xmin><ymin>209</ymin><xmax>116</xmax><ymax>72</ymax></bndbox></object><object><name>proposal</name><bndbox><xmin>449</xmin><ymin>176</ymin><xmax>45</xmax><ymax>31</ymax></bndbox></object><object><name>proposal</name><bndbox><xmin>508</xmin><ymin>109</ymin><xmax>58</xmax><ymax>119</ymax></bndbox></object><object><name>proposal</name><bndbox><xmin>516</xmin><ymin>106</ymin><xmax>31</xmax><ymax>31</ymax></bndbox></object><object><name>proposal</name><bndbox><xmin>56</xmin><ymin>36</ymin><xmax>65</xmax><ymax>59</ymax></bndbox></object><object><name>proposal</name><bndbox><xmin>147</xmin><ymin>205</ymin><xmax>75</xmax><ymax>53</ymax></bndbox></object><object><name>proposal</name><bndbox><xmin>4</xmin><ymin>30</ymin><xmax>135</xmax><ymax>75</ymax></bndbox></object><object><name>proposal</name><bndbox><xmin>182</xmin><ymin>204</ymin><xmax>54</xmax><ymax>54</ymax></bndbox></object><object><name>proposal</name><bndbox><xmin>36</xmin><ymin>58</ymin><xmax>64</xmax><ymax>39</ymax></bndbox></object><object><name>proposal</name><bndbox><xmin>57</xmin><ymin>82</ymin><xmax>45</xmax><ymax>66</ymax></bndbox></object><object><name>proposal</name><bndbox><xmin>359</xmin><ymin>173</ymin><xmax>155</xmax><ymax>131</ymax></bndbox></object><object><name>proposal</name><bndbox><xmin>255</xmin><ymin>4</ymin><xmax>257</xmax><ymax>299</ymax></bndbox></object><object><name>proposal</name><bndbox><xmin>183</xmin><ymin>226</ymin><xmax>41</xmax><ymax>55</ymax></bndbox></object><object><name>proposal</name><bndbox><xmin>176</xmin><ymin>211</ymin><xmax>47</xmax><ymax>27</ymax></bndbox></object><object><name>proposal</name><bndbox><xmin>295</xmin><ymin>153</ymin><xmax>93</xmax><ymax>63</ymax></bndbox></object><object><name>proposal</name><bndbox><xmin>171</xmin><ymin>204</ymin><xmax>55</xmax><ymax>44</ymax></bndbox></object><object><name>proposal</name><bndbox><xmin>450</xmin><ymin>124</ymin><xmax>143</xmax><ymax>120</ymax></bndbox></object><object><name>proposal</name><bndbox><xmin>295</xmin><ymin>149</ymin><xmax>34</xmax><ymax>46</ymax></bndbox></object><object><name>proposal</name><bndbox><xmin>556</xmin><ymin>211</ymin><xmax>32</xmax><ymax>22</ymax></bndbox></object><object><name>proposal</name><bndbox><xmin>557</xmin><ymin>196</ymin><xmax>24</xmax><ymax>38</ymax></bndbox></object><object><name>proposal</name><bndbox><xmin>281</xmin><ymin>23</ymin><xmax>56</xmax><ymax>26</ymax></bndbox></object><object><name>proposal</name><bndbox><xmin>171</xmin><ymin>225</ymin><xmax>55</xmax><ymax>41</ymax></bndbox></object><object><name>proposal</name><bndbox><xmin>179</xmin><ymin>88</ymin><xmax>336</xmax><ymax>228</ymax></bndbox></object><object><name>proposal</name><bndbox><xmin>509</xmin><ymin>115</ymin><xmax>38</xmax><ymax>21</ymax></bndbox></object><object><name>proposal</name><bndbox><xmin>4</xmin><ymin>51</ymin><xmax>34</xmax><ymax>54</ymax></bndbox></object><object><name>proposal</name><bndbox><xmin>4</xmin><ymin>87</ymin><xmax>34</xmax><ymax>54</ymax></bndbox></object><object><name>proposal</name><bndbox><xmin>429</xmin><ymin>190</ymin><xmax>69</xmax><ymax>54</ymax></bndbox></object><object><name>proposal</name><bndbox><xmin>7</xmin><ymin>13</ymin><xmax>34</xmax><ymax>37</ymax></bndbox></object><object><name>proposal</name><bndbox><xmin>500</xmin><ymin>147</ymin><xmax>101</xmax><ymax>87</ymax></bndbox></object><object><name>proposal</name><bndbox><xmin>484</xmin><ymin>214</ymin><xmax>117</xmax><ymax>77</ymax></bndbox></object><object><name>proposal</name><bndbox><xmin>491</xmin><ymin>127</ymin><xmax>77</xmax><ymax>106</ymax></bndbox></object><object><name>proposal</name><bndbox><xmin>368</xmin><ymin>144</ymin><xmax>36</xmax><ymax>73</ymax></bndbox></object><object><name>proposal</name><bndbox><xmin>284</xmin><ymin>163</ymin><xmax>46</xmax><ymax>34</ymax></bndbox></object><object><name>proposal</name><bndbox><xmin>512</xmin><ymin>213</ymin><xmax>56</xmax><ymax>28</ymax></bndbox></object><object><name>proposal</name><bndbox><xmin>1</xmin><ymin>79</ymin><xmax>42</xmax><ymax>21</ymax></bndbox></object><object><name>proposal</name><bndbox><xmin>147</xmin><ymin>188</ymin><xmax>75</xmax><ymax>51</ymax></bndbox></object><object><name>proposal</name><bndbox><xmin>368</xmin><ymin>172</ymin><xmax>78</xmax><ymax>57</ymax></bndbox></object><object><name>proposal</name><bndbox><xmin>181</xmin><ymin>205</ymin><xmax>91</xmax><ymax>40</ymax></bndbox></object><object><name>proposal</name><bndbox><xmin>56</xmin><ymin>82</ymin><xmax>66</xmax><ymax>49</ymax></bndbox></object><object><name>proposal</name><bndbox><xmin>512</xmin><ymin>166</ymin><xmax>114</xmax><ymax>67</ymax></bndbox></object><object><name>proposal</name><bndbox><xmin>442</xmin><ymin>189</ymin><xmax>124</xmax><ymax>59</ymax></bndbox></object><object><name>proposal</name><bndbox><xmin>181</xmin><ymin>192</ymin><xmax>91</xmax><ymax>46</ymax></bndbox></object><object><name>proposal</name><bndbox><xmin>504</xmin><ymin>214</ymin><xmax>63</xmax><ymax>94</ymax></bndbox></object><object><name>proposal</name><bndbox><xmin>153</xmin><ymin>227</ymin><xmax>70</xmax><ymax>29</ymax></bndbox></object><object><name>proposal</name><bndbox><xmin>7</xmin><ymin>25</ymin><xmax>35</xmax><ymax>26</ymax></bndbox></object><object><name>proposal</name><bndbox><xmin>160</xmin><ymin>179</ymin><xmax>60</xmax><ymax>41</ymax></bndbox></object><object><name>proposal</name><bndbox><xmin>182</xmin><ymin>173</ymin><xmax>55</xmax><ymax>47</ymax></bndbox></object><object><name>proposal</name><bndbox><xmin>367</xmin><ymin>167</ymin><xmax>40</xmax><ymax>50</ymax></bndbox></object><object><name>proposal</name><bndbox><xmin>1</xmin><ymin>60</ymin><xmax>60</xmax><ymax>41</ymax></bndbox></object><object><name>proposal</name><bndbox><xmin>331</xmin><ymin>173</ymin><xmax>58</xmax><ymax>69</ymax></bndbox></object><object><name>proposal</name><bndbox><xmin>317</xmin><ymin>3</ymin><xmax>77</xmax><ymax>54</ymax></bndbox></object><object><name>proposal</name><bndbox><xmin>295</xmin><ymin>8</ymin><xmax>42</xmax><ymax>42</ymax></bndbox></object><object><name>proposal</name><bndbox><xmin>301</xmin><ymin>23</ymin><xmax>34</xmax><ymax>46</ymax></bndbox></object><object><name>proposal</name><bndbox><xmin>313</xmin><ymin>166</ymin><xmax>77</xmax><ymax>59</ymax></bndbox></object><object><name>proposal</name><bndbox><xmin>466</xmin><ymin>196</ymin><xmax>100</xmax><ymax>46</ymax></bndbox></object><object><name>proposal</name><bndbox><xmin>182</xmin><ymin>225</ymin><xmax>55</xmax><ymax>44</ymax></bndbox></object><object><name>proposal</name><bndbox><xmin>182</xmin><ymin>24</ymin><xmax>399</xmax><ymax>279</ymax></bndbox></object><object><name>proposal</name><bndbox><xmin>446</xmin><ymin>217</ymin><xmax>51</xmax><ymax>25</ymax></bndbox></object><object><name>proposal</name><bndbox><xmin>295</xmin><ymin>173</ymin><xmax>35</xmax><ymax>24</ymax></bndbox></object><object><name>proposal</name><bndbox><xmin>363</xmin><ymin>172</ymin><xmax>25</xmax><ymax>51</ymax></bndbox></object><object><name>proposal</name><bndbox><xmin>179</xmin><ymin>179</ymin><xmax>65</xmax><ymax>59</ymax></bndbox></object><object><name>proposal</name><bndbox><xmin>57</xmin><ymin>76</ymin><xmax>42</xmax><ymax>21</ymax></bndbox></object><object><name>proposal</name><bndbox><xmin>515</xmin><ymin>128</ymin><xmax>39</xmax><ymax>29</ymax></bndbox></object><object><name>proposal</name><bndbox><xmin>449</xmin><ymin>190</ymin><xmax>63</xmax><ymax>51</ymax></bndbox></object><object><name>proposal</name><bndbox><xmin>181</xmin><ymin>174</ymin><xmax>207</xmax><ymax>124</ymax></bndbox></object><object><name>proposal</name><bndbox><xmin>178</xmin><ymin>153</ymin><xmax>41</xmax><ymax>66</ymax></bndbox></object><object><name>proposal</name><bndbox><xmin>1</xmin><ymin>62</ymin><xmax>98</xmax><ymax>57</ymax></bndbox></object><object><name>proposal</name><bndbox><xmin>322</xmin><ymin>21</ymin><xmax>38</xmax><ymax>26</ymax></bndbox></object><object><name>proposal</name><bndbox><xmin>57</xmin><ymin>13</ymin><xmax>43</xmax><ymax>83</ymax></bndbox></object><object><name>proposal</name><bndbox><xmin>424</xmin><ymin>191</ymin><xmax>87</xmax><ymax>107</ymax></bndbox></object><object><name>proposal</name><bndbox><xmin>179</xmin><ymin>177</ymin><xmax>145</xmax><ymax>61</ymax></bndbox></object><object><name>proposal</name><bndbox><xmin>351</xmin><ymin>173</ymin><xmax>37</xmax><ymax>85</ymax></bndbox></object><object><name>proposal</name><bndbox><xmin>178</xmin><ymin>139</ymin><xmax>44</xmax><ymax>99</ymax></bndbox></object><object><name>proposal</name><bndbox><xmin>361</xmin><ymin>172</ymin><xmax>138</xmax><ymax>69</ymax></bndbox></object><object><name>proposal</name><bndbox><xmin>512</xmin><ymin>127</ymin><xmax>110</xmax><ymax>109</ymax></bndbox></object><object><name>proposal</name><bndbox><xmin>56</xmin><ymin>58</ymin><xmax>67</xmax><ymax>39</ymax></bndbox></object><object><name>proposal</name><bndbox><xmin>1</xmin><ymin>73</ymin><xmax>100</xmax><ymax>88</ymax></bndbox></object><object><name>proposal</name><bndbox><xmin>178</xmin><ymin>205</ymin><xmax>44</xmax><ymax>123</ymax></bndbox></object><object><name>proposal</name><bndbox><xmin>39</xmin><ymin>78</ymin><xmax>59</xmax><ymax>64</ymax></bndbox></object><object><name>proposal</name><bndbox><xmin>512</xmin><ymin>214</ymin><xmax>112</xmax><ymax>77</ymax></bndbox></object><object><name>proposal</name><bndbox><xmin>511</xmin><ymin>211</ymin><xmax>71</xmax><ymax>124</ymax></bndbox></object><object><name>proposal</name><bndbox><xmin>446</xmin><ymin>158</ymin><xmax>49</xmax><ymax>49</ymax></bndbox></object><object><name>proposal</name><bndbox><xmin>466</xmin><ymin>216</ymin><xmax>31</xmax><ymax>31</ymax></bndbox></object><object><name>proposal</name><bndbox><xmin>57</xmin><ymin>82</ymin><xmax>42</xmax><ymax>21</ymax></bndbox></object><object><name>proposal</name><bndbox><xmin>256</xmin><ymin>270</ymin><xmax>45</xmax><ymax>39</ymax></bndbox></object><object><name>proposal</name><bndbox><xmin>295</xmin><ymin>166</ymin><xmax>97</xmax><ymax>84</ymax></bndbox></object><object><name>proposal</name><bndbox><xmin>253</xmin><ymin>241</ymin><xmax>260</xmax><ymax>245</ymax></bndbox></object><object><name>proposal</name><bndbox><xmin>320</xmin><ymin>19</ymin><xmax>55</xmax><ymax>27</ymax></bndbox></object><object><name>proposal</name><bndbox><xmin>150</xmin><ymin>191</ymin><xmax>71</xmax><ymax>28</ymax></bndbox></object><object><name>proposal</name><bndbox><xmin>367</xmin><ymin>129</ymin><xmax>214</xmax><ymax>113</ymax></bndbox></object><object><name>proposal</name><bndbox><xmin>294</xmin><ymin>173</ymin><xmax>94</xmax><ymax>128</ymax></bndbox></object><object><name>proposal</name><bndbox><xmin>270</xmin><ymin>158</ymin><xmax>55</xmax><ymax>38</ymax></bndbox></object><object><name>proposal</name><bndbox><xmin>518</xmin><ymin>127</ymin><xmax>29</xmax><ymax>42</ymax></bndbox></object><object><name>proposal</name><bndbox><xmin>518</xmin><ymin>111</ymin><xmax>47</xmax><ymax>25</ymax></bndbox></object><object><name>proposal</name><bndbox><xmin>3</xmin><ymin>14</ymin><xmax>44</xmax><ymax>87</ymax></bndbox></object><object><name>proposal</name><bndbox><xmin>366</xmin><ymin>172</ymin><xmax>203</xmax><ymax>73</ymax></bndbox></object><object><name>proposal</name><bndbox><xmin>511</xmin><ymin>196</ymin><xmax>70</xmax><ymax>39</ymax></bndbox></object><object><name>proposal</name><bndbox><xmin>277</xmin><ymin>178</ymin><xmax>46</xmax><ymax>21</ymax></bndbox></object><object><name>proposal</name><bndbox><xmin>518</xmin><ymin>129</ymin><xmax>47</xmax><ymax>25</ymax></bndbox></object><object><name>proposal</name><bndbox><xmin>4</xmin><ymin>76</ymin><xmax>34</xmax><ymax>37</ymax></bndbox></object><object><name>proposal</name><bndbox><xmin>3</xmin><ymin>32</ymin><xmax>95</xmax><ymax>132</ymax></bndbox></object><object><name>proposal</name><bndbox><xmin>293</xmin><ymin>134</ymin><xmax>29</xmax><ymax>67</ymax></bndbox></object><object><name>proposal</name><bndbox><xmin>257</xmin><ymin>167</ymin><xmax>67</xmax><ymax>29</ymax></bndbox></object><object><name>proposal</name><bndbox><xmin>466</xmin><ymin>210</ymin><xmax>173</xmax><ymax>93</ymax></bndbox></object><object><name>proposal</name><bndbox><xmin>366</xmin><ymin>141</ymin><xmax>64</xmax><ymax>77</ymax></bndbox></object><object><name>proposal</name><bndbox><xmin>512</xmin><ymin>208</ymin><xmax>56</xmax><ymax>26</ymax></bndbox></object><object><name>proposal</name><bndbox><xmin>322</xmin><ymin>5</ymin><xmax>21</xmax><ymax>42</ymax></bndbox></object><object><name>proposal</name><bndbox><xmin>444</xmin><ymin>191</ymin><xmax>54</xmax><ymax>100</ymax></bndbox></object><object><name>proposal</name><bndbox><xmin>1</xmin><ymin>86</ymin><xmax>49</xmax><ymax>49</ymax></bndbox></object><object><name>proposal</name><bndbox><xmin>181</xmin><ymin>204</ymin><xmax>46</xmax><ymax>87</ymax></bndbox></object><object><name>proposal</name><bndbox><xmin>276</xmin><ymin>11</ymin><xmax>60</xmax><ymax>38</ymax></bndbox></object><object><name>proposal</name><bndbox><xmin>366</xmin><ymin>174</ymin><xmax>217</xmax><ymax>124</ymax></bndbox></object><object><name>proposal</name><bndbox><xmin>316</xmin><ymin>5</ymin><xmax>21</xmax><ymax>42</ymax></bndbox></object><object><name>proposal</name><bndbox><xmin>4</xmin><ymin>76</ymin><xmax>135</xmax><ymax>73</ymax></bndbox></object><object><name>proposal</name><bndbox><xmin>163</xmin><ymin>173</ymin><xmax>62</xmax><ymax>65</ymax></bndbox></object><object><name>proposal</name><bndbox><xmin>4</xmin><ymin>2</ymin><xmax>575</xmax><ymax>301</ymax></bndbox></object><object><name>proposal</name><bndbox><xmin>179</xmin><ymin>178</ymin><xmax>153</xmax><ymax>111</ymax></bndbox></object><object><name>proposal</name><bndbox><xmin>368</xmin><ymin>171</ymin><xmax>44</xmax><ymax>60</ymax></bndbox></object><object><name>proposal</name><bndbox><xmin>182</xmin><ymin>157</ymin><xmax>53</xmax><ymax>85</ymax></bndbox></object><object><name>proposal</name><bndbox><xmin>153</xmin><ymin>223</ymin><xmax>69</xmax><ymax>45</ymax></bndbox></object><object><name>proposal</name><bndbox><xmin>316</xmin><ymin>4</ymin><xmax>57</xmax><ymax>66</ymax></bndbox></object><object><name>proposal</name><bndbox><xmin>1</xmin><ymin>21</ymin><xmax>31</xmax><ymax>31</ymax></bndbox></object><object><name>proposal</name><bndbox><xmin>321</xmin><ymin>4</ymin><xmax>33</xmax><ymax>42</ymax></bndbox></object><object><name>proposal</name><bndbox><xmin>395</xmin><ymin>190</ymin><xmax>105</xmax><ymax>52</ymax></bndbox></object><object><name>proposal</name><bndbox><xmin>467</xmin><ymin>208</ymin><xmax>119</xmax><ymax>115</ymax></bndbox></object><object><name>proposal</name><bndbox><xmin>168</xmin><ymin>110</ymin><xmax>55</xmax><ymax>130</ymax></bndbox></object><object><name>proposal</name><bndbox><xmin>5</xmin><ymin>1</ymin><xmax>45</xmax><ymax>49</ymax></bndbox></object><object><name>proposal</name><bndbox><xmin>163</xmin><ymin>204</ymin><xmax>60</xmax><ymax>85</ymax></bndbox></object><object><name>proposal</name><bndbox><xmin>181</xmin><ymin>205</ymin><xmax>76</xmax><ymax>68</ymax></bndbox></object><object><name>proposal</name><bndbox><xmin>557</xmin><ymin>221</ymin><xmax>23</xmax><ymax>47</ymax></bndbox></object><object><name>proposal</name><bndbox><xmin>290</xmin><ymin>172</ymin><xmax>148</xmax><ymax>139</ymax></bndbox></object><object><name>proposal</name><bndbox><xmin>8</xmin><ymin>40</ymin><xmax>42</xmax><ymax>51</ymax></bndbox></object><object><name>proposal</name><bndbox><xmin>446</xmin><ymin>104</ymin><xmax>188</xmax><ymax>139</ymax></bndbox></object><object><name>proposal</name><bndbox><xmin>253</xmin><ymin>158</ymin><xmax>135</xmax><ymax>151</ymax></bndbox></object><object><name>proposal</name><bndbox><xmin>355</xmin><ymin>167</ymin><xmax>34</xmax><ymax>50</ymax></bndbox></object><object><name>proposal</name><bndbox><xmin>7</xmin><ymin>33</ymin><xmax>69</xmax><ymax>61</ymax></bndbox></object><object><name>proposal</name><bndbox><xmin>322</xmin><ymin>9</ymin><xmax>61</xmax><ymax>37</ymax></bndbox></object><object><name>proposal</name><bndbox><xmin>460</xmin><ymin>218</ymin><xmax>39</xmax><ymax>67</ymax></bndbox></object><object><name>proposal</name><bndbox><xmin>179</xmin><ymin>175</ymin><xmax>336</xmax><ymax>187</ymax></bndbox></object><object><name>proposal</name><bndbox><xmin>109</xmin><ymin>203</ymin><xmax>114</xmax><ymax>63</ymax></bndbox></object><object><name>proposal</name><bndbox><xmin>256</xmin><ymin>214</ymin><xmax>325</xmax><ymax>350</ymax></bndbox></object><object><name>proposal</name><bndbox><xmin>449</xmin><ymin>160</ymin><xmax>75</xmax><ymax>47</ymax></bndbox></object><object><name>proposal</name><bndbox><xmin>281</xmin><ymin>22</ymin><xmax>55</xmax><ymax>41</ymax></bndbox></object><object><name>proposal</name><bndbox><xmin>367</xmin><ymin>79</ymin><xmax>213</xmax><ymax>155</ymax></bndbox></object><object><name>proposal</name><bndbox><xmin>286</xmin><ymin>172</ymin><xmax>281</xmax><ymax>172</ymax></bndbox></object><object><name>proposal</name><bndbox><xmin>93</xmin><ymin>188</ymin><xmax>130</xmax><ymax>50</ymax></bndbox></object><object><name>proposal</name><bndbox><xmin>449</xmin><ymin>191</ymin><xmax>45</xmax><ymax>33</ymax></bndbox></object><object><name>proposal</name><bndbox><xmin>294</xmin><ymin>132</ymin><xmax>97</xmax><ymax>101</ymax></bndbox></object><object><name>proposal</name><bndbox><xmin>306</xmin><ymin>23</ymin><xmax>30</xmax><ymax>61</ymax></bndbox></object><object><name>proposal</name><bndbox><xmin>291</xmin><ymin>176</ymin><xmax>31</xmax><ymax>31</ymax></bndbox></object><object><name>proposal</name><bndbox><xmin>366</xmin><ymin>153</ymin><xmax>94</xmax><ymax>63</ymax></bndbox></object><object><name>proposal</name><bndbox><xmin>430</xmin><ymin>210</ymin><xmax>152</xmax><ymax>87</ymax></bndbox></object><object><name>proposal</name><bndbox><xmin>183</xmin><ymin>225</ymin><xmax>39</xmax><ymax>83</ymax></bndbox></object><object><name>proposal</name><bndbox><xmin>356</xmin><ymin>107</ymin><xmax>225</xmax><ymax>196</ymax></bndbox></object><object><name>proposal</name><bndbox><xmin>256</xmin><ymin>217</ymin><xmax>256</xmax><ymax>113</ymax></bndbox></object><object><name>proposal</name><bndbox><xmin>52</xmin><ymin>81</ymin><xmax>46</xmax><ymax>96</ymax></bndbox></object><object><name>proposal</name><bndbox><xmin>285</xmin><ymin>138</ymin><xmax>44</xmax><ymax>60</ymax></bndbox></object><object><name>proposal</name><bndbox><xmin>338</xmin><ymin>173</ymin><xmax>50</xmax><ymax>108</ymax></bndbox></object><object><name>proposal</name><bndbox><xmin>456</xmin><ymin>218</ymin><xmax>42</xmax><ymax>45</ymax></bndbox></object><object><name>proposal</name><bndbox><xmin>313</xmin><ymin>128</ymin><xmax>75</xmax><ymax>89</ymax></bndbox></object><object><name>proposal</name><bndbox><xmin>293</xmin><ymin>4</ymin><xmax>344</xmax><ymax>300</ymax></bndbox></object><object><name>proposal</name><bndbox><xmin>478</xmin><ymin>98</ymin><xmax>89</xmax><ymax>152</ymax></bndbox></object><object><name>proposal</name><bndbox><xmin>179</xmin><ymin>150</ymin><xmax>146</xmax><ymax>96</ymax></bndbox></object><object><name>proposal</name><bndbox><xmin>179</xmin><ymin>225</ymin><xmax>59</xmax><ymax>65</ymax></bndbox></object><object><name>proposal</name><bndbox><xmin>181</xmin><ymin>224</ymin><xmax>42</xmax><ymax>20</ymax></bndbox></object><object><name>proposal</name><bndbox><xmin>281</xmin><ymin>152</ymin><xmax>55</xmax><ymax>44</ymax></bndbox></object><object><name>proposal</name><bndbox><xmin>181</xmin><ymin>160</ymin><xmax>207</xmax><ymax>78</ymax></bndbox></object><object><name>proposal</name><bndbox><xmin>500</xmin><ymin>103</ymin><xmax>46</xmax><ymax>34</ymax></bndbox></object><object><name>proposal</name><bndbox><xmin>515</xmin><ymin>95</ymin><xmax>39</xmax><ymax>42</ymax></bndbox></object><object><name>proposal</name><bndbox><xmin>33</xmin><ymin>82</ymin><xmax>85</xmax><ymax>63</ymax></bndbox></object><object><name>proposal</name><bndbox><xmin>396</xmin><ymin>185</ymin><xmax>173</xmax><ymax>75</ymax></bndbox></object><object><name>proposal</name><bndbox><xmin>180</xmin><ymin>204</ymin><xmax>55</xmax><ymax>145</ymax></bndbox></object><object><name>proposal</name><bndbox><xmin>180</xmin><ymin>95</ymin><xmax>55</xmax><ymax>145</ymax></bndbox></object><object><name>proposal</name><bndbox><xmin>361</xmin><ymin>147</ymin><xmax>135</xmax><ymax>71</ymax></bndbox></object><object><name>proposal</name><bndbox><xmin>316</xmin><ymin>5</ymin><xmax>51</xmax><ymax>25</ymax></bndbox></object><object><name>proposal</name><bndbox><xmin>4</xmin><ymin>86</ymin><xmax>66</xmax><ymax>45</ymax></bndbox></object><object><name>proposal</name><bndbox><xmin>4</xmin><ymin>73</ymin><xmax>37</xmax><ymax>103</ymax></bndbox></object><object><name>proposal</name><bndbox><xmin>500</xmin><ymin>127</ymin><xmax>46</xmax><ymax>34</ymax></bndbox></object><object><name>proposal</name><bndbox><xmin>27</xmin><ymin>5</ymin><xmax>72</xmax><ymax>94</ymax></bndbox></object><object><name>proposal</name><bndbox><xmin>256</xmin><ymin>172</ymin><xmax>311</xmax><ymax>266</ymax></bndbox></object><object><name>proposal</name><bndbox><xmin>52</xmin><ymin>82</ymin><xmax>85</xmax><ymax>63</ymax></bndbox></object><object><name>proposal</name><bndbox><xmin>320</xmin><ymin>22</ymin><xmax>60</xmax><ymax>41</ymax></bndbox></object><object><name>proposal</name><bndbox><xmin>1</xmin><ymin>76</ymin><xmax>71</xmax><ymax>32</ymax></bndbox></object><object><name>proposal</name><bndbox><xmin>449</xmin><ymin>173</ymin><xmax>120</xmax><ymax>109</ymax></bndbox></object><object><name>proposal</name><bndbox><xmin>1</xmin><ymin>16</ymin><xmax>197</xmax><ymax>85</ymax></bndbox></object><object><name>proposal</name><bndbox><xmin>29</xmin><ymin>81</ymin><xmax>71</xmax><ymax>32</ymax></bndbox></object><object><name>proposal</name><bndbox><xmin>295</xmin><ymin>127</ymin><xmax>41</xmax><ymax>69</ymax></bndbox></object><object><name>proposal</name><bndbox><xmin>4</xmin><ymin>91</ymin><xmax>34</xmax><ymax>34</ymax></bndbox></object><object><name>proposal</name><bndbox><xmin>182</xmin><ymin>141</ymin><xmax>51</xmax><ymax>81</ymax></bndbox></object><object><name>proposal</name><bndbox><xmin>392</xmin><ymin>218</ymin><xmax>122</xmax><ymax>80</ymax></bndbox></object><object><name>proposal</name><bndbox><xmin>295</xmin><ymin>1</ymin><xmax>94</xmax><ymax>217</ymax></bndbox></object><object><name>proposal</name><bndbox><xmin>181</xmin><ymin>226</ymin><xmax>77</xmax><ymax>51</ymax></bndbox></object><object><name>proposal</name><bndbox><xmin>509</xmin><ymin>64</ymin><xmax>83</xmax><ymax>170</ymax></bndbox></object><object><name>proposal</name><bndbox><xmin>5</xmin><ymin>33</ymin><xmax>95</xmax><ymax>36</ymax></bndbox></object><object><name>proposal</name><bndbox><xmin>4</xmin><ymin>40</ymin><xmax>31</xmax><ymax>40</ymax></bndbox></object><object><name>proposal</name><bndbox><xmin>128</xmin><ymin>204</ymin><xmax>97</xmax><ymax>84</ymax></bndbox></object><object><name>proposal</name><bndbox><xmin>181</xmin><ymin>127</ymin><xmax>80</xmax><ymax>111</ymax></bndbox></object><object><name>proposal</name><bndbox><xmin>182</xmin><ymin>174</ymin><xmax>398</xmax><ymax>511</ymax></bndbox></object><object><name>proposal</name><bndbox><xmin>443</xmin><ymin>128</ymin><xmax>125</xmax><ymax>163</ymax></bndbox></object><object><name>proposal</name><bndbox><xmin>506</xmin><ymin>129</ymin><xmax>172</xmax><ymax>104</ymax></bndbox></object><object><name>proposal</name><bndbox><xmin>511</xmin><ymin>205</ymin><xmax>72</xmax><ymax>41</ymax></bndbox></object><object><name>proposal</name><bndbox><xmin>368</xmin><ymin>98</ymin><xmax>48</xmax><ymax>119</ymax></bndbox></object><object><name>proposal</name><bndbox><xmin>159</xmin><ymin>227</ymin><xmax>355</xmax><ymax>301</ymax></bndbox></object><object><name>proposal</name><bndbox><xmin>518</xmin><ymin>83</ymin><xmax>28</xmax><ymax>56</ymax></bndbox></object><object><name>proposal</name><bndbox><xmin>375</xmin><ymin>191</ymin><xmax>122</xmax><ymax>70</ymax></bndbox></object><object><name>proposal</name><bndbox><xmin>467</xmin><ymin>211</ymin><xmax>164</xmax><ymax>148</ymax></bndbox></object><object><name>proposal</name><bndbox><xmin>141</xmin><ymin>168</ymin><xmax>81</xmax><ymax>54</ymax></bndbox></object><object><name>proposal</name><bndbox><xmin>253</xmin><ymin>231</ymin><xmax>57</xmax><ymax>57</ymax></bndbox></object><object><name>proposal</name><bndbox><xmin>487</xmin><ymin>209</ymin><xmax>95</xmax><ymax>161</ymax></bndbox></object><object><name>proposal</name><bndbox><xmin>449</xmin><ymin>187</ymin><xmax>46</xmax><ymax>21</ymax></bndbox></object><object><name>proposal</name><bndbox><xmin>277</xmin><ymin>127</ymin><xmax>45</xmax><ymax>69</ymax></bndbox></object><object><name>proposal</name><bndbox><xmin>293</xmin><ymin>151</ymin><xmax>63</xmax><ymax>45</ymax></bndbox></object><object><name>proposal</name><bndbox><xmin>291</xmin><ymin>277</ymin><xmax>193</xmax><ymax>126</ymax></bndbox></object><object><name>proposal</name><bndbox><xmin>316</xmin><ymin>5</ymin><xmax>75</xmax><ymax>94</ymax></bndbox></object><object><name>proposal</name><bndbox><xmin>69</xmin><ymin>39</ymin><xmax>30</xmax><ymax>56</ymax></bndbox></object><object><name>proposal</name><bndbox><xmin>295</xmin><ymin>81</ymin><xmax>93</xmax><ymax>135</ymax></bndbox></object><object><name>proposal</name><bndbox><xmin>557</xmin><ymin>211</ymin><xmax>24</xmax><ymax>35</ymax></bndbox></object><object><name>proposal</name><bndbox><xmin>426</xmin><ymin>152</ymin><xmax>69</xmax><ymax>55</ymax></bndbox></object><object><name>proposal</name><bndbox><xmin>556</xmin><ymin>185</ymin><xmax>31</xmax><ymax>50</ymax></bndbox></object><object><name>proposal</name><bndbox><xmin>466</xmin><ymin>197</ymin><xmax>31</xmax><ymax>45</ymax></bndbox></object><object><name>proposal</name><bndbox><xmin>284</xmin><ymin>177</ymin><xmax>38</xmax><ymax>70</ymax></bndbox></object><object><name>proposal</name><bndbox><xmin>56</xmin><ymin>81</ymin><xmax>63</xmax><ymax>94</ymax></bndbox></object><object><name>proposal</name><bndbox><xmin>361</xmin><ymin>108</ymin><xmax>132</xmax><ymax>109</ymax></bndbox></object><object><name>proposal</name><bndbox><xmin>251</xmin><ymin>178</ymin><xmax>73</xmax><ymax>112</ymax></bndbox></object><object><name>proposal</name><bndbox><xmin>128</xmin><ymin>121</ymin><xmax>97</xmax><ymax>119</ymax></bndbox></object><object><name>proposal</name><bndbox><xmin>248</xmin><ymin>270</ymin><xmax>54</xmax><ymax>54</ymax></bndbox></object><object><name>proposal</name><bndbox><xmin>56</xmin><ymin>5</ymin><xmax>63</xmax><ymax>94</ymax></bndbox></object><object><name>proposal</name><bndbox><xmin>511</xmin><ymin>211</ymin><xmax>165</xmax><ymax>85</ymax></bndbox></object><object><name>proposal</name><bndbox><xmin>7</xmin><ymin>43</ymin><xmax>35</xmax><ymax>24</ymax></bndbox></object><object><name>proposal</name><bndbox><xmin>368</xmin><ymin>172</ymin><xmax>75</xmax><ymax>98</ymax></bndbox></object><object><name>proposal</name><bndbox><xmin>295</xmin><ymin>177</ymin><xmax>41</xmax><ymax>70</ymax></bndbox></object><object><name>proposal</name><bndbox><xmin>4</xmin><ymin>84</ymin><xmax>82</xmax><ymax>37</ymax></bndbox></object><object><name>proposal</name><bndbox><xmin>519</xmin><ymin>127</ymin><xmax>41</xmax><ymax>55</ymax></bndbox></object><object><name>proposal</name><bndbox><xmin>448</xmin><ymin>125</ymin><xmax>49</xmax><ymax>81</ymax></bndbox></object><object><name>proposal</name><bndbox><xmin>5</xmin><ymin>8</ymin><xmax>87</xmax><ymax>43</ymax></bndbox></object><object><name>proposal</name><bndbox><xmin>291</xmin><ymin>177</ymin><xmax>37</xmax><ymax>83</ymax></bndbox></object><object><name>proposal</name><bndbox><xmin>1</xmin><ymin>3</ymin><xmax>390</xmax><ymax>237</ymax></bndbox></object><object><name>proposal</name><bndbox><xmin>8</xmin><ymin>41</ymin><xmax>42</xmax><ymax>33</ymax></bndbox></object><object><name>proposal</name><bndbox><xmin>253</xmin><ymin>8</ymin><xmax>83</xmax><ymax>43</ymax></bndbox></object><object><name>proposal</name><bndbox><xmin>99</xmin><ymin>161</ymin><xmax>127</xmax><ymax>77</ymax></bndbox></object><object><name>proposal</name><bndbox><xmin>63</xmin><ymin>39</ymin><xmax>28</xmax><ymax>56</ymax></bndbox></object><object><name>proposal</name><bndbox><xmin>4</xmin><ymin>75</ymin><xmax>225</xmax><ymax>175</ymax></bndbox></object><object><name>proposal</name><bndbox><xmin>544</xmin><ymin>163</ymin><xmax>39</xmax><ymax>70</ymax></bndbox></object><object><name>proposal</name><bndbox><xmin>447</xmin><ymin>217</ymin><xmax>53</xmax><ymax>57</ymax></bndbox></object><object><name>proposal</name><bndbox><xmin>6</xmin><ymin>21</ymin><xmax>56</xmax><ymax>30</ymax></bndbox></object><object><name>proposal</name><bndbox><xmin>321</xmin><ymin>23</ymin><xmax>32</xmax><ymax>71</ymax></bndbox></object><object><name>proposal</name><bndbox><xmin>509</xmin><ymin>127</ymin><xmax>45</xmax><ymax>49</ymax></bndbox></object><object><name>proposal</name><bndbox><xmin>248</xmin><ymin>171</ymin><xmax>76</xmax><ymax>31</ymax></bndbox></object><object><name>proposal</name><bndbox><xmin>3</xmin><ymin>75</ymin><xmax>109</xmax><ymax>175</ymax></bndbox></object><object><name>proposal</name><bndbox><xmin>128</xmin><ymin>226</ymin><xmax>96</xmax><ymax>46</ymax></bndbox></object><object><name>proposal</name><bndbox><xmin>293</xmin><ymin>5</ymin><xmax>205</xmax><ymax>239</ymax></bndbox></object><object><name>proposal</name><bndbox><xmin>538</xmin><ymin>221</ymin><xmax>41</xmax><ymax>28</ymax></bndbox></object><object><name>proposal</name><bndbox><xmin>161</xmin><ymin>109</ymin><xmax>163</xmax><ymax>129</ymax></bndbox></object><object><name>proposal</name><bndbox><xmin>77</xmin><ymin>16</ymin><xmax>24</xmax><ymax>35</ymax></bndbox></object><object><name>proposal</name><bndbox><xmin>253</xmin><ymin>23</ymin><xmax>83</xmax><ymax>39</ymax></bndbox></object><object><name>proposal</name><bndbox><xmin>292</xmin><ymin>257</ymin><xmax>225</xmax><ymax>177</ymax></bndbox></object><object><name>proposal</name><bndbox><xmin>9</xmin><ymin>76</ymin><xmax>46</xmax><ymax>21</ymax></bndbox></object><object><name>proposal</name><bndbox><xmin>17</xmin><ymin>10</ymin><xmax>24</xmax><ymax>35</ymax></bndbox></object><object><name>proposal</name><bndbox><xmin>553</xmin><ymin>221</ymin><xmax>26</xmax><ymax>61</ymax></bndbox></object><object><name>proposal</name><bndbox><xmin>294</xmin><ymin>5</ymin><xmax>71</xmax><ymax>190</ymax></bndbox></object><object><name>proposal</name><bndbox><xmin>446</xmin><ymin>190</ymin><xmax>248</xmax><ymax>164</ymax></bndbox></object><object><name>proposal</name><bndbox><xmin>447</xmin><ymin>109</ymin><xmax>101</xmax><ymax>97</ymax></bndbox></object><object><name>proposal</name><bndbox><xmin>449</xmin><ymin>191</ymin><xmax>107</xmax><ymax>39</ymax></bndbox></object><object><name>proposal</name><bndbox><xmin>267</xmin><ymin>178</ymin><xmax>58</xmax><ymax>31</ymax></bndbox></object><object><name>proposal</name><bndbox><xmin>1</xmin><ymin>73</ymin><xmax>57</xmax><ymax>49</ymax></bndbox></object><object><name>proposal</name><bndbox><xmin>311</xmin><ymin>16</ymin><xmax>31</xmax><ymax>31</ymax></bndbox></object><object><name>proposal</name><bndbox><xmin>551</xmin><ymin>206</ymin><xmax>31</xmax><ymax>31</ymax></bndbox></object><object><name>proposal</name><bndbox><xmin>551</xmin><ymin>221</ymin><xmax>31</xmax><ymax>31</ymax></bndbox></object></annotation>