<annotation><folder>Proposals</folder><filename>img-16.jpg</filename><size><width>720</width><height>720</height><depth>3</depth></size><object><name>proposal</name><bndbox><xmin>1</xmin><ymin>1</ymin><xmax>133</xmax><ymax>80</ymax></bndbox></object><object><name>proposal</name><bndbox><xmin>1</xmin><ymin>3</ymin><xmax>72</xmax><ymax>51</ymax></bndbox></object><object><name>proposal</name><bndbox><xmin>1</xmin><ymin>1</ymin><xmax>135</xmax><ymax>160</ymax></bndbox></object><object><name>proposal</name><bndbox><xmin>557</xmin><ymin>296</ymin><xmax>142</xmax><ymax>203</ymax></bndbox></object><object><name>proposal</name><bndbox><xmin>1</xmin><ymin>3</ymin><xmax>163</xmax><ymax>109</ymax></bndbox></object><object><name>proposal</name><bndbox><xmin>1</xmin><ymin>1</ymin><xmax>155</xmax><ymax>228</ymax></bndbox></object><object><name>proposal</name><bndbox><xmin>1</xmin><ymin>1</ymin><xmax>193</xmax><ymax>144</ymax></bndbox></object><object><name>proposal</name><bndbox><xmin>1</xmin><ymin>2</ymin><xmax>85</xmax><ymax>36</ymax></bndbox></object><object><name>proposal</name><bndbox><xmin>556</xmin><ymin>298</ymin><xmax>164</xmax><ymax>288</ymax></bndbox></object><object><name>proposal</name><bndbox><xmin>260</xmin><ymin>358</ymin><xmax>44</xmax><ymax>55</ymax></bndbox></object><object><name>proposal</name><bndbox><xmin>222</xmin><ymin>365</ymin><xmax>53</xmax><ymax>49</ymax></bndbox></object><object><name>proposal</name><bndbox><xmin>559</xmin><ymin>353</ymin><xmax>97</xmax><ymax>144</ymax></bndbox></object><object><name>proposal</name><bndbox><xmin>557</xmin><ymin>425</ymin><xmax>69</xmax><ymax>74</ymax></bndbox></object><object><name>proposal</name><bndbox><xmin>261</xmin><ymin>365</ymin><xmax>25</xmax><ymax>47</ymax></bndbox></object><object><name>proposal</name><bndbox><xmin>1</xmin><ymin>3</ymin><xmax>274</xmax><ymax>185</ymax></bndbox></object><object><name>proposal</name><bndbox><xmin>241</xmin><ymin>365</ymin><xmax>34</xmax><ymax>50</ymax></bndbox></object><object><name>proposal</name><bndbox><xmin>642</xmin><ymin>300</ymin><xmax>75</xmax><ymax>68</ymax></bndbox></object><object><name>proposal</name><bndbox><xmin>257</xmin><ymin>367</ymin><xmax>66</xmax><ymax>45</ymax></bndbox></object><object><name>proposal</name><bndbox><xmin>261</xmin><ymin>364</ymin><xmax>32</xmax><ymax>61</ymax></bndbox></object><object><name>proposal</name><bndbox><xmin>232</xmin><ymin>349</ymin><xmax>43</xmax><ymax>71</ymax></bndbox></object><object><name>proposal</name><bndbox><xmin>232</xmin><ymin>365</ymin><xmax>43</xmax><ymax>71</ymax></bndbox></object><object><name>proposal</name><bndbox><xmin>649</xmin><ymin>298</ymin><xmax>50</xmax><ymax>60</ymax></bndbox></object><object><name>proposal</name><bndbox><xmin>465</xmin><ymin>275</ymin><xmax>234</xmax><ymax>224</ymax></bndbox></object><object><name>proposal</name><bndbox><xmin>261</xmin><ymin>365</ymin><xmax>45</xmax><ymax>71</ymax></bndbox></object><object><name>proposal</name><bndbox><xmin>643</xmin><ymin>300</ymin><xmax>60</xmax><ymax>119</ymax></bndbox></object><object><name>proposal</name><bndbox><xmin>261</xmin><ymin>333</ymin><xmax>45</xmax><ymax>79</ymax></bndbox></object><object><name>proposal</name><bndbox><xmin>517</xmin><ymin>202</ymin><xmax>182</xmax><ymax>295</ymax></bndbox></object><object><name>proposal</name><bndbox><xmin>1</xmin><ymin>1</ymin><xmax>223</xmax><ymax>327</ymax></bndbox></object><object><name>proposal</name><bndbox><xmin>255</xmin><ymin>295</ymin><xmax>445</xmax><ymax>202</ymax></bndbox></object><object><name>proposal</name><bndbox><xmin>205</xmin><ymin>361</ymin><xmax>71</xmax><ymax>59</ymax></bndbox></object><object><name>proposal</name><bndbox><xmin>502</xmin><ymin>460</ymin><xmax>208</xmax><ymax>260</ymax></bndbox></object><object><name>proposal</name><bndbox><xmin>261</xmin><ymin>366</ymin><xmax>77</xmax><ymax>54</ymax></bndbox></object><object><name>proposal</name><bndbox><xmin>562</xmin><ymin>453</ymin><xmax>65</xmax><ymax>44</ymax></bndbox></object><object><name>proposal</name><bndbox><xmin>236</xmin><ymin>353</ymin><xmax>415</xmax><ymax>364</ymax></bndbox></object><object><name>proposal</name><bndbox><xmin>261</xmin><ymin>348</ymin><xmax>68</xmax><ymax>65</ymax></bndbox></object><object><name>proposal</name><bndbox><xmin>403</xmin><ymin>200</ymin><xmax>297</xmax><ymax>298</ymax></bndbox></object><object><name>proposal</name><bndbox><xmin>148</xmin><ymin>280</ymin><xmax>551</xmax><ymax>438</ymax></bndbox></object><object><name>proposal</name><bndbox><xmin>257</xmin><ymin>368</ymin><xmax>65</xmax><ymax>71</ymax></bndbox></object><object><name>proposal</name><bndbox><xmin>490</xmin><ymin>89</ymin><xmax>209</xmax><ymax>408</ymax></bndbox></object><object><name>proposal</name><bndbox><xmin>595</xmin><ymin>303</ymin><xmax>68</xmax><ymax>68</ymax></bndbox></object><object><name>proposal</name><bndbox><xmin>1</xmin><ymin>1</ymin><xmax>97</xmax><ymax>232</ymax></bndbox></object><object><name>proposal</name><bndbox><xmin>185</xmin><ymin>367</ymin><xmax>91</xmax><ymax>46</ymax></bndbox></object><object><name>proposal</name><bndbox><xmin>501</xmin><ymin>296</ymin><xmax>217</xmax><ymax>424</ymax></bndbox></object><object><name>proposal</name><bndbox><xmin>558</xmin><ymin>361</ymin><xmax>153</xmax><ymax>136</ymax></bndbox></object><object><name>proposal</name><bndbox><xmin>501</xmin><ymin>296</ymin><xmax>164</xmax><ymax>203</ymax></bndbox></object><object><name>proposal</name><bndbox><xmin>217</xmin><ymin>333</ymin><xmax>59</xmax><ymax>81</ymax></bndbox></object><object><name>proposal</name><bndbox><xmin>648</xmin><ymin>300</ymin><xmax>69</xmax><ymax>45</ymax></bndbox></object><object><name>proposal</name><bndbox><xmin>425</xmin><ymin>421</ymin><xmax>201</xmax><ymax>296</ymax></bndbox></object><object><name>proposal</name><bndbox><xmin>346</xmin><ymin>370</ymin><xmax>280</xmax><ymax>350</ymax></bndbox></object><object><name>proposal</name><bndbox><xmin>261</xmin><ymin>156</ymin><xmax>438</xmax><ymax>343</ymax></bndbox></object><object><name>proposal</name><bndbox><xmin>261</xmin><ymin>365</ymin><xmax>80</xmax><ymax>88</ymax></bndbox></object><object><name>proposal</name><bndbox><xmin>220</xmin><ymin>356</ymin><xmax>56</xmax><ymax>87</ymax></bndbox></object><object><name>proposal</name><bndbox><xmin>256</xmin><ymin>302</ymin><xmax>407</xmax><ymax>308</ymax></bndbox></object><object><name>proposal</name><bndbox><xmin>291</xmin><ymin>461</ymin><xmax>336</xmax><ymax>259</ymax></bndbox></object><object><name>proposal</name><bndbox><xmin>1</xmin><ymin>1</ymin><xmax>276</xmax><ymax>415</ymax></bndbox></object><object><name>proposal</name><bndbox><xmin>559</xmin><ymin>356</ymin><xmax>121</xmax><ymax>227</ymax></bndbox></object><object><name>proposal</name><bndbox><xmin>571</xmin><ymin>408</ymin><xmax>55</xmax><ymax>87</ymax></bndbox></object><object><name>proposal</name><bndbox><xmin>606</xmin><ymin>277</ymin><xmax>58</xmax><ymax>93</ymax></bndbox></object><object><name>proposal</name><bndbox><xmin>1</xmin><ymin>1</ymin><xmax>390</xmax><ymax>267</ymax></bndbox></object><object><name>proposal</name><bndbox><xmin>556</xmin><ymin>395</ymin><xmax>111</xmax><ymax>102</ymax></bndbox></object><object><name>proposal</name><bndbox><xmin>1</xmin><ymin>29</ymin><xmax>94</xmax><ymax>144</ymax></bndbox></object><object><name>proposal</name><bndbox><xmin>247</xmin><ymin>120</ymin><xmax>416</xmax><ymax>597</ymax></bndbox></object><object><name>proposal</name><bndbox><xmin>1</xmin><ymin>3</ymin><xmax>698</xmax><ymax>494</ymax></bndbox></object><object><name>proposal</name><bndbox><xmin>255</xmin><ymin>365</ymin><xmax>21</xmax><ymax>47</ymax></bndbox></object><object><name>proposal</name><bndbox><xmin>478</xmin><ymin>172</ymin><xmax>185</xmax><ymax>327</ymax></bndbox></object><object><name>proposal</name><bndbox><xmin>261</xmin><ymin>316</ymin><xmax>55</xmax><ymax>103</ymax></bndbox></object><object><name>proposal</name><bndbox><xmin>212</xmin><ymin>366</ymin><xmax>63</xmax><ymax>94</ymax></bndbox></object><object><name>proposal</name><bndbox><xmin>261</xmin><ymin>362</ymin><xmax>55</xmax><ymax>103</ymax></bndbox></object><object><name>proposal</name><bndbox><xmin>261</xmin><ymin>339</ymin><xmax>55</xmax><ymax>103</ymax></bndbox></object><object><name>proposal</name><bndbox><xmin>691</xmin><ymin>304</ymin><xmax>24</xmax><ymax>32</ymax></bndbox></object><object><name>proposal</name><bndbox><xmin>259</xmin><ymin>368</ymin><xmax>114</xmax><ymax>48</ymax></bndbox></object><object><name>proposal</name><bndbox><xmin>257</xmin><ymin>317</ymin><xmax>40</xmax><ymax>95</ymax></bndbox></object><object><name>proposal</name><bndbox><xmin>246</xmin><ymin>348</ymin><xmax>30</xmax><ymax>66</ymax></bndbox></object><object><name>proposal</name><bndbox><xmin>685</xmin><ymin>309</ymin><xmax>32</xmax><ymax>24</ymax></bndbox></object><object><name>proposal</name><bndbox><xmin>628</xmin><ymin>300</ymin><xmax>71</xmax><ymax>71</ymax></bndbox></object><object><name>proposal</name><bndbox><xmin>559</xmin><ymin>463</ymin><xmax>161</xmax><ymax>124</ymax></bndbox></object><object><name>proposal</name><bndbox><xmin>501</xmin><ymin>568</ymin><xmax>193</xmax><ymax>149</ymax></bndbox></object><object><name>proposal</name><bndbox><xmin>648</xmin><ymin>270</ymin><xmax>42</xmax><ymax>42</ymax></bndbox></object><object><name>proposal</name><bndbox><xmin>313</xmin><ymin>435</ymin><xmax>27</xmax><ymax>45</ymax></bndbox></object><object><name>proposal</name><bndbox><xmin>261</xmin><ymin>337</ymin><xmax>84</xmax><ymax>84</ymax></bndbox></object><object><name>proposal</name><bndbox><xmin>2</xmin><ymin>1</ymin><xmax>71</xmax><ymax>186</ymax></bndbox></object><object><name>proposal</name><bndbox><xmin>113</xmin><ymin>424</ymin><xmax>514</xmax><ymax>293</ymax></bndbox></object><object><name>proposal</name><bndbox><xmin>680</xmin><ymin>281</ymin><xmax>40</xmax><ymax>60</ymax></bndbox></object><object><name>proposal</name><bndbox><xmin>555</xmin><ymin>354</ymin><xmax>165</xmax><ymax>305</ymax></bndbox></object><object><name>proposal</name><bndbox><xmin>178</xmin><ymin>368</ymin><xmax>101</xmax><ymax>73</ymax></bndbox></object><object><name>proposal</name><bndbox><xmin>396</xmin><ymin>462</ymin><xmax>232</xmax><ymax>124</ymax></bndbox></object><object><name>proposal</name><bndbox><xmin>642</xmin><ymin>296</ymin><xmax>75</xmax><ymax>202</ymax></bndbox></object><object><name>proposal</name><bndbox><xmin>242</xmin><ymin>309</ymin><xmax>37</xmax><ymax>103</ymax></bndbox></object><object><name>proposal</name><bndbox><xmin>680</xmin><ymin>302</ymin><xmax>37</xmax><ymax>42</ymax></bndbox></object><object><name>proposal</name><bndbox><xmin>453</xmin><ymin>354</ymin><xmax>196</xmax><ymax>366</ymax></bndbox></object><object><name>proposal</name><bndbox><xmin>346</xmin><ymin>217</ymin><xmax>317</xmax><ymax>500</ymax></bndbox></object><object><name>proposal</name><bndbox><xmin>655</xmin><ymin>281</ymin><xmax>39</xmax><ymax>29</ymax></bndbox></object><object><name>proposal</name><bndbox><xmin>218</xmin><ymin>293</ymin><xmax>58</xmax><ymax>119</ymax></bndbox></object><object><name>proposal</name><bndbox><xmin>185</xmin><ymin>337</ymin><xmax>93</xmax><ymax>84</ymax></bndbox></object><object><name>proposal</name><bndbox><xmin>653</xmin><ymin>262</ymin><xmax>45</xmax><ymax>49</ymax></bndbox></object><object><name>proposal</name><bndbox><xmin>155</xmin><ymin>358</ymin><xmax>125</xmax><ymax>55</ymax></bndbox></object><object><name>proposal</name><bndbox><xmin>620</xmin><ymin>300</ymin><xmax>96</xmax><ymax>149</ymax></bndbox></object><object><name>proposal</name><bndbox><xmin>516</xmin><ymin>280</ymin><xmax>183</xmax><ymax>91</ymax></bndbox></object><object><name>proposal</name><bndbox><xmin>313</xmin><ymin>401</ymin><xmax>25</xmax><ymax>51</ymax></bndbox></object><object><name>proposal</name><bndbox><xmin>1</xmin><ymin>27</ymin><xmax>144</xmax><ymax>104</ymax></bndbox></object><object><name>proposal</name><bndbox><xmin>351</xmin><ymin>295</ymin><xmax>349</xmax><ymax>293</ymax></bndbox></object><object><name>proposal</name><bndbox><xmin>546</xmin><ymin>463</ymin><xmax>145</xmax><ymax>163</ymax></bndbox></object><object><name>proposal</name><bndbox><xmin>438</xmin><ymin>217</ymin><xmax>261</xmax><ymax>500</ymax></bndbox></object><object><name>proposal</name><bndbox><xmin>258</xmin><ymin>282</ymin><xmax>52</xmax><ymax>130</ymax></bndbox></object><object><name>proposal</name><bndbox><xmin>337</xmin><ymin>539</ymin><xmax>239</xmax><ymax>181</ymax></bndbox></object><object><name>proposal</name><bndbox><xmin>257</xmin><ymin>368</ymin><xmax>81</xmax><ymax>135</ymax></bndbox></object><object><name>proposal</name><bndbox><xmin>298</xmin><ymin>435</ymin><xmax>41</xmax><ymax>24</ymax></bndbox></object><object><name>proposal</name><bndbox><xmin>688</xmin><ymin>291</ymin><xmax>27</xmax><ymax>45</ymax></bndbox></object><object><name>proposal</name><bndbox><xmin>553</xmin><ymin>461</ymin><xmax>100</xmax><ymax>144</ymax></bndbox></object><object><name>proposal</name><bndbox><xmin>260</xmin><ymin>358</ymin><xmax>128</xmax><ymax>93</ymax></bndbox></object><object><name>proposal</name><bndbox><xmin>694</xmin><ymin>309</ymin><xmax>21</xmax><ymax>38</ymax></bndbox></object><object><name>proposal</name><bndbox><xmin>546</xmin><ymin>298</ymin><xmax>117</xmax><ymax>90</ymax></bndbox></object><object><name>proposal</name><bndbox><xmin>1</xmin><ymin>1</ymin><xmax>455</xmax><ymax>455</ymax></bndbox></object><object><name>proposal</name><bndbox><xmin>268</xmin><ymin>422</ymin><xmax>361</xmax><ymax>223</ymax></bndbox></object><object><name>proposal</name><bndbox><xmin>304</xmin><ymin>433</ymin><xmax>34</xmax><ymax>40</ymax></bndbox></object><object><name>proposal</name><bndbox><xmin>611</xmin><ymin>296</ymin><xmax>104</xmax><ymax>252</ymax></bndbox></object><object><name>proposal</name><bndbox><xmin>218</xmin><ymin>368</ymin><xmax>59</xmax><ymax>135</ymax></bndbox></object><object><name>proposal</name><bndbox><xmin>551</xmin><ymin>461</ymin><xmax>166</xmax><ymax>223</ymax></bndbox></object><object><name>proposal</name><bndbox><xmin>260</xmin><ymin>348</ymin><xmax>131</xmax><ymax>65</ymax></bndbox></object><object><name>proposal</name><bndbox><xmin>648</xmin><ymin>249</ymin><xmax>41</xmax><ymax>65</ymax></bndbox></object><object><name>proposal</name><bndbox><xmin>466</xmin><ymin>266</ymin><xmax>235</xmax><ymax>121</ymax></bndbox></object><object><name>proposal</name><bndbox><xmin>410</xmin><ymin>453</ymin><xmax>159</xmax><ymax>264</ymax></bndbox></object><object><name>proposal</name><bndbox><xmin>1</xmin><ymin>1</ymin><xmax>338</xmax><ymax>600</ymax></bndbox></object><object><name>proposal</name><bndbox><xmin>248</xmin><ymin>277</ymin><xmax>48</xmax><ymax>135</ymax></bndbox></object><object><name>proposal</name><bndbox><xmin>137</xmin><ymin>368</ymin><xmax>138</xmax><ymax>61</ymax></bndbox></object><object><name>proposal</name><bndbox><xmin>634</xmin><ymin>264</ymin><xmax>60</xmax><ymax>49</ymax></bndbox></object><object><name>proposal</name><bndbox><xmin>425</xmin><ymin>297</ymin><xmax>292</xmax><ymax>350</ymax></bndbox></object><object><name>proposal</name><bndbox><xmin>260</xmin><ymin>294</ymin><xmax>89</xmax><ymax>161</ymax></bndbox></object><object><name>proposal</name><bndbox><xmin>534</xmin><ymin>463</ymin><xmax>140</xmax><ymax>211</ymax></bndbox></object><object><name>proposal</name><bndbox><xmin>582</xmin><ymin>381</ymin><xmax>50</xmax><ymax>113</ymax></bndbox></object><object><name>proposal</name><bndbox><xmin>384</xmin><ymin>597</ymin><xmax>171</xmax><ymax>121</ymax></bndbox></object><object><name>proposal</name><bndbox><xmin>313</xmin><ymin>415</ymin><xmax>37</xmax><ymax>37</ymax></bndbox></object><object><name>proposal</name><bndbox><xmin>579</xmin><ymin>300</ymin><xmax>138</xmax><ymax>71</ymax></bndbox></object><object><name>proposal</name><bndbox><xmin>232</xmin><ymin>260</ymin><xmax>55</xmax><ymax>152</ymax></bndbox></object><object><name>proposal</name><bndbox><xmin>293</xmin><ymin>433</ymin><xmax>45</xmax><ymax>49</ymax></bndbox></object><object><name>proposal</name><bndbox><xmin>553</xmin><ymin>259</ymin><xmax>131</xmax><ymax>115</ymax></bndbox></object><object><name>proposal</name><bndbox><xmin>313</xmin><ymin>430</ymin><xmax>42</xmax><ymax>21</ymax></bndbox></object><object><name>proposal</name><bndbox><xmin>312</xmin><ymin>435</ymin><xmax>39</xmax><ymax>48</ymax></bndbox></object><object><name>proposal</name><bndbox><xmin>571</xmin><ymin>446</ymin><xmax>34</xmax><ymax>50</ymax></bndbox></object><object><name>proposal</name><bndbox><xmin>650</xmin><ymin>281</ymin><xmax>61</xmax><ymax>30</ymax></bndbox></object><object><name>proposal</name><bndbox><xmin>593</xmin><ymin>463</ymin><xmax>97</xmax><ymax>68</ymax></bndbox></object><object><name>proposal</name><bndbox><xmin>311</xmin><ymin>421</ymin><xmax>31</xmax><ymax>31</ymax></bndbox></object></annotation>