<annotation><folder>Proposals</folder><filename>img-278.jpg</filename><size><width>720</width><height>720</height><depth>3</depth></size><object><name>proposal</name><bndbox><xmin>163</xmin><ymin>400</ymin><xmax>71</xmax><ymax>65</ymax></bndbox></object><object><name>proposal</name><bndbox><xmin>206</xmin><ymin>382</ymin><xmax>83</xmax><ymax>83</ymax></bndbox></object><object><name>proposal</name><bndbox><xmin>207</xmin><ymin>405</ymin><xmax>73</xmax><ymax>81</ymax></bndbox></object><object><name>proposal</name><bndbox><xmin>175</xmin><ymin>375</ymin><xmax>58</xmax><ymax>91</ymax></bndbox></object><object><name>proposal</name><bndbox><xmin>208</xmin><ymin>400</ymin><xmax>57</xmax><ymax>66</ymax></bndbox></object><object><name>proposal</name><bndbox><xmin>205</xmin><ymin>381</ymin><xmax>102</xmax><ymax>105</ymax></bndbox></object><object><name>proposal</name><bndbox><xmin>189</xmin><ymin>391</ymin><xmax>43</xmax><ymax>76</ymax></bndbox></object><object><name>proposal</name><bndbox><xmin>277</xmin><ymin>103</ymin><xmax>37</xmax><ymax>37</ymax></bndbox></object><object><name>proposal</name><bndbox><xmin>138</xmin><ymin>404</ymin><xmax>94</xmax><ymax>66</ymax></bndbox></object><object><name>proposal</name><bndbox><xmin>157</xmin><ymin>381</ymin><xmax>75</xmax><ymax>98</ymax></bndbox></object><object><name>proposal</name><bndbox><xmin>208</xmin><ymin>401</ymin><xmax>119</xmax><ymax>65</ymax></bndbox></object><object><name>proposal</name><bndbox><xmin>208</xmin><ymin>405</ymin><xmax>40</xmax><ymax>83</ymax></bndbox></object><object><name>proposal</name><bndbox><xmin>181</xmin><ymin>304</ymin><xmax>38</xmax><ymax>21</ymax></bndbox></object><object><name>proposal</name><bndbox><xmin>157</xmin><ymin>404</ymin><xmax>75</xmax><ymax>94</ymax></bndbox></object><object><name>proposal</name><bndbox><xmin>208</xmin><ymin>362</ymin><xmax>72</xmax><ymax>125</ymax></bndbox></object><object><name>proposal</name><bndbox><xmin>208</xmin><ymin>406</ymin><xmax>56</xmax><ymax>113</ymax></bndbox></object><object><name>proposal</name><bndbox><xmin>206</xmin><ymin>356</ymin><xmax>101</xmax><ymax>110</ymax></bndbox></object><object><name>proposal</name><bndbox><xmin>316</xmin><ymin>6</ymin><xmax>31</xmax><ymax>31</ymax></bndbox></object><object><name>proposal</name><bndbox><xmin>166</xmin><ymin>404</ymin><xmax>67</xmax><ymax>135</ymax></bndbox></object><object><name>proposal</name><bndbox><xmin>147</xmin><ymin>362</ymin><xmax>87</xmax><ymax>106</ymax></bndbox></object><object><name>proposal</name><bndbox><xmin>204</xmin><ymin>400</ymin><xmax>97</xmax><ymax>115</ymax></bndbox></object><object><name>proposal</name><bndbox><xmin>121</xmin><ymin>383</ymin><xmax>112</xmax><ymax>83</ymax></bndbox></object><object><name>proposal</name><bndbox><xmin>278</xmin><ymin>101</ymin><xmax>36</xmax><ymax>61</ymax></bndbox></object><object><name>proposal</name><bndbox><xmin>240</xmin><ymin>103</ymin><xmax>54</xmax><ymax>37</ymax></bndbox></object><object><name>proposal</name><bndbox><xmin>179</xmin><ymin>264</ymin><xmax>63</xmax><ymax>51</ymax></bndbox></object><object><name>proposal</name><bndbox><xmin>144</xmin><ymin>383</ymin><xmax>89</xmax><ymax>157</ymax></bndbox></object><object><name>proposal</name><bndbox><xmin>162</xmin><ymin>298</ymin><xmax>71</xmax><ymax>169</ymax></bndbox></object><object><name>proposal</name><bndbox><xmin>278</xmin><ymin>101</ymin><xmax>20</xmax><ymax>46</ymax></bndbox></object><object><name>proposal</name><bndbox><xmin>181</xmin><ymin>289</ymin><xmax>38</xmax><ymax>26</ymax></bndbox></object><object><name>proposal</name><bndbox><xmin>176</xmin><ymin>266</ymin><xmax>45</xmax><ymax>49</ymax></bndbox></object><object><name>proposal</name><bndbox><xmin>213</xmin><ymin>381</ymin><xmax>63</xmax><ymax>66</ymax></bndbox></object><object><name>proposal</name><bndbox><xmin>206</xmin><ymin>415</ymin><xmax>81</xmax><ymax>51</ymax></bndbox></object><object><name>proposal</name><bndbox><xmin>276</xmin><ymin>102</ymin><xmax>60</xmax><ymax>38</ymax></bndbox></object><object><name>proposal</name><bndbox><xmin>176</xmin><ymin>304</ymin><xmax>46</xmax><ymax>37</ymax></bndbox></object><object><name>proposal</name><bndbox><xmin>424</xmin><ymin>148</ymin><xmax>45</xmax><ymax>27</ymax></bndbox></object><object><name>proposal</name><bndbox><xmin>319</xmin><ymin>5</ymin><xmax>27</xmax><ymax>47</ymax></bndbox></object><object><name>proposal</name><bndbox><xmin>275</xmin><ymin>100</ymin><xmax>49</xmax><ymax>49</ymax></bndbox></object><object><name>proposal</name><bndbox><xmin>205</xmin><ymin>383</ymin><xmax>165</xmax><ymax>85</ymax></bndbox></object><object><name>proposal</name><bndbox><xmin>110</xmin><ymin>406</ymin><xmax>123</xmax><ymax>80</ymax></bndbox></object><object><name>proposal</name><bndbox><xmin>191</xmin><ymin>406</ymin><xmax>119</xmax><ymax>132</ymax></bndbox></object><object><name>proposal</name><bndbox><xmin>183</xmin><ymin>491</ymin><xmax>27</xmax><ymax>47</ymax></bndbox></object><object><name>proposal</name><bndbox><xmin>177</xmin><ymin>405</ymin><xmax>56</xmax><ymax>81</ymax></bndbox></object><object><name>proposal</name><bndbox><xmin>302</xmin><ymin>3</ymin><xmax>45</xmax><ymax>29</ymax></bndbox></object><object><name>proposal</name><bndbox><xmin>399</xmin><ymin>154</ymin><xmax>24</xmax><ymax>38</ymax></bndbox></object><object><name>proposal</name><bndbox><xmin>237</xmin><ymin>193</ymin><xmax>26</xmax><ymax>38</ymax></bndbox></object><object><name>proposal</name><bndbox><xmin>294</xmin><ymin>5</ymin><xmax>53</xmax><ymax>45</ymax></bndbox></object><object><name>proposal</name><bndbox><xmin>149</xmin><ymin>498</ymin><xmax>60</xmax><ymax>41</ymax></bndbox></object><object><name>proposal</name><bndbox><xmin>208</xmin><ymin>381</ymin><xmax>91</xmax><ymax>177</ymax></bndbox></object><object><name>proposal</name><bndbox><xmin>208</xmin><ymin>290</ymin><xmax>91</xmax><ymax>177</ymax></bndbox></object><object><name>proposal</name><bndbox><xmin>182</xmin><ymin>286</ymin><xmax>61</xmax><ymax>30</ymax></bndbox></object><object><name>proposal</name><bndbox><xmin>188</xmin><ymin>404</ymin><xmax>48</xmax><ymax>135</ymax></bndbox></object><object><name>proposal</name><bndbox><xmin>463</xmin><ymin>192</ymin><xmax>139</xmax><ymax>54</ymax></bndbox></object><object><name>proposal</name><bndbox><xmin>104</xmin><ymin>406</ymin><xmax>129</xmax><ymax>135</ymax></bndbox></object><object><name>proposal</name><bndbox><xmin>200</xmin><ymin>406</ymin><xmax>136</xmax><ymax>85</ymax></bndbox></object><object><name>proposal</name><bndbox><xmin>253</xmin><ymin>193</ymin><xmax>37</xmax><ymax>37</ymax></bndbox></object><object><name>proposal</name><bndbox><xmin>225</xmin><ymin>102</ymin><xmax>69</xmax><ymax>45</ymax></bndbox></object><object><name>proposal</name><bndbox><xmin>153</xmin><ymin>266</ymin><xmax>66</xmax><ymax>49</ymax></bndbox></object><object><name>proposal</name><bndbox><xmin>463</xmin><ymin>138</ymin><xmax>81</xmax><ymax>107</ymax></bndbox></object><object><name>proposal</name><bndbox><xmin>451</xmin><ymin>293</ymin><xmax>21</xmax><ymax>38</ymax></bndbox></object><object><name>proposal</name><bndbox><xmin>161</xmin><ymin>274</ymin><xmax>83</xmax><ymax>43</ymax></bndbox></object><object><name>proposal</name><bndbox><xmin>191</xmin><ymin>382</ymin><xmax>143</xmax><ymax>187</ymax></bndbox></object><object><name>proposal</name><bndbox><xmin>121</xmin><ymin>381</ymin><xmax>115</xmax><ymax>126</ymax></bndbox></object><object><name>proposal</name><bndbox><xmin>382</xmin><ymin>163</ymin><xmax>42</xmax><ymax>29</ymax></bndbox></object><object><name>proposal</name><bndbox><xmin>462</xmin><ymin>170</ymin><xmax>119</xmax><ymax>75</ymax></bndbox></object><object><name>proposal</name><bndbox><xmin>160</xmin><ymin>286</ymin><xmax>61</xmax><ymax>30</ymax></bndbox></object><object><name>proposal</name><bndbox><xmin>180</xmin><ymin>290</ymin><xmax>97</xmax><ymax>177</ymax></bndbox></object><object><name>proposal</name><bndbox><xmin>215</xmin><ymin>383</ymin><xmax>60</xmax><ymax>44</ymax></bndbox></object><object><name>proposal</name><bndbox><xmin>124</xmin><ymin>293</ymin><xmax>120</xmax><ymax>175</ymax></bndbox></object><object><name>proposal</name><bndbox><xmin>142</xmin><ymin>296</ymin><xmax>91</xmax><ymax>242</ymax></bndbox></object><object><name>proposal</name><bndbox><xmin>441</xmin><ymin>301</ymin><xmax>31</xmax><ymax>31</ymax></bndbox></object><object><name>proposal</name><bndbox><xmin>195</xmin><ymin>404</ymin><xmax>37</xmax><ymax>85</ymax></bndbox></object><object><name>proposal</name><bndbox><xmin>179</xmin><ymin>303</ymin><xmax>41</xmax><ymax>55</ymax></bndbox></object><object><name>proposal</name><bndbox><xmin>181</xmin><ymin>302</ymin><xmax>49</xmax><ymax>45</ymax></bndbox></object><object><name>proposal</name><bndbox><xmin>334</xmin><ymin>5</ymin><xmax>51</xmax><ymax>27</ymax></bndbox></object><object><name>proposal</name><bndbox><xmin>169</xmin><ymin>498</ymin><xmax>42</xmax><ymax>42</ymax></bndbox></object><object><name>proposal</name><bndbox><xmin>278</xmin><ymin>88</ymin><xmax>36</xmax><ymax>61</ymax></bndbox></object><object><name>proposal</name><bndbox><xmin>179</xmin><ymin>304</ymin><xmax>61</xmax><ymax>33</ymax></bndbox></object><object><name>proposal</name><bndbox><xmin>476</xmin><ymin>199</ymin><xmax>100</xmax><ymax>46</ymax></bndbox></object><object><name>proposal</name><bndbox><xmin>398</xmin><ymin>160</ymin><xmax>89</xmax><ymax>65</ymax></bndbox></object><object><name>proposal</name><bndbox><xmin>456</xmin><ymin>193</ymin><xmax>71</xmax><ymax>156</ymax></bndbox></object><object><name>proposal</name><bndbox><xmin>218</xmin><ymin>382</ymin><xmax>29</xmax><ymax>39</ymax></bndbox></object><object><name>proposal</name><bndbox><xmin>238</xmin><ymin>101</ymin><xmax>57</xmax><ymax>60</ymax></bndbox></object><object><name>proposal</name><bndbox><xmin>217</xmin><ymin>383</ymin><xmax>59</xmax><ymax>25</ymax></bndbox></object><object><name>proposal</name><bndbox><xmin>207</xmin><ymin>380</ymin><xmax>152</xmax><ymax>144</ymax></bndbox></object><object><name>proposal</name><bndbox><xmin>191</xmin><ymin>404</ymin><xmax>70</xmax><ymax>144</ymax></bndbox></object><object><name>proposal</name><bndbox><xmin>437</xmin><ymin>310</ymin><xmax>38</xmax><ymax>21</ymax></bndbox></object><object><name>proposal</name><bndbox><xmin>95</xmin><ymin>371</ymin><xmax>139</xmax><ymax>115</ymax></bndbox></object><object><name>proposal</name><bndbox><xmin>395</xmin><ymin>148</ymin><xmax>111</xmax><ymax>111</ymax></bndbox></object><object><name>proposal</name><bndbox><xmin>104</xmin><ymin>347</ymin><xmax>129</xmax><ymax>119</ymax></bndbox></object><object><name>proposal</name><bndbox><xmin>397</xmin><ymin>149</ymin><xmax>72</xmax><ymax>43</ymax></bndbox></object><object><name>proposal</name><bndbox><xmin>276</xmin><ymin>100</ymin><xmax>59</xmax><ymax>69</ymax></bndbox></object><object><name>proposal</name><bndbox><xmin>464</xmin><ymin>92</ymin><xmax>69</xmax><ymax>155</ymax></bndbox></object><object><name>proposal</name><bndbox><xmin>190</xmin><ymin>498</ymin><xmax>48</xmax><ymax>45</ymax></bndbox></object><object><name>proposal</name><bndbox><xmin>455</xmin><ymin>284</ymin><xmax>23</xmax><ymax>47</ymax></bndbox></object><object><name>proposal</name><bndbox><xmin>277</xmin><ymin>88</ymin><xmax>65</xmax><ymax>59</ymax></bndbox></object><object><name>proposal</name><bndbox><xmin>166</xmin><ymin>474</ymin><xmax>44</xmax><ymax>65</ymax></bndbox></object><object><name>proposal</name><bndbox><xmin>238</xmin><ymin>88</ymin><xmax>57</xmax><ymax>60</ymax></bndbox></object><object><name>proposal</name><bndbox><xmin>426</xmin><ymin>149</ymin><xmax>61</xmax><ymax>77</ymax></bndbox></object><object><name>proposal</name><bndbox><xmin>221</xmin><ymin>193</ymin><xmax>42</xmax><ymax>39</ymax></bndbox></object><object><name>proposal</name><bndbox><xmin>179</xmin><ymin>381</ymin><xmax>51</xmax><ymax>66</ymax></bndbox></object><object><name>proposal</name><bndbox><xmin>190</xmin><ymin>406</ymin><xmax>101</xmax><ymax>192</ymax></bndbox></object><object><name>proposal</name><bndbox><xmin>391</xmin><ymin>157</ymin><xmax>34</xmax><ymax>37</ymax></bndbox></object><object><name>proposal</name><bndbox><xmin>253</xmin><ymin>358</ymin><xmax>69</xmax><ymax>56</ymax></bndbox></object><object><name>proposal</name><bndbox><xmin>203</xmin><ymin>334</ymin><xmax>105</xmax><ymax>187</ymax></bndbox></object><object><name>proposal</name><bndbox><xmin>153</xmin><ymin>304</ymin><xmax>67</xmax><ymax>33</ymax></bndbox></object><object><name>proposal</name><bndbox><xmin>130</xmin><ymin>637</ymin><xmax>38</xmax><ymax>26</ymax></bndbox></object><object><name>proposal</name><bndbox><xmin>176</xmin><ymin>419</ymin><xmax>53</xmax><ymax>49</ymax></bndbox></object><object><name>proposal</name><bndbox><xmin>256</xmin><ymin>66</ymin><xmax>39</xmax><ymax>73</ymax></bndbox></object><object><name>proposal</name><bndbox><xmin>217</xmin><ymin>382</ymin><xmax>85</xmax><ymax>54</ymax></bndbox></object><object><name>proposal</name><bndbox><xmin>198</xmin><ymin>382</ymin><xmax>29</xmax><ymax>39</ymax></bndbox></object><object><name>proposal</name><bndbox><xmin>181</xmin><ymin>469</ymin><xmax>28</xmax><ymax>71</ymax></bndbox></object><object><name>proposal</name><bndbox><xmin>181</xmin><ymin>298</ymin><xmax>38</xmax><ymax>21</ymax></bndbox></object><object><name>proposal</name><bndbox><xmin>251</xmin><ymin>376</ymin><xmax>67</xmax><ymax>39</ymax></bndbox></object><object><name>proposal</name><bndbox><xmin>141</xmin><ymin>628</ymin><xmax>26</xmax><ymax>35</ymax></bndbox></object><object><name>proposal</name><bndbox><xmin>217</xmin><ymin>361</ymin><xmax>59</xmax><ymax>75</ymax></bndbox></object><object><name>proposal</name><bndbox><xmin>208</xmin><ymin>289</ymin><xmax>35</xmax><ymax>24</ymax></bndbox></object><object><name>proposal</name><bndbox><xmin>408</xmin><ymin>193</ymin><xmax>117</xmax><ymax>153</ymax></bndbox></object><object><name>proposal</name><bndbox><xmin>253</xmin><ymin>171</ymin><xmax>28</xmax><ymax>61</ymax></bndbox></object><object><name>proposal</name><bndbox><xmin>213</xmin><ymin>406</ymin><xmax>61</xmax><ymax>49</ymax></bndbox></object><object><name>proposal</name><bndbox><xmin>208</xmin><ymin>383</ymin><xmax>217</xmax><ymax>103</ymax></bndbox></object><object><name>proposal</name><bndbox><xmin>277</xmin><ymin>102</ymin><xmax>77</xmax><ymax>54</ymax></bndbox></object><object><name>proposal</name><bndbox><xmin>376</xmin><ymin>193</ymin><xmax>151</xmax><ymax>65</ymax></bndbox></object><object><name>proposal</name><bndbox><xmin>179</xmin><ymin>237</ymin><xmax>64</xmax><ymax>81</ymax></bndbox></object><object><name>proposal</name><bndbox><xmin>451</xmin><ymin>301</ymin><xmax>31</xmax><ymax>31</ymax></bndbox></object><object><name>proposal</name><bndbox><xmin>221</xmin><ymin>85</ymin><xmax>73</xmax><ymax>54</ymax></bndbox></object><object><name>proposal</name><bndbox><xmin>305</xmin><ymin>6</ymin><xmax>41</xmax><ymax>55</ymax></bndbox></object><object><name>proposal</name><bndbox><xmin>259</xmin><ymin>103</ymin><xmax>37</xmax><ymax>37</ymax></bndbox></object><object><name>proposal</name><bndbox><xmin>217</xmin><ymin>280</ymin><xmax>26</xmax><ymax>32</ymax></bndbox></object><object><name>proposal</name><bndbox><xmin>436</xmin><ymin>199</ymin><xmax>69</xmax><ymax>69</ymax></bndbox></object><object><name>proposal</name><bndbox><xmin>128</xmin><ymin>290</ymin><xmax>172</xmax><ymax>176</ymax></bndbox></object><object><name>proposal</name><bndbox><xmin>160</xmin><ymin>298</ymin><xmax>59</xmax><ymax>59</ymax></bndbox></object><object><name>proposal</name><bndbox><xmin>190</xmin><ymin>497</ymin><xmax>21</xmax><ymax>42</ymax></bndbox></object><object><name>proposal</name><bndbox><xmin>463</xmin><ymin>193</ymin><xmax>64</xmax><ymax>64</ymax></bndbox></object><object><name>proposal</name><bndbox><xmin>174</xmin><ymin>266</ymin><xmax>148</xmax><ymax>203</ymax></bndbox></object><object><name>proposal</name><bndbox><xmin>446</xmin><ymin>191</ymin><xmax>60</xmax><ymax>140</ymax></bndbox></object><object><name>proposal</name><bndbox><xmin>191</xmin><ymin>498</ymin><xmax>33</xmax><ymax>42</ymax></bndbox></object><object><name>proposal</name><bndbox><xmin>79</xmin><ymin>404</ymin><xmax>155</xmax><ymax>104</ymax></bndbox></object><object><name>proposal</name><bndbox><xmin>181</xmin><ymin>274</ymin><xmax>79</xmax><ymax>43</ymax></bndbox></object><object><name>proposal</name><bndbox><xmin>95</xmin><ymin>292</ymin><xmax>147</xmax><ymax>246</ymax></bndbox></object><object><name>proposal</name><bndbox><xmin>376</xmin><ymin>192</ymin><xmax>149</xmax><ymax>101</ymax></bndbox></object><object><name>proposal</name><bndbox><xmin>424</xmin><ymin>148</ymin><xmax>45</xmax><ymax>45</ymax></bndbox></object><object><name>proposal</name><bndbox><xmin>232</xmin><ymin>101</ymin><xmax>63</xmax><ymax>85</ymax></bndbox></object><object><name>proposal</name><bndbox><xmin>312</xmin><ymin>167</ymin><xmax>215</xmax><ymax>96</ymax></bndbox></object><object><name>proposal</name><bndbox><xmin>147</xmin><ymin>257</ymin><xmax>98</xmax><ymax>60</ymax></bndbox></object><object><name>proposal</name><bndbox><xmin>267</xmin><ymin>87</ymin><xmax>27</xmax><ymax>55</ymax></bndbox></object><object><name>proposal</name><bndbox><xmin>190</xmin><ymin>498</ymin><xmax>57</xmax><ymax>66</ymax></bndbox></object><object><name>proposal</name><bndbox><xmin>56</xmin><ymin>382</ymin><xmax>178</xmax><ymax>158</ymax></bndbox></object><object><name>proposal</name><bndbox><xmin>191</xmin><ymin>382</ymin><xmax>125</xmax><ymax>279</ymax></bndbox></object><object><name>proposal</name><bndbox><xmin>201</xmin><ymin>376</ymin><xmax>26</xmax><ymax>32</ymax></bndbox></object><object><name>proposal</name><bndbox><xmin>426</xmin><ymin>122</ymin><xmax>104</xmax><ymax>125</ymax></bndbox></object><object><name>proposal</name><bndbox><xmin>442</xmin><ymin>193</ymin><xmax>45</xmax><ymax>39</ymax></bndbox></object><object><name>proposal</name><bndbox><xmin>217</xmin><ymin>383</ymin><xmax>38</xmax><ymax>22</ymax></bndbox></object><object><name>proposal</name><bndbox><xmin>178</xmin><ymin>245</ymin><xmax>47</xmax><ymax>72</ymax></bndbox></object><object><name>proposal</name><bndbox><xmin>162</xmin><ymin>382</ymin><xmax>138</xmax><ymax>83</ymax></bndbox></object><object><name>proposal</name><bndbox><xmin>253</xmin><ymin>172</ymin><xmax>41</xmax><ymax>65</ymax></bndbox></object><object><name>proposal</name><bndbox><xmin>277</xmin><ymin>100</ymin><xmax>40</xmax><ymax>96</ymax></bndbox></object><object><name>proposal</name><bndbox><xmin>190</xmin><ymin>383</ymin><xmax>231</xmax><ymax>157</ymax></bndbox></object><object><name>proposal</name><bndbox><xmin>253</xmin><ymin>381</ymin><xmax>41</xmax><ymax>26</ymax></bndbox></object><object><name>proposal</name><bndbox><xmin>217</xmin><ymin>383</ymin><xmax>40</xmax><ymax>54</ymax></bndbox></object><object><name>proposal</name><bndbox><xmin>277</xmin><ymin>4</ymin><xmax>71</xmax><ymax>135</ymax></bndbox></object><object><name>proposal</name><bndbox><xmin>213</xmin><ymin>399</ymin><xmax>87</xmax><ymax>47</ymax></bndbox></object><object><name>proposal</name><bndbox><xmin>446</xmin><ymin>291</ymin><xmax>31</xmax><ymax>42</ymax></bndbox></object><object><name>proposal</name><bndbox><xmin>211</xmin><ymin>291</ymin><xmax>31</xmax><ymax>31</ymax></bndbox></object><object><name>proposal</name><bndbox><xmin>207</xmin><ymin>193</ymin><xmax>124</xmax><ymax>274</ymax></bndbox></object><object><name>proposal</name><bndbox><xmin>463</xmin><ymin>185</ymin><xmax>136</xmax><ymax>84</ymax></bndbox></object><object><name>proposal</name><bndbox><xmin>374</xmin><ymin>149</ymin><xmax>49</xmax><ymax>45</ymax></bndbox></object><object><name>proposal</name><bndbox><xmin>294</xmin><ymin>5</ymin><xmax>54</xmax><ymax>77</ymax></bndbox></object><object><name>proposal</name><bndbox><xmin>179</xmin><ymin>148</ymin><xmax>348</xmax><ymax>317</ymax></bndbox></object><object><name>proposal</name><bndbox><xmin>299</xmin><ymin>358</ymin><xmax>22</xmax><ymax>38</ymax></bndbox></object><object><name>proposal</name><bndbox><xmin>253</xmin><ymin>365</ymin><xmax>21</xmax><ymax>42</ymax></bndbox></object><object><name>proposal</name><bndbox><xmin>463</xmin><ymin>193</ymin><xmax>63</xmax><ymax>105</ymax></bndbox></object><object><name>proposal</name><bndbox><xmin>193</xmin><ymin>383</ymin><xmax>37</xmax><ymax>54</ymax></bndbox></object><object><name>proposal</name><bndbox><xmin>251</xmin><ymin>388</ymin><xmax>25</xmax><ymax>51</ymax></bndbox></object><object><name>proposal</name><bndbox><xmin>413</xmin><ymin>193</ymin><xmax>92</xmax><ymax>80</ymax></bndbox></object><object><name>proposal</name><bndbox><xmin>190</xmin><ymin>472</ymin><xmax>57</xmax><ymax>66</ymax></bndbox></object><object><name>proposal</name><bndbox><xmin>463</xmin><ymin>151</ymin><xmax>163</xmax><ymax>106</ymax></bndbox></object><object><name>proposal</name><bndbox><xmin>148</xmin><ymin>571</ymin><xmax>35</xmax><ymax>26</ymax></bndbox></object><object><name>proposal</name><bndbox><xmin>186</xmin><ymin>437</ymin><xmax>37</xmax><ymax>103</ymax></bndbox></object><object><name>proposal</name><bndbox><xmin>206</xmin><ymin>347</ymin><xmax>188</xmax><ymax>119</ymax></bndbox></object><object><name>proposal</name><bndbox><xmin>136</xmin><ymin>638</ymin><xmax>31</xmax><ymax>48</ymax></bndbox></object><object><name>proposal</name><bndbox><xmin>190</xmin><ymin>383</ymin><xmax>38</xmax><ymax>22</ymax></bndbox></object><object><name>proposal</name><bndbox><xmin>213</xmin><ymin>339</ymin><xmax>62</xmax><ymax>108</ymax></bndbox></object><object><name>proposal</name><bndbox><xmin>210</xmin><ymin>375</ymin><xmax>65</xmax><ymax>44</ymax></bndbox></object><object><name>proposal</name><bndbox><xmin>207</xmin><ymin>290</ymin><xmax>152</xmax><ymax>176</ymax></bndbox></object><object><name>proposal</name><bndbox><xmin>334</xmin><ymin>5</ymin><xmax>49</xmax><ymax>45</ymax></bndbox></object><object><name>proposal</name><bndbox><xmin>446</xmin><ymin>64</ymin><xmax>79</xmax><ymax>182</ymax></bndbox></object><object><name>proposal</name><bndbox><xmin>402</xmin><ymin>148</ymin><xmax>66</xmax><ymax>28</ymax></bndbox></object><object><name>proposal</name><bndbox><xmin>36</xmin><ymin>376</ymin><xmax>197</xmax><ymax>89</ymax></bndbox></object><object><name>proposal</name><bndbox><xmin>463</xmin><ymin>193</ymin><xmax>163</xmax><ymax>95</ymax></bndbox></object><object><name>proposal</name><bndbox><xmin>213</xmin><ymin>383</ymin><xmax>114</xmax><ymax>65</ymax></bndbox></object><object><name>proposal</name><bndbox><xmin>431</xmin><ymin>308</ymin><xmax>42</xmax><ymax>27</ymax></bndbox></object><object><name>proposal</name><bndbox><xmin>397</xmin><ymin>168</ymin><xmax>61</xmax><ymax>26</ymax></bndbox></object><object><name>proposal</name><bndbox><xmin>454</xmin><ymin>116</ymin><xmax>110</xmax><ymax>131</ymax></bndbox></object><object><name>proposal</name><bndbox><xmin>114</xmin><ymin>381</ymin><xmax>119</xmax><ymax>217</ymax></bndbox></object><object><name>proposal</name><bndbox><xmin>463</xmin><ymin>177</ymin><xmax>92</xmax><ymax>80</ymax></bndbox></object><object><name>proposal</name><bndbox><xmin>253</xmin><ymin>185</ymin><xmax>49</xmax><ymax>45</ymax></bndbox></object><object><name>proposal</name><bndbox><xmin>277</xmin><ymin>386</ymin><xmax>39</xmax><ymax>29</ymax></bndbox></object><object><name>proposal</name><bndbox><xmin>396</xmin><ymin>128</ymin><xmax>28</xmax><ymax>66</ymax></bndbox></object><object><name>proposal</name><bndbox><xmin>239</xmin><ymin>61</ymin><xmax>56</xmax><ymax>81</ymax></bndbox></object><object><name>proposal</name><bndbox><xmin>36</xmin><ymin>406</ymin><xmax>197</xmax><ymax>82</ymax></bndbox></object><object><name>proposal</name><bndbox><xmin>160</xmin><ymin>406</ymin><xmax>76</xmax><ymax>212</ymax></bndbox></object><object><name>proposal</name><bndbox><xmin>463</xmin><ymin>201</ymin><xmax>43</xmax><ymax>99</ymax></bndbox></object><object><name>proposal</name><bndbox><xmin>160</xmin><ymin>299</ymin><xmax>61</xmax><ymax>32</ymax></bndbox></object><object><name>proposal</name><bndbox><xmin>253</xmin><ymin>348</ymin><xmax>47</xmax><ymax>66</ymax></bndbox></object><object><name>proposal</name><bndbox><xmin>155</xmin><ymin>638</ymin><xmax>45</xmax><ymax>27</ymax></bndbox></object><object><name>proposal</name><bndbox><xmin>150</xmin><ymin>469</ymin><xmax>64</xmax><ymax>69</ymax></bndbox></object><object><name>proposal</name><bndbox><xmin>185</xmin><ymin>349</ymin><xmax>92</xmax><ymax>119</ymax></bndbox></object><object><name>proposal</name><bndbox><xmin>383</xmin><ymin>149</ymin><xmax>123</xmax><ymax>183</ymax></bndbox></object><object><name>proposal</name><bndbox><xmin>72</xmin><ymin>264</ymin><xmax>173</xmax><ymax>202</ymax></bndbox></object><object><name>proposal</name><bndbox><xmin>278</xmin><ymin>61</ymin><xmax>56</xmax><ymax>81</ymax></bndbox></object><object><name>proposal</name><bndbox><xmin>187</xmin><ymin>383</ymin><xmax>89</xmax><ymax>155</ymax></bndbox></object><object><name>proposal</name><bndbox><xmin>188</xmin><ymin>490</ymin><xmax>69</xmax><ymax>54</ymax></bndbox></object><object><name>proposal</name><bndbox><xmin>397</xmin><ymin>157</ymin><xmax>50</xmax><ymax>37</ymax></bndbox></object><object><name>proposal</name><bndbox><xmin>253</xmin><ymin>193</ymin><xmax>41</xmax><ymax>55</ymax></bndbox></object><object><name>proposal</name><bndbox><xmin>441</xmin><ymin>316</ymin><xmax>31</xmax><ymax>31</ymax></bndbox></object><object><name>proposal</name><bndbox><xmin>141</xmin><ymin>637</ymin><xmax>26</xmax><ymax>35</ymax></bndbox></object><object><name>proposal</name><bndbox><xmin>251</xmin><ymin>376</ymin><xmax>31</xmax><ymax>31</ymax></bndbox></object><object><name>proposal</name><bndbox><xmin>244</xmin><ymin>189</ymin><xmax>21</xmax><ymax>42</ymax></bndbox></object><object><name>proposal</name><bndbox><xmin>204</xmin><ymin>101</ymin><xmax>94</xmax><ymax>57</ymax></bndbox></object><object><name>proposal</name><bndbox><xmin>228</xmin><ymin>71</ymin><xmax>66</xmax><ymax>85</ymax></bndbox></object><object><name>proposal</name><bndbox><xmin>231</xmin><ymin>102</ymin><xmax>65</xmax><ymax>128</ymax></bndbox></object><object><name>proposal</name><bndbox><xmin>253</xmin><ymin>385</ymin><xmax>68</xmax><ymax>80</ymax></bndbox></object><object><name>proposal</name><bndbox><xmin>455</xmin><ymin>193</ymin><xmax>113</xmax><ymax>157</ymax></bndbox></object><object><name>proposal</name><bndbox><xmin>437</xmin><ymin>193</ymin><xmax>51</xmax><ymax>27</ymax></bndbox></object><object><name>proposal</name><bndbox><xmin>166</xmin><ymin>403</ymin><xmax>65</xmax><ymax>44</ymax></bndbox></object><object><name>proposal</name><bndbox><xmin>141</xmin><ymin>299</ymin><xmax>79</xmax><ymax>49</ymax></bndbox></object><object><name>proposal</name><bndbox><xmin>181</xmin><ymin>293</ymin><xmax>62</xmax><ymax>114</ymax></bndbox></object><object><name>proposal</name><bndbox><xmin>159</xmin><ymin>172</ymin><xmax>163</xmax><ymax>294</ymax></bndbox></object><object><name>proposal</name><bndbox><xmin>219</xmin><ymin>262</ymin><xmax>23</xmax><ymax>51</ymax></bndbox></object><object><name>proposal</name><bndbox><xmin>361</xmin><ymin>160</ymin><xmax>64</xmax><ymax>33</ymax></bndbox></object><object><name>proposal</name><bndbox><xmin>277</xmin><ymin>400</ymin><xmax>33</xmax><ymax>64</ymax></bndbox></object><object><name>proposal</name><bndbox><xmin>396</xmin><ymin>161</ymin><xmax>39</xmax><ymax>31</ymax></bndbox></object><object><name>proposal</name><bndbox><xmin>157</xmin><ymin>568</ymin><xmax>26</xmax><ymax>32</ymax></bndbox></object><object><name>proposal</name><bndbox><xmin>209</xmin><ymin>277</ymin><xmax>33</xmax><ymax>39</ymax></bndbox></object><object><name>proposal</name><bndbox><xmin>253</xmin><ymin>388</ymin><xmax>49</xmax><ymax>49</ymax></bndbox></object><object><name>proposal</name><bndbox><xmin>253</xmin><ymin>194</ymin><xmax>79</xmax><ymax>39</ymax></bndbox></object><object><name>proposal</name><bndbox><xmin>191</xmin><ymin>469</ymin><xmax>32</xmax><ymax>71</ymax></bndbox></object><object><name>proposal</name><bndbox><xmin>148</xmin><ymin>621</ymin><xmax>21</xmax><ymax>42</ymax></bndbox></object><object><name>proposal</name><bndbox><xmin>319</xmin><ymin>146</ymin><xmax>208</xmax><ymax>188</ymax></bndbox></object><object><name>proposal</name><bndbox><xmin>181</xmin><ymin>303</ymin><xmax>79</xmax><ymax>45</ymax></bndbox></object><object><name>proposal</name><bndbox><xmin>162</xmin><ymin>293</ymin><xmax>115</xmax><ymax>115</ymax></bndbox></object><object><name>proposal</name><bndbox><xmin>218</xmin><ymin>375</ymin><xmax>42</xmax><ymax>45</ymax></bndbox></object><object><name>proposal</name><bndbox><xmin>217</xmin><ymin>406</ymin><xmax>58</xmax><ymax>31</ymax></bndbox></object><object><name>proposal</name><bndbox><xmin>177</xmin><ymin>190</ymin><xmax>87</xmax><ymax>128</ymax></bndbox></object><object><name>proposal</name><bndbox><xmin>399</xmin><ymin>55</ymin><xmax>127</xmax><ymax>191</ymax></bndbox></object><object><name>proposal</name><bndbox><xmin>253</xmin><ymin>388</ymin><xmax>50</xmax><ymax>31</ymax></bndbox></object><object><name>proposal</name><bndbox><xmin>155</xmin><ymin>638</ymin><xmax>42</xmax><ymax>48</ymax></bndbox></object><object><name>proposal</name><bndbox><xmin>424</xmin><ymin>147</ymin><xmax>51</xmax><ymax>21</ymax></bndbox></object><object><name>proposal</name><bndbox><xmin>200</xmin><ymin>283</ymin><xmax>42</xmax><ymax>29</ymax></bndbox></object><object><name>proposal</name><bndbox><xmin>253</xmin><ymin>103</ymin><xmax>273</xmax><ymax>155</ymax></bndbox></object><object><name>proposal</name><bndbox><xmin>419</xmin><ymin>131</ymin><xmax>49</xmax><ymax>45</ymax></bndbox></object><object><name>proposal</name><bndbox><xmin>179</xmin><ymin>303</ymin><xmax>59</xmax><ymax>65</ymax></bndbox></object><object><name>proposal</name><bndbox><xmin>163</xmin><ymin>193</ymin><xmax>112</xmax><ymax>274</ymax></bndbox></object><object><name>proposal</name><bndbox><xmin>250</xmin><ymin>385</ymin><xmax>49</xmax><ymax>81</ymax></bndbox></object><object><name>proposal</name><bndbox><xmin>179</xmin><ymin>99</ymin><xmax>166</xmax><ymax>367</ymax></bndbox></object><object><name>proposal</name><bndbox><xmin>232</xmin><ymin>387</ymin><xmax>41</xmax><ymax>24</ymax></bndbox></object><object><name>proposal</name><bndbox><xmin>275</xmin><ymin>100</ymin><xmax>25</xmax><ymax>59</ymax></bndbox></object><object><name>proposal</name><bndbox><xmin>226</xmin><ymin>179</ymin><xmax>39</xmax><ymax>61</ymax></bndbox></object><object><name>proposal</name><bndbox><xmin>226</xmin><ymin>192</ymin><xmax>39</xmax><ymax>61</ymax></bndbox></object><object><name>proposal</name><bndbox><xmin>409</xmin><ymin>202</ymin><xmax>99</xmax><ymax>48</ymax></bndbox></object><object><name>proposal</name><bndbox><xmin>428</xmin><ymin>298</ymin><xmax>50</xmax><ymax>34</ymax></bndbox></object><object><name>proposal</name><bndbox><xmin>424</xmin><ymin>159</ymin><xmax>60</xmax><ymax>50</ymax></bndbox></object><object><name>proposal</name><bndbox><xmin>391</xmin><ymin>192</ymin><xmax>117</xmax><ymax>52</ymax></bndbox></object><object><name>proposal</name><bndbox><xmin>163</xmin><ymin>290</ymin><xmax>154</xmax><ymax>131</ymax></bndbox></object><object><name>proposal</name><bndbox><xmin>190</xmin><ymin>499</ymin><xmax>46</xmax><ymax>96</ymax></bndbox></object><object><name>proposal</name><bndbox><xmin>109</xmin><ymin>498</ymin><xmax>100</xmax><ymax>44</ymax></bndbox></object><object><name>proposal</name><bndbox><xmin>191</xmin><ymin>498</ymin><xmax>100</xmax><ymax>44</ymax></bndbox></object><object><name>proposal</name><bndbox><xmin>177</xmin><ymin>147</ymin><xmax>350</xmax><ymax>184</ymax></bndbox></object><object><name>proposal</name><bndbox><xmin>141</xmin><ymin>347</ymin><xmax>159</xmax><ymax>119</ymax></bndbox></object><object><name>proposal</name><bndbox><xmin>428</xmin><ymin>313</ymin><xmax>45</xmax><ymax>27</ymax></bndbox></object><object><name>proposal</name><bndbox><xmin>253</xmin><ymin>189</ymin><xmax>21</xmax><ymax>42</ymax></bndbox></object><object><name>proposal</name><bndbox><xmin>253</xmin><ymin>373</ymin><xmax>50</xmax><ymax>34</ymax></bndbox></object><object><name>proposal</name><bndbox><xmin>236</xmin><ymin>171</ymin><xmax>28</xmax><ymax>61</ymax></bndbox></object><object><name>proposal</name><bndbox><xmin>386</xmin><ymin>151</ymin><xmax>65</xmax><ymax>41</ymax></bndbox></object><object><name>proposal</name><bndbox><xmin>217</xmin><ymin>365</ymin><xmax>45</xmax><ymax>83</ymax></bndbox></object><object><name>proposal</name><bndbox><xmin>253</xmin><ymin>101</ymin><xmax>43</xmax><ymax>83</ymax></bndbox></object><object><name>proposal</name><bndbox><xmin>281</xmin><ymin>4</ymin><xmax>31</xmax><ymax>39</ymax></bndbox></object><object><name>proposal</name><bndbox><xmin>249</xmin><ymin>347</ymin><xmax>41</xmax><ymax>60</ymax></bndbox></object><object><name>proposal</name><bndbox><xmin>455</xmin><ymin>193</ymin><xmax>95</xmax><ymax>232</ymax></bndbox></object><object><name>proposal</name><bndbox><xmin>252</xmin><ymin>103</ymin><xmax>81</xmax><ymax>165</ymax></bndbox></object><object><name>proposal</name><bndbox><xmin>19</xmin><ymin>381</ymin><xmax>256</xmax><ymax>105</ymax></bndbox></object><object><name>proposal</name><bndbox><xmin>122</xmin><ymin>628</ymin><xmax>46</xmax><ymax>34</ymax></bndbox></object><object><name>proposal</name><bndbox><xmin>461</xmin><ymin>193</ymin><xmax>26</xmax><ymax>41</ymax></bndbox></object><object><name>proposal</name><bndbox><xmin>182</xmin><ymin>291</ymin><xmax>60</xmax><ymax>38</ymax></bndbox></object><object><name>proposal</name><bndbox><xmin>232</xmin><ymin>386</ymin><xmax>45</xmax><ymax>48</ymax></bndbox></object><object><name>proposal</name><bndbox><xmin>181</xmin><ymin>293</ymin><xmax>77</xmax><ymax>73</ymax></bndbox></object><object><name>proposal</name><bndbox><xmin>163</xmin><ymin>248</ymin><xmax>107</xmax><ymax>69</ymax></bndbox></object><object><name>proposal</name><bndbox><xmin>122</xmin><ymin>637</ymin><xmax>46</xmax><ymax>34</ymax></bndbox></object><object><name>proposal</name><bndbox><xmin>144</xmin><ymin>576</ymin><xmax>39</xmax><ymax>29</ymax></bndbox></object><object><name>proposal</name><bndbox><xmin>161</xmin><ymin>298</ymin><xmax>81</xmax><ymax>65</ymax></bndbox></object><object><name>proposal</name><bndbox><xmin>191</xmin><ymin>496</ymin><xmax>32</xmax><ymax>71</ymax></bndbox></object><object><name>proposal</name><bndbox><xmin>190</xmin><ymin>361</ymin><xmax>39</xmax><ymax>79</ymax></bndbox></object><object><name>proposal</name><bndbox><xmin>451</xmin><ymin>270</ymin><xmax>28</xmax><ymax>61</ymax></bndbox></object><object><name>proposal</name><bndbox><xmin>383</xmin><ymin>133</ymin><xmax>44</xmax><ymax>60</ymax></bndbox></object><object><name>proposal</name><bndbox><xmin>253</xmin><ymin>347</ymin><xmax>26</xmax><ymax>61</ymax></bndbox></object><object><name>proposal</name><bndbox><xmin>295</xmin><ymin>15</ymin><xmax>48</xmax><ymax>42</ymax></bndbox></object><object><name>proposal</name><bndbox><xmin>413</xmin><ymin>154</ymin><xmax>38</xmax><ymax>21</ymax></bndbox></object><object><name>proposal</name><bndbox><xmin>279</xmin><ymin>430</ymin><xmax>24</xmax><ymax>35</ymax></bndbox></object><object><name>proposal</name><bndbox><xmin>191</xmin><ymin>472</ymin><xmax>98</xmax><ymax>66</ymax></bndbox></object><object><name>proposal</name><bndbox><xmin>219</xmin><ymin>339</ymin><xmax>102</xmax><ymax>75</ymax></bndbox></object><object><name>proposal</name><bndbox><xmin>410</xmin><ymin>135</ymin><xmax>51</xmax><ymax>27</ymax></bndbox></object><object><name>proposal</name><bndbox><xmin>278</xmin><ymin>385</ymin><xmax>39</xmax><ymax>83</ymax></bndbox></object><object><name>proposal</name><bndbox><xmin>428</xmin><ymin>191</ymin><xmax>83</xmax><ymax>116</ymax></bndbox></object><object><name>proposal</name><bndbox><xmin>208</xmin><ymin>433</ymin><xmax>49</xmax><ymax>53</ymax></bndbox></object><object><name>proposal</name><bndbox><xmin>451</xmin><ymin>316</ymin><xmax>21</xmax><ymax>59</ymax></bndbox></object><object><name>proposal</name><bndbox><xmin>172</xmin><ymin>576</ymin><xmax>39</xmax><ymax>29</ymax></bndbox></object><object><name>proposal</name><bndbox><xmin>273</xmin><ymin>397</ymin><xmax>30</xmax><ymax>71</ymax></bndbox></object><object><name>proposal</name><bndbox><xmin>144</xmin><ymin>557</ymin><xmax>39</xmax><ymax>39</ymax></bndbox></object><object><name>proposal</name><bndbox><xmin>253</xmin><ymin>192</ymin><xmax>53</xmax><ymax>66</ymax></bndbox></object><object><name>proposal</name><bndbox><xmin>298</xmin><ymin>223</ymin><xmax>34</xmax><ymax>34</ymax></bndbox></object><object><name>proposal</name><bndbox><xmin>276</xmin><ymin>75</ymin><xmax>89</xmax><ymax>72</ymax></bndbox></object><object><name>proposal</name><bndbox><xmin>456</xmin><ymin>193</ymin><xmax>30</xmax><ymax>56</ymax></bndbox></object><object><name>proposal</name><bndbox><xmin>420</xmin><ymin>193</ymin><xmax>73</xmax><ymax>39</ymax></bndbox></object><object><name>proposal</name><bndbox><xmin>133</xmin><ymin>617</ymin><xmax>37</xmax><ymax>46</ymax></bndbox></object><object><name>proposal</name><bndbox><xmin>174</xmin><ymin>499</ymin><xmax>44</xmax><ymax>100</ymax></bndbox></object><object><name>proposal</name><bndbox><xmin>261</xmin><ymin>102</ymin><xmax>207</xmax><ymax>91</ymax></bndbox></object><object><name>proposal</name><bndbox><xmin>301</xmin><ymin>361</ymin><xmax>34</xmax><ymax>34</ymax></bndbox></object><object><name>proposal</name><bndbox><xmin>128</xmin><ymin>433</ymin><xmax>97</xmax><ymax>106</ymax></bndbox></object><object><name>proposal</name><bndbox><xmin>252</xmin><ymin>1</ymin><xmax>275</xmax><ymax>245</ymax></bndbox></object><object><name>proposal</name><bndbox><xmin>397</xmin><ymin>167</ymin><xmax>57</xmax><ymax>45</ymax></bndbox></object><object><name>proposal</name><bndbox><xmin>436</xmin><ymin>204</ymin><xmax>70</xmax><ymax>44</ymax></bndbox></object><object><name>proposal</name><bndbox><xmin>214</xmin><ymin>406</ymin><xmax>40</xmax><ymax>54</ymax></bndbox></object><object><name>proposal</name><bndbox><xmin>281</xmin><ymin>354</ymin><xmax>42</xmax><ymax>42</ymax></bndbox></object><object><name>proposal</name><bndbox><xmin>397</xmin><ymin>112</ymin><xmax>71</xmax><ymax>80</ymax></bndbox></object><object><name>proposal</name><bndbox><xmin>375</xmin><ymin>176</ymin><xmax>129</xmax><ymax>65</ymax></bndbox></object><object><name>proposal</name><bndbox><xmin>158</xmin><ymin>401</ymin><xmax>145</xmax><ymax>208</ymax></bndbox></object><object><name>proposal</name><bndbox><xmin>278</xmin><ymin>98</ymin><xmax>53</xmax><ymax>136</ymax></bndbox></object><object><name>proposal</name><bndbox><xmin>269</xmin><ymin>3</ymin><xmax>79</xmax><ymax>41</ymax></bndbox></object><object><name>proposal</name><bndbox><xmin>456</xmin><ymin>303</ymin><xmax>45</xmax><ymax>29</ymax></bndbox></object><object><name>proposal</name><bndbox><xmin>204</xmin><ymin>75</ymin><xmax>94</xmax><ymax>72</ymax></bndbox></object><object><name>proposal</name><bndbox><xmin>408</xmin><ymin>149</ymin><xmax>61</xmax><ymax>77</ymax></bndbox></object><object><name>proposal</name><bndbox><xmin>453</xmin><ymin>310</ymin><xmax>38</xmax><ymax>21</ymax></bndbox></object><object><name>proposal</name><bndbox><xmin>445</xmin><ymin>158</ymin><xmax>37</xmax><ymax>46</ymax></bndbox></object><object><name>proposal</name><bndbox><xmin>208</xmin><ymin>381</ymin><xmax>21</xmax><ymax>42</ymax></bndbox></object><object><name>proposal</name><bndbox><xmin>446</xmin><ymin>306</ymin><xmax>31</xmax><ymax>31</ymax></bndbox></object><object><name>proposal</name><bndbox><xmin>420</xmin><ymin>81</ymin><xmax>47</xmax><ymax>95</ymax></bndbox></object><object><name>proposal</name><bndbox><xmin>295</xmin><ymin>357</ymin><xmax>21</xmax><ymax>38</ymax></bndbox></object><object><name>proposal</name><bndbox><xmin>215</xmin><ymin>403</ymin><xmax>48</xmax><ymax>42</ymax></bndbox></object><object><name>proposal</name><bndbox><xmin>210</xmin><ymin>414</ymin><xmax>71</xmax><ymax>34</ymax></bndbox></object><object><name>proposal</name><bndbox><xmin>278</xmin><ymin>5</ymin><xmax>192</xmax><ymax>188</ymax></bndbox></object><object><name>proposal</name><bndbox><xmin>155</xmin><ymin>627</ymin><xmax>48</xmax><ymax>39</ymax></bndbox></object><object><name>proposal</name><bndbox><xmin>155</xmin><ymin>382</ymin><xmax>131</xmax><ymax>304</ymax></bndbox></object><object><name>proposal</name><bndbox><xmin>248</xmin><ymin>171</ymin><xmax>26</xmax><ymax>61</ymax></bndbox></object><object><name>proposal</name><bndbox><xmin>181</xmin><ymin>374</ymin><xmax>49</xmax><ymax>53</ymax></bndbox></object><object><name>proposal</name><bndbox><xmin>186</xmin><ymin>406</ymin><xmax>42</xmax><ymax>31</ymax></bndbox></object><object><name>proposal</name><bndbox><xmin>119</xmin><ymin>472</ymin><xmax>107</xmax><ymax>66</ymax></bndbox></object><object><name>proposal</name><bndbox><xmin>262</xmin><ymin>10</ymin><xmax>50</xmax><ymax>34</ymax></bndbox></object><object><name>proposal</name><bndbox><xmin>172</xmin><ymin>571</ymin><xmax>51</xmax><ymax>25</ymax></bndbox></object><object><name>proposal</name><bndbox><xmin>379</xmin><ymin>171</ymin><xmax>45</xmax><ymax>29</ymax></bndbox></object><object><name>proposal</name><bndbox><xmin>248</xmin><ymin>337</ymin><xmax>26</xmax><ymax>71</ymax></bndbox></object><object><name>proposal</name><bndbox><xmin>456</xmin><ymin>316</ymin><xmax>29</xmax><ymax>48</ymax></bndbox></object><object><name>proposal</name><bndbox><xmin>236</xmin><ymin>101</ymin><xmax>233</xmax><ymax>132</ymax></bndbox></object><object><name>proposal</name><bndbox><xmin>214</xmin><ymin>281</ymin><xmax>108</xmax><ymax>156</ymax></bndbox></object><object><name>proposal</name><bndbox><xmin>286</xmin><ymin>366</ymin><xmax>31</xmax><ymax>31</ymax></bndbox></object><object><name>proposal</name><bndbox><xmin>246</xmin><ymin>386</ymin><xmax>30</xmax><ymax>71</ymax></bndbox></object><object><name>proposal</name><bndbox><xmin>268</xmin><ymin>100</ymin><xmax>26</xmax><ymax>71</ymax></bndbox></object><object><name>proposal</name><bndbox><xmin>413</xmin><ymin>316</ymin><xmax>61</xmax><ymax>28</ymax></bndbox></object><object><name>proposal</name><bndbox><xmin>251</xmin><ymin>318</ymin><xmax>72</xmax><ymax>98</ymax></bndbox></object><object><name>proposal</name><bndbox><xmin>218</xmin><ymin>368</ymin><xmax>42</xmax><ymax>39</ymax></bndbox></object><object><name>proposal</name><bndbox><xmin>271</xmin><ymin>353</ymin><xmax>50</xmax><ymax>65</ymax></bndbox></object><object><name>proposal</name><bndbox><xmin>277</xmin><ymin>401</ymin><xmax>41</xmax><ymax>28</ymax></bndbox></object><object><name>proposal</name><bndbox><xmin>299</xmin><ymin>385</ymin><xmax>22</xmax><ymax>38</ymax></bndbox></object><object><name>proposal</name><bndbox><xmin>162</xmin><ymin>233</ymin><xmax>144</xmax><ymax>83</ymax></bndbox></object><object><name>proposal</name><bndbox><xmin>426</xmin><ymin>166</ymin><xmax>31</xmax><ymax>31</ymax></bndbox></object><object><name>proposal</name><bndbox><xmin>231</xmin><ymin>281</ymin><xmax>31</xmax><ymax>31</ymax></bndbox></object><object><name>proposal</name><bndbox><xmin>456</xmin><ymin>316</ymin><xmax>48</xmax><ymax>33</ymax></bndbox></object><object><name>proposal</name><bndbox><xmin>301</xmin><ymin>386</ymin><xmax>31</xmax><ymax>31</ymax></bndbox></object><object><name>proposal</name><bndbox><xmin>454</xmin><ymin>202</ymin><xmax>34</xmax><ymax>37</ymax></bndbox></object><object><name>proposal</name><bndbox><xmin>357</xmin><ymin>133</ymin><xmax>105</xmax><ymax>61</ymax></bndbox></object><object><name>proposal</name><bndbox><xmin>466</xmin><ymin>201</ymin><xmax>21</xmax><ymax>46</ymax></bndbox></object><object><name>proposal</name><bndbox><xmin>416</xmin><ymin>166</ymin><xmax>31</xmax><ymax>31</ymax></bndbox></object><object><name>proposal</name><bndbox><xmin>405</xmin><ymin>157</ymin><xmax>42</xmax><ymax>21</ymax></bndbox></object><object><name>proposal</name><bndbox><xmin>208</xmin><ymin>433</ymin><xmax>58</xmax><ymax>37</ymax></bndbox></object><object><name>proposal</name><bndbox><xmin>396</xmin><ymin>166</ymin><xmax>31</xmax><ymax>31</ymax></bndbox></object><object><name>proposal</name><bndbox><xmin>428</xmin><ymin>316</ymin><xmax>45</xmax><ymax>42</ymax></bndbox></object><object><name>proposal</name><bndbox><xmin>156</xmin><ymin>576</ymin><xmax>31</xmax><ymax>31</ymax></bndbox></object><object><name>proposal</name><bndbox><xmin>463</xmin><ymin>165</ymin><xmax>21</xmax><ymax>42</ymax></bndbox></object></annotation>