<annotation><folder>Proposals</folder><filename>img-432.jpg</filename><size><width>482</width><height>300</height><depth>3</depth></size><object><name>proposal</name><bndbox><xmin>162</xmin><ymin>54</ymin><xmax>141</xmax><ymax>80</ymax></bndbox></object><object><name>proposal</name><bndbox><xmin>161</xmin><ymin>54</ymin><xmax>140</xmax><ymax>172</ymax></bndbox></object><object><name>proposal</name><bndbox><xmin>162</xmin><ymin>54</ymin><xmax>200</xmax><ymax>156</ymax></bndbox></object><object><name>proposal</name><bndbox><xmin>162</xmin><ymin>75</ymin><xmax>141</xmax><ymax>73</ymax></bndbox></object><object><name>proposal</name><bndbox><xmin>161</xmin><ymin>52</ymin><xmax>202</xmax><ymax>96</ymax></bndbox></object><object><name>proposal</name><bndbox><xmin>162</xmin><ymin>75</ymin><xmax>142</xmax><ymax>113</ymax></bndbox></object><object><name>proposal</name><bndbox><xmin>162</xmin><ymin>73</ymin><xmax>182</xmax><ymax>91</ymax></bndbox></object><object><name>proposal</name><bndbox><xmin>145</xmin><ymin>8</ymin><xmax>122</xmax><ymax>80</ymax></bndbox></object><object><name>proposal</name><bndbox><xmin>142</xmin><ymin>53</ymin><xmax>201</xmax><ymax>215</ymax></bndbox></object><object><name>proposal</name><bndbox><xmin>162</xmin><ymin>54</ymin><xmax>107</xmax><ymax>219</ymax></bndbox></object><object><name>proposal</name><bndbox><xmin>94</xmin><ymin>53</ymin><xmax>207</xmax><ymax>217</ymax></bndbox></object><object><name>proposal</name><bndbox><xmin>11</xmin><ymin>11</ymin><xmax>39</xmax><ymax>29</ymax></bndbox></object><object><name>proposal</name><bndbox><xmin>161</xmin><ymin>3</ymin><xmax>143</xmax><ymax>120</ymax></bndbox></object><object><name>proposal</name><bndbox><xmin>322</xmin><ymin>81</ymin><xmax>38</xmax><ymax>24</ymax></bndbox></object><object><name>proposal</name><bndbox><xmin>162</xmin><ymin>54</ymin><xmax>265</xmax><ymax>206</ymax></bndbox></object><object><name>proposal</name><bndbox><xmin>98</xmin><ymin>1</ymin><xmax>170</xmax><ymax>89</ymax></bndbox></object><object><name>proposal</name><bndbox><xmin>155</xmin><ymin>52</ymin><xmax>120</xmax><ymax>120</ymax></bndbox></object><object><name>proposal</name><bndbox><xmin>155</xmin><ymin>53</ymin><xmax>114</xmax><ymax>60</ymax></bndbox></object><object><name>proposal</name><bndbox><xmin>139</xmin><ymin>36</ymin><xmax>130</xmax><ymax>60</ymax></bndbox></object><object><name>proposal</name><bndbox><xmin>94</xmin><ymin>53</ymin><xmax>208</xmax><ymax>116</ymax></bndbox></object><object><name>proposal</name><bndbox><xmin>7</xmin><ymin>2</ymin><xmax>295</xmax><ymax>121</ymax></bndbox></object><object><name>proposal</name><bndbox><xmin>161</xmin><ymin>34</ymin><xmax>252</xmax><ymax>89</ymax></bndbox></object><object><name>proposal</name><bndbox><xmin>89</xmin><ymin>31</ymin><xmax>179</xmax><ymax>83</ymax></bndbox></object><object><name>proposal</name><bndbox><xmin>322</xmin><ymin>70</ymin><xmax>40</xmax><ymax>34</ymax></bndbox></object><object><name>proposal</name><bndbox><xmin>162</xmin><ymin>76</ymin><xmax>97</xmax><ymax>127</ymax></bndbox></object><object><name>proposal</name><bndbox><xmin>54</xmin><ymin>54</ymin><xmax>290</xmax><ymax>173</ymax></bndbox></object><object><name>proposal</name><bndbox><xmin>15</xmin><ymin>11</ymin><xmax>42</xmax><ymax>39</ymax></bndbox></object><object><name>proposal</name><bndbox><xmin>131</xmin><ymin>54</ymin><xmax>137</xmax><ymax>76</ymax></bndbox></object><object><name>proposal</name><bndbox><xmin>340</xmin><ymin>81</ymin><xmax>21</xmax><ymax>42</ymax></bndbox></object><object><name>proposal</name><bndbox><xmin>331</xmin><ymin>81</ymin><xmax>31</xmax><ymax>31</ymax></bndbox></object><object><name>proposal</name><bndbox><xmin>12</xmin><ymin>11</ymin><xmax>61</xmax><ymax>28</ymax></bndbox></object><object><name>proposal</name><bndbox><xmin>40</xmin><ymin>53</ymin><xmax>229</xmax><ymax>231</ymax></bndbox></object><object><name>proposal</name><bndbox><xmin>166</xmin><ymin>1</ymin><xmax>197</xmax><ymax>102</ymax></bndbox></object><object><name>proposal</name><bndbox><xmin>349</xmin><ymin>79</ymin><xmax>41</xmax><ymax>24</ymax></bndbox></object><object><name>proposal</name><bndbox><xmin>139</xmin><ymin>6</ymin><xmax>131</xmax><ymax>120</ymax></bndbox></object><object><name>proposal</name><bndbox><xmin>5</xmin><ymin>10</ymin><xmax>45</xmax><ymax>49</ymax></bndbox></object><object><name>proposal</name><bndbox><xmin>231</xmin><ymin>73</ymin><xmax>130</xmax><ymax>60</ymax></bndbox></object><object><name>proposal</name><bndbox><xmin>319</xmin><ymin>40</ymin><xmax>41</xmax><ymax>65</ymax></bndbox></object><object><name>proposal</name><bndbox><xmin>318</xmin><ymin>92</ymin><xmax>27</xmax><ymax>45</ymax></bndbox></object><object><name>proposal</name><bndbox><xmin>311</xmin><ymin>91</ymin><xmax>31</xmax><ymax>31</ymax></bndbox></object></annotation>