<annotation><folder>Proposals</folder><filename>img-222.jpg</filename><size><width>720</width><height>720</height><depth>3</depth></size><object><name>proposal</name><bndbox><xmin>501</xmin><ymin>7</ymin><xmax>70</xmax><ymax>36</ymax></bndbox></object><object><name>proposal</name><bndbox><xmin>493</xmin><ymin>6</ymin><xmax>77</xmax><ymax>51</ymax></bndbox></object><object><name>proposal</name><bndbox><xmin>251</xmin><ymin>211</ymin><xmax>78</xmax><ymax>53</ymax></bndbox></object><object><name>proposal</name><bndbox><xmin>499</xmin><ymin>7</ymin><xmax>96</xmax><ymax>44</ymax></bndbox></object><object><name>proposal</name><bndbox><xmin>331</xmin><ymin>411</ymin><xmax>31</xmax><ymax>31</ymax></bndbox></object><object><name>proposal</name><bndbox><xmin>242</xmin><ymin>190</ymin><xmax>89</xmax><ymax>75</ymax></bndbox></object><object><name>proposal</name><bndbox><xmin>501</xmin><ymin>5</ymin><xmax>76</xmax><ymax>76</ymax></bndbox></object><object><name>proposal</name><bndbox><xmin>438</xmin><ymin>6</ymin><xmax>135</xmax><ymax>50</ymax></bndbox></object><object><name>proposal</name><bndbox><xmin>334</xmin><ymin>411</ymin><xmax>32</xmax><ymax>24</ymax></bndbox></object><object><name>proposal</name><bndbox><xmin>333</xmin><ymin>379</ymin><xmax>29</xmax><ymax>45</ymax></bndbox></object><object><name>proposal</name><bndbox><xmin>248</xmin><ymin>243</ymin><xmax>64</xmax><ymax>64</ymax></bndbox></object><object><name>proposal</name><bndbox><xmin>334</xmin><ymin>410</ymin><xmax>31</xmax><ymax>46</ymax></bndbox></object><object><name>proposal</name><bndbox><xmin>248</xmin><ymin>155</ymin><xmax>83</xmax><ymax>112</ymax></bndbox></object><object><name>proposal</name><bndbox><xmin>251</xmin><ymin>228</ymin><xmax>79</xmax><ymax>135</ymax></bndbox></object><object><name>proposal</name><bndbox><xmin>248</xmin><ymin>243</ymin><xmax>61</xmax><ymax>28</ymax></bndbox></object><object><name>proposal</name><bndbox><xmin>501</xmin><ymin>7</ymin><xmax>114</xmax><ymax>59</ymax></bndbox></object><object><name>proposal</name><bndbox><xmin>193</xmin><ymin>410</ymin><xmax>81</xmax><ymax>45</ymax></bndbox></object><object><name>proposal</name><bndbox><xmin>438</xmin><ymin>4</ymin><xmax>133</xmax><ymax>77</ymax></bndbox></object><object><name>proposal</name><bndbox><xmin>243</xmin><ymin>242</ymin><xmax>70</xmax><ymax>44</ymax></bndbox></object><object><name>proposal</name><bndbox><xmin>179</xmin><ymin>187</ymin><xmax>152</xmax><ymax>77</ymax></bndbox></object><object><name>proposal</name><bndbox><xmin>251</xmin><ymin>242</ymin><xmax>60</xmax><ymax>113</ymax></bndbox></object><object><name>proposal</name><bndbox><xmin>499</xmin><ymin>6</ymin><xmax>77</xmax><ymax>112</ymax></bndbox></object><object><name>proposal</name><bndbox><xmin>311</xmin><ymin>411</ymin><xmax>51</xmax><ymax>25</ymax></bndbox></object><object><name>proposal</name><bndbox><xmin>218</xmin><ymin>339</ymin><xmax>73</xmax><ymax>117</ymax></bndbox></object><object><name>proposal</name><bndbox><xmin>220</xmin><ymin>394</ymin><xmax>146</xmax><ymax>59</ymax></bndbox></object><object><name>proposal</name><bndbox><xmin>320</xmin><ymin>409</ymin><xmax>46</xmax><ymax>40</ymax></bndbox></object><object><name>proposal</name><bndbox><xmin>227</xmin><ymin>228</ymin><xmax>155</xmax><ymax>131</ymax></bndbox></object><object><name>proposal</name><bndbox><xmin>438</xmin><ymin>11</ymin><xmax>29</xmax><ymax>39</ymax></bndbox></object><object><name>proposal</name><bndbox><xmin>244</xmin><ymin>166</ymin><xmax>66</xmax><ymax>98</ymax></bndbox></object><object><name>proposal</name><bndbox><xmin>249</xmin><ymin>187</ymin><xmax>114</xmax><ymax>77</ymax></bndbox></object><object><name>proposal</name><bndbox><xmin>220</xmin><ymin>226</ymin><xmax>161</xmax><ymax>228</ymax></bndbox></object><object><name>proposal</name><bndbox><xmin>218</xmin><ymin>372</ymin><xmax>59</xmax><ymax>83</ymax></bndbox></object><object><name>proposal</name><bndbox><xmin>176</xmin><ymin>410</ymin><xmax>98</xmax><ymax>60</ymax></bndbox></object><object><name>proposal</name><bndbox><xmin>179</xmin><ymin>243</ymin><xmax>130</xmax><ymax>53</ymax></bndbox></object><object><name>proposal</name><bndbox><xmin>370</xmin><ymin>295</ymin><xmax>51</xmax><ymax>27</ymax></bndbox></object><object><name>proposal</name><bndbox><xmin>334</xmin><ymin>397</ymin><xmax>32</xmax><ymax>26</ymax></bndbox></object><object><name>proposal</name><bndbox><xmin>329</xmin><ymin>374</ymin><xmax>45</xmax><ymax>49</ymax></bndbox></object><object><name>proposal</name><bndbox><xmin>335</xmin><ymin>361</ymin><xmax>29</xmax><ymax>64</ymax></bndbox></object><object><name>proposal</name><bndbox><xmin>219</xmin><ymin>372</ymin><xmax>89</xmax><ymax>81</ymax></bndbox></object><object><name>proposal</name><bndbox><xmin>249</xmin><ymin>228</ymin><xmax>81</xmax><ymax>61</ymax></bndbox></object><object><name>proposal</name><bndbox><xmin>178</xmin><ymin>228</ymin><xmax>151</xmax><ymax>128</ymax></bndbox></object><object><name>proposal</name><bndbox><xmin>223</xmin><ymin>242</ymin><xmax>88</xmax><ymax>84</ymax></bndbox></object><object><name>proposal</name><bndbox><xmin>247</xmin><ymin>243</ymin><xmax>103</xmax><ymax>65</ymax></bndbox></object><object><name>proposal</name><bndbox><xmin>334</xmin><ymin>411</ymin><xmax>51</xmax><ymax>25</ymax></bndbox></object><object><name>proposal</name><bndbox><xmin>441</xmin><ymin>1</ymin><xmax>42</xmax><ymax>21</ymax></bndbox></object><object><name>proposal</name><bndbox><xmin>220</xmin><ymin>339</ymin><xmax>142</xmax><ymax>115</ymax></bndbox></object><object><name>proposal</name><bndbox><xmin>251</xmin><ymin>98</ymin><xmax>79</xmax><ymax>170</ymax></bndbox></object><object><name>proposal</name><bndbox><xmin>179</xmin><ymin>244</ymin><xmax>22</xmax><ymax>32</ymax></bndbox></object><object><name>proposal</name><bndbox><xmin>251</xmin><ymin>222</ymin><xmax>153</xmax><ymax>77</ymax></bndbox></object><object><name>proposal</name><bndbox><xmin>179</xmin><ymin>228</ymin><xmax>150</xmax><ymax>225</ymax></bndbox></object><object><name>proposal</name><bndbox><xmin>321</xmin><ymin>410</ymin><xmax>42</xmax><ymax>21</ymax></bndbox></object><object><name>proposal</name><bndbox><xmin>145</xmin><ymin>408</ymin><xmax>129</xmax><ymax>52</ymax></bndbox></object><object><name>proposal</name><bndbox><xmin>325</xmin><ymin>391</ymin><xmax>37</xmax><ymax>34</ymax></bndbox></object><object><name>proposal</name><bndbox><xmin>326</xmin><ymin>408</ymin><xmax>38</xmax><ymax>60</ymax></bndbox></object><object><name>proposal</name><bndbox><xmin>334</xmin><ymin>410</ymin><xmax>49</xmax><ymax>45</ymax></bndbox></object><object><name>proposal</name><bndbox><xmin>498</xmin><ymin>5</ymin><xmax>144</xmax><ymax>75</ymax></bndbox></object><object><name>proposal</name><bndbox><xmin>242</xmin><ymin>242</ymin><xmax>92</xmax><ymax>93</ymax></bndbox></object><object><name>proposal</name><bndbox><xmin>239</xmin><ymin>125</ymin><xmax>113</xmax><ymax>141</ymax></bndbox></object><object><name>proposal</name><bndbox><xmin>248</xmin><ymin>236</ymin><xmax>61</xmax><ymax>28</ymax></bndbox></object><object><name>proposal</name><bndbox><xmin>177</xmin><ymin>228</ymin><xmax>246</xmax><ymax>229</ymax></bndbox></object><object><name>proposal</name><bndbox><xmin>245</xmin><ymin>334</ymin><xmax>42</xmax><ymax>21</ymax></bndbox></object><object><name>proposal</name><bndbox><xmin>425</xmin><ymin>6</ymin><xmax>147</xmax><ymax>106</ymax></bndbox></object><object><name>proposal</name><bndbox><xmin>219</xmin><ymin>241</ymin><xmax>91</xmax><ymax>212</ymax></bndbox></object><object><name>proposal</name><bndbox><xmin>311</xmin><ymin>399</ymin><xmax>51</xmax><ymax>25</ymax></bndbox></object><object><name>proposal</name><bndbox><xmin>415</xmin><ymin>11</ymin><xmax>51</xmax><ymax>25</ymax></bndbox></object><object><name>proposal</name><bndbox><xmin>441</xmin><ymin>11</ymin><xmax>31</xmax><ymax>31</ymax></bndbox></object><object><name>proposal</name><bndbox><xmin>249</xmin><ymin>242</ymin><xmax>135</xmax><ymax>76</ymax></bndbox></object><object><name>proposal</name><bndbox><xmin>179</xmin><ymin>220</ymin><xmax>22</xmax><ymax>35</ymax></bndbox></object><object><name>proposal</name><bndbox><xmin>325</xmin><ymin>411</ymin><xmax>56</xmax><ymax>32</ymax></bndbox></object><object><name>proposal</name><bndbox><xmin>141</xmin><ymin>227</ymin><xmax>59</xmax><ymax>27</ymax></bndbox></object><object><name>proposal</name><bndbox><xmin>163</xmin><ymin>245</ymin><xmax>35</xmax><ymax>28</ymax></bndbox></object><object><name>proposal</name><bndbox><xmin>438</xmin><ymin>11</ymin><xmax>45</xmax><ymax>33</ymax></bndbox></object><object><name>proposal</name><bndbox><xmin>187</xmin><ymin>410</ymin><xmax>87</xmax><ymax>118</ymax></bndbox></object><object><name>proposal</name><bndbox><xmin>248</xmin><ymin>227</ymin><xmax>172</xmax><ymax>148</ymax></bndbox></object><object><name>proposal</name><bndbox><xmin>163</xmin><ymin>229</ymin><xmax>35</xmax><ymax>24</ymax></bndbox></object><object><name>proposal</name><bndbox><xmin>303</xmin><ymin>410</ymin><xmax>60</xmax><ymax>41</ymax></bndbox></object><object><name>proposal</name><bndbox><xmin>314</xmin><ymin>376</ymin><xmax>55</xmax><ymax>47</ymax></bndbox></object><object><name>proposal</name><bndbox><xmin>298</xmin><ymin>228</ymin><xmax>60</xmax><ymax>38</ymax></bndbox></object><object><name>proposal</name><bndbox><xmin>263</xmin><ymin>316</ymin><xmax>24</xmax><ymax>38</ymax></bndbox></object><object><name>proposal</name><bndbox><xmin>256</xmin><ymin>326</ymin><xmax>31</xmax><ymax>31</ymax></bndbox></object><object><name>proposal</name><bndbox><xmin>369</xmin><ymin>311</ymin><xmax>56</xmax><ymax>32</ymax></bndbox></object><object><name>proposal</name><bndbox><xmin>331</xmin><ymin>410</ymin><xmax>41</xmax><ymax>63</ymax></bndbox></object><object><name>proposal</name><bndbox><xmin>274</xmin><ymin>341</ymin><xmax>21</xmax><ymax>38</ymax></bndbox></object><object><name>proposal</name><bndbox><xmin>245</xmin><ymin>340</ymin><xmax>42</xmax><ymax>21</ymax></bndbox></object><object><name>proposal</name><bndbox><xmin>182</xmin><ymin>338</ymin><xmax>106</xmax><ymax>115</ymax></bndbox></object><object><name>proposal</name><bndbox><xmin>251</xmin><ymin>228</ymin><xmax>187</xmax><ymax>97</ymax></bndbox></object><object><name>proposal</name><bndbox><xmin>247</xmin><ymin>226</ymin><xmax>106</xmax><ymax>100</ymax></bndbox></object><object><name>proposal</name><bndbox><xmin>298</xmin><ymin>228</ymin><xmax>53</xmax><ymax>63</ymax></bndbox></object><object><name>proposal</name><bndbox><xmin>179</xmin><ymin>131</ymin><xmax>151</xmax><ymax>135</ymax></bndbox></object><object><name>proposal</name><bndbox><xmin>207</xmin><ymin>302</ymin><xmax>81</xmax><ymax>153</ymax></bndbox></object><object><name>proposal</name><bndbox><xmin>311</xmin><ymin>407</ymin><xmax>51</xmax><ymax>21</ymax></bndbox></object><object><name>proposal</name><bndbox><xmin>429</xmin><ymin>1</ymin><xmax>38</xmax><ymax>21</ymax></bndbox></object><object><name>proposal</name><bndbox><xmin>441</xmin><ymin>11</ymin><xmax>42</xmax><ymax>20</ymax></bndbox></object><object><name>proposal</name><bndbox><xmin>687</xmin><ymin>364</ymin><xmax>24</xmax><ymax>38</ymax></bndbox></object><object><name>proposal</name><bndbox><xmin>274</xmin><ymin>341</ymin><xmax>32</xmax><ymax>28</ymax></bndbox></object><object><name>proposal</name><bndbox><xmin>256</xmin><ymin>341</ymin><xmax>31</xmax><ymax>31</ymax></bndbox></object><object><name>proposal</name><bndbox><xmin>361</xmin><ymin>311</ymin><xmax>60</xmax><ymax>45</ymax></bndbox></object><object><name>proposal</name><bndbox><xmin>491</xmin><ymin>5</ymin><xmax>79</xmax><ymax>161</ymax></bndbox></object><object><name>proposal</name><bndbox><xmin>181</xmin><ymin>369</ymin><xmax>93</xmax><ymax>84</ymax></bndbox></object><object><name>proposal</name><bndbox><xmin>179</xmin><ymin>241</ymin><xmax>134</xmax><ymax>80</ymax></bndbox></object><object><name>proposal</name><bndbox><xmin>110</xmin><ymin>227</ymin><xmax>271</xmax><ymax>227</ymax></bndbox></object><object><name>proposal</name><bndbox><xmin>178</xmin><ymin>245</ymin><xmax>32</xmax><ymax>28</ymax></bndbox></object><object><name>proposal</name><bndbox><xmin>296</xmin><ymin>387</ymin><xmax>67</xmax><ymax>37</ymax></bndbox></object><object><name>proposal</name><bndbox><xmin>335</xmin><ymin>376</ymin><xmax>60</xmax><ymax>47</ymax></bndbox></object><object><name>proposal</name><bndbox><xmin>273</xmin><ymin>341</ymin><xmax>42</xmax><ymax>19</ymax></bndbox></object><object><name>proposal</name><bndbox><xmin>476</xmin><ymin>7</ymin><xmax>119</xmax><ymax>129</ymax></bndbox></object><object><name>proposal</name><bndbox><xmin>176</xmin><ymin>226</ymin><xmax>208</xmax><ymax>155</ymax></bndbox></object><object><name>proposal</name><bndbox><xmin>268</xmin><ymin>309</ymin><xmax>21</xmax><ymax>46</ymax></bndbox></object><object><name>proposal</name><bndbox><xmin>335</xmin><ymin>410</ymin><xmax>61</xmax><ymax>36</ymax></bndbox></object><object><name>proposal</name><bndbox><xmin>441</xmin><ymin>7</ymin><xmax>197</xmax><ymax>85</ymax></bndbox></object><object><name>proposal</name><bndbox><xmin>441</xmin><ymin>5</ymin><xmax>129</xmax><ymax>159</ymax></bndbox></object><object><name>proposal</name><bndbox><xmin>141</xmin><ymin>227</ymin><xmax>190</xmax><ymax>96</ymax></bndbox></object><object><name>proposal</name><bndbox><xmin>334</xmin><ymin>361</ymin><xmax>47</xmax><ymax>63</ymax></bndbox></object><object><name>proposal</name><bndbox><xmin>439</xmin><ymin>10</ymin><xmax>34</xmax><ymax>50</ymax></bndbox></object><object><name>proposal</name><bndbox><xmin>141</xmin><ymin>227</ymin><xmax>191</xmax><ymax>156</ymax></bndbox></object><object><name>proposal</name><bndbox><xmin>268</xmin><ymin>341</ymin><xmax>21</xmax><ymax>46</ymax></bndbox></object><object><name>proposal</name><bndbox><xmin>340</xmin><ymin>276</ymin><xmax>41</xmax><ymax>60</ymax></bndbox></object><object><name>proposal</name><bndbox><xmin>413</xmin><ymin>11</ymin><xmax>55</xmax><ymax>38</ymax></bndbox></object><object><name>proposal</name><bndbox><xmin>274</xmin><ymin>309</ymin><xmax>21</xmax><ymax>46</ymax></bndbox></object><object><name>proposal</name><bndbox><xmin>248</xmin><ymin>137</ymin><xmax>147</xmax><ymax>128</ymax></bndbox></object><object><name>proposal</name><bndbox><xmin>337</xmin><ymin>275</ymin><xmax>87</xmax><ymax>48</ymax></bndbox></object><object><name>proposal</name><bndbox><xmin>326</xmin><ymin>349</ymin><xmax>37</xmax><ymax>75</ymax></bndbox></object><object><name>proposal</name><bndbox><xmin>369</xmin><ymin>278</ymin><xmax>55</xmax><ymax>44</ymax></bndbox></object><object><name>proposal</name><bndbox><xmin>273</xmin><ymin>338</ymin><xmax>50</xmax><ymax>19</ymax></bndbox></object><object><name>proposal</name><bndbox><xmin>415</xmin><ymin>7</ymin><xmax>51</xmax><ymax>21</ymax></bndbox></object><object><name>proposal</name><bndbox><xmin>340</xmin><ymin>276</ymin><xmax>42</xmax><ymax>33</ymax></bndbox></object><object><name>proposal</name><bndbox><xmin>274</xmin><ymin>328</ymin><xmax>45</xmax><ymax>27</ymax></bndbox></object><object><name>proposal</name><bndbox><xmin>297</xmin><ymin>221</ymin><xmax>84</xmax><ymax>80</ymax></bndbox></object><object><name>proposal</name><bndbox><xmin>303</xmin><ymin>369</ymin><xmax>59</xmax><ymax>54</ymax></bndbox></object><object><name>proposal</name><bndbox><xmin>173</xmin><ymin>214</ymin><xmax>27</xmax><ymax>39</ymax></bndbox></object><object><name>proposal</name><bndbox><xmin>251</xmin><ymin>214</ymin><xmax>232</xmax><ymax>85</ymax></bndbox></object><object><name>proposal</name><bndbox><xmin>206</xmin><ymin>409</ymin><xmax>69</xmax><ymax>165</ymax></bndbox></object><object><name>proposal</name><bndbox><xmin>438</xmin><ymin>12</ymin><xmax>28</xmax><ymax>61</ymax></bndbox></object><object><name>proposal</name><bndbox><xmin>381</xmin><ymin>7</ymin><xmax>188</xmax><ymax>129</ymax></bndbox></object><object><name>proposal</name><bndbox><xmin>687</xmin><ymin>348</ymin><xmax>21</xmax><ymax>55</ymax></bndbox></object><object><name>proposal</name><bndbox><xmin>413</xmin><ymin>12</ymin><xmax>69</xmax><ymax>45</ymax></bndbox></object><object><name>proposal</name><bndbox><xmin>331</xmin><ymin>337</ymin><xmax>42</xmax><ymax>87</ymax></bndbox></object><object><name>proposal</name><bndbox><xmin>334</xmin><ymin>399</ymin><xmax>51</xmax><ymax>25</ymax></bndbox></object><object><name>proposal</name><bndbox><xmin>500</xmin><ymin>6</ymin><xmax>159</xmax><ymax>106</ymax></bndbox></object><object><name>proposal</name><bndbox><xmin>293</xmin><ymin>408</ymin><xmax>71</xmax><ymax>28</ymax></bndbox></object><object><name>proposal</name><bndbox><xmin>298</xmin><ymin>225</ymin><xmax>37</xmax><ymax>83</ymax></bndbox></object><object><name>proposal</name><bndbox><xmin>162</xmin><ymin>217</ymin><xmax>169</xmax><ymax>57</ymax></bndbox></object><object><name>proposal</name><bndbox><xmin>177</xmin><ymin>232</ymin><xmax>42</xmax><ymax>21</ymax></bndbox></object><object><name>proposal</name><bndbox><xmin>441</xmin><ymin>11</ymin><xmax>60</xmax><ymax>41</ymax></bndbox></object><object><name>proposal</name><bndbox><xmin>165</xmin><ymin>232</ymin><xmax>46</xmax><ymax>21</ymax></bndbox></object><object><name>proposal</name><bndbox><xmin>322</xmin><ymin>403</ymin><xmax>41</xmax><ymax>22</ymax></bndbox></object><object><name>proposal</name><bndbox><xmin>138</xmin><ymin>208</ymin><xmax>60</xmax><ymax>47</ymax></bndbox></object><object><name>proposal</name><bndbox><xmin>331</xmin><ymin>408</ymin><xmax>59</xmax><ymax>59</ymax></bndbox></object><object><name>proposal</name><bndbox><xmin>250</xmin><ymin>76</ymin><xmax>126</xmax><ymax>188</ymax></bndbox></object><object><name>proposal</name><bndbox><xmin>177</xmin><ymin>245</ymin><xmax>42</xmax><ymax>20</ymax></bndbox></object><object><name>proposal</name><bndbox><xmin>139</xmin><ymin>214</ymin><xmax>24</xmax><ymax>35</ymax></bndbox></object><object><name>proposal</name><bndbox><xmin>683</xmin><ymin>371</ymin><xmax>37</xmax><ymax>31</ymax></bndbox></object><object><name>proposal</name><bndbox><xmin>320</xmin><ymin>276</ymin><xmax>64</xmax><ymax>59</ymax></bndbox></object><object><name>proposal</name><bndbox><xmin>685</xmin><ymin>356</ymin><xmax>32</xmax><ymax>46</ymax></bndbox></object><object><name>proposal</name><bndbox><xmin>249</xmin><ymin>312</ymin><xmax>39</xmax><ymax>42</ymax></bndbox></object><object><name>proposal</name><bndbox><xmin>179</xmin><ymin>203</ymin><xmax>21</xmax><ymax>51</ymax></bndbox></object><object><name>proposal</name><bndbox><xmin>179</xmin><ymin>244</ymin><xmax>21</xmax><ymax>51</ymax></bndbox></object><object><name>proposal</name><bndbox><xmin>438</xmin><ymin>12</ymin><xmax>44</xmax><ymax>60</ymax></bndbox></object><object><name>proposal</name><bndbox><xmin>220</xmin><ymin>409</ymin><xmax>145</xmax><ymax>157</ymax></bndbox></object><object><name>proposal</name><bndbox><xmin>331</xmin><ymin>401</ymin><xmax>31</xmax><ymax>31</ymax></bndbox></object><object><name>proposal</name><bndbox><xmin>274</xmin><ymin>319</ymin><xmax>37</xmax><ymax>37</ymax></bndbox></object><object><name>proposal</name><bndbox><xmin>413</xmin><ymin>12</ymin><xmax>54</xmax><ymax>59</ymax></bndbox></object><object><name>proposal</name><bndbox><xmin>372</xmin><ymin>309</ymin><xmax>49</xmax><ymax>72</ymax></bndbox></object><object><name>proposal</name><bndbox><xmin>239</xmin><ymin>328</ymin><xmax>50</xmax><ymax>31</ymax></bndbox></object><object><name>proposal</name><bndbox><xmin>274</xmin><ymin>340</ymin><xmax>42</xmax><ymax>39</ymax></bndbox></object><object><name>proposal</name><bndbox><xmin>163</xmin><ymin>245</ymin><xmax>51</xmax><ymax>25</ymax></bndbox></object><object><name>proposal</name><bndbox><xmin>158</xmin><ymin>220</ymin><xmax>46</xmax><ymax>34</ymax></bndbox></object><object><name>proposal</name><bndbox><xmin>138</xmin><ymin>239</ymin><xmax>60</xmax><ymax>41</ymax></bndbox></object><object><name>proposal</name><bndbox><xmin>372</xmin><ymin>257</ymin><xmax>49</xmax><ymax>66</ymax></bndbox></object><object><name>proposal</name><bndbox><xmin>239</xmin><ymin>340</ymin><xmax>50</xmax><ymax>31</ymax></bndbox></object><object><name>proposal</name><bndbox><xmin>263</xmin><ymin>309</ymin><xmax>39</xmax><ymax>45</ymax></bndbox></object><object><name>proposal</name><bndbox><xmin>321</xmin><ymin>311</ymin><xmax>104</xmax><ymax>117</ymax></bndbox></object><object><name>proposal</name><bndbox><xmin>273</xmin><ymin>341</ymin><xmax>100</xmax><ymax>84</ymax></bndbox></object><object><name>proposal</name><bndbox><xmin>441</xmin><ymin>1</ymin><xmax>61</xmax><ymax>28</ymax></bndbox></object><object><name>proposal</name><bndbox><xmin>298</xmin><ymin>176</ymin><xmax>33</xmax><ymax>73</ymax></bndbox></object><object><name>proposal</name><bndbox><xmin>142</xmin><ymin>217</ymin><xmax>31</xmax><ymax>37</ymax></bndbox></object><object><name>proposal</name><bndbox><xmin>149</xmin><ymin>245</ymin><xmax>51</xmax><ymax>25</ymax></bndbox></object><object><name>proposal</name><bndbox><xmin>141</xmin><ymin>239</ymin><xmax>31</xmax><ymax>42</ymax></bndbox></object><object><name>proposal</name><bndbox><xmin>226</xmin><ymin>338</ymin><xmax>61</xmax><ymax>26</ymax></bndbox></object><object><name>proposal</name><bndbox><xmin>287</xmin><ymin>400</ymin><xmax>76</xmax><ymax>33</ymax></bndbox></object><object><name>proposal</name><bndbox><xmin>271</xmin><ymin>274</ymin><xmax>154</xmax><ymax>151</ymax></bndbox></object><object><name>proposal</name><bndbox><xmin>673</xmin><ymin>385</ymin><xmax>37</xmax><ymax>37</ymax></bndbox></object><object><name>proposal</name><bndbox><xmin>163</xmin><ymin>244</ymin><xmax>37</xmax><ymax>50</ymax></bndbox></object><object><name>proposal</name><bndbox><xmin>163</xmin><ymin>203</ymin><xmax>37</xmax><ymax>50</ymax></bndbox></object><object><name>proposal</name><bndbox><xmin>266</xmin><ymin>341</ymin><xmax>31</xmax><ymax>31</ymax></bndbox></object><object><name>proposal</name><bndbox><xmin>176</xmin><ymin>226</ymin><xmax>31</xmax><ymax>31</ymax></bndbox></object></annotation>