<annotation><folder>Proposals</folder><filename>img-589.jpg</filename><size><width>450</width><height>300</height><depth>3</depth></size><object><name>proposal</name><bndbox><xmin>156</xmin><ymin>2</ymin><xmax>289</xmax><ymax>135</ymax></bndbox></object><object><name>proposal</name><bndbox><xmin>148</xmin><ymin>76</ymin><xmax>296</xmax><ymax>190</ymax></bndbox></object><object><name>proposal</name><bndbox><xmin>1</xmin><ymin>71</ymin><xmax>445</xmax><ymax>193</ymax></bndbox></object><object><name>proposal</name><bndbox><xmin>117</xmin><ymin>47</ymin><xmax>65</xmax><ymax>47</ymax></bndbox></object><object><name>proposal</name><bndbox><xmin>4</xmin><ymin>65</ymin><xmax>240</xmax><ymax>185</ymax></bndbox></object><object><name>proposal</name><bndbox><xmin>34</xmin><ymin>67</ymin><xmax>31</xmax><ymax>37</ymax></bndbox></object><object><name>proposal</name><bndbox><xmin>179</xmin><ymin>168</ymin><xmax>149</xmax><ymax>67</ymax></bndbox></object><object><name>proposal</name><bndbox><xmin>4</xmin><ymin>87</ymin><xmax>56</xmax><ymax>109</ymax></bndbox></object><object><name>proposal</name><bndbox><xmin>270</xmin><ymin>5</ymin><xmax>173</xmax><ymax>109</ymax></bndbox></object><object><name>proposal</name><bndbox><xmin>245</xmin><ymin>9</ymin><xmax>41</xmax><ymax>83</ymax></bndbox></object><object><name>proposal</name><bndbox><xmin>4</xmin><ymin>89</ymin><xmax>68</xmax><ymax>162</ymax></bndbox></object><object><name>proposal</name><bndbox><xmin>1</xmin><ymin>71</ymin><xmax>207</xmax><ymax>136</ymax></bndbox></object><object><name>proposal</name><bndbox><xmin>3</xmin><ymin>46</ymin><xmax>203</xmax><ymax>249</ymax></bndbox></object><object><name>proposal</name><bndbox><xmin>34</xmin><ymin>53</ymin><xmax>90</xmax><ymax>57</ymax></bndbox></object><object><name>proposal</name><bndbox><xmin>272</xmin><ymin>9</ymin><xmax>49</xmax><ymax>85</ymax></bndbox></object><object><name>proposal</name><bndbox><xmin>1</xmin><ymin>3</ymin><xmax>443</xmax><ymax>192</ymax></bndbox></object><object><name>proposal</name><bndbox><xmin>3</xmin><ymin>71</ymin><xmax>119</xmax><ymax>177</ymax></bndbox></object><object><name>proposal</name><bndbox><xmin>93</xmin><ymin>34</ymin><xmax>93</xmax><ymax>61</ymax></bndbox></object><object><name>proposal</name><bndbox><xmin>79</xmin><ymin>5</ymin><xmax>205</xmax><ymax>105</ymax></bndbox></object><object><name>proposal</name><bndbox><xmin>228</xmin><ymin>5</ymin><xmax>56</xmax><ymax>89</ymax></bndbox></object><object><name>proposal</name><bndbox><xmin>173</xmin><ymin>6</ymin><xmax>111</xmax><ymax>97</ymax></bndbox></object><object><name>proposal</name><bndbox><xmin>117</xmin><ymin>5</ymin><xmax>68</xmax><ymax>89</ymax></bndbox></object><object><name>proposal</name><bndbox><xmin>81</xmin><ymin>78</ymin><xmax>42</xmax><ymax>31</ymax></bndbox></object><object><name>proposal</name><bndbox><xmin>17</xmin><ymin>193</ymin><xmax>59</xmax><ymax>59</ymax></bndbox></object><object><name>proposal</name><bndbox><xmin>117</xmin><ymin>71</ymin><xmax>328</xmax><ymax>129</ymax></bndbox></object><object><name>proposal</name><bndbox><xmin>4</xmin><ymin>68</ymin><xmax>90</xmax><ymax>137</ymax></bndbox></object><object><name>proposal</name><bndbox><xmin>179</xmin><ymin>115</ymin><xmax>149</xmax><ymax>71</ymax></bndbox></object><object><name>proposal</name><bndbox><xmin>4</xmin><ymin>71</ymin><xmax>325</xmax><ymax>133</ymax></bndbox></object><object><name>proposal</name><bndbox><xmin>34</xmin><ymin>46</ymin><xmax>31</xmax><ymax>58</ymax></bndbox></object><object><name>proposal</name><bndbox><xmin>4</xmin><ymin>43</ymin><xmax>127</xmax><ymax>254</ymax></bndbox></object><object><name>proposal</name><bndbox><xmin>357</xmin><ymin>5</ymin><xmax>68</xmax><ymax>105</ymax></bndbox></object><object><name>proposal</name><bndbox><xmin>91</xmin><ymin>8</ymin><xmax>103</xmax><ymax>87</ymax></bndbox></object><object><name>proposal</name><bndbox><xmin>3</xmin><ymin>46</ymin><xmax>121</xmax><ymax>149</ymax></bndbox></object><object><name>proposal</name><bndbox><xmin>81</xmin><ymin>71</ymin><xmax>101</xmax><ymax>72</ymax></bndbox></object><object><name>proposal</name><bndbox><xmin>32</xmin><ymin>3</ymin><xmax>156</xmax><ymax>106</ymax></bndbox></object><object><name>proposal</name><bndbox><xmin>271</xmin><ymin>10</ymin><xmax>69</xmax><ymax>98</ymax></bndbox></object><object><name>proposal</name><bndbox><xmin>117</xmin><ymin>50</ymin><xmax>107</xmax><ymax>44</ymax></bndbox></object><object><name>proposal</name><bndbox><xmin>7</xmin><ymin>38</ymin><xmax>118</xmax><ymax>70</ymax></bndbox></object><object><name>proposal</name><bndbox><xmin>154</xmin><ymin>30</ymin><xmax>290</xmax><ymax>156</ymax></bndbox></object><object><name>proposal</name><bndbox><xmin>5</xmin><ymin>1</ymin><xmax>119</xmax><ymax>110</ymax></bndbox></object><object><name>proposal</name><bndbox><xmin>30</xmin><ymin>37</ymin><xmax>153</xmax><ymax>73</ymax></bndbox></object><object><name>proposal</name><bndbox><xmin>9</xmin><ymin>54</ymin><xmax>319</xmax><ymax>240</ymax></bndbox></object><object><name>proposal</name><bndbox><xmin>7</xmin><ymin>1</ymin><xmax>60</xmax><ymax>102</ymax></bndbox></object><object><name>proposal</name><bndbox><xmin>114</xmin><ymin>3</ymin><xmax>332</xmax><ymax>251</ymax></bndbox></object><object><name>proposal</name><bndbox><xmin>32</xmin><ymin>46</ymin><xmax>53</xmax><ymax>57</ymax></bndbox></object><object><name>proposal</name><bndbox><xmin>271</xmin><ymin>10</ymin><xmax>102</xmax><ymax>105</ymax></bndbox></object><object><name>proposal</name><bndbox><xmin>26</xmin><ymin>65</ymin><xmax>161</xmax><ymax>107</ymax></bndbox></object><object><name>proposal</name><bndbox><xmin>49</xmin><ymin>29</ymin><xmax>75</xmax><ymax>81</ymax></bndbox></object><object><name>proposal</name><bndbox><xmin>53</xmin><ymin>20</ymin><xmax>129</xmax><ymax>75</ymax></bndbox></object><object><name>proposal</name><bndbox><xmin>62</xmin><ymin>50</ymin><xmax>64</xmax><ymax>59</ymax></bndbox></object><object><name>proposal</name><bndbox><xmin>32</xmin><ymin>71</ymin><xmax>45</xmax><ymax>33</ymax></bndbox></object><object><name>proposal</name><bndbox><xmin>115</xmin><ymin>30</ymin><xmax>111</xmax><ymax>66</ymax></bndbox></object><object><name>proposal</name><bndbox><xmin>6</xmin><ymin>42</ymin><xmax>61</xmax><ymax>61</ymax></bndbox></object><object><name>proposal</name><bndbox><xmin>34</xmin><ymin>67</ymin><xmax>60</xmax><ymax>38</ymax></bndbox></object><object><name>proposal</name><bndbox><xmin>93</xmin><ymin>6</ymin><xmax>133</xmax><ymax>103</ymax></bndbox></object><object><name>proposal</name><bndbox><xmin>17</xmin><ymin>235</ymin><xmax>65</xmax><ymax>60</ymax></bndbox></object><object><name>proposal</name><bndbox><xmin>77</xmin><ymin>88</ymin><xmax>46</xmax><ymax>21</ymax></bndbox></object><object><name>proposal</name><bndbox><xmin>1</xmin><ymin>1</ymin><xmax>188</xmax><ymax>204</ymax></bndbox></object><object><name>proposal</name><bndbox><xmin>207</xmin><ymin>6</ymin><xmax>84</xmax><ymax>112</ymax></bndbox></object><object><name>proposal</name><bndbox><xmin>68</xmin><ymin>55</ymin><xmax>122</xmax><ymax>54</ymax></bndbox></object><object><name>proposal</name><bndbox><xmin>81</xmin><ymin>71</ymin><xmax>145</xmax><ymax>89</ymax></bndbox></object><object><name>proposal</name><bndbox><xmin>155</xmin><ymin>91</ymin><xmax>173</xmax><ymax>100</ymax></bndbox></object><object><name>proposal</name><bndbox><xmin>81</xmin><ymin>71</ymin><xmax>126</xmax><ymax>124</ymax></bndbox></object><object><name>proposal</name><bndbox><xmin>31</xmin><ymin>71</ymin><xmax>157</xmax><ymax>69</ymax></bndbox></object><object><name>proposal</name><bndbox><xmin>35</xmin><ymin>16</ymin><xmax>211</xmax><ymax>89</ymax></bndbox></object><object><name>proposal</name><bndbox><xmin>22</xmin><ymin>71</ymin><xmax>42</xmax><ymax>33</ymax></bndbox></object><object><name>proposal</name><bndbox><xmin>311</xmin><ymin>4</ymin><xmax>133</xmax><ymax>141</ymax></bndbox></object><object><name>proposal</name><bndbox><xmin>150</xmin><ymin>168</ymin><xmax>179</xmax><ymax>98</ymax></bndbox></object><object><name>proposal</name><bndbox><xmin>4</xmin><ymin>3</ymin><xmax>282</xmax><ymax>201</ymax></bndbox></object><object><name>proposal</name><bndbox><xmin>14</xmin><ymin>195</ymin><xmax>87</xmax><ymax>54</ymax></bndbox></object><object><name>proposal</name><bndbox><xmin>190</xmin><ymin>76</ymin><xmax>54</xmax><ymax>37</ymax></bndbox></object><object><name>proposal</name><bndbox><xmin>47</xmin><ymin>76</ymin><xmax>76</xmax><ymax>33</ymax></bndbox></object><object><name>proposal</name><bndbox><xmin>81</xmin><ymin>77</ymin><xmax>107</xmax><ymax>48</ymax></bndbox></object><object><name>proposal</name><bndbox><xmin>10</xmin><ymin>167</ymin><xmax>62</xmax><ymax>83</ymax></bndbox></object><object><name>proposal</name><bndbox><xmin>60</xmin><ymin>38</ymin><xmax>186</xmax><ymax>75</ymax></bndbox></object><object><name>proposal</name><bndbox><xmin>57</xmin><ymin>49</ymin><xmax>187</xmax><ymax>242</ymax></bndbox></object><object><name>proposal</name><bndbox><xmin>66</xmin><ymin>69</ymin><xmax>263</xmax><ymax>189</ymax></bndbox></object><object><name>proposal</name><bndbox><xmin>68</xmin><ymin>83</ymin><xmax>55</xmax><ymax>25</ymax></bndbox></object><object><name>proposal</name><bndbox><xmin>24</xmin><ymin>86</ymin><xmax>98</xmax><ymax>84</ymax></bndbox></object><object><name>proposal</name><bndbox><xmin>17</xmin><ymin>207</ymin><xmax>55</xmax><ymax>41</ymax></bndbox></object><object><name>proposal</name><bndbox><xmin>16</xmin><ymin>195</ymin><xmax>57</xmax><ymax>100</ymax></bndbox></object><object><name>proposal</name><bndbox><xmin>34</xmin><ymin>54</ymin><xmax>158</xmax><ymax>191</ymax></bndbox></object><object><name>proposal</name><bndbox><xmin>24</xmin><ymin>39</ymin><xmax>102</xmax><ymax>106</ymax></bndbox></object><object><name>proposal</name><bndbox><xmin>81</xmin><ymin>64</ymin><xmax>45</xmax><ymax>45</ymax></bndbox></object><object><name>proposal</name><bndbox><xmin>155</xmin><ymin>4</ymin><xmax>157</xmax><ymax>132</ymax></bndbox></object><object><name>proposal</name><bndbox><xmin>18</xmin><ymin>256</ymin><xmax>29</xmax><ymax>39</ymax></bndbox></object><object><name>proposal</name><bndbox><xmin>199</xmin><ymin>175</ymin><xmax>66</xmax><ymax>59</ymax></bndbox></object><object><name>proposal</name><bndbox><xmin>34</xmin><ymin>14</ymin><xmax>102</xmax><ymax>97</ymax></bndbox></object><object><name>proposal</name><bndbox><xmin>17</xmin><ymin>257</ymin><xmax>66</xmax><ymax>39</ymax></bndbox></object><object><name>proposal</name><bndbox><xmin>81</xmin><ymin>88</ymin><xmax>247</xmax><ymax>109</ymax></bndbox></object><object><name>proposal</name><bndbox><xmin>7</xmin><ymin>64</ymin><xmax>64</xmax><ymax>39</ymax></bndbox></object><object><name>proposal</name><bndbox><xmin>176</xmin><ymin>89</ymin><xmax>151</xmax><ymax>153</ymax></bndbox></object><object><name>proposal</name><bndbox><xmin>69</xmin><ymin>65</ymin><xmax>151</xmax><ymax>160</ymax></bndbox></object><object><name>proposal</name><bndbox><xmin>6</xmin><ymin>1</ymin><xmax>278</xmax><ymax>132</ymax></bndbox></object><object><name>proposal</name><bndbox><xmin>116</xmin><ymin>51</ymin><xmax>130</xmax><ymax>62</ymax></bndbox></object><object><name>proposal</name><bndbox><xmin>101</xmin><ymin>69</ymin><xmax>92</xmax><ymax>92</ymax></bndbox></object><object><name>proposal</name><bndbox><xmin>4</xmin><ymin>1</ymin><xmax>90</xmax><ymax>194</ymax></bndbox></object><object><name>proposal</name><bndbox><xmin>25</xmin><ymin>73</ymin><xmax>97</xmax><ymax>73</ymax></bndbox></object><object><name>proposal</name><bndbox><xmin>15</xmin><ymin>193</ymin><xmax>41</xmax><ymax>55</ymax></bndbox></object><object><name>proposal</name><bndbox><xmin>25</xmin><ymin>39</ymin><xmax>163</xmax><ymax>110</ymax></bndbox></object><object><name>proposal</name><bndbox><xmin>78</xmin><ymin>55</ymin><xmax>57</xmax><ymax>53</ymax></bndbox></object><object><name>proposal</name><bndbox><xmin>178</xmin><ymin>169</ymin><xmax>232</xmax><ymax>97</ymax></bndbox></object><object><name>proposal</name><bndbox><xmin>117</xmin><ymin>63</ymin><xmax>99</xmax><ymax>47</ymax></bndbox></object><object><name>proposal</name><bndbox><xmin>22</xmin><ymin>29</ymin><xmax>43</xmax><ymax>75</ymax></bndbox></object><object><name>proposal</name><bndbox><xmin>3</xmin><ymin>257</ymin><xmax>25</xmax><ymax>39</ymax></bndbox></object><object><name>proposal</name><bndbox><xmin>53</xmin><ymin>45</ymin><xmax>93</xmax><ymax>65</ymax></bndbox></object><object><name>proposal</name><bndbox><xmin>24</xmin><ymin>70</ymin><xmax>115</xmax><ymax>137</ymax></bndbox></object><object><name>proposal</name><bndbox><xmin>177</xmin><ymin>168</ymin><xmax>97</xmax><ymax>66</ymax></bndbox></object><object><name>proposal</name><bndbox><xmin>33</xmin><ymin>73</ymin><xmax>91</xmax><ymax>50</ymax></bndbox></object><object><name>proposal</name><bndbox><xmin>79</xmin><ymin>88</ymin><xmax>43</xmax><ymax>72</ymax></bndbox></object><object><name>proposal</name><bndbox><xmin>49</xmin><ymin>39</ymin><xmax>75</xmax><ymax>49</ymax></bndbox></object><object><name>proposal</name><bndbox><xmin>25</xmin><ymin>47</ymin><xmax>85</xmax><ymax>123</ymax></bndbox></object><object><name>proposal</name><bndbox><xmin>117</xmin><ymin>71</ymin><xmax>159</xmax><ymax>195</ymax></bndbox></object><object><name>proposal</name><bndbox><xmin>376</xmin><ymin>221</ymin><xmax>32</xmax><ymax>26</ymax></bndbox></object><object><name>proposal</name><bndbox><xmin>13</xmin><ymin>4</ymin><xmax>40</xmax><ymax>37</ymax></bndbox></object><object><name>proposal</name><bndbox><xmin>17</xmin><ymin>185</ymin><xmax>78</xmax><ymax>111</ymax></bndbox></object><object><name>proposal</name><bndbox><xmin>16</xmin><ymin>139</ymin><xmax>57</xmax><ymax>119</ymax></bndbox></object><object><name>proposal</name><bndbox><xmin>149</xmin><ymin>232</ymin><xmax>50</xmax><ymax>37</ymax></bndbox></object><object><name>proposal</name><bndbox><xmin>75</xmin><ymin>29</ymin><xmax>49</xmax><ymax>83</ymax></bndbox></object><object><name>proposal</name><bndbox><xmin>26</xmin><ymin>73</ymin><xmax>40</xmax><ymax>107</ymax></bndbox></object><object><name>proposal</name><bndbox><xmin>17</xmin><ymin>166</ymin><xmax>78</xmax><ymax>85</ymax></bndbox></object><object><name>proposal</name><bndbox><xmin>170</xmin><ymin>5</ymin><xmax>75</xmax><ymax>101</ymax></bndbox></object><object><name>proposal</name><bndbox><xmin>75</xmin><ymin>76</ymin><xmax>61</xmax><ymax>33</ymax></bndbox></object><object><name>proposal</name><bndbox><xmin>6</xmin><ymin>52</ymin><xmax>242</xmax><ymax>124</ymax></bndbox></object><object><name>proposal</name><bndbox><xmin>102</xmin><ymin>71</ymin><xmax>106</xmax><ymax>194</ymax></bndbox></object><object><name>proposal</name><bndbox><xmin>10</xmin><ymin>53</ymin><xmax>104</xmax><ymax>50</ymax></bndbox></object><object><name>proposal</name><bndbox><xmin>72</xmin><ymin>70</ymin><xmax>203</xmax><ymax>133</ymax></bndbox></object><object><name>proposal</name><bndbox><xmin>337</xmin><ymin>4</ymin><xmax>85</xmax><ymax>75</ymax></bndbox></object><object><name>proposal</name><bndbox><xmin>190</xmin><ymin>214</ymin><xmax>75</xmax><ymax>53</ymax></bndbox></object><object><name>proposal</name><bndbox><xmin>9</xmin><ymin>73</ymin><xmax>59</xmax><ymax>97</ymax></bndbox></object><object><name>proposal</name><bndbox><xmin>7</xmin><ymin>4</ymin><xmax>117</xmax><ymax>167</ymax></bndbox></object><object><name>proposal</name><bndbox><xmin>17</xmin><ymin>66</ymin><xmax>108</xmax><ymax>50</ymax></bndbox></object><object><name>proposal</name><bndbox><xmin>55</xmin><ymin>7</ymin><xmax>273</xmax><ymax>179</ymax></bndbox></object><object><name>proposal</name><bndbox><xmin>199</xmin><ymin>196</ymin><xmax>67</xmax><ymax>39</ymax></bndbox></object><object><name>proposal</name><bndbox><xmin>368</xmin><ymin>216</ymin><xmax>42</xmax><ymax>31</ymax></bndbox></object><object><name>proposal</name><bndbox><xmin>7</xmin><ymin>4</ymin><xmax>69</xmax><ymax>59</ymax></bndbox></object><object><name>proposal</name><bndbox><xmin>81</xmin><ymin>88</ymin><xmax>42</xmax><ymax>45</ymax></bndbox></object><object><name>proposal</name><bndbox><xmin>5</xmin><ymin>21</ymin><xmax>83</xmax><ymax>83</ymax></bndbox></object><object><name>proposal</name><bndbox><xmin>34</xmin><ymin>73</ymin><xmax>31</xmax><ymax>50</ymax></bndbox></object><object><name>proposal</name><bndbox><xmin>25</xmin><ymin>73</ymin><xmax>68</xmax><ymax>97</ymax></bndbox></object><object><name>proposal</name><bndbox><xmin>108</xmin><ymin>71</ymin><xmax>87</xmax><ymax>137</ymax></bndbox></object><object><name>proposal</name><bndbox><xmin>6</xmin><ymin>82</ymin><xmax>89</xmax><ymax>215</ymax></bndbox></object><object><name>proposal</name><bndbox><xmin>24</xmin><ymin>36</ymin><xmax>122</xmax><ymax>212</ymax></bndbox></object><object><name>proposal</name><bndbox><xmin>35</xmin><ymin>52</ymin><xmax>89</xmax><ymax>216</ymax></bndbox></object><object><name>proposal</name><bndbox><xmin>28</xmin><ymin>9</ymin><xmax>41</xmax><ymax>95</ymax></bndbox></object><object><name>proposal</name><bndbox><xmin>77</xmin><ymin>54</ymin><xmax>151</xmax><ymax>62</ymax></bndbox></object><object><name>proposal</name><bndbox><xmin>49</xmin><ymin>45</ymin><xmax>75</xmax><ymax>85</ymax></bndbox></object><object><name>proposal</name><bndbox><xmin>355</xmin><ymin>4</ymin><xmax>69</xmax><ymax>61</ymax></bndbox></object><object><name>proposal</name><bndbox><xmin>51</xmin><ymin>261</ymin><xmax>31</xmax><ymax>31</ymax></bndbox></object><object><name>proposal</name><bndbox><xmin>200</xmin><ymin>167</ymin><xmax>89</xmax><ymax>69</ymax></bndbox></object><object><name>proposal</name><bndbox><xmin>16</xmin><ymin>151</ymin><xmax>310</xmax><ymax>115</ymax></bndbox></object><object><name>proposal</name><bndbox><xmin>14</xmin><ymin>4</ymin><xmax>36</xmax><ymax>67</ymax></bndbox></object><object><name>proposal</name><bndbox><xmin>18</xmin><ymin>232</ymin><xmax>38</xmax><ymax>65</ymax></bndbox></object><object><name>proposal</name><bndbox><xmin>14</xmin><ymin>1</ymin><xmax>45</xmax><ymax>57</ymax></bndbox></object><object><name>proposal</name><bndbox><xmin>156</xmin><ymin>8</ymin><xmax>29</xmax><ymax>42</ymax></bndbox></object><object><name>proposal</name><bndbox><xmin>15</xmin><ymin>174</ymin><xmax>109</xmax><ymax>121</ymax></bndbox></object><object><name>proposal</name><bndbox><xmin>196</xmin><ymin>213</ymin><xmax>69</xmax><ymax>83</ymax></bndbox></object><object><name>proposal</name><bndbox><xmin>37</xmin><ymin>70</ymin><xmax>95</xmax><ymax>41</ymax></bndbox></object><object><name>proposal</name><bndbox><xmin>68</xmin><ymin>39</ymin><xmax>119</xmax><ymax>97</ymax></bndbox></object><object><name>proposal</name><bndbox><xmin>170</xmin><ymin>6</ymin><xmax>203</xmax><ymax>115</ymax></bndbox></object><object><name>proposal</name><bndbox><xmin>153</xmin><ymin>46</ymin><xmax>98</xmax><ymax>69</ymax></bndbox></object><object><name>proposal</name><bndbox><xmin>17</xmin><ymin>173</ymin><xmax>191</xmax><ymax>122</ymax></bndbox></object><object><name>proposal</name><bndbox><xmin>311</xmin><ymin>44</ymin><xmax>119</xmax><ymax>71</ymax></bndbox></object><object><name>proposal</name><bndbox><xmin>34</xmin><ymin>45</ymin><xmax>65</xmax><ymax>69</ymax></bndbox></object><object><name>proposal</name><bndbox><xmin>63</xmin><ymin>24</ymin><xmax>69</xmax><ymax>94</ymax></bndbox></object><object><name>proposal</name><bndbox><xmin>368</xmin><ymin>5</ymin><xmax>55</xmax><ymax>78</ymax></bndbox></object><object><name>proposal</name><bndbox><xmin>16</xmin><ymin>100</ymin><xmax>80</xmax><ymax>149</ymax></bndbox></object><object><name>proposal</name><bndbox><xmin>12</xmin><ymin>4</ymin><xmax>60</xmax><ymax>44</ymax></bndbox></object><object><name>proposal</name><bndbox><xmin>41</xmin><ymin>82</ymin><xmax>83</xmax><ymax>35</ymax></bndbox></object><object><name>proposal</name><bndbox><xmin>96</xmin><ymin>61</ymin><xmax>87</xmax><ymax>47</ymax></bndbox></object><object><name>proposal</name><bndbox><xmin>34</xmin><ymin>61</ymin><xmax>65</xmax><ymax>69</ymax></bndbox></object><object><name>proposal</name><bndbox><xmin>70</xmin><ymin>256</ymin><xmax>37</xmax><ymax>34</ymax></bndbox></object><object><name>proposal</name><bndbox><xmin>70</xmin><ymin>86</ymin><xmax>52</xmax><ymax>95</ymax></bndbox></object><object><name>proposal</name><bndbox><xmin>14</xmin><ymin>257</ymin><xmax>45</xmax><ymax>39</ymax></bndbox></object><object><name>proposal</name><bndbox><xmin>8</xmin><ymin>88</ymin><xmax>135</xmax><ymax>62</ymax></bndbox></object><object><name>proposal</name><bndbox><xmin>43</xmin><ymin>39</ymin><xmax>81</xmax><ymax>169</ymax></bndbox></object><object><name>proposal</name><bndbox><xmin>116</xmin><ymin>70</ymin><xmax>131</xmax><ymax>131</ymax></bndbox></object><object><name>proposal</name><bndbox><xmin>167</xmin><ymin>48</ymin><xmax>78</xmax><ymax>55</ymax></bndbox></object><object><name>proposal</name><bndbox><xmin>6</xmin><ymin>4</ymin><xmax>119</xmax><ymax>72</ymax></bndbox></object><object><name>proposal</name><bndbox><xmin>399</xmin><ymin>5</ymin><xmax>49</xmax><ymax>105</ymax></bndbox></object><object><name>proposal</name><bndbox><xmin>62</xmin><ymin>54</ymin><xmax>71</xmax><ymax>32</ymax></bndbox></object><object><name>proposal</name><bndbox><xmin>148</xmin><ymin>214</ymin><xmax>118</xmax><ymax>52</ymax></bndbox></object><object><name>proposal</name><bndbox><xmin>207</xmin><ymin>76</ymin><xmax>39</xmax><ymax>33</ymax></bndbox></object><object><name>proposal</name><bndbox><xmin>153</xmin><ymin>7</ymin><xmax>105</xmax><ymax>110</ymax></bndbox></object><object><name>proposal</name><bndbox><xmin>76</xmin><ymin>6</ymin><xmax>58</xmax><ymax>103</ymax></bndbox></object><object><name>proposal</name><bndbox><xmin>17</xmin><ymin>88</ymin><xmax>107</xmax><ymax>48</ymax></bndbox></object><object><name>proposal</name><bndbox><xmin>80</xmin><ymin>85</ymin><xmax>54</xmax><ymax>93</ymax></bndbox></object><object><name>proposal</name><bndbox><xmin>150</xmin><ymin>232</ymin><xmax>63</xmax><ymax>45</ymax></bndbox></object><object><name>proposal</name><bndbox><xmin>5</xmin><ymin>139</ymin><xmax>90</xmax><ymax>117</ymax></bndbox></object><object><name>proposal</name><bndbox><xmin>190</xmin><ymin>51</ymin><xmax>57</xmax><ymax>57</ymax></bndbox></object><object><name>proposal</name><bndbox><xmin>127</xmin><ymin>232</ymin><xmax>79</xmax><ymax>36</ymax></bndbox></object><object><name>proposal</name><bndbox><xmin>179</xmin><ymin>144</ymin><xmax>149</xmax><ymax>65</ymax></bndbox></object><object><name>proposal</name><bndbox><xmin>7</xmin><ymin>4</ymin><xmax>59</xmax><ymax>166</ymax></bndbox></object><object><name>proposal</name><bndbox><xmin>40</xmin><ymin>80</ymin><xmax>198</xmax><ymax>109</ymax></bndbox></object><object><name>proposal</name><bndbox><xmin>49</xmin><ymin>7</ymin><xmax>236</xmax><ymax>260</ymax></bndbox></object><object><name>proposal</name><bndbox><xmin>16</xmin><ymin>181</ymin><xmax>45</xmax><ymax>79</ymax></bndbox></object><object><name>proposal</name><bndbox><xmin>153</xmin><ymin>73</ymin><xmax>95</xmax><ymax>41</ymax></bndbox></object><object><name>proposal</name><bndbox><xmin>172</xmin><ymin>6</ymin><xmax>49</xmax><ymax>57</ymax></bndbox></object><object><name>proposal</name><bndbox><xmin>358</xmin><ymin>1</ymin><xmax>86</xmax><ymax>159</ymax></bndbox></object><object><name>proposal</name><bndbox><xmin>172</xmin><ymin>8</ymin><xmax>42</xmax><ymax>42</ymax></bndbox></object><object><name>proposal</name><bndbox><xmin>23</xmin><ymin>219</ymin><xmax>51</xmax><ymax>27</ymax></bndbox></object><object><name>proposal</name><bndbox><xmin>15</xmin><ymin>186</ymin><xmax>131</xmax><ymax>62</ymax></bndbox></object><object><name>proposal</name><bndbox><xmin>49</xmin><ymin>13</ymin><xmax>75</xmax><ymax>73</ymax></bndbox></object><object><name>proposal</name><bndbox><xmin>376</xmin><ymin>195</ymin><xmax>34</xmax><ymax>54</ymax></bndbox></object><object><name>proposal</name><bndbox><xmin>17</xmin><ymin>257</ymin><xmax>20</xmax><ymax>40</ymax></bndbox></object><object><name>proposal</name><bndbox><xmin>385</xmin><ymin>29</ymin><xmax>41</xmax><ymax>83</ymax></bndbox></object><object><name>proposal</name><bndbox><xmin>55</xmin><ymin>168</ymin><xmax>271</xmax><ymax>123</ymax></bndbox></object><object><name>proposal</name><bndbox><xmin>4</xmin><ymin>1</ymin><xmax>41</xmax><ymax>65</ymax></bndbox></object><object><name>proposal</name><bndbox><xmin>14</xmin><ymin>4</ymin><xmax>70</xmax><ymax>33</ymax></bndbox></object><object><name>proposal</name><bndbox><xmin>169</xmin><ymin>5</ymin><xmax>52</xmax><ymax>109</ymax></bndbox></object><object><name>proposal</name><bndbox><xmin>201</xmin><ymin>214</ymin><xmax>75</xmax><ymax>44</ymax></bndbox></object><object><name>proposal</name><bndbox><xmin>176</xmin><ymin>138</ymin><xmax>182</xmax><ymax>104</ymax></bndbox></object><object><name>proposal</name><bndbox><xmin>178</xmin><ymin>114</ymin><xmax>265</xmax><ymax>133</ymax></bndbox></object><object><name>proposal</name><bndbox><xmin>194</xmin><ymin>50</ymin><xmax>31</xmax><ymax>42</ymax></bndbox></object><object><name>proposal</name><bndbox><xmin>13</xmin><ymin>103</ymin><xmax>231</xmax><ymax>193</ymax></bndbox></object><object><name>proposal</name><bndbox><xmin>89</xmin><ymin>8</ymin><xmax>100</xmax><ymax>128</ymax></bndbox></object><object><name>proposal</name><bndbox><xmin>172</xmin><ymin>76</ymin><xmax>76</xmax><ymax>32</ymax></bndbox></object><object><name>proposal</name><bndbox><xmin>28</xmin><ymin>72</ymin><xmax>36</xmax><ymax>73</ymax></bndbox></object><object><name>proposal</name><bndbox><xmin>341</xmin><ymin>29</ymin><xmax>84</xmax><ymax>92</ymax></bndbox></object><object><name>proposal</name><bndbox><xmin>24</xmin><ymin>87</ymin><xmax>75</xmax><ymax>63</ymax></bndbox></object><object><name>proposal</name><bndbox><xmin>177</xmin><ymin>77</ymin><xmax>98</xmax><ymax>186</ymax></bndbox></object><object><name>proposal</name><bndbox><xmin>9</xmin><ymin>137</ymin><xmax>75</xmax><ymax>160</ymax></bndbox></object><object><name>proposal</name><bndbox><xmin>53</xmin><ymin>39</ymin><xmax>118</xmax><ymax>52</ymax></bndbox></object><object><name>proposal</name><bndbox><xmin>377</xmin><ymin>226</ymin><xmax>42</xmax><ymax>21</ymax></bndbox></object><object><name>proposal</name><bndbox><xmin>170</xmin><ymin>5</ymin><xmax>156</xmax><ymax>184</ymax></bndbox></object><object><name>proposal</name><bndbox><xmin>191</xmin><ymin>53</ymin><xmax>113</xmax><ymax>58</ymax></bndbox></object><object><name>proposal</name><bndbox><xmin>67</xmin><ymin>259</ymin><xmax>61</xmax><ymax>32</ymax></bndbox></object><object><name>proposal</name><bndbox><xmin>375</xmin><ymin>232</ymin><xmax>39</xmax><ymax>48</ymax></bndbox></object><object><name>proposal</name><bndbox><xmin>100</xmin><ymin>71</ymin><xmax>146</xmax><ymax>69</ymax></bndbox></object><object><name>proposal</name><bndbox><xmin>130</xmin><ymin>161</ymin><xmax>145</xmax><ymax>83</ymax></bndbox></object><object><name>proposal</name><bndbox><xmin>14</xmin><ymin>170</ymin><xmax>228</xmax><ymax>85</ymax></bndbox></object><object><name>proposal</name><bndbox><xmin>55</xmin><ymin>235</ymin><xmax>27</xmax><ymax>55</ymax></bndbox></object><object><name>proposal</name><bndbox><xmin>15</xmin><ymin>73</ymin><xmax>53</xmax><ymax>49</ymax></bndbox></object><object><name>proposal</name><bndbox><xmin>311</xmin><ymin>4</ymin><xmax>116</xmax><ymax>97</ymax></bndbox></object><object><name>proposal</name><bndbox><xmin>168</xmin><ymin>52</ymin><xmax>58</xmax><ymax>43</ymax></bndbox></object><object><name>proposal</name><bndbox><xmin>50</xmin><ymin>83</ymin><xmax>72</xmax><ymax>120</ymax></bndbox></object><object><name>proposal</name><bndbox><xmin>376</xmin><ymin>231</ymin><xmax>33</xmax><ymax>66</ymax></bndbox></object><object><name>proposal</name><bndbox><xmin>161</xmin><ymin>50</ymin><xmax>64</xmax><ymax>59</ymax></bndbox></object><object><name>proposal</name><bndbox><xmin>192</xmin><ymin>5</ymin><xmax>65</xmax><ymax>101</ymax></bndbox></object><object><name>proposal</name><bndbox><xmin>147</xmin><ymin>7</ymin><xmax>37</xmax><ymax>79</ymax></bndbox></object><object><name>proposal</name><bndbox><xmin>136</xmin><ymin>5</ymin><xmax>49</xmax><ymax>45</ymax></bndbox></object><object><name>proposal</name><bndbox><xmin>149</xmin><ymin>231</ymin><xmax>49</xmax><ymax>60</ymax></bndbox></object><object><name>proposal</name><bndbox><xmin>77</xmin><ymin>86</ymin><xmax>77</xmax><ymax>73</ymax></bndbox></object><object><name>proposal</name><bndbox><xmin>62</xmin><ymin>23</ymin><xmax>53</xmax><ymax>63</ymax></bndbox></object><object><name>proposal</name><bndbox><xmin>61</xmin><ymin>39</ymin><xmax>183</xmax><ymax>113</ymax></bndbox></object><object><name>proposal</name><bndbox><xmin>17</xmin><ymin>140</ymin><xmax>128</xmax><ymax>157</ymax></bndbox></object><object><name>proposal</name><bndbox><xmin>309</xmin><ymin>50</ymin><xmax>64</xmax><ymax>64</ymax></bndbox></object><object><name>proposal</name><bndbox><xmin>79</xmin><ymin>88</ymin><xmax>73</xmax><ymax>33</ymax></bndbox></object><object><name>proposal</name><bndbox><xmin>21</xmin><ymin>6</ymin><xmax>75</xmax><ymax>101</ymax></bndbox></object><object><name>proposal</name><bndbox><xmin>168</xmin><ymin>214</ymin><xmax>111</xmax><ymax>83</ymax></bndbox></object><object><name>proposal</name><bndbox><xmin>17</xmin><ymin>234</ymin><xmax>108</xmax><ymax>61</ymax></bndbox></object><object><name>proposal</name><bndbox><xmin>149</xmin><ymin>231</ymin><xmax>51</xmax><ymax>25</ymax></bndbox></object><object><name>proposal</name><bndbox><xmin>169</xmin><ymin>239</ymin><xmax>38</xmax><ymax>26</ymax></bndbox></object><object><name>proposal</name><bndbox><xmin>109</xmin><ymin>232</ymin><xmax>96</xmax><ymax>48</ymax></bndbox></object><object><name>proposal</name><bndbox><xmin>8</xmin><ymin>100</ymin><xmax>47</xmax><ymax>70</ymax></bndbox></object><object><name>proposal</name><bndbox><xmin>309</xmin><ymin>67</ymin><xmax>65</xmax><ymax>41</ymax></bndbox></object><object><name>proposal</name><bndbox><xmin>79</xmin><ymin>81</ymin><xmax>85</xmax><ymax>31</ymax></bndbox></object><object><name>proposal</name><bndbox><xmin>44</xmin><ymin>84</ymin><xmax>78</xmax><ymax>57</ymax></bndbox></object><object><name>proposal</name><bndbox><xmin>17</xmin><ymin>140</ymin><xmax>191</xmax><ymax>126</ymax></bndbox></object><object><name>proposal</name><bndbox><xmin>16</xmin><ymin>195</ymin><xmax>252</xmax><ymax>95</ymax></bndbox></object><object><name>proposal</name><bndbox><xmin>72</xmin><ymin>75</ymin><xmax>98</xmax><ymax>134</ymax></bndbox></object><object><name>proposal</name><bndbox><xmin>156</xmin><ymin>77</ymin><xmax>218</xmax><ymax>125</ymax></bndbox></object><object><name>proposal</name><bndbox><xmin>415</xmin><ymin>131</ymin><xmax>32</xmax><ymax>28</ymax></bndbox></object><object><name>proposal</name><bndbox><xmin>188</xmin><ymin>29</ymin><xmax>59</xmax><ymax>74</ymax></bndbox></object><object><name>proposal</name><bndbox><xmin>115</xmin><ymin>71</ymin><xmax>104</xmax><ymax>60</ymax></bndbox></object><object><name>proposal</name><bndbox><xmin>155</xmin><ymin>25</ymin><xmax>70</xmax><ymax>89</ymax></bndbox></object><object><name>proposal</name><bndbox><xmin>26</xmin><ymin>84</ymin><xmax>50</xmax><ymax>65</ymax></bndbox></object><object><name>proposal</name><bndbox><xmin>32</xmin><ymin>256</ymin><xmax>50</xmax><ymax>34</ymax></bndbox></object><object><name>proposal</name><bndbox><xmin>14</xmin><ymin>3</ymin><xmax>87</xmax><ymax>56</ymax></bndbox></object><object><name>proposal</name><bndbox><xmin>374</xmin><ymin>193</ymin><xmax>63</xmax><ymax>55</ymax></bndbox></object><object><name>proposal</name><bndbox><xmin>170</xmin><ymin>214</ymin><xmax>72</xmax><ymax>51</ymax></bndbox></object><object><name>proposal</name><bndbox><xmin>64</xmin><ymin>40</ymin><xmax>48</xmax><ymax>48</ymax></bndbox></object><object><name>proposal</name><bndbox><xmin>57</xmin><ymin>193</ymin><xmax>42</xmax><ymax>42</ymax></bndbox></object><object><name>proposal</name><bndbox><xmin>374</xmin><ymin>211</ymin><xmax>46</xmax><ymax>37</ymax></bndbox></object><object><name>proposal</name><bndbox><xmin>358</xmin><ymin>201</ymin><xmax>55</xmax><ymax>47</ymax></bndbox></object><object><name>proposal</name><bndbox><xmin>90</xmin><ymin>4</ymin><xmax>94</xmax><ymax>66</ymax></bndbox></object><object><name>proposal</name><bndbox><xmin>154</xmin><ymin>96</ymin><xmax>53</xmax><ymax>57</ymax></bndbox></object><object><name>proposal</name><bndbox><xmin>34</xmin><ymin>211</ymin><xmax>35</xmax><ymax>24</ymax></bndbox></object><object><name>proposal</name><bndbox><xmin>194</xmin><ymin>41</ymin><xmax>49</xmax><ymax>53</ymax></bndbox></object><object><name>proposal</name><bndbox><xmin>62</xmin><ymin>29</ymin><xmax>74</xmax><ymax>64</ymax></bndbox></object><object><name>proposal</name><bndbox><xmin>276</xmin><ymin>76</ymin><xmax>31</xmax><ymax>31</ymax></bndbox></object><object><name>proposal</name><bndbox><xmin>54</xmin><ymin>52</ymin><xmax>99</xmax><ymax>228</ymax></bndbox></object><object><name>proposal</name><bndbox><xmin>70</xmin><ymin>231</ymin><xmax>135</xmax><ymax>60</ymax></bndbox></object><object><name>proposal</name><bndbox><xmin>191</xmin><ymin>27</ymin><xmax>102</xmax><ymax>81</ymax></bndbox></object><object><name>proposal</name><bndbox><xmin>39</xmin><ymin>260</ymin><xmax>45</xmax><ymax>37</ymax></bndbox></object><object><name>proposal</name><bndbox><xmin>275</xmin><ymin>79</ymin><xmax>51</xmax><ymax>29</ymax></bndbox></object><object><name>proposal</name><bndbox><xmin>193</xmin><ymin>49</ymin><xmax>91</xmax><ymax>47</ymax></bndbox></object><object><name>proposal</name><bndbox><xmin>149</xmin><ymin>219</ymin><xmax>51</xmax><ymax>25</ymax></bndbox></object><object><name>proposal</name><bndbox><xmin>328</xmin><ymin>5</ymin><xmax>96</xmax><ymax>52</ymax></bndbox></object><object><name>proposal</name><bndbox><xmin>376</xmin><ymin>231</ymin><xmax>32</xmax><ymax>22</ymax></bndbox></object><object><name>proposal</name><bndbox><xmin>376</xmin><ymin>179</ymin><xmax>41</xmax><ymax>69</ymax></bndbox></object><object><name>proposal</name><bndbox><xmin>80</xmin><ymin>5</ymin><xmax>146</xmax><ymax>179</ymax></bndbox></object><object><name>proposal</name><bndbox><xmin>189</xmin><ymin>75</ymin><xmax>103</xmax><ymax>37</ymax></bndbox></object><object><name>proposal</name><bndbox><xmin>130</xmin><ymin>115</ymin><xmax>199</xmax><ymax>132</ymax></bndbox></object><object><name>proposal</name><bndbox><xmin>53</xmin><ymin>33</ymin><xmax>73</xmax><ymax>37</ymax></bndbox></object><object><name>proposal</name><bndbox><xmin>178</xmin><ymin>96</ymin><xmax>106</xmax><ymax>97</ymax></bndbox></object><object><name>proposal</name><bndbox><xmin>34</xmin><ymin>52</ymin><xmax>52</xmax><ymax>96</ymax></bndbox></object><object><name>proposal</name><bndbox><xmin>70</xmin><ymin>260</ymin><xmax>21</xmax><ymax>37</ymax></bndbox></object><object><name>proposal</name><bndbox><xmin>1</xmin><ymin>238</ymin><xmax>28</xmax><ymax>57</ymax></bndbox></object><object><name>proposal</name><bndbox><xmin>18</xmin><ymin>228</ymin><xmax>190</xmax><ymax>69</ymax></bndbox></object><object><name>proposal</name><bndbox><xmin>127</xmin><ymin>169</ymin><xmax>117</xmax><ymax>84</ymax></bndbox></object><object><name>proposal</name><bndbox><xmin>271</xmin><ymin>4</ymin><xmax>173</xmax><ymax>243</ymax></bndbox></object><object><name>proposal</name><bndbox><xmin>333</xmin><ymin>208</ymin><xmax>75</xmax><ymax>39</ymax></bndbox></object><object><name>proposal</name><bndbox><xmin>37</xmin><ymin>87</ymin><xmax>95</xmax><ymax>41</ymax></bndbox></object><object><name>proposal</name><bndbox><xmin>162</xmin><ymin>64</ymin><xmax>45</xmax><ymax>45</ymax></bndbox></object><object><name>proposal</name><bndbox><xmin>156</xmin><ymin>46</ymin><xmax>152</xmax><ymax>67</ymax></bndbox></object><object><name>proposal</name><bndbox><xmin>367</xmin><ymin>179</ymin><xmax>41</xmax><ymax>69</ymax></bndbox></object><object><name>proposal</name><bndbox><xmin>61</xmin><ymin>260</ymin><xmax>21</xmax><ymax>37</ymax></bndbox></object><object><name>proposal</name><bndbox><xmin>173</xmin><ymin>5</ymin><xmax>25</xmax><ymax>47</ymax></bndbox></object><object><name>proposal</name><bndbox><xmin>277</xmin><ymin>4</ymin><xmax>148</xmax><ymax>79</ymax></bndbox></object><object><name>proposal</name><bndbox><xmin>149</xmin><ymin>212</ymin><xmax>49</xmax><ymax>53</ymax></bndbox></object><object><name>proposal</name><bndbox><xmin>357</xmin><ymin>37</ymin><xmax>68</xmax><ymax>105</ymax></bndbox></object><object><name>proposal</name><bndbox><xmin>23</xmin><ymin>235</ymin><xmax>50</xmax><ymax>40</ymax></bndbox></object><object><name>proposal</name><bndbox><xmin>62</xmin><ymin>5</ymin><xmax>131</xmax><ymax>199</ymax></bndbox></object><object><name>proposal</name><bndbox><xmin>196</xmin><ymin>213</ymin><xmax>108</xmax><ymax>65</ymax></bndbox></object><object><name>proposal</name><bndbox><xmin>144</xmin><ymin>77</ymin><xmax>104</xmax><ymax>186</ymax></bndbox></object><object><name>proposal</name><bndbox><xmin>358</xmin><ymin>232</ymin><xmax>54</xmax><ymax>59</ymax></bndbox></object><object><name>proposal</name><bndbox><xmin>45</xmin><ymin>47</ymin><xmax>70</xmax><ymax>50</ymax></bndbox></object><object><name>proposal</name><bndbox><xmin>270</xmin><ymin>38</ymin><xmax>173</xmax><ymax>87</ymax></bndbox></object><object><name>proposal</name><bndbox><xmin>355</xmin><ymin>8</ymin><xmax>67</xmax><ymax>39</ymax></bndbox></object><object><name>proposal</name><bndbox><xmin>208</xmin><ymin>6</ymin><xmax>136</xmax><ymax>121</ymax></bndbox></object><object><name>proposal</name><bndbox><xmin>80</xmin><ymin>6</ymin><xmax>126</xmax><ymax>262</ymax></bndbox></object><object><name>proposal</name><bndbox><xmin>185</xmin><ymin>52</ymin><xmax>50</xmax><ymax>43</ymax></bndbox></object><object><name>proposal</name><bndbox><xmin>416</xmin><ymin>151</ymin><xmax>31</xmax><ymax>31</ymax></bndbox></object><object><name>proposal</name><bndbox><xmin>68</xmin><ymin>59</ymin><xmax>47</xmax><ymax>27</ymax></bndbox></object><object><name>proposal</name><bndbox><xmin>32</xmin><ymin>73</ymin><xmax>53</xmax><ymax>57</ymax></bndbox></object><object><name>proposal</name><bndbox><xmin>67</xmin><ymin>260</ymin><xmax>45</xmax><ymax>37</ymax></bndbox></object><object><name>proposal</name><bndbox><xmin>190</xmin><ymin>46</ymin><xmax>92</xmax><ymax>77</ymax></bndbox></object><object><name>proposal</name><bndbox><xmin>228</xmin><ymin>76</ymin><xmax>76</xmax><ymax>33</ymax></bndbox></object><object><name>proposal</name><bndbox><xmin>55</xmin><ymin>195</ymin><xmax>49</xmax><ymax>53</ymax></bndbox></object><object><name>proposal</name><bndbox><xmin>49</xmin><ymin>82</ymin><xmax>106</xmax><ymax>114</ymax></bndbox></object><object><name>proposal</name><bndbox><xmin>359</xmin><ymin>40</ymin><xmax>69</xmax><ymax>69</ymax></bndbox></object><object><name>proposal</name><bndbox><xmin>173</xmin><ymin>6</ymin><xmax>85</xmax><ymax>56</ymax></bndbox></object><object><name>proposal</name><bndbox><xmin>194</xmin><ymin>177</ymin><xmax>49</xmax><ymax>57</ymax></bndbox></object><object><name>proposal</name><bndbox><xmin>226</xmin><ymin>10</ymin><xmax>75</xmax><ymax>115</ymax></bndbox></object><object><name>proposal</name><bndbox><xmin>7</xmin><ymin>42</ymin><xmax>23</xmax><ymax>63</ymax></bndbox></object><object><name>proposal</name><bndbox><xmin>167</xmin><ymin>59</ymin><xmax>49</xmax><ymax>45</ymax></bndbox></object><object><name>proposal</name><bndbox><xmin>17</xmin><ymin>47</ymin><xmax>49</xmax><ymax>75</ymax></bndbox></object><object><name>proposal</name><bndbox><xmin>199</xmin><ymin>213</ymin><xmax>66</xmax><ymax>26</ymax></bndbox></object><object><name>proposal</name><bndbox><xmin>79</xmin><ymin>97</ymin><xmax>40</xmax><ymax>40</ymax></bndbox></object><object><name>proposal</name><bndbox><xmin>337</xmin><ymin>221</ymin><xmax>71</xmax><ymax>28</ymax></bndbox></object><object><name>proposal</name><bndbox><xmin>149</xmin><ymin>176</ymin><xmax>49</xmax><ymax>78</ymax></bndbox></object><object><name>proposal</name><bndbox><xmin>173</xmin><ymin>7</ymin><xmax>66</xmax><ymax>41</ymax></bndbox></object><object><name>proposal</name><bndbox><xmin>400</xmin><ymin>131</ymin><xmax>45</xmax><ymax>29</ymax></bndbox></object><object><name>proposal</name><bndbox><xmin>8</xmin><ymin>39</ymin><xmax>87</xmax><ymax>107</ymax></bndbox></object><object><name>proposal</name><bndbox><xmin>372</xmin><ymin>5</ymin><xmax>72</xmax><ymax>107</ymax></bndbox></object><object><name>proposal</name><bndbox><xmin>190</xmin><ymin>212</ymin><xmax>53</xmax><ymax>81</ymax></bndbox></object><object><name>proposal</name><bndbox><xmin>157</xmin><ymin>64</ymin><xmax>73</xmax><ymax>39</ymax></bndbox></object><object><name>proposal</name><bndbox><xmin>54</xmin><ymin>195</ymin><xmax>69</xmax><ymax>95</ymax></bndbox></object><object><name>proposal</name><bndbox><xmin>68</xmin><ymin>248</ymin><xmax>45</xmax><ymax>45</ymax></bndbox></object><object><name>proposal</name><bndbox><xmin>63</xmin><ymin>39</ymin><xmax>69</xmax><ymax>107</ymax></bndbox></object><object><name>proposal</name><bndbox><xmin>43</xmin><ymin>61</ymin><xmax>21</xmax><ymax>42</ymax></bndbox></object><object><name>proposal</name><bndbox><xmin>69</xmin><ymin>250</ymin><xmax>28</xmax><ymax>41</ymax></bndbox></object><object><name>proposal</name><bndbox><xmin>24</xmin><ymin>45</ymin><xmax>41</xmax><ymax>103</ymax></bndbox></object><object><name>proposal</name><bndbox><xmin>91</xmin><ymin>36</ymin><xmax>97</xmax><ymax>128</ymax></bndbox></object><object><name>proposal</name><bndbox><xmin>8</xmin><ymin>68</ymin><xmax>93</xmax><ymax>55</ymax></bndbox></object><object><name>proposal</name><bndbox><xmin>169</xmin><ymin>7</ymin><xmax>175</xmax><ymax>261</ymax></bndbox></object><object><name>proposal</name><bndbox><xmin>79</xmin><ymin>71</ymin><xmax>65</xmax><ymax>152</ymax></bndbox></object><object><name>proposal</name><bndbox><xmin>269</xmin><ymin>47</ymin><xmax>105</xmax><ymax>63</ymax></bndbox></object><object><name>proposal</name><bndbox><xmin>194</xmin><ymin>214</ymin><xmax>48</xmax><ymax>45</ymax></bndbox></object><object><name>proposal</name><bndbox><xmin>375</xmin><ymin>232</ymin><xmax>59</xmax><ymax>59</ymax></bndbox></object><object><name>proposal</name><bndbox><xmin>173</xmin><ymin>78</ymin><xmax>51</xmax><ymax>29</ymax></bndbox></object><object><name>proposal</name><bndbox><xmin>75</xmin><ymin>4</ymin><xmax>49</xmax><ymax>66</ymax></bndbox></object><object><name>proposal</name><bndbox><xmin>147</xmin><ymin>27</ymin><xmax>98</xmax><ymax>78</ymax></bndbox></object><object><name>proposal</name><bndbox><xmin>23</xmin><ymin>209</ymin><xmax>61</xmax><ymax>83</ymax></bndbox></object><object><name>proposal</name><bndbox><xmin>166</xmin><ymin>184</ymin><xmax>100</xmax><ymax>52</ymax></bndbox></object><object><name>proposal</name><bndbox><xmin>270</xmin><ymin>67</ymin><xmax>55</xmax><ymax>41</ymax></bndbox></object><object><name>proposal</name><bndbox><xmin>263</xmin><ymin>9</ymin><xmax>37</xmax><ymax>83</ymax></bndbox></object><object><name>proposal</name><bndbox><xmin>149</xmin><ymin>190</ymin><xmax>93</xmax><ymax>56</ymax></bndbox></object><object><name>proposal</name><bndbox><xmin>228</xmin><ymin>196</ymin><xmax>39</xmax><ymax>31</ymax></bndbox></object><object><name>proposal</name><bndbox><xmin>67</xmin><ymin>237</ymin><xmax>59</xmax><ymax>54</ymax></bndbox></object><object><name>proposal</name><bndbox><xmin>400</xmin><ymin>149</ymin><xmax>45</xmax><ymax>33</ymax></bndbox></object><object><name>proposal</name><bndbox><xmin>43</xmin><ymin>46</ymin><xmax>25</xmax><ymax>55</ymax></bndbox></object><object><name>proposal</name><bndbox><xmin>412</xmin><ymin>139</ymin><xmax>35</xmax><ymax>21</ymax></bndbox></object><object><name>proposal</name><bndbox><xmin>69</xmin><ymin>77</ymin><xmax>53</xmax><ymax>45</ymax></bndbox></object><object><name>proposal</name><bndbox><xmin>131</xmin><ymin>144</ymin><xmax>75</xmax><ymax>124</ymax></bndbox></object><object><name>proposal</name><bndbox><xmin>43</xmin><ymin>46</ymin><xmax>22</xmax><ymax>32</ymax></bndbox></object><object><name>proposal</name><bndbox><xmin>173</xmin><ymin>7</ymin><xmax>36</xmax><ymax>70</ymax></bndbox></object><object><name>proposal</name><bndbox><xmin>57</xmin><ymin>193</ymin><xmax>40</xmax><ymax>99</ymax></bndbox></object><object><name>proposal</name><bndbox><xmin>137</xmin><ymin>89</ymin><xmax>71</xmax><ymax>77</ymax></bndbox></object><object><name>proposal</name><bndbox><xmin>94</xmin><ymin>37</ymin><xmax>31</xmax><ymax>34</ymax></bndbox></object><object><name>proposal</name><bndbox><xmin>374</xmin><ymin>148</ymin><xmax>69</xmax><ymax>103</ymax></bndbox></object><object><name>proposal</name><bndbox><xmin>226</xmin><ymin>217</ymin><xmax>40</xmax><ymax>37</ymax></bndbox></object><object><name>proposal</name><bndbox><xmin>5</xmin><ymin>39</ymin><xmax>113</xmax><ymax>48</ymax></bndbox></object><object><name>proposal</name><bndbox><xmin>190</xmin><ymin>71</ymin><xmax>55</xmax><ymax>29</ymax></bndbox></object><object><name>proposal</name><bndbox><xmin>54</xmin><ymin>209</ymin><xmax>152</xmax><ymax>81</ymax></bndbox></object><object><name>proposal</name><bndbox><xmin>400</xmin><ymin>101</ymin><xmax>42</xmax><ymax>33</ymax></bndbox></object><object><name>proposal</name><bndbox><xmin>215</xmin><ymin>171</ymin><xmax>59</xmax><ymax>59</ymax></bndbox></object><object><name>proposal</name><bndbox><xmin>131</xmin><ymin>82</ymin><xmax>75</xmax><ymax>115</ymax></bndbox></object><object><name>proposal</name><bndbox><xmin>149</xmin><ymin>229</ymin><xmax>79</xmax><ymax>36</ymax></bndbox></object><object><name>proposal</name><bndbox><xmin>37</xmin><ymin>83</ymin><xmax>36</xmax><ymax>88</ymax></bndbox></object><object><name>proposal</name><bndbox><xmin>15</xmin><ymin>3</ymin><xmax>45</xmax><ymax>27</ymax></bndbox></object><object><name>proposal</name><bndbox><xmin>392</xmin><ymin>149</ymin><xmax>51</xmax><ymax>25</ymax></bndbox></object><object><name>proposal</name><bndbox><xmin>94</xmin><ymin>36</ymin><xmax>33</xmax><ymax>70</ymax></bndbox></object><object><name>proposal</name><bndbox><xmin>337</xmin><ymin>228</ymin><xmax>71</xmax><ymax>26</ymax></bndbox></object><object><name>proposal</name><bndbox><xmin>169</xmin><ymin>34</ymin><xmax>89</xmax><ymax>63</ymax></bndbox></object><object><name>proposal</name><bndbox><xmin>115</xmin><ymin>7</ymin><xmax>72</xmax><ymax>41</ymax></bndbox></object><object><name>proposal</name><bndbox><xmin>153</xmin><ymin>89</ymin><xmax>88</xmax><ymax>100</ymax></bndbox></object><object><name>proposal</name><bndbox><xmin>282</xmin><ymin>93</ymin><xmax>162</xmax><ymax>154</ymax></bndbox></object><object><name>proposal</name><bndbox><xmin>309</xmin><ymin>29</ymin><xmax>76</xmax><ymax>88</ymax></bndbox></object><object><name>proposal</name><bndbox><xmin>183</xmin><ymin>214</ymin><xmax>149</xmax><ymax>80</ymax></bndbox></object><object><name>proposal</name><bndbox><xmin>8</xmin><ymin>71</ymin><xmax>42</xmax><ymax>31</ymax></bndbox></object><object><name>proposal</name><bndbox><xmin>125</xmin><ymin>203</ymin><xmax>75</xmax><ymax>47</ymax></bndbox></object><object><name>proposal</name><bndbox><xmin>14</xmin><ymin>73</ymin><xmax>41</xmax><ymax>107</ymax></bndbox></object><object><name>proposal</name><bndbox><xmin>15</xmin><ymin>240</ymin><xmax>25</xmax><ymax>55</ymax></bndbox></object><object><name>proposal</name><bndbox><xmin>77</xmin><ymin>94</ymin><xmax>145</xmax><ymax>59</ymax></bndbox></object><object><name>proposal</name><bndbox><xmin>155</xmin><ymin>6</ymin><xmax>129</xmax><ymax>223</ymax></bndbox></object><object><name>proposal</name><bndbox><xmin>192</xmin><ymin>70</ymin><xmax>78</xmax><ymax>47</ymax></bndbox></object><object><name>proposal</name><bndbox><xmin>405</xmin><ymin>151</ymin><xmax>38</xmax><ymax>21</ymax></bndbox></object><object><name>proposal</name><bndbox><xmin>91</xmin><ymin>55</ymin><xmax>34</xmax><ymax>50</ymax></bndbox></object><object><name>proposal</name><bndbox><xmin>391</xmin><ymin>123</ymin><xmax>54</xmax><ymax>38</ymax></bndbox></object><object><name>proposal</name><bndbox><xmin>7</xmin><ymin>42</ymin><xmax>40</xmax><ymax>62</ymax></bndbox></object><object><name>proposal</name><bndbox><xmin>125</xmin><ymin>181</ymin><xmax>73</xmax><ymax>73</ymax></bndbox></object><object><name>proposal</name><bndbox><xmin>26</xmin><ymin>102</ymin><xmax>37</xmax><ymax>73</ymax></bndbox></object><object><name>proposal</name><bndbox><xmin>200</xmin><ymin>190</ymin><xmax>45</xmax><ymax>45</ymax></bndbox></object><object><name>proposal</name><bndbox><xmin>149</xmin><ymin>201</ymin><xmax>55</xmax><ymax>47</ymax></bndbox></object><object><name>proposal</name><bndbox><xmin>208</xmin><ymin>76</ymin><xmax>58</xmax><ymax>37</ymax></bndbox></object><object><name>proposal</name><bndbox><xmin>70</xmin><ymin>179</ymin><xmax>32</xmax><ymax>24</ymax></bndbox></object><object><name>proposal</name><bndbox><xmin>71</xmin><ymin>196</ymin><xmax>24</xmax><ymax>32</ymax></bndbox></object><object><name>proposal</name><bndbox><xmin>71</xmin><ymin>172</ymin><xmax>24</xmax><ymax>32</ymax></bndbox></object><object><name>proposal</name><bndbox><xmin>375</xmin><ymin>231</ymin><xmax>45</xmax><ymax>33</ymax></bndbox></object><object><name>proposal</name><bndbox><xmin>178</xmin><ymin>145</ymin><xmax>32</xmax><ymax>28</ymax></bndbox></object><object><name>proposal</name><bndbox><xmin>208</xmin><ymin>21</ymin><xmax>36</xmax><ymax>82</ymax></bndbox></object><object><name>proposal</name><bndbox><xmin>210</xmin><ymin>70</ymin><xmax>126</xmax><ymax>40</ymax></bndbox></object><object><name>proposal</name><bndbox><xmin>410</xmin><ymin>123</ymin><xmax>37</xmax><ymax>39</ymax></bndbox></object><object><name>proposal</name><bndbox><xmin>54</xmin><ymin>173</ymin><xmax>90</xmax><ymax>117</ymax></bndbox></object><object><name>proposal</name><bndbox><xmin>53</xmin><ymin>4</ymin><xmax>142</xmax><ymax>71</ymax></bndbox></object><object><name>proposal</name><bndbox><xmin>173</xmin><ymin>45</ymin><xmax>47</xmax><ymax>70</ymax></bndbox></object><object><name>proposal</name><bndbox><xmin>55</xmin><ymin>211</ymin><xmax>40</xmax><ymax>34</ymax></bndbox></object><object><name>proposal</name><bndbox><xmin>35</xmin><ymin>87</ymin><xmax>29</xmax><ymax>59</ymax></bndbox></object><object><name>proposal</name><bndbox><xmin>60</xmin><ymin>39</ymin><xmax>85</xmax><ymax>184</ymax></bndbox></object><object><name>proposal</name><bndbox><xmin>4</xmin><ymin>40</ymin><xmax>82</xmax><ymax>37</ymax></bndbox></object><object><name>proposal</name><bndbox><xmin>330</xmin><ymin>4</ymin><xmax>113</xmax><ymax>247</ymax></bndbox></object><object><name>proposal</name><bndbox><xmin>57</xmin><ymin>250</ymin><xmax>26</xmax><ymax>41</ymax></bndbox></object><object><name>proposal</name><bndbox><xmin>100</xmin><ymin>78</ymin><xmax>70</xmax><ymax>44</ymax></bndbox></object><object><name>proposal</name><bndbox><xmin>199</xmin><ymin>52</ymin><xmax>34</xmax><ymax>37</ymax></bndbox></object><object><name>proposal</name><bndbox><xmin>400</xmin><ymin>149</ymin><xmax>44</xmax><ymax>60</ymax></bndbox></object><object><name>proposal</name><bndbox><xmin>37</xmin><ymin>211</ymin><xmax>34</xmax><ymax>34</ymax></bndbox></object><object><name>proposal</name><bndbox><xmin>333</xmin><ymin>232</ymin><xmax>75</xmax><ymax>45</ymax></bndbox></object><object><name>proposal</name><bndbox><xmin>40</xmin><ymin>232</ymin><xmax>44</xmax><ymax>60</ymax></bndbox></object><object><name>proposal</name><bndbox><xmin>176</xmin><ymin>166</ymin><xmax>111</xmax><ymax>97</ymax></bndbox></object><object><name>proposal</name><bndbox><xmin>69</xmin><ymin>260</ymin><xmax>79</xmax><ymax>37</ymax></bndbox></object><object><name>proposal</name><bndbox><xmin>169</xmin><ymin>73</ymin><xmax>37</xmax><ymax>34</ymax></bndbox></object><object><name>proposal</name><bndbox><xmin>186</xmin><ymin>213</ymin><xmax>222</xmax><ymax>73</ymax></bndbox></object><object><name>proposal</name><bndbox><xmin>92</xmin><ymin>38</ymin><xmax>85</xmax><ymax>32</ymax></bndbox></object><object><name>proposal</name><bndbox><xmin>160</xmin><ymin>73</ymin><xmax>61</xmax><ymax>30</ymax></bndbox></object><object><name>proposal</name><bndbox><xmin>155</xmin><ymin>34</ymin><xmax>130</xmax><ymax>69</ymax></bndbox></object><object><name>proposal</name><bndbox><xmin>181</xmin><ymin>121</ymin><xmax>31</xmax><ymax>31</ymax></bndbox></object><object><name>proposal</name><bndbox><xmin>14</xmin><ymin>257</ymin><xmax>109</xmax><ymax>39</ymax></bndbox></object><object><name>proposal</name><bndbox><xmin>271</xmin><ymin>37</ymin><xmax>55</xmax><ymax>72</ymax></bndbox></object><object><name>proposal</name><bndbox><xmin>376</xmin><ymin>134</ymin><xmax>42</xmax><ymax>113</ymax></bndbox></object><object><name>proposal</name><bndbox><xmin>73</xmin><ymin>37</ymin><xmax>54</xmax><ymax>34</ymax></bndbox></object><object><name>proposal</name><bndbox><xmin>53</xmin><ymin>174</ymin><xmax>155</xmax><ymax>83</ymax></bndbox></object><object><name>proposal</name><bndbox><xmin>50</xmin><ymin>68</ymin><xmax>49</xmax><ymax>45</ymax></bndbox></object><object><name>proposal</name><bndbox><xmin>335</xmin><ymin>96</ymin><xmax>110</xmax><ymax>155</ymax></bndbox></object><object><name>proposal</name><bndbox><xmin>194</xmin><ymin>40</ymin><xmax>74</xmax><ymax>64</ymax></bndbox></object><object><name>proposal</name><bndbox><xmin>277</xmin><ymin>64</ymin><xmax>99</xmax><ymax>44</ymax></bndbox></object><object><name>proposal</name><bndbox><xmin>277</xmin><ymin>88</ymin><xmax>46</xmax><ymax>21</ymax></bndbox></object><object><name>proposal</name><bndbox><xmin>150</xmin><ymin>157</ymin><xmax>60</xmax><ymax>107</ymax></bndbox></object><object><name>proposal</name><bndbox><xmin>101</xmin><ymin>61</ymin><xmax>24</xmax><ymax>41</ymax></bndbox></object><object><name>proposal</name><bndbox><xmin>129</xmin><ymin>169</ymin><xmax>157</xmax><ymax>110</ymax></bndbox></object><object><name>proposal</name><bndbox><xmin>277</xmin><ymin>55</ymin><xmax>37</xmax><ymax>54</ymax></bndbox></object><object><name>proposal</name><bndbox><xmin>7</xmin><ymin>13</ymin><xmax>81</xmax><ymax>63</ymax></bndbox></object><object><name>proposal</name><bndbox><xmin>37</xmin><ymin>91</ymin><xmax>28</xmax><ymax>41</ymax></bndbox></object><object><name>proposal</name><bndbox><xmin>192</xmin><ymin>5</ymin><xmax>94</xmax><ymax>182</ymax></bndbox></object><object><name>proposal</name><bndbox><xmin>138</xmin><ymin>193</ymin><xmax>59</xmax><ymax>54</ymax></bndbox></object><object><name>proposal</name><bndbox><xmin>53</xmin><ymin>83</ymin><xmax>45</xmax><ymax>27</ymax></bndbox></object><object><name>proposal</name><bndbox><xmin>199</xmin><ymin>28</ymin><xmax>22</xmax><ymax>35</ymax></bndbox></object><object><name>proposal</name><bndbox><xmin>248</xmin><ymin>10</ymin><xmax>78</xmax><ymax>111</ymax></bndbox></object><object><name>proposal</name><bndbox><xmin>109</xmin><ymin>213</ymin><xmax>156</xmax><ymax>80</ymax></bndbox></object><object><name>proposal</name><bndbox><xmin>55</xmin><ymin>39</ymin><xmax>35</xmax><ymax>26</ymax></bndbox></object><object><name>proposal</name><bndbox><xmin>309</xmin><ymin>81</ymin><xmax>115</xmax><ymax>187</ymax></bndbox></object><object><name>proposal</name><bndbox><xmin>51</xmin><ymin>89</ymin><xmax>74</xmax><ymax>69</ymax></bndbox></object><object><name>proposal</name><bndbox><xmin>54</xmin><ymin>209</ymin><xmax>35</xmax><ymax>83</ymax></bndbox></object><object><name>proposal</name><bndbox><xmin>109</xmin><ymin>223</ymin><xmax>96</xmax><ymax>42</ymax></bndbox></object><object><name>proposal</name><bndbox><xmin>349</xmin><ymin>188</ymin><xmax>89</xmax><ymax>61</ymax></bndbox></object><object><name>proposal</name><bndbox><xmin>167</xmin><ymin>63</ymin><xmax>55</xmax><ymax>29</ymax></bndbox></object><object><name>proposal</name><bndbox><xmin>41</xmin><ymin>71</ymin><xmax>31</xmax><ymax>31</ymax></bndbox></object><object><name>proposal</name><bndbox><xmin>190</xmin><ymin>20</ymin><xmax>43</xmax><ymax>79</ymax></bndbox></object><object><name>proposal</name><bndbox><xmin>70</xmin><ymin>195</ymin><xmax>40</xmax><ymax>96</ymax></bndbox></object><object><name>proposal</name><bndbox><xmin>412</xmin><ymin>149</ymin><xmax>31</xmax><ymax>46</ymax></bndbox></object><object><name>proposal</name><bndbox><xmin>94</xmin><ymin>15</ymin><xmax>31</xmax><ymax>58</ymax></bndbox></object><object><name>proposal</name><bndbox><xmin>24</xmin><ymin>211</ymin><xmax>117</xmax><ymax>79</ymax></bndbox></object><object><name>proposal</name><bndbox><xmin>377</xmin><ymin>229</ymin><xmax>50</xmax><ymax>21</ymax></bndbox></object><object><name>proposal</name><bndbox><xmin>78</xmin><ymin>72</ymin><xmax>64</xmax><ymax>59</ymax></bndbox></object><object><name>proposal</name><bndbox><xmin>115</xmin><ymin>52</ymin><xmax>106</xmax><ymax>102</ymax></bndbox></object><object><name>proposal</name><bndbox><xmin>6</xmin><ymin>43</ymin><xmax>61</xmax><ymax>26</ymax></bndbox></object><object><name>proposal</name><bndbox><xmin>333</xmin><ymin>180</ymin><xmax>77</xmax><ymax>71</ymax></bndbox></object><object><name>proposal</name><bndbox><xmin>6</xmin><ymin>32</ymin><xmax>60</xmax><ymax>44</ymax></bndbox></object><object><name>proposal</name><bndbox><xmin>189</xmin><ymin>29</ymin><xmax>32</xmax><ymax>71</ymax></bndbox></object><object><name>proposal</name><bndbox><xmin>31</xmin><ymin>43</ymin><xmax>34</xmax><ymax>34</ymax></bndbox></object><object><name>proposal</name><bndbox><xmin>375</xmin><ymin>221</ymin><xmax>61</xmax><ymax>28</ymax></bndbox></object><object><name>proposal</name><bndbox><xmin>181</xmin><ymin>104</ymin><xmax>25</xmax><ymax>51</ymax></bndbox></object><object><name>proposal</name><bndbox><xmin>151</xmin><ymin>5</ymin><xmax>52</xmax><ymax>105</ymax></bndbox></object><object><name>proposal</name><bndbox><xmin>10</xmin><ymin>245</ymin><xmax>21</xmax><ymax>50</ymax></bndbox></object><object><name>proposal</name><bndbox><xmin>190</xmin><ymin>53</ymin><xmax>32</xmax><ymax>28</ymax></bndbox></object><object><name>proposal</name><bndbox><xmin>73</xmin><ymin>37</ymin><xmax>42</xmax><ymax>20</ymax></bndbox></object><object><name>proposal</name><bndbox><xmin>226</xmin><ymin>217</ymin><xmax>51</xmax><ymax>25</ymax></bndbox></object><object><name>proposal</name><bndbox><xmin>99</xmin><ymin>5</ymin><xmax>89</xmax><ymax>190</ymax></bndbox></object><object><name>proposal</name><bndbox><xmin>76</xmin><ymin>31</ymin><xmax>37</xmax><ymax>37</ymax></bndbox></object><object><name>proposal</name><bndbox><xmin>179</xmin><ymin>13</ymin><xmax>47</xmax><ymax>91</ymax></bndbox></object><object><name>proposal</name><bndbox><xmin>53</xmin><ymin>176</ymin><xmax>42</xmax><ymax>29</ymax></bndbox></object><object><name>proposal</name><bndbox><xmin>165</xmin><ymin>82</ymin><xmax>42</xmax><ymax>21</ymax></bndbox></object><object><name>proposal</name><bndbox><xmin>365</xmin><ymin>231</ymin><xmax>45</xmax><ymax>33</ymax></bndbox></object><object><name>proposal</name><bndbox><xmin>219</xmin><ymin>217</ymin><xmax>79</xmax><ymax>36</ymax></bndbox></object><object><name>proposal</name><bndbox><xmin>63</xmin><ymin>235</ymin><xmax>25</xmax><ymax>55</ymax></bndbox></object><object><name>proposal</name><bndbox><xmin>71</xmin><ymin>174</ymin><xmax>42</xmax><ymax>31</ymax></bndbox></object><object><name>proposal</name><bndbox><xmin>228</xmin><ymin>215</ymin><xmax>41</xmax><ymax>55</ymax></bndbox></object><object><name>proposal</name><bndbox><xmin>40</xmin><ymin>133</ymin><xmax>37</xmax><ymax>37</ymax></bndbox></object><object><name>proposal</name><bndbox><xmin>22</xmin><ymin>211</ymin><xmax>34</xmax><ymax>37</ymax></bndbox></object><object><name>proposal</name><bndbox><xmin>172</xmin><ymin>96</ymin><xmax>34</xmax><ymax>62</ymax></bndbox></object><object><name>proposal</name><bndbox><xmin>31</xmin><ymin>202</ymin><xmax>37</xmax><ymax>37</ymax></bndbox></object><object><name>proposal</name><bndbox><xmin>207</xmin><ymin>56</ymin><xmax>41</xmax><ymax>65</ymax></bndbox></object><object><name>proposal</name><bndbox><xmin>199</xmin><ymin>49</ymin><xmax>21</xmax><ymax>46</ymax></bndbox></object><object><name>proposal</name><bndbox><xmin>73</xmin><ymin>12</ymin><xmax>73</xmax><ymax>58</ymax></bndbox></object><object><name>proposal</name><bndbox><xmin>46</xmin><ymin>46</ymin><xmax>31</xmax><ymax>31</ymax></bndbox></object><object><name>proposal</name><bndbox><xmin>160</xmin><ymin>53</ymin><xmax>61</xmax><ymax>28</ymax></bndbox></object><object><name>proposal</name><bndbox><xmin>44</xmin><ymin>1</ymin><xmax>93</xmax><ymax>75</ymax></bndbox></object><object><name>proposal</name><bndbox><xmin>169</xmin><ymin>33</ymin><xmax>39</xmax><ymax>73</ymax></bndbox></object><object><name>proposal</name><bndbox><xmin>53</xmin><ymin>195</ymin><xmax>77</xmax><ymax>51</ymax></bndbox></object><object><name>proposal</name><bndbox><xmin>257</xmin><ymin>76</ymin><xmax>70</xmax><ymax>33</ymax></bndbox></object><object><name>proposal</name><bndbox><xmin>257</xmin><ymin>78</ymin><xmax>48</xmax><ymax>29</ymax></bndbox></object><object><name>proposal</name><bndbox><xmin>177</xmin><ymin>141</ymin><xmax>107</xmax><ymax>43</ymax></bndbox></object><object><name>proposal</name><bndbox><xmin>200</xmin><ymin>206</ymin><xmax>42</xmax><ymax>29</ymax></bndbox></object><object><name>proposal</name><bndbox><xmin>71</xmin><ymin>169</ymin><xmax>173</xmax><ymax>111</ymax></bndbox></object><object><name>proposal</name><bndbox><xmin>375</xmin><ymin>228</ymin><xmax>65</xmax><ymax>44</ymax></bndbox></object><object><name>proposal</name><bndbox><xmin>87</xmin><ymin>139</ymin><xmax>121</xmax><ymax>126</ymax></bndbox></object><object><name>proposal</name><bndbox><xmin>193</xmin><ymin>61</ymin><xmax>42</xmax><ymax>31</ymax></bndbox></object><object><name>proposal</name><bndbox><xmin>160</xmin><ymin>40</ymin><xmax>60</xmax><ymax>50</ymax></bndbox></object><object><name>proposal</name><bndbox><xmin>69</xmin><ymin>196</ymin><xmax>38</xmax><ymax>21</ymax></bndbox></object><object><name>proposal</name><bndbox><xmin>169</xmin><ymin>231</ymin><xmax>37</xmax><ymax>54</ymax></bndbox></object><object><name>proposal</name><bndbox><xmin>7</xmin><ymin>64</ymin><xmax>24</xmax><ymax>35</ymax></bndbox></object><object><name>proposal</name><bndbox><xmin>124</xmin><ymin>219</ymin><xmax>73</xmax><ymax>31</ymax></bndbox></object><object><name>proposal</name><bndbox><xmin>46</xmin><ymin>47</ymin><xmax>31</xmax><ymax>51</ymax></bndbox></object><object><name>proposal</name><bndbox><xmin>6</xmin><ymin>22</ymin><xmax>60</xmax><ymax>41</ymax></bndbox></object><object><name>proposal</name><bndbox><xmin>172</xmin><ymin>118</ymin><xmax>34</xmax><ymax>34</ymax></bndbox></object><object><name>proposal</name><bndbox><xmin>74</xmin><ymin>26</ymin><xmax>42</xmax><ymax>31</ymax></bndbox></object><object><name>proposal</name><bndbox><xmin>124</xmin><ymin>226</ymin><xmax>73</xmax><ymax>33</ymax></bndbox></object><object><name>proposal</name><bndbox><xmin>60</xmin><ymin>196</ymin><xmax>39</xmax><ymax>29</ymax></bndbox></object><object><name>proposal</name><bndbox><xmin>34</xmin><ymin>88</ymin><xmax>65</xmax><ymax>44</ymax></bndbox></object><object><name>proposal</name><bndbox><xmin>5</xmin><ymin>139</ymin><xmax>50</xmax><ymax>37</ymax></bndbox></object><object><name>proposal</name><bndbox><xmin>375</xmin><ymin>208</ymin><xmax>60</xmax><ymax>44</ymax></bndbox></object><object><name>proposal</name><bndbox><xmin>187</xmin><ymin>79</ymin><xmax>37</xmax><ymax>34</ymax></bndbox></object><object><name>proposal</name><bndbox><xmin>170</xmin><ymin>166</ymin><xmax>72</xmax><ymax>103</ymax></bndbox></object><object><name>proposal</name><bndbox><xmin>276</xmin><ymin>40</ymin><xmax>32</xmax><ymax>71</ymax></bndbox></object><object><name>proposal</name><bndbox><xmin>191</xmin><ymin>50</ymin><xmax>30</xmax><ymax>56</ymax></bndbox></object><object><name>proposal</name><bndbox><xmin>91</xmin><ymin>37</ymin><xmax>57</xmax><ymax>53</ymax></bndbox></object><object><name>proposal</name><bndbox><xmin>232</xmin><ymin>183</ymin><xmax>42</xmax><ymax>45</ymax></bndbox></object><object><name>proposal</name><bndbox><xmin>169</xmin><ymin>65</ymin><xmax>41</xmax><ymax>24</ymax></bndbox></object><object><name>proposal</name><bndbox><xmin>40</xmin><ymin>140</ymin><xmax>68</xmax><ymax>65</ymax></bndbox></object><object><name>proposal</name><bndbox><xmin>199</xmin><ymin>138</ymin><xmax>66</xmax><ymax>98</ymax></bndbox></object><object><name>proposal</name><bndbox><xmin>379</xmin><ymin>149</ymin><xmax>64</xmax><ymax>58</ymax></bndbox></object><object><name>proposal</name><bndbox><xmin>335</xmin><ymin>116</ymin><xmax>83</xmax><ymax>133</ymax></bndbox></object><object><name>proposal</name><bndbox><xmin>374</xmin><ymin>149</ymin><xmax>70</xmax><ymax>29</ymax></bndbox></object><object><name>proposal</name><bndbox><xmin>32</xmin><ymin>46</ymin><xmax>50</xmax><ymax>31</ymax></bndbox></object><object><name>proposal</name><bndbox><xmin>218</xmin><ymin>217</ymin><xmax>60</xmax><ymax>57</ymax></bndbox></object><object><name>proposal</name><bndbox><xmin>75</xmin><ymin>97</ymin><xmax>61</xmax><ymax>36</ymax></bndbox></object><object><name>proposal</name><bndbox><xmin>100</xmin><ymin>218</ymin><xmax>107</xmax><ymax>69</ymax></bndbox></object><object><name>proposal</name><bndbox><xmin>92</xmin><ymin>51</ymin><xmax>85</xmax><ymax>37</ymax></bndbox></object><object><name>proposal</name><bndbox><xmin>181</xmin><ymin>145</ymin><xmax>38</xmax><ymax>21</ymax></bndbox></object><object><name>proposal</name><bndbox><xmin>165</xmin><ymin>145</ymin><xmax>42</xmax><ymax>21</ymax></bndbox></object><object><name>proposal</name><bndbox><xmin>215</xmin><ymin>186</ymin><xmax>55</xmax><ymax>41</ymax></bndbox></object><object><name>proposal</name><bndbox><xmin>377</xmin><ymin>235</ymin><xmax>26</xmax><ymax>41</ymax></bndbox></object><object><name>proposal</name><bndbox><xmin>62</xmin><ymin>97</ymin><xmax>61</xmax><ymax>36</ymax></bndbox></object><object><name>proposal</name><bndbox><xmin>226</xmin><ymin>40</ymin><xmax>64</xmax><ymax>69</ymax></bndbox></object><object><name>proposal</name><bndbox><xmin>109</xmin><ymin>172</ymin><xmax>97</xmax><ymax>110</ymax></bndbox></object><object><name>proposal</name><bndbox><xmin>176</xmin><ymin>100</ymin><xmax>49</xmax><ymax>57</ymax></bndbox></object><object><name>proposal</name><bndbox><xmin>72</xmin><ymin>172</ymin><xmax>73</xmax><ymax>33</ymax></bndbox></object><object><name>proposal</name><bndbox><xmin>79</xmin><ymin>39</ymin><xmax>66</xmax><ymax>111</ymax></bndbox></object><object><name>proposal</name><bndbox><xmin>128</xmin><ymin>205</ymin><xmax>69</xmax><ymax>64</ymax></bndbox></object><object><name>proposal</name><bndbox><xmin>7</xmin><ymin>43</ymin><xmax>41</xmax><ymax>22</ymax></bndbox></object><object><name>proposal</name><bndbox><xmin>176</xmin><ymin>231</ymin><xmax>31</xmax><ymax>31</ymax></bndbox></object><object><name>proposal</name><bndbox><xmin>8</xmin><ymin>232</ymin><xmax>26</xmax><ymax>66</ymax></bndbox></object><object><name>proposal</name><bndbox><xmin>91</xmin><ymin>15</ymin><xmax>49</xmax><ymax>57</ymax></bndbox></object><object><name>proposal</name><bndbox><xmin>154</xmin><ymin>73</ymin><xmax>58</xmax><ymax>37</ymax></bndbox></object><object><name>proposal</name><bndbox><xmin>161</xmin><ymin>236</ymin><xmax>31</xmax><ymax>31</ymax></bndbox></object><object><name>proposal</name><bndbox><xmin>39</xmin><ymin>32</ymin><xmax>27</xmax><ymax>47</ymax></bndbox></object><object><name>proposal</name><bndbox><xmin>168</xmin><ymin>64</ymin><xmax>29</xmax><ymax>45</ymax></bndbox></object><object><name>proposal</name><bndbox><xmin>3</xmin><ymin>10</ymin><xmax>23</xmax><ymax>55</ymax></bndbox></object><object><name>proposal</name><bndbox><xmin>208</xmin><ymin>42</ymin><xmax>49</xmax><ymax>61</ymax></bndbox></object><object><name>proposal</name><bndbox><xmin>51</xmin><ymin>172</ymin><xmax>58</xmax><ymax>31</ymax></bndbox></object><object><name>proposal</name><bndbox><xmin>75</xmin><ymin>218</ymin><xmax>130</xmax><ymax>48</ymax></bndbox></object><object><name>proposal</name><bndbox><xmin>4</xmin><ymin>33</ymin><xmax>82</xmax><ymax>31</ymax></bndbox></object><object><name>proposal</name><bndbox><xmin>71</xmin><ymin>196</ymin><xmax>42</xmax><ymax>29</ymax></bndbox></object><object><name>proposal</name><bndbox><xmin>66</xmin><ymin>176</ymin><xmax>31</xmax><ymax>31</ymax></bndbox></object><object><name>proposal</name><bndbox><xmin>226</xmin><ymin>169</ymin><xmax>122</xmax><ymax>77</ymax></bndbox></object><object><name>proposal</name><bndbox><xmin>52</xmin><ymin>25</ymin><xmax>34</xmax><ymax>40</ymax></bndbox></object><object><name>proposal</name><bndbox><xmin>67</xmin><ymin>165</ymin><xmax>42</xmax><ymax>39</ymax></bndbox></object><object><name>proposal</name><bndbox><xmin>91</xmin><ymin>37</ymin><xmax>58</xmax><ymax>34</ymax></bndbox></object><object><name>proposal</name><bndbox><xmin>36</xmin><ymin>89</ymin><xmax>42</xmax><ymax>48</ymax></bndbox></object><object><name>proposal</name><bndbox><xmin>31</xmin><ymin>177</ymin><xmax>37</xmax><ymax>58</ymax></bndbox></object><object><name>proposal</name><bndbox><xmin>340</xmin><ymin>119</ymin><xmax>35</xmax><ymax>28</ymax></bndbox></object><object><name>proposal</name><bndbox><xmin>181</xmin><ymin>127</ymin><xmax>51</xmax><ymax>25</ymax></bndbox></object><object><name>proposal</name><bndbox><xmin>416</xmin><ymin>81</ymin><xmax>31</xmax><ymax>31</ymax></bndbox></object><object><name>proposal</name><bndbox><xmin>60</xmin><ymin>37</ymin><xmax>54</xmax><ymax>37</ymax></bndbox></object><object><name>proposal</name><bndbox><xmin>53</xmin><ymin>211</ymin><xmax>70</xmax><ymax>35</ymax></bndbox></object><object><name>proposal</name><bndbox><xmin>184</xmin><ymin>237</ymin><xmax>32</xmax><ymax>24</ymax></bndbox></object><object><name>proposal</name><bndbox><xmin>170</xmin><ymin>232</ymin><xmax>76</xmax><ymax>33</ymax></bndbox></object><object><name>proposal</name><bndbox><xmin>169</xmin><ymin>57</ymin><xmax>35</xmax><ymax>24</ymax></bndbox></object><object><name>proposal</name><bndbox><xmin>19</xmin><ymin>139</ymin><xmax>37</xmax><ymax>34</ymax></bndbox></object></annotation>