<annotation><folder>Proposals</folder><filename>img-662.jpg</filename><size><width>452</width><height>300</height><depth>3</depth></size><object><name>proposal</name><bndbox><xmin>334</xmin><ymin>6</ymin><xmax>113</xmax><ymax>69</ymax></bndbox></object><object><name>proposal</name><bndbox><xmin>1</xmin><ymin>5</ymin><xmax>447</xmax><ymax>228</ymax></bndbox></object><object><name>proposal</name><bndbox><xmin>176</xmin><ymin>5</ymin><xmax>271</xmax><ymax>109</ymax></bndbox></object><object><name>proposal</name><bndbox><xmin>176</xmin><ymin>5</ymin><xmax>271</xmax><ymax>201</ymax></bndbox></object><object><name>proposal</name><bndbox><xmin>4</xmin><ymin>9</ymin><xmax>258</xmax><ymax>205</ymax></bndbox></object><object><name>proposal</name><bndbox><xmin>1</xmin><ymin>8</ymin><xmax>227</xmax><ymax>112</ymax></bndbox></object><object><name>proposal</name><bndbox><xmin>1</xmin><ymin>18</ymin><xmax>196</xmax><ymax>176</ymax></bndbox></object><object><name>proposal</name><bndbox><xmin>4</xmin><ymin>5</ymin><xmax>354</xmax><ymax>125</ymax></bndbox></object><object><name>proposal</name><bndbox><xmin>3</xmin><ymin>18</ymin><xmax>51</xmax><ymax>81</ymax></bndbox></object><object><name>proposal</name><bndbox><xmin>336</xmin><ymin>19</ymin><xmax>90</xmax><ymax>53</ymax></bndbox></object><object><name>proposal</name><bndbox><xmin>176</xmin><ymin>5</ymin><xmax>252</xmax><ymax>75</ymax></bndbox></object><object><name>proposal</name><bndbox><xmin>267</xmin><ymin>4</ymin><xmax>182</xmax><ymax>71</ymax></bndbox></object><object><name>proposal</name><bndbox><xmin>25</xmin><ymin>10</ymin><xmax>320</xmax><ymax>257</ymax></bndbox></object><object><name>proposal</name><bndbox><xmin>42</xmin><ymin>17</ymin><xmax>189</xmax><ymax>160</ymax></bndbox></object><object><name>proposal</name><bndbox><xmin>33</xmin><ymin>16</ymin><xmax>197</xmax><ymax>69</ymax></bndbox></object><object><name>proposal</name><bndbox><xmin>120</xmin><ymin>4</ymin><xmax>249</xmax><ymax>264</ymax></bndbox></object><object><name>proposal</name><bndbox><xmin>36</xmin><ymin>1</ymin><xmax>157</xmax><ymax>62</ymax></bndbox></object><object><name>proposal</name><bndbox><xmin>31</xmin><ymin>19</ymin><xmax>340</xmax><ymax>149</ymax></bndbox></object><object><name>proposal</name><bndbox><xmin>177</xmin><ymin>1</ymin><xmax>186</xmax><ymax>233</ymax></bndbox></object><object><name>proposal</name><bndbox><xmin>219</xmin><ymin>4</ymin><xmax>130</xmax><ymax>59</ymax></bndbox></object><object><name>proposal</name><bndbox><xmin>121</xmin><ymin>5</ymin><xmax>298</xmax><ymax>128</ymax></bndbox></object><object><name>proposal</name><bndbox><xmin>414</xmin><ymin>36</ymin><xmax>33</xmax><ymax>42</ymax></bndbox></object><object><name>proposal</name><bndbox><xmin>4</xmin><ymin>9</ymin><xmax>156</xmax><ymax>119</ymax></bndbox></object><object><name>proposal</name><bndbox><xmin>316</xmin><ymin>6</ymin><xmax>133</xmax><ymax>100</ymax></bndbox></object><object><name>proposal</name><bndbox><xmin>1</xmin><ymin>32</ymin><xmax>227</xmax><ymax>116</ymax></bndbox></object><object><name>proposal</name><bndbox><xmin>125</xmin><ymin>39</ymin><xmax>71</xmax><ymax>43</ymax></bndbox></object><object><name>proposal</name><bndbox><xmin>178</xmin><ymin>4</ymin><xmax>191</xmax><ymax>128</ymax></bndbox></object><object><name>proposal</name><bndbox><xmin>314</xmin><ymin>5</ymin><xmax>111</xmax><ymax>75</ymax></bndbox></object><object><name>proposal</name><bndbox><xmin>121</xmin><ymin>13</ymin><xmax>261</xmax><ymax>177</ymax></bndbox></object><object><name>proposal</name><bndbox><xmin>4</xmin><ymin>6</ymin><xmax>164</xmax><ymax>238</ymax></bndbox></object><object><name>proposal</name><bndbox><xmin>177</xmin><ymin>23</ymin><xmax>53</xmax><ymax>53</ymax></bndbox></object><object><name>proposal</name><bndbox><xmin>40</xmin><ymin>19</ymin><xmax>223</xmax><ymax>93</ymax></bndbox></object><object><name>proposal</name><bndbox><xmin>210</xmin><ymin>22</ymin><xmax>238</xmax><ymax>132</ymax></bndbox></object><object><name>proposal</name><bndbox><xmin>31</xmin><ymin>36</ymin><xmax>165</xmax><ymax>96</ymax></bndbox></object><object><name>proposal</name><bndbox><xmin>233</xmin><ymin>4</ymin><xmax>213</xmax><ymax>273</ymax></bndbox></object><object><name>proposal</name><bndbox><xmin>198</xmin><ymin>18</ymin><xmax>186</xmax><ymax>161</ymax></bndbox></object><object><name>proposal</name><bndbox><xmin>106</xmin><ymin>17</ymin><xmax>144</xmax><ymax>65</ymax></bndbox></object><object><name>proposal</name><bndbox><xmin>31</xmin><ymin>35</ymin><xmax>225</xmax><ymax>231</ymax></bndbox></object><object><name>proposal</name><bndbox><xmin>24</xmin><ymin>4</ymin><xmax>122</xmax><ymax>58</ymax></bndbox></object><object><name>proposal</name><bndbox><xmin>96</xmin><ymin>16</ymin><xmax>167</xmax><ymax>253</ymax></bndbox></object><object><name>proposal</name><bndbox><xmin>113</xmin><ymin>19</ymin><xmax>89</xmax><ymax>63</ymax></bndbox></object><object><name>proposal</name><bndbox><xmin>22</xmin><ymin>18</ymin><xmax>121</xmax><ymax>177</ymax></bndbox></object><object><name>proposal</name><bndbox><xmin>349</xmin><ymin>26</ymin><xmax>99</xmax><ymax>49</ymax></bndbox></object><object><name>proposal</name><bndbox><xmin>96</xmin><ymin>36</ymin><xmax>161</xmax><ymax>160</ymax></bndbox></object><object><name>proposal</name><bndbox><xmin>365</xmin><ymin>10</ymin><xmax>55</xmax><ymax>63</ymax></bndbox></object><object><name>proposal</name><bndbox><xmin>108</xmin><ymin>18</ymin><xmax>204</xmax><ymax>216</ymax></bndbox></object><object><name>proposal</name><bndbox><xmin>179</xmin><ymin>37</ymin><xmax>180</xmax><ymax>80</ymax></bndbox></object><object><name>proposal</name><bndbox><xmin>337</xmin><ymin>19</ymin><xmax>45</xmax><ymax>51</ymax></bndbox></object><object><name>proposal</name><bndbox><xmin>375</xmin><ymin>4</ymin><xmax>71</xmax><ymax>71</ymax></bndbox></object><object><name>proposal</name><bndbox><xmin>39</xmin><ymin>15</ymin><xmax>122</xmax><ymax>50</ymax></bndbox></object><object><name>proposal</name><bndbox><xmin>179</xmin><ymin>18</ymin><xmax>157</xmax><ymax>177</ymax></bndbox></object><object><name>proposal</name><bndbox><xmin>162</xmin><ymin>3</ymin><xmax>183</xmax><ymax>63</ymax></bndbox></object><object><name>proposal</name><bndbox><xmin>316</xmin><ymin>6</ymin><xmax>130</xmax><ymax>252</ymax></bndbox></object><object><name>proposal</name><bndbox><xmin>338</xmin><ymin>5</ymin><xmax>109</xmax><ymax>165</ymax></bndbox></object><object><name>proposal</name><bndbox><xmin>124</xmin><ymin>70</ymin><xmax>67</xmax><ymax>36</ymax></bndbox></object><object><name>proposal</name><bndbox><xmin>120</xmin><ymin>13</ymin><xmax>228</xmax><ymax>101</ymax></bndbox></object><object><name>proposal</name><bndbox><xmin>280</xmin><ymin>5</ymin><xmax>49</xmax><ymax>45</ymax></bndbox></object><object><name>proposal</name><bndbox><xmin>352</xmin><ymin>34</ymin><xmax>73</xmax><ymax>39</ymax></bndbox></object><object><name>proposal</name><bndbox><xmin>120</xmin><ymin>22</ymin><xmax>125</xmax><ymax>211</ymax></bndbox></object><object><name>proposal</name><bndbox><xmin>125</xmin><ymin>38</ymin><xmax>77</xmax><ymax>68</ymax></bndbox></object><object><name>proposal</name><bndbox><xmin>126</xmin><ymin>41</ymin><xmax>107</xmax><ymax>139</ymax></bndbox></object><object><name>proposal</name><bndbox><xmin>404</xmin><ymin>10</ymin><xmax>44</xmax><ymax>66</ymax></bndbox></object><object><name>proposal</name><bndbox><xmin>26</xmin><ymin>35</ymin><xmax>119</xmax><ymax>109</ymax></bndbox></object><object><name>proposal</name><bndbox><xmin>48</xmin><ymin>19</ymin><xmax>155</xmax><ymax>241</ymax></bndbox></object><object><name>proposal</name><bndbox><xmin>203</xmin><ymin>24</ymin><xmax>152</xmax><ymax>126</ymax></bndbox></object><object><name>proposal</name><bndbox><xmin>267</xmin><ymin>5</ymin><xmax>118</xmax><ymax>46</ymax></bndbox></object><object><name>proposal</name><bndbox><xmin>173</xmin><ymin>5</ymin><xmax>89</xmax><ymax>70</ymax></bndbox></object><object><name>proposal</name><bndbox><xmin>279</xmin><ymin>6</ymin><xmax>167</xmax><ymax>189</ymax></bndbox></object><object><name>proposal</name><bndbox><xmin>215</xmin><ymin>4</ymin><xmax>165</xmax><ymax>84</ymax></bndbox></object><object><name>proposal</name><bndbox><xmin>96</xmin><ymin>19</ymin><xmax>108</xmax><ymax>165</ymax></bndbox></object><object><name>proposal</name><bndbox><xmin>177</xmin><ymin>11</ymin><xmax>132</xmax><ymax>256</ymax></bndbox></object><object><name>proposal</name><bndbox><xmin>124</xmin><ymin>37</ymin><xmax>224</xmax><ymax>109</ymax></bndbox></object><object><name>proposal</name><bndbox><xmin>359</xmin><ymin>5</ymin><xmax>87</xmax><ymax>112</ymax></bndbox></object><object><name>proposal</name><bndbox><xmin>365</xmin><ymin>4</ymin><xmax>80</xmax><ymax>47</ymax></bndbox></object><object><name>proposal</name><bndbox><xmin>159</xmin><ymin>18</ymin><xmax>103</xmax><ymax>216</ymax></bndbox></object><object><name>proposal</name><bndbox><xmin>403</xmin><ymin>36</ymin><xmax>43</xmax><ymax>60</ymax></bndbox></object><object><name>proposal</name><bndbox><xmin>124</xmin><ymin>37</ymin><xmax>111</xmax><ymax>75</ymax></bndbox></object><object><name>proposal</name><bndbox><xmin>24</xmin><ymin>16</ymin><xmax>122</xmax><ymax>87</ymax></bndbox></object><object><name>proposal</name><bndbox><xmin>124</xmin><ymin>41</ymin><xmax>104</xmax><ymax>42</ymax></bndbox></object><object><name>proposal</name><bndbox><xmin>36</xmin><ymin>44</ymin><xmax>157</xmax><ymax>64</ymax></bndbox></object><object><name>proposal</name><bndbox><xmin>237</xmin><ymin>5</ymin><xmax>99</xmax><ymax>44</ymax></bndbox></object><object><name>proposal</name><bndbox><xmin>316</xmin><ymin>7</ymin><xmax>71</xmax><ymax>65</ymax></bndbox></object><object><name>proposal</name><bndbox><xmin>41</xmin><ymin>19</ymin><xmax>83</xmax><ymax>39</ymax></bndbox></object><object><name>proposal</name><bndbox><xmin>183</xmin><ymin>51</ymin><xmax>75</xmax><ymax>61</ymax></bndbox></object><object><name>proposal</name><bndbox><xmin>35</xmin><ymin>44</ymin><xmax>108</xmax><ymax>69</ymax></bndbox></object><object><name>proposal</name><bndbox><xmin>166</xmin><ymin>1</ymin><xmax>65</xmax><ymax>74</ymax></bndbox></object><object><name>proposal</name><bndbox><xmin>208</xmin><ymin>83</ymin><xmax>51</xmax><ymax>27</ymax></bndbox></object><object><name>proposal</name><bndbox><xmin>183</xmin><ymin>39</ymin><xmax>45</xmax><ymax>35</ymax></bndbox></object><object><name>proposal</name><bndbox><xmin>228</xmin><ymin>3</ymin><xmax>67</xmax><ymax>37</ymax></bndbox></object><object><name>proposal</name><bndbox><xmin>159</xmin><ymin>36</ymin><xmax>97</xmax><ymax>144</ymax></bndbox></object><object><name>proposal</name><bndbox><xmin>113</xmin><ymin>20</ymin><xmax>149</xmax><ymax>101</ymax></bndbox></object><object><name>proposal</name><bndbox><xmin>124</xmin><ymin>42</ymin><xmax>69</xmax><ymax>140</ymax></bndbox></object><object><name>proposal</name><bndbox><xmin>177</xmin><ymin>3</ymin><xmax>85</xmax><ymax>37</ymax></bndbox></object><object><name>proposal</name><bndbox><xmin>114</xmin><ymin>70</ymin><xmax>63</xmax><ymax>41</ymax></bndbox></object><object><name>proposal</name><bndbox><xmin>96</xmin><ymin>70</ymin><xmax>100</xmax><ymax>40</ymax></bndbox></object><object><name>proposal</name><bndbox><xmin>121</xmin><ymin>39</ymin><xmax>139</xmax><ymax>104</ymax></bndbox></object><object><name>proposal</name><bndbox><xmin>333</xmin><ymin>6</ymin><xmax>87</xmax><ymax>102</ymax></bndbox></object><object><name>proposal</name><bndbox><xmin>125</xmin><ymin>45</ymin><xmax>323</xmax><ymax>221</ymax></bndbox></object><object><name>proposal</name><bndbox><xmin>1</xmin><ymin>17</ymin><xmax>80</xmax><ymax>84</ymax></bndbox></object><object><name>proposal</name><bndbox><xmin>178</xmin><ymin>3</ymin><xmax>139</xmax><ymax>46</ymax></bndbox></object><object><name>proposal</name><bndbox><xmin>176</xmin><ymin>22</ymin><xmax>115</xmax><ymax>152</ymax></bndbox></object><object><name>proposal</name><bndbox><xmin>197</xmin><ymin>2</ymin><xmax>99</xmax><ymax>39</ymax></bndbox></object><object><name>proposal</name><bndbox><xmin>121</xmin><ymin>1</ymin><xmax>124</xmax><ymax>75</ymax></bndbox></object><object><name>proposal</name><bndbox><xmin>278</xmin><ymin>5</ymin><xmax>81</xmax><ymax>51</ymax></bndbox></object><object><name>proposal</name><bndbox><xmin>404</xmin><ymin>24</ymin><xmax>42</xmax><ymax>96</ymax></bndbox></object><object><name>proposal</name><bndbox><xmin>161</xmin><ymin>51</ymin><xmax>97</xmax><ymax>73</ymax></bndbox></object><object><name>proposal</name><bndbox><xmin>122</xmin><ymin>67</ymin><xmax>69</xmax><ymax>59</ymax></bndbox></object><object><name>proposal</name><bndbox><xmin>94</xmin><ymin>51</ymin><xmax>174</xmax><ymax>109</ymax></bndbox></object><object><name>proposal</name><bndbox><xmin>273</xmin><ymin>1</ymin><xmax>129</xmax><ymax>69</ymax></bndbox></object><object><name>proposal</name><bndbox><xmin>204</xmin><ymin>99</ymin><xmax>55</xmax><ymax>41</ymax></bndbox></object><object><name>proposal</name><bndbox><xmin>210</xmin><ymin>49</ymin><xmax>47</xmax><ymax>63</ymax></bndbox></object><object><name>proposal</name><bndbox><xmin>58</xmin><ymin>45</ymin><xmax>123</xmax><ymax>127</ymax></bndbox></object><object><name>proposal</name><bndbox><xmin>96</xmin><ymin>35</ymin><xmax>101</xmax><ymax>114</ymax></bndbox></object><object><name>proposal</name><bndbox><xmin>161</xmin><ymin>40</ymin><xmax>262</xmax><ymax>136</ymax></bndbox></object><object><name>proposal</name><bndbox><xmin>93</xmin><ymin>38</ymin><xmax>109</xmax><ymax>77</ymax></bndbox></object><object><name>proposal</name><bndbox><xmin>178</xmin><ymin>49</ymin><xmax>103</xmax><ymax>69</ymax></bndbox></object><object><name>proposal</name><bndbox><xmin>391</xmin><ymin>36</ymin><xmax>55</xmax><ymax>41</ymax></bndbox></object><object><name>proposal</name><bndbox><xmin>316</xmin><ymin>5</ymin><xmax>33</xmax><ymax>51</ymax></bndbox></object><object><name>proposal</name><bndbox><xmin>187</xmin><ymin>22</ymin><xmax>45</xmax><ymax>45</ymax></bndbox></object><object><name>proposal</name><bndbox><xmin>176</xmin><ymin>21</ymin><xmax>80</xmax><ymax>89</ymax></bndbox></object><object><name>proposal</name><bndbox><xmin>3</xmin><ymin>6</ymin><xmax>119</xmax><ymax>289</ymax></bndbox></object><object><name>proposal</name><bndbox><xmin>68</xmin><ymin>39</ymin><xmax>132</xmax><ymax>160</ymax></bndbox></object><object><name>proposal</name><bndbox><xmin>177</xmin><ymin>9</ymin><xmax>85</xmax><ymax>43</ymax></bndbox></object><object><name>proposal</name><bndbox><xmin>343</xmin><ymin>19</ymin><xmax>57</xmax><ymax>53</ymax></bndbox></object><object><name>proposal</name><bndbox><xmin>176</xmin><ymin>212</ymin><xmax>72</xmax><ymax>51</ymax></bndbox></object><object><name>proposal</name><bndbox><xmin>122</xmin><ymin>54</ymin><xmax>61</xmax><ymax>30</ymax></bndbox></object><object><name>proposal</name><bndbox><xmin>105</xmin><ymin>1</ymin><xmax>97</xmax><ymax>61</ymax></bndbox></object><object><name>proposal</name><bndbox><xmin>94</xmin><ymin>79</ymin><xmax>32</xmax><ymax>24</ymax></bndbox></object><object><name>proposal</name><bndbox><xmin>270</xmin><ymin>1</ymin><xmax>64</xmax><ymax>59</ymax></bndbox></object><object><name>proposal</name><bndbox><xmin>161</xmin><ymin>40</ymin><xmax>67</xmax><ymax>135</ymax></bndbox></object><object><name>proposal</name><bndbox><xmin>177</xmin><ymin>187</ymin><xmax>60</xmax><ymax>47</ymax></bndbox></object><object><name>proposal</name><bndbox><xmin>88</xmin><ymin>36</ymin><xmax>149</xmax><ymax>96</ymax></bndbox></object><object><name>proposal</name><bndbox><xmin>4</xmin><ymin>18</ymin><xmax>89</xmax><ymax>168</ymax></bndbox></object><object><name>proposal</name><bndbox><xmin>122</xmin><ymin>157</ymin><xmax>47</xmax><ymax>25</ymax></bndbox></object><object><name>proposal</name><bndbox><xmin>124</xmin><ymin>26</ymin><xmax>72</xmax><ymax>115</ymax></bndbox></object><object><name>proposal</name><bndbox><xmin>170</xmin><ymin>36</ymin><xmax>71</xmax><ymax>197</ymax></bndbox></object><object><name>proposal</name><bndbox><xmin>56</xmin><ymin>58</ymin><xmax>202</xmax><ymax>123</ymax></bndbox></object><object><name>proposal</name><bndbox><xmin>125</xmin><ymin>52</ymin><xmax>93</xmax><ymax>199</ymax></bndbox></object><object><name>proposal</name><bndbox><xmin>105</xmin><ymin>1</ymin><xmax>54</xmax><ymax>37</ymax></bndbox></object><object><name>proposal</name><bndbox><xmin>179</xmin><ymin>1</ymin><xmax>44</xmax><ymax>70</ymax></bndbox></object><object><name>proposal</name><bndbox><xmin>404</xmin><ymin>44</ymin><xmax>45</xmax><ymax>31</ymax></bndbox></object><object><name>proposal</name><bndbox><xmin>193</xmin><ymin>145</ymin><xmax>34</xmax><ymax>50</ymax></bndbox></object><object><name>proposal</name><bndbox><xmin>176</xmin><ymin>40</ymin><xmax>67</xmax><ymax>135</ymax></bndbox></object><object><name>proposal</name><bndbox><xmin>414</xmin><ymin>8</ymin><xmax>31</xmax><ymax>42</ymax></bndbox></object><object><name>proposal</name><bndbox><xmin>177</xmin><ymin>145</ymin><xmax>61</xmax><ymax>89</ymax></bndbox></object><object><name>proposal</name><bndbox><xmin>334</xmin><ymin>24</ymin><xmax>113</xmax><ymax>76</ymax></bndbox></object><object><name>proposal</name><bndbox><xmin>193</xmin><ymin>145</ymin><xmax>28</xmax><ymax>35</ymax></bndbox></object><object><name>proposal</name><bndbox><xmin>348</xmin><ymin>6</ymin><xmax>74</xmax><ymax>59</ymax></bndbox></object><object><name>proposal</name><bndbox><xmin>90</xmin><ymin>64</ymin><xmax>102</xmax><ymax>119</ymax></bndbox></object><object><name>proposal</name><bndbox><xmin>350</xmin><ymin>18</ymin><xmax>97</xmax><ymax>215</ymax></bndbox></object><object><name>proposal</name><bndbox><xmin>125</xmin><ymin>57</ymin><xmax>76</xmax><ymax>92</ymax></bndbox></object><object><name>proposal</name><bndbox><xmin>176</xmin><ymin>14</ymin><xmax>115</xmax><ymax>110</ymax></bndbox></object><object><name>proposal</name><bndbox><xmin>179</xmin><ymin>27</ymin><xmax>67</xmax><ymax>43</ymax></bndbox></object><object><name>proposal</name><bndbox><xmin>57</xmin><ymin>59</ymin><xmax>138</xmax><ymax>89</ymax></bndbox></object><object><name>proposal</name><bndbox><xmin>177</xmin><ymin>206</ymin><xmax>61</xmax><ymax>28</ymax></bndbox></object><object><name>proposal</name><bndbox><xmin>176</xmin><ymin>4</ymin><xmax>122</xmax><ymax>60</ymax></bndbox></object><object><name>proposal</name><bndbox><xmin>95</xmin><ymin>60</ymin><xmax>141</xmax><ymax>189</ymax></bndbox></object><object><name>proposal</name><bndbox><xmin>209</xmin><ymin>43</ymin><xmax>68</xmax><ymax>71</ymax></bndbox></object><object><name>proposal</name><bndbox><xmin>120</xmin><ymin>6</ymin><xmax>42</xmax><ymax>31</ymax></bndbox></object><object><name>proposal</name><bndbox><xmin>237</xmin><ymin>6</ymin><xmax>61</xmax><ymax>28</ymax></bndbox></object><object><name>proposal</name><bndbox><xmin>296</xmin><ymin>4</ymin><xmax>33</xmax><ymax>45</ymax></bndbox></object><object><name>proposal</name><bndbox><xmin>225</xmin><ymin>18</ymin><xmax>158</xmax><ymax>235</ymax></bndbox></object><object><name>proposal</name><bndbox><xmin>176</xmin><ymin>212</ymin><xmax>64</xmax><ymax>36</ymax></bndbox></object><object><name>proposal</name><bndbox><xmin>364</xmin><ymin>10</ymin><xmax>37</xmax><ymax>54</ymax></bndbox></object><object><name>proposal</name><bndbox><xmin>137</xmin><ymin>18</ymin><xmax>97</xmax><ymax>61</ymax></bndbox></object><object><name>proposal</name><bndbox><xmin>204</xmin><ymin>68</ymin><xmax>55</xmax><ymax>44</ymax></bndbox></object><object><name>proposal</name><bndbox><xmin>173</xmin><ymin>22</ymin><xmax>91</xmax><ymax>43</ymax></bndbox></object><object><name>proposal</name><bndbox><xmin>111</xmin><ymin>54</ymin><xmax>69</xmax><ymax>115</ymax></bndbox></object><object><name>proposal</name><bndbox><xmin>214</xmin><ymin>243</ymin><xmax>41</xmax><ymax>52</ymax></bndbox></object><object><name>proposal</name><bndbox><xmin>247</xmin><ymin>6</ymin><xmax>165</xmax><ymax>199</ymax></bndbox></object><object><name>proposal</name><bndbox><xmin>10</xmin><ymin>37</ymin><xmax>43</xmax><ymax>54</ymax></bndbox></object><object><name>proposal</name><bndbox><xmin>315</xmin><ymin>5</ymin><xmax>70</xmax><ymax>47</ymax></bndbox></object><object><name>proposal</name><bndbox><xmin>177</xmin><ymin>49</ymin><xmax>56</xmax><ymax>93</ymax></bndbox></object><object><name>proposal</name><bndbox><xmin>95</xmin><ymin>22</ymin><xmax>96</xmax><ymax>228</ymax></bndbox></object><object><name>proposal</name><bndbox><xmin>210</xmin><ymin>98</ymin><xmax>49</xmax><ymax>63</ymax></bndbox></object><object><name>proposal</name><bndbox><xmin>177</xmin><ymin>48</ymin><xmax>89</xmax><ymax>220</ymax></bndbox></object><object><name>proposal</name><bndbox><xmin>125</xmin><ymin>140</ymin><xmax>91</xmax><ymax>41</ymax></bndbox></object><object><name>proposal</name><bndbox><xmin>406</xmin><ymin>1</ymin><xmax>42</xmax><ymax>49</ymax></bndbox></object><object><name>proposal</name><bndbox><xmin>86</xmin><ymin>66</ymin><xmax>108</xmax><ymax>57</ymax></bndbox></object><object><name>proposal</name><bndbox><xmin>245</xmin><ymin>40</ymin><xmax>203</xmax><ymax>136</ymax></bndbox></object><object><name>proposal</name><bndbox><xmin>388</xmin><ymin>17</ymin><xmax>59</xmax><ymax>108</ymax></bndbox></object><object><name>proposal</name><bndbox><xmin>381</xmin><ymin>5</ymin><xmax>65</xmax><ymax>169</ymax></bndbox></object><object><name>proposal</name><bndbox><xmin>407</xmin><ymin>36</ymin><xmax>42</xmax><ymax>33</ymax></bndbox></object><object><name>proposal</name><bndbox><xmin>192</xmin><ymin>98</ymin><xmax>68</xmax><ymax>77</ymax></bndbox></object><object><name>proposal</name><bndbox><xmin>124</xmin><ymin>51</ymin><xmax>79</xmax><ymax>37</ymax></bndbox></object><object><name>proposal</name><bndbox><xmin>176</xmin><ymin>212</ymin><xmax>80</xmax><ymax>77</ymax></bndbox></object><object><name>proposal</name><bndbox><xmin>125</xmin><ymin>157</ymin><xmax>111</xmax><ymax>78</ymax></bndbox></object><object><name>proposal</name><bndbox><xmin>232</xmin><ymin>6</ymin><xmax>78</xmax><ymax>53</ymax></bndbox></object><object><name>proposal</name><bndbox><xmin>94</xmin><ymin>94</ymin><xmax>31</xmax><ymax>37</ymax></bndbox></object><object><name>proposal</name><bndbox><xmin>124</xmin><ymin>68</ymin><xmax>92</xmax><ymax>124</ymax></bndbox></object><object><name>proposal</name><bndbox><xmin>77</xmin><ymin>46</ymin><xmax>151</xmax><ymax>64</ymax></bndbox></object><object><name>proposal</name><bndbox><xmin>93</xmin><ymin>94</ymin><xmax>122</xmax><ymax>87</ymax></bndbox></object><object><name>proposal</name><bndbox><xmin>94</xmin><ymin>95</ymin><xmax>32</xmax><ymax>24</ymax></bndbox></object><object><name>proposal</name><bndbox><xmin>208</xmin><ymin>99</ymin><xmax>51</xmax><ymax>25</ymax></bndbox></object><object><name>proposal</name><bndbox><xmin>177</xmin><ymin>23</ymin><xmax>55</xmax><ymax>29</ymax></bndbox></object><object><name>proposal</name><bndbox><xmin>236</xmin><ymin>9</ymin><xmax>51</xmax><ymax>35</ymax></bndbox></object><object><name>proposal</name><bndbox><xmin>95</xmin><ymin>95</ymin><xmax>45</xmax><ymax>53</ymax></bndbox></object><object><name>proposal</name><bndbox><xmin>347</xmin><ymin>19</ymin><xmax>29</xmax><ymax>51</ymax></bndbox></object><object><name>proposal</name><bndbox><xmin>366</xmin><ymin>10</ymin><xmax>54</xmax><ymax>37</ymax></bndbox></object><object><name>proposal</name><bndbox><xmin>176</xmin><ymin>186</ymin><xmax>80</xmax><ymax>80</ymax></bndbox></object><object><name>proposal</name><bndbox><xmin>156</xmin><ymin>49</ymin><xmax>123</xmax><ymax>97</ymax></bndbox></object><object><name>proposal</name><bndbox><xmin>206</xmin><ymin>9</ymin><xmax>91</xmax><ymax>41</ymax></bndbox></object><object><name>proposal</name><bndbox><xmin>25</xmin><ymin>1</ymin><xmax>99</xmax><ymax>43</ymax></bndbox></object><object><name>proposal</name><bndbox><xmin>178</xmin><ymin>209</ymin><xmax>103</xmax><ymax>57</ymax></bndbox></object><object><name>proposal</name><bndbox><xmin>31</xmin><ymin>37</ymin><xmax>69</xmax><ymax>97</ymax></bndbox></object><object><name>proposal</name><bndbox><xmin>99</xmin><ymin>4</ymin><xmax>91</xmax><ymax>33</ymax></bndbox></object><object><name>proposal</name><bndbox><xmin>161</xmin><ymin>70</ymin><xmax>95</xmax><ymax>41</ymax></bndbox></object><object><name>proposal</name><bndbox><xmin>187</xmin><ymin>31</ymin><xmax>37</xmax><ymax>37</ymax></bndbox></object><object><name>proposal</name><bndbox><xmin>369</xmin><ymin>32</ymin><xmax>31</xmax><ymax>39</ymax></bndbox></object><object><name>proposal</name><bndbox><xmin>192</xmin><ymin>97</ymin><xmax>66</xmax><ymax>53</ymax></bndbox></object><object><name>proposal</name><bndbox><xmin>105</xmin><ymin>5</ymin><xmax>55</xmax><ymax>50</ymax></bndbox></object><object><name>proposal</name><bndbox><xmin>238</xmin><ymin>19</ymin><xmax>71</xmax><ymax>32</ymax></bndbox></object><object><name>proposal</name><bndbox><xmin>116</xmin><ymin>68</ymin><xmax>61</xmax><ymax>28</ymax></bndbox></object><object><name>proposal</name><bndbox><xmin>160</xmin><ymin>58</ymin><xmax>69</xmax><ymax>53</ymax></bndbox></object><object><name>proposal</name><bndbox><xmin>176</xmin><ymin>47</ymin><xmax>51</xmax><ymax>29</ymax></bndbox></object><object><name>proposal</name><bndbox><xmin>414</xmin><ymin>18</ymin><xmax>32</xmax><ymax>66</ymax></bndbox></object><object><name>proposal</name><bndbox><xmin>3</xmin><ymin>8</ymin><xmax>65</xmax><ymax>156</ymax></bndbox></object><object><name>proposal</name><bndbox><xmin>169</xmin><ymin>143</ymin><xmax>50</xmax><ymax>91</ymax></bndbox></object><object><name>proposal</name><bndbox><xmin>124</xmin><ymin>64</ymin><xmax>95</xmax><ymax>56</ymax></bndbox></object><object><name>proposal</name><bndbox><xmin>161</xmin><ymin>96</ymin><xmax>31</xmax><ymax>31</ymax></bndbox></object><object><name>proposal</name><bndbox><xmin>112</xmin><ymin>16</ymin><xmax>88</xmax><ymax>39</ymax></bndbox></object><object><name>proposal</name><bndbox><xmin>95</xmin><ymin>76</ymin><xmax>39</xmax><ymax>29</ymax></bndbox></object><object><name>proposal</name><bndbox><xmin>313</xmin><ymin>5</ymin><xmax>73</xmax><ymax>97</ymax></bndbox></object><object><name>proposal</name><bndbox><xmin>178</xmin><ymin>99</ymin><xmax>88</xmax><ymax>134</ymax></bndbox></object><object><name>proposal</name><bndbox><xmin>316</xmin><ymin>1</ymin><xmax>47</xmax><ymax>60</ymax></bndbox></object><object><name>proposal</name><bndbox><xmin>96</xmin><ymin>64</ymin><xmax>29</xmax><ymax>42</ymax></bndbox></object><object><name>proposal</name><bndbox><xmin>95</xmin><ymin>88</ymin><xmax>163</xmax><ymax>87</ymax></bndbox></object><object><name>proposal</name><bndbox><xmin>56</xmin><ymin>95</ymin><xmax>69</xmax><ymax>49</ymax></bndbox></object><object><name>proposal</name><bndbox><xmin>206</xmin><ymin>26</ymin><xmax>84</xmax><ymax>128</ymax></bndbox></object><object><name>proposal</name><bndbox><xmin>129</xmin><ymin>212</ymin><xmax>127</xmax><ymax>54</ymax></bndbox></object><object><name>proposal</name><bndbox><xmin>94</xmin><ymin>67</ymin><xmax>231</xmax><ymax>199</ymax></bndbox></object><object><name>proposal</name><bndbox><xmin>105</xmin><ymin>153</ymin><xmax>61</xmax><ymax>28</ymax></bndbox></object><object><name>proposal</name><bndbox><xmin>157</xmin><ymin>95</ymin><xmax>103</xmax><ymax>63</ymax></bndbox></object><object><name>proposal</name><bndbox><xmin>381</xmin><ymin>5</ymin><xmax>65</xmax><ymax>36</ymax></bndbox></object><object><name>proposal</name><bndbox><xmin>214</xmin><ymin>243</ymin><xmax>42</xmax><ymax>29</ymax></bndbox></object><object><name>proposal</name><bndbox><xmin>121</xmin><ymin>6</ymin><xmax>83</xmax><ymax>112</ymax></bndbox></object><object><name>proposal</name><bndbox><xmin>125</xmin><ymin>93</ymin><xmax>135</xmax><ymax>173</ymax></bndbox></object><object><name>proposal</name><bndbox><xmin>148</xmin><ymin>5</ymin><xmax>45</xmax><ymax>51</ymax></bndbox></object><object><name>proposal</name><bndbox><xmin>127</xmin><ymin>211</ymin><xmax>128</xmax><ymax>85</ymax></bndbox></object><object><name>proposal</name><bndbox><xmin>88</xmin><ymin>89</ymin><xmax>44</xmax><ymax>60</ymax></bndbox></object><object><name>proposal</name><bndbox><xmin>381</xmin><ymin>18</ymin><xmax>69</xmax><ymax>64</ymax></bndbox></object><object><name>proposal</name><bndbox><xmin>286</xmin><ymin>4</ymin><xmax>33</xmax><ymax>45</ymax></bndbox></object><object><name>proposal</name><bndbox><xmin>343</xmin><ymin>7</ymin><xmax>84</xmax><ymax>137</ymax></bndbox></object><object><name>proposal</name><bndbox><xmin>253</xmin><ymin>6</ymin><xmax>42</xmax><ymax>33</ymax></bndbox></object><object><name>proposal</name><bndbox><xmin>58</xmin><ymin>94</ymin><xmax>133</xmax><ymax>87</ymax></bndbox></object><object><name>proposal</name><bndbox><xmin>328</xmin><ymin>19</ymin><xmax>43</xmax><ymax>54</ymax></bndbox></object><object><name>proposal</name><bndbox><xmin>267</xmin><ymin>4</ymin><xmax>62</xmax><ymax>37</ymax></bndbox></object><object><name>proposal</name><bndbox><xmin>104</xmin><ymin>144</ymin><xmax>133</xmax><ymax>101</ymax></bndbox></object><object><name>proposal</name><bndbox><xmin>317</xmin><ymin>5</ymin><xmax>99</xmax><ymax>43</ymax></bndbox></object><object><name>proposal</name><bndbox><xmin>215</xmin><ymin>18</ymin><xmax>111</xmax><ymax>160</ymax></bndbox></object><object><name>proposal</name><bndbox><xmin>158</xmin><ymin>59</ymin><xmax>45</xmax><ymax>49</ymax></bndbox></object><object><name>proposal</name><bndbox><xmin>209</xmin><ymin>75</ymin><xmax>70</xmax><ymax>37</ymax></bndbox></object><object><name>proposal</name><bndbox><xmin>4</xmin><ymin>37</ymin><xmax>37</xmax><ymax>54</ymax></bndbox></object><object><name>proposal</name><bndbox><xmin>376</xmin><ymin>6</ymin><xmax>43</xmax><ymax>54</ymax></bndbox></object><object><name>proposal</name><bndbox><xmin>1</xmin><ymin>75</ymin><xmax>89</xmax><ymax>69</ymax></bndbox></object><object><name>proposal</name><bndbox><xmin>193</xmin><ymin>97</ymin><xmax>80</xmax><ymax>100</ymax></bndbox></object><object><name>proposal</name><bndbox><xmin>81</xmin><ymin>49</ymin><xmax>100</xmax><ymax>54</ymax></bndbox></object><object><name>proposal</name><bndbox><xmin>176</xmin><ymin>143</ymin><xmax>93</xmax><ymax>92</ymax></bndbox></object><object><name>proposal</name><bndbox><xmin>11</xmin><ymin>8</ymin><xmax>39</xmax><ymax>31</ymax></bndbox></object><object><name>proposal</name><bndbox><xmin>147</xmin><ymin>183</ymin><xmax>91</xmax><ymax>50</ymax></bndbox></object><object><name>proposal</name><bndbox><xmin>280</xmin><ymin>5</ymin><xmax>44</xmax><ymax>28</ymax></bndbox></object><object><name>proposal</name><bndbox><xmin>167</xmin><ymin>5</ymin><xmax>25</xmax><ymax>47</ymax></bndbox></object><object><name>proposal</name><bndbox><xmin>77</xmin><ymin>79</ymin><xmax>51</xmax><ymax>25</ymax></bndbox></object><object><name>proposal</name><bndbox><xmin>192</xmin><ymin>140</ymin><xmax>45</xmax><ymax>60</ymax></bndbox></object><object><name>proposal</name><bndbox><xmin>316</xmin><ymin>19</ymin><xmax>67</xmax><ymax>40</ymax></bndbox></object><object><name>proposal</name><bndbox><xmin>192</xmin><ymin>244</ymin><xmax>63</xmax><ymax>49</ymax></bndbox></object><object><name>proposal</name><bndbox><xmin>209</xmin><ymin>97</ymin><xmax>69</xmax><ymax>49</ymax></bndbox></object><object><name>proposal</name><bndbox><xmin>240</xmin><ymin>3</ymin><xmax>59</xmax><ymax>23</ymax></bndbox></object><object><name>proposal</name><bndbox><xmin>86</xmin><ymin>16</ymin><xmax>117</xmax><ymax>90</ymax></bndbox></object><object><name>proposal</name><bndbox><xmin>128</xmin><ymin>5</ymin><xmax>75</xmax><ymax>50</ymax></bndbox></object><object><name>proposal</name><bndbox><xmin>178</xmin><ymin>174</ymin><xmax>101</xmax><ymax>94</ymax></bndbox></object><object><name>proposal</name><bndbox><xmin>177</xmin><ymin>51</ymin><xmax>57</xmax><ymax>61</ymax></bndbox></object><object><name>proposal</name><bndbox><xmin>176</xmin><ymin>5</ymin><xmax>49</xmax><ymax>49</ymax></bndbox></object><object><name>proposal</name><bndbox><xmin>93</xmin><ymin>93</ymin><xmax>76</xmax><ymax>88</ymax></bndbox></object><object><name>proposal</name><bndbox><xmin>24</xmin><ymin>49</ymin><xmax>105</xmax><ymax>54</ymax></bndbox></object><object><name>proposal</name><bndbox><xmin>58</xmin><ymin>93</ymin><xmax>135</xmax><ymax>55</ymax></bndbox></object><object><name>proposal</name><bndbox><xmin>213</xmin><ymin>19</ymin><xmax>97</xmax><ymax>39</ymax></bndbox></object><object><name>proposal</name><bndbox><xmin>161</xmin><ymin>96</ymin><xmax>99</xmax><ymax>36</ymax></bndbox></object><object><name>proposal</name><bndbox><xmin>122</xmin><ymin>51</ymin><xmax>69</xmax><ymax>64</ymax></bndbox></object><object><name>proposal</name><bndbox><xmin>157</xmin><ymin>138</ymin><xmax>93</xmax><ymax>97</ymax></bndbox></object><object><name>proposal</name><bndbox><xmin>21</xmin><ymin>4</ymin><xmax>31</xmax><ymax>39</ymax></bndbox></object><object><name>proposal</name><bndbox><xmin>179</xmin><ymin>1</ymin><xmax>45</xmax><ymax>33</ymax></bndbox></object><object><name>proposal</name><bndbox><xmin>195</xmin><ymin>23</ymin><xmax>27</xmax><ymax>47</ymax></bndbox></object><object><name>proposal</name><bndbox><xmin>273</xmin><ymin>5</ymin><xmax>42</xmax><ymax>21</ymax></bndbox></object><object><name>proposal</name><bndbox><xmin>124</xmin><ymin>142</ymin><xmax>144</xmax><ymax>93</ymax></bndbox></object><object><name>proposal</name><bndbox><xmin>123</xmin><ymin>96</ymin><xmax>135</xmax><ymax>99</ymax></bndbox></object><object><name>proposal</name><bndbox><xmin>176</xmin><ymin>93</ymin><xmax>122</xmax><ymax>173</ymax></bndbox></object><object><name>proposal</name><bndbox><xmin>160</xmin><ymin>70</ymin><xmax>31</xmax><ymax>37</ymax></bndbox></object><object><name>proposal</name><bndbox><xmin>1</xmin><ymin>65</ymin><xmax>190</xmax><ymax>107</ymax></bndbox></object><object><name>proposal</name><bndbox><xmin>191</xmin><ymin>145</ymin><xmax>24</xmax><ymax>41</ymax></bndbox></object><object><name>proposal</name><bndbox><xmin>96</xmin><ymin>94</ymin><xmax>30</xmax><ymax>56</ymax></bndbox></object><object><name>proposal</name><bndbox><xmin>176</xmin><ymin>183</ymin><xmax>96</xmax><ymax>50</ymax></bndbox></object><object><name>proposal</name><bndbox><xmin>105</xmin><ymin>157</ymin><xmax>46</xmax><ymax>21</ymax></bndbox></object><object><name>proposal</name><bndbox><xmin>183</xmin><ymin>56</ymin><xmax>44</xmax><ymax>65</ymax></bndbox></object><object><name>proposal</name><bndbox><xmin>345</xmin><ymin>1</ymin><xmax>41</xmax><ymax>70</ymax></bndbox></object><object><name>proposal</name><bndbox><xmin>187</xmin><ymin>47</ymin><xmax>77</xmax><ymax>92</ymax></bndbox></object><object><name>proposal</name><bndbox><xmin>274</xmin><ymin>6</ymin><xmax>128</xmax><ymax>252</ymax></bndbox></object><object><name>proposal</name><bndbox><xmin>204</xmin><ymin>7</ymin><xmax>58</xmax><ymax>34</ymax></bndbox></object><object><name>proposal</name><bndbox><xmin>182</xmin><ymin>36</ymin><xmax>56</xmax><ymax>30</ymax></bndbox></object><object><name>proposal</name><bndbox><xmin>215</xmin><ymin>244</ymin><xmax>63</xmax><ymax>49</ymax></bndbox></object><object><name>proposal</name><bndbox><xmin>373</xmin><ymin>10</ymin><xmax>28</xmax><ymax>35</ymax></bndbox></object><object><name>proposal</name><bndbox><xmin>124</xmin><ymin>132</ymin><xmax>91</xmax><ymax>117</ymax></bndbox></object><object><name>proposal</name><bndbox><xmin>67</xmin><ymin>45</ymin><xmax>69</xmax><ymax>69</ymax></bndbox></object><object><name>proposal</name><bndbox><xmin>96</xmin><ymin>134</ymin><xmax>118</xmax><ymax>48</ymax></bndbox></object><object><name>proposal</name><bndbox><xmin>57</xmin><ymin>106</ymin><xmax>75</xmax><ymax>43</ymax></bndbox></object><object><name>proposal</name><bndbox><xmin>73</xmin><ymin>94</ymin><xmax>64</xmax><ymax>54</ymax></bndbox></object><object><name>proposal</name><bndbox><xmin>137</xmin><ymin>35</ymin><xmax>103</xmax><ymax>41</ymax></bndbox></object><object><name>proposal</name><bndbox><xmin>249</xmin><ymin>4</ymin><xmax>70</xmax><ymax>41</ymax></bndbox></object><object><name>proposal</name><bndbox><xmin>135</xmin><ymin>5</ymin><xmax>96</xmax><ymax>51</ymax></bndbox></object><object><name>proposal</name><bndbox><xmin>213</xmin><ymin>1</ymin><xmax>58</xmax><ymax>40</ymax></bndbox></object><object><name>proposal</name><bndbox><xmin>151</xmin><ymin>3</ymin><xmax>39</xmax><ymax>31</ymax></bndbox></object><object><name>proposal</name><bndbox><xmin>124</xmin><ymin>157</ymin><xmax>42</xmax><ymax>96</ymax></bndbox></object><object><name>proposal</name><bndbox><xmin>256</xmin><ymin>1</ymin><xmax>35</xmax><ymax>26</ymax></bndbox></object><object><name>proposal</name><bndbox><xmin>361</xmin><ymin>5</ymin><xmax>39</xmax><ymax>45</ymax></bndbox></object><object><name>proposal</name><bndbox><xmin>161</xmin><ymin>53</ymin><xmax>61</xmax><ymax>84</ymax></bndbox></object><object><name>proposal</name><bndbox><xmin>178</xmin><ymin>17</ymin><xmax>55</xmax><ymax>103</ymax></bndbox></object><object><name>proposal</name><bndbox><xmin>109</xmin><ymin>16</ymin><xmax>50</xmax><ymax>21</ymax></bndbox></object><object><name>proposal</name><bndbox><xmin>95</xmin><ymin>134</ymin><xmax>72</xmax><ymax>53</ymax></bndbox></object><object><name>proposal</name><bndbox><xmin>190</xmin><ymin>145</ymin><xmax>50</xmax><ymax>34</ymax></bndbox></object><object><name>proposal</name><bndbox><xmin>195</xmin><ymin>1</ymin><xmax>58</xmax><ymax>40</ymax></bndbox></object><object><name>proposal</name><bndbox><xmin>269</xmin><ymin>5</ymin><xmax>108</xmax><ymax>84</ymax></bndbox></object><object><name>proposal</name><bndbox><xmin>91</xmin><ymin>51</ymin><xmax>34</xmax><ymax>54</ymax></bndbox></object><object><name>proposal</name><bndbox><xmin>86</xmin><ymin>70</ymin><xmax>46</xmax><ymax>34</ymax></bndbox></object><object><name>proposal</name><bndbox><xmin>55</xmin><ymin>94</ymin><xmax>203</xmax><ymax>140</ymax></bndbox></object><object><name>proposal</name><bndbox><xmin>129</xmin><ymin>130</ymin><xmax>24</xmax><ymax>38</ymax></bndbox></object><object><name>proposal</name><bndbox><xmin>3</xmin><ymin>73</ymin><xmax>45</xmax><ymax>84</ymax></bndbox></object><object><name>proposal</name><bndbox><xmin>383</xmin><ymin>12</ymin><xmax>50</xmax><ymax>60</ymax></bndbox></object><object><name>proposal</name><bndbox><xmin>124</xmin><ymin>145</ymin><xmax>91</xmax><ymax>50</ymax></bndbox></object><object><name>proposal</name><bndbox><xmin>193</xmin><ymin>95</ymin><xmax>77</xmax><ymax>173</ymax></bndbox></object><object><name>proposal</name><bndbox><xmin>177</xmin><ymin>140</ymin><xmax>78</xmax><ymax>136</ymax></bndbox></object><object><name>proposal</name><bndbox><xmin>56</xmin><ymin>95</ymin><xmax>77</xmax><ymax>80</ymax></bndbox></object><object><name>proposal</name><bndbox><xmin>124</xmin><ymin>114</ymin><xmax>93</xmax><ymax>69</ymax></bndbox></object><object><name>proposal</name><bndbox><xmin>197</xmin><ymin>7</ymin><xmax>114</xmax><ymax>127</ymax></bndbox></object><object><name>proposal</name><bndbox><xmin>1</xmin><ymin>73</ymin><xmax>124</xmax><ymax>55</ymax></bndbox></object><object><name>proposal</name><bndbox><xmin>210</xmin><ymin>29</ymin><xmax>56</xmax><ymax>117</ymax></bndbox></object><object><name>proposal</name><bndbox><xmin>123</xmin><ymin>141</ymin><xmax>45</xmax><ymax>42</ymax></bndbox></object><object><name>proposal</name><bndbox><xmin>151</xmin><ymin>76</ymin><xmax>42</xmax><ymax>29</ymax></bndbox></object><object><name>proposal</name><bndbox><xmin>137</xmin><ymin>22</ymin><xmax>115</xmax><ymax>43</ymax></bndbox></object><object><name>proposal</name><bndbox><xmin>1</xmin><ymin>50</ymin><xmax>48</xmax><ymax>48</ymax></bndbox></object><object><name>proposal</name><bndbox><xmin>1</xmin><ymin>26</ymin><xmax>123</xmax><ymax>136</ymax></bndbox></object><object><name>proposal</name><bndbox><xmin>214</xmin><ymin>1</ymin><xmax>37</xmax><ymax>40</ymax></bndbox></object><object><name>proposal</name><bndbox><xmin>194</xmin><ymin>36</ymin><xmax>64</xmax><ymax>140</ymax></bndbox></object><object><name>proposal</name><bndbox><xmin>92</xmin><ymin>45</ymin><xmax>47</xmax><ymax>65</ymax></bndbox></object><object><name>proposal</name><bndbox><xmin>125</xmin><ymin>142</ymin><xmax>131</xmax><ymax>137</ymax></bndbox></object><object><name>proposal</name><bndbox><xmin>176</xmin><ymin>209</ymin><xmax>43</xmax><ymax>91</ymax></bndbox></object><object><name>proposal</name><bndbox><xmin>177</xmin><ymin>196</ymin><xmax>83</xmax><ymax>41</ymax></bndbox></object><object><name>proposal</name><bndbox><xmin>160</xmin><ymin>23</ymin><xmax>70</xmax><ymax>35</ymax></bndbox></object><object><name>proposal</name><bndbox><xmin>196</xmin><ymin>36</ymin><xmax>31</xmax><ymax>31</ymax></bndbox></object><object><name>proposal</name><bndbox><xmin>339</xmin><ymin>33</ymin><xmax>70</xmax><ymax>37</ymax></bndbox></object><object><name>proposal</name><bndbox><xmin>262</xmin><ymin>18</ymin><xmax>109</xmax><ymax>156</ymax></bndbox></object><object><name>proposal</name><bndbox><xmin>366</xmin><ymin>22</ymin><xmax>58</xmax><ymax>40</ymax></bndbox></object><object><name>proposal</name><bndbox><xmin>76</xmin><ymin>134</ymin><xmax>76</xmax><ymax>37</ymax></bndbox></object><object><name>proposal</name><bndbox><xmin>1</xmin><ymin>5</ymin><xmax>53</xmax><ymax>45</ymax></bndbox></object><object><name>proposal</name><bndbox><xmin>96</xmin><ymin>42</ymin><xmax>72</xmax><ymax>145</ymax></bndbox></object><object><name>proposal</name><bndbox><xmin>121</xmin><ymin>96</ymin><xmax>193</xmax><ymax>154</ymax></bndbox></object><object><name>proposal</name><bndbox><xmin>210</xmin><ymin>60</ymin><xmax>100</xmax><ymax>52</ymax></bndbox></object><object><name>proposal</name><bndbox><xmin>105</xmin><ymin>157</ymin><xmax>62</xmax><ymax>37</ymax></bndbox></object><object><name>proposal</name><bndbox><xmin>82</xmin><ymin>45</ymin><xmax>47</xmax><ymax>65</ymax></bndbox></object><object><name>proposal</name><bndbox><xmin>178</xmin><ymin>144</ymin><xmax>151</xmax><ymax>122</ymax></bndbox></object><object><name>proposal</name><bndbox><xmin>137</xmin><ymin>41</ymin><xmax>96</xmax><ymax>96</ymax></bndbox></object><object><name>proposal</name><bndbox><xmin>157</xmin><ymin>209</ymin><xmax>80</xmax><ymax>91</ymax></bndbox></object><object><name>proposal</name><bndbox><xmin>348</xmin><ymin>5</ymin><xmax>53</xmax><ymax>53</ymax></bndbox></object><object><name>proposal</name><bndbox><xmin>162</xmin><ymin>14</ymin><xmax>135</xmax><ymax>62</ymax></bndbox></object><object><name>proposal</name><bndbox><xmin>238</xmin><ymin>6</ymin><xmax>147</xmax><ymax>142</ymax></bndbox></object><object><name>proposal</name><bndbox><xmin>317</xmin><ymin>13</ymin><xmax>28</xmax><ymax>35</ymax></bndbox></object><object><name>proposal</name><bndbox><xmin>58</xmin><ymin>106</ymin><xmax>37</xmax><ymax>37</ymax></bndbox></object><object><name>proposal</name><bndbox><xmin>4</xmin><ymin>75</ymin><xmax>135</xmax><ymax>73</ymax></bndbox></object><object><name>proposal</name><bndbox><xmin>154</xmin><ymin>95</ymin><xmax>83</xmax><ymax>138</ymax></bndbox></object><object><name>proposal</name><bndbox><xmin>165</xmin><ymin>4</ymin><xmax>26</xmax><ymax>32</ymax></bndbox></object><object><name>proposal</name><bndbox><xmin>246</xmin><ymin>1</ymin><xmax>45</xmax><ymax>42</ymax></bndbox></object><object><name>proposal</name><bndbox><xmin>93</xmin><ymin>94</ymin><xmax>69</xmax><ymax>56</ymax></bndbox></object><object><name>proposal</name><bndbox><xmin>160</xmin><ymin>14</ymin><xmax>75</xmax><ymax>94</ymax></bndbox></object><object><name>proposal</name><bndbox><xmin>118</xmin><ymin>1</ymin><xmax>58</xmax><ymax>37</ymax></bndbox></object><object><name>proposal</name><bndbox><xmin>155</xmin><ymin>166</ymin><xmax>103</xmax><ymax>67</ymax></bndbox></object><object><name>proposal</name><bndbox><xmin>105</xmin><ymin>142</ymin><xmax>70</xmax><ymax>39</ymax></bndbox></object><object><name>proposal</name><bndbox><xmin>388</xmin><ymin>19</ymin><xmax>31</xmax><ymax>48</ymax></bndbox></object><object><name>proposal</name><bndbox><xmin>57</xmin><ymin>89</ymin><xmax>170</xmax><ymax>106</ymax></bndbox></object><object><name>proposal</name><bndbox><xmin>161</xmin><ymin>81</ymin><xmax>95</xmax><ymax>37</ymax></bndbox></object><object><name>proposal</name><bndbox><xmin>210</xmin><ymin>96</ymin><xmax>48</xmax><ymax>100</ymax></bndbox></object><object><name>proposal</name><bndbox><xmin>359</xmin><ymin>32</ymin><xmax>93</xmax><ymax>72</ymax></bndbox></object><object><name>proposal</name><bndbox><xmin>190</xmin><ymin>98</ymin><xmax>112</xmax><ymax>76</ymax></bndbox></object><object><name>proposal</name><bndbox><xmin>325</xmin><ymin>20</ymin><xmax>53</xmax><ymax>69</ymax></bndbox></object><object><name>proposal</name><bndbox><xmin>388</xmin><ymin>5</ymin><xmax>55</xmax><ymax>27</ymax></bndbox></object><object><name>proposal</name><bndbox><xmin>97</xmin><ymin>133</ymin><xmax>37</xmax><ymax>40</ymax></bndbox></object><object><name>proposal</name><bndbox><xmin>161</xmin><ymin>95</ymin><xmax>42</xmax><ymax>20</ymax></bndbox></object><object><name>proposal</name><bndbox><xmin>182</xmin><ymin>57</ymin><xmax>65</xmax><ymax>44</ymax></bndbox></object><object><name>proposal</name><bndbox><xmin>161</xmin><ymin>96</ymin><xmax>193</xmax><ymax>171</ymax></bndbox></object><object><name>proposal</name><bndbox><xmin>236</xmin><ymin>19</ymin><xmax>74</xmax><ymax>145</ymax></bndbox></object><object><name>proposal</name><bndbox><xmin>127</xmin><ymin>48</ymin><xmax>66</xmax><ymax>28</ymax></bndbox></object><object><name>proposal</name><bndbox><xmin>104</xmin><ymin>147</ymin><xmax>47</xmax><ymax>25</ymax></bndbox></object><object><name>proposal</name><bndbox><xmin>184</xmin><ymin>22</ymin><xmax>35</xmax><ymax>48</ymax></bndbox></object><object><name>proposal</name><bndbox><xmin>157</xmin><ymin>16</ymin><xmax>34</xmax><ymax>37</ymax></bndbox></object><object><name>proposal</name><bndbox><xmin>103</xmin><ymin>155</ymin><xmax>63</xmax><ymax>103</ymax></bndbox></object><object><name>proposal</name><bndbox><xmin>122</xmin><ymin>153</ymin><xmax>61</xmax><ymax>28</ymax></bndbox></object><object><name>proposal</name><bndbox><xmin>157</xmin><ymin>196</ymin><xmax>79</xmax><ymax>41</ymax></bndbox></object><object><name>proposal</name><bndbox><xmin>196</xmin><ymin>171</ymin><xmax>32</xmax><ymax>24</ymax></bndbox></object><object><name>proposal</name><bndbox><xmin>158</xmin><ymin>95</ymin><xmax>39</xmax><ymax>39</ymax></bndbox></object><object><name>proposal</name><bndbox><xmin>95</xmin><ymin>93</ymin><xmax>37</xmax><ymax>79</ymax></bndbox></object><object><name>proposal</name><bndbox><xmin>313</xmin><ymin>5</ymin><xmax>99</xmax><ymax>219</ymax></bndbox></object><object><name>proposal</name><bndbox><xmin>160</xmin><ymin>93</ymin><xmax>56</xmax><ymax>81</ymax></bndbox></object><object><name>proposal</name><bndbox><xmin>190</xmin><ymin>187</ymin><xmax>50</xmax><ymax>37</ymax></bndbox></object><object><name>proposal</name><bndbox><xmin>193</xmin><ymin>144</ymin><xmax>33</xmax><ymax>79</ymax></bndbox></object><object><name>proposal</name><bndbox><xmin>415</xmin><ymin>49</ymin><xmax>34</xmax><ymax>26</ymax></bndbox></object><object><name>proposal</name><bndbox><xmin>123</xmin><ymin>155</ymin><xmax>45</xmax><ymax>45</ymax></bndbox></object><object><name>proposal</name><bndbox><xmin>176</xmin><ymin>145</ymin><xmax>49</xmax><ymax>53</ymax></bndbox></object><object><name>proposal</name><bndbox><xmin>316</xmin><ymin>40</ymin><xmax>42</xmax><ymax>48</ymax></bndbox></object><object><name>proposal</name><bndbox><xmin>51</xmin><ymin>44</ymin><xmax>39</xmax><ymax>85</ymax></bndbox></object><object><name>proposal</name><bndbox><xmin>345</xmin><ymin>19</ymin><xmax>26</xmax><ymax>41</ymax></bndbox></object><object><name>proposal</name><bndbox><xmin>417</xmin><ymin>66</ymin><xmax>32</xmax><ymax>33</ymax></bndbox></object><object><name>proposal</name><bndbox><xmin>189</xmin><ymin>144</ymin><xmax>69</xmax><ymax>56</ymax></bndbox></object><object><name>proposal</name><bndbox><xmin>170</xmin><ymin>49</ymin><xmax>46</xmax><ymax>107</ymax></bndbox></object><object><name>proposal</name><bndbox><xmin>161</xmin><ymin>50</ymin><xmax>32</xmax><ymax>61</ymax></bndbox></object><object><name>proposal</name><bndbox><xmin>181</xmin><ymin>43</ymin><xmax>46</xmax><ymax>21</ymax></bndbox></object><object><name>proposal</name><bndbox><xmin>15</xmin><ymin>33</ymin><xmax>27</xmax><ymax>59</ymax></bndbox></object><object><name>proposal</name><bndbox><xmin>57</xmin><ymin>44</ymin><xmax>45</xmax><ymax>84</ymax></bndbox></object><object><name>proposal</name><bndbox><xmin>193</xmin><ymin>133</ymin><xmax>21</xmax><ymax>42</ymax></bndbox></object><object><name>proposal</name><bndbox><xmin>424</xmin><ymin>5</ymin><xmax>21</xmax><ymax>46</ymax></bndbox></object><object><name>proposal</name><bndbox><xmin>183</xmin><ymin>50</ymin><xmax>45</xmax><ymax>48</ymax></bndbox></object><object><name>proposal</name><bndbox><xmin>75</xmin><ymin>133</ymin><xmax>175</xmax><ymax>137</ymax></bndbox></object><object><name>proposal</name><bndbox><xmin>214</xmin><ymin>194</ymin><xmax>41</xmax><ymax>75</ymax></bndbox></object><object><name>proposal</name><bndbox><xmin>96</xmin><ymin>120</ymin><xmax>118</xmax><ymax>54</ymax></bndbox></object><object><name>proposal</name><bndbox><xmin>365</xmin><ymin>32</ymin><xmax>48</xmax><ymax>39</ymax></bndbox></object><object><name>proposal</name><bndbox><xmin>123</xmin><ymin>106</ymin><xmax>44</xmax><ymax>75</ymax></bndbox></object><object><name>proposal</name><bndbox><xmin>404</xmin><ymin>16</ymin><xmax>48</xmax><ymax>29</ymax></bndbox></object><object><name>proposal</name><bndbox><xmin>193</xmin><ymin>125</ymin><xmax>37</xmax><ymax>71</ymax></bndbox></object><object><name>proposal</name><bndbox><xmin>177</xmin><ymin>1</ymin><xmax>71</xmax><ymax>32</ymax></bndbox></object><object><name>proposal</name><bndbox><xmin>81</xmin><ymin>163</ymin><xmax>138</xmax><ymax>87</ymax></bndbox></object><object><name>proposal</name><bndbox><xmin>276</xmin><ymin>18</ymin><xmax>109</xmax><ymax>190</ymax></bndbox></object><object><name>proposal</name><bndbox><xmin>352</xmin><ymin>53</ymin><xmax>96</xmax><ymax>69</ymax></bndbox></object><object><name>proposal</name><bndbox><xmin>215</xmin><ymin>177</ymin><xmax>51</xmax><ymax>89</ymax></bndbox></object><object><name>proposal</name><bndbox><xmin>36</xmin><ymin>145</ymin><xmax>202</xmax><ymax>104</ymax></bndbox></object><object><name>proposal</name><bndbox><xmin>423</xmin><ymin>64</ymin><xmax>27</xmax><ymax>45</ymax></bndbox></object><object><name>proposal</name><bndbox><xmin>124</xmin><ymin>157</ymin><xmax>72</xmax><ymax>103</ymax></bndbox></object><object><name>proposal</name><bndbox><xmin>75</xmin><ymin>95</ymin><xmax>77</xmax><ymax>77</ymax></bndbox></object><object><name>proposal</name><bndbox><xmin>72</xmin><ymin>67</ymin><xmax>55</xmax><ymax>38</ymax></bndbox></object><object><name>proposal</name><bndbox><xmin>94</xmin><ymin>95</ymin><xmax>55</xmax><ymax>38</ymax></bndbox></object><object><name>proposal</name><bndbox><xmin>201</xmin><ymin>22</ymin><xmax>29</xmax><ymax>45</ymax></bndbox></object><object><name>proposal</name><bndbox><xmin>178</xmin><ymin>22</ymin><xmax>37</xmax><ymax>34</ymax></bndbox></object><object><name>proposal</name><bndbox><xmin>85</xmin><ymin>85</ymin><xmax>42</xmax><ymax>21</ymax></bndbox></object><object><name>proposal</name><bndbox><xmin>176</xmin><ymin>178</ymin><xmax>182</xmax><ymax>89</ymax></bndbox></object><object><name>proposal</name><bndbox><xmin>173</xmin><ymin>243</ymin><xmax>83</xmax><ymax>40</ymax></bndbox></object><object><name>proposal</name><bndbox><xmin>161</xmin><ymin>94</ymin><xmax>30</xmax><ymax>61</ymax></bndbox></object><object><name>proposal</name><bndbox><xmin>192</xmin><ymin>17</ymin><xmax>70</xmax><ymax>105</ymax></bndbox></object><object><name>proposal</name><bndbox><xmin>4</xmin><ymin>40</ymin><xmax>87</xmax><ymax>202</ymax></bndbox></object><object><name>proposal</name><bndbox><xmin>58</xmin><ymin>105</ymin><xmax>33</xmax><ymax>70</ymax></bndbox></object><object><name>proposal</name><bndbox><xmin>208</xmin><ymin>212</ymin><xmax>40</xmax><ymax>50</ymax></bndbox></object><object><name>proposal</name><bndbox><xmin>343</xmin><ymin>31</ymin><xmax>34</xmax><ymax>37</ymax></bndbox></object><object><name>proposal</name><bndbox><xmin>10</xmin><ymin>24</ymin><xmax>37</xmax><ymax>62</ymax></bndbox></object><object><name>proposal</name><bndbox><xmin>393</xmin><ymin>10</ymin><xmax>54</xmax><ymax>40</ymax></bndbox></object><object><name>proposal</name><bndbox><xmin>57</xmin><ymin>106</ymin><xmax>45</xmax><ymax>48</ymax></bndbox></object><object><name>proposal</name><bndbox><xmin>1</xmin><ymin>59</ymin><xmax>131</xmax><ymax>126</ymax></bndbox></object><object><name>proposal</name><bndbox><xmin>177</xmin><ymin>51</ymin><xmax>107</xmax><ymax>45</ymax></bndbox></object><object><name>proposal</name><bndbox><xmin>8</xmin><ymin>1</ymin><xmax>42</xmax><ymax>31</ymax></bndbox></object><object><name>proposal</name><bndbox><xmin>66</xmin><ymin>39</ymin><xmax>75</xmax><ymax>111</ymax></bndbox></object><object><name>proposal</name><bndbox><xmin>145</xmin><ymin>19</ymin><xmax>51</xmax><ymax>29</ymax></bndbox></object><object><name>proposal</name><bndbox><xmin>171</xmin><ymin>12</ymin><xmax>60</xmax><ymax>50</ymax></bndbox></object><object><name>proposal</name><bndbox><xmin>129</xmin><ymin>148</ymin><xmax>46</xmax><ymax>21</ymax></bndbox></object><object><name>proposal</name><bndbox><xmin>84</xmin><ymin>36</ymin><xmax>67</xmax><ymax>135</ymax></bndbox></object><object><name>proposal</name><bndbox><xmin>140</xmin><ymin>3</ymin><xmax>51</xmax><ymax>25</ymax></bndbox></object><object><name>proposal</name><bndbox><xmin>316</xmin><ymin>5</ymin><xmax>43</xmax><ymax>79</ymax></bndbox></object><object><name>proposal</name><bndbox><xmin>121</xmin><ymin>95</ymin><xmax>197</xmax><ymax>87</ymax></bndbox></object><object><name>proposal</name><bndbox><xmin>312</xmin><ymin>7</ymin><xmax>58</xmax><ymax>40</ymax></bndbox></object><object><name>proposal</name><bndbox><xmin>177</xmin><ymin>95</ymin><xmax>148</xmax><ymax>131</ymax></bndbox></object><object><name>proposal</name><bndbox><xmin>280</xmin><ymin>13</ymin><xmax>51</xmax><ymax>27</ymax></bndbox></object><object><name>proposal</name><bndbox><xmin>93</xmin><ymin>113</ymin><xmax>133</xmax><ymax>83</ymax></bndbox></object><object><name>proposal</name><bndbox><xmin>105</xmin><ymin>44</ymin><xmax>77</xmax><ymax>77</ymax></bndbox></object><object><name>proposal</name><bndbox><xmin>150</xmin><ymin>172</ymin><xmax>69</xmax><ymax>64</ymax></bndbox></object><object><name>proposal</name><bndbox><xmin>237</xmin><ymin>15</ymin><xmax>55</xmax><ymax>41</ymax></bndbox></object><object><name>proposal</name><bndbox><xmin>210</xmin><ymin>97</ymin><xmax>100</xmax><ymax>52</ymax></bndbox></object><object><name>proposal</name><bndbox><xmin>153</xmin><ymin>218</ymin><xmax>105</xmax><ymax>59</ymax></bndbox></object><object><name>proposal</name><bndbox><xmin>181</xmin><ymin>29</ymin><xmax>59</xmax><ymax>27</ymax></bndbox></object><object><name>proposal</name><bndbox><xmin>127</xmin><ymin>133</ymin><xmax>34</xmax><ymax>37</ymax></bndbox></object><object><name>proposal</name><bndbox><xmin>72</xmin><ymin>95</ymin><xmax>55</xmax><ymax>38</ymax></bndbox></object><object><name>proposal</name><bndbox><xmin>149</xmin><ymin>95</ymin><xmax>42</xmax><ymax>20</ymax></bndbox></object><object><name>proposal</name><bndbox><xmin>144</xmin><ymin>134</ymin><xmax>94</xmax><ymax>122</ymax></bndbox></object><object><name>proposal</name><bndbox><xmin>215</xmin><ymin>236</ymin><xmax>56</xmax><ymax>30</ymax></bndbox></object><object><name>proposal</name><bndbox><xmin>122</xmin><ymin>127</ymin><xmax>59</xmax><ymax>54</ymax></bndbox></object><object><name>proposal</name><bndbox><xmin>93</xmin><ymin>157</ymin><xmax>73</xmax><ymax>54</ymax></bndbox></object><object><name>proposal</name><bndbox><xmin>83</xmin><ymin>61</ymin><xmax>55</xmax><ymax>44</ymax></bndbox></object><object><name>proposal</name><bndbox><xmin>193</xmin><ymin>187</ymin><xmax>34</xmax><ymax>34</ymax></bndbox></object><object><name>proposal</name><bndbox><xmin>58</xmin><ymin>93</ymin><xmax>109</xmax><ymax>115</ymax></bndbox></object><object><name>proposal</name><bndbox><xmin>4</xmin><ymin>72</ymin><xmax>63</xmax><ymax>103</ymax></bndbox></object><object><name>proposal</name><bndbox><xmin>123</xmin><ymin>169</ymin><xmax>45</xmax><ymax>45</ymax></bndbox></object><object><name>proposal</name><bndbox><xmin>176</xmin><ymin>160</ymin><xmax>131</xmax><ymax>75</ymax></bndbox></object><object><name>proposal</name><bndbox><xmin>130</xmin><ymin>235</ymin><xmax>31</xmax><ymax>34</ymax></bndbox></object><object><name>proposal</name><bndbox><xmin>128</xmin><ymin>177</ymin><xmax>128</xmax><ymax>91</ymax></bndbox></object><object><name>proposal</name><bndbox><xmin>20</xmin><ymin>57</ymin><xmax>107</xmax><ymax>75</ymax></bndbox></object><object><name>proposal</name><bndbox><xmin>214</xmin><ymin>225</ymin><xmax>42</xmax><ymax>42</ymax></bndbox></object><object><name>proposal</name><bndbox><xmin>124</xmin><ymin>93</ymin><xmax>56</xmax><ymax>89</ymax></bndbox></object><object><name>proposal</name><bndbox><xmin>4</xmin><ymin>40</ymin><xmax>34</xmax><ymax>34</ymax></bndbox></object><object><name>proposal</name><bndbox><xmin>56</xmin><ymin>75</ymin><xmax>77</xmax><ymax>74</ymax></bndbox></object><object><name>proposal</name><bndbox><xmin>193</xmin><ymin>137</ymin><xmax>55</xmax><ymax>41</ymax></bndbox></object><object><name>proposal</name><bndbox><xmin>160</xmin><ymin>94</ymin><xmax>56</xmax><ymax>32</ymax></bndbox></object><object><name>proposal</name><bndbox><xmin>149</xmin><ymin>95</ymin><xmax>45</xmax><ymax>53</ymax></bndbox></object><object><name>proposal</name><bndbox><xmin>71</xmin><ymin>157</ymin><xmax>97</xmax><ymax>93</ymax></bndbox></object><object><name>proposal</name><bndbox><xmin>153</xmin><ymin>142</ymin><xmax>73</xmax><ymax>60</ymax></bndbox></object><object><name>proposal</name><bndbox><xmin>62</xmin><ymin>134</ymin><xmax>70</xmax><ymax>37</ymax></bndbox></object><object><name>proposal</name><bndbox><xmin>125</xmin><ymin>163</ymin><xmax>42</xmax><ymax>21</ymax></bndbox></object><object><name>proposal</name><bndbox><xmin>25</xmin><ymin>106</ymin><xmax>141</xmax><ymax>75</ymax></bndbox></object><object><name>proposal</name><bndbox><xmin>97</xmin><ymin>127</ymin><xmax>83</xmax><ymax>44</ymax></bndbox></object><object><name>proposal</name><bndbox><xmin>271</xmin><ymin>3</ymin><xmax>59</xmax><ymax>23</ymax></bndbox></object><object><name>proposal</name><bndbox><xmin>94</xmin><ymin>81</ymin><xmax>57</xmax><ymax>108</ymax></bndbox></object><object><name>proposal</name><bndbox><xmin>193</xmin><ymin>131</ymin><xmax>37</xmax><ymax>46</ymax></bndbox></object><object><name>proposal</name><bndbox><xmin>181</xmin><ymin>28</ymin><xmax>42</xmax><ymax>21</ymax></bndbox></object><object><name>proposal</name><bndbox><xmin>22</xmin><ymin>41</ymin><xmax>21</xmax><ymax>46</ymax></bndbox></object><object><name>proposal</name><bndbox><xmin>198</xmin><ymin>158</ymin><xmax>27</xmax><ymax>39</ymax></bndbox></object><object><name>proposal</name><bndbox><xmin>186</xmin><ymin>168</ymin><xmax>39</xmax><ymax>27</ymax></bndbox></object><object><name>proposal</name><bndbox><xmin>186</xmin><ymin>188</ymin><xmax>39</xmax><ymax>27</ymax></bndbox></object><object><name>proposal</name><bndbox><xmin>124</xmin><ymin>118</ymin><xmax>37</xmax><ymax>50</ymax></bndbox></object><object><name>proposal</name><bndbox><xmin>410</xmin><ymin>64</ymin><xmax>39</xmax><ymax>45</ymax></bndbox></object><object><name>proposal</name><bndbox><xmin>401</xmin><ymin>55</ymin><xmax>46</xmax><ymax>21</ymax></bndbox></object><object><name>proposal</name><bndbox><xmin>210</xmin><ymin>53</ymin><xmax>116</xmax><ymax>81</ymax></bndbox></object><object><name>proposal</name><bndbox><xmin>176</xmin><ymin>221</ymin><xmax>53</xmax><ymax>45</ymax></bndbox></object><object><name>proposal</name><bndbox><xmin>176</xmin><ymin>142</ymin><xmax>182</xmax><ymax>91</ymax></bndbox></object><object><name>proposal</name><bndbox><xmin>4</xmin><ymin>59</ymin><xmax>45</xmax><ymax>31</ymax></bndbox></object><object><name>proposal</name><bndbox><xmin>214</xmin><ymin>244</ymin><xmax>96</xmax><ymax>48</ymax></bndbox></object><object><name>proposal</name><bndbox><xmin>149</xmin><ymin>96</ymin><xmax>56</xmax><ymax>32</ymax></bndbox></object><object><name>proposal</name><bndbox><xmin>109</xmin><ymin>139</ymin><xmax>42</xmax><ymax>31</ymax></bndbox></object><object><name>proposal</name><bndbox><xmin>155</xmin><ymin>23</ymin><xmax>45</xmax><ymax>31</ymax></bndbox></object><object><name>proposal</name><bndbox><xmin>5</xmin><ymin>63</ymin><xmax>38</xmax><ymax>23</ymax></bndbox></object><object><name>proposal</name><bndbox><xmin>393</xmin><ymin>60</ymin><xmax>53</xmax><ymax>53</ymax></bndbox></object><object><name>proposal</name><bndbox><xmin>185</xmin><ymin>34</ymin><xmax>42</xmax><ymax>22</ymax></bndbox></object><object><name>proposal</name><bndbox><xmin>407</xmin><ymin>21</ymin><xmax>42</xmax><ymax>29</ymax></bndbox></object><object><name>proposal</name><bndbox><xmin>246</xmin><ymin>26</ymin><xmax>45</xmax><ymax>29</ymax></bndbox></object><object><name>proposal</name><bndbox><xmin>177</xmin><ymin>5</ymin><xmax>23</xmax><ymax>47</ymax></bndbox></object><object><name>proposal</name><bndbox><xmin>179</xmin><ymin>61</ymin><xmax>45</xmax><ymax>48</ymax></bndbox></object><object><name>proposal</name><bndbox><xmin>37</xmin><ymin>81</ymin><xmax>91</xmax><ymax>47</ymax></bndbox></object><object><name>proposal</name><bndbox><xmin>16</xmin><ymin>56</ymin><xmax>31</xmax><ymax>31</ymax></bndbox></object><object><name>proposal</name><bndbox><xmin>216</xmin><ymin>246</ymin><xmax>31</xmax><ymax>31</ymax></bndbox></object><object><name>proposal</name><bndbox><xmin>199</xmin><ymin>7</ymin><xmax>55</xmax><ymax>21</ymax></bndbox></object><object><name>proposal</name><bndbox><xmin>1</xmin><ymin>75</ymin><xmax>167</xmax><ymax>149</ymax></bndbox></object><object><name>proposal</name><bndbox><xmin>182</xmin><ymin>29</ymin><xmax>59</xmax><ymax>69</ymax></bndbox></object><object><name>proposal</name><bndbox><xmin>124</xmin><ymin>157</ymin><xmax>79</xmax><ymax>36</ymax></bndbox></object><object><name>proposal</name><bndbox><xmin>192</xmin><ymin>129</ymin><xmax>44</xmax><ymax>105</ymax></bndbox></object><object><name>proposal</name><bndbox><xmin>401</xmin><ymin>66</ymin><xmax>47</xmax><ymax>32</ymax></bndbox></object><object><name>proposal</name><bndbox><xmin>34</xmin><ymin>45</ymin><xmax>64</xmax><ymax>64</ymax></bndbox></object><object><name>proposal</name><bndbox><xmin>191</xmin><ymin>145</ymin><xmax>104</xmax><ymax>50</ymax></bndbox></object><object><name>proposal</name><bndbox><xmin>94</xmin><ymin>116</ymin><xmax>59</xmax><ymax>59</ymax></bndbox></object><object><name>proposal</name><bndbox><xmin>176</xmin><ymin>211</ymin><xmax>128</xmax><ymax>79</ymax></bndbox></object><object><name>proposal</name><bndbox><xmin>6</xmin><ymin>133</ymin><xmax>243</xmax><ymax>161</ymax></bndbox></object><object><name>proposal</name><bndbox><xmin>310</xmin><ymin>5</ymin><xmax>77</xmax><ymax>182</ymax></bndbox></object><object><name>proposal</name><bndbox><xmin>1</xmin><ymin>19</ymin><xmax>37</xmax><ymax>58</ymax></bndbox></object><object><name>proposal</name><bndbox><xmin>124</xmin><ymin>156</ymin><xmax>104</xmax><ymax>56</ymax></bndbox></object><object><name>proposal</name><bndbox><xmin>97</xmin><ymin>134</ymin><xmax>232</xmax><ymax>132</ymax></bndbox></object><object><name>proposal</name><bndbox><xmin>155</xmin><ymin>243</ymin><xmax>103</xmax><ymax>55</ymax></bndbox></object><object><name>proposal</name><bndbox><xmin>82</xmin><ymin>41</ymin><xmax>43</xmax><ymax>103</ymax></bndbox></object><object><name>proposal</name><bndbox><xmin>171</xmin><ymin>34</ymin><xmax>59</xmax><ymax>69</ymax></bndbox></object><object><name>proposal</name><bndbox><xmin>197</xmin><ymin>168</ymin><xmax>42</xmax><ymax>27</ymax></bndbox></object><object><name>proposal</name><bndbox><xmin>138</xmin><ymin>95</ymin><xmax>55</xmax><ymax>38</ymax></bndbox></object><object><name>proposal</name><bndbox><xmin>73</xmin><ymin>134</ymin><xmax>83</xmax><ymax>65</ymax></bndbox></object><object><name>proposal</name><bndbox><xmin>133</xmin><ymin>52</ymin><xmax>50</xmax><ymax>21</ymax></bndbox></object><object><name>proposal</name><bndbox><xmin>149</xmin><ymin>85</ymin><xmax>42</xmax><ymax>21</ymax></bndbox></object><object><name>proposal</name><bndbox><xmin>25</xmin><ymin>134</ymin><xmax>141</xmax><ymax>61</ymax></bndbox></object><object><name>proposal</name><bndbox><xmin>149</xmin><ymin>67</ymin><xmax>60</xmax><ymax>38</ymax></bndbox></object><object><name>proposal</name><bndbox><xmin>246</xmin><ymin>18</ymin><xmax>45</xmax><ymax>31</ymax></bndbox></object><object><name>proposal</name><bndbox><xmin>3</xmin><ymin>64</ymin><xmax>53</xmax><ymax>136</ymax></bndbox></object><object><name>proposal</name><bndbox><xmin>161</xmin><ymin>26</ymin><xmax>31</xmax><ymax>31</ymax></bndbox></object><object><name>proposal</name><bndbox><xmin>193</xmin><ymin>145</ymin><xmax>83</xmax><ymax>35</ymax></bndbox></object><object><name>proposal</name><bndbox><xmin>149</xmin><ymin>25</ymin><xmax>42</xmax><ymax>21</ymax></bndbox></object><object><name>proposal</name><bndbox><xmin>349</xmin><ymin>49</ymin><xmax>72</xmax><ymax>88</ymax></bndbox></object><object><name>proposal</name><bndbox><xmin>188</xmin><ymin>144</ymin><xmax>26</xmax><ymax>61</ymax></bndbox></object><object><name>proposal</name><bndbox><xmin>50</xmin><ymin>95</ymin><xmax>83</xmax><ymax>128</ymax></bndbox></object><object><name>proposal</name><bndbox><xmin>79</xmin><ymin>157</ymin><xmax>88</xmax><ymax>33</ymax></bndbox></object><object><name>proposal</name><bndbox><xmin>127</xmin><ymin>136</ymin><xmax>54</xmax><ymax>34</ymax></bndbox></object><object><name>proposal</name><bndbox><xmin>37</xmin><ymin>78</ymin><xmax>53</xmax><ymax>53</ymax></bndbox></object><object><name>proposal</name><bndbox><xmin>124</xmin><ymin>211</ymin><xmax>31</xmax><ymax>37</ymax></bndbox></object><object><name>proposal</name><bndbox><xmin>161</xmin><ymin>88</ymin><xmax>197</xmax><ymax>107</ymax></bndbox></object><object><name>proposal</name><bndbox><xmin>183</xmin><ymin>58</ymin><xmax>85</xmax><ymax>36</ymax></bndbox></object><object><name>proposal</name><bndbox><xmin>127</xmin><ymin>233</ymin><xmax>130</xmax><ymax>53</ymax></bndbox></object><object><name>proposal</name><bndbox><xmin>209</xmin><ymin>95</ymin><xmax>85</xmax><ymax>32</ymax></bndbox></object><object><name>proposal</name><bndbox><xmin>177</xmin><ymin>43</ymin><xmax>65</xmax><ymax>44</ymax></bndbox></object><object><name>proposal</name><bndbox><xmin>105</xmin><ymin>122</ymin><xmax>57</xmax><ymax>49</ymax></bndbox></object><object><name>proposal</name><bndbox><xmin>55</xmin><ymin>95</ymin><xmax>106</xmax><ymax>191</ymax></bndbox></object><object><name>proposal</name><bndbox><xmin>213</xmin><ymin>177</ymin><xmax>76</xmax><ymax>92</ymax></bndbox></object><object><name>proposal</name><bndbox><xmin>111</xmin><ymin>26</ymin><xmax>31</xmax><ymax>31</ymax></bndbox></object><object><name>proposal</name><bndbox><xmin>84</xmin><ymin>93</ymin><xmax>41</xmax><ymax>79</ymax></bndbox></object><object><name>proposal</name><bndbox><xmin>86</xmin><ymin>1</ymin><xmax>31</xmax><ymax>31</ymax></bndbox></object><object><name>proposal</name><bndbox><xmin>196</xmin><ymin>6</ymin><xmax>30</xmax><ymax>61</ymax></bndbox></object><object><name>proposal</name><bndbox><xmin>29</xmin><ymin>62</ymin><xmax>64</xmax><ymax>69</ymax></bndbox></object><object><name>proposal</name><bndbox><xmin>150</xmin><ymin>210</ymin><xmax>69</xmax><ymax>69</ymax></bndbox></object><object><name>proposal</name><bndbox><xmin>167</xmin><ymin>221</ymin><xmax>49</xmax><ymax>45</ymax></bndbox></object><object><name>proposal</name><bndbox><xmin>193</xmin><ymin>116</ymin><xmax>81</xmax><ymax>58</ymax></bndbox></object><object><name>proposal</name><bndbox><xmin>154</xmin><ymin>37</ymin><xmax>39</xmax><ymax>79</ymax></bndbox></object><object><name>proposal</name><bndbox><xmin>79</xmin><ymin>142</ymin><xmax>88</xmax><ymax>39</ymax></bndbox></object><object><name>proposal</name><bndbox><xmin>41</xmin><ymin>91</ymin><xmax>50</xmax><ymax>37</ymax></bndbox></object><object><name>proposal</name><bndbox><xmin>151</xmin><ymin>15</ymin><xmax>79</xmax><ymax>37</ymax></bndbox></object><object><name>proposal</name><bndbox><xmin>93</xmin><ymin>102</ymin><xmax>29</xmax><ymax>42</ymax></bndbox></object><object><name>proposal</name><bndbox><xmin>191</xmin><ymin>144</ymin><xmax>102</xmax><ymax>81</ymax></bndbox></object><object><name>proposal</name><bndbox><xmin>21</xmin><ymin>70</ymin><xmax>107</xmax><ymax>41</ymax></bndbox></object><object><name>proposal</name><bndbox><xmin>17</xmin><ymin>94</ymin><xmax>117</xmax><ymax>97</ymax></bndbox></object><object><name>proposal</name><bndbox><xmin>128</xmin><ymin>204</ymin><xmax>31</xmax><ymax>45</ymax></bndbox></object><object><name>proposal</name><bndbox><xmin>153</xmin><ymin>235</ymin><xmax>103</xmax><ymax>37</ymax></bndbox></object><object><name>proposal</name><bndbox><xmin>129</xmin><ymin>235</ymin><xmax>42</xmax><ymax>21</ymax></bndbox></object><object><name>proposal</name><bndbox><xmin>171</xmin><ymin>216</ymin><xmax>59</xmax><ymax>64</ymax></bndbox></object><object><name>proposal</name><bndbox><xmin>176</xmin><ymin>187</ymin><xmax>50</xmax><ymax>37</ymax></bndbox></object><object><name>proposal</name><bndbox><xmin>125</xmin><ymin>166</ymin><xmax>69</xmax><ymax>61</ymax></bndbox></object><object><name>proposal</name><bndbox><xmin>75</xmin><ymin>75</ymin><xmax>51</xmax><ymax>69</ymax></bndbox></object><object><name>proposal</name><bndbox><xmin>192</xmin><ymin>109</ymin><xmax>56</xmax><ymax>87</ymax></bndbox></object><object><name>proposal</name><bndbox><xmin>167</xmin><ymin>177</ymin><xmax>49</xmax><ymax>57</ymax></bndbox></object><object><name>proposal</name><bndbox><xmin>166</xmin><ymin>1</ymin><xmax>30</xmax><ymax>61</ymax></bndbox></object></annotation>