<annotation><folder>Proposals</folder><filename>img-40.jpg</filename><size><width>720</width><height>720</height><depth>3</depth></size><object><name>proposal</name><bndbox><xmin>469</xmin><ymin>498</ymin><xmax>71</xmax><ymax>65</ymax></bndbox></object><object><name>proposal</name><bndbox><xmin>425</xmin><ymin>501</ymin><xmax>64</xmax><ymax>59</ymax></bndbox></object><object><name>proposal</name><bndbox><xmin>469</xmin><ymin>501</ymin><xmax>36</xmax><ymax>64</ymax></bndbox></object><object><name>proposal</name><bndbox><xmin>448</xmin><ymin>501</ymin><xmax>39</xmax><ymax>64</ymax></bndbox></object><object><name>proposal</name><bndbox><xmin>270</xmin><ymin>221</ymin><xmax>121</xmax><ymax>93</ymax></bndbox></object><object><name>proposal</name><bndbox><xmin>299</xmin><ymin>221</ymin><xmax>91</xmax><ymax>52</ymax></bndbox></object><object><name>proposal</name><bndbox><xmin>466</xmin><ymin>499</ymin><xmax>88</xmax><ymax>93</ymax></bndbox></object><object><name>proposal</name><bndbox><xmin>267</xmin><ymin>347</ymin><xmax>53</xmax><ymax>49</ymax></bndbox></object><object><name>proposal</name><bndbox><xmin>273</xmin><ymin>221</ymin><xmax>117</xmax><ymax>177</ymax></bndbox></object><object><name>proposal</name><bndbox><xmin>302</xmin><ymin>354</ymin><xmax>48</xmax><ymax>42</ymax></bndbox></object><object><name>proposal</name><bndbox><xmin>291</xmin><ymin>354</ymin><xmax>29</xmax><ymax>42</ymax></bndbox></object><object><name>proposal</name><bndbox><xmin>273</xmin><ymin>221</ymin><xmax>155</xmax><ymax>111</ymax></bndbox></object><object><name>proposal</name><bndbox><xmin>417</xmin><ymin>489</ymin><xmax>72</xmax><ymax>85</ymax></bndbox></object><object><name>proposal</name><bndbox><xmin>469</xmin><ymin>489</ymin><xmax>56</xmax><ymax>87</ymax></bndbox></object><object><name>proposal</name><bndbox><xmin>466</xmin><ymin>498</ymin><xmax>114</xmax><ymax>65</ymax></bndbox></object><object><name>proposal</name><bndbox><xmin>461</xmin><ymin>501</ymin><xmax>28</xmax><ymax>61</ymax></bndbox></object><object><name>proposal</name><bndbox><xmin>277</xmin><ymin>221</ymin><xmax>165</xmax><ymax>76</ymax></bndbox></object><object><name>proposal</name><bndbox><xmin>251</xmin><ymin>354</ymin><xmax>69</xmax><ymax>45</ymax></bndbox></object><object><name>proposal</name><bndbox><xmin>300</xmin><ymin>354</ymin><xmax>69</xmax><ymax>45</ymax></bndbox></object><object><name>proposal</name><bndbox><xmin>294</xmin><ymin>221</ymin><xmax>125</xmax><ymax>59</ymax></bndbox></object><object><name>proposal</name><bndbox><xmin>469</xmin><ymin>477</ymin><xmax>77</xmax><ymax>101</ymax></bndbox></object><object><name>proposal</name><bndbox><xmin>280</xmin><ymin>313</ymin><xmax>41</xmax><ymax>83</ymax></bndbox></object><object><name>proposal</name><bndbox><xmin>468</xmin><ymin>500</ymin><xmax>60</xmax><ymax>103</ymax></bndbox></object><object><name>proposal</name><bndbox><xmin>426</xmin><ymin>500</ymin><xmax>62</xmax><ymax>103</ymax></bndbox></object><object><name>proposal</name><bndbox><xmin>448</xmin><ymin>477</ymin><xmax>41</xmax><ymax>83</ymax></bndbox></object><object><name>proposal</name><bndbox><xmin>469</xmin><ymin>445</ymin><xmax>71</xmax><ymax>117</ymax></bndbox></object><object><name>proposal</name><bndbox><xmin>299</xmin><ymin>109</ymin><xmax>91</xmax><ymax>142</ymax></bndbox></object><object><name>proposal</name><bndbox><xmin>469</xmin><ymin>470</ymin><xmax>46</xmax><ymax>91</ymax></bndbox></object><object><name>proposal</name><bndbox><xmin>426</xmin><ymin>454</ymin><xmax>62</xmax><ymax>108</ymax></bndbox></object><object><name>proposal</name><bndbox><xmin>469</xmin><ymin>498</ymin><xmax>75</xmax><ymax>144</ymax></bndbox></object><object><name>proposal</name><bndbox><xmin>302</xmin><ymin>352</ymin><xmax>49</xmax><ymax>69</ymax></bndbox></object><object><name>proposal</name><bndbox><xmin>374</xmin><ymin>501</ymin><xmax>114</xmax><ymax>60</ymax></bndbox></object><object><name>proposal</name><bndbox><xmin>467</xmin><ymin>501</ymin><xmax>40</xmax><ymax>95</ymax></bndbox></object><object><name>proposal</name><bndbox><xmin>302</xmin><ymin>353</ymin><xmax>19</xmax><ymax>42</ymax></bndbox></object><object><name>proposal</name><bndbox><xmin>468</xmin><ymin>499</ymin><xmax>140</xmax><ymax>84</ymax></bndbox></object><object><name>proposal</name><bndbox><xmin>270</xmin><ymin>219</ymin><xmax>188</xmax><ymax>176</ymax></bndbox></object><object><name>proposal</name><bndbox><xmin>234</xmin><ymin>221</ymin><xmax>157</xmax><ymax>69</ymax></bndbox></object><object><name>proposal</name><bndbox><xmin>394</xmin><ymin>499</ymin><xmax>93</xmax><ymax>93</ymax></bndbox></object><object><name>proposal</name><bndbox><xmin>394</xmin><ymin>470</ymin><xmax>93</xmax><ymax>93</ymax></bndbox></object><object><name>proposal</name><bndbox><xmin>234</xmin><ymin>162</ymin><xmax>157</xmax><ymax>89</ymax></bndbox></object><object><name>proposal</name><bndbox><xmin>295</xmin><ymin>339</ymin><xmax>25</xmax><ymax>59</ymax></bndbox></object><object><name>proposal</name><bndbox><xmin>265</xmin><ymin>352</ymin><xmax>55</xmax><ymax>69</ymax></bndbox></object><object><name>proposal</name><bndbox><xmin>223</xmin><ymin>349</ymin><xmax>100</xmax><ymax>46</ymax></bndbox></object><object><name>proposal</name><bndbox><xmin>260</xmin><ymin>129</ymin><xmax>135</xmax><ymax>122</ymax></bndbox></object><object><name>proposal</name><bndbox><xmin>293</xmin><ymin>129</ymin><xmax>135</xmax><ymax>122</ymax></bndbox></object><object><name>proposal</name><bndbox><xmin>254</xmin><ymin>335</ymin><xmax>68</xmax><ymax>62</ymax></bndbox></object><object><name>proposal</name><bndbox><xmin>468</xmin><ymin>491</ymin><xmax>106</xmax><ymax>135</ymax></bndbox></object><object><name>proposal</name><bndbox><xmin>301</xmin><ymin>354</ymin><xmax>33</xmax><ymax>45</ymax></bndbox></object><object><name>proposal</name><bndbox><xmin>501</xmin><ymin>463</ymin><xmax>41</xmax><ymax>60</ymax></bndbox></object><object><name>proposal</name><bndbox><xmin>227</xmin><ymin>221</ymin><xmax>163</xmax><ymax>111</ymax></bndbox></object><object><name>proposal</name><bndbox><xmin>273</xmin><ymin>277</ymin><xmax>48</xmax><ymax>118</ymax></bndbox></object><object><name>proposal</name><bndbox><xmin>501</xmin><ymin>484</ymin><xmax>64</xmax><ymax>39</ymax></bndbox></object><object><name>proposal</name><bndbox><xmin>301</xmin><ymin>353</ymin><xmax>32</xmax><ymax>71</ymax></bndbox></object><object><name>proposal</name><bndbox><xmin>500</xmin><ymin>487</ymin><xmax>46</xmax><ymax>37</ymax></bndbox></object><object><name>proposal</name><bndbox><xmin>299</xmin><ymin>193</ymin><xmax>91</xmax><ymax>58</ymax></bndbox></object><object><name>proposal</name><bndbox><xmin>277</xmin><ymin>220</ymin><xmax>148</xmax><ymax>238</ymax></bndbox></object><object><name>proposal</name><bndbox><xmin>272</xmin><ymin>219</ymin><xmax>239</xmax><ymax>119</ymax></bndbox></object><object><name>proposal</name><bndbox><xmin>301</xmin><ymin>353</ymin><xmax>68</xmax><ymax>80</ymax></bndbox></object><object><name>proposal</name><bndbox><xmin>223</xmin><ymin>352</ymin><xmax>98</xmax><ymax>66</ymax></bndbox></object><object><name>proposal</name><bndbox><xmin>273</xmin><ymin>277</ymin><xmax>28</xmax><ymax>35</ymax></bndbox></object><object><name>proposal</name><bndbox><xmin>409</xmin><ymin>438</ymin><xmax>79</xmax><ymax>136</ymax></bndbox></object><object><name>proposal</name><bndbox><xmin>409</xmin><ymin>472</ymin><xmax>79</xmax><ymax>136</ymax></bndbox></object><object><name>proposal</name><bndbox><xmin>298</xmin><ymin>336</ymin><xmax>69</xmax><ymax>59</ymax></bndbox></object><object><name>proposal</name><bndbox><xmin>224</xmin><ymin>316</ymin><xmax>101</xmax><ymax>80</ymax></bndbox></object><object><name>proposal</name><bndbox><xmin>424</xmin><ymin>70</ymin><xmax>31</xmax><ymax>31</ymax></bndbox></object><object><name>proposal</name><bndbox><xmin>273</xmin><ymin>285</ymin><xmax>29</xmax><ymax>48</ymax></bndbox></object><object><name>proposal</name><bndbox><xmin>271</xmin><ymin>283</ymin><xmax>41</xmax><ymax>26</ymax></bndbox></object><object><name>proposal</name><bndbox><xmin>466</xmin><ymin>454</ymin><xmax>110</xmax><ymax>110</ymax></bndbox></object><object><name>proposal</name><bndbox><xmin>236</xmin><ymin>220</ymin><xmax>178</xmax><ymax>170</ymax></bndbox></object><object><name>proposal</name><bndbox><xmin>418</xmin><ymin>69</ymin><xmax>32</xmax><ymax>28</ymax></bndbox></object><object><name>proposal</name><bndbox><xmin>336</xmin><ymin>491</ymin><xmax>153</xmax><ymax>69</ymax></bndbox></object><object><name>proposal</name><bndbox><xmin>382</xmin><ymin>425</ymin><xmax>106</xmax><ymax>135</ymax></bndbox></object><object><name>proposal</name><bndbox><xmin>409</xmin><ymin>498</ymin><xmax>79</xmax><ymax>144</ymax></bndbox></object><object><name>proposal</name><bndbox><xmin>299</xmin><ymin>46</ymin><xmax>97</xmax><ymax>205</ymax></bndbox></object><object><name>proposal</name><bndbox><xmin>167</xmin><ymin>221</ymin><xmax>225</xmax><ymax>175</ymax></bndbox></object><object><name>proposal</name><bndbox><xmin>424</xmin><ymin>43</ymin><xmax>31</xmax><ymax>37</ymax></bndbox></object><object><name>proposal</name><bndbox><xmin>256</xmin><ymin>316</ymin><xmax>65</xmax><ymax>103</ymax></bndbox></object><object><name>proposal</name><bndbox><xmin>251</xmin><ymin>282</ymin><xmax>70</xmax><ymax>117</ymax></bndbox></object><object><name>proposal</name><bndbox><xmin>244</xmin><ymin>285</ymin><xmax>41</xmax><ymax>24</ymax></bndbox></object><object><name>proposal</name><bndbox><xmin>273</xmin><ymin>218</ymin><xmax>215</xmax><ymax>346</ymax></bndbox></object><object><name>proposal</name><bndbox><xmin>272</xmin><ymin>270</ymin><xmax>36</xmax><ymax>61</ymax></bndbox></object><object><name>proposal</name><bndbox><xmin>466</xmin><ymin>496</ymin><xmax>168</xmax><ymax>123</ymax></bndbox></object><object><name>proposal</name><bndbox><xmin>196</xmin><ymin>214</ymin><xmax>197</xmax><ymax>96</ymax></bndbox></object><object><name>proposal</name><bndbox><xmin>469</xmin><ymin>476</ymin><xmax>91</xmax><ymax>202</ymax></bndbox></object><object><name>proposal</name><bndbox><xmin>458</xmin><ymin>496</ymin><xmax>132</xmax><ymax>160</ymax></bndbox></object><object><name>proposal</name><bndbox><xmin>272</xmin><ymin>221</ymin><xmax>288</xmax><ymax>175</ymax></bndbox></object><object><name>proposal</name><bndbox><xmin>248</xmin><ymin>352</ymin><xmax>72</xmax><ymax>89</ymax></bndbox></object><object><name>proposal</name><bndbox><xmin>298</xmin><ymin>67</ymin><xmax>160</xmax><ymax>184</ymax></bndbox></object><object><name>proposal</name><bndbox><xmin>469</xmin><ymin>354</ymin><xmax>75</xmax><ymax>207</ymax></bndbox></object><object><name>proposal</name><bndbox><xmin>423</xmin><ymin>67</ymin><xmax>27</xmax><ymax>42</ymax></bndbox></object><object><name>proposal</name><bndbox><xmin>466</xmin><ymin>484</ymin><xmax>172</xmax><ymax>76</ymax></bndbox></object><object><name>proposal</name><bndbox><xmin>299</xmin><ymin>353</ymin><xmax>40</xmax><ymax>99</ymax></bndbox></object><object><name>proposal</name><bndbox><xmin>361</xmin><ymin>482</ymin><xmax>126</xmax><ymax>113</ymax></bndbox></object><object><name>proposal</name><bndbox><xmin>301</xmin><ymin>352</ymin><xmax>25</xmax><ymax>59</ymax></bndbox></object><object><name>proposal</name><bndbox><xmin>302</xmin><ymin>317</ymin><xmax>45</xmax><ymax>79</ymax></bndbox></object><object><name>proposal</name><bndbox><xmin>201</xmin><ymin>336</ymin><xmax>119</xmax><ymax>60</ymax></bndbox></object><object><name>proposal</name><bndbox><xmin>382</xmin><ymin>491</ymin><xmax>106</xmax><ymax>135</ymax></bndbox></object><object><name>proposal</name><bndbox><xmin>280</xmin><ymin>353</ymin><xmax>41</xmax><ymax>83</ymax></bndbox></object><object><name>proposal</name><bndbox><xmin>501</xmin><ymin>445</ymin><xmax>51</xmax><ymax>81</ymax></bndbox></object><object><name>proposal</name><bndbox><xmin>257</xmin><ymin>274</ymin><xmax>26</xmax><ymax>35</ymax></bndbox></object><object><name>proposal</name><bndbox><xmin>300</xmin><ymin>348</ymin><xmax>119</xmax><ymax>48</ymax></bndbox></object><object><name>proposal</name><bndbox><xmin>469</xmin><ymin>499</ymin><xmax>73</xmax><ymax>40</ymax></bndbox></object><object><name>proposal</name><bndbox><xmin>501</xmin><ymin>468</ymin><xmax>77</xmax><ymax>56</ymax></bndbox></object><object><name>proposal</name><bndbox><xmin>459</xmin><ymin>453</ymin><xmax>37</xmax><ymax>107</ymax></bndbox></object><object><name>proposal</name><bndbox><xmin>487</xmin><ymin>498</ymin><xmax>53</xmax><ymax>81</ymax></bndbox></object><object><name>proposal</name><bndbox><xmin>301</xmin><ymin>316</ymin><xmax>69</xmax><ymax>103</ymax></bndbox></object><object><name>proposal</name><bndbox><xmin>343</xmin><ymin>443</ymin><xmax>151</xmax><ymax>120</ymax></bndbox></object><object><name>proposal</name><bndbox><xmin>469</xmin><ymin>436</ymin><xmax>91</xmax><ymax>162</ymax></bndbox></object><object><name>proposal</name><bndbox><xmin>418</xmin><ymin>53</ymin><xmax>32</xmax><ymax>26</ymax></bndbox></object><object><name>proposal</name><bndbox><xmin>316</xmin><ymin>500</ymin><xmax>172</xmax><ymax>78</ymax></bndbox></object><object><name>proposal</name><bndbox><xmin>301</xmin><ymin>351</ymin><xmax>55</xmax><ymax>114</ymax></bndbox></object><object><name>proposal</name><bndbox><xmin>273</xmin><ymin>242</ymin><xmax>44</xmax><ymax>91</ymax></bndbox></object><object><name>proposal</name><bndbox><xmin>271</xmin><ymin>277</ymin><xmax>50</xmax><ymax>34</ymax></bndbox></object><object><name>proposal</name><bndbox><xmin>457</xmin><ymin>501</ymin><xmax>64</xmax><ymax>59</ymax></bndbox></object><object><name>proposal</name><bndbox><xmin>301</xmin><ymin>293</ymin><xmax>69</xmax><ymax>103</ymax></bndbox></object><object><name>proposal</name><bndbox><xmin>257</xmin><ymin>239</ymin><xmax>49</xmax><ymax>49</ymax></bndbox></object><object><name>proposal</name><bndbox><xmin>437</xmin><ymin>496</ymin><xmax>104</xmax><ymax>163</ymax></bndbox></object><object><name>proposal</name><bndbox><xmin>219</xmin><ymin>352</ymin><xmax>22</xmax><ymax>38</ymax></bndbox></object><object><name>proposal</name><bndbox><xmin>488</xmin><ymin>445</ymin><xmax>53</xmax><ymax>81</ymax></bndbox></object><object><name>proposal</name><bndbox><xmin>500</xmin><ymin>499</ymin><xmax>42</xmax><ymax>96</ymax></bndbox></object><object><name>proposal</name><bndbox><xmin>298</xmin><ymin>326</ymin><xmax>26</xmax><ymax>71</ymax></bndbox></object><object><name>proposal</name><bndbox><xmin>266</xmin><ymin>76</ymin><xmax>126</xmax><ymax>183</ymax></bndbox></object><object><name>proposal</name><bndbox><xmin>257</xmin><ymin>283</ymin><xmax>26</xmax><ymax>35</ymax></bndbox></object><object><name>proposal</name><bndbox><xmin>223</xmin><ymin>251</ymin><xmax>102</xmax><ymax>187</ymax></bndbox></object><object><name>proposal</name><bndbox><xmin>302</xmin><ymin>352</ymin><xmax>117</xmax><ymax>71</ymax></bndbox></object><object><name>proposal</name><bndbox><xmin>431</xmin><ymin>499</ymin><xmax>112</xmax><ymax>97</ymax></bndbox></object><object><name>proposal</name><bndbox><xmin>208</xmin><ymin>365</ymin><xmax>35</xmax><ymax>24</ymax></bndbox></object><object><name>proposal</name><bndbox><xmin>421</xmin><ymin>70</ymin><xmax>38</xmax><ymax>21</ymax></bndbox></object><object><name>proposal</name><bndbox><xmin>475</xmin><ymin>484</ymin><xmax>67</xmax><ymax>39</ymax></bndbox></object><object><name>proposal</name><bndbox><xmin>431</xmin><ymin>370</ymin><xmax>69</xmax><ymax>191</ymax></bndbox></object><object><name>proposal</name><bndbox><xmin>271</xmin><ymin>273</ymin><xmax>93</xmax><ymax>123</ymax></bndbox></object><object><name>proposal</name><bndbox><xmin>386</xmin><ymin>426</ymin><xmax>31</xmax><ymax>31</ymax></bndbox></object><object><name>proposal</name><bndbox><xmin>291</xmin><ymin>293</ymin><xmax>37</xmax><ymax>103</ymax></bndbox></object><object><name>proposal</name><bndbox><xmin>271</xmin><ymin>219</ymin><xmax>364</xmax><ymax>341</ymax></bndbox></object><object><name>proposal</name><bndbox><xmin>247</xmin><ymin>232</ymin><xmax>59</xmax><ymax>78</ymax></bndbox></object><object><name>proposal</name><bndbox><xmin>401</xmin><ymin>69</ymin><xmax>51</xmax><ymax>25</ymax></bndbox></object><object><name>proposal</name><bndbox><xmin>438</xmin><ymin>322</ymin><xmax>103</xmax><ymax>238</ymax></bndbox></object><object><name>proposal</name><bndbox><xmin>270</xmin><ymin>271</ymin><xmax>54</xmax><ymax>64</ymax></bndbox></object><object><name>proposal</name><bndbox><xmin>190</xmin><ymin>140</ymin><xmax>202</xmax><ymax>113</ymax></bndbox></object><object><name>proposal</name><bndbox><xmin>242</xmin><ymin>277</ymin><xmax>42</xmax><ymax>39</ymax></bndbox></object><object><name>proposal</name><bndbox><xmin>287</xmin><ymin>353</ymin><xmax>41</xmax><ymax>107</ymax></bndbox></object><object><name>proposal</name><bndbox><xmin>295</xmin><ymin>273</ymin><xmax>40</xmax><ymax>122</ymax></bndbox></object><object><name>proposal</name><bndbox><xmin>477</xmin><ymin>463</ymin><xmax>69</xmax><ymax>61</ymax></bndbox></object><object><name>proposal</name><bndbox><xmin>255</xmin><ymin>220</ymin><xmax>162</xmax><ymax>321</ymax></bndbox></object><object><name>proposal</name><bndbox><xmin>226</xmin><ymin>283</ymin><xmax>61</xmax><ymax>26</ymax></bndbox></object><object><name>proposal</name><bndbox><xmin>213</xmin><ymin>312</ymin><xmax>115</xmax><ymax>126</ymax></bndbox></object><object><name>proposal</name><bndbox><xmin>446</xmin><ymin>362</ymin><xmax>75</xmax><ymax>199</ymax></bndbox></object><object><name>proposal</name><bndbox><xmin>421</xmin><ymin>58</ymin><xmax>38</xmax><ymax>21</ymax></bndbox></object><object><name>proposal</name><bndbox><xmin>273</xmin><ymin>241</ymin><xmax>96</xmax><ymax>92</ymax></bndbox></object><object><name>proposal</name><bndbox><xmin>213</xmin><ymin>351</ymin><xmax>115</xmax><ymax>110</ymax></bndbox></object><object><name>proposal</name><bndbox><xmin>501</xmin><ymin>498</ymin><xmax>39</xmax><ymax>48</ymax></bndbox></object><object><name>proposal</name><bndbox><xmin>300</xmin><ymin>351</ymin><xmax>120</xmax><ymax>110</ymax></bndbox></object><object><name>proposal</name><bndbox><xmin>410</xmin><ymin>39</ymin><xmax>42</xmax><ymax>42</ymax></bndbox></object><object><name>proposal</name><bndbox><xmin>147</xmin><ymin>238</ymin><xmax>173</xmax><ymax>157</ymax></bndbox></object><object><name>proposal</name><bndbox><xmin>410</xmin><ymin>67</ymin><xmax>42</xmax><ymax>39</ymax></bndbox></object><object><name>proposal</name><bndbox><xmin>247</xmin><ymin>284</ymin><xmax>37</xmax><ymax>46</ymax></bndbox></object><object><name>proposal</name><bndbox><xmin>302</xmin><ymin>352</ymin><xmax>187</xmax><ymax>211</ymax></bndbox></object><object><name>proposal</name><bndbox><xmin>247</xmin><ymin>266</ymin><xmax>37</xmax><ymax>46</ymax></bndbox></object><object><name>proposal</name><bndbox><xmin>146</xmin><ymin>196</ymin><xmax>247</xmax><ymax>91</ymax></bndbox></object><object><name>proposal</name><bndbox><xmin>475</xmin><ymin>423</ymin><xmax>66</xmax><ymax>103</ymax></bndbox></object><object><name>proposal</name><bndbox><xmin>424</xmin><ymin>46</ymin><xmax>50</xmax><ymax>34</ymax></bndbox></object><object><name>proposal</name><bndbox><xmin>194</xmin><ymin>365</ymin><xmax>47</xmax><ymax>25</ymax></bndbox></object><object><name>proposal</name><bndbox><xmin>391</xmin><ymin>442</ymin><xmax>29</xmax><ymax>45</ymax></bndbox></object><object><name>proposal</name><bndbox><xmin>376</xmin><ymin>433</ymin><xmax>41</xmax><ymax>24</ymax></bndbox></object><object><name>proposal</name><bndbox><xmin>95</xmin><ymin>178</ymin><xmax>295</xmax><ymax>131</ymax></bndbox></object><object><name>proposal</name><bndbox><xmin>424</xmin><ymin>69</ymin><xmax>51</xmax><ymax>25</ymax></bndbox></object><object><name>proposal</name><bndbox><xmin>224</xmin><ymin>377</ymin><xmax>19</xmax><ymax>42</ymax></bndbox></object><object><name>proposal</name><bndbox><xmin>216</xmin><ymin>361</ymin><xmax>31</xmax><ymax>31</ymax></bndbox></object><object><name>proposal</name><bndbox><xmin>283</xmin><ymin>307</ymin><xmax>41</xmax><ymax>24</ymax></bndbox></object><object><name>proposal</name><bndbox><xmin>256</xmin><ymin>238</ymin><xmax>30</xmax><ymax>71</ymax></bndbox></object><object><name>proposal</name><bndbox><xmin>260</xmin><ymin>251</ymin><xmax>45</xmax><ymax>31</ymax></bndbox></object></annotation>