<annotation><folder>Proposals</folder><filename>img-227.jpg</filename><size><width>720</width><height>720</height><depth>3</depth></size><object><name>proposal</name><bndbox><xmin>109</xmin><ymin>206</ymin><xmax>343</xmax><ymax>117</ymax></bndbox></object><object><name>proposal</name><bndbox><xmin>561</xmin><ymin>573</ymin><xmax>156</xmax><ymax>77</ymax></bndbox></object><object><name>proposal</name><bndbox><xmin>91</xmin><ymin>205</ymin><xmax>380</xmax><ymax>172</ymax></bndbox></object><object><name>proposal</name><bndbox><xmin>561</xmin><ymin>573</ymin><xmax>93</xmax><ymax>72</ymax></bndbox></object><object><name>proposal</name><bndbox><xmin>561</xmin><ymin>603</ymin><xmax>87</xmax><ymax>43</ymax></bndbox></object><object><name>proposal</name><bndbox><xmin>257</xmin><ymin>286</ymin><xmax>26</xmax><ymax>35</ymax></bndbox></object><object><name>proposal</name><bndbox><xmin>88</xmin><ymin>365</ymin><xmax>67</xmax><ymax>36</ymax></bndbox></object><object><name>proposal</name><bndbox><xmin>136</xmin><ymin>46</ymin><xmax>312</xmax><ymax>215</ymax></bndbox></object><object><name>proposal</name><bndbox><xmin>109</xmin><ymin>264</ymin><xmax>100</xmax><ymax>46</ymax></bndbox></object><object><name>proposal</name><bndbox><xmin>77</xmin><ymin>205</ymin><xmax>397</xmax><ymax>263</ymax></bndbox></object><object><name>proposal</name><bndbox><xmin>247</xmin><ymin>292</ymin><xmax>37</xmax><ymax>31</ymax></bndbox></object><object><name>proposal</name><bndbox><xmin>558</xmin><ymin>573</ymin><xmax>156</xmax><ymax>124</ymax></bndbox></object><object><name>proposal</name><bndbox><xmin>215</xmin><ymin>206</ymin><xmax>183</xmax><ymax>115</ymax></bndbox></object><object><name>proposal</name><bndbox><xmin>7</xmin><ymin>3</ymin><xmax>72</xmax><ymax>49</ymax></bndbox></object><object><name>proposal</name><bndbox><xmin>123</xmin><ymin>641</ymin><xmax>39</xmax><ymax>31</ymax></bndbox></object><object><name>proposal</name><bndbox><xmin>88</xmin><ymin>331</ymin><xmax>69</xmax><ymax>47</ymax></bndbox></object><object><name>proposal</name><bndbox><xmin>214</xmin><ymin>206</ymin><xmax>256</xmax><ymax>129</ymax></bndbox></object><object><name>proposal</name><bndbox><xmin>111</xmin><ymin>206</ymin><xmax>453</xmax><ymax>206</ymax></bndbox></object><object><name>proposal</name><bndbox><xmin>91</xmin><ymin>206</ymin><xmax>468</xmax><ymax>408</ymax></bndbox></object><object><name>proposal</name><bndbox><xmin>323</xmin><ymin>681</ymin><xmax>42</xmax><ymax>29</ymax></bndbox></object><object><name>proposal</name><bndbox><xmin>262</xmin><ymin>277</ymin><xmax>21</xmax><ymax>46</ymax></bndbox></object><object><name>proposal</name><bndbox><xmin>1</xmin><ymin>1</ymin><xmax>449</xmax><ymax>273</ymax></bndbox></object><object><name>proposal</name><bndbox><xmin>83</xmin><ymin>205</ymin><xmax>634</xmax><ymax>468</ymax></bndbox></object><object><name>proposal</name><bndbox><xmin>550</xmin><ymin>536</ymin><xmax>166</xmax><ymax>116</ymax></bndbox></object><object><name>proposal</name><bndbox><xmin>90</xmin><ymin>365</ymin><xmax>87</xmax><ymax>42</ymax></bndbox></object><object><name>proposal</name><bndbox><xmin>88</xmin><ymin>361</ymin><xmax>68</xmax><ymax>59</ymax></bndbox></object><object><name>proposal</name><bndbox><xmin>250</xmin><ymin>275</ymin><xmax>34</xmax><ymax>46</ymax></bndbox></object><object><name>proposal</name><bndbox><xmin>137</xmin><ymin>10</ymin><xmax>395</xmax><ymax>260</ymax></bndbox></object><object><name>proposal</name><bndbox><xmin>560</xmin><ymin>619</ymin><xmax>141</xmax><ymax>96</ymax></bndbox></object><object><name>proposal</name><bndbox><xmin>1</xmin><ymin>27</ymin><xmax>39</xmax><ymax>73</ymax></bndbox></object><object><name>proposal</name><bndbox><xmin>561</xmin><ymin>618</ymin><xmax>88</xmax><ymax>101</ymax></bndbox></object><object><name>proposal</name><bndbox><xmin>213</xmin><ymin>206</ymin><xmax>257</xmax><ymax>212</ymax></bndbox></object><object><name>proposal</name><bndbox><xmin>528</xmin><ymin>589</ymin><xmax>118</xmax><ymax>56</ymax></bndbox></object><object><name>proposal</name><bndbox><xmin>358</xmin><ymin>563</ymin><xmax>358</xmax><ymax>135</ymax></bndbox></object><object><name>proposal</name><bndbox><xmin>565</xmin><ymin>487</ymin><xmax>149</xmax><ymax>125</ymax></bndbox></object><object><name>proposal</name><bndbox><xmin>127</xmin><ymin>649</ymin><xmax>35</xmax><ymax>24</ymax></bndbox></object><object><name>proposal</name><bndbox><xmin>136</xmin><ymin>83</ymin><xmax>255</xmax><ymax>165</ymax></bndbox></object><object><name>proposal</name><bndbox><xmin>262</xmin><ymin>293</ymin><xmax>21</xmax><ymax>38</ymax></bndbox></object><object><name>proposal</name><bndbox><xmin>400</xmin><ymin>283</ymin><xmax>70</xmax><ymax>33</ymax></bndbox></object><object><name>proposal</name><bndbox><xmin>65</xmin><ymin>64</ymin><xmax>42</xmax><ymax>21</ymax></bndbox></object><object><name>proposal</name><bndbox><xmin>40</xmin><ymin>1</ymin><xmax>39</xmax><ymax>73</ymax></bndbox></object><object><name>proposal</name><bndbox><xmin>564</xmin><ymin>543</ymin><xmax>153</xmax><ymax>69</ymax></bndbox></object><object><name>proposal</name><bndbox><xmin>162</xmin><ymin>686</ymin><xmax>45</xmax><ymax>29</ymax></bndbox></object><object><name>proposal</name><bndbox><xmin>219</xmin><ymin>206</ymin><xmax>135</xmax><ymax>60</ymax></bndbox></object><object><name>proposal</name><bndbox><xmin>40</xmin><ymin>1</ymin><xmax>66</xmax><ymax>85</ymax></bndbox></object><object><name>proposal</name><bndbox><xmin>313</xmin><ymin>565</ymin><xmax>35</xmax><ymax>28</ymax></bndbox></object><object><name>proposal</name><bndbox><xmin>127</xmin><ymin>626</ymin><xmax>37</xmax><ymax>46</ymax></bndbox></object><object><name>proposal</name><bndbox><xmin>86</xmin><ymin>294</ymin><xmax>123</xmax><ymax>87</ymax></bndbox></object><object><name>proposal</name><bndbox><xmin>290</xmin><ymin>565</ymin><xmax>66</xmax><ymax>49</ymax></bndbox></object><object><name>proposal</name><bndbox><xmin>113</xmin><ymin>647</ymin><xmax>51</xmax><ymax>25</ymax></bndbox></object><object><name>proposal</name><bndbox><xmin>319</xmin><ymin>669</ymin><xmax>42</xmax><ymax>42</ymax></bndbox></object><object><name>proposal</name><bndbox><xmin>1</xmin><ymin>1</ymin><xmax>106</xmax><ymax>101</ymax></bndbox></object><object><name>proposal</name><bndbox><xmin>647</xmin><ymin>634</ymin><xmax>53</xmax><ymax>63</ymax></bndbox></object><object><name>proposal</name><bndbox><xmin>111</xmin><ymin>210</ymin><xmax>172</xmax><ymax>111</ymax></bndbox></object><object><name>proposal</name><bndbox><xmin>397</xmin><ymin>283</ymin><xmax>73</xmax><ymax>61</ymax></bndbox></object><object><name>proposal</name><bndbox><xmin>226</xmin><ymin>293</ymin><xmax>61</xmax><ymax>28</ymax></bndbox></object><object><name>proposal</name><bndbox><xmin>109</xmin><ymin>216</ymin><xmax>133</xmax><ymax>93</ymax></bndbox></object><object><name>proposal</name><bndbox><xmin>235</xmin><ymin>283</ymin><xmax>50</xmax><ymax>40</ymax></bndbox></object><object><name>proposal</name><bndbox><xmin>88</xmin><ymin>294</ymin><xmax>68</xmax><ymax>83</ymax></bndbox></object><object><name>proposal</name><bndbox><xmin>506</xmin><ymin>565</ymin><xmax>148</xmax><ymax>85</ymax></bndbox></object><object><name>proposal</name><bndbox><xmin>558</xmin><ymin>439</ymin><xmax>156</xmax><ymax>212</ymax></bndbox></object><object><name>proposal</name><bndbox><xmin>267</xmin><ymin>293</ymin><xmax>48</xmax><ymax>29</ymax></bndbox></object><object><name>proposal</name><bndbox><xmin>215</xmin><ymin>109</ymin><xmax>175</xmax><ymax>133</ymax></bndbox></object><object><name>proposal</name><bndbox><xmin>1</xmin><ymin>34</ymin><xmax>64</xmax><ymax>69</ymax></bndbox></object><object><name>proposal</name><bndbox><xmin>18</xmin><ymin>1</ymin><xmax>64</xmax><ymax>69</ymax></bndbox></object><object><name>proposal</name><bndbox><xmin>129</xmin><ymin>648</ymin><xmax>51</xmax><ymax>69</ymax></bndbox></object><object><name>proposal</name><bndbox><xmin>247</xmin><ymin>293</ymin><xmax>37</xmax><ymax>46</ymax></bndbox></object><object><name>proposal</name><bndbox><xmin>621</xmin><ymin>277</ymin><xmax>42</xmax><ymax>21</ymax></bndbox></object><object><name>proposal</name><bndbox><xmin>313</xmin><ymin>564</ymin><xmax>244</xmax><ymax>95</ymax></bndbox></object><object><name>proposal</name><bndbox><xmin>214</xmin><ymin>206</ymin><xmax>179</xmax><ymax>188</ymax></bndbox></object><object><name>proposal</name><bndbox><xmin>62</xmin><ymin>202</ymin><xmax>369</xmax><ymax>472</ymax></bndbox></object><object><name>proposal</name><bndbox><xmin>517</xmin><ymin>503</ymin><xmax>198</xmax><ymax>147</ymax></bndbox></object><object><name>proposal</name><bndbox><xmin>1</xmin><ymin>36</ymin><xmax>107</xmax><ymax>66</ymax></bndbox></object><object><name>proposal</name><bndbox><xmin>298</xmin><ymin>565</ymin><xmax>51</xmax><ymax>25</ymax></bndbox></object><object><name>proposal</name><bndbox><xmin>71</xmin><ymin>365</ymin><xmax>85</xmax><ymax>66</ymax></bndbox></object><object><name>proposal</name><bndbox><xmin>651</xmin><ymin>634</ymin><xmax>29</xmax><ymax>45</ymax></bndbox></object><object><name>proposal</name><bndbox><xmin>1</xmin><ymin>67</ymin><xmax>109</xmax><ymax>52</ymax></bndbox></object><object><name>proposal</name><bndbox><xmin>1</xmin><ymin>73</ymin><xmax>61</xmax><ymax>28</ymax></bndbox></object><object><name>proposal</name><bndbox><xmin>358</xmin><ymin>564</ymin><xmax>217</xmax><ymax>125</ymax></bndbox></object><object><name>proposal</name><bndbox><xmin>311</xmin><ymin>543</ymin><xmax>345</xmax><ymax>170</ymax></bndbox></object><object><name>proposal</name><bndbox><xmin>356</xmin><ymin>281</ymin><xmax>359</xmax><ymax>371</ymax></bndbox></object><object><name>proposal</name><bndbox><xmin>401</xmin><ymin>282</ymin><xmax>70</xmax><ymax>112</ymax></bndbox></object><object><name>proposal</name><bndbox><xmin>323</xmin><ymin>655</ymin><xmax>41</xmax><ymax>55</ymax></bndbox></object><object><name>proposal</name><bndbox><xmin>637</xmin><ymin>349</ymin><xmax>26</xmax><ymax>41</ymax></bndbox></object><object><name>proposal</name><bndbox><xmin>91</xmin><ymin>293</ymin><xmax>192</xmax><ymax>87</ymax></bndbox></object><object><name>proposal</name><bndbox><xmin>40</xmin><ymin>46</ymin><xmax>70</xmax><ymax>39</ymax></bndbox></object><object><name>proposal</name><bndbox><xmin>400</xmin><ymin>242</ymin><xmax>98</xmax><ymax>72</ymax></bndbox></object><object><name>proposal</name><bndbox><xmin>64</xmin><ymin>640</ymin><xmax>31</xmax><ymax>34</ymax></bndbox></object><object><name>proposal</name><bndbox><xmin>109</xmin><ymin>242</ymin><xmax>98</xmax><ymax>72</ymax></bndbox></object><object><name>proposal</name><bndbox><xmin>64</xmin><ymin>664</ymin><xmax>31</xmax><ymax>31</ymax></bndbox></object><object><name>proposal</name><bndbox><xmin>267</xmin><ymin>283</ymin><xmax>62</xmax><ymax>40</ymax></bndbox></object><object><name>proposal</name><bndbox><xmin>90</xmin><ymin>365</ymin><xmax>85</xmax><ymax>66</ymax></bndbox></object><object><name>proposal</name><bndbox><xmin>40</xmin><ymin>51</ymin><xmax>358</xmax><ymax>202</ymax></bndbox></object><object><name>proposal</name><bndbox><xmin>137</xmin><ymin>205</ymin><xmax>219</xmax><ymax>105</ymax></bndbox></object><object><name>proposal</name><bndbox><xmin>220</xmin><ymin>204</ymin><xmax>155</xmax><ymax>87</ymax></bndbox></object><object><name>proposal</name><bndbox><xmin>113</xmin><ymin>296</ymin><xmax>95</xmax><ymax>45</ymax></bndbox></object><object><name>proposal</name><bndbox><xmin>286</xmin><ymin>563</ymin><xmax>271</xmax><ymax>149</ymax></bndbox></object><object><name>proposal</name><bndbox><xmin>531</xmin><ymin>338</ymin><xmax>183</xmax><ymax>313</ymax></bndbox></object><object><name>proposal</name><bndbox><xmin>90</xmin><ymin>310</ymin><xmax>85</xmax><ymax>69</ymax></bndbox></object><object><name>proposal</name><bndbox><xmin>91</xmin><ymin>204</ymin><xmax>238</xmax><ymax>174</ymax></bndbox></object><object><name>proposal</name><bndbox><xmin>401</xmin><ymin>273</ymin><xmax>91</xmax><ymax>41</ymax></bndbox></object><object><name>proposal</name><bndbox><xmin>358</xmin><ymin>511</ymin><xmax>358</xmax><ymax>140</ymax></bndbox></object><object><name>proposal</name><bndbox><xmin>366</xmin><ymin>283</ymin><xmax>107</xmax><ymax>72</ymax></bndbox></object><object><name>proposal</name><bndbox><xmin>53</xmin><ymin>1</ymin><xmax>77</xmax><ymax>83</ymax></bndbox></object><object><name>proposal</name><bndbox><xmin>644</xmin><ymin>595</ymin><xmax>72</xmax><ymax>55</ymax></bndbox></object><object><name>proposal</name><bndbox><xmin>267</xmin><ymin>280</ymin><xmax>22</xmax><ymax>41</ymax></bndbox></object><object><name>proposal</name><bndbox><xmin>636</xmin><ymin>319</ymin><xmax>29</xmax><ymax>42</ymax></bndbox></object><object><name>proposal</name><bndbox><xmin>559</xmin><ymin>535</ymin><xmax>94</xmax><ymax>112</ymax></bndbox></object><object><name>proposal</name><bndbox><xmin>35</xmin><ymin>363</ymin><xmax>124</xmax><ymax>53</ymax></bndbox></object><object><name>proposal</name><bndbox><xmin>313</xmin><ymin>481</ymin><xmax>244</xmax><ymax>107</ymax></bndbox></object><object><name>proposal</name><bndbox><xmin>113</xmin><ymin>626</ymin><xmax>49</xmax><ymax>49</ymax></bndbox></object><object><name>proposal</name><bndbox><xmin>18</xmin><ymin>1</ymin><xmax>65</xmax><ymax>41</ymax></bndbox></object><object><name>proposal</name><bndbox><xmin>242</xmin><ymin>259</ymin><xmax>41</xmax><ymax>65</ymax></bndbox></object><object><name>proposal</name><bndbox><xmin>321</xmin><ymin>691</ymin><xmax>42</xmax><ymax>21</ymax></bndbox></object><object><name>proposal</name><bndbox><xmin>375</xmin><ymin>241</ymin><xmax>98</xmax><ymax>75</ymax></bndbox></object><object><name>proposal</name><bndbox><xmin>358</xmin><ymin>445</ymin><xmax>358</xmax><ymax>168</ymax></bndbox></object><object><name>proposal</name><bndbox><xmin>236</xmin><ymin>292</ymin><xmax>47</xmax><ymax>55</ymax></bndbox></object><object><name>proposal</name><bndbox><xmin>215</xmin><ymin>205</ymin><xmax>257</xmax><ymax>407</ymax></bndbox></object><object><name>proposal</name><bndbox><xmin>1</xmin><ymin>42</ymin><xmax>23</xmax><ymax>59</ymax></bndbox></object><object><name>proposal</name><bndbox><xmin>528</xmin><ymin>619</ymin><xmax>118</xmax><ymax>52</ymax></bndbox></object><object><name>proposal</name><bndbox><xmin>53</xmin><ymin>1</ymin><xmax>85</xmax><ymax>39</ymax></bndbox></object><object><name>proposal</name><bndbox><xmin>53</xmin><ymin>1</ymin><xmax>26</xmax><ymax>38</ymax></bndbox></object><object><name>proposal</name><bndbox><xmin>134</xmin><ymin>686</ymin><xmax>42</xmax><ymax>29</ymax></bndbox></object><object><name>proposal</name><bndbox><xmin>197</xmin><ymin>13</ymin><xmax>195</xmax><ymax>234</ymax></bndbox></object><object><name>proposal</name><bndbox><xmin>91</xmin><ymin>260</ymin><xmax>116</xmax><ymax>135</ymax></bndbox></object><object><name>proposal</name><bndbox><xmin>36</xmin><ymin>1</ymin><xmax>45</xmax><ymax>45</ymax></bndbox></object><object><name>proposal</name><bndbox><xmin>108</xmin><ymin>143</ymin><xmax>341</xmax><ymax>178</ymax></bndbox></object><object><name>proposal</name><bndbox><xmin>267</xmin><ymin>293</ymin><xmax>63</xmax><ymax>43</ymax></bndbox></object><object><name>proposal</name><bndbox><xmin>267</xmin><ymin>212</ymin><xmax>124</xmax><ymax>109</ymax></bndbox></object><object><name>proposal</name><bndbox><xmin>302</xmin><ymin>190</ymin><xmax>414</xmax><ymax>501</ymax></bndbox></object><object><name>proposal</name><bndbox><xmin>218</xmin><ymin>284</ymin><xmax>69</xmax><ymax>43</ymax></bndbox></object><object><name>proposal</name><bndbox><xmin>35</xmin><ymin>364</ymin><xmax>122</xmax><ymax>83</ymax></bndbox></object><object><name>proposal</name><bndbox><xmin>628</xmin><ymin>349</ymin><xmax>35</xmax><ymax>28</ymax></bndbox></object><object><name>proposal</name><bndbox><xmin>137</xmin><ymin>179</ymin><xmax>105</xmax><ymax>59</ymax></bndbox></object><object><name>proposal</name><bndbox><xmin>313</xmin><ymin>563</ymin><xmax>37</xmax><ymax>54</ymax></bndbox></object><object><name>proposal</name><bndbox><xmin>5</xmin><ymin>2</ymin><xmax>134</xmax><ymax>82</ymax></bndbox></object><object><name>proposal</name><bndbox><xmin>529</xmin><ymin>619</ymin><xmax>152</xmax><ymax>76</ymax></bndbox></object><object><name>proposal</name><bndbox><xmin>160</xmin><ymin>683</ymin><xmax>60</xmax><ymax>34</ymax></bndbox></object><object><name>proposal</name><bndbox><xmin>619</xmin><ymin>290</ymin><xmax>45</xmax><ymax>72</ymax></bndbox></object><object><name>proposal</name><bndbox><xmin>561</xmin><ymin>618</ymin><xmax>87</xmax><ymax>39</ymax></bndbox></object><object><name>proposal</name><bndbox><xmin>397</xmin><ymin>254</ymin><xmax>73</xmax><ymax>61</ymax></bndbox></object><object><name>proposal</name><bndbox><xmin>476</xmin><ymin>619</ymin><xmax>227</xmax><ymax>100</ymax></bndbox></object><object><name>proposal</name><bndbox><xmin>256</xmin><ymin>260</ymin><xmax>28</xmax><ymax>66</ymax></bndbox></object><object><name>proposal</name><bndbox><xmin>86</xmin><ymin>362</ymin><xmax>70</xmax><ymax>101</ymax></bndbox></object><object><name>proposal</name><bndbox><xmin>37</xmin><ymin>23</ymin><xmax>77</xmax><ymax>61</ymax></bndbox></object><object><name>proposal</name><bndbox><xmin>161</xmin><ymin>686</ymin><xmax>31</xmax><ymax>31</ymax></bndbox></object><object><name>proposal</name><bndbox><xmin>558</xmin><ymin>596</ymin><xmax>125</xmax><ymax>60</ymax></bndbox></object><object><name>proposal</name><bndbox><xmin>1</xmin><ymin>70</ymin><xmax>69</xmax><ymax>41</ymax></bndbox></object><object><name>proposal</name><bndbox><xmin>108</xmin><ymin>658</ymin><xmax>72</xmax><ymax>57</ymax></bndbox></object><object><name>proposal</name><bndbox><xmin>116</xmin><ymin>683</ymin><xmax>65</xmax><ymax>34</ymax></bndbox></object><object><name>proposal</name><bndbox><xmin>298</xmin><ymin>556</ymin><xmax>51</xmax><ymax>66</ymax></bndbox></object><object><name>proposal</name><bndbox><xmin>34</xmin><ymin>261</ymin><xmax>175</xmax><ymax>117</ymax></bndbox></object><object><name>proposal</name><bndbox><xmin>138</xmin><ymin>146</ymin><xmax>310</xmax><ymax>115</ymax></bndbox></object><object><name>proposal</name><bndbox><xmin>10</xmin><ymin>295</ymin><xmax>198</xmax><ymax>85</ymax></bndbox></object><object><name>proposal</name><bndbox><xmin>109</xmin><ymin>222</ymin><xmax>104</xmax><ymax>52</ymax></bndbox></object><object><name>proposal</name><bndbox><xmin>1</xmin><ymin>34</ymin><xmax>106</xmax><ymax>102</ymax></bndbox></object><object><name>proposal</name><bndbox><xmin>637</xmin><ymin>634</ymin><xmax>42</xmax><ymax>21</ymax></bndbox></object><object><name>proposal</name><bndbox><xmin>197</xmin><ymin>203</ymin><xmax>335</xmax><ymax>258</ymax></bndbox></object><object><name>proposal</name><bndbox><xmin>322</xmin><ymin>664</ymin><xmax>60</xmax><ymax>47</ymax></bndbox></object><object><name>proposal</name><bndbox><xmin>35</xmin><ymin>318</ymin><xmax>124</xmax><ymax>60</ymax></bndbox></object><object><name>proposal</name><bndbox><xmin>226</xmin><ymin>270</ymin><xmax>59</xmax><ymax>54</ymax></bndbox></object><object><name>proposal</name><bndbox><xmin>649</xmin><ymin>633</ymin><xmax>35</xmax><ymax>28</ymax></bndbox></object><object><name>proposal</name><bndbox><xmin>1</xmin><ymin>51</ymin><xmax>64</xmax><ymax>64</ymax></bndbox></object><object><name>proposal</name><bndbox><xmin>50</xmin><ymin>67</ymin><xmax>59</xmax><ymax>64</ymax></bndbox></object><object><name>proposal</name><bndbox><xmin>123</xmin><ymin>612</ymin><xmax>41</xmax><ymax>65</ymax></bndbox></object><object><name>proposal</name><bndbox><xmin>162</xmin><ymin>666</ymin><xmax>44</xmax><ymax>49</ymax></bndbox></object><object><name>proposal</name><bndbox><xmin>109</xmin><ymin>263</ymin><xmax>101</xmax><ymax>73</ymax></bndbox></object><object><name>proposal</name><bndbox><xmin>289</xmin><ymin>445</ymin><xmax>270</xmax><ymax>169</ymax></bndbox></object><object><name>proposal</name><bndbox><xmin>126</xmin><ymin>559</ymin><xmax>555</xmax><ymax>157</ymax></bndbox></object><object><name>proposal</name><bndbox><xmin>635</xmin><ymin>634</ymin><xmax>46</xmax><ymax>37</ymax></bndbox></object><object><name>proposal</name><bndbox><xmin>658</xmin><ymin>41</ymin><xmax>32</xmax><ymax>28</ymax></bndbox></object><object><name>proposal</name><bndbox><xmin>5</xmin><ymin>20</ymin><xmax>103</xmax><ymax>66</ymax></bndbox></object><object><name>proposal</name><bndbox><xmin>7</xmin><ymin>27</ymin><xmax>41</xmax><ymax>26</ymax></bndbox></object><object><name>proposal</name><bndbox><xmin>89</xmin><ymin>353</ymin><xmax>66</xmax><ymax>26</ymax></bndbox></object><object><name>proposal</name><bndbox><xmin>273</xmin><ymin>292</ymin><xmax>28</xmax><ymax>32</ymax></bndbox></object><object><name>proposal</name><bndbox><xmin>400</xmin><ymin>236</ymin><xmax>140</xmax><ymax>79</ymax></bndbox></object><object><name>proposal</name><bndbox><xmin>265</xmin><ymin>215</ymin><xmax>207</xmax><ymax>153</ymax></bndbox></object><object><name>proposal</name><bndbox><xmin>71</xmin><ymin>281</ymin><xmax>84</xmax><ymax>102</ymax></bndbox></object><object><name>proposal</name><bndbox><xmin>303</xmin><ymin>663</ymin><xmax>60</xmax><ymax>47</ymax></bndbox></object><object><name>proposal</name><bndbox><xmin>1</xmin><ymin>1</ymin><xmax>111</xmax><ymax>163</ymax></bndbox></object><object><name>proposal</name><bndbox><xmin>646</xmin><ymin>634</ymin><xmax>33</xmax><ymax>61</ymax></bndbox></object><object><name>proposal</name><bndbox><xmin>659</xmin><ymin>41</ymin><xmax>48</xmax><ymax>29</ymax></bndbox></object><object><name>proposal</name><bndbox><xmin>1</xmin><ymin>59</ymin><xmax>57</xmax><ymax>45</ymax></bndbox></object><object><name>proposal</name><bndbox><xmin>312</xmin><ymin>546</ymin><xmax>39</xmax><ymax>31</ymax></bndbox></object><object><name>proposal</name><bndbox><xmin>111</xmin><ymin>264</ymin><xmax>174</xmax><ymax>71</ymax></bndbox></object><object><name>proposal</name><bndbox><xmin>265</xmin><ymin>564</ymin><xmax>83</xmax><ymax>43</ymax></bndbox></object><object><name>proposal</name><bndbox><xmin>62</xmin><ymin>628</ymin><xmax>100</xmax><ymax>46</ymax></bndbox></object><object><name>proposal</name><bndbox><xmin>621</xmin><ymin>633</ymin><xmax>80</xmax><ymax>72</ymax></bndbox></object><object><name>proposal</name><bndbox><xmin>260</xmin><ymin>232</ymin><xmax>211</xmax><ymax>91</ymax></bndbox></object><object><name>proposal</name><bndbox><xmin>311</xmin><ymin>565</ymin><xmax>46</xmax><ymax>40</ymax></bndbox></object><object><name>proposal</name><bndbox><xmin>91</xmin><ymin>263</ymin><xmax>192</xmax><ymax>193</ymax></bndbox></object><object><name>proposal</name><bndbox><xmin>123</xmin><ymin>671</ymin><xmax>57</xmax><ymax>45</ymax></bndbox></object><object><name>proposal</name><bndbox><xmin>265</xmin><ymin>211</ymin><xmax>294</xmax><ymax>405</ymax></bndbox></object><object><name>proposal</name><bndbox><xmin>1</xmin><ymin>52</ymin><xmax>81</xmax><ymax>49</ymax></bndbox></object><object><name>proposal</name><bndbox><xmin>401</xmin><ymin>191</ymin><xmax>70</xmax><ymax>127</ymax></bndbox></object><object><name>proposal</name><bndbox><xmin>651</xmin><ymin>633</ymin><xmax>60</xmax><ymax>49</ymax></bndbox></object><object><name>proposal</name><bndbox><xmin>659</xmin><ymin>21</ymin><xmax>48</xmax><ymax>29</ymax></bndbox></object><object><name>proposal</name><bndbox><xmin>303</xmin><ymin>681</ymin><xmax>61</xmax><ymax>30</ymax></bndbox></object><object><name>proposal</name><bndbox><xmin>17</xmin><ymin>39</ymin><xmax>91</xmax><ymax>47</ymax></bndbox></object><object><name>proposal</name><bndbox><xmin>81</xmin><ymin>214</ymin><xmax>131</xmax><ymax>95</ymax></bndbox></object><object><name>proposal</name><bndbox><xmin>313</xmin><ymin>527</ymin><xmax>37</xmax><ymax>50</ymax></bndbox></object><object><name>proposal</name><bndbox><xmin>265</xmin><ymin>272</ymin><xmax>73</xmax><ymax>49</ymax></bndbox></object><object><name>proposal</name><bndbox><xmin>27</xmin><ymin>67</ymin><xmax>79</xmax><ymax>33</ymax></bndbox></object><object><name>proposal</name><bndbox><xmin>317</xmin><ymin>157</ymin><xmax>71</xmax><ymax>85</ymax></bndbox></object><object><name>proposal</name><bndbox><xmin>90</xmin><ymin>203</ymin><xmax>240</xmax><ymax>278</ymax></bndbox></object><object><name>proposal</name><bndbox><xmin>90</xmin><ymin>281</ymin><xmax>84</xmax><ymax>111</ymax></bndbox></object><object><name>proposal</name><bndbox><xmin>362</xmin><ymin>282</ymin><xmax>110</xmax><ymax>110</ymax></bndbox></object><object><name>proposal</name><bndbox><xmin>91</xmin><ymin>215</ymin><xmax>152</xmax><ymax>164</ymax></bndbox></object><object><name>proposal</name><bndbox><xmin>59</xmin><ymin>67</ymin><xmax>50</xmax><ymax>40</ymax></bndbox></object><object><name>proposal</name><bndbox><xmin>629</xmin><ymin>633</ymin><xmax>77</xmax><ymax>53</ymax></bndbox></object><object><name>proposal</name><bndbox><xmin>219</xmin><ymin>146</ymin><xmax>128</xmax><ymax>83</ymax></bndbox></object><object><name>proposal</name><bndbox><xmin>558</xmin><ymin>618</ymin><xmax>125</xmax><ymax>48</ymax></bndbox></object><object><name>proposal</name><bndbox><xmin>617</xmin><ymin>349</ymin><xmax>46</xmax><ymax>37</ymax></bndbox></object><object><name>proposal</name><bndbox><xmin>266</xmin><ymin>291</ymin><xmax>31</xmax><ymax>31</ymax></bndbox></object><object><name>proposal</name><bndbox><xmin>53</xmin><ymin>3</ymin><xmax>93</xmax><ymax>56</ymax></bndbox></object><object><name>proposal</name><bndbox><xmin>658</xmin><ymin>16</ymin><xmax>31</xmax><ymax>34</ymax></bndbox></object><object><name>proposal</name><bndbox><xmin>637</xmin><ymin>349</ymin><xmax>35</xmax><ymax>28</ymax></bndbox></object><object><name>proposal</name><bndbox><xmin>91</xmin><ymin>294</ymin><xmax>151</xmax><ymax>114</ymax></bndbox></object><object><name>proposal</name><bndbox><xmin>617</xmin><ymin>265</ymin><xmax>46</xmax><ymax>34</ymax></bndbox></object><object><name>proposal</name><bndbox><xmin>400</xmin><ymin>283</ymin><xmax>98</xmax><ymax>72</ymax></bndbox></object><object><name>proposal</name><bndbox><xmin>36</xmin><ymin>1</ymin><xmax>149</xmax><ymax>83</ymax></bndbox></object><object><name>proposal</name><bndbox><xmin>402</xmin><ymin>281</ymin><xmax>91</xmax><ymax>135</ymax></bndbox></object><object><name>proposal</name><bndbox><xmin>196</xmin><ymin>127</ymin><xmax>162</xmax><ymax>106</ymax></bndbox></object><object><name>proposal</name><bndbox><xmin>62</xmin><ymin>658</ymin><xmax>118</xmax><ymax>58</ymax></bndbox></object><object><name>proposal</name><bndbox><xmin>649</xmin><ymin>634</ymin><xmax>50</xmax><ymax>37</ymax></bndbox></object><object><name>proposal</name><bndbox><xmin>50</xmin><ymin>647</ymin><xmax>47</xmax><ymax>27</ymax></bndbox></object><object><name>proposal</name><bndbox><xmin>267</xmin><ymin>207</ymin><xmax>145</xmax><ymax>145</ymax></bndbox></object><object><name>proposal</name><bndbox><xmin>304</xmin><ymin>562</ymin><xmax>64</xmax><ymax>59</ymax></bndbox></object><object><name>proposal</name><bndbox><xmin>673</xmin><ymin>655</ymin><xmax>27</xmax><ymax>42</ymax></bndbox></object><object><name>proposal</name><bndbox><xmin>34</xmin><ymin>1</ymin><xmax>46</xmax><ymax>100</ymax></bndbox></object><object><name>proposal</name><bndbox><xmin>1</xmin><ymin>67</ymin><xmax>138</xmax><ymax>64</ymax></bndbox></object><object><name>proposal</name><bndbox><xmin>85</xmin><ymin>113</ymin><xmax>280</xmax><ymax>125</ymax></bndbox></object><object><name>proposal</name><bndbox><xmin>296</xmin><ymin>538</ymin><xmax>61</xmax><ymax>39</ymax></bndbox></object><object><name>proposal</name><bndbox><xmin>266</xmin><ymin>282</ymin><xmax>207</xmax><ymax>80</ymax></bndbox></object><object><name>proposal</name><bndbox><xmin>39</xmin><ymin>406</ymin><xmax>22</xmax><ymax>35</ymax></bndbox></object><object><name>proposal</name><bndbox><xmin>39</xmin><ymin>433</ymin><xmax>22</xmax><ymax>35</ymax></bndbox></object><object><name>proposal</name><bndbox><xmin>1</xmin><ymin>34</ymin><xmax>69</xmax><ymax>103</ymax></bndbox></object><object><name>proposal</name><bndbox><xmin>358</xmin><ymin>282</ymin><xmax>200</xmax><ymax>306</ymax></bndbox></object><object><name>proposal</name><bndbox><xmin>39</xmin><ymin>31</ymin><xmax>100</xmax><ymax>54</ymax></bndbox></object><object><name>proposal</name><bndbox><xmin>7</xmin><ymin>13</ymin><xmax>37</xmax><ymax>40</ymax></bndbox></object><object><name>proposal</name><bndbox><xmin>62</xmin><ymin>646</ymin><xmax>100</xmax><ymax>40</ymax></bndbox></object><object><name>proposal</name><bndbox><xmin>36</xmin><ymin>214</ymin><xmax>202</xmax><ymax>103</ymax></bndbox></object><object><name>proposal</name><bndbox><xmin>1</xmin><ymin>73</ymin><xmax>57</xmax><ymax>49</ymax></bndbox></object><object><name>proposal</name><bndbox><xmin>26</xmin><ymin>627</ymin><xmax>31</xmax><ymax>42</ymax></bndbox></object><object><name>proposal</name><bndbox><xmin>370</xmin><ymin>216</ymin><xmax>136</xmax><ymax>99</ymax></bndbox></object><object><name>proposal</name><bndbox><xmin>65</xmin><ymin>43</ymin><xmax>83</xmax><ymax>43</ymax></bndbox></object><object><name>proposal</name><bndbox><xmin>617</xmin><ymin>289</ymin><xmax>46</xmax><ymax>37</ymax></bndbox></object><object><name>proposal</name><bndbox><xmin>261</xmin><ymin>248</ymin><xmax>31</xmax><ymax>73</ymax></bndbox></object><object><name>proposal</name><bndbox><xmin>289</xmin><ymin>565</ymin><xmax>63</xmax><ymax>77</ymax></bndbox></object><object><name>proposal</name><bndbox><xmin>652</xmin><ymin>652</ymin><xmax>48</xmax><ymax>45</ymax></bndbox></object><object><name>proposal</name><bndbox><xmin>452</xmin><ymin>456</ymin><xmax>265</xmax><ymax>200</ymax></bndbox></object><object><name>proposal</name><bndbox><xmin>634</xmin><ymin>331</ymin><xmax>39</xmax><ymax>31</ymax></bndbox></object><object><name>proposal</name><bndbox><xmin>298</xmin><ymin>551</ymin><xmax>51</xmax><ymax>25</ymax></bndbox></object><object><name>proposal</name><bndbox><xmin>1</xmin><ymin>67</ymin><xmax>40</xmax><ymax>34</ymax></bndbox></object><object><name>proposal</name><bndbox><xmin>356</xmin><ymin>398</ymin><xmax>359</xmax><ymax>292</ymax></bndbox></object><object><name>proposal</name><bndbox><xmin>289</xmin><ymin>585</ymin><xmax>41</xmax><ymax>26</ymax></bndbox></object><object><name>proposal</name><bndbox><xmin>632</xmin><ymin>561</ymin><xmax>84</xmax><ymax>51</ymax></bndbox></object><object><name>proposal</name><bndbox><xmin>316</xmin><ymin>637</ymin><xmax>49</xmax><ymax>73</ymax></bndbox></object><object><name>proposal</name><bndbox><xmin>57</xmin><ymin>67</ymin><xmax>73</xmax><ymax>65</ymax></bndbox></object><object><name>proposal</name><bndbox><xmin>212</xmin><ymin>69</ymin><xmax>333</xmax><ymax>192</ymax></bndbox></object><object><name>proposal</name><bndbox><xmin>637</xmin><ymin>340</ymin><xmax>38</xmax><ymax>21</ymax></bndbox></object><object><name>proposal</name><bndbox><xmin>1</xmin><ymin>3</ymin><xmax>227</xmax><ymax>97</ymax></bndbox></object><object><name>proposal</name><bndbox><xmin>302</xmin><ymin>214</ymin><xmax>170</xmax><ymax>100</ymax></bndbox></object><object><name>proposal</name><bndbox><xmin>36</xmin><ymin>1</ymin><xmax>681</xmax><ymax>716</ymax></bndbox></object><object><name>proposal</name><bndbox><xmin>271</xmin><ymin>283</ymin><xmax>40</xmax><ymax>40</ymax></bndbox></object><object><name>proposal</name><bndbox><xmin>256</xmin><ymin>281</ymin><xmax>28</xmax><ymax>56</ymax></bndbox></object><object><name>proposal</name><bndbox><xmin>267</xmin><ymin>210</ymin><xmax>75</xmax><ymax>111</ymax></bndbox></object><object><name>proposal</name><bndbox><xmin>36</xmin><ymin>281</ymin><xmax>128</xmax><ymax>98</ymax></bndbox></object><object><name>proposal</name><bndbox><xmin>59</xmin><ymin>17</ymin><xmax>47</xmax><ymax>69</ymax></bndbox></object><object><name>proposal</name><bndbox><xmin>267</xmin><ymin>292</ymin><xmax>44</xmax><ymax>65</ymax></bndbox></object><object><name>proposal</name><bndbox><xmin>88</xmin><ymin>129</ymin><xmax>363</xmax><ymax>261</ymax></bndbox></object><object><name>proposal</name><bndbox><xmin>321</xmin><ymin>177</ymin><xmax>81</xmax><ymax>63</ymax></bndbox></object><object><name>proposal</name><bndbox><xmin>127</xmin><ymin>618</ymin><xmax>49</xmax><ymax>57</ymax></bndbox></object><object><name>proposal</name><bndbox><xmin>267</xmin><ymin>257</ymin><xmax>61</xmax><ymax>66</ymax></bndbox></object><object><name>proposal</name><bndbox><xmin>64</xmin><ymin>646</ymin><xmax>42</xmax><ymax>29</ymax></bndbox></object><object><name>proposal</name><bndbox><xmin>318</xmin><ymin>664</ymin><xmax>96</xmax><ymax>46</ymax></bndbox></object><object><name>proposal</name><bndbox><xmin>109</xmin><ymin>296</ymin><xmax>123</xmax><ymax>70</ymax></bndbox></object><object><name>proposal</name><bndbox><xmin>34</xmin><ymin>211</ymin><xmax>249</xmax><ymax>167</ymax></bndbox></object><object><name>proposal</name><bndbox><xmin>65</xmin><ymin>69</ymin><xmax>81</xmax><ymax>54</ymax></bndbox></object><object><name>proposal</name><bndbox><xmin>95</xmin><ymin>646</ymin><xmax>71</xmax><ymax>28</ymax></bndbox></object><object><name>proposal</name><bndbox><xmin>328</xmin><ymin>219</ymin><xmax>63</xmax><ymax>78</ymax></bndbox></object><object><name>proposal</name><bndbox><xmin>139</xmin><ymin>671</ymin><xmax>37</xmax><ymax>45</ymax></bndbox></object><object><name>proposal</name><bndbox><xmin>524</xmin><ymin>491</ymin><xmax>129</xmax><ymax>155</ymax></bndbox></object><object><name>proposal</name><bndbox><xmin>627</xmin><ymin>631</ymin><xmax>53</xmax><ymax>49</ymax></bndbox></object><object><name>proposal</name><bndbox><xmin>435</xmin><ymin>564</ymin><xmax>219</xmax><ymax>98</ymax></bndbox></object><object><name>proposal</name><bndbox><xmin>57</xmin><ymin>634</ymin><xmax>42</xmax><ymax>42</ymax></bndbox></object><object><name>proposal</name><bndbox><xmin>83</xmin><ymin>205</ymin><xmax>249</xmax><ymax>415</ymax></bndbox></object><object><name>proposal</name><bndbox><xmin>637</xmin><ymin>347</ymin><xmax>34</xmax><ymax>50</ymax></bndbox></object><object><name>proposal</name><bndbox><xmin>35</xmin><ymin>1</ymin><xmax>76</xmax><ymax>117</ymax></bndbox></object><object><name>proposal</name><bndbox><xmin>1</xmin><ymin>75</ymin><xmax>68</xmax><ymax>59</ymax></bndbox></object><object><name>proposal</name><bndbox><xmin>561</xmin><ymin>571</ymin><xmax>93</xmax><ymax>125</ymax></bndbox></object><object><name>proposal</name><bndbox><xmin>305</xmin><ymin>143</ymin><xmax>97</xmax><ymax>101</ymax></bndbox></object><object><name>proposal</name><bndbox><xmin>265</xmin><ymin>282</ymin><xmax>69</xmax><ymax>64</ymax></bndbox></object><object><name>proposal</name><bndbox><xmin>88</xmin><ymin>317</ymin><xmax>142</xmax><ymax>61</ymax></bndbox></object><object><name>proposal</name><bndbox><xmin>128</xmin><ymin>589</ymin><xmax>39</xmax><ymax>83</ymax></bndbox></object><object><name>proposal</name><bndbox><xmin>673</xmin><ymin>682</ymin><xmax>28</xmax><ymax>32</ymax></bndbox></object><object><name>proposal</name><bndbox><xmin>635</xmin><ymin>348</ymin><xmax>29</xmax><ymax>61</ymax></bndbox></object><object><name>proposal</name><bndbox><xmin>61</xmin><ymin>664</ymin><xmax>38</xmax><ymax>21</ymax></bndbox></object><object><name>proposal</name><bndbox><xmin>111</xmin><ymin>634</ymin><xmax>64</xmax><ymax>39</ymax></bndbox></object><object><name>proposal</name><bndbox><xmin>644</xmin><ymin>595</ymin><xmax>45</xmax><ymax>57</ymax></bndbox></object><object><name>proposal</name><bndbox><xmin>595</xmin><ymin>290</ymin><xmax>68</xmax><ymax>71</ymax></bndbox></object><object><name>proposal</name><bndbox><xmin>52</xmin><ymin>1</ymin><xmax>43</xmax><ymax>84</ymax></bndbox></object><object><name>proposal</name><bndbox><xmin>650</xmin><ymin>633</ymin><xmax>61</xmax><ymax>28</ymax></bndbox></object><object><name>proposal</name><bndbox><xmin>228</xmin><ymin>285</ymin><xmax>58</xmax><ymax>69</ymax></bndbox></object><object><name>proposal</name><bndbox><xmin>88</xmin><ymin>362</ymin><xmax>135</xmax><ymax>61</ymax></bndbox></object><object><name>proposal</name><bndbox><xmin>319</xmin><ymin>210</ymin><xmax>78</xmax><ymax>116</ymax></bndbox></object><object><name>proposal</name><bndbox><xmin>50</xmin><ymin>664</ymin><xmax>46</xmax><ymax>37</ymax></bndbox></object><object><name>proposal</name><bndbox><xmin>138</xmin><ymin>147</ymin><xmax>102</xmax><ymax>93</ymax></bndbox></object><object><name>proposal</name><bndbox><xmin>531</xmin><ymin>598</ymin><xmax>22</xmax><ymax>35</ymax></bndbox></object><object><name>proposal</name><bndbox><xmin>203</xmin><ymin>15</ymin><xmax>45</xmax><ymax>53</ymax></bndbox></object><object><name>proposal</name><bndbox><xmin>161</xmin><ymin>677</ymin><xmax>83</xmax><ymax>39</ymax></bndbox></object><object><name>proposal</name><bndbox><xmin>1</xmin><ymin>36</ymin><xmax>106</xmax><ymax>156</ymax></bndbox></object><object><name>proposal</name><bndbox><xmin>93</xmin><ymin>619</ymin><xmax>69</xmax><ymax>54</ymax></bndbox></object><object><name>proposal</name><bndbox><xmin>617</xmin><ymin>325</ymin><xmax>46</xmax><ymax>37</ymax></bndbox></object><object><name>proposal</name><bndbox><xmin>626</xmin><ymin>349</ymin><xmax>46</xmax><ymax>40</ymax></bndbox></object><object><name>proposal</name><bndbox><xmin>561</xmin><ymin>605</ymin><xmax>84</xmax><ymax>68</ymax></bndbox></object><object><name>proposal</name><bndbox><xmin>25</xmin><ymin>616</ymin><xmax>138</xmax><ymax>61</ymax></bndbox></object><object><name>proposal</name><bndbox><xmin>638</xmin><ymin>41</ymin><xmax>70</xmax><ymax>31</ymax></bndbox></object><object><name>proposal</name><bndbox><xmin>289</xmin><ymin>541</ymin><xmax>59</xmax><ymax>73</ymax></bndbox></object><object><name>proposal</name><bndbox><xmin>60</xmin><ymin>662</ymin><xmax>39</xmax><ymax>45</ymax></bndbox></object><object><name>proposal</name><bndbox><xmin>561</xmin><ymin>593</ymin><xmax>156</xmax><ymax>77</ymax></bndbox></object><object><name>proposal</name><bndbox><xmin>41</xmin><ymin>411</ymin><xmax>31</xmax><ymax>31</ymax></bndbox></object><object><name>proposal</name><bndbox><xmin>31</xmin><ymin>411</ymin><xmax>31</xmax><ymax>31</ymax></bndbox></object><object><name>proposal</name><bndbox><xmin>161</xmin><ymin>661</ymin><xmax>32</xmax><ymax>54</ymax></bndbox></object><object><name>proposal</name><bndbox><xmin>65</xmin><ymin>13</ymin><xmax>80</xmax><ymax>72</ymax></bndbox></object><object><name>proposal</name><bndbox><xmin>127</xmin><ymin>647</ymin><xmax>51</xmax><ymax>25</ymax></bndbox></object><object><name>proposal</name><bndbox><xmin>216</xmin><ymin>293</ymin><xmax>68</xmax><ymax>85</ymax></bndbox></object><object><name>proposal</name><bndbox><xmin>491</xmin><ymin>525</ymin><xmax>163</xmax><ymax>120</ymax></bndbox></object><object><name>proposal</name><bndbox><xmin>1</xmin><ymin>3</ymin><xmax>163</xmax><ymax>113</ymax></bndbox></object><object><name>proposal</name><bndbox><xmin>127</xmin><ymin>634</ymin><xmax>61</xmax><ymax>39</ymax></bndbox></object><object><name>proposal</name><bndbox><xmin>91</xmin><ymin>293</ymin><xmax>246</xmax><ymax>123</ymax></bndbox></object><object><name>proposal</name><bndbox><xmin>86</xmin><ymin>362</ymin><xmax>121</xmax><ymax>99</ymax></bndbox></object><object><name>proposal</name><bndbox><xmin>34</xmin><ymin>349</ymin><xmax>32</xmax><ymax>24</ymax></bndbox></object><object><name>proposal</name><bndbox><xmin>370</xmin><ymin>179</ymin><xmax>116</xmax><ymax>135</ymax></bndbox></object><object><name>proposal</name><bndbox><xmin>90</xmin><ymin>648</ymin><xmax>93</xmax><ymax>72</ymax></bndbox></object><object><name>proposal</name><bndbox><xmin>1</xmin><ymin>1</ymin><xmax>238</xmax><ymax>323</ymax></bndbox></object><object><name>proposal</name><bndbox><xmin>289</xmin><ymin>593</ymin><xmax>38</xmax><ymax>28</ymax></bndbox></object><object><name>proposal</name><bndbox><xmin>627</xmin><ymin>633</ymin><xmax>55</xmax><ymax>25</ymax></bndbox></object><object><name>proposal</name><bndbox><xmin>401</xmin><ymin>265</ymin><xmax>105</xmax><ymax>56</ymax></bndbox></object><object><name>proposal</name><bndbox><xmin>650</xmin><ymin>593</ymin><xmax>68</xmax><ymax>89</ymax></bndbox></object><object><name>proposal</name><bndbox><xmin>226</xmin><ymin>282</ymin><xmax>441</xmax><ymax>350</ymax></bndbox></object><object><name>proposal</name><bndbox><xmin>561</xmin><ymin>466</ymin><xmax>93</xmax><ymax>182</ymax></bndbox></object><object><name>proposal</name><bndbox><xmin>107</xmin><ymin>605</ymin><xmax>56</xmax><ymax>69</ymax></bndbox></object><object><name>proposal</name><bndbox><xmin>634</xmin><ymin>587</ymin><xmax>83</xmax><ymax>111</ymax></bndbox></object><object><name>proposal</name><bndbox><xmin>11</xmin><ymin>263</ymin><xmax>273</xmax><ymax>116</ymax></bndbox></object><object><name>proposal</name><bndbox><xmin>129</xmin><ymin>647</ymin><xmax>80</xmax><ymax>70</ymax></bndbox></object><object><name>proposal</name><bndbox><xmin>7</xmin><ymin>3</ymin><xmax>71</xmax><ymax>28</ymax></bndbox></object><object><name>proposal</name><bndbox><xmin>61</xmin><ymin>264</ymin><xmax>148</xmax><ymax>61</ymax></bndbox></object><object><name>proposal</name><bndbox><xmin>205</xmin><ymin>284</ymin><xmax>81</xmax><ymax>59</ymax></bndbox></object><object><name>proposal</name><bndbox><xmin>312</xmin><ymin>211</ymin><xmax>158</xmax><ymax>203</ymax></bndbox></object><object><name>proposal</name><bndbox><xmin>153</xmin><ymin>645</ymin><xmax>28</xmax><ymax>71</ymax></bndbox></object><object><name>proposal</name><bndbox><xmin>229</xmin><ymin>210</ymin><xmax>58</xmax><ymax>113</ymax></bndbox></object><object><name>proposal</name><bndbox><xmin>290</xmin><ymin>564</ymin><xmax>71</xmax><ymax>146</ymax></bndbox></object><object><name>proposal</name><bndbox><xmin>369</xmin><ymin>199</ymin><xmax>81</xmax><ymax>63</ymax></bndbox></object><object><name>proposal</name><bndbox><xmin>34</xmin><ymin>365</ymin><xmax>129</xmax><ymax>122</ymax></bndbox></object><object><name>proposal</name><bndbox><xmin>621</xmin><ymin>290</ymin><xmax>42</xmax><ymax>20</ymax></bndbox></object><object><name>proposal</name><bndbox><xmin>621</xmin><ymin>285</ymin><xmax>68</xmax><ymax>76</ymax></bndbox></object><object><name>proposal</name><bndbox><xmin>1</xmin><ymin>73</ymin><xmax>21</xmax><ymax>50</ymax></bndbox></object><object><name>proposal</name><bndbox><xmin>322</xmin><ymin>640</ymin><xmax>57</xmax><ymax>72</ymax></bndbox></object><object><name>proposal</name><bndbox><xmin>636</xmin><ymin>41</ymin><xmax>55</xmax><ymax>25</ymax></bndbox></object><object><name>proposal</name><bndbox><xmin>162</xmin><ymin>650</ymin><xmax>53</xmax><ymax>67</ymax></bndbox></object><object><name>proposal</name><bndbox><xmin>93</xmin><ymin>678</ymin><xmax>87</xmax><ymax>39</ymax></bndbox></object><object><name>proposal</name><bndbox><xmin>109</xmin><ymin>7</ymin><xmax>605</xmax><ymax>315</ymax></bndbox></object><object><name>proposal</name><bndbox><xmin>520</xmin><ymin>194</ymin><xmax>194</xmax><ymax>505</ymax></bndbox></object><object><name>proposal</name><bndbox><xmin>622</xmin><ymin>271</ymin><xmax>56</xmax><ymax>28</ymax></bndbox></object><object><name>proposal</name><bndbox><xmin>594</xmin><ymin>628</ymin><xmax>111</xmax><ymax>82</ymax></bndbox></object><object><name>proposal</name><bndbox><xmin>190</xmin><ymin>5</ymin><xmax>38</xmax><ymax>26</ymax></bndbox></object><object><name>proposal</name><bndbox><xmin>91</xmin><ymin>262</ymin><xmax>117</xmax><ymax>235</ymax></bndbox></object><object><name>proposal</name><bndbox><xmin>195</xmin><ymin>277</ymin><xmax>96</xmax><ymax>44</ymax></bndbox></object><object><name>proposal</name><bndbox><xmin>265</xmin><ymin>267</ymin><xmax>34</xmax><ymax>54</ymax></bndbox></object><object><name>proposal</name><bndbox><xmin>267</xmin><ymin>293</ymin><xmax>59</xmax><ymax>77</ymax></bndbox></object><object><name>proposal</name><bndbox><xmin>621</xmin><ymin>340</ymin><xmax>42</xmax><ymax>21</ymax></bndbox></object><object><name>proposal</name><bndbox><xmin>353</xmin><ymin>233</ymin><xmax>119</xmax><ymax>111</ymax></bndbox></object><object><name>proposal</name><bndbox><xmin>1</xmin><ymin>34</ymin><xmax>37</xmax><ymax>37</ymax></bndbox></object><object><name>proposal</name><bndbox><xmin>289</xmin><ymin>587</ymin><xmax>59</xmax><ymax>25</ymax></bndbox></object><object><name>proposal</name><bndbox><xmin>109</xmin><ymin>131</ymin><xmax>605</xmax><ymax>191</ymax></bndbox></object><object><name>proposal</name><bndbox><xmin>283</xmin><ymin>529</ymin><xmax>66</xmax><ymax>47</ymax></bndbox></object><object><name>proposal</name><bndbox><xmin>605</xmin><ymin>634</ymin><xmax>75</xmax><ymax>40</ymax></bndbox></object><object><name>proposal</name><bndbox><xmin>127</xmin><ymin>558</ymin><xmax>234</xmax><ymax>160</ymax></bndbox></object><object><name>proposal</name><bndbox><xmin>319</xmin><ymin>164</ymin><xmax>103</xmax><ymax>78</ymax></bndbox></object><object><name>proposal</name><bndbox><xmin>288</xmin><ymin>565</ymin><xmax>45</xmax><ymax>48</ymax></bndbox></object><object><name>proposal</name><bndbox><xmin>85</xmin><ymin>173</ymin><xmax>155</xmax><ymax>65</ymax></bndbox></object><object><name>proposal</name><bndbox><xmin>40</xmin><ymin>1</ymin><xmax>236</xmax><ymax>274</ymax></bndbox></object><object><name>proposal</name><bndbox><xmin>214</xmin><ymin>353</ymin><xmax>32</xmax><ymax>26</ymax></bndbox></object><object><name>proposal</name><bndbox><xmin>6</xmin><ymin>1</ymin><xmax>73</xmax><ymax>138</ymax></bndbox></object><object><name>proposal</name><bndbox><xmin>172</xmin><ymin>571</ymin><xmax>45</xmax><ymax>45</ymax></bndbox></object><object><name>proposal</name><bndbox><xmin>635</xmin><ymin>296</ymin><xmax>29</xmax><ymax>67</ymax></bndbox></object><object><name>proposal</name><bndbox><xmin>267</xmin><ymin>284</ymin><xmax>100</xmax><ymax>42</ymax></bndbox></object><object><name>proposal</name><bndbox><xmin>162</xmin><ymin>637</ymin><xmax>39</xmax><ymax>79</ymax></bndbox></object><object><name>proposal</name><bndbox><xmin>400</xmin><ymin>282</ymin><xmax>100</xmax><ymax>48</ymax></bndbox></object><object><name>proposal</name><bndbox><xmin>40</xmin><ymin>433</ymin><xmax>32</xmax><ymax>28</ymax></bndbox></object><object><name>proposal</name><bndbox><xmin>218</xmin><ymin>54</ymin><xmax>136</xmax><ymax>179</ymax></bndbox></object><object><name>proposal</name><bndbox><xmin>303</xmin><ymin>599</ymin><xmax>58</xmax><ymax>111</ymax></bndbox></object><object><name>proposal</name><bndbox><xmin>529</xmin><ymin>603</ymin><xmax>45</xmax><ymax>29</ymax></bndbox></object><object><name>proposal</name><bndbox><xmin>149</xmin><ymin>685</ymin><xmax>26</xmax><ymax>32</ymax></bndbox></object><object><name>proposal</name><bndbox><xmin>302</xmin><ymin>359</ymin><xmax>257</xmax><ymax>255</ymax></bndbox></object><object><name>proposal</name><bndbox><xmin>322</xmin><ymin>604</ymin><xmax>40</xmax><ymax>107</ymax></bndbox></object><object><name>proposal</name><bndbox><xmin>318</xmin><ymin>115</ymin><xmax>143</xmax><ymax>147</ymax></bndbox></object><object><name>proposal</name><bndbox><xmin>388</xmin><ymin>614</ymin><xmax>259</xmax><ymax>99</ymax></bndbox></object><object><name>proposal</name><bndbox><xmin>660</xmin><ymin>7</ymin><xmax>51</xmax><ymax>43</ymax></bndbox></object><object><name>proposal</name><bndbox><xmin>658</xmin><ymin>41</ymin><xmax>49</xmax><ymax>45</ymax></bndbox></object><object><name>proposal</name><bndbox><xmin>628</xmin><ymin>655</ymin><xmax>72</xmax><ymax>43</ymax></bndbox></object><object><name>proposal</name><bndbox><xmin>644</xmin><ymin>23</ymin><xmax>47</xmax><ymax>27</ymax></bndbox></object><object><name>proposal</name><bndbox><xmin>27</xmin><ymin>639</ymin><xmax>73</xmax><ymax>37</ymax></bndbox></object><object><name>proposal</name><bndbox><xmin>233</xmin><ymin>261</ymin><xmax>50</xmax><ymax>87</ymax></bndbox></object><object><name>proposal</name><bndbox><xmin>5</xmin><ymin>1</ymin><xmax>45</xmax><ymax>53</ymax></bndbox></object><object><name>proposal</name><bndbox><xmin>64</xmin><ymin>664</ymin><xmax>50</xmax><ymax>37</ymax></bndbox></object><object><name>proposal</name><bndbox><xmin>313</xmin><ymin>214</ymin><xmax>117</xmax><ymax>167</ymax></bndbox></object><object><name>proposal</name><bndbox><xmin>309</xmin><ymin>536</ymin><xmax>60</xmax><ymax>41</ymax></bndbox></object><object><name>proposal</name><bndbox><xmin>296</xmin><ymin>644</ymin><xmax>65</xmax><ymax>68</ymax></bndbox></object><object><name>proposal</name><bndbox><xmin>71</xmin><ymin>365</ymin><xmax>84</xmax><ymax>135</ymax></bndbox></object><object><name>proposal</name><bndbox><xmin>160</xmin><ymin>415</ymin><xmax>397</xmax><ymax>200</ymax></bndbox></object><object><name>proposal</name><bndbox><xmin>222</xmin><ymin>467</ymin><xmax>493</xmax><ymax>244</ymax></bndbox></object><object><name>proposal</name><bndbox><xmin>4</xmin><ymin>36</ymin><xmax>39</xmax><ymax>48</ymax></bndbox></object><object><name>proposal</name><bndbox><xmin>634</xmin><ymin>322</ymin><xmax>61</xmax><ymax>39</ymax></bndbox></object><object><name>proposal</name><bndbox><xmin>246</xmin><ymin>239</ymin><xmax>45</xmax><ymax>84</ymax></bndbox></object><object><name>proposal</name><bndbox><xmin>266</xmin><ymin>210</ymin><xmax>44</xmax><ymax>113</ymax></bndbox></object><object><name>proposal</name><bndbox><xmin>285</xmin><ymin>672</ymin><xmax>79</xmax><ymax>41</ymax></bndbox></object><object><name>proposal</name><bndbox><xmin>268</xmin><ymin>293</ymin><xmax>40</xmax><ymax>46</ymax></bndbox></object><object><name>proposal</name><bndbox><xmin>639</xmin><ymin>11</ymin><xmax>70</xmax><ymax>41</ymax></bndbox></object><object><name>proposal</name><bndbox><xmin>206</xmin><ymin>1</ymin><xmax>31</xmax><ymax>31</ymax></bndbox></object><object><name>proposal</name><bndbox><xmin>265</xmin><ymin>293</ymin><xmax>21</xmax><ymax>46</ymax></bndbox></object><object><name>proposal</name><bndbox><xmin>427</xmin><ymin>168</ymin><xmax>287</xmax><ymax>484</ymax></bndbox></object><object><name>proposal</name><bndbox><xmin>298</xmin><ymin>511</ymin><xmax>51</xmax><ymax>66</ymax></bndbox></object><object><name>proposal</name><bndbox><xmin>28</xmin><ymin>433</ymin><xmax>35</xmax><ymax>28</ymax></bndbox></object><object><name>proposal</name><bndbox><xmin>219</xmin><ymin>245</ymin><xmax>71</xmax><ymax>77</ymax></bndbox></object><object><name>proposal</name><bndbox><xmin>31</xmin><ymin>341</ymin><xmax>31</xmax><ymax>31</ymax></bndbox></object><object><name>proposal</name><bndbox><xmin>31</xmin><ymin>366</ymin><xmax>31</xmax><ymax>31</ymax></bndbox></object><object><name>proposal</name><bndbox><xmin>173</xmin><ymin>571</ymin><xmax>70</xmax><ymax>40</ymax></bndbox></object><object><name>proposal</name><bndbox><xmin>264</xmin><ymin>293</ymin><xmax>35</xmax><ymax>99</ymax></bndbox></object><object><name>proposal</name><bndbox><xmin>622</xmin><ymin>288</ymin><xmax>55</xmax><ymax>41</ymax></bndbox></object><object><name>proposal</name><bndbox><xmin>595</xmin><ymin>269</ymin><xmax>67</xmax><ymax>29</ymax></bndbox></object><object><name>proposal</name><bndbox><xmin>289</xmin><ymin>565</ymin><xmax>125</xmax><ymax>146</ymax></bndbox></object><object><name>proposal</name><bndbox><xmin>633</xmin><ymin>11</ymin><xmax>55</xmax><ymax>41</ymax></bndbox></object><object><name>proposal</name><bndbox><xmin>658</xmin><ymin>41</ymin><xmax>31</xmax><ymax>46</ymax></bndbox></object><object><name>proposal</name><bndbox><xmin>91</xmin><ymin>216</ymin><xmax>160</xmax><ymax>376</ymax></bndbox></object><object><name>proposal</name><bndbox><xmin>41</xmin><ymin>421</ymin><xmax>42</xmax><ymax>21</ymax></bndbox></object><object><name>proposal</name><bndbox><xmin>370</xmin><ymin>194</ymin><xmax>199</xmax><ymax>121</ymax></bndbox></object><object><name>proposal</name><bndbox><xmin>302</xmin><ymin>583</ymin><xmax>45</xmax><ymax>31</ymax></bndbox></object><object><name>proposal</name><bndbox><xmin>334</xmin><ymin>226</ymin><xmax>57</xmax><ymax>53</ymax></bndbox></object><object><name>proposal</name><bndbox><xmin>645</xmin><ymin>659</ymin><xmax>55</xmax><ymax>23</ymax></bndbox></object><object><name>proposal</name><bndbox><xmin>1</xmin><ymin>1</ymin><xmax>156</xmax><ymax>379</ymax></bndbox></object><object><name>proposal</name><bndbox><xmin>91</xmin><ymin>283</ymin><xmax>380</xmax><ymax>174</ymax></bndbox></object><object><name>proposal</name><bndbox><xmin>63</xmin><ymin>596</ymin><xmax>101</xmax><ymax>80</ymax></bndbox></object><object><name>proposal</name><bndbox><xmin>374</xmin><ymin>280</ymin><xmax>113</xmax><ymax>152</ymax></bndbox></object><object><name>proposal</name><bndbox><xmin>29</xmin><ymin>364</ymin><xmax>179</xmax><ymax>100</ymax></bndbox></object><object><name>proposal</name><bndbox><xmin>319</xmin><ymin>693</ymin><xmax>42</xmax><ymax>25</ymax></bndbox></object><object><name>proposal</name><bndbox><xmin>388</xmin><ymin>281</ymin><xmax>82</xmax><ymax>197</ymax></bndbox></object><object><name>proposal</name><bndbox><xmin>655</xmin><ymin>39</ymin><xmax>39</xmax><ymax>39</ymax></bndbox></object><object><name>proposal</name><bndbox><xmin>245</xmin><ymin>293</ymin><xmax>41</xmax><ymax>95</ymax></bndbox></object><object><name>proposal</name><bndbox><xmin>267</xmin><ymin>265</ymin><xmax>44</xmax><ymax>60</ymax></bndbox></object><object><name>proposal</name><bndbox><xmin>649</xmin><ymin>613</ymin><xmax>34</xmax><ymax>37</ymax></bndbox></object><object><name>proposal</name><bndbox><xmin>26</xmin><ymin>646</ymin><xmax>152</xmax><ymax>71</ymax></bndbox></object><object><name>proposal</name><bndbox><xmin>369</xmin><ymin>218</ymin><xmax>95</xmax><ymax>43</ymax></bndbox></object><object><name>proposal</name><bndbox><xmin>1</xmin><ymin>24</ymin><xmax>138</xmax><ymax>77</ymax></bndbox></object><object><name>proposal</name><bndbox><xmin>128</xmin><ymin>571</ymin><xmax>88</xmax><ymax>101</ymax></bndbox></object><object><name>proposal</name><bndbox><xmin>206</xmin><ymin>208</ymin><xmax>77</xmax><ymax>117</ymax></bndbox></object><object><name>proposal</name><bndbox><xmin>49</xmin><ymin>1</ymin><xmax>34</xmax><ymax>58</ymax></bndbox></object><object><name>proposal</name><bndbox><xmin>185</xmin><ymin>293</ymin><xmax>100</xmax><ymax>42</ymax></bndbox></object><object><name>proposal</name><bndbox><xmin>65</xmin><ymin>662</ymin><xmax>25</xmax><ymax>47</ymax></bndbox></object><object><name>proposal</name><bndbox><xmin>273</xmin><ymin>293</ymin><xmax>25</xmax><ymax>47</ymax></bndbox></object><object><name>proposal</name><bndbox><xmin>290</xmin><ymin>444</ymin><xmax>365</xmax><ymax>201</ymax></bndbox></object><object><name>proposal</name><bndbox><xmin>302</xmin><ymin>603</ymin><xmax>45</xmax><ymax>29</ymax></bndbox></object><object><name>proposal</name><bndbox><xmin>402</xmin><ymin>161</ymin><xmax>106</xmax><ymax>155</ymax></bndbox></object><object><name>proposal</name><bndbox><xmin>495</xmin><ymin>539</ymin><xmax>221</xmax><ymax>167</ymax></bndbox></object><object><name>proposal</name><bndbox><xmin>136</xmin><ymin>210</ymin><xmax>157</xmax><ymax>151</ymax></bndbox></object><object><name>proposal</name><bndbox><xmin>402</xmin><ymin>281</ymin><xmax>106</xmax><ymax>183</ymax></bndbox></object><object><name>proposal</name><bndbox><xmin>89</xmin><ymin>353</ymin><xmax>468</xmax><ymax>262</ymax></bndbox></object><object><name>proposal</name><bndbox><xmin>35</xmin><ymin>348</ymin><xmax>679</xmax><ymax>369</ymax></bndbox></object><object><name>proposal</name><bndbox><xmin>305</xmin><ymin>102</ymin><xmax>93</xmax><ymax>152</ymax></bndbox></object><object><name>proposal</name><bndbox><xmin>289</xmin><ymin>593</ymin><xmax>21</xmax><ymax>42</ymax></bndbox></object><object><name>proposal</name><bndbox><xmin>257</xmin><ymin>206</ymin><xmax>66</xmax><ymax>115</ymax></bndbox></object><object><name>proposal</name><bndbox><xmin>61</xmin><ymin>634</ymin><xmax>55</xmax><ymax>41</ymax></bndbox></object><object><name>proposal</name><bndbox><xmin>161</xmin><ymin>671</ymin><xmax>25</xmax><ymax>45</ymax></bndbox></object><object><name>proposal</name><bndbox><xmin>183</xmin><ymin>13</ymin><xmax>45</xmax><ymax>29</ymax></bndbox></object><object><name>proposal</name><bndbox><xmin>21</xmin><ymin>352</ymin><xmax>42</xmax><ymax>21</ymax></bndbox></object><object><name>proposal</name><bndbox><xmin>146</xmin><ymin>655</ymin><xmax>30</xmax><ymax>61</ymax></bndbox></object><object><name>proposal</name><bndbox><xmin>225</xmin><ymin>559</ymin><xmax>25</xmax><ymax>51</ymax></bndbox></object><object><name>proposal</name><bndbox><xmin>270</xmin><ymin>212</ymin><xmax>70</xmax><ymax>36</ymax></bndbox></object><object><name>proposal</name><bndbox><xmin>227</xmin><ymin>55</ymin><xmax>22</xmax><ymax>35</ymax></bndbox></object><object><name>proposal</name><bndbox><xmin>669</xmin><ymin>658</ymin><xmax>26</xmax><ymax>41</ymax></bndbox></object><object><name>proposal</name><bndbox><xmin>611</xmin><ymin>257</ymin><xmax>55</xmax><ymax>44</ymax></bndbox></object><object><name>proposal</name><bndbox><xmin>634</xmin><ymin>349</ymin><xmax>61</xmax><ymax>36</ymax></bndbox></object><object><name>proposal</name><bndbox><xmin>649</xmin><ymin>623</ymin><xmax>59</xmax><ymax>27</ymax></bndbox></object><object><name>proposal</name><bndbox><xmin>370</xmin><ymin>218</ymin><xmax>292</xmax><ymax>97</ymax></bndbox></object><object><name>proposal</name><bndbox><xmin>203</xmin><ymin>15</ymin><xmax>27</xmax><ymax>48</ymax></bndbox></object><object><name>proposal</name><bndbox><xmin>109</xmin><ymin>259</ymin><xmax>121</xmax><ymax>110</ymax></bndbox></object><object><name>proposal</name><bndbox><xmin>35</xmin><ymin>365</ymin><xmax>29</xmax><ymax>76</ymax></bndbox></object><object><name>proposal</name><bndbox><xmin>297</xmin><ymin>525</ymin><xmax>73</xmax><ymax>51</ymax></bndbox></object><object><name>proposal</name><bndbox><xmin>308</xmin><ymin>565</ymin><xmax>41</xmax><ymax>79</ymax></bndbox></object><object><name>proposal</name><bndbox><xmin>7</xmin><ymin>17</ymin><xmax>35</xmax><ymax>26</ymax></bndbox></object><object><name>proposal</name><bndbox><xmin>25</xmin><ymin>586</ymin><xmax>139</xmax><ymax>89</ymax></bndbox></object><object><name>proposal</name><bndbox><xmin>673</xmin><ymin>682</ymin><xmax>42</xmax><ymax>21</ymax></bndbox></object><object><name>proposal</name><bndbox><xmin>266</xmin><ymin>205</ymin><xmax>131</xmax><ymax>220</ymax></bndbox></object><object><name>proposal</name><bndbox><xmin>318</xmin><ymin>640</ymin><xmax>97</xmax><ymax>72</ymax></bndbox></object><object><name>proposal</name><bndbox><xmin>205</xmin><ymin>15</ymin><xmax>41</xmax><ymax>22</ymax></bndbox></object><object><name>proposal</name><bndbox><xmin>655</xmin><ymin>8</ymin><xmax>39</xmax><ymax>42</ymax></bndbox></object><object><name>proposal</name><bndbox><xmin>16</xmin><ymin>645</ymin><xmax>41</xmax><ymax>24</ymax></bndbox></object><object><name>proposal</name><bndbox><xmin>62</xmin><ymin>640</ymin><xmax>102</xmax><ymax>68</ymax></bndbox></object><object><name>proposal</name><bndbox><xmin>111</xmin><ymin>211</ymin><xmax>145</xmax><ymax>262</ymax></bndbox></object><object><name>proposal</name><bndbox><xmin>178</xmin><ymin>449</ymin><xmax>32</xmax><ymax>24</ymax></bndbox></object><object><name>proposal</name><bndbox><xmin>178</xmin><ymin>431</ymin><xmax>32</xmax><ymax>24</ymax></bndbox></object><object><name>proposal</name><bndbox><xmin>651</xmin><ymin>615</ymin><xmax>66</xmax><ymax>37</ymax></bndbox></object><object><name>proposal</name><bndbox><xmin>289</xmin><ymin>547</ymin><xmax>268</xmax><ymax>91</ymax></bndbox></object><object><name>proposal</name><bndbox><xmin>595</xmin><ymin>290</ymin><xmax>67</xmax><ymax>35</ymax></bndbox></object><object><name>proposal</name><bndbox><xmin>622</xmin><ymin>249</ymin><xmax>49</xmax><ymax>53</ymax></bndbox></object><object><name>proposal</name><bndbox><xmin>652</xmin><ymin>664</ymin><xmax>42</xmax><ymax>33</ymax></bndbox></object><object><name>proposal</name><bndbox><xmin>303</xmin><ymin>205</ymin><xmax>94</xmax><ymax>165</ymax></bndbox></object><object><name>proposal</name><bndbox><xmin>269</xmin><ymin>212</ymin><xmax>85</xmax><ymax>54</ymax></bndbox></object><object><name>proposal</name><bndbox><xmin>173</xmin><ymin>571</ymin><xmax>42</xmax><ymax>21</ymax></bndbox></object><object><name>proposal</name><bndbox><xmin>401</xmin><ymin>242</ymin><xmax>197</xmax><ymax>84</ymax></bndbox></object><object><name>proposal</name><bndbox><xmin>158</xmin><ymin>613</ymin><xmax>37</xmax><ymax>103</ymax></bndbox></object><object><name>proposal</name><bndbox><xmin>290</xmin><ymin>594</ymin><xmax>91</xmax><ymax>121</ymax></bndbox></object><object><name>proposal</name><bndbox><xmin>12</xmin><ymin>210</ymin><xmax>271</xmax><ymax>465</ymax></bndbox></object><object><name>proposal</name><bndbox><xmin>633</xmin><ymin>533</ymin><xmax>84</xmax><ymax>80</ymax></bndbox></object><object><name>proposal</name><bndbox><xmin>323</xmin><ymin>604</ymin><xmax>90</xmax><ymax>106</ymax></bndbox></object><object><name>proposal</name><bndbox><xmin>32</xmin><ymin>415</ymin><xmax>47</xmax><ymax>27</ymax></bndbox></object><object><name>proposal</name><bndbox><xmin>290</xmin><ymin>563</ymin><xmax>94</xmax><ymax>75</ymax></bndbox></object><object><name>proposal</name><bndbox><xmin>304</xmin><ymin>585</ymin><xmax>32</xmax><ymax>26</ymax></bndbox></object><object><name>proposal</name><bndbox><xmin>1</xmin><ymin>73</ymin><xmax>40</xmax><ymax>58</ymax></bndbox></object><object><name>proposal</name><bndbox><xmin>369</xmin><ymin>204</ymin><xmax>119</xmax><ymax>57</ymax></bndbox></object><object><name>proposal</name><bndbox><xmin>259</xmin><ymin>210</ymin><xmax>40</xmax><ymax>113</ymax></bndbox></object><object><name>proposal</name><bndbox><xmin>286</xmin><ymin>561</ymin><xmax>21</xmax><ymax>46</ymax></bndbox></object><object><name>proposal</name><bndbox><xmin>153</xmin><ymin>632</ymin><xmax>37</xmax><ymax>85</ymax></bndbox></object><object><name>proposal</name><bndbox><xmin>1</xmin><ymin>41</ymin><xmax>249</xmax><ymax>197</ymax></bndbox></object><object><name>proposal</name><bndbox><xmin>26</xmin><ymin>641</ymin><xmax>31</xmax><ymax>31</ymax></bndbox></object><object><name>proposal</name><bndbox><xmin>190</xmin><ymin>23</ymin><xmax>35</xmax><ymax>22</ymax></bndbox></object><object><name>proposal</name><bndbox><xmin>215</xmin><ymin>261</ymin><xmax>69</xmax><ymax>98</ymax></bndbox></object><object><name>proposal</name><bndbox><xmin>17</xmin><ymin>616</ymin><xmax>78</xmax><ymax>59</ymax></bndbox></object><object><name>proposal</name><bndbox><xmin>50</xmin><ymin>626</ymin><xmax>45</xmax><ymax>49</ymax></bndbox></object><object><name>proposal</name><bndbox><xmin>302</xmin><ymin>137</ymin><xmax>142</xmax><ymax>110</ymax></bndbox></object><object><name>proposal</name><bndbox><xmin>63</xmin><ymin>614</ymin><xmax>115</xmax><ymax>101</ymax></bndbox></object><object><name>proposal</name><bndbox><xmin>185</xmin><ymin>293</ymin><xmax>98</xmax><ymax>66</ymax></bndbox></object><object><name>proposal</name><bndbox><xmin>515</xmin><ymin>603</ymin><xmax>39</xmax><ymax>29</ymax></bndbox></object><object><name>proposal</name><bndbox><xmin>265</xmin><ymin>268</ymin><xmax>108</xmax><ymax>53</ymax></bndbox></object><object><name>proposal</name><bndbox><xmin>208</xmin><ymin>352</ymin><xmax>34</xmax><ymax>31</ymax></bndbox></object><object><name>proposal</name><bndbox><xmin>303</xmin><ymin>601</ymin><xmax>24</xmax><ymax>35</ymax></bndbox></object><object><name>proposal</name><bndbox><xmin>64</xmin><ymin>663</ymin><xmax>51</xmax><ymax>25</ymax></bndbox></object><object><name>proposal</name><bndbox><xmin>214</xmin><ymin>545</ymin><xmax>35</xmax><ymax>26</ymax></bndbox></object><object><name>proposal</name><bndbox><xmin>65</xmin><ymin>608</ymin><xmax>31</xmax><ymax>67</ymax></bndbox></object><object><name>proposal</name><bndbox><xmin>673</xmin><ymin>659</ymin><xmax>45</xmax><ymax>45</ymax></bndbox></object><object><name>proposal</name><bndbox><xmin>584</xmin><ymin>631</ymin><xmax>96</xmax><ymax>52</ymax></bndbox></object><object><name>proposal</name><bndbox><xmin>400</xmin><ymin>246</ymin><xmax>265</xmax><ymax>119</ymax></bndbox></object><object><name>proposal</name><bndbox><xmin>1</xmin><ymin>1</ymin><xmax>132</xmax><ymax>223</ymax></bndbox></object><object><name>proposal</name><bndbox><xmin>11</xmin><ymin>296</ymin><xmax>203</xmax><ymax>419</ymax></bndbox></object><object><name>proposal</name><bndbox><xmin>313</xmin><ymin>564</ymin><xmax>65</xmax><ymax>146</ymax></bndbox></object><object><name>proposal</name><bndbox><xmin>172</xmin><ymin>557</ymin><xmax>156</xmax><ymax>55</ymax></bndbox></object><object><name>proposal</name><bndbox><xmin>32</xmin><ymin>351</ymin><xmax>47</xmax><ymax>21</ymax></bndbox></object><object><name>proposal</name><bndbox><xmin>36</xmin><ymin>333</ymin><xmax>29</xmax><ymax>39</ymax></bndbox></object><object><name>proposal</name><bndbox><xmin>595</xmin><ymin>349</ymin><xmax>70</xmax><ymax>33</ymax></bndbox></object><object><name>proposal</name><bndbox><xmin>673</xmin><ymin>681</ymin><xmax>42</xmax><ymax>33</ymax></bndbox></object><object><name>proposal</name><bndbox><xmin>516</xmin><ymin>564</ymin><xmax>163</xmax><ymax>120</ymax></bndbox></object><object><name>proposal</name><bndbox><xmin>65</xmin><ymin>626</ymin><xmax>25</xmax><ymax>51</ymax></bndbox></object><object><name>proposal</name><bndbox><xmin>181</xmin><ymin>424</ymin><xmax>26</xmax><ymax>32</ymax></bndbox></object><object><name>proposal</name><bndbox><xmin>181</xmin><ymin>448</ymin><xmax>26</xmax><ymax>32</ymax></bndbox></object><object><name>proposal</name><bndbox><xmin>287</xmin><ymin>593</ymin><xmax>61</xmax><ymax>26</ymax></bndbox></object><object><name>proposal</name><bndbox><xmin>203</xmin><ymin>7</ymin><xmax>47</xmax><ymax>23</ymax></bndbox></object><object><name>proposal</name><bndbox><xmin>205</xmin><ymin>13</ymin><xmax>24</xmax><ymax>35</ymax></bndbox></object><object><name>proposal</name><bndbox><xmin>171</xmin><ymin>536</ymin><xmax>177</xmax><ymax>79</ymax></bndbox></object><object><name>proposal</name><bndbox><xmin>339</xmin><ymin>241</ymin><xmax>119</xmax><ymax>69</ymax></bndbox></object><object><name>proposal</name><bndbox><xmin>313</xmin><ymin>529</ymin><xmax>69</xmax><ymax>47</ymax></bndbox></object><object><name>proposal</name><bndbox><xmin>7</xmin><ymin>4</ymin><xmax>24</xmax><ymax>41</ymax></bndbox></object><object><name>proposal</name><bndbox><xmin>136</xmin><ymin>104</ymin><xmax>141</xmax><ymax>135</ymax></bndbox></object><object><name>proposal</name><bndbox><xmin>221</xmin><ymin>541</ymin><xmax>31</xmax><ymax>31</ymax></bndbox></object><object><name>proposal</name><bndbox><xmin>651</xmin><ymin>595</ymin><xmax>50</xmax><ymax>104</ymax></bndbox></object><object><name>proposal</name><bndbox><xmin>171</xmin><ymin>559</ymin><xmax>177</xmax><ymax>75</ymax></bndbox></object><object><name>proposal</name><bndbox><xmin>65</xmin><ymin>655</ymin><xmax>42</xmax><ymax>21</ymax></bndbox></object><object><name>proposal</name><bndbox><xmin>1</xmin><ymin>3</ymin><xmax>249</xmax><ymax>153</ymax></bndbox></object><object><name>proposal</name><bndbox><xmin>41</xmin><ymin>433</ymin><xmax>23</xmax><ymax>51</ymax></bndbox></object><object><name>proposal</name><bndbox><xmin>41</xmin><ymin>392</ymin><xmax>23</xmax><ymax>51</ymax></bndbox></object><object><name>proposal</name><bndbox><xmin>152</xmin><ymin>571</ymin><xmax>63</xmax><ymax>146</ymax></bndbox></object><object><name>proposal</name><bndbox><xmin>65</xmin><ymin>67</ymin><xmax>169</xmax><ymax>243</ymax></bndbox></object><object><name>proposal</name><bndbox><xmin>595</xmin><ymin>322</ymin><xmax>70</xmax><ymax>39</ymax></bndbox></object><object><name>proposal</name><bndbox><xmin>528</xmin><ymin>624</ymin><xmax>27</xmax><ymax>42</ymax></bndbox></object><object><name>proposal</name><bndbox><xmin>14</xmin><ymin>415</ymin><xmax>47</xmax><ymax>27</ymax></bndbox></object><object><name>proposal</name><bndbox><xmin>41</xmin><ymin>433</ymin><xmax>42</xmax><ymax>21</ymax></bndbox></object><object><name>proposal</name><bndbox><xmin>613</xmin><ymin>347</ymin><xmax>50</xmax><ymax>20</ymax></bndbox></object><object><name>proposal</name><bndbox><xmin>320</xmin><ymin>179</ymin><xmax>349</xmax><ymax>137</ymax></bndbox></object><object><name>proposal</name><bndbox><xmin>467</xmin><ymin>255</ymin><xmax>212</xmax><ymax>397</ymax></bndbox></object><object><name>proposal</name><bndbox><xmin>25</xmin><ymin>624</ymin><xmax>89</xmax><ymax>51</ymax></bndbox></object><object><name>proposal</name><bndbox><xmin>111</xmin><ymin>13</ymin><xmax>137</xmax><ymax>262</ymax></bndbox></object><object><name>proposal</name><bndbox><xmin>276</xmin><ymin>576</ymin><xmax>31</xmax><ymax>31</ymax></bndbox></object><object><name>proposal</name><bndbox><xmin>319</xmin><ymin>139</ymin><xmax>207</xmax><ymax>123</ymax></bndbox></object><object><name>proposal</name><bndbox><xmin>313</xmin><ymin>556</ymin><xmax>42</xmax><ymax>21</ymax></bndbox></object><object><name>proposal</name><bndbox><xmin>7</xmin><ymin>21</ymin><xmax>41</xmax><ymax>26</ymax></bndbox></object><object><name>proposal</name><bndbox><xmin>302</xmin><ymin>600</ymin><xmax>45</xmax><ymax>45</ymax></bndbox></object><object><name>proposal</name><bndbox><xmin>267</xmin><ymin>284</ymin><xmax>98</xmax><ymax>69</ymax></bndbox></object><object><name>proposal</name><bndbox><xmin>105</xmin><ymin>649</ymin><xmax>58</xmax><ymax>34</ymax></bndbox></object><object><name>proposal</name><bndbox><xmin>261</xmin><ymin>660</ymin><xmax>100</xmax><ymax>50</ymax></bndbox></object><object><name>proposal</name><bndbox><xmin>64</xmin><ymin>571</ymin><xmax>152</xmax><ymax>104</ymax></bndbox></object><object><name>proposal</name><bndbox><xmin>225</xmin><ymin>532</ymin><xmax>24</xmax><ymax>41</ymax></bndbox></object><object><name>proposal</name><bndbox><xmin>312</xmin><ymin>493</ymin><xmax>37</xmax><ymax>83</ymax></bndbox></object><object><name>proposal</name><bndbox><xmin>650</xmin><ymin>628</ymin><xmax>66</xmax><ymax>26</ymax></bndbox></object><object><name>proposal</name><bndbox><xmin>81</xmin><ymin>608</ymin><xmax>94</xmax><ymax>66</ymax></bndbox></object><object><name>proposal</name><bndbox><xmin>36</xmin><ymin>365</ymin><xmax>43</xmax><ymax>79</ymax></bndbox></object><object><name>proposal</name><bndbox><xmin>84</xmin><ymin>129</ymin><xmax>191</xmax><ymax>109</ymax></bndbox></object><object><name>proposal</name><bndbox><xmin>39</xmin><ymin>1</ymin><xmax>93</xmax><ymax>135</ymax></bndbox></object><object><name>proposal</name><bndbox><xmin>622</xmin><ymin>289</ymin><xmax>51</xmax><ymax>25</ymax></bndbox></object><object><name>proposal</name><bndbox><xmin>531</xmin><ymin>592</ymin><xmax>29</xmax><ymax>42</ymax></bndbox></object><object><name>proposal</name><bndbox><xmin>265</xmin><ymin>525</ymin><xmax>84</xmax><ymax>92</ymax></bndbox></object></annotation>