<annotation><folder>Proposals</folder><filename>img-355.jpg</filename><size><width>300</width><height>400</height><depth>3</depth></size><object><name>proposal</name><bndbox><xmin>103</xmin><ymin>64</ymin><xmax>34</xmax><ymax>13</ymax></bndbox></object><object><name>proposal</name><bndbox><xmin>137</xmin><ymin>175</ymin><xmax>45</xmax><ymax>43</ymax></bndbox></object><object><name>proposal</name><bndbox><xmin>0</xmin><ymin>192</ymin><xmax>21</xmax><ymax>18</ymax></bndbox></object><object><name>proposal</name><bndbox><xmin>217</xmin><ymin>0</ymin><xmax>83</xmax><ymax>22</ymax></bndbox></object><object><name>proposal</name><bndbox><xmin>66</xmin><ymin>352</ymin><xmax>19</xmax><ymax>17</ymax></bndbox></object><object><name>proposal</name><bndbox><xmin>39</xmin><ymin>71</ymin><xmax>261</xmax><ymax>256</ymax></bndbox></object><object><name>proposal</name><bndbox><xmin>191</xmin><ymin>61</ymin><xmax>80</xmax><ymax>18</ymax></bndbox></object><object><name>proposal</name><bndbox><xmin>137</xmin><ymin>190</ymin><xmax>45</xmax><ymax>31</ymax></bndbox></object><object><name>proposal</name><bndbox><xmin>157</xmin><ymin>48</ymin><xmax>143</xmax><ymax>40</ymax></bndbox></object><object><name>proposal</name><bndbox><xmin>0</xmin><ymin>319</ymin><xmax>12</xmax><ymax>45</ymax></bndbox></object><object><name>proposal</name><bndbox><xmin>0</xmin><ymin>375</ymin><xmax>55</xmax><ymax>25</ymax></bndbox></object><object><name>proposal</name><bndbox><xmin>261</xmin><ymin>0</ymin><xmax>39</xmax><ymax>9</ymax></bndbox></object><object><name>proposal</name><bndbox><xmin>0</xmin><ymin>192</ymin><xmax>128</xmax><ymax>208</ymax></bndbox></object><object><name>proposal</name><bndbox><xmin>137</xmin><ymin>178</ymin><xmax>80</xmax><ymax>48</ymax></bndbox></object><object><name>proposal</name><bndbox><xmin>137</xmin><ymin>188</ymin><xmax>36</xmax><ymax>27</ymax></bndbox></object><object><name>proposal</name><bndbox><xmin>0</xmin><ymin>281</ymin><xmax>27</xmax><ymax>44</ymax></bndbox></object><object><name>proposal</name><bndbox><xmin>0</xmin><ymin>319</ymin><xmax>45</xmax><ymax>81</ymax></bndbox></object><object><name>proposal</name><bndbox><xmin>0</xmin><ymin>100</ymin><xmax>10</xmax><ymax>36</ymax></bndbox></object><object><name>proposal</name><bndbox><xmin>39</xmin><ymin>71</ymin><xmax>261</xmax><ymax>329</ymax></bndbox></object><object><name>proposal</name><bndbox><xmin>202</xmin><ymin>205</ymin><xmax>14</xmax><ymax>23</ymax></bndbox></object><object><name>proposal</name><bndbox><xmin>232</xmin><ymin>145</ymin><xmax>19</xmax><ymax>16</ymax></bndbox></object><object><name>proposal</name><bndbox><xmin>176</xmin><ymin>277</ymin><xmax>31</xmax><ymax>43</ymax></bndbox></object><object><name>proposal</name><bndbox><xmin>21</xmin><ymin>361</ymin><xmax>25</xmax><ymax>18</ymax></bndbox></object><object><name>proposal</name><bndbox><xmin>0</xmin><ymin>57</ymin><xmax>300</xmax><ymax>75</ymax></bndbox></object><object><name>proposal</name><bndbox><xmin>139</xmin><ymin>204</ymin><xmax>22</xmax><ymax>14</ymax></bndbox></object><object><name>proposal</name><bndbox><xmin>27</xmin><ymin>59</ymin><xmax>132</xmax><ymax>34</ymax></bndbox></object><object><name>proposal</name><bndbox><xmin>183</xmin><ymin>187</ymin><xmax>39</xmax><ymax>41</ymax></bndbox></object><object><name>proposal</name><bndbox><xmin>0</xmin><ymin>73</ymin><xmax>183</xmax><ymax>327</ymax></bndbox></object><object><name>proposal</name><bndbox><xmin>223</xmin><ymin>321</ymin><xmax>18</xmax><ymax>18</ymax></bndbox></object><object><name>proposal</name><bndbox><xmin>139</xmin><ymin>186</ymin><xmax>42</xmax><ymax>32</ymax></bndbox></object><object><name>proposal</name><bndbox><xmin>0</xmin><ymin>319</ymin><xmax>12</xmax><ymax>30</ymax></bndbox></object><object><name>proposal</name><bndbox><xmin>0</xmin><ymin>73</ymin><xmax>143</xmax><ymax>42</ymax></bndbox></object><object><name>proposal</name><bndbox><xmin>0</xmin><ymin>187</ymin><xmax>82</xmax><ymax>112</ymax></bndbox></object><object><name>proposal</name><bndbox><xmin>181</xmin><ymin>195</ymin><xmax>36</xmax><ymax>33</ymax></bndbox></object><object><name>proposal</name><bndbox><xmin>113</xmin><ymin>168</ymin><xmax>187</xmax><ymax>232</ymax></bndbox></object><object><name>proposal</name><bndbox><xmin>0</xmin><ymin>0</ymin><xmax>300</xmax><ymax>83</ymax></bndbox></object><object><name>proposal</name><bndbox><xmin>19</xmin><ymin>292</ymin><xmax>18</xmax><ymax>26</ymax></bndbox></object><object><name>proposal</name><bndbox><xmin>37</xmin><ymin>72</ymin><xmax>79</xmax><ymax>29</ymax></bndbox></object><object><name>proposal</name><bndbox><xmin>104</xmin><ymin>65</ymin><xmax>110</xmax><ymax>21</ymax></bndbox></object><object><name>proposal</name><bndbox><xmin>13</xmin><ymin>214</ymin><xmax>87</xmax><ymax>66</ymax></bndbox></object><object><name>proposal</name><bndbox><xmin>92</xmin><ymin>63</ymin><xmax>25</xmax><ymax>14</ymax></bndbox></object><object><name>proposal</name><bndbox><xmin>77</xmin><ymin>71</ymin><xmax>223</xmax><ymax>300</ymax></bndbox></object><object><name>proposal</name><bndbox><xmin>137</xmin><ymin>188</ymin><xmax>42</xmax><ymax>33</ymax></bndbox></object><object><name>proposal</name><bndbox><xmin>258</xmin><ymin>40</ymin><xmax>42</xmax><ymax>31</ymax></bndbox></object><object><name>proposal</name><bndbox><xmin>6</xmin><ymin>187</ymin><xmax>76</xmax><ymax>92</ymax></bndbox></object><object><name>proposal</name><bndbox><xmin>104</xmin><ymin>74</ymin><xmax>55</xmax><ymax>12</ymax></bndbox></object><object><name>proposal</name><bndbox><xmin>32</xmin><ymin>299</ymin><xmax>148</xmax><ymax>53</ymax></bndbox></object><object><name>proposal</name><bndbox><xmin>147</xmin><ymin>171</ymin><xmax>35</xmax><ymax>41</ymax></bndbox></object><object><name>proposal</name><bndbox><xmin>202</xmin><ymin>187</ymin><xmax>20</xmax><ymax>41</ymax></bndbox></object><object><name>proposal</name><bndbox><xmin>128</xmin><ymin>74</ymin><xmax>42</xmax><ymax>11</ymax></bndbox></object><object><name>proposal</name><bndbox><xmin>66</xmin><ymin>352</ymin><xmax>19</xmax><ymax>19</ymax></bndbox></object><object><name>proposal</name><bndbox><xmin>0</xmin><ymin>360</ymin><xmax>17</xmax><ymax>20</ymax></bndbox></object><object><name>proposal</name><bndbox><xmin>32</xmin><ymin>302</ymin><xmax>144</xmax><ymax>50</ymax></bndbox></object><object><name>proposal</name><bndbox><xmin>277</xmin><ymin>63</ymin><xmax>23</xmax><ymax>10</ymax></bndbox></object><object><name>proposal</name><bndbox><xmin>67</xmin><ymin>352</ymin><xmax>18</xmax><ymax>17</ymax></bndbox></object><object><name>proposal</name><bndbox><xmin>32</xmin><ymin>263</ymin><xmax>29</xmax><ymax>23</ymax></bndbox></object><object><name>proposal</name><bndbox><xmin>0</xmin><ymin>51</ymin><xmax>239</xmax><ymax>55</ymax></bndbox></object><object><name>proposal</name><bndbox><xmin>139</xmin><ymin>171</ymin><xmax>43</xmax><ymax>53</ymax></bndbox></object><object><name>proposal</name><bndbox><xmin>0</xmin><ymin>281</ymin><xmax>176</xmax><ymax>71</ymax></bndbox></object><object><name>proposal</name><bndbox><xmin>246</xmin><ymin>48</ymin><xmax>54</xmax><ymax>32</ymax></bndbox></object><object><name>proposal</name><bndbox><xmin>111</xmin><ymin>372</ymin><xmax>12</xmax><ymax>21</ymax></bndbox></object><object><name>proposal</name><bndbox><xmin>210</xmin><ymin>228</ymin><xmax>24</xmax><ymax>18</ymax></bndbox></object><object><name>proposal</name><bndbox><xmin>90</xmin><ymin>59</ymin><xmax>33</xmax><ymax>18</ymax></bndbox></object><object><name>proposal</name><bndbox><xmin>150</xmin><ymin>62</ymin><xmax>137</xmax><ymax>22</ymax></bndbox></object><object><name>proposal</name><bndbox><xmin>0</xmin><ymin>210</ymin><xmax>141</xmax><ymax>190</ymax></bndbox></object><object><name>proposal</name><bndbox><xmin>270</xmin><ymin>309</ymin><xmax>30</xmax><ymax>59</ymax></bndbox></object><object><name>proposal</name><bndbox><xmin>139</xmin><ymin>176</ymin><xmax>78</xmax><ymax>50</ymax></bndbox></object><object><name>proposal</name><bndbox><xmin>0</xmin><ymin>0</ymin><xmax>224</xmax><ymax>77</ymax></bndbox></object><object><name>proposal</name><bndbox><xmin>67</xmin><ymin>351</ymin><xmax>18</xmax><ymax>20</ymax></bndbox></object><object><name>proposal</name><bndbox><xmin>141</xmin><ymin>190</ymin><xmax>19</xmax><ymax>19</ymax></bndbox></object><object><name>proposal</name><bndbox><xmin>3</xmin><ymin>314</ymin><xmax>60</xmax><ymax>66</ymax></bndbox></object><object><name>proposal</name><bndbox><xmin>46</xmin><ymin>48</ymin><xmax>254</xmax><ymax>49</ymax></bndbox></object><object><name>proposal</name><bndbox><xmin>140</xmin><ymin>186</ymin><xmax>37</xmax><ymax>32</ymax></bndbox></object><object><name>proposal</name><bndbox><xmin>0</xmin><ymin>80</ymin><xmax>300</xmax><ymax>320</ymax></bndbox></object><object><name>proposal</name><bndbox><xmin>0</xmin><ymin>25</ymin><xmax>100</xmax><ymax>19</ymax></bndbox></object><object><name>proposal</name><bndbox><xmin>144</xmin><ymin>204</ymin><xmax>27</xmax><ymax>14</ymax></bndbox></object><object><name>proposal</name><bndbox><xmin>30</xmin><ymin>122</ymin><xmax>21</xmax><ymax>21</ymax></bndbox></object><object><name>proposal</name><bndbox><xmin>110</xmin><ymin>165</ymin><xmax>60</xmax><ymax>46</ymax></bndbox></object><object><name>proposal</name><bndbox><xmin>90</xmin><ymin>59</ymin><xmax>109</xmax><ymax>26</ymax></bndbox></object><object><name>proposal</name><bndbox><xmin>51</xmin><ymin>197</ymin><xmax>19</xmax><ymax>15</ymax></bndbox></object><object><name>proposal</name><bndbox><xmin>3</xmin><ymin>314</ymin><xmax>138</xmax><ymax>86</ymax></bndbox></object><object><name>proposal</name><bndbox><xmin>96</xmin><ymin>384</ymin><xmax>16</xmax><ymax>16</ymax></bndbox></object><object><name>proposal</name><bndbox><xmin>126</xmin><ymin>173</ymin><xmax>44</xmax><ymax>38</ymax></bndbox></object><object><name>proposal</name><bndbox><xmin>110</xmin><ymin>162</ymin><xmax>137</xmax><ymax>66</ymax></bndbox></object><object><name>proposal</name><bndbox><xmin>149</xmin><ymin>254</ymin><xmax>14</xmax><ymax>18</ymax></bndbox></object><object><name>proposal</name><bndbox><xmin>187</xmin><ymin>0</ymin><xmax>36</xmax><ymax>7</ymax></bndbox></object><object><name>proposal</name><bndbox><xmin>97</xmin><ymin>0</ymin><xmax>174</xmax><ymax>12</ymax></bndbox></object><object><name>proposal</name><bndbox><xmin>0</xmin><ymin>155</ymin><xmax>24</xmax><ymax>10</ymax></bndbox></object><object><name>proposal</name><bndbox><xmin>156</xmin><ymin>329</ymin><xmax>27</xmax><ymax>24</ymax></bndbox></object><object><name>proposal</name><bndbox><xmin>0</xmin><ymin>250</ymin><xmax>91</xmax><ymax>82</ymax></bndbox></object><object><name>proposal</name><bndbox><xmin>113</xmin><ymin>162</ymin><xmax>187</xmax><ymax>238</ymax></bndbox></object><object><name>proposal</name><bndbox><xmin>137</xmin><ymin>190</ymin><xmax>34</xmax><ymax>31</ymax></bndbox></object><object><name>proposal</name><bndbox><xmin>0</xmin><ymin>192</ymin><xmax>16</xmax><ymax>18</ymax></bndbox></object><object><name>proposal</name><bndbox><xmin>0</xmin><ymin>210</ymin><xmax>134</xmax><ymax>190</ymax></bndbox></object><object><name>proposal</name><bndbox><xmin>0</xmin><ymin>0</ymin><xmax>223</xmax><ymax>43</ymax></bndbox></object><object><name>proposal</name><bndbox><xmin>175</xmin><ymin>0</ymin><xmax>48</xmax><ymax>8</ymax></bndbox></object><object><name>proposal</name><bndbox><xmin>0</xmin><ymin>281</ymin><xmax>40</xmax><ymax>32</ymax></bndbox></object><object><name>proposal</name><bndbox><xmin>0</xmin><ymin>346</ymin><xmax>9</xmax><ymax>18</ymax></bndbox></object><object><name>proposal</name><bndbox><xmin>25</xmin><ymin>257</ymin><xmax>66</xmax><ymax>75</ymax></bndbox></object><object><name>proposal</name><bndbox><xmin>17</xmin><ymin>283</ymin><xmax>23</xmax><ymax>30</ymax></bndbox></object><object><name>proposal</name><bndbox><xmin>0</xmin><ymin>257</ymin><xmax>142</xmax><ymax>143</ymax></bndbox></object><object><name>proposal</name><bndbox><xmin>31</xmin><ymin>303</ymin><xmax>145</xmax><ymax>49</ymax></bndbox></object><object><name>proposal</name><bndbox><xmin>131</xmin><ymin>51</ymin><xmax>35</xmax><ymax>24</ymax></bndbox></object><object><name>proposal</name><bndbox><xmin>64</xmin><ymin>291</ymin><xmax>21</xmax><ymax>13</ymax></bndbox></object><object><name>proposal</name><bndbox><xmin>32</xmin><ymin>304</ymin><xmax>144</xmax><ymax>48</ymax></bndbox></object><object><name>proposal</name><bndbox><xmin>128</xmin><ymin>144</ymin><xmax>16</xmax><ymax>7</ymax></bndbox></object><object><name>proposal</name><bndbox><xmin>0</xmin><ymin>198</ymin><xmax>22</xmax><ymax>58</ymax></bndbox></object><object><name>proposal</name><bndbox><xmin>17</xmin><ymin>287</ymin><xmax>20</xmax><ymax>26</ymax></bndbox></object><object><name>proposal</name><bndbox><xmin>157</xmin><ymin>17</ymin><xmax>52</xmax><ymax>28</ymax></bndbox></object><object><name>proposal</name><bndbox><xmin>50</xmin><ymin>195</ymin><xmax>17</xmax><ymax>17</ymax></bndbox></object><object><name>proposal</name><bndbox><xmin>21</xmin><ymin>361</ymin><xmax>41</xmax><ymax>39</ymax></bndbox></object><object><name>proposal</name><bndbox><xmin>104</xmin><ymin>65</ymin><xmax>135</xmax><ymax>23</ymax></bndbox></object><object><name>proposal</name><bndbox><xmin>32</xmin><ymin>299</ymin><xmax>151</xmax><ymax>61</ymax></bndbox></object><object><name>proposal</name><bndbox><xmin>82</xmin><ymin>0</ymin><xmax>189</xmax><ymax>9</ymax></bndbox></object><object><name>proposal</name><bndbox><xmin>95</xmin><ymin>51</ymin><xmax>75</xmax><ymax>55</ymax></bndbox></object><object><name>proposal</name><bndbox><xmin>0</xmin><ymin>187</ymin><xmax>99</xmax><ymax>145</ymax></bndbox></object><object><name>proposal</name><bndbox><xmin>141</xmin><ymin>171</ymin><xmax>41</xmax><ymax>45</ymax></bndbox></object><object><name>proposal</name><bndbox><xmin>141</xmin><ymin>190</ymin><xmax>35</xmax><ymax>26</ymax></bndbox></object><object><name>proposal</name><bndbox><xmin>75</xmin><ymin>64</ymin><xmax>109</xmax><ymax>22</ymax></bndbox></object><object><name>proposal</name><bndbox><xmin>52</xmin><ymin>168</ymin><xmax>18</xmax><ymax>21</ymax></bndbox></object><object><name>proposal</name><bndbox><xmin>144</xmin><ymin>171</ymin><xmax>73</xmax><ymax>55</ymax></bndbox></object><object><name>proposal</name><bndbox><xmin>0</xmin><ymin>92</ymin><xmax>18</xmax><ymax>23</ymax></bndbox></object><object><name>proposal</name><bndbox><xmin>0</xmin><ymin>62</ymin><xmax>300</xmax><ymax>265</ymax></bndbox></object><object><name>proposal</name><bndbox><xmin>183</xmin><ymin>189</ymin><xmax>35</xmax><ymax>39</ymax></bndbox></object><object><name>proposal</name><bndbox><xmin>156</xmin><ymin>67</ymin><xmax>28</xmax><ymax>11</ymax></bndbox></object><object><name>proposal</name><bndbox><xmin>0</xmin><ymin>233</ymin><xmax>121</xmax><ymax>167</ymax></bndbox></object><object><name>proposal</name><bndbox><xmin>159</xmin><ymin>55</ymin><xmax>108</xmax><ymax>33</ymax></bndbox></object><object><name>proposal</name><bndbox><xmin>23</xmin><ymin>294</ymin><xmax>14</xmax><ymax>19</ymax></bndbox></object><object><name>proposal</name><bndbox><xmin>137</xmin><ymin>171</ymin><xmax>45</xmax><ymax>47</ymax></bndbox></object><object><name>proposal</name><bndbox><xmin>0</xmin><ymin>187</ymin><xmax>128</xmax><ymax>206</ymax></bndbox></object><object><name>proposal</name><bndbox><xmin>0</xmin><ymin>0</ymin><xmax>300</xmax><ymax>400</ymax></bndbox></object><object><name>proposal</name><bndbox><xmin>137</xmin><ymin>191</ymin><xmax>45</xmax><ymax>30</ymax></bndbox></object><object><name>proposal</name><bndbox><xmin>0</xmin><ymin>257</ymin><xmax>108</xmax><ymax>136</ymax></bndbox></object><object><name>proposal</name><bndbox><xmin>132</xmin><ymin>273</ymin><xmax>25</xmax><ymax>21</ymax></bndbox></object><object><name>proposal</name><bndbox><xmin>95</xmin><ymin>51</ymin><xmax>144</xmax><ymax>37</ymax></bndbox></object><object><name>proposal</name><bndbox><xmin>187</xmin><ymin>0</ymin><xmax>80</xmax><ymax>12</ymax></bndbox></object><object><name>proposal</name><bndbox><xmin>26</xmin><ymin>365</ymin><xmax>35</xmax><ymax>35</ymax></bndbox></object><object><name>proposal</name><bndbox><xmin>27</xmin><ymin>57</ymin><xmax>273</xmax><ymax>36</ymax></bndbox></object><object><name>proposal</name><bndbox><xmin>95</xmin><ymin>60</ymin><xmax>33</xmax><ymax>16</ymax></bndbox></object><object><name>proposal</name><bndbox><xmin>96</xmin><ymin>256</ymin><xmax>32</xmax><ymax>32</ymax></bndbox></object><object><name>proposal</name><bndbox><xmin>0</xmin><ymin>345</ymin><xmax>46</xmax><ymax>46</ymax></bndbox></object><object><name>proposal</name><bndbox><xmin>82</xmin><ymin>75</ymin><xmax>218</xmax><ymax>131</ymax></bndbox></object><object><name>proposal</name><bndbox><xmin>90</xmin><ymin>51</ymin><xmax>109</xmax><ymax>34</ymax></bndbox></object><object><name>proposal</name><bndbox><xmin>0</xmin><ymin>208</ymin><xmax>128</xmax><ymax>192</ymax></bndbox></object><object><name>proposal</name><bndbox><xmin>0</xmin><ymin>0</ymin><xmax>300</xmax><ymax>115</ymax></bndbox></object><object><name>proposal</name><bndbox><xmin>130</xmin><ymin>285</ymin><xmax>11</xmax><ymax>22</ymax></bndbox></object><object><name>proposal</name><bndbox><xmin>159</xmin><ymin>335</ymin><xmax>24</xmax><ymax>25</ymax></bndbox></object><object><name>proposal</name><bndbox><xmin>150</xmin><ymin>60</ymin><xmax>150</xmax><ymax>24</ymax></bndbox></object><object><name>proposal</name><bndbox><xmin>77</xmin><ymin>71</ymin><xmax>223</xmax><ymax>136</ymax></bndbox></object><object><name>proposal</name><bndbox><xmin>257</xmin><ymin>40</ymin><xmax>43</xmax><ymax>34</ymax></bndbox></object><object><name>proposal</name><bndbox><xmin>42</xmin><ymin>319</ymin><xmax>79</xmax><ymax>50</ymax></bndbox></object><object><name>proposal</name><bndbox><xmin>139</xmin><ymin>186</ymin><xmax>43</xmax><ymax>30</ymax></bndbox></object><object><name>proposal</name><bndbox><xmin>144</xmin><ymin>188</ymin><xmax>73</xmax><ymax>38</ymax></bndbox></object><object><name>proposal</name><bndbox><xmin>92</xmin><ymin>59</ymin><xmax>67</xmax><ymax>28</ymax></bndbox></object><object><name>proposal</name><bndbox><xmin>156</xmin><ymin>357</ymin><xmax>14</xmax><ymax>22</ymax></bndbox></object><object><name>proposal</name><bndbox><xmin>0</xmin><ymin>0</ymin><xmax>300</xmax><ymax>92</ymax></bndbox></object><object><name>proposal</name><bndbox><xmin>77</xmin><ymin>63</ymin><xmax>223</xmax><ymax>337</ymax></bndbox></object><object><name>proposal</name><bndbox><xmin>168</xmin><ymin>162</ymin><xmax>47</xmax><ymax>90</ymax></bndbox></object><object><name>proposal</name><bndbox><xmin>0</xmin><ymin>0</ymin><xmax>300</xmax><ymax>371</ymax></bndbox></object><object><name>proposal</name><bndbox><xmin>0</xmin><ymin>59</ymin><xmax>300</xmax><ymax>56</ymax></bndbox></object><object><name>proposal</name><bndbox><xmin>0</xmin><ymin>0</ymin><xmax>154</xmax><ymax>31</ymax></bndbox></object><object><name>proposal</name><bndbox><xmin>83</xmin><ymin>366</ymin><xmax>35</xmax><ymax>34</ymax></bndbox></object><object><name>proposal</name><bndbox><xmin>0</xmin><ymin>233</ymin><xmax>57</xmax><ymax>74</ymax></bndbox></object><object><name>proposal</name><bndbox><xmin>144</xmin><ymin>178</ymin><xmax>73</xmax><ymax>48</ymax></bndbox></object><object><name>proposal</name><bndbox><xmin>0</xmin><ymin>61</ymin><xmax>116</xmax><ymax>40</ymax></bndbox></object><object><name>proposal</name><bndbox><xmin>104</xmin><ymin>59</ymin><xmax>196</xmax><ymax>28</ymax></bndbox></object><object><name>proposal</name><bndbox><xmin>90</xmin><ymin>51</ymin><xmax>82</xmax><ymax>26</ymax></bndbox></object><object><name>proposal</name><bndbox><xmin>0</xmin><ymin>211</ymin><xmax>81</xmax><ymax>72</ymax></bndbox></object><object><name>proposal</name><bndbox><xmin>141</xmin><ymin>171</ymin><xmax>41</xmax><ymax>47</ymax></bndbox></object><object><name>proposal</name><bndbox><xmin>149</xmin><ymin>171</ymin><xmax>26</xmax><ymax>11</ymax></bndbox></object><object><name>proposal</name><bndbox><xmin>0</xmin><ymin>250</ymin><xmax>99</xmax><ymax>82</ymax></bndbox></object><object><name>proposal</name><bndbox><xmin>56</xmin><ymin>327</ymin><xmax>14</xmax><ymax>16</ymax></bndbox></object><object><name>proposal</name><bndbox><xmin>75</xmin><ymin>361</ymin><xmax>52</xmax><ymax>39</ymax></bndbox></object><object><name>proposal</name><bndbox><xmin>147</xmin><ymin>162</ymin><xmax>75</xmax><ymax>66</ymax></bndbox></object><object><name>proposal</name><bndbox><xmin>47</xmin><ymin>83</ymin><xmax>32</xmax><ymax>13</ymax></bndbox></object><object><name>proposal</name><bndbox><xmin>0</xmin><ymin>361</ymin><xmax>61</xmax><ymax>39</ymax></bndbox></object><object><name>proposal</name><bndbox><xmin>31</xmin><ymin>291</ymin><xmax>150</xmax><ymax>61</ymax></bndbox></object><object><name>proposal</name><bndbox><xmin>0</xmin><ymin>72</ymin><xmax>300</xmax><ymax>328</ymax></bndbox></object><object><name>proposal</name><bndbox><xmin>0</xmin><ymin>192</ymin><xmax>259</xmax><ymax>208</ymax></bndbox></object><object><name>proposal</name><bndbox><xmin>157</xmin><ymin>55</ymin><xmax>110</xmax><ymax>33</ymax></bndbox></object><object><name>proposal</name><bndbox><xmin>0</xmin><ymin>281</ymin><xmax>43</xmax><ymax>32</ymax></bndbox></object><object><name>proposal</name><bndbox><xmin>168</xmin><ymin>162</ymin><xmax>54</xmax><ymax>90</ymax></bndbox></object><object><name>proposal</name><bndbox><xmin>76</xmin><ymin>373</ymin><xmax>36</xmax><ymax>27</ymax></bndbox></object><object><name>proposal</name><bndbox><xmin>0</xmin><ymin>359</ymin><xmax>62</xmax><ymax>41</ymax></bndbox></object><object><name>proposal</name><bndbox><xmin>0</xmin><ymin>377</ymin><xmax>11</xmax><ymax>14</ymax></bndbox></object><object><name>proposal</name><bndbox><xmin>232</xmin><ymin>145</ymin><xmax>19</xmax><ymax>15</ymax></bndbox></object><object><name>proposal</name><bndbox><xmin>257</xmin><ymin>35</ymin><xmax>43</xmax><ymax>36</ymax></bndbox></object><object><name>proposal</name><bndbox><xmin>224</xmin><ymin>318</ymin><xmax>17</xmax><ymax>21</ymax></bndbox></object><object><name>proposal</name><bndbox><xmin>0</xmin><ymin>63</ymin><xmax>300</xmax><ymax>337</ymax></bndbox></object><object><name>proposal</name><bndbox><xmin>158</xmin><ymin>162</ymin><xmax>142</xmax><ymax>209</ymax></bndbox></object><object><name>proposal</name><bndbox><xmin>83</xmin><ymin>295</ymin><xmax>17</xmax><ymax>20</ymax></bndbox></object><object><name>proposal</name><bndbox><xmin>0</xmin><ymin>281</ymin><xmax>45</xmax><ymax>119</ymax></bndbox></object><object><name>proposal</name><bndbox><xmin>0</xmin><ymin>17</ymin><xmax>34</xmax><ymax>14</ymax></bndbox></object><object><name>proposal</name><bndbox><xmin>157</xmin><ymin>357</ymin><xmax>13</xmax><ymax>22</ymax></bndbox></object><object><name>proposal</name><bndbox><xmin>197</xmin><ymin>62</ymin><xmax>72</xmax><ymax>13</ymax></bndbox></object><object><name>proposal</name><bndbox><xmin>87</xmin><ymin>71</ymin><xmax>72</xmax><ymax>15</ymax></bndbox></object><object><name>proposal</name><bndbox><xmin>0</xmin><ymin>51</ymin><xmax>170</xmax><ymax>55</ymax></bndbox></object><object><name>proposal</name><bndbox><xmin>0</xmin><ymin>233</ymin><xmax>134</xmax><ymax>167</ymax></bndbox></object><object><name>proposal</name><bndbox><xmin>143</xmin><ymin>67</ymin><xmax>41</xmax><ymax>10</ymax></bndbox></object><object><name>proposal</name><bndbox><xmin>257</xmin><ymin>63</ymin><xmax>43</xmax><ymax>11</ymax></bndbox></object><object><name>proposal</name><bndbox><xmin>139</xmin><ymin>186</ymin><xmax>43</xmax><ymax>32</ymax></bndbox></object><object><name>proposal</name><bndbox><xmin>187</xmin><ymin>0</ymin><xmax>84</xmax><ymax>9</ymax></bndbox></object><object><name>proposal</name><bndbox><xmin>120</xmin><ymin>51</ymin><xmax>52</xmax><ymax>25</ymax></bndbox></object><object><name>proposal</name><bndbox><xmin>0</xmin><ymin>360</ymin><xmax>36</xmax><ymax>40</ymax></bndbox></object><object><name>proposal</name><bndbox><xmin>0</xmin><ymin>281</ymin><xmax>37</xmax><ymax>44</ymax></bndbox></object><object><name>proposal</name><bndbox><xmin>0</xmin><ymin>73</ymin><xmax>112</xmax><ymax>201</ymax></bndbox></object><object><name>proposal</name><bndbox><xmin>137</xmin><ymin>171</ymin><xmax>45</xmax><ymax>42</ymax></bndbox></object><object><name>proposal</name><bndbox><xmin>139</xmin><ymin>186</ymin><xmax>34</xmax><ymax>32</ymax></bndbox></object><object><name>proposal</name><bndbox><xmin>0</xmin><ymin>314</ymin><xmax>183</xmax><ymax>86</ymax></bndbox></object><object><name>proposal</name><bndbox><xmin>131</xmin><ymin>172</ymin><xmax>54</xmax><ymax>45</ymax></bndbox></object><object><name>proposal</name><bndbox><xmin>0</xmin><ymin>345</ymin><xmax>21</xmax><ymax>46</ymax></bndbox></object><object><name>proposal</name><bndbox><xmin>167</xmin><ymin>30</ymin><xmax>44</xmax><ymax>12</ymax></bndbox></object><object><name>proposal</name><bndbox><xmin>36</xmin><ymin>80</ymin><xmax>79</xmax><ymax>52</ymax></bndbox></object><object><name>proposal</name><bndbox><xmin>124</xmin><ymin>175</ymin><xmax>16</xmax><ymax>10</ymax></bndbox></object><object><name>proposal</name><bndbox><xmin>0</xmin><ymin>365</ymin><xmax>62</xmax><ymax>35</ymax></bndbox></object><object><name>proposal</name><bndbox><xmin>117</xmin><ymin>169</ymin><xmax>20</xmax><ymax>14</ymax></bndbox></object><object><name>proposal</name><bndbox><xmin>0</xmin><ymin>295</ymin><xmax>27</xmax><ymax>69</ymax></bndbox></object><object><name>proposal</name><bndbox><xmin>0</xmin><ymin>0</ymin><xmax>300</xmax><ymax>143</ymax></bndbox></object><object><name>proposal</name><bndbox><xmin>0</xmin><ymin>192</ymin><xmax>140</xmax><ymax>113</ymax></bndbox></object><object><name>proposal</name><bndbox><xmin>32</xmin><ymin>263</ymin><xmax>23</xmax><ymax>18</ymax></bndbox></object><object><name>proposal</name><bndbox><xmin>54</xmin><ymin>152</ymin><xmax>17</xmax><ymax>16</ymax></bndbox></object><object><name>proposal</name><bndbox><xmin>0</xmin><ymin>62</ymin><xmax>300</xmax><ymax>338</ymax></bndbox></object><object><name>proposal</name><bndbox><xmin>133</xmin><ymin>272</ymin><xmax>24</xmax><ymax>18</ymax></bndbox></object><object><name>proposal</name><bndbox><xmin>117</xmin><ymin>162</ymin><xmax>183</xmax><ymax>209</ymax></bndbox></object><object><name>proposal</name><bndbox><xmin>31</xmin><ymin>299</ymin><xmax>150</xmax><ymax>53</ymax></bndbox></object><object><name>proposal</name><bndbox><xmin>76</xmin><ymin>59</ymin><xmax>159</xmax><ymax>27</ymax></bndbox></object><object><name>proposal</name><bndbox><xmin>88</xmin><ymin>79</ymin><xmax>28</xmax><ymax>8</ymax></bndbox></object><object><name>proposal</name><bndbox><xmin>0</xmin><ymin>218</ymin><xmax>25</xmax><ymax>59</ymax></bndbox></object><object><name>proposal</name><bndbox><xmin>0</xmin><ymin>359</ymin><xmax>89</xmax><ymax>41</ymax></bndbox></object><object><name>proposal</name><bndbox><xmin>120</xmin><ymin>59</ymin><xmax>13</xmax><ymax>16</ymax></bndbox></object><object><name>proposal</name><bndbox><xmin>189</xmin><ymin>70</ymin><xmax>32</xmax><ymax>9</ymax></bndbox></object><object><name>proposal</name><bndbox><xmin>82</xmin><ymin>0</ymin><xmax>106</xmax><ymax>8</ymax></bndbox></object><object><name>proposal</name><bndbox><xmin>0</xmin><ymin>0</ymin><xmax>300</xmax><ymax>85</ymax></bndbox></object><object><name>proposal</name><bndbox><xmin>0</xmin><ymin>319</ymin><xmax>183</xmax><ymax>81</ymax></bndbox></object><object><name>proposal</name><bndbox><xmin>82</xmin><ymin>0</ymin><xmax>55</xmax><ymax>7</ymax></bndbox></object><object><name>proposal</name><bndbox><xmin>144</xmin><ymin>186</ymin><xmax>38</xmax><ymax>32</ymax></bndbox></object><object><name>proposal</name><bndbox><xmin>0</xmin><ymin>362</ymin><xmax>55</xmax><ymax>38</ymax></bndbox></object><object><name>proposal</name><bndbox><xmin>37</xmin><ymin>72</ymin><xmax>133</xmax><ymax>29</ymax></bndbox></object><object><name>proposal</name><bndbox><xmin>76</xmin><ymin>59</ymin><xmax>53</xmax><ymax>29</ymax></bndbox></object><object><name>proposal</name><bndbox><xmin>0</xmin><ymin>210</ymin><xmax>133</xmax><ymax>190</ymax></bndbox></object><object><name>proposal</name><bndbox><xmin>159</xmin><ymin>61</ymin><xmax>141</xmax><ymax>21</ymax></bndbox></object><object><name>proposal</name><bndbox><xmin>0</xmin><ymin>59</ymin><xmax>159</xmax><ymax>56</ymax></bndbox></object><object><name>proposal</name><bndbox><xmin>94</xmin><ymin>70</ymin><xmax>65</xmax><ymax>17</ymax></bndbox></object><object><name>proposal</name><bndbox><xmin>159</xmin><ymin>328</ymin><xmax>24</xmax><ymax>25</ymax></bndbox></object><object><name>proposal</name><bndbox><xmin>0</xmin><ymin>281</ymin><xmax>37</xmax><ymax>32</ymax></bndbox></object><object><name>proposal</name><bndbox><xmin>118</xmin><ymin>57</ymin><xmax>182</xmax><ymax>28</ymax></bndbox></object><object><name>proposal</name><bndbox><xmin>45</xmin><ymin>253</ymin><xmax>16</xmax><ymax>16</ymax></bndbox></object><object><name>proposal</name><bndbox><xmin>0</xmin><ymin>25</ymin><xmax>28</xmax><ymax>19</ymax></bndbox></object><object><name>proposal</name><bndbox><xmin>123</xmin><ymin>380</ymin><xmax>18</xmax><ymax>17</ymax></bndbox></object><object><name>proposal</name><bndbox><xmin>0</xmin><ymin>375</ymin><xmax>35</xmax><ymax>25</ymax></bndbox></object><object><name>proposal</name><bndbox><xmin>83</xmin><ymin>325</ymin><xmax>100</xmax><ymax>75</ymax></bndbox></object><object><name>proposal</name><bndbox><xmin>152</xmin><ymin>162</ymin><xmax>95</xmax><ymax>66</ymax></bndbox></object><object><name>proposal</name><bndbox><xmin>0</xmin><ymin>198</ymin><xmax>61</xmax><ymax>101</ymax></bndbox></object><object><name>proposal</name><bndbox><xmin>149</xmin><ymin>67</ymin><xmax>36</xmax><ymax>12</ymax></bndbox></object><object><name>proposal</name><bndbox><xmin>51</xmin><ymin>299</ymin><xmax>208</xmax><ymax>101</ymax></bndbox></object><object><name>proposal</name><bndbox><xmin>287</xmin><ymin>380</ymin><xmax>13</xmax><ymax>20</ymax></bndbox></object><object><name>proposal</name><bndbox><xmin>32</xmin><ymin>299</ymin><xmax>144</xmax><ymax>53</ymax></bndbox></object><object><name>proposal</name><bndbox><xmin>151</xmin><ymin>332</ymin><xmax>19</xmax><ymax>21</ymax></bndbox></object><object><name>proposal</name><bndbox><xmin>0</xmin><ymin>345</ymin><xmax>62</xmax><ymax>55</ymax></bndbox></object><object><name>proposal</name><bndbox><xmin>0</xmin><ymin>292</ymin><xmax>121</xmax><ymax>95</ymax></bndbox></object><object><name>proposal</name><bndbox><xmin>0</xmin><ymin>192</ymin><xmax>141</xmax><ymax>208</ymax></bndbox></object><object><name>proposal</name><bndbox><xmin>116</xmin><ymin>162</ymin><xmax>100</xmax><ymax>90</ymax></bndbox></object><object><name>proposal</name><bndbox><xmin>159</xmin><ymin>328</ymin><xmax>24</xmax><ymax>32</ymax></bndbox></object><object><name>proposal</name><bndbox><xmin>57</xmin><ymin>193</ymin><xmax>16</xmax><ymax>19</ymax></bndbox></object><object><name>proposal</name><bndbox><xmin>0</xmin><ymin>360</ymin><xmax>55</xmax><ymax>40</ymax></bndbox></object><object><name>proposal</name><bndbox><xmin>0</xmin><ymin>314</ymin><xmax>141</xmax><ymax>86</ymax></bndbox></object><object><name>proposal</name><bndbox><xmin>92</xmin><ymin>59</ymin><xmax>67</xmax><ymax>44</ymax></bndbox></object><object><name>proposal</name><bndbox><xmin>202</xmin><ymin>209</ymin><xmax>14</xmax><ymax>19</ymax></bndbox></object><object><name>proposal</name><bndbox><xmin>49</xmin><ymin>236</ymin><xmax>79</xmax><ymax>115</ymax></bndbox></object><object><name>proposal</name><bndbox><xmin>100</xmin><ymin>325</ymin><xmax>83</xmax><ymax>75</ymax></bndbox></object><object><name>proposal</name><bndbox><xmin>109</xmin><ymin>380</ymin><xmax>32</xmax><ymax>20</ymax></bndbox></object><object><name>proposal</name><bndbox><xmin>0</xmin><ymin>208</ymin><xmax>83</xmax><ymax>192</ymax></bndbox></object><object><name>proposal</name><bndbox><xmin>124</xmin><ymin>174</ymin><xmax>18</xmax><ymax>11</ymax></bndbox></object><object><name>proposal</name><bndbox><xmin>0</xmin><ymin>0</ymin><xmax>150</xmax><ymax>44</ymax></bndbox></object><object><name>proposal</name><bndbox><xmin>0</xmin><ymin>233</ymin><xmax>25</xmax><ymax>30</ymax></bndbox></object><object><name>proposal</name><bndbox><xmin>224</xmin><ymin>322</ymin><xmax>13</xmax><ymax>15</ymax></bndbox></object><object><name>proposal</name><bndbox><xmin>0</xmin><ymin>233</ymin><xmax>61</xmax><ymax>71</ymax></bndbox></object><object><name>proposal</name><bndbox><xmin>0</xmin><ymin>342</ymin><xmax>89</xmax><ymax>58</ymax></bndbox></object><object><name>proposal</name><bndbox><xmin>0</xmin><ymin>319</ymin><xmax>9</xmax><ymax>57</ymax></bndbox></object><object><name>proposal</name><bndbox><xmin>114</xmin><ymin>320</ymin><xmax>45</xmax><ymax>23</ymax></bndbox></object><object><name>proposal</name><bndbox><xmin>183</xmin><ymin>189</ymin><xmax>26</xmax><ymax>17</ymax></bndbox></object><object><name>proposal</name><bndbox><xmin>155</xmin><ymin>191</ymin><xmax>27</xmax><ymax>25</ymax></bndbox></object><object><name>proposal</name><bndbox><xmin>249</xmin><ymin>75</ymin><xmax>39</xmax><ymax>5</ymax></bndbox></object><object><name>proposal</name><bndbox><xmin>42</xmin><ymin>319</ymin><xmax>79</xmax><ymax>40</ymax></bndbox></object><object><name>proposal</name><bndbox><xmin>31</xmin><ymin>370</ymin><xmax>14</xmax><ymax>16</ymax></bndbox></object><object><name>proposal</name><bndbox><xmin>138</xmin><ymin>191</ymin><xmax>36</xmax><ymax>27</ymax></bndbox></object><object><name>proposal</name><bndbox><xmin>88</xmin><ymin>0</ymin><xmax>212</xmax><ymax>12</ymax></bndbox></object><object><name>proposal</name><bndbox><xmin>118</xmin><ymin>59</ymin><xmax>75</xmax><ymax>23</ymax></bndbox></object><object><name>proposal</name><bndbox><xmin>50</xmin><ymin>80</ymin><xmax>56</xmax><ymax>52</ymax></bndbox></object><object><name>proposal</name><bndbox><xmin>117</xmin><ymin>162</ymin><xmax>105</xmax><ymax>90</ymax></bndbox></object><object><name>proposal</name><bndbox><xmin>0</xmin><ymin>233</ymin><xmax>61</xmax><ymax>74</ymax></bndbox></object><object><name>proposal</name><bndbox><xmin>126</xmin><ymin>167</ymin><xmax>49</xmax><ymax>44</ymax></bndbox></object><object><name>proposal</name><bndbox><xmin>78</xmin><ymin>282</ymin><xmax>14</xmax><ymax>19</ymax></bndbox></object><object><name>proposal</name><bndbox><xmin>94</xmin><ymin>67</ymin><xmax>65</xmax><ymax>20</ymax></bndbox></object><object><name>proposal</name><bndbox><xmin>117</xmin><ymin>169</ymin><xmax>68</xmax><ymax>42</ymax></bndbox></object><object><name>proposal</name><bndbox><xmin>137</xmin><ymin>189</ymin><xmax>39</xmax><ymax>24</ymax></bndbox></object><object><name>proposal</name><bndbox><xmin>0</xmin><ymin>193</ymin><xmax>140</xmax><ymax>112</ymax></bndbox></object><object><name>proposal</name><bndbox><xmin>189</xmin><ymin>343</ymin><xmax>16</xmax><ymax>29</ymax></bndbox></object><object><name>proposal</name><bndbox><xmin>69</xmin><ymin>157</ymin><xmax>25</xmax><ymax>21</ymax></bndbox></object><object><name>proposal</name><bndbox><xmin>0</xmin><ymin>80</ymin><xmax>192</xmax><ymax>320</ymax></bndbox></object><object><name>proposal</name><bndbox><xmin>183</xmin><ymin>308</ymin><xmax>23</xmax><ymax>16</ymax></bndbox></object><object><name>proposal</name><bndbox><xmin>141</xmin><ymin>171</ymin><xmax>76</xmax><ymax>55</ymax></bndbox></object><object><name>proposal</name><bndbox><xmin>0</xmin><ymin>187</ymin><xmax>82</xmax><ymax>126</ymax></bndbox></object><object><name>proposal</name><bndbox><xmin>277</xmin><ymin>0</ymin><xmax>23</xmax><ymax>6</ymax></bndbox></object><object><name>proposal</name><bndbox><xmin>99</xmin><ymin>73</ymin><xmax>60</xmax><ymax>13</ymax></bndbox></object><object><name>proposal</name><bndbox><xmin>165</xmin><ymin>55</ymin><xmax>135</xmax><ymax>21</ymax></bndbox></object><object><name>proposal</name><bndbox><xmin>0</xmin><ymin>250</ymin><xmax>61</xmax><ymax>49</ymax></bndbox></object><object><name>proposal</name><bndbox><xmin>140</xmin><ymin>195</ymin><xmax>13</xmax><ymax>20</ymax></bndbox></object><object><name>proposal</name><bndbox><xmin>88</xmin><ymin>0</ymin><xmax>212</xmax><ymax>22</ymax></bndbox></object><object><name>proposal</name><bndbox><xmin>165</xmin><ymin>40</ymin><xmax>135</xmax><ymax>36</ymax></bndbox></object><object><name>proposal</name><bndbox><xmin>0</xmin><ymin>198</ymin><xmax>99</xmax><ymax>202</ymax></bndbox></object><object><name>proposal</name><bndbox><xmin>0</xmin><ymin>233</ymin><xmax>22</xmax><ymax>23</ymax></bndbox></object><object><name>proposal</name><bndbox><xmin>0</xmin><ymin>233</ymin><xmax>57</xmax><ymax>85</ymax></bndbox></object><object><name>proposal</name><bndbox><xmin>0</xmin><ymin>192</ymin><xmax>16</xmax><ymax>16</ymax></bndbox></object><object><name>proposal</name><bndbox><xmin>76</xmin><ymin>372</ymin><xmax>51</xmax><ymax>28</ymax></bndbox></object><object><name>proposal</name><bndbox><xmin>137</xmin><ymin>175</ymin><xmax>45</xmax><ymax>38</ymax></bndbox></object><object><name>proposal</name><bndbox><xmin>139</xmin><ymin>201</ymin><xmax>32</xmax><ymax>17</ymax></bndbox></object><object><name>proposal</name><bndbox><xmin>17</xmin><ymin>285</ymin><xmax>23</xmax><ymax>12</ymax></bndbox></object><object><name>proposal</name><bndbox><xmin>17</xmin><ymin>283</ymin><xmax>26</xmax><ymax>30</ymax></bndbox></object><object><name>proposal</name><bndbox><xmin>0</xmin><ymin>66</ymin><xmax>30</xmax><ymax>26</ymax></bndbox></object><object><name>proposal</name><bndbox><xmin>0</xmin><ymin>198</ymin><xmax>99</xmax><ymax>134</ymax></bndbox></object><object><name>proposal</name><bndbox><xmin>120</xmin><ymin>51</ymin><xmax>79</xmax><ymax>34</ymax></bndbox></object><object><name>proposal</name><bndbox><xmin>92</xmin><ymin>59</ymin><xmax>46</xmax><ymax>18</ymax></bndbox></object><object><name>proposal</name><bndbox><xmin>139</xmin><ymin>199</ymin><xmax>17</xmax><ymax>16</ymax></bndbox></object><object><name>proposal</name><bndbox><xmin>140</xmin><ymin>190</ymin><xmax>34</xmax><ymax>28</ymax></bndbox></object><object><name>proposal</name><bndbox><xmin>0</xmin><ymin>0</ymin><xmax>118</xmax><ymax>28</ymax></bndbox></object><object><name>proposal</name><bndbox><xmin>165</xmin><ymin>55</ymin><xmax>102</xmax><ymax>21</ymax></bndbox></object><object><name>proposal</name><bndbox><xmin>0</xmin><ymin>314</ymin><xmax>63</xmax><ymax>66</ymax></bndbox></object><object><name>proposal</name><bndbox><xmin>0</xmin><ymin>0</ymin><xmax>300</xmax><ymax>88</ymax></bndbox></object><object><name>proposal</name><bndbox><xmin>0</xmin><ymin>361</ymin><xmax>55</xmax><ymax>39</ymax></bndbox></object><object><name>proposal</name><bndbox><xmin>139</xmin><ymin>189</ymin><xmax>32</xmax><ymax>35</ymax></bndbox></object><object><name>proposal</name><bndbox><xmin>0</xmin><ymin>208</ymin><xmax>133</xmax><ymax>192</ymax></bndbox></object><object><name>proposal</name><bndbox><xmin>147</xmin><ymin>67</ymin><xmax>38</xmax><ymax>12</ymax></bndbox></object><object><name>proposal</name><bndbox><xmin>0</xmin><ymin>250</ymin><xmax>57</xmax><ymax>49</ymax></bndbox></object><object><name>proposal</name><bndbox><xmin>273</xmin><ymin>63</ymin><xmax>27</xmax><ymax>9</ymax></bndbox></object><object><name>proposal</name><bndbox><xmin>0</xmin><ymin>361</ymin><xmax>46</xmax><ymax>39</ymax></bndbox></object><object><name>proposal</name><bndbox><xmin>0</xmin><ymin>314</ymin><xmax>63</xmax><ymax>86</ymax></bndbox></object><object><name>proposal</name><bndbox><xmin>3</xmin><ymin>219</ymin><xmax>297</xmax><ymax>181</ymax></bndbox></object><object><name>proposal</name><bndbox><xmin>121</xmin><ymin>48</ymin><xmax>179</xmax><ymax>40</ymax></bndbox></object><object><name>proposal</name><bndbox><xmin>0</xmin><ymin>319</ymin><xmax>63</xmax><ymax>81</ymax></bndbox></object><object><name>proposal</name><bndbox><xmin>88</xmin><ymin>0</ymin><xmax>100</xmax><ymax>9</ymax></bndbox></object><object><name>proposal</name><bndbox><xmin>159</xmin><ymin>67</ymin><xmax>26</xmax><ymax>15</ymax></bndbox></object><object><name>proposal</name><bndbox><xmin>0</xmin><ymin>358</ymin><xmax>62</xmax><ymax>42</ymax></bndbox></object><object><name>proposal</name><bndbox><xmin>0</xmin><ymin>281</ymin><xmax>21</xmax><ymax>22</ymax></bndbox></object><object><name>proposal</name><bndbox><xmin>243</xmin><ymin>71</ymin><xmax>57</xmax><ymax>10</ymax></bndbox></object><object><name>proposal</name><bndbox><xmin>111</xmin><ymin>372</ymin><xmax>16</xmax><ymax>28</ymax></bndbox></object><object><name>proposal</name><bndbox><xmin>76</xmin><ymin>48</ymin><xmax>224</xmax><ymax>40</ymax></bndbox></object><object><name>proposal</name><bndbox><xmin>105</xmin><ymin>5</ymin><xmax>94</xmax><ymax>38</ymax></bndbox></object><object><name>proposal</name><bndbox><xmin>0</xmin><ymin>233</ymin><xmax>57</xmax><ymax>71</ymax></bndbox></object><object><name>proposal</name><bndbox><xmin>0</xmin><ymin>281</ymin><xmax>37</xmax><ymax>83</ymax></bndbox></object><object><name>proposal</name><bndbox><xmin>53</xmin><ymin>35</ymin><xmax>247</xmax><ymax>97</ymax></bndbox></object><object><name>proposal</name><bndbox><xmin>35</xmin><ymin>260</ymin><xmax>26</xmax><ymax>20</ymax></bndbox></object><object><name>proposal</name><bndbox><xmin>137</xmin><ymin>186</ymin><xmax>45</xmax><ymax>30</ymax></bndbox></object><object><name>proposal</name><bndbox><xmin>140</xmin><ymin>186</ymin><xmax>33</xmax><ymax>27</ymax></bndbox></object><object><name>proposal</name><bndbox><xmin>116</xmin><ymin>241</ymin><xmax>16</xmax><ymax>13</ymax></bndbox></object><object><name>proposal</name><bndbox><xmin>0</xmin><ymin>151</ymin><xmax>183</xmax><ymax>249</ymax></bndbox></object><object><name>proposal</name><bndbox><xmin>137</xmin><ymin>189</ymin><xmax>39</xmax><ymax>29</ymax></bndbox></object><object><name>proposal</name><bndbox><xmin>144</xmin><ymin>204</ymin><xmax>24</xmax><ymax>14</ymax></bndbox></object><object><name>proposal</name><bndbox><xmin>178</xmin><ymin>282</ymin><xmax>79</xmax><ymax>55</ymax></bndbox></object><object><name>proposal</name><bndbox><xmin>0</xmin><ymin>71</ymin><xmax>300</xmax><ymax>329</ymax></bndbox></object><object><name>proposal</name><bndbox><xmin>137</xmin><ymin>188</ymin><xmax>25</xmax><ymax>23</ymax></bndbox></object><object><name>proposal</name><bndbox><xmin>224</xmin><ymin>316</ymin><xmax>18</xmax><ymax>23</ymax></bndbox></object><object><name>proposal</name><bndbox><xmin>243</xmin><ymin>60</ymin><xmax>57</xmax><ymax>21</ymax></bndbox></object><object><name>proposal</name><bndbox><xmin>255</xmin><ymin>112</ymin><xmax>17</xmax><ymax>7</ymax></bndbox></object><object><name>proposal</name><bndbox><xmin>144</xmin><ymin>203</ymin><xmax>24</xmax><ymax>15</ymax></bndbox></object><object><name>proposal</name><bndbox><xmin>50</xmin><ymin>195</ymin><xmax>23</xmax><ymax>17</ymax></bndbox></object><object><name>proposal</name><bndbox><xmin>57</xmin><ymin>72</ymin><xmax>59</xmax><ymax>21</ymax></bndbox></object><object><name>proposal</name><bndbox><xmin>93</xmin><ymin>386</ymin><xmax>17</xmax><ymax>14</ymax></bndbox></object><object><name>proposal</name><bndbox><xmin>0</xmin><ymin>80</ymin><xmax>192</xmax><ymax>227</ymax></bndbox></object><object><name>proposal</name><bndbox><xmin>0</xmin><ymin>67</ymin><xmax>131</xmax><ymax>34</ymax></bndbox></object><object><name>proposal</name><bndbox><xmin>188</xmin><ymin>168</ymin><xmax>112</xmax><ymax>203</ymax></bndbox></object><object><name>proposal</name><bndbox><xmin>0</xmin><ymin>208</ymin><xmax>141</xmax><ymax>192</ymax></bndbox></object><object><name>proposal</name><bndbox><xmin>97</xmin><ymin>73</ymin><xmax>62</xmax><ymax>13</ymax></bndbox></object><object><name>proposal</name><bndbox><xmin>6</xmin><ymin>187</ymin><xmax>122</xmax><ymax>164</ymax></bndbox></object><object><name>proposal</name><bndbox><xmin>137</xmin><ymin>162</ymin><xmax>85</xmax><ymax>54</ymax></bndbox></object><object><name>proposal</name><bndbox><xmin>76</xmin><ymin>71</ymin><xmax>159</xmax><ymax>15</ymax></bndbox></object><object><name>proposal</name><bndbox><xmin>0</xmin><ymin>345</ymin><xmax>35</xmax><ymax>55</ymax></bndbox></object><object><name>proposal</name><bndbox><xmin>0</xmin><ymin>35</ymin><xmax>300</xmax><ymax>71</ymax></bndbox></object><object><name>proposal</name><bndbox><xmin>0</xmin><ymin>233</ymin><xmax>181</xmax><ymax>167</ymax></bndbox></object><object><name>proposal</name><bndbox><xmin>0</xmin><ymin>61</ymin><xmax>141</xmax><ymax>45</ymax></bndbox></object><object><name>proposal</name><bndbox><xmin>0</xmin><ymin>211</ymin><xmax>142</xmax><ymax>189</ymax></bndbox></object><object><name>proposal</name><bndbox><xmin>0</xmin><ymin>162</ymin><xmax>300</xmax><ymax>238</ymax></bndbox></object><object><name>proposal</name><bndbox><xmin>215</xmin><ymin>35</ymin><xmax>50</xmax><ymax>34</ymax></bndbox></object><object><name>proposal</name><bndbox><xmin>0</xmin><ymin>314</ymin><xmax>108</xmax><ymax>86</ymax></bndbox></object><object><name>proposal</name><bndbox><xmin>0</xmin><ymin>73</ymin><xmax>105</xmax><ymax>245</ymax></bndbox></object><object><name>proposal</name><bndbox><xmin>187</xmin><ymin>0</ymin><xmax>84</xmax><ymax>12</ymax></bndbox></object><object><name>proposal</name><bndbox><xmin>117</xmin><ymin>169</ymin><xmax>53</xmax><ymax>42</ymax></bndbox></object><object><name>proposal</name><bndbox><xmin>126</xmin><ymin>74</ymin><xmax>33</xmax><ymax>11</ymax></bndbox></object><object><name>proposal</name><bndbox><xmin>131</xmin><ymin>175</ymin><xmax>39</xmax><ymax>36</ymax></bndbox></object><object><name>proposal</name><bndbox><xmin>0</xmin><ymin>0</ymin><xmax>300</xmax><ymax>89</ymax></bndbox></object><object><name>proposal</name><bndbox><xmin>0</xmin><ymin>0</ymin><xmax>300</xmax><ymax>73</ymax></bndbox></object><object><name>proposal</name><bndbox><xmin>0</xmin><ymin>0</ymin><xmax>199</xmax><ymax>43</ymax></bndbox></object><object><name>proposal</name><bndbox><xmin>77</xmin><ymin>63</ymin><xmax>223</xmax><ymax>144</ymax></bndbox></object><object><name>proposal</name><bndbox><xmin>57</xmin><ymin>72</ymin><xmax>113</xmax><ymax>21</ymax></bndbox></object><object><name>proposal</name><bndbox><xmin>0</xmin><ymin>187</ymin><xmax>183</xmax><ymax>213</ymax></bndbox></object><object><name>proposal</name><bndbox><xmin>125</xmin><ymin>377</ymin><xmax>16</xmax><ymax>16</ymax></bndbox></object><object><name>proposal</name><bndbox><xmin>37</xmin><ymin>51</ymin><xmax>133</xmax><ymax>50</ymax></bndbox></object><object><name>proposal</name><bndbox><xmin>0</xmin><ymin>359</ymin><xmax>35</xmax><ymax>41</ymax></bndbox></object><object><name>proposal</name><bndbox><xmin>120</xmin><ymin>51</ymin><xmax>46</xmax><ymax>24</ymax></bndbox></object><object><name>proposal</name><bndbox><xmin>0</xmin><ymin>61</ymin><xmax>83</xmax><ymax>28</ymax></bndbox></object><object><name>proposal</name><bndbox><xmin>26</xmin><ymin>365</ymin><xmax>107</xmax><ymax>35</ymax></bndbox></object><object><name>proposal</name><bndbox><xmin>147</xmin><ymin>178</ymin><xmax>30</xmax><ymax>17</ymax></bndbox></object><object><name>proposal</name><bndbox><xmin>183</xmin><ymin>5</ymin><xmax>117</xmax><ymax>51</ymax></bndbox></object><object><name>proposal</name><bndbox><xmin>109</xmin><ymin>386</ymin><xmax>24</xmax><ymax>14</ymax></bndbox></object><object><name>proposal</name><bndbox><xmin>36</xmin><ymin>80</ymin><xmax>70</xmax><ymax>52</ymax></bndbox></object><object><name>proposal</name><bndbox><xmin>0</xmin><ymin>214</ymin><xmax>100</xmax><ymax>90</ymax></bndbox></object><object><name>proposal</name><bndbox><xmin>0</xmin><ymin>0</ymin><xmax>150</xmax><ymax>29</ymax></bndbox></object><object><name>proposal</name><bndbox><xmin>147</xmin><ymin>162</ymin><xmax>75</xmax><ymax>34</ymax></bndbox></object><object><name>proposal</name><bndbox><xmin>0</xmin><ymin>155</ymin><xmax>24</xmax><ymax>12</ymax></bndbox></object><object><name>proposal</name><bndbox><xmin>0</xmin><ymin>187</ymin><xmax>82</xmax><ymax>92</ymax></bndbox></object><object><name>proposal</name><bndbox><xmin>139</xmin><ymin>186</ymin><xmax>42</xmax><ymax>28</ymax></bndbox></object><object><name>proposal</name><bndbox><xmin>178</xmin><ymin>168</ymin><xmax>122</xmax><ymax>203</ymax></bndbox></object><object><name>proposal</name><bndbox><xmin>36</xmin><ymin>99</ymin><xmax>17</xmax><ymax>16</ymax></bndbox></object><object><name>proposal</name><bndbox><xmin>46</xmin><ymin>317</ymin><xmax>62</xmax><ymax>76</ymax></bndbox></object><object><name>proposal</name><bndbox><xmin>53</xmin><ymin>59</ymin><xmax>182</xmax><ymax>73</ymax></bndbox></object><object><name>proposal</name><bndbox><xmin>61</xmin><ymin>291</ymin><xmax>18</xmax><ymax>13</ymax></bndbox></object><object><name>proposal</name><bndbox><xmin>118</xmin><ymin>57</ymin><xmax>182</xmax><ymax>25</ymax></bndbox></object><object><name>proposal</name><bndbox><xmin>39</xmin><ymin>63</ymin><xmax>261</xmax><ymax>264</ymax></bndbox></object><object><name>proposal</name><bndbox><xmin>0</xmin><ymin>73</ymin><xmax>115</xmax><ymax>28</ymax></bndbox></object><object><name>proposal</name><bndbox><xmin>69</xmin><ymin>217</ymin><xmax>37</xmax><ymax>25</ymax></bndbox></object><object><name>proposal</name><bndbox><xmin>0</xmin><ymin>0</ymin><xmax>300</xmax><ymax>97</ymax></bndbox></object><object><name>proposal</name><bndbox><xmin>0</xmin><ymin>281</ymin><xmax>21</xmax><ymax>26</ymax></bndbox></object><object><name>proposal</name><bndbox><xmin>147</xmin><ymin>171</ymin><xmax>35</xmax><ymax>42</ymax></bndbox></object><object><name>proposal</name><bndbox><xmin>0</xmin><ymin>345</ymin><xmax>55</xmax><ymax>55</ymax></bndbox></object><object><name>proposal</name><bndbox><xmin>0</xmin><ymin>271</ymin><xmax>183</xmax><ymax>129</ymax></bndbox></object><object><name>proposal</name><bndbox><xmin>165</xmin><ymin>35</ymin><xmax>135</xmax><ymax>41</ymax></bndbox></object><object><name>proposal</name><bndbox><xmin>185</xmin><ymin>60</ymin><xmax>115</xmax><ymax>19</ymax></bndbox></object><object><name>proposal</name><bndbox><xmin>19</xmin><ymin>294</ymin><xmax>16</xmax><ymax>24</ymax></bndbox></object><object><name>proposal</name><bndbox><xmin>0</xmin><ymin>250</ymin><xmax>25</xmax><ymax>27</ymax></bndbox></object><object><name>proposal</name><bndbox><xmin>0</xmin><ymin>319</ymin><xmax>89</xmax><ymax>81</ymax></bndbox></object><object><name>proposal</name><bndbox><xmin>0</xmin><ymin>0</ymin><xmax>118</xmax><ymax>47</ymax></bndbox></object><object><name>proposal</name><bndbox><xmin>139</xmin><ymin>186</ymin><xmax>38</xmax><ymax>28</ymax></bndbox></object><object><name>proposal</name><bndbox><xmin>137</xmin><ymin>204</ymin><xmax>34</xmax><ymax>17</ymax></bndbox></object><object><name>proposal</name><bndbox><xmin>118</xmin><ymin>59</ymin><xmax>38</xmax><ymax>18</ymax></bndbox></object><object><name>proposal</name><bndbox><xmin>91</xmin><ymin>5</ymin><xmax>107</xmax><ymax>34</ymax></bndbox></object><object><name>proposal</name><bndbox><xmin>0</xmin><ymin>151</ymin><xmax>300</xmax><ymax>249</ymax></bndbox></object><object><name>proposal</name><bndbox><xmin>33</xmin><ymin>263</ymin><xmax>28</xmax><ymax>20</ymax></bndbox></object><object><name>proposal</name><bndbox><xmin>37</xmin><ymin>72</ymin><xmax>104</xmax><ymax>34</ymax></bndbox></object><object><name>proposal</name><bndbox><xmin>0</xmin><ymin>151</ymin><xmax>83</xmax><ymax>95</ymax></bndbox></object><object><name>proposal</name><bndbox><xmin>112</xmin><ymin>71</ymin><xmax>188</xmax><ymax>72</ymax></bndbox></object><object><name>proposal</name><bndbox><xmin>243</xmin><ymin>104</ymin><xmax>31</xmax><ymax>15</ymax></bndbox></object><object><name>proposal</name><bndbox><xmin>27</xmin><ymin>59</ymin><xmax>106</xmax><ymax>34</ymax></bndbox></object><object><name>proposal</name><bndbox><xmin>82</xmin><ymin>0</ymin><xmax>218</xmax><ymax>9</ymax></bndbox></object><object><name>proposal</name><bndbox><xmin>126</xmin><ymin>167</ymin><xmax>56</xmax><ymax>54</ymax></bndbox></object><object><name>proposal</name><bndbox><xmin>36</xmin><ymin>67</ymin><xmax>123</xmax><ymax>26</ymax></bndbox></object><object><name>proposal</name><bndbox><xmin>0</xmin><ymin>365</ymin><xmax>61</xmax><ymax>35</ymax></bndbox></object><object><name>proposal</name><bndbox><xmin>0</xmin><ymin>281</ymin><xmax>21</xmax><ymax>23</ymax></bndbox></object><object><name>proposal</name><bndbox><xmin>91</xmin><ymin>5</ymin><xmax>118</xmax><ymax>40</ymax></bndbox></object><object><name>proposal</name><bndbox><xmin>0</xmin><ymin>295</ymin><xmax>27</xmax><ymax>30</ymax></bndbox></object><object><name>proposal</name><bndbox><xmin>92</xmin><ymin>59</ymin><xmax>143</xmax><ymax>29</ymax></bndbox></object><object><name>proposal</name><bndbox><xmin>197</xmin><ymin>35</ymin><xmax>103</xmax><ymax>40</ymax></bndbox></object><object><name>proposal</name><bndbox><xmin>82</xmin><ymin>361</ymin><xmax>43</xmax><ymax>39</ymax></bndbox></object><object><name>proposal</name><bndbox><xmin>159</xmin><ymin>65</ymin><xmax>80</xmax><ymax>23</ymax></bndbox></object><object><name>proposal</name><bndbox><xmin>88</xmin><ymin>0</ymin><xmax>135</xmax><ymax>8</ymax></bndbox></object><object><name>proposal</name><bndbox><xmin>26</xmin><ymin>379</ymin><xmax>29</xmax><ymax>21</ymax></bndbox></object><object><name>proposal</name><bndbox><xmin>46</xmin><ymin>48</ymin><xmax>254</xmax><ymax>158</ymax></bndbox></object><object><name>proposal</name><bndbox><xmin>0</xmin><ymin>0</ymin><xmax>300</xmax><ymax>45</ymax></bndbox></object><object><name>proposal</name><bndbox><xmin>0</xmin><ymin>187</ymin><xmax>128</xmax><ymax>213</ymax></bndbox></object><object><name>proposal</name><bndbox><xmin>183</xmin><ymin>5</ymin><xmax>117</xmax><ymax>69</ymax></bndbox></object><object><name>proposal</name><bndbox><xmin>120</xmin><ymin>68</ymin><xmax>115</xmax><ymax>20</ymax></bndbox></object><object><name>proposal</name><bndbox><xmin>0</xmin><ymin>211</ymin><xmax>81</xmax><ymax>66</ymax></bndbox></object><object><name>proposal</name><bndbox><xmin>0</xmin><ymin>193</ymin><xmax>259</xmax><ymax>207</ymax></bndbox></object><object><name>proposal</name><bndbox><xmin>0</xmin><ymin>17</ymin><xmax>34</xmax><ymax>27</ymax></bndbox></object><object><name>proposal</name><bndbox><xmin>231</xmin><ymin>319</ymin><xmax>26</xmax><ymax>17</ymax></bndbox></object><object><name>proposal</name><bndbox><xmin>54</xmin><ymin>84</ymin><xmax>31</xmax><ymax>11</ymax></bndbox></object><object><name>proposal</name><bndbox><xmin>0</xmin><ymin>345</ymin><xmax>9</xmax><ymax>32</ymax></bndbox></object><object><name>proposal</name><bndbox><xmin>98</xmin><ymin>78</ymin><xmax>43</xmax><ymax>28</ymax></bndbox></object><object><name>proposal</name><bndbox><xmin>137</xmin><ymin>162</ymin><xmax>85</xmax><ymax>66</ymax></bndbox></object><object><name>proposal</name><bndbox><xmin>159</xmin><ymin>204</ymin><xmax>12</xmax><ymax>13</ymax></bndbox></object><object><name>proposal</name><bndbox><xmin>205</xmin><ymin>187</ymin><xmax>17</xmax><ymax>27</ymax></bndbox></object><object><name>proposal</name><bndbox><xmin>5</xmin><ymin>38</ymin><xmax>32</xmax><ymax>9</ymax></bndbox></object><object><name>proposal</name><bndbox><xmin>152</xmin><ymin>162</ymin><xmax>95</xmax><ymax>63</ymax></bndbox></object><object><name>proposal</name><bndbox><xmin>240</xmin><ymin>0</ymin><xmax>60</xmax><ymax>22</ymax></bndbox></object><object><name>proposal</name><bndbox><xmin>0</xmin><ymin>80</ymin><xmax>192</xmax><ymax>213</ymax></bndbox></object><object><name>proposal</name><bndbox><xmin>46</xmin><ymin>59</ymin><xmax>83</xmax><ymax>38</ymax></bndbox></object><object><name>proposal</name><bndbox><xmin>17</xmin><ymin>283</ymin><xmax>23</xmax><ymax>22</ymax></bndbox></object><object><name>proposal</name><bndbox><xmin>183</xmin><ymin>189</ymin><xmax>34</xmax><ymax>33</ymax></bndbox></object><object><name>proposal</name><bndbox><xmin>114</xmin><ymin>21</ymin><xmax>36</xmax><ymax>8</ymax></bndbox></object><object><name>proposal</name><bndbox><xmin>0</xmin><ymin>0</ymin><xmax>300</xmax><ymax>106</ymax></bndbox></object><object><name>proposal</name><bndbox><xmin>35</xmin><ymin>263</ymin><xmax>26</xmax><ymax>17</ymax></bndbox></object><object><name>proposal</name><bndbox><xmin>121</xmin><ymin>73</ymin><xmax>78</xmax><ymax>12</ymax></bndbox></object><object><name>proposal</name><bndbox><xmin>137</xmin><ymin>189</ymin><xmax>39</xmax><ymax>23</ymax></bndbox></object><object><name>proposal</name><bndbox><xmin>0</xmin><ymin>345</ymin><xmax>9</xmax><ymax>19</ymax></bndbox></object><object><name>proposal</name><bndbox><xmin>102</xmin><ymin>97</ymin><xmax>13</xmax><ymax>15</ymax></bndbox></object><object><name>proposal</name><bndbox><xmin>0</xmin><ymin>345</ymin><xmax>21</xmax><ymax>34</ymax></bndbox></object><object><name>proposal</name><bndbox><xmin>36</xmin><ymin>22</ymin><xmax>49</xmax><ymax>6</ymax></bndbox></object><object><name>proposal</name><bndbox><xmin>0</xmin><ymin>198</ymin><xmax>20</xmax><ymax>38</ymax></bndbox></object><object><name>proposal</name><bndbox><xmin>113</xmin><ymin>165</ymin><xmax>28</xmax><ymax>18</ymax></bndbox></object><object><name>proposal</name><bndbox><xmin>75</xmin><ymin>64</ymin><xmax>84</xmax><ymax>22</ymax></bndbox></object><object><name>proposal</name><bndbox><xmin>183</xmin><ymin>189</ymin><xmax>34</xmax><ymax>26</ymax></bndbox></object><object><name>proposal</name><bndbox><xmin>0</xmin><ymin>292</ymin><xmax>63</xmax><ymax>95</ymax></bndbox></object><object><name>proposal</name><bndbox><xmin>233</xmin><ymin>258</ymin><xmax>16</xmax><ymax>19</ymax></bndbox></object><object><name>proposal</name><bndbox><xmin>0</xmin><ymin>218</ymin><xmax>27</xmax><ymax>59</ymax></bndbox></object><object><name>proposal</name><bndbox><xmin>105</xmin><ymin>0</ymin><xmax>195</xmax><ymax>49</ymax></bndbox></object><object><name>proposal</name><bndbox><xmin>70</xmin><ymin>64</ymin><xmax>89</xmax><ymax>22</ymax></bndbox></object><object><name>proposal</name><bndbox><xmin>144</xmin><ymin>186</ymin><xmax>38</xmax><ymax>30</ymax></bndbox></object><object><name>proposal</name><bndbox><xmin>0</xmin><ymin>73</ymin><xmax>112</xmax><ymax>245</ymax></bndbox></object><object><name>proposal</name><bndbox><xmin>137</xmin><ymin>171</ymin><xmax>45</xmax><ymax>41</ymax></bndbox></object><object><name>proposal</name><bndbox><xmin>21</xmin><ymin>361</ymin><xmax>25</xmax><ymax>26</ymax></bndbox></object><object><name>proposal</name><bndbox><xmin>0</xmin><ymin>193</ymin><xmax>140</xmax><ymax>207</ymax></bndbox></object><object><name>proposal</name><bndbox><xmin>0</xmin><ymin>23</ymin><xmax>224</xmax><ymax>54</ymax></bndbox></object><object><name>proposal</name><bndbox><xmin>181</xmin><ymin>189</ymin><xmax>36</xmax><ymax>33</ymax></bndbox></object><object><name>proposal</name><bndbox><xmin>277</xmin><ymin>60</ymin><xmax>23</xmax><ymax>13</ymax></bndbox></object><object><name>proposal</name><bndbox><xmin>36</xmin><ymin>22</ymin><xmax>49</xmax><ymax>5</ymax></bndbox></object><object><name>proposal</name><bndbox><xmin>0</xmin><ymin>292</ymin><xmax>63</xmax><ymax>108</ymax></bndbox></object><object><name>proposal</name><bndbox><xmin>8</xmin><ymin>151</ymin><xmax>17</xmax><ymax>16</ymax></bndbox></object><object><name>proposal</name><bndbox><xmin>287</xmin><ymin>63</ymin><xmax>13</xmax><ymax>9</ymax></bndbox></object><object><name>proposal</name><bndbox><xmin>140</xmin><ymin>190</ymin><xmax>34</xmax><ymax>26</ymax></bndbox></object><object><name>proposal</name><bndbox><xmin>6</xmin><ymin>211</ymin><xmax>75</xmax><ymax>72</ymax></bndbox></object><object><name>proposal</name><bndbox><xmin>0</xmin><ymin>257</ymin><xmax>91</xmax><ymax>75</ymax></bndbox></object><object><name>proposal</name><bndbox><xmin>32</xmin><ymin>291</ymin><xmax>144</xmax><ymax>61</ymax></bndbox></object><object><name>proposal</name><bndbox><xmin>76</xmin><ymin>72</ymin><xmax>123</xmax><ymax>16</ymax></bndbox></object><object><name>proposal</name><bndbox><xmin>151</xmin><ymin>329</ymin><xmax>32</xmax><ymax>25</ymax></bndbox></object><object><name>proposal</name><bndbox><xmin>218</xmin><ymin>362</ymin><xmax>17</xmax><ymax>15</ymax></bndbox></object><object><name>proposal</name><bndbox><xmin>70</xmin><ymin>64</ymin><xmax>115</xmax><ymax>22</ymax></bndbox></object><object><name>proposal</name><bndbox><xmin>261</xmin><ymin>0</ymin><xmax>39</xmax><ymax>8</ymax></bndbox></object><object><name>proposal</name><bndbox><xmin>114</xmin><ymin>320</ymin><xmax>69</xmax><ymax>40</ymax></bndbox></object><object><name>proposal</name><bndbox><xmin>0</xmin><ymin>0</ymin><xmax>154</xmax><ymax>47</ymax></bndbox></object><object><name>proposal</name><bndbox><xmin>0</xmin><ymin>5</ymin><xmax>300</xmax><ymax>101</ymax></bndbox></object><object><name>proposal</name><bndbox><xmin>46</xmin><ymin>152</ymin><xmax>25</xmax><ymax>21</ymax></bndbox></object><object><name>proposal</name><bndbox><xmin>42</xmin><ymin>342</ymin><xmax>19</xmax><ymax>13</ymax></bndbox></object><object><name>proposal</name><bndbox><xmin>0</xmin><ymin>233</ymin><xmax>61</xmax><ymax>66</ymax></bndbox></object><object><name>proposal</name><bndbox><xmin>0</xmin><ymin>0</ymin><xmax>300</xmax><ymax>49</ymax></bndbox></object><object><name>proposal</name><bndbox><xmin>137</xmin><ymin>174</ymin><xmax>40</xmax><ymax>40</ymax></bndbox></object><object><name>proposal</name><bndbox><xmin>124</xmin><ymin>75</ymin><xmax>176</xmax><ymax>68</ymax></bndbox></object><object><name>proposal</name><bndbox><xmin>198</xmin><ymin>72</ymin><xmax>41</xmax><ymax>16</ymax></bndbox></object><object><name>proposal</name><bndbox><xmin>0</xmin><ymin>218</ymin><xmax>61</xmax><ymax>95</ymax></bndbox></object><object><name>proposal</name><bndbox><xmin>156</xmin><ymin>167</ymin><xmax>19</xmax><ymax>17</ymax></bndbox></object><object><name>proposal</name><bndbox><xmin>98</xmin><ymin>74</ymin><xmax>72</xmax><ymax>32</ymax></bndbox></object><object><name>proposal</name><bndbox><xmin>36</xmin><ymin>59</ymin><xmax>123</xmax><ymax>34</ymax></bndbox></object><object><name>proposal</name><bndbox><xmin>92</xmin><ymin>57</ymin><xmax>208</xmax><ymax>31</ymax></bndbox></object><object><name>proposal</name><bndbox><xmin>0</xmin><ymin>319</ymin><xmax>21</xmax><ymax>72</ymax></bndbox></object><object><name>proposal</name><bndbox><xmin>6</xmin><ymin>187</ymin><xmax>100</xmax><ymax>92</ymax></bndbox></object><object><name>proposal</name><bndbox><xmin>3</xmin><ymin>314</ymin><xmax>105</xmax><ymax>79</ymax></bndbox></object><object><name>proposal</name><bndbox><xmin>120</xmin><ymin>51</ymin><xmax>147</xmax><ymax>37</ymax></bndbox></object><object><name>proposal</name><bndbox><xmin>0</xmin><ymin>319</ymin><xmax>9</xmax><ymax>24</ymax></bndbox></object><object><name>proposal</name><bndbox><xmin>217</xmin><ymin>0</ymin><xmax>50</xmax><ymax>12</ymax></bndbox></object><object><name>proposal</name><bndbox><xmin>49</xmin><ymin>217</ymin><xmax>79</xmax><ymax>134</ymax></bndbox></object><object><name>proposal</name><bndbox><xmin>139</xmin><ymin>186</ymin><xmax>38</xmax><ymax>31</ymax></bndbox></object><object><name>proposal</name><bndbox><xmin>0</xmin><ymin>319</ymin><xmax>35</xmax><ymax>81</ymax></bndbox></object><object><name>proposal</name><bndbox><xmin>0</xmin><ymin>0</ymin><xmax>300</xmax><ymax>101</ymax></bndbox></object><object><name>proposal</name><bndbox><xmin>152</xmin><ymin>186</ymin><xmax>30</xmax><ymax>30</ymax></bndbox></object><object><name>proposal</name><bndbox><xmin>183</xmin><ymin>191</ymin><xmax>34</xmax><ymax>19</ymax></bndbox></object><object><name>proposal</name><bndbox><xmin>88</xmin><ymin>0</ymin><xmax>102</xmax><ymax>8</ymax></bndbox></object><object><name>proposal</name><bndbox><xmin>183</xmin><ymin>279</ymin><xmax>21</xmax><ymax>26</ymax></bndbox></object><object><name>proposal</name><bndbox><xmin>139</xmin><ymin>186</ymin><xmax>38</xmax><ymax>30</ymax></bndbox></object><object><name>proposal</name><bndbox><xmin>0</xmin><ymin>71</ymin><xmax>300</xmax><ymax>170</ymax></bndbox></object><object><name>proposal</name><bndbox><xmin>88</xmin><ymin>0</ymin><xmax>212</xmax><ymax>45</ymax></bndbox></object><object><name>proposal</name><bndbox><xmin>141</xmin><ymin>186</ymin><xmax>36</xmax><ymax>30</ymax></bndbox></object><object><name>proposal</name><bndbox><xmin>139</xmin><ymin>186</ymin><xmax>38</xmax><ymax>29</ymax></bndbox></object><object><name>proposal</name><bndbox><xmin>0</xmin><ymin>73</ymin><xmax>105</xmax><ymax>201</ymax></bndbox></object><object><name>proposal</name><bndbox><xmin>0</xmin><ymin>207</ymin><xmax>300</xmax><ymax>193</ymax></bndbox></object><object><name>proposal</name><bndbox><xmin>138</xmin><ymin>191</ymin><xmax>36</xmax><ymax>24</ymax></bndbox></object><object><name>proposal</name><bndbox><xmin>83</xmin><ymin>325</ymin><xmax>97</xmax><ymax>75</ymax></bndbox></object><object><name>proposal</name><bndbox><xmin>88</xmin><ymin>20</ymin><xmax>66</xmax><ymax>9</ymax></bndbox></object><object><name>proposal</name><bndbox><xmin>26</xmin><ymin>365</ymin><xmax>36</xmax><ymax>35</ymax></bndbox></object><object><name>proposal</name><bndbox><xmin>88</xmin><ymin>0</ymin><xmax>212</xmax><ymax>49</ymax></bndbox></object><object><name>proposal</name><bndbox><xmin>273</xmin><ymin>63</ymin><xmax>27</xmax><ymax>10</ymax></bndbox></object><object><name>proposal</name><bndbox><xmin>151</xmin><ymin>332</ymin><xmax>18</xmax><ymax>21</ymax></bndbox></object><object><name>proposal</name><bndbox><xmin>0</xmin><ymin>0</ymin><xmax>118</xmax><ymax>31</ymax></bndbox></object><object><name>proposal</name><bndbox><xmin>97</xmin><ymin>0</ymin><xmax>91</xmax><ymax>7</ymax></bndbox></object><object><name>proposal</name><bndbox><xmin>224</xmin><ymin>321</ymin><xmax>13</xmax><ymax>16</ymax></bndbox></object><object><name>proposal</name><bndbox><xmin>21</xmin><ymin>361</ymin><xmax>40</xmax><ymax>39</ymax></bndbox></object><object><name>proposal</name><bndbox><xmin>46</xmin><ymin>317</ymin><xmax>137</xmax><ymax>83</ymax></bndbox></object><object><name>proposal</name><bndbox><xmin>191</xmin><ymin>57</ymin><xmax>109</xmax><ymax>22</ymax></bndbox></object><object><name>proposal</name><bndbox><xmin>187</xmin><ymin>0</ymin><xmax>113</xmax><ymax>9</ymax></bndbox></object><object><name>proposal</name><bndbox><xmin>216</xmin><ymin>317</ymin><xmax>17</xmax><ymax>22</ymax></bndbox></object><object><name>proposal</name><bndbox><xmin>0</xmin><ymin>62</ymin><xmax>269</xmax><ymax>256</ymax></bndbox></object><object><name>proposal</name><bndbox><xmin>0</xmin><ymin>192</ymin><xmax>181</xmax><ymax>208</ymax></bndbox></object><object><name>proposal</name><bndbox><xmin>0</xmin><ymin>233</ymin><xmax>121</xmax><ymax>154</ymax></bndbox></object><object><name>proposal</name><bndbox><xmin>0</xmin><ymin>319</ymin><xmax>21</xmax><ymax>60</ymax></bndbox></object><object><name>proposal</name><bndbox><xmin>0</xmin><ymin>319</ymin><xmax>39</xmax><ymax>81</ymax></bndbox></object><object><name>proposal</name><bndbox><xmin>47</xmin><ymin>260</ymin><xmax>14</xmax><ymax>20</ymax></bndbox></object><object><name>proposal</name><bndbox><xmin>0</xmin><ymin>250</ymin><xmax>61</xmax><ymax>75</ymax></bndbox></object><object><name>proposal</name><bndbox><xmin>191</xmin><ymin>61</ymin><xmax>78</xmax><ymax>17</ymax></bndbox></object><object><name>proposal</name><bndbox><xmin>46</xmin><ymin>83</ymin><xmax>39</xmax><ymax>14</ymax></bndbox></object><object><name>proposal</name><bndbox><xmin>0</xmin><ymin>59</ymin><xmax>300</xmax><ymax>42</ymax></bndbox></object><object><name>proposal</name><bndbox><xmin>17</xmin><ymin>283</ymin><xmax>23</xmax><ymax>14</ymax></bndbox></object><object><name>proposal</name><bndbox><xmin>100</xmin><ymin>325</ymin><xmax>80</xmax><ymax>75</ymax></bndbox></object><object><name>proposal</name><bndbox><xmin>281</xmin><ymin>63</ymin><xmax>19</xmax><ymax>9</ymax></bndbox></object><object><name>proposal</name><bndbox><xmin>0</xmin><ymin>174</ymin><xmax>300</xmax><ymax>226</ymax></bndbox></object><object><name>proposal</name><bndbox><xmin>104</xmin><ymin>74</ymin><xmax>66</xmax><ymax>12</ymax></bndbox></object><object><name>proposal</name><bndbox><xmin>130</xmin><ymin>272</ymin><xmax>27</xmax><ymax>35</ymax></bndbox></object><object><name>proposal</name><bndbox><xmin>115</xmin><ymin>219</ymin><xmax>43</xmax><ymax>24</ymax></bndbox></object><object><name>proposal</name><bndbox><xmin>87</xmin><ymin>69</ymin><xmax>72</xmax><ymax>17</ymax></bndbox></object><object><name>proposal</name><bndbox><xmin>193</xmin><ymin>57</ymin><xmax>107</xmax><ymax>18</ymax></bndbox></object><object><name>proposal</name><bndbox><xmin>118</xmin><ymin>59</ymin><xmax>75</xmax><ymax>26</ymax></bndbox></object><object><name>proposal</name><bndbox><xmin>0</xmin><ymin>0</ymin><xmax>300</xmax><ymax>93</ymax></bndbox></object><object><name>proposal</name><bndbox><xmin>0</xmin><ymin>205</ymin><xmax>134</xmax><ymax>195</ymax></bndbox></object><object><name>proposal</name><bndbox><xmin>15</xmin><ymin>109</ymin><xmax>14</xmax><ymax>17</ymax></bndbox></object><object><name>proposal</name><bndbox><xmin>128</xmin><ymin>74</ymin><xmax>31</xmax><ymax>11</ymax></bndbox></object><object><name>proposal</name><bndbox><xmin>46</xmin><ymin>51</ymin><xmax>153</xmax><ymax>46</ymax></bndbox></object><object><name>proposal</name><bndbox><xmin>187</xmin><ymin>0</ymin><xmax>113</xmax><ymax>12</ymax></bndbox></object><object><name>proposal</name><bndbox><xmin>0</xmin><ymin>0</ymin><xmax>300</xmax><ymax>207</ymax></bndbox></object><object><name>proposal</name><bndbox><xmin>194</xmin><ymin>377</ymin><xmax>26</xmax><ymax>23</ymax></bndbox></object><object><name>proposal</name><bndbox><xmin>0</xmin><ymin>17</ymin><xmax>100</xmax><ymax>27</ymax></bndbox></object><object><name>proposal</name><bndbox><xmin>137</xmin><ymin>189</ymin><xmax>15</xmax><ymax>26</ymax></bndbox></object><object><name>proposal</name><bndbox><xmin>149</xmin><ymin>67</ymin><xmax>44</xmax><ymax>15</ymax></bndbox></object><object><name>proposal</name><bndbox><xmin>112</xmin><ymin>372</ymin><xmax>11</xmax><ymax>21</ymax></bndbox></object><object><name>proposal</name><bndbox><xmin>76</xmin><ymin>35</ymin><xmax>224</xmax><ymax>51</ymax></bndbox></object><object><name>proposal</name><bndbox><xmin>105</xmin><ymin>5</ymin><xmax>195</xmax><ymax>44</ymax></bndbox></object><object><name>proposal</name><bndbox><xmin>0</xmin><ymin>57</ymin><xmax>300</xmax><ymax>44</ymax></bndbox></object><object><name>proposal</name><bndbox><xmin>0</xmin><ymin>319</ymin><xmax>61</xmax><ymax>81</ymax></bndbox></object><object><name>proposal</name><bndbox><xmin>17</xmin><ymin>342</ymin><xmax>28</xmax><ymax>45</ymax></bndbox></object><object><name>proposal</name><bndbox><xmin>0</xmin><ymin>61</ymin><xmax>300</xmax><ymax>339</ymax></bndbox></object><object><name>proposal</name><bndbox><xmin>61</xmin><ymin>319</ymin><xmax>60</xmax><ymax>50</ymax></bndbox></object><object><name>proposal</name><bndbox><xmin>147</xmin><ymin>67</ymin><xmax>38</xmax><ymax>15</ymax></bndbox></object><object><name>proposal</name><bndbox><xmin>130</xmin><ymin>321</ymin><xmax>50</xmax><ymax>21</ymax></bndbox></object><object><name>proposal</name><bndbox><xmin>163</xmin><ymin>171</ymin><xmax>17</xmax><ymax>13</ymax></bndbox></object><object><name>proposal</name><bndbox><xmin>142</xmin><ymin>204</ymin><xmax>29</xmax><ymax>14</ymax></bndbox></object><object><name>proposal</name><bndbox><xmin>88</xmin><ymin>21</ymin><xmax>62</xmax><ymax>5</ymax></bndbox></object><object><name>proposal</name><bndbox><xmin>140</xmin><ymin>186</ymin><xmax>39</xmax><ymax>27</ymax></bndbox></object><object><name>proposal</name><bndbox><xmin>94</xmin><ymin>70</ymin><xmax>65</xmax><ymax>16</ymax></bndbox></object><object><name>proposal</name><bndbox><xmin>0</xmin><ymin>342</ymin><xmax>39</xmax><ymax>58</ymax></bndbox></object><object><name>proposal</name><bndbox><xmin>157</xmin><ymin>359</ymin><xmax>13</xmax><ymax>20</ymax></bndbox></object><object><name>proposal</name><bndbox><xmin>0</xmin><ymin>17</ymin><xmax>34</xmax><ymax>16</ymax></bndbox></object><object><name>proposal</name><bndbox><xmin>138</xmin><ymin>299</ymin><xmax>43</xmax><ymax>41</ymax></bndbox></object><object><name>proposal</name><bndbox><xmin>0</xmin><ymin>22</ymin><xmax>265</xmax><ymax>70</ymax></bndbox></object><object><name>proposal</name><bndbox><xmin>115</xmin><ymin>67</ymin><xmax>44</xmax><ymax>18</ymax></bndbox></object><object><name>proposal</name><bndbox><xmin>21</xmin><ymin>359</ymin><xmax>25</xmax><ymax>26</ymax></bndbox></object><object><name>proposal</name><bndbox><xmin>141</xmin><ymin>190</ymin><xmax>30</xmax><ymax>25</ymax></bndbox></object><object><name>proposal</name><bndbox><xmin>157</xmin><ymin>67</ymin><xmax>27</xmax><ymax>10</ymax></bndbox></object><object><name>proposal</name><bndbox><xmin>3</xmin><ymin>314</ymin><xmax>180</xmax><ymax>86</ymax></bndbox></object><object><name>proposal</name><bndbox><xmin>0</xmin><ymin>319</ymin><xmax>62</xmax><ymax>81</ymax></bndbox></object><object><name>proposal</name><bndbox><xmin>0</xmin><ymin>192</ymin><xmax>180</xmax><ymax>208</ymax></bndbox></object><object><name>proposal</name><bndbox><xmin>151</xmin><ymin>332</ymin><xmax>18</xmax><ymax>22</ymax></bndbox></object><object><name>proposal</name><bndbox><xmin>31</xmin><ymin>291</ymin><xmax>150</xmax><ymax>78</ymax></bndbox></object><object><name>proposal</name><bndbox><xmin>25</xmin><ymin>257</ymin><xmax>74</xmax><ymax>75</ymax></bndbox></object><object><name>proposal</name><bndbox><xmin>183</xmin><ymin>310</ymin><xmax>23</xmax><ymax>10</ymax></bndbox></object><object><name>proposal</name><bndbox><xmin>0</xmin><ymin>0</ymin><xmax>300</xmax><ymax>47</ymax></bndbox></object><object><name>proposal</name><bndbox><xmin>0</xmin><ymin>257</ymin><xmax>183</xmax><ymax>143</ymax></bndbox></object><object><name>proposal</name><bndbox><xmin>0</xmin><ymin>59</ymin><xmax>300</xmax><ymax>84</ymax></bndbox></object><object><name>proposal</name><bndbox><xmin>31</xmin><ymin>291</ymin><xmax>228</xmax><ymax>109</ymax></bndbox></object><object><name>proposal</name><bndbox><xmin>0</xmin><ymin>187</ymin><xmax>108</xmax><ymax>206</ymax></bndbox></object><object><name>proposal</name><bndbox><xmin>50</xmin><ymin>197</ymin><xmax>20</xmax><ymax>14</ymax></bndbox></object><object><name>proposal</name><bndbox><xmin>159</xmin><ymin>328</ymin><xmax>24</xmax><ymax>34</ymax></bndbox></object><object><name>proposal</name><bndbox><xmin>61</xmin><ymin>263</ymin><xmax>17</xmax><ymax>14</ymax></bndbox></object><object><name>proposal</name><bndbox><xmin>137</xmin><ymin>189</ymin><xmax>25</xmax><ymax>29</ymax></bndbox></object><object><name>proposal</name><bndbox><xmin>139</xmin><ymin>171</ymin><xmax>78</xmax><ymax>55</ymax></bndbox></object><object><name>proposal</name><bndbox><xmin>0</xmin><ymin>0</ymin><xmax>115</xmax><ymax>31</ymax></bndbox></object><object><name>proposal</name><bndbox><xmin>31</xmin><ymin>291</ymin><xmax>145</xmax><ymax>61</ymax></bndbox></object><object><name>proposal</name><bndbox><xmin>0</xmin><ymin>319</ymin><xmax>9</xmax><ymax>20</ymax></bndbox></object><object><name>proposal</name><bndbox><xmin>0</xmin><ymin>345</ymin><xmax>46</xmax><ymax>55</ymax></bndbox></object><object><name>proposal</name><bndbox><xmin>141</xmin><ymin>190</ymin><xmax>30</xmax><ymax>28</ymax></bndbox></object><object><name>proposal</name><bndbox><xmin>61</xmin><ymin>263</ymin><xmax>17</xmax><ymax>17</ymax></bndbox></object><object><name>proposal</name><bndbox><xmin>0</xmin><ymin>0</ymin><xmax>118</xmax><ymax>44</ymax></bndbox></object><object><name>proposal</name><bndbox><xmin>55</xmin><ymin>193</ymin><xmax>18</xmax><ymax>19</ymax></bndbox></object><object><name>proposal</name><bndbox><xmin>140</xmin><ymin>190</ymin><xmax>42</xmax><ymax>26</ymax></bndbox></object><object><name>proposal</name><bndbox><xmin>104</xmin><ymin>59</ymin><xmax>55</xmax><ymax>28</ymax></bndbox></object><object><name>proposal</name><bndbox><xmin>261</xmin><ymin>0</ymin><xmax>39</xmax><ymax>7</ymax></bndbox></object><object><name>proposal</name><bndbox><xmin>82</xmin><ymin>0</ymin><xmax>78</xmax><ymax>7</ymax></bndbox></object><object><name>proposal</name><bndbox><xmin>64</xmin><ymin>162</ymin><xmax>236</xmax><ymax>238</ymax></bndbox></object><object><name>proposal</name><bndbox><xmin>84</xmin><ymin>295</ymin><xmax>15</xmax><ymax>20</ymax></bndbox></object><object><name>proposal</name><bndbox><xmin>141</xmin><ymin>191</ymin><xmax>32</xmax><ymax>24</ymax></bndbox></object><object><name>proposal</name><bndbox><xmin>140</xmin><ymin>186</ymin><xmax>37</xmax><ymax>28</ymax></bndbox></object><object><name>proposal</name><bndbox><xmin>47</xmin><ymin>87</ymin><xmax>33</xmax><ymax>10</ymax></bndbox></object><object><name>proposal</name><bndbox><xmin>92</xmin><ymin>59</ymin><xmax>208</xmax><ymax>28</ymax></bndbox></object><object><name>proposal</name><bndbox><xmin>93</xmin><ymin>383</ymin><xmax>20</xmax><ymax>17</ymax></bndbox></object><object><name>proposal</name><bndbox><xmin>37</xmin><ymin>81</ymin><xmax>26</xmax><ymax>20</ymax></bndbox></object><object><name>proposal</name><bndbox><xmin>27</xmin><ymin>64</ymin><xmax>132</xmax><ymax>29</ymax></bndbox></object><object><name>proposal</name><bndbox><xmin>27</xmin><ymin>59</ymin><xmax>129</xmax><ymax>34</ymax></bndbox></object><object><name>proposal</name><bndbox><xmin>50</xmin><ymin>195</ymin><xmax>20</xmax><ymax>17</ymax></bndbox></object><object><name>proposal</name><bndbox><xmin>0</xmin><ymin>361</ymin><xmax>62</xmax><ymax>39</ymax></bndbox></object><object><name>proposal</name><bndbox><xmin>165</xmin><ymin>5</ymin><xmax>135</xmax><ymax>71</ymax></bndbox></object><object><name>proposal</name><bndbox><xmin>141</xmin><ymin>190</ymin><xmax>35</xmax><ymax>22</ymax></bndbox></object><object><name>proposal</name><bndbox><xmin>26</xmin><ymin>365</ymin><xmax>115</xmax><ymax>35</ymax></bndbox></object><object><name>proposal</name><bndbox><xmin>61</xmin><ymin>319</ymin><xmax>67</xmax><ymax>50</ymax></bndbox></object><object><name>proposal</name><bndbox><xmin>144</xmin><ymin>206</ymin><xmax>18</xmax><ymax>12</ymax></bndbox></object><object><name>proposal</name><bndbox><xmin>83</xmin><ymin>366</ymin><xmax>58</xmax><ymax>34</ymax></bndbox></object><object><name>proposal</name><bndbox><xmin>0</xmin><ymin>25</ymin><xmax>37</xmax><ymax>22</ymax></bndbox></object><object><name>proposal</name><bndbox><xmin>149</xmin><ymin>57</ymin><xmax>151</xmax><ymax>25</ymax></bndbox></object><object><name>proposal</name><bndbox><xmin>137</xmin><ymin>178</ymin><xmax>42</xmax><ymax>43</ymax></bndbox></object><object><name>proposal</name><bndbox><xmin>26</xmin><ymin>365</ymin><xmax>63</xmax><ymax>35</ymax></bndbox></object><object><name>proposal</name><bndbox><xmin>257</xmin><ymin>35</ymin><xmax>43</xmax><ymax>38</ymax></bndbox></object><object><name>proposal</name><bndbox><xmin>75</xmin><ymin>361</ymin><xmax>50</xmax><ymax>39</ymax></bndbox></object><object><name>proposal</name><bndbox><xmin>53</xmin><ymin>86</ymin><xmax>59</xmax><ymax>46</ymax></bndbox></object><object><name>proposal</name><bndbox><xmin>5</xmin><ymin>38</ymin><xmax>32</xmax><ymax>8</ymax></bndbox></object><object><name>proposal</name><bndbox><xmin>139</xmin><ymin>186</ymin><xmax>38</xmax><ymax>32</ymax></bndbox></object><object><name>proposal</name><bndbox><xmin>91</xmin><ymin>5</ymin><xmax>209</xmax><ymax>51</ymax></bndbox></object><object><name>proposal</name><bndbox><xmin>0</xmin><ymin>233</ymin><xmax>76</xmax><ymax>99</ymax></bndbox></object><object><name>proposal</name><bndbox><xmin>0</xmin><ymin>342</ymin><xmax>45</xmax><ymax>58</ymax></bndbox></object><object><name>proposal</name><bndbox><xmin>137</xmin><ymin>174</ymin><xmax>40</xmax><ymax>44</ymax></bndbox></object><object><name>proposal</name><bndbox><xmin>88</xmin><ymin>0</ymin><xmax>135</xmax><ymax>9</ymax></bndbox></object><object><name>proposal</name><bndbox><xmin>0</xmin><ymin>358</ymin><xmax>16</xmax><ymax>19</ymax></bndbox></object><object><name>proposal</name><bndbox><xmin>0</xmin><ymin>0</ymin><xmax>61</xmax><ymax>6</ymax></bndbox></object><object><name>proposal</name><bndbox><xmin>21</xmin><ymin>361</ymin><xmax>34</xmax><ymax>39</ymax></bndbox></object><object><name>proposal</name><bndbox><xmin>158</xmin><ymin>172</ymin><xmax>27</xmax><ymax>33</ymax></bndbox></object><object><name>proposal</name><bndbox><xmin>76</xmin><ymin>72</ymin><xmax>53</xmax><ymax>16</ymax></bndbox></object><object><name>proposal</name><bndbox><xmin>50</xmin><ymin>80</ymin><xmax>65</xmax><ymax>52</ymax></bndbox></object><object><name>proposal</name><bndbox><xmin>0</xmin><ymin>61</ymin><xmax>8</xmax><ymax>21</ymax></bndbox></object><object><name>proposal</name><bndbox><xmin>0</xmin><ymin>61</ymin><xmax>239</xmax><ymax>40</ymax></bndbox></object><object><name>proposal</name><bndbox><xmin>112</xmin><ymin>83</ymin><xmax>31</xmax><ymax>20</ymax></bndbox></object><object><name>proposal</name><bndbox><xmin>17</xmin><ymin>342</ymin><xmax>22</xmax><ymax>41</ymax></bndbox></object><object><name>proposal</name><bndbox><xmin>215</xmin><ymin>35</ymin><xmax>85</xmax><ymax>39</ymax></bndbox></object><object><name>proposal</name><bndbox><xmin>141</xmin><ymin>186</ymin><xmax>41</xmax><ymax>30</ymax></bndbox></object><object><name>proposal</name><bndbox><xmin>88</xmin><ymin>0</ymin><xmax>135</xmax><ymax>43</ymax></bndbox></object><object><name>proposal</name><bndbox><xmin>55</xmin><ymin>216</ymin><xmax>18</xmax><ymax>17</ymax></bndbox></object><object><name>proposal</name><bndbox><xmin>97</xmin><ymin>0</ymin><xmax>203</xmax><ymax>12</ymax></bndbox></object><object><name>proposal</name><bndbox><xmin>0</xmin><ymin>66</ymin><xmax>300</xmax><ymax>334</ymax></bndbox></object><object><name>proposal</name><bndbox><xmin>159</xmin><ymin>204</ymin><xmax>12</xmax><ymax>14</ymax></bndbox></object><object><name>proposal</name><bndbox><xmin>140</xmin><ymin>190</ymin><xmax>20</xmax><ymax>25</ymax></bndbox></object><object><name>proposal</name><bndbox><xmin>103</xmin><ymin>59</ymin><xmax>35</xmax><ymax>18</ymax></bndbox></object><object><name>proposal</name><bndbox><xmin>0</xmin><ymin>73</ymin><xmax>115</xmax><ymax>42</ymax></bndbox></object><object><name>proposal</name><bndbox><xmin>0</xmin><ymin>281</ymin><xmax>40</xmax><ymax>23</ymax></bndbox></object><object><name>proposal</name><bndbox><xmin>0</xmin><ymin>233</ymin><xmax>183</xmax><ymax>167</ymax></bndbox></object><object><name>proposal</name><bndbox><xmin>95</xmin><ymin>59</ymin><xmax>38</xmax><ymax>17</ymax></bndbox></object><object><name>proposal</name><bndbox><xmin>0</xmin><ymin>233</ymin><xmax>76</xmax><ymax>167</ymax></bndbox></object><object><name>proposal</name><bndbox><xmin>175</xmin><ymin>0</ymin><xmax>48</xmax><ymax>7</ymax></bndbox></object><object><name>proposal</name><bndbox><xmin>120</xmin><ymin>48</ymin><xmax>180</xmax><ymax>40</ymax></bndbox></object><object><name>proposal</name><bndbox><xmin>32</xmin><ymin>299</ymin><xmax>148</xmax><ymax>70</ymax></bndbox></object><object><name>proposal</name><bndbox><xmin>224</xmin><ymin>321</ymin><xmax>17</xmax><ymax>18</ymax></bndbox></object><object><name>proposal</name><bndbox><xmin>61</xmin><ymin>319</ymin><xmax>60</xmax><ymax>40</ymax></bndbox></object><object><name>proposal</name><bndbox><xmin>140</xmin><ymin>186</ymin><xmax>42</xmax><ymax>32</ymax></bndbox></object><object><name>proposal</name><bndbox><xmin>0</xmin><ymin>233</ymin><xmax>26</xmax><ymax>44</ymax></bndbox></object><object><name>proposal</name><bndbox><xmin>240</xmin><ymin>6</ymin><xmax>60</xmax><ymax>16</ymax></bndbox></object><object><name>proposal</name><bndbox><xmin>0</xmin><ymin>187</ymin><xmax>106</xmax><ymax>92</ymax></bndbox></object><object><name>proposal</name><bndbox><xmin>0</xmin><ymin>192</ymin><xmax>140</xmax><ymax>208</ymax></bndbox></object><object><name>proposal</name><bndbox><xmin>85</xmin><ymin>134</ymin><xmax>19</xmax><ymax>11</ymax></bndbox></object><object><name>proposal</name><bndbox><xmin>58</xmin><ymin>86</ymin><xmax>46</xmax><ymax>11</ymax></bndbox></object><object><name>proposal</name><bndbox><xmin>113</xmin><ymin>219</ymin><xmax>187</xmax><ymax>181</ymax></bndbox></object><object><name>proposal</name><bndbox><xmin>0</xmin><ymin>360</ymin><xmax>45</xmax><ymax>40</ymax></bndbox></object><object><name>proposal</name><bndbox><xmin>0</xmin><ymin>233</ymin><xmax>61</xmax><ymax>85</ymax></bndbox></object><object><name>proposal</name><bndbox><xmin>62</xmin><ymin>263</ymin><xmax>16</xmax><ymax>21</ymax></bndbox></object><object><name>proposal</name><bndbox><xmin>0</xmin><ymin>67</ymin><xmax>131</xmax><ymax>65</ymax></bndbox></object><object><name>proposal</name><bndbox><xmin>139</xmin><ymin>186</ymin><xmax>40</xmax><ymax>32</ymax></bndbox></object><object><name>proposal</name><bndbox><xmin>0</xmin><ymin>0</ymin><xmax>300</xmax><ymax>95</ymax></bndbox></object><object><name>proposal</name><bndbox><xmin>178</xmin><ymin>282</ymin><xmax>75</xmax><ymax>55</ymax></bndbox></object><object><name>proposal</name><bndbox><xmin>35</xmin><ymin>22</ymin><xmax>50</xmax><ymax>6</ymax></bndbox></object><object><name>proposal</name><bndbox><xmin>0</xmin><ymin>151</ymin><xmax>100</xmax><ymax>153</ymax></bndbox></object><object><name>proposal</name><bndbox><xmin>88</xmin><ymin>0</ymin><xmax>212</xmax><ymax>23</ymax></bndbox></object><object><name>proposal</name><bndbox><xmin>33</xmin><ymin>260</ymin><xmax>28</xmax><ymax>23</ymax></bndbox></object><object><name>proposal</name><bndbox><xmin>117</xmin><ymin>169</ymin><xmax>68</xmax><ymax>48</ymax></bndbox></object><object><name>proposal</name><bndbox><xmin>143</xmin><ymin>74</ymin><xmax>27</xmax><ymax>10</ymax></bndbox></object><object><name>proposal</name><bndbox><xmin>61</xmin><ymin>257</ymin><xmax>24</xmax><ymax>20</ymax></bndbox></object><object><name>proposal</name><bndbox><xmin>123</xmin><ymin>380</ymin><xmax>18</xmax><ymax>18</ymax></bndbox></object><object><name>proposal</name><bndbox><xmin>21</xmin><ymin>360</ymin><xmax>25</xmax><ymax>23</ymax></bndbox></object><object><name>proposal</name><bndbox><xmin>215</xmin><ymin>35</ymin><xmax>85</xmax><ymax>36</ymax></bndbox></object><object><name>proposal</name><bndbox><xmin>140</xmin><ymin>186</ymin><xmax>42</xmax><ymax>30</ymax></bndbox></object><object><name>proposal</name><bndbox><xmin>0</xmin><ymin>0</ymin><xmax>300</xmax><ymax>77</ymax></bndbox></object><object><name>proposal</name><bndbox><xmin>0</xmin><ymin>287</ymin><xmax>37</xmax><ymax>38</ymax></bndbox></object><object><name>proposal</name><bndbox><xmin>163</xmin><ymin>171</ymin><xmax>18</xmax><ymax>17</ymax></bndbox></object><object><name>proposal</name><bndbox><xmin>141</xmin><ymin>171</ymin><xmax>41</xmax><ymax>41</ymax></bndbox></object><object><name>proposal</name><bndbox><xmin>0</xmin><ymin>358</ymin><xmax>16</xmax><ymax>22</ymax></bndbox></object><object><name>proposal</name><bndbox><xmin>158</xmin><ymin>162</ymin><xmax>64</xmax><ymax>90</ymax></bndbox></object><object><name>proposal</name><bndbox><xmin>31</xmin><ymin>303</ymin><xmax>145</xmax><ymax>52</ymax></bndbox></object><object><name>proposal</name><bndbox><xmin>62</xmin><ymin>341</ymin><xmax>23</xmax><ymax>35</ymax></bndbox></object><object><name>proposal</name><bndbox><xmin>112</xmin><ymin>377</ymin><xmax>11</xmax><ymax>16</ymax></bndbox></object><object><name>proposal</name><bndbox><xmin>88</xmin><ymin>0</ymin><xmax>179</xmax><ymax>12</ymax></bndbox></object><object><name>proposal</name><bndbox><xmin>0</xmin><ymin>0</ymin><xmax>300</xmax><ymax>206</ymax></bndbox></object><object><name>proposal</name><bndbox><xmin>32</xmin><ymin>299</ymin><xmax>144</xmax><ymax>59</ymax></bndbox></object><object><name>proposal</name><bndbox><xmin>0</xmin><ymin>0</ymin><xmax>209</xmax><ymax>45</ymax></bndbox></object><object><name>proposal</name><bndbox><xmin>76</xmin><ymin>51</ymin><xmax>123</xmax><ymax>37</ymax></bndbox></object><object><name>proposal</name><bndbox><xmin>159</xmin><ymin>65</ymin><xmax>55</xmax><ymax>17</ymax></bndbox></object><object><name>proposal</name><bndbox><xmin>138</xmin><ymin>186</ymin><xmax>44</xmax><ymax>32</ymax></bndbox></object><object><name>proposal</name><bndbox><xmin>0</xmin><ymin>362</ymin><xmax>62</xmax><ymax>38</ymax></bndbox></object><object><name>proposal</name><bndbox><xmin>0</xmin><ymin>192</ymin><xmax>83</xmax><ymax>208</ymax></bndbox></object><object><name>proposal</name><bndbox><xmin>27</xmin><ymin>64</ymin><xmax>132</xmax><ymax>32</ymax></bndbox></object><object><name>proposal</name><bndbox><xmin>88</xmin><ymin>5</ymin><xmax>111</xmax><ymax>38</ymax></bndbox></object><object><name>proposal</name><bndbox><xmin>83</xmin><ymin>366</ymin><xmax>50</xmax><ymax>34</ymax></bndbox></object><object><name>proposal</name><bndbox><xmin>88</xmin><ymin>20</ymin><xmax>66</xmax><ymax>6</ymax></bndbox></object><object><name>proposal</name><bndbox><xmin>0</xmin><ymin>61</ymin><xmax>116</xmax><ymax>32</ymax></bndbox></object><object><name>proposal</name><bndbox><xmin>46</xmin><ymin>72</ymin><xmax>83</xmax><ymax>25</ymax></bndbox></object><object><name>proposal</name><bndbox><xmin>141</xmin><ymin>190</ymin><xmax>35</xmax><ymax>28</ymax></bndbox></object><object><name>proposal</name><bndbox><xmin>0</xmin><ymin>0</ymin><xmax>300</xmax><ymax>241</ymax></bndbox></object><object><name>proposal</name><bndbox><xmin>0</xmin><ymin>193</ymin><xmax>183</xmax><ymax>207</ymax></bndbox></object><object><name>proposal</name><bndbox><xmin>126</xmin><ymin>173</ymin><xmax>56</xmax><ymax>48</ymax></bndbox></object><object><name>proposal</name><bndbox><xmin>95</xmin><ymin>51</ymin><xmax>71</xmax><ymax>25</ymax></bndbox></object><object><name>proposal</name><bndbox><xmin>94</xmin><ymin>67</ymin><xmax>81</xmax><ymax>20</ymax></bndbox></object><object><name>proposal</name><bndbox><xmin>144</xmin><ymin>176</ymin><xmax>73</xmax><ymax>50</ymax></bndbox></object><object><name>proposal</name><bndbox><xmin>0</xmin><ymin>233</ymin><xmax>63</xmax><ymax>167</ymax></bndbox></object><object><name>proposal</name><bndbox><xmin>160</xmin><ymin>363</ymin><xmax>14</xmax><ymax>16</ymax></bndbox></object><object><name>proposal</name><bndbox><xmin>0</xmin><ymin>192</ymin><xmax>183</xmax><ymax>208</ymax></bndbox></object><object><name>proposal</name><bndbox><xmin>76</xmin><ymin>62</ymin><xmax>193</xmax><ymax>24</ymax></bndbox></object><object><name>proposal</name><bndbox><xmin>67</xmin><ymin>351</ymin><xmax>18</xmax><ymax>25</ymax></bndbox></object><object><name>proposal</name><bndbox><xmin>104</xmin><ymin>75</ymin><xmax>25</xmax><ymax>11</ymax></bndbox></object><object><name>proposal</name><bndbox><xmin>131</xmin><ymin>175</ymin><xmax>42</xmax><ymax>42</ymax></bndbox></object><object><name>proposal</name><bndbox><xmin>137</xmin><ymin>189</ymin><xmax>15</xmax><ymax>22</ymax></bndbox></object><object><name>proposal</name><bndbox><xmin>217</xmin><ymin>0</ymin><xmax>83</xmax><ymax>23</ymax></bndbox></object><object><name>proposal</name><bndbox><xmin>53</xmin><ymin>5</ymin><xmax>247</xmax><ymax>127</ymax></bndbox></object><object><name>proposal</name><bndbox><xmin>205</xmin><ymin>200</ymin><xmax>12</xmax><ymax>22</ymax></bndbox></object><object><name>proposal</name><bndbox><xmin>194</xmin><ymin>386</ymin><xmax>17</xmax><ymax>14</ymax></bndbox></object><object><name>proposal</name><bndbox><xmin>0</xmin><ymin>67</ymin><xmax>235</xmax><ymax>34</ymax></bndbox></object><object><name>proposal</name><bndbox><xmin>6</xmin><ymin>211</ymin><xmax>75</xmax><ymax>60</ymax></bndbox></object><object><name>proposal</name><bndbox><xmin>31</xmin><ymin>370</ymin><xmax>14</xmax><ymax>17</ymax></bndbox></object><object><name>proposal</name><bndbox><xmin>47</xmin><ymin>174</ymin><xmax>253</xmax><ymax>226</ymax></bndbox></object><object><name>proposal</name><bndbox><xmin>37</xmin><ymin>51</ymin><xmax>133</xmax><ymax>55</ymax></bndbox></object><object><name>proposal</name><bndbox><xmin>0</xmin><ymin>0</ymin><xmax>300</xmax><ymax>132</ymax></bndbox></object><object><name>proposal</name><bndbox><xmin>140</xmin><ymin>187</ymin><xmax>33</xmax><ymax>30</ymax></bndbox></object><object><name>proposal</name><bndbox><xmin>97</xmin><ymin>0</ymin><xmax>203</xmax><ymax>9</ymax></bndbox></object><object><name>proposal</name><bndbox><xmin>87</xmin><ymin>67</ymin><xmax>98</xmax><ymax>19</ymax></bndbox></object><object><name>proposal</name><bndbox><xmin>112</xmin><ymin>75</ymin><xmax>188</xmax><ymax>68</ymax></bndbox></object><object><name>proposal</name><bndbox><xmin>142</xmin><ymin>203</ymin><xmax>29</xmax><ymax>15</ymax></bndbox></object><object><name>proposal</name><bndbox><xmin>25</xmin><ymin>25</ymin><xmax>75</xmax><ymax>18</ymax></bndbox></object><object><name>proposal</name><bndbox><xmin>183</xmin><ymin>191</ymin><xmax>24</xmax><ymax>15</ymax></bndbox></object><object><name>proposal</name><bndbox><xmin>0</xmin><ymin>187</ymin><xmax>128</xmax><ymax>164</ymax></bndbox></object><object><name>proposal</name><bndbox><xmin>110</xmin><ymin>165</ymin><xmax>61</xmax><ymax>53</ymax></bndbox></object><object><name>proposal</name><bndbox><xmin>159</xmin><ymin>35</ymin><xmax>141</xmax><ymax>53</ymax></bndbox></object><object><name>proposal</name><bndbox><xmin>51</xmin><ymin>317</ymin><xmax>208</xmax><ymax>83</ymax></bndbox></object><object><name>proposal</name><bndbox><xmin>140</xmin><ymin>172</ymin><xmax>45</xmax><ymax>45</ymax></bndbox></object><object><name>proposal</name><bndbox><xmin>27</xmin><ymin>71</ymin><xmax>132</xmax><ymax>22</ymax></bndbox></object><object><name>proposal</name><bndbox><xmin>92</xmin><ymin>59</ymin><xmax>208</xmax><ymax>44</ymax></bndbox></object><object><name>proposal</name><bndbox><xmin>0</xmin><ymin>199</ymin><xmax>183</xmax><ymax>201</ymax></bndbox></object><object><name>proposal</name><bndbox><xmin>0</xmin><ymin>151</ymin><xmax>94</xmax><ymax>95</ymax></bndbox></object><object><name>proposal</name><bndbox><xmin>75</xmin><ymin>282</ymin><xmax>17</xmax><ymax>19</ymax></bndbox></object><object><name>proposal</name><bndbox><xmin>113</xmin><ymin>238</ymin><xmax>187</xmax><ymax>162</ymax></bndbox></object><object><name>proposal</name><bndbox><xmin>118</xmin><ymin>59</ymin><xmax>41</xmax><ymax>26</ymax></bndbox></object><object><name>proposal</name><bndbox><xmin>64</xmin><ymin>207</ymin><xmax>236</xmax><ymax>193</ymax></bndbox></object><object><name>proposal</name><bndbox><xmin>0</xmin><ymin>187</ymin><xmax>106</xmax><ymax>145</ymax></bndbox></object></annotation>