<annotation><folder>Proposals</folder><filename>img-343.jpg</filename><size><width>540</width><height>300</height><depth>3</depth></size><object><name>proposal</name><bndbox><xmin>0</xmin><ymin>328</ymin><xmax>557</xmax><ymax>215</ymax></bndbox></object><object><name>proposal</name><bndbox><xmin>489</xmin><ymin>523</ymin><xmax>311</xmax><ymax>277</ymax></bndbox></object><object><name>proposal</name><bndbox><xmin>376</xmin><ymin>465</ymin><xmax>424</xmax><ymax>335</ymax></bndbox></object><object><name>proposal</name><bndbox><xmin>0</xmin><ymin>46</ymin><xmax>800</xmax><ymax>557</ymax></bndbox></object><object><name>proposal</name><bndbox><xmin>285</xmin><ymin>438</ymin><xmax>484</xmax><ymax>362</ymax></bndbox></object><object><name>proposal</name><bndbox><xmin>0</xmin><ymin>265</ymin><xmax>800</xmax><ymax>329</ymax></bndbox></object><object><name>proposal</name><bndbox><xmin>261</xmin><ymin>507</ymin><xmax>273</xmax><ymax>293</ymax></bndbox></object><object><name>proposal</name><bndbox><xmin>560</xmin><ymin>364</ymin><xmax>240</xmax><ymax>436</ymax></bndbox></object><object><name>proposal</name><bndbox><xmin>81</xmin><ymin>319</ymin><xmax>719</xmax><ymax>481</ymax></bndbox></object><object><name>proposal</name><bndbox><xmin>0</xmin><ymin>547</ymin><xmax>316</xmax><ymax>253</ymax></bndbox></object><object><name>proposal</name><bndbox><xmin>287</xmin><ymin>264</ymin><xmax>513</xmax><ymax>395</ymax></bndbox></object><object><name>proposal</name><bndbox><xmin>67</xmin><ymin>507</ymin><xmax>541</xmax><ymax>293</ymax></bndbox></object><object><name>proposal</name><bndbox><xmin>330</xmin><ymin>330</ymin><xmax>470</xmax><ymax>470</ymax></bndbox></object><object><name>proposal</name><bndbox><xmin>0</xmin><ymin>265</ymin><xmax>800</xmax><ymax>286</ymax></bndbox></object><object><name>proposal</name><bndbox><xmin>342</xmin><ymin>468</ymin><xmax>458</xmax><ymax>332</ymax></bndbox></object><object><name>proposal</name><bndbox><xmin>0</xmin><ymin>336</ymin><xmax>607</xmax><ymax>383</ymax></bndbox></object><object><name>proposal</name><bndbox><xmin>287</xmin><ymin>394</ymin><xmax>261</xmax><ymax>265</ymax></bndbox></object><object><name>proposal</name><bndbox><xmin>0</xmin><ymin>390</ymin><xmax>608</xmax><ymax>410</ymax></bndbox></object><object><name>proposal</name><bndbox><xmin>0</xmin><ymin>560</ymin><xmax>316</xmax><ymax>240</ymax></bndbox></object><object><name>proposal</name><bndbox><xmin>0</xmin><ymin>0</ymin><xmax>800</xmax><ymax>573</ymax></bndbox></object><object><name>proposal</name><bndbox><xmin>0</xmin><ymin>408</ymin><xmax>404</xmax><ymax>392</ymax></bndbox></object><object><name>proposal</name><bndbox><xmin>154</xmin><ymin>486</ymin><xmax>250</xmax><ymax>289</ymax></bndbox></object><object><name>proposal</name><bndbox><xmin>0</xmin><ymin>317</ymin><xmax>333</xmax><ymax>483</ymax></bndbox></object><object><name>proposal</name><bndbox><xmin>312</xmin><ymin>462</ymin><xmax>281</xmax><ymax>269</ymax></bndbox></object><object><name>proposal</name><bndbox><xmin>0</xmin><ymin>267</ymin><xmax>540</xmax><ymax>268</ymax></bndbox></object><object><name>proposal</name><bndbox><xmin>278</xmin><ymin>447</ymin><xmax>280</xmax><ymax>353</ymax></bndbox></object><object><name>proposal</name><bndbox><xmin>14</xmin><ymin>374</ymin><xmax>786</xmax><ymax>426</ymax></bndbox></object><object><name>proposal</name><bndbox><xmin>0</xmin><ymin>399</ymin><xmax>413</xmax><ymax>310</ymax></bndbox></object><object><name>proposal</name><bndbox><xmin>265</xmin><ymin>372</ymin><xmax>463</xmax><ymax>207</ymax></bndbox></object><object><name>proposal</name><bndbox><xmin>124</xmin><ymin>435</ymin><xmax>280</xmax><ymax>296</ymax></bndbox></object><object><name>proposal</name><bndbox><xmin>0</xmin><ymin>419</ymin><xmax>469</xmax><ymax>293</ymax></bndbox></object><object><name>proposal</name><bndbox><xmin>0</xmin><ymin>437</ymin><xmax>316</xmax><ymax>363</ymax></bndbox></object><object><name>proposal</name><bndbox><xmin>0</xmin><ymin>378</ymin><xmax>284</xmax><ymax>284</ymax></bndbox></object><object><name>proposal</name><bndbox><xmin>0</xmin><ymin>387</ymin><xmax>316</xmax><ymax>413</ymax></bndbox></object><object><name>proposal</name><bndbox><xmin>478</xmin><ymin>505</ymin><xmax>322</xmax><ymax>295</ymax></bndbox></object><object><name>proposal</name><bndbox><xmin>0</xmin><ymin>371</ymin><xmax>296</xmax><ymax>429</ymax></bndbox></object><object><name>proposal</name><bndbox><xmin>531</xmin><ymin>320</ymin><xmax>269</xmax><ymax>480</ymax></bndbox></object><object><name>proposal</name><bndbox><xmin>0</xmin><ymin>251</ymin><xmax>800</xmax><ymax>334</ymax></bndbox></object><object><name>proposal</name><bndbox><xmin>571</xmin><ymin>364</ymin><xmax>229</xmax><ymax>436</ymax></bndbox></object><object><name>proposal</name><bndbox><xmin>0</xmin><ymin>328</ymin><xmax>759</xmax><ymax>245</ymax></bndbox></object><object><name>proposal</name><bndbox><xmin>263</xmin><ymin>462</ymin><xmax>537</xmax><ymax>338</ymax></bndbox></object><object><name>proposal</name><bndbox><xmin>0</xmin><ymin>355</ymin><xmax>800</xmax><ymax>445</ymax></bndbox></object><object><name>proposal</name><bndbox><xmin>239</xmin><ymin>320</ymin><xmax>561</xmax><ymax>480</ymax></bndbox></object><object><name>proposal</name><bndbox><xmin>265</xmin><ymin>374</ymin><xmax>494</xmax><ymax>234</ymax></bndbox></object><object><name>proposal</name><bndbox><xmin>619</xmin><ymin>325</ymin><xmax>181</xmax><ymax>448</ymax></bndbox></object><object><name>proposal</name><bndbox><xmin>243</xmin><ymin>374</ymin><xmax>557</xmax><ymax>426</ymax></bndbox></object><object><name>proposal</name><bndbox><xmin>105</xmin><ymin>320</ymin><xmax>695</xmax><ymax>480</ymax></bndbox></object><object><name>proposal</name><bndbox><xmin>0</xmin><ymin>317</ymin><xmax>696</xmax><ymax>359</ymax></bndbox></object><object><name>proposal</name><bndbox><xmin>0</xmin><ymin>328</ymin><xmax>743</xmax><ymax>266</ymax></bndbox></object><object><name>proposal</name><bndbox><xmin>545</xmin><ymin>528</ymin><xmax>255</xmax><ymax>272</ymax></bndbox></object><object><name>proposal</name><bndbox><xmin>0</xmin><ymin>306</ymin><xmax>557</xmax><ymax>203</ymax></bndbox></object><object><name>proposal</name><bndbox><xmin>0</xmin><ymin>390</ymin><xmax>412</xmax><ymax>410</ymax></bndbox></object><object><name>proposal</name><bndbox><xmin>0</xmin><ymin>398</ymin><xmax>410</xmax><ymax>402</ymax></bndbox></object><object><name>proposal</name><bndbox><xmin>0</xmin><ymin>325</ymin><xmax>310</xmax><ymax>475</ymax></bndbox></object><object><name>proposal</name><bndbox><xmin>560</xmin><ymin>385</ymin><xmax>240</xmax><ymax>415</ymax></bndbox></object><object><name>proposal</name><bndbox><xmin>0</xmin><ymin>259</ymin><xmax>800</xmax><ymax>380</ymax></bndbox></object><object><name>proposal</name><bndbox><xmin>133</xmin><ymin>319</ymin><xmax>667</xmax><ymax>287</ymax></bndbox></object><object><name>proposal</name><bndbox><xmin>58</xmin><ymin>609</ymin><xmax>550</xmax><ymax>191</ymax></bndbox></object><object><name>proposal</name><bndbox><xmin>0</xmin><ymin>46</ymin><xmax>800</xmax><ymax>754</ymax></bndbox></object><object><name>proposal</name><bndbox><xmin>0</xmin><ymin>317</ymin><xmax>454</xmax><ymax>254</ymax></bndbox></object><object><name>proposal</name><bndbox><xmin>224</xmin><ymin>479</ymin><xmax>281</xmax><ymax>270</ymax></bndbox></object><object><name>proposal</name><bndbox><xmin>0</xmin><ymin>262</ymin><xmax>800</xmax><ymax>308</ymax></bndbox></object><object><name>proposal</name><bndbox><xmin>356</xmin><ymin>507</ymin><xmax>292</xmax><ymax>290</ymax></bndbox></object><object><name>proposal</name><bndbox><xmin>0</xmin><ymin>311</ymin><xmax>594</xmax><ymax>489</ymax></bndbox></object><object><name>proposal</name><bndbox><xmin>533</xmin><ymin>540</ymin><xmax>267</xmax><ymax>260</ymax></bndbox></object><object><name>proposal</name><bndbox><xmin>44</xmin><ymin>424</ymin><xmax>564</xmax><ymax>376</ymax></bndbox></object><object><name>proposal</name><bndbox><xmin>112</xmin><ymin>501</ymin><xmax>636</xmax><ymax>299</ymax></bndbox></object><object><name>proposal</name><bndbox><xmin>526</xmin><ymin>540</ymin><xmax>274</xmax><ymax>260</ymax></bndbox></object><object><name>proposal</name><bndbox><xmin>0</xmin><ymin>387</ymin><xmax>320</xmax><ymax>277</ymax></bndbox></object><object><name>proposal</name><bndbox><xmin>0</xmin><ymin>315</ymin><xmax>587</xmax><ymax>226</ymax></bndbox></object><object><name>proposal</name><bndbox><xmin>347</xmin><ymin>267</ymin><xmax>453</xmax><ymax>533</ymax></bndbox></object><object><name>proposal</name><bndbox><xmin>232</xmin><ymin>505</ymin><xmax>568</xmax><ymax>295</ymax></bndbox></object><object><name>proposal</name><bndbox><xmin>101</xmin><ymin>431</ymin><xmax>303</xmax><ymax>369</ymax></bndbox></object><object><name>proposal</name><bndbox><xmin>385</xmin><ymin>521</ymin><xmax>282</xmax><ymax>279</ymax></bndbox></object><object><name>proposal</name><bndbox><xmin>285</xmin><ymin>438</ymin><xmax>515</xmax><ymax>362</ymax></bndbox></object><object><name>proposal</name><bndbox><xmin>263</xmin><ymin>505</ymin><xmax>271</xmax><ymax>295</ymax></bndbox></object><object><name>proposal</name><bndbox><xmin>0</xmin><ymin>322</ymin><xmax>280</xmax><ymax>478</ymax></bndbox></object><object><name>proposal</name><bndbox><xmin>0</xmin><ymin>259</ymin><xmax>800</xmax><ymax>541</ymax></bndbox></object><object><name>proposal</name><bndbox><xmin>0</xmin><ymin>104</ymin><xmax>800</xmax><ymax>576</ymax></bndbox></object><object><name>proposal</name><bndbox><xmin>0</xmin><ymin>265</ymin><xmax>800</xmax><ymax>217</ymax></bndbox></object><object><name>proposal</name><bndbox><xmin>89</xmin><ymin>430</ymin><xmax>504</xmax><ymax>250</ymax></bndbox></object><object><name>proposal</name><bndbox><xmin>0</xmin><ymin>419</ymin><xmax>539</xmax><ymax>381</ymax></bndbox></object><object><name>proposal</name><bndbox><xmin>0</xmin><ymin>419</ymin><xmax>303</xmax><ymax>233</ymax></bndbox></object><object><name>proposal</name><bndbox><xmin>0</xmin><ymin>370</ymin><xmax>626</xmax><ymax>430</ymax></bndbox></object><object><name>proposal</name><bndbox><xmin>0</xmin><ymin>455</ymin><xmax>264</xmax><ymax>273</ymax></bndbox></object><object><name>proposal</name><bndbox><xmin>265</xmin><ymin>319</ymin><xmax>535</xmax><ymax>266</ymax></bndbox></object><object><name>proposal</name><bndbox><xmin>82</xmin><ymin>446</ymin><xmax>458</xmax><ymax>354</ymax></bndbox></object><object><name>proposal</name><bndbox><xmin>249</xmin><ymin>581</ymin><xmax>426</xmax><ymax>219</ymax></bndbox></object><object><name>proposal</name><bndbox><xmin>276</xmin><ymin>319</ymin><xmax>524</xmax><ymax>481</ymax></bndbox></object><object><name>proposal</name><bndbox><xmin>0</xmin><ymin>352</ymin><xmax>323</xmax><ymax>448</ymax></bndbox></object><object><name>proposal</name><bndbox><xmin>0</xmin><ymin>0</ymin><xmax>800</xmax><ymax>603</ymax></bndbox></object><object><name>proposal</name><bndbox><xmin>0</xmin><ymin>547</ymin><xmax>339</xmax><ymax>253</ymax></bndbox></object><object><name>proposal</name><bndbox><xmin>223</xmin><ymin>550</ymin><xmax>316</xmax><ymax>250</ymax></bndbox></object><object><name>proposal</name><bndbox><xmin>262</xmin><ymin>338</ymin><xmax>433</xmax><ymax>306</ymax></bndbox></object><object><name>proposal</name><bndbox><xmin>0</xmin><ymin>370</ymin><xmax>742</xmax><ymax>249</ymax></bndbox></object><object><name>proposal</name><bndbox><xmin>58</xmin><ymin>515</ymin><xmax>339</xmax><ymax>285</ymax></bndbox></object><object><name>proposal</name><bndbox><xmin>0</xmin><ymin>435</ymin><xmax>800</xmax><ymax>365</ymax></bndbox></object><object><name>proposal</name><bndbox><xmin>318</xmin><ymin>521</ymin><xmax>482</xmax><ymax>279</ymax></bndbox></object><object><name>proposal</name><bndbox><xmin>58</xmin><ymin>507</ymin><xmax>476</xmax><ymax>293</ymax></bndbox></object><object><name>proposal</name><bndbox><xmin>384</xmin><ymin>319</ymin><xmax>416</xmax><ymax>481</ymax></bndbox></object><object><name>proposal</name><bndbox><xmin>0</xmin><ymin>458</ymin><xmax>313</xmax><ymax>342</ymax></bndbox></object><object><name>proposal</name><bndbox><xmin>492</xmin><ymin>342</ymin><xmax>308</xmax><ymax>278</ymax></bndbox></object><object><name>proposal</name><bndbox><xmin>0</xmin><ymin>408</ymin><xmax>298</xmax><ymax>250</ymax></bndbox></object><object><name>proposal</name><bndbox><xmin>264</xmin><ymin>462</ymin><xmax>536</xmax><ymax>338</ymax></bndbox></object><object><name>proposal</name><bndbox><xmin>467</xmin><ymin>558</ymin><xmax>333</xmax><ymax>242</ymax></bndbox></object><object><name>proposal</name><bndbox><xmin>0</xmin><ymin>220</ymin><xmax>800</xmax><ymax>298</ymax></bndbox></object><object><name>proposal</name><bndbox><xmin>0</xmin><ymin>258</ymin><xmax>800</xmax><ymax>345</ymax></bndbox></object><object><name>proposal</name><bndbox><xmin>9</xmin><ymin>373</ymin><xmax>723</xmax><ymax>200</ymax></bndbox></object><object><name>proposal</name><bndbox><xmin>160</xmin><ymin>514</ymin><xmax>244</xmax><ymax>286</ymax></bndbox></object><object><name>proposal</name><bndbox><xmin>0</xmin><ymin>372</ymin><xmax>742</xmax><ymax>247</ymax></bndbox></object><object><name>proposal</name><bndbox><xmin>0</xmin><ymin>317</ymin><xmax>337</xmax><ymax>320</ymax></bndbox></object><object><name>proposal</name><bndbox><xmin>391</xmin><ymin>578</ymin><xmax>409</xmax><ymax>222</ymax></bndbox></object><object><name>proposal</name><bndbox><xmin>0</xmin><ymin>325</ymin><xmax>800</xmax><ymax>475</ymax></bndbox></object><object><name>proposal</name><bndbox><xmin>330</xmin><ymin>525</ymin><xmax>267</xmax><ymax>275</ymax></bndbox></object><object><name>proposal</name><bndbox><xmin>0</xmin><ymin>336</ymin><xmax>449</xmax><ymax>464</ymax></bndbox></object><object><name>proposal</name><bndbox><xmin>0</xmin><ymin>261</ymin><xmax>800</xmax><ymax>324</ymax></bndbox></object><object><name>proposal</name><bndbox><xmin>306</xmin><ymin>459</ymin><xmax>280</xmax><ymax>272</ymax></bndbox></object><object><name>proposal</name><bndbox><xmin>112</xmin><ymin>442</ymin><xmax>325</xmax><ymax>224</ymax></bndbox></object><object><name>proposal</name><bndbox><xmin>0</xmin><ymin>422</ymin><xmax>534</xmax><ymax>378</ymax></bndbox></object><object><name>proposal</name><bndbox><xmin>0</xmin><ymin>352</ymin><xmax>449</xmax><ymax>448</ymax></bndbox></object><object><name>proposal</name><bndbox><xmin>262</xmin><ymin>362</ymin><xmax>295</xmax><ymax>257</ymax></bndbox></object><object><name>proposal</name><bndbox><xmin>0</xmin><ymin>408</ymin><xmax>298</xmax><ymax>392</ymax></bndbox></object><object><name>proposal</name><bndbox><xmin>471</xmin><ymin>267</ymin><xmax>329</xmax><ymax>482</ymax></bndbox></object><object><name>proposal</name><bndbox><xmin>0</xmin><ymin>423</ymin><xmax>320</xmax><ymax>241</ymax></bndbox></object><object><name>proposal</name><bndbox><xmin>263</xmin><ymin>462</ymin><xmax>517</xmax><ymax>322</ymax></bndbox></object><object><name>proposal</name><bndbox><xmin>560</xmin><ymin>330</ymin><xmax>240</xmax><ymax>470</ymax></bndbox></object><object><name>proposal</name><bndbox><xmin>123</xmin><ymin>424</ymin><xmax>346</xmax><ymax>288</ymax></bndbox></object><object><name>proposal</name><bndbox><xmin>542</xmin><ymin>320</ymin><xmax>258</xmax><ymax>480</ymax></bndbox></object><object><name>proposal</name><bndbox><xmin>0</xmin><ymin>419</ymin><xmax>397</xmax><ymax>381</ymax></bndbox></object><object><name>proposal</name><bndbox><xmin>0</xmin><ymin>440</ymin><xmax>410</xmax><ymax>360</ymax></bndbox></object><object><name>proposal</name><bndbox><xmin>0</xmin><ymin>560</ymin><xmax>610</xmax><ymax>240</ymax></bndbox></object><object><name>proposal</name><bndbox><xmin>0</xmin><ymin>408</ymin><xmax>800</xmax><ymax>392</ymax></bndbox></object><object><name>proposal</name><bndbox><xmin>265</xmin><ymin>319</ymin><xmax>535</xmax><ymax>289</ymax></bndbox></object><object><name>proposal</name><bndbox><xmin>0</xmin><ymin>455</ymin><xmax>264</xmax><ymax>345</ymax></bndbox></object><object><name>proposal</name><bndbox><xmin>0</xmin><ymin>371</ymin><xmax>469</xmax><ymax>429</ymax></bndbox></object><object><name>proposal</name><bndbox><xmin>0</xmin><ymin>264</ymin><xmax>800</xmax><ymax>214</ymax></bndbox></object><object><name>proposal</name><bndbox><xmin>0</xmin><ymin>323</ymin><xmax>728</xmax><ymax>256</ymax></bndbox></object><object><name>proposal</name><bndbox><xmin>272</xmin><ymin>448</ymin><xmax>274</xmax><ymax>352</ymax></bndbox></object><object><name>proposal</name><bndbox><xmin>0</xmin><ymin>0</ymin><xmax>800</xmax><ymax>604</ymax></bndbox></object><object><name>proposal</name><bndbox><xmin>0</xmin><ymin>387</ymin><xmax>285</xmax><ymax>413</ymax></bndbox></object><object><name>proposal</name><bndbox><xmin>242</xmin><ymin>459</ymin><xmax>558</xmax><ymax>341</ymax></bndbox></object><object><name>proposal</name><bndbox><xmin>169</xmin><ymin>461</ymin><xmax>424</xmax><ymax>339</ymax></bndbox></object><object><name>proposal</name><bndbox><xmin>0</xmin><ymin>440</ymin><xmax>350</xmax><ymax>272</ymax></bndbox></object><object><name>proposal</name><bndbox><xmin>400</xmin><ymin>389</ymin><xmax>342</xmax><ymax>211</ymax></bndbox></object><object><name>proposal</name><bndbox><xmin>487</xmin><ymin>319</ymin><xmax>313</xmax><ymax>374</ymax></bndbox></object><object><name>proposal</name><bndbox><xmin>265</xmin><ymin>374</ymin><xmax>477</xmax><ymax>209</ymax></bndbox></object><object><name>proposal</name><bndbox><xmin>263</xmin><ymin>320</ymin><xmax>537</xmax><ymax>480</ymax></bndbox></object><object><name>proposal</name><bndbox><xmin>83</xmin><ymin>494</ymin><xmax>501</xmax><ymax>306</ymax></bndbox></object><object><name>proposal</name><bndbox><xmin>0</xmin><ymin>419</ymin><xmax>350</xmax><ymax>381</ymax></bndbox></object><object><name>proposal</name><bndbox><xmin>0</xmin><ymin>422</ymin><xmax>404</xmax><ymax>378</ymax></bndbox></object><object><name>proposal</name><bndbox><xmin>276</xmin><ymin>319</ymin><xmax>524</xmax><ymax>452</ymax></bndbox></object><object><name>proposal</name><bndbox><xmin>330</xmin><ymin>501</ymin><xmax>267</xmax><ymax>299</ymax></bndbox></object><object><name>proposal</name><bndbox><xmin>422</xmin><ymin>339</ymin><xmax>332</xmax><ymax>254</ymax></bndbox></object><object><name>proposal</name><bndbox><xmin>0</xmin><ymin>387</ymin><xmax>404</xmax><ymax>293</ymax></bndbox></object><object><name>proposal</name><bndbox><xmin>0</xmin><ymin>336</ymin><xmax>390</xmax><ymax>464</ymax></bndbox></object><object><name>proposal</name><bndbox><xmin>133</xmin><ymin>322</ymin><xmax>516</xmax><ymax>277</ymax></bndbox></object><object><name>proposal</name><bndbox><xmin>312</xmin><ymin>462</ymin><xmax>281</xmax><ymax>299</ymax></bndbox></object><object><name>proposal</name><bndbox><xmin>491</xmin><ymin>319</ymin><xmax>309</xmax><ymax>481</ymax></bndbox></object><object><name>proposal</name><bndbox><xmin>249</xmin><ymin>449</ymin><xmax>426</xmax><ymax>351</ymax></bndbox></object><object><name>proposal</name><bndbox><xmin>0</xmin><ymin>372</ymin><xmax>800</xmax><ymax>399</ymax></bndbox></object><object><name>proposal</name><bndbox><xmin>0</xmin><ymin>317</ymin><xmax>385</xmax><ymax>359</ymax></bndbox></object><object><name>proposal</name><bndbox><xmin>83</xmin><ymin>574</ymin><xmax>394</xmax><ymax>226</ymax></bndbox></object><object><name>proposal</name><bndbox><xmin>243</xmin><ymin>449</ymin><xmax>557</xmax><ymax>351</ymax></bndbox></object><object><name>proposal</name><bndbox><xmin>146</xmin><ymin>434</ymin><xmax>250</xmax><ymax>366</ymax></bndbox></object><object><name>proposal</name><bndbox><xmin>223</xmin><ymin>507</ymin><xmax>236</xmax><ymax>293</ymax></bndbox></object><object><name>proposal</name><bndbox><xmin>0</xmin><ymin>261</ymin><xmax>800</xmax><ymax>221</ymax></bndbox></object><object><name>proposal</name><bndbox><xmin>0</xmin><ymin>264</ymin><xmax>800</xmax><ymax>293</ymax></bndbox></object><object><name>proposal</name><bndbox><xmin>594</xmin><ymin>463</ymin><xmax>206</xmax><ymax>337</ymax></bndbox></object><object><name>proposal</name><bndbox><xmin>522</xmin><ymin>491</ymin><xmax>265</xmax><ymax>309</ymax></bndbox></object><object><name>proposal</name><bndbox><xmin>320</xmin><ymin>416</ymin><xmax>480</xmax><ymax>384</ymax></bndbox></object><object><name>proposal</name><bndbox><xmin>0</xmin><ymin>449</ymin><xmax>314</xmax><ymax>263</ymax></bndbox></object><object><name>proposal</name><bndbox><xmin>0</xmin><ymin>251</ymin><xmax>800</xmax><ymax>243</ymax></bndbox></object></annotation>