<annotation><folder>Proposals</folder><filename>img-397.jpg</filename><size><width>533</width><height>300</height><depth>3</depth></size><object><name>proposal</name><bndbox><xmin>306</xmin><ymin>395</ymin><xmax>156</xmax><ymax>122</ymax></bndbox></object><object><name>proposal</name><bndbox><xmin>193</xmin><ymin>314</ymin><xmax>149</xmax><ymax>67</ymax></bndbox></object><object><name>proposal</name><bndbox><xmin>276</xmin><ymin>368</ymin><xmax>186</xmax><ymax>149</ymax></bndbox></object><object><name>proposal</name><bndbox><xmin>266</xmin><ymin>342</ymin><xmax>73</xmax><ymax>41</ymax></bndbox></object><object><name>proposal</name><bndbox><xmin>168</xmin><ymin>314</ymin><xmax>169</xmax><ymax>49</ymax></bndbox></object><object><name>proposal</name><bndbox><xmin>157</xmin><ymin>314</ymin><xmax>170</xmax><ymax>89</ymax></bndbox></object><object><name>proposal</name><bndbox><xmin>155</xmin><ymin>315</ymin><xmax>120</xmax><ymax>115</ymax></bndbox></object><object><name>proposal</name><bndbox><xmin>192</xmin><ymin>317</ymin><xmax>63</xmax><ymax>68</ymax></bndbox></object><object><name>proposal</name><bndbox><xmin>503</xmin><ymin>648</ymin><xmax>178</xmax><ymax>94</ymax></bndbox></object><object><name>proposal</name><bndbox><xmin>513</xmin><ymin>647</ymin><xmax>160</xmax><ymax>90</ymax></bndbox></object><object><name>proposal</name><bndbox><xmin>265</xmin><ymin>332</ymin><xmax>32</xmax><ymax>61</ymax></bndbox></object><object><name>proposal</name><bndbox><xmin>344</xmin><ymin>392</ymin><xmax>70</xmax><ymax>51</ymax></bndbox></object><object><name>proposal</name><bndbox><xmin>262</xmin><ymin>314</ymin><xmax>75</xmax><ymax>65</ymax></bndbox></object><object><name>proposal</name><bndbox><xmin>156</xmin><ymin>296</ymin><xmax>203</xmax><ymax>178</ymax></bndbox></object><object><name>proposal</name><bndbox><xmin>272</xmin><ymin>416</ymin><xmax>114</xmax><ymax>45</ymax></bndbox></object><object><name>proposal</name><bndbox><xmin>319</xmin><ymin>398</ymin><xmax>154</xmax><ymax>119</ymax></bndbox></object><object><name>proposal</name><bndbox><xmin>156</xmin><ymin>315</ymin><xmax>266</xmax><ymax>144</ymax></bndbox></object><object><name>proposal</name><bndbox><xmin>232</xmin><ymin>314</ymin><xmax>80</xmax><ymax>35</ymax></bndbox></object><object><name>proposal</name><bndbox><xmin>261</xmin><ymin>361</ymin><xmax>116</xmax><ymax>84</ymax></bndbox></object><object><name>proposal</name><bndbox><xmin>288</xmin><ymin>416</ymin><xmax>94</xmax><ymax>71</ymax></bndbox></object><object><name>proposal</name><bndbox><xmin>529</xmin><ymin>667</ymin><xmax>94</xmax><ymax>47</ymax></bndbox></object><object><name>proposal</name><bndbox><xmin>261</xmin><ymin>361</ymin><xmax>170</xmax><ymax>126</ymax></bndbox></object><object><name>proposal</name><bndbox><xmin>506</xmin><ymin>667</ymin><xmax>50</xmax><ymax>74</ymax></bndbox></object><object><name>proposal</name><bndbox><xmin>349</xmin><ymin>395</ymin><xmax>82</xmax><ymax>77</ymax></bndbox></object><object><name>proposal</name><bndbox><xmin>496</xmin><ymin>648</ymin><xmax>59</xmax><ymax>93</ymax></bndbox></object><object><name>proposal</name><bndbox><xmin>216</xmin><ymin>336</ymin><xmax>81</xmax><ymax>92</ymax></bndbox></object><object><name>proposal</name><bndbox><xmin>504</xmin><ymin>650</ymin><xmax>120</xmax><ymax>66</ymax></bndbox></object><object><name>proposal</name><bndbox><xmin>510</xmin><ymin>651</ymin><xmax>109</xmax><ymax>83</ymax></bndbox></object><object><name>proposal</name><bndbox><xmin>526</xmin><ymin>668</ymin><xmax>97</xmax><ymax>53</ymax></bndbox></object><object><name>proposal</name><bndbox><xmin>227</xmin><ymin>319</ymin><xmax>195</xmax><ymax>149</ymax></bndbox></object><object><name>proposal</name><bndbox><xmin>504</xmin><ymin>650</ymin><xmax>97</xmax><ymax>150</ymax></bndbox></object><object><name>proposal</name><bndbox><xmin>156</xmin><ymin>316</ymin><xmax>107</xmax><ymax>77</ymax></bndbox></object><object><name>proposal</name><bndbox><xmin>156</xmin><ymin>238</ymin><xmax>181</xmax><ymax>162</ymax></bndbox></object><object><name>proposal</name><bndbox><xmin>506</xmin><ymin>651</ymin><xmax>113</xmax><ymax>91</ymax></bndbox></object><object><name>proposal</name><bndbox><xmin>540</xmin><ymin>648</ymin><xmax>153</xmax><ymax>85</ymax></bndbox></object><object><name>proposal</name><bndbox><xmin>496</xmin><ymin>651</ymin><xmax>123</xmax><ymax>91</ymax></bndbox></object><object><name>proposal</name><bndbox><xmin>168</xmin><ymin>238</ymin><xmax>169</xmax><ymax>125</ymax></bndbox></object><object><name>proposal</name><bndbox><xmin>509</xmin><ymin>651</ymin><xmax>110</xmax><ymax>83</ymax></bndbox></object><object><name>proposal</name><bndbox><xmin>492</xmin><ymin>651</ymin><xmax>181</xmax><ymax>91</ymax></bndbox></object><object><name>proposal</name><bndbox><xmin>506</xmin><ymin>651</ymin><xmax>121</xmax><ymax>91</ymax></bndbox></object><object><name>proposal</name><bndbox><xmin>524</xmin><ymin>667</ymin><xmax>80</xmax><ymax>133</ymax></bndbox></object><object><name>proposal</name><bndbox><xmin>495</xmin><ymin>633</ymin><xmax>198</xmax><ymax>92</ymax></bndbox></object><object><name>proposal</name><bndbox><xmin>496</xmin><ymin>651</ymin><xmax>60</xmax><ymax>91</ymax></bndbox></object><object><name>proposal</name><bndbox><xmin>261</xmin><ymin>342</ymin><xmax>170</xmax><ymax>145</ymax></bndbox></object><object><name>proposal</name><bndbox><xmin>155</xmin><ymin>254</ymin><xmax>259</xmax><ymax>142</ymax></bndbox></object><object><name>proposal</name><bndbox><xmin>506</xmin><ymin>668</ymin><xmax>49</xmax><ymax>73</ymax></bndbox></object><object><name>proposal</name><bndbox><xmin>241</xmin><ymin>319</ymin><xmax>98</xmax><ymax>59</ymax></bndbox></object><object><name>proposal</name><bndbox><xmin>349</xmin><ymin>395</ymin><xmax>93</xmax><ymax>77</ymax></bndbox></object><object><name>proposal</name><bndbox><xmin>261</xmin><ymin>332</ymin><xmax>96</xmax><ymax>110</ymax></bndbox></object><object><name>proposal</name><bndbox><xmin>263</xmin><ymin>314</ymin><xmax>74</xmax><ymax>49</ymax></bndbox></object><object><name>proposal</name><bndbox><xmin>233</xmin><ymin>336</ymin><xmax>64</xmax><ymax>57</ymax></bndbox></object><object><name>proposal</name><bndbox><xmin>118</xmin><ymin>314</ymin><xmax>222</xmax><ymax>151</ymax></bndbox></object><object><name>proposal</name><bndbox><xmin>281</xmin><ymin>365</ymin><xmax>181</xmax><ymax>152</ymax></bndbox></object><object><name>proposal</name><bndbox><xmin>272</xmin><ymin>378</ymin><xmax>211</xmax><ymax>146</ymax></bndbox></object><object><name>proposal</name><bndbox><xmin>492</xmin><ymin>645</ymin><xmax>135</xmax><ymax>89</ymax></bndbox></object><object><name>proposal</name><bndbox><xmin>156</xmin><ymin>298</ymin><xmax>186</xmax><ymax>188</ymax></bndbox></object><object><name>proposal</name><bndbox><xmin>495</xmin><ymin>647</ymin><xmax>178</xmax><ymax>80</ymax></bndbox></object><object><name>proposal</name><bndbox><xmin>266</xmin><ymin>342</ymin><xmax>61</xmax><ymax>54</ymax></bndbox></object><object><name>proposal</name><bndbox><xmin>349</xmin><ymin>395</ymin><xmax>74</xmax><ymax>77</ymax></bndbox></object><object><name>proposal</name><bndbox><xmin>241</xmin><ymin>319</ymin><xmax>68</xmax><ymax>29</ymax></bndbox></object><object><name>proposal</name><bndbox><xmin>491</xmin><ymin>648</ymin><xmax>182</xmax><ymax>86</ymax></bndbox></object><object><name>proposal</name><bndbox><xmin>496</xmin><ymin>648</ymin><xmax>77</xmax><ymax>93</ymax></bndbox></object><object><name>proposal</name><bndbox><xmin>272</xmin><ymin>421</ymin><xmax>181</xmax><ymax>91</ymax></bndbox></object><object><name>proposal</name><bndbox><xmin>233</xmin><ymin>335</ymin><xmax>150</xmax><ymax>111</ymax></bndbox></object><object><name>proposal</name><bndbox><xmin>191</xmin><ymin>316</ymin><xmax>192</xmax><ymax>158</ymax></bndbox></object><object><name>proposal</name><bndbox><xmin>156</xmin><ymin>297</ymin><xmax>132</xmax><ymax>103</ymax></bndbox></object><object><name>proposal</name><bndbox><xmin>530</xmin><ymin>659</ymin><xmax>94</xmax><ymax>55</ymax></bndbox></object><object><name>proposal</name><bndbox><xmin>262</xmin><ymin>325</ymin><xmax>74</xmax><ymax>32</ymax></bndbox></object><object><name>proposal</name><bndbox><xmin>506</xmin><ymin>667</ymin><xmax>98</xmax><ymax>133</ymax></bndbox></object><object><name>proposal</name><bndbox><xmin>241</xmin><ymin>314</ymin><xmax>96</xmax><ymax>49</ymax></bndbox></object><object><name>proposal</name><bndbox><xmin>319</xmin><ymin>395</ymin><xmax>154</xmax><ymax>137</ymax></bndbox></object><object><name>proposal</name><bndbox><xmin>255</xmin><ymin>331</ymin><xmax>127</xmax><ymax>156</ymax></bndbox></object><object><name>proposal</name><bndbox><xmin>156</xmin><ymin>314</ymin><xmax>136</xmax><ymax>112</ymax></bndbox></object><object><name>proposal</name><bndbox><xmin>192</xmin><ymin>317</ymin><xmax>100</xmax><ymax>111</ymax></bndbox></object><object><name>proposal</name><bndbox><xmin>486</xmin><ymin>635</ymin><xmax>141</xmax><ymax>99</ymax></bndbox></object><object><name>proposal</name><bndbox><xmin>347</xmin><ymin>384</ymin><xmax>75</xmax><ymax>57</ymax></bndbox></object><object><name>proposal</name><bndbox><xmin>536</xmin><ymin>651</ymin><xmax>83</xmax><ymax>62</ymax></bndbox></object><object><name>proposal</name><bndbox><xmin>143</xmin><ymin>314</ymin><xmax>193</xmax><ymax>150</ymax></bndbox></object><object><name>proposal</name><bndbox><xmin>255</xmin><ymin>361</ymin><xmax>122</xmax><ymax>84</ymax></bndbox></object><object><name>proposal</name><bndbox><xmin>526</xmin><ymin>667</ymin><xmax>73</xmax><ymax>30</ymax></bndbox></object><object><name>proposal</name><bndbox><xmin>291</xmin><ymin>339</ymin><xmax>49</xmax><ymax>41</ymax></bndbox></object><object><name>proposal</name><bndbox><xmin>539</xmin><ymin>630</ymin><xmax>122</xmax><ymax>85</ymax></bndbox></object><object><name>proposal</name><bndbox><xmin>263</xmin><ymin>325</ymin><xmax>74</xmax><ymax>38</ymax></bndbox></object><object><name>proposal</name><bndbox><xmin>156</xmin><ymin>313</ymin><xmax>226</xmax><ymax>174</ymax></bndbox></object><object><name>proposal</name><bndbox><xmin>265</xmin><ymin>332</ymin><xmax>62</xmax><ymax>44</ymax></bndbox></object><object><name>proposal</name><bndbox><xmin>263</xmin><ymin>354</ymin><xmax>159</xmax><ymax>114</ymax></bndbox></object><object><name>proposal</name><bndbox><xmin>281</xmin><ymin>387</ymin><xmax>141</xmax><ymax>75</ymax></bndbox></object><object><name>proposal</name><bndbox><xmin>155</xmin><ymin>254</ymin><xmax>259</xmax><ymax>176</ymax></bndbox></object><object><name>proposal</name><bndbox><xmin>503</xmin><ymin>673</ymin><xmax>53</xmax><ymax>63</ymax></bndbox></object><object><name>proposal</name><bndbox><xmin>319</xmin><ymin>383</ymin><xmax>164</xmax><ymax>149</ymax></bndbox></object><object><name>proposal</name><bndbox><xmin>506</xmin><ymin>673</ymin><xmax>50</xmax><ymax>69</ymax></bndbox></object><object><name>proposal</name><bndbox><xmin>156</xmin><ymin>315</ymin><xmax>266</xmax><ymax>153</ymax></bndbox></object><object><name>proposal</name><bndbox><xmin>118</xmin><ymin>297</ymin><xmax>219</xmax><ymax>189</ymax></bndbox></object><object><name>proposal</name><bndbox><xmin>486</xmin><ymin>635</ymin><xmax>206</xmax><ymax>99</ymax></bndbox></object><object><name>proposal</name><bndbox><xmin>539</xmin><ymin>647</ymin><xmax>134</xmax><ymax>67</ymax></bndbox></object><object><name>proposal</name><bndbox><xmin>241</xmin><ymin>340</ymin><xmax>86</xmax><ymax>53</ymax></bndbox></object><object><name>proposal</name><bndbox><xmin>504</xmin><ymin>659</ymin><xmax>120</xmax><ymax>57</ymax></bndbox></object><object><name>proposal</name><bndbox><xmin>509</xmin><ymin>648</ymin><xmax>164</xmax><ymax>86</ymax></bndbox></object><object><name>proposal</name><bndbox><xmin>263</xmin><ymin>364</ymin><xmax>222</xmax><ymax>159</ymax></bndbox></object><object><name>proposal</name><bndbox><xmin>520</xmin><ymin>667</ymin><xmax>103</xmax><ymax>69</ymax></bndbox></object><object><name>proposal</name><bndbox><xmin>156</xmin><ymin>315</ymin><xmax>211</xmax><ymax>153</ymax></bndbox></object><object><name>proposal</name><bndbox><xmin>541</xmin><ymin>667</ymin><xmax>79</xmax><ymax>47</ymax></bndbox></object><object><name>proposal</name><bndbox><xmin>486</xmin><ymin>635</ymin><xmax>133</xmax><ymax>107</ymax></bndbox></object><object><name>proposal</name><bndbox><xmin>344</xmin><ymin>365</ymin><xmax>104</xmax><ymax>70</ymax></bndbox></object><object><name>proposal</name><bndbox><xmin>264</xmin><ymin>410</ymin><xmax>95</xmax><ymax>60</ymax></bndbox></object><object><name>proposal</name><bndbox><xmin>266</xmin><ymin>331</ymin><xmax>61</xmax><ymax>52</ymax></bndbox></object><object><name>proposal</name><bndbox><xmin>262</xmin><ymin>325</ymin><xmax>69</xmax><ymax>43</ymax></bndbox></object><object><name>proposal</name><bndbox><xmin>319</xmin><ymin>398</ymin><xmax>163</xmax><ymax>134</ymax></bndbox></object><object><name>proposal</name><bndbox><xmin>242</xmin><ymin>314</ymin><xmax>70</xmax><ymax>38</ymax></bndbox></object><object><name>proposal</name><bndbox><xmin>488</xmin><ymin>648</ymin><xmax>77</xmax><ymax>88</ymax></bndbox></object><object><name>proposal</name><bndbox><xmin>156</xmin><ymin>296</ymin><xmax>238</xmax><ymax>178</ymax></bndbox></object><object><name>proposal</name><bndbox><xmin>263</xmin><ymin>354</ymin><xmax>203</xmax><ymax>158</ymax></bndbox></object><object><name>proposal</name><bndbox><xmin>496</xmin><ymin>645</ymin><xmax>178</xmax><ymax>96</ymax></bndbox></object><object><name>proposal</name><bndbox><xmin>541</xmin><ymin>667</ymin><xmax>82</xmax><ymax>47</ymax></bndbox></object><object><name>proposal</name><bndbox><xmin>191</xmin><ymin>314</ymin><xmax>136</xmax><ymax>89</ymax></bndbox></object><object><name>proposal</name><bndbox><xmin>227</xmin><ymin>319</ymin><xmax>140</xmax><ymax>149</ymax></bndbox></object><object><name>proposal</name><bndbox><xmin>496</xmin><ymin>645</ymin><xmax>169</xmax><ymax>96</ymax></bndbox></object><object><name>proposal</name><bndbox><xmin>227</xmin><ymin>319</ymin><xmax>195</xmax><ymax>140</ymax></bndbox></object><object><name>proposal</name><bndbox><xmin>265</xmin><ymin>332</ymin><xmax>61</xmax><ymax>50</ymax></bndbox></object><object><name>proposal</name><bndbox><xmin>492</xmin><ymin>645</ymin><xmax>200</xmax><ymax>89</ymax></bndbox></object><object><name>proposal</name><bndbox><xmin>191</xmin><ymin>316</ymin><xmax>64</xmax><ymax>84</ymax></bndbox></object><object><name>proposal</name><bndbox><xmin>261</xmin><ymin>361</ymin><xmax>162</xmax><ymax>111</ymax></bndbox></object><object><name>proposal</name><bndbox><xmin>503</xmin><ymin>680</ymin><xmax>69</xmax><ymax>56</ymax></bndbox></object><object><name>proposal</name><bndbox><xmin>488</xmin><ymin>648</ymin><xmax>131</xmax><ymax>88</ymax></bndbox></object><object><name>proposal</name><bndbox><xmin>539</xmin><ymin>651</ymin><xmax>81</xmax><ymax>63</ymax></bndbox></object><object><name>proposal</name><bndbox><xmin>223</xmin><ymin>320</ymin><xmax>134</xmax><ymax>122</ymax></bndbox></object><object><name>proposal</name><bndbox><xmin>491</xmin><ymin>651</ymin><xmax>128</xmax><ymax>83</ymax></bndbox></object><object><name>proposal</name><bndbox><xmin>496</xmin><ymin>651</ymin><xmax>60</xmax><ymax>83</ymax></bndbox></object><object><name>proposal</name><bndbox><xmin>241</xmin><ymin>340</ymin><xmax>56</xmax><ymax>56</ymax></bndbox></object><object><name>proposal</name><bndbox><xmin>223</xmin><ymin>320</ymin><xmax>104</xmax><ymax>110</ymax></bndbox></object><object><name>proposal</name><bndbox><xmin>526</xmin><ymin>680</ymin><xmax>43</xmax><ymax>41</ymax></bndbox></object><object><name>proposal</name><bndbox><xmin>529</xmin><ymin>667</ymin><xmax>94</xmax><ymax>48</ymax></bndbox></object><object><name>proposal</name><bndbox><xmin>157</xmin><ymin>315</ymin><xmax>170</xmax><ymax>88</ymax></bndbox></object><object><name>proposal</name><bndbox><xmin>488</xmin><ymin>648</ymin><xmax>140</xmax><ymax>88</ymax></bndbox></object><object><name>proposal</name><bndbox><xmin>239</xmin><ymin>340</ymin><xmax>119</xmax><ymax>102</ymax></bndbox></object><object><name>proposal</name><bndbox><xmin>241</xmin><ymin>319</ymin><xmax>98</xmax><ymax>74</ymax></bndbox></object><object><name>proposal</name><bndbox><xmin>377</xmin><ymin>384</ymin><xmax>45</xmax><ymax>54</ymax></bndbox></object><object><name>proposal</name><bndbox><xmin>191</xmin><ymin>316</ymin><xmax>64</xmax><ymax>69</ymax></bndbox></object><object><name>proposal</name><bndbox><xmin>281</xmin><ymin>416</ymin><xmax>61</xmax><ymax>52</ymax></bndbox></object><object><name>proposal</name><bndbox><xmin>193</xmin><ymin>314</ymin><xmax>134</xmax><ymax>79</ymax></bndbox></object><object><name>proposal</name><bndbox><xmin>504</xmin><ymin>650</ymin><xmax>119</xmax><ymax>66</ymax></bndbox></object><object><name>proposal</name><bndbox><xmin>526</xmin><ymin>659</ymin><xmax>77</xmax><ymax>67</ymax></bndbox></object><object><name>proposal</name><bndbox><xmin>157</xmin><ymin>314</ymin><xmax>105</xmax><ymax>86</ymax></bndbox></object><object><name>proposal</name><bndbox><xmin>191</xmin><ymin>315</ymin><xmax>145</xmax><ymax>82</ymax></bndbox></object><object><name>proposal</name><bndbox><xmin>193</xmin><ymin>314</ymin><xmax>149</xmax><ymax>79</ymax></bndbox></object><object><name>proposal</name><bndbox><xmin>264</xmin><ymin>416</ymin><xmax>93</xmax><ymax>54</ymax></bndbox></object><object><name>proposal</name><bndbox><xmin>212</xmin><ymin>314</ymin><xmax>97</xmax><ymax>34</ymax></bndbox></object><object><name>proposal</name><bndbox><xmin>156</xmin><ymin>314</ymin><xmax>123</xmax><ymax>79</ymax></bndbox></object><object><name>proposal</name><bndbox><xmin>540</xmin><ymin>648</ymin><xmax>131</xmax><ymax>81</ymax></bndbox></object><object><name>proposal</name><bndbox><xmin>541</xmin><ymin>645</ymin><xmax>85</xmax><ymax>69</ymax></bndbox></object><object><name>proposal</name><bndbox><xmin>223</xmin><ymin>320</ymin><xmax>116</xmax><ymax>110</ymax></bndbox></object><object><name>proposal</name><bndbox><xmin>156</xmin><ymin>214</ymin><xmax>167</xmax><ymax>186</ymax></bndbox></object><object><name>proposal</name><bndbox><xmin>495</xmin><ymin>633</ymin><xmax>178</xmax><ymax>92</ymax></bndbox></object><object><name>proposal</name><bndbox><xmin>270</xmin><ymin>325</ymin><xmax>67</xmax><ymax>54</ymax></bndbox></object><object><name>proposal</name><bndbox><xmin>344</xmin><ymin>378</ymin><xmax>87</xmax><ymax>65</ymax></bndbox></object><object><name>proposal</name><bndbox><xmin>263</xmin><ymin>354</ymin><xmax>230</xmax><ymax>180</ymax></bndbox></object><object><name>proposal</name><bndbox><xmin>191</xmin><ymin>314</ymin><xmax>149</xmax><ymax>89</ymax></bndbox></object><object><name>proposal</name><bndbox><xmin>506</xmin><ymin>647</ymin><xmax>175</xmax><ymax>95</ymax></bndbox></object><object><name>proposal</name><bndbox><xmin>529</xmin><ymin>667</ymin><xmax>44</xmax><ymax>59</ymax></bndbox></object><object><name>proposal</name><bndbox><xmin>156</xmin><ymin>314</ymin><xmax>181</xmax><ymax>84</ymax></bndbox></object><object><name>proposal</name><bndbox><xmin>288</xmin><ymin>395</ymin><xmax>143</xmax><ymax>92</ymax></bndbox></object><object><name>proposal</name><bndbox><xmin>155</xmin><ymin>315</ymin><xmax>202</xmax><ymax>127</ymax></bndbox></object><object><name>proposal</name><bndbox><xmin>240</xmin><ymin>315</ymin><xmax>96</xmax><ymax>53</ymax></bndbox></object><object><name>proposal</name><bndbox><xmin>156</xmin><ymin>295</ymin><xmax>178</xmax><ymax>134</ymax></bndbox></object><object><name>proposal</name><bndbox><xmin>486</xmin><ymin>635</ymin><xmax>187</xmax><ymax>107</ymax></bndbox></object><object><name>proposal</name><bndbox><xmin>540</xmin><ymin>668</ymin><xmax>117</xmax><ymax>61</ymax></bndbox></object><object><name>proposal</name><bndbox><xmin>156</xmin><ymin>297</ymin><xmax>181</xmax><ymax>103</ymax></bndbox></object><object><name>proposal</name><bndbox><xmin>192</xmin><ymin>316</ymin><xmax>71</xmax><ymax>69</ymax></bndbox></object><object><name>proposal</name><bndbox><xmin>503</xmin><ymin>664</ymin><xmax>124</xmax><ymax>78</ymax></bndbox></object><object><name>proposal</name><bndbox><xmin>503</xmin><ymin>680</ymin><xmax>53</xmax><ymax>56</ymax></bndbox></object><object><name>proposal</name><bndbox><xmin>270</xmin><ymin>314</ymin><xmax>67</xmax><ymax>65</ymax></bndbox></object><object><name>proposal</name><bndbox><xmin>241</xmin><ymin>335</ymin><xmax>101</xmax><ymax>61</ymax></bndbox></object><object><name>proposal</name><bndbox><xmin>196</xmin><ymin>254</ymin><xmax>218</xmax><ymax>142</ymax></bndbox></object><object><name>proposal</name><bndbox><xmin>156</xmin><ymin>296</ymin><xmax>181</xmax><ymax>104</ymax></bndbox></object><object><name>proposal</name><bndbox><xmin>520</xmin><ymin>659</ymin><xmax>83</xmax><ymax>141</ymax></bndbox></object><object><name>proposal</name><bndbox><xmin>157</xmin><ymin>315</ymin><xmax>179</xmax><ymax>85</ymax></bndbox></object><object><name>proposal</name><bndbox><xmin>526</xmin><ymin>659</ymin><xmax>77</xmax><ymax>38</ymax></bndbox></object><object><name>proposal</name><bndbox><xmin>191</xmin><ymin>315</ymin><xmax>121</xmax><ymax>82</ymax></bndbox></object><object><name>proposal</name><bndbox><xmin>344</xmin><ymin>392</ymin><xmax>78</xmax><ymax>51</ymax></bndbox></object><object><name>proposal</name><bndbox><xmin>504</xmin><ymin>650</ymin><xmax>95</xmax><ymax>66</ymax></bndbox></object><object><name>proposal</name><bndbox><xmin>157</xmin><ymin>314</ymin><xmax>179</xmax><ymax>86</ymax></bndbox></object><object><name>proposal</name><bndbox><xmin>504</xmin><ymin>668</ymin><xmax>119</xmax><ymax>48</ymax></bndbox></object><object><name>proposal</name><bndbox><xmin>311</xmin><ymin>398</ymin><xmax>171</xmax><ymax>134</ymax></bndbox></object><object><name>proposal</name><bndbox><xmin>491</xmin><ymin>648</ymin><xmax>182</xmax><ymax>94</ymax></bndbox></object><object><name>proposal</name><bndbox><xmin>495</xmin><ymin>647</ymin><xmax>198</xmax><ymax>80</ymax></bndbox></object><object><name>proposal</name><bndbox><xmin>276</xmin><ymin>368</ymin><xmax>186</xmax><ymax>150</ymax></bndbox></object><object><name>proposal</name><bndbox><xmin>353</xmin><ymin>386</ymin><xmax>67</xmax><ymax>41</ymax></bndbox></object><object><name>proposal</name><bndbox><xmin>319</xmin><ymin>398</ymin><xmax>160</xmax><ymax>119</ymax></bndbox></object><object><name>proposal</name><bndbox><xmin>520</xmin><ymin>680</ymin><xmax>81</xmax><ymax>120</ymax></bndbox></object><object><name>proposal</name><bndbox><xmin>492</xmin><ymin>645</ymin><xmax>181</xmax><ymax>89</ymax></bndbox></object><object><name>proposal</name><bndbox><xmin>486</xmin><ymin>635</ymin><xmax>141</xmax><ymax>107</ymax></bndbox></object><object><name>proposal</name><bndbox><xmin>488</xmin><ymin>630</ymin><xmax>173</xmax><ymax>106</ymax></bndbox></object><object><name>proposal</name><bndbox><xmin>503</xmin><ymin>680</ymin><xmax>69</xmax><ymax>61</ymax></bndbox></object><object><name>proposal</name><bndbox><xmin>263</xmin><ymin>354</ymin><xmax>114</xmax><ymax>87</ymax></bndbox></object><object><name>proposal</name><bndbox><xmin>157</xmin><ymin>315</ymin><xmax>183</xmax><ymax>88</ymax></bndbox></object><object><name>proposal</name><bndbox><xmin>240</xmin><ymin>298</ymin><xmax>72</xmax><ymax>54</ymax></bndbox></object><object><name>proposal</name><bndbox><xmin>271</xmin><ymin>335</ymin><xmax>71</xmax><ymax>46</ymax></bndbox></object><object><name>proposal</name><bndbox><xmin>156</xmin><ymin>317</ymin><xmax>181</xmax><ymax>240</ymax></bndbox></object><object><name>proposal</name><bndbox><xmin>272</xmin><ymin>378</ymin><xmax>159</xmax><ymax>121</ymax></bndbox></object><object><name>proposal</name><bndbox><xmin>493</xmin><ymin>630</ymin><xmax>180</xmax><ymax>107</ymax></bndbox></object><object><name>proposal</name><bndbox><xmin>509</xmin><ymin>647</ymin><xmax>184</xmax><ymax>78</ymax></bndbox></object><object><name>proposal</name><bndbox><xmin>319</xmin><ymin>384</ymin><xmax>163</xmax><ymax>138</ymax></bndbox></object><object><name>proposal</name><bndbox><xmin>240</xmin><ymin>298</ymin><xmax>102</xmax><ymax>98</ymax></bndbox></object><object><name>proposal</name><bndbox><xmin>261</xmin><ymin>332</ymin><xmax>125</xmax><ymax>167</ymax></bndbox></object><object><name>proposal</name><bndbox><xmin>272</xmin><ymin>416</ymin><xmax>70</xmax><ymax>43</ymax></bndbox></object><object><name>proposal</name><bndbox><xmin>156</xmin><ymin>314</ymin><xmax>170</xmax><ymax>89</ymax></bndbox></object><object><name>proposal</name><bndbox><xmin>257</xmin><ymin>323</ymin><xmax>69</xmax><ymax>40</ymax></bndbox></object><object><name>proposal</name><bndbox><xmin>530</xmin><ymin>668</ymin><xmax>93</xmax><ymax>47</ymax></bndbox></object><object><name>proposal</name><bndbox><xmin>271</xmin><ymin>324</ymin><xmax>71</xmax><ymax>57</ymax></bndbox></object><object><name>proposal</name><bndbox><xmin>239</xmin><ymin>340</ymin><xmax>88</xmax><ymax>56</ymax></bndbox></object><object><name>proposal</name><bndbox><xmin>492</xmin><ymin>651</ymin><xmax>150</xmax><ymax>91</ymax></bndbox></object><object><name>proposal</name><bndbox><xmin>156</xmin><ymin>317</ymin><xmax>141</xmax><ymax>111</ymax></bndbox></object><object><name>proposal</name><bndbox><xmin>526</xmin><ymin>667</ymin><xmax>73</xmax><ymax>59</ymax></bndbox></object><object><name>proposal</name><bndbox><xmin>264</xmin><ymin>405</ymin><xmax>93</xmax><ymax>65</ymax></bndbox></object><object><name>proposal</name><bndbox><xmin>539</xmin><ymin>651</ymin><xmax>80</xmax><ymax>64</ymax></bndbox></object><object><name>proposal</name><bndbox><xmin>281</xmin><ymin>416</ymin><xmax>73</xmax><ymax>52</ymax></bndbox></object><object><name>proposal</name><bndbox><xmin>191</xmin><ymin>314</ymin><xmax>145</xmax><ymax>83</ymax></bndbox></object><object><name>proposal</name><bndbox><xmin>506</xmin><ymin>667</ymin><xmax>67</xmax><ymax>74</ymax></bndbox></object><object><name>proposal</name><bndbox><xmin>156</xmin><ymin>314</ymin><xmax>238</xmax><ymax>160</ymax></bndbox></object><object><name>proposal</name><bndbox><xmin>261</xmin><ymin>342</ymin><xmax>224</xmax><ymax>192</ymax></bndbox></object><object><name>proposal</name><bndbox><xmin>530</xmin><ymin>658</ymin><xmax>94</xmax><ymax>27</ymax></bndbox></object><object><name>proposal</name><bndbox><xmin>306</xmin><ymin>395</ymin><xmax>174</xmax><ymax>156</ymax></bndbox></object><object><name>proposal</name><bndbox><xmin>240</xmin><ymin>314</ymin><xmax>100</xmax><ymax>66</ymax></bndbox></object><object><name>proposal</name><bndbox><xmin>156</xmin><ymin>313</ymin><xmax>221</xmax><ymax>132</ymax></bndbox></object><object><name>proposal</name><bndbox><xmin>223</xmin><ymin>320</ymin><xmax>52</xmax><ymax>110</ymax></bndbox></object><object><name>proposal</name><bndbox><xmin>156</xmin><ymin>214</ymin><xmax>181</xmax><ymax>184</ymax></bndbox></object><object><name>proposal</name><bndbox><xmin>545</xmin><ymin>668</ymin><xmax>116</xmax><ymax>58</ymax></bndbox></object><object><name>proposal</name><bndbox><xmin>265</xmin><ymin>283</ymin><xmax>200</xmax><ymax>122</ymax></bndbox></object><object><name>proposal</name><bndbox><xmin>240</xmin><ymin>410</ymin><xmax>119</xmax><ymax>75</ymax></bndbox></object><object><name>proposal</name><bndbox><xmin>241</xmin><ymin>340</ymin><xmax>56</xmax><ymax>63</ymax></bndbox></object><object><name>proposal</name><bndbox><xmin>156</xmin><ymin>298</ymin><xmax>186</xmax><ymax>98</ymax></bndbox></object><object><name>proposal</name><bndbox><xmin>513</xmin><ymin>667</ymin><xmax>63</xmax><ymax>133</ymax></bndbox></object><object><name>proposal</name><bndbox><xmin>529</xmin><ymin>659</ymin><xmax>95</xmax><ymax>56</ymax></bndbox></object><object><name>proposal</name><bndbox><xmin>168</xmin><ymin>253</ymin><xmax>169</xmax><ymax>110</ymax></bndbox></object><object><name>proposal</name><bndbox><xmin>232</xmin><ymin>314</ymin><xmax>105</xmax><ymax>65</ymax></bndbox></object><object><name>proposal</name><bndbox><xmin>520</xmin><ymin>659</ymin><xmax>83</xmax><ymax>77</ymax></bndbox></object><object><name>proposal</name><bndbox><xmin>239</xmin><ymin>340</ymin><xmax>58</xmax><ymax>53</ymax></bndbox></object><object><name>proposal</name><bndbox><xmin>241</xmin><ymin>325</ymin><xmax>96</xmax><ymax>38</ymax></bndbox></object><object><name>proposal</name><bndbox><xmin>174</xmin><ymin>314</ymin><xmax>88</xmax><ymax>66</ymax></bndbox></object><object><name>proposal</name><bndbox><xmin>223</xmin><ymin>320</ymin><xmax>195</xmax><ymax>133</ymax></bndbox></object><object><name>proposal</name><bndbox><xmin>540</xmin><ymin>674</ymin><xmax>107</xmax><ymax>55</ymax></bndbox></object><object><name>proposal</name><bndbox><xmin>287</xmin><ymin>342</ymin><xmax>52</xmax><ymax>40</ymax></bndbox></object><object><name>proposal</name><bndbox><xmin>353</xmin><ymin>365</ymin><xmax>78</xmax><ymax>75</ymax></bndbox></object><object><name>proposal</name><bndbox><xmin>157</xmin><ymin>314</ymin><xmax>179</xmax><ymax>89</ymax></bndbox></object><object><name>proposal</name><bndbox><xmin>493</xmin><ymin>622</ymin><xmax>180</xmax><ymax>115</ymax></bndbox></object><object><name>proposal</name><bndbox><xmin>506</xmin><ymin>673</ymin><xmax>61</xmax><ymax>69</ymax></bndbox></object><object><name>proposal</name><bndbox><xmin>265</xmin><ymin>332</ymin><xmax>74</xmax><ymax>46</ymax></bndbox></object><object><name>proposal</name><bndbox><xmin>227</xmin><ymin>319</ymin><xmax>167</xmax><ymax>140</ymax></bndbox></object><object><name>proposal</name><bndbox><xmin>344</xmin><ymin>395</ymin><xmax>74</xmax><ymax>58</ymax></bndbox></object><object><name>proposal</name><bndbox><xmin>193</xmin><ymin>314</ymin><xmax>166</xmax><ymax>132</ymax></bndbox></object><object><name>proposal</name><bndbox><xmin>503</xmin><ymin>673</ymin><xmax>62</xmax><ymax>68</ymax></bndbox></object><object><name>proposal</name><bndbox><xmin>196</xmin><ymin>254</ymin><xmax>209</xmax><ymax>142</ymax></bndbox></object><object><name>proposal</name><bndbox><xmin>271</xmin><ymin>342</ymin><xmax>56</xmax><ymax>39</ymax></bndbox></object><object><name>proposal</name><bndbox><xmin>347</xmin><ymin>395</ymin><xmax>47</xmax><ymax>46</ymax></bndbox></object><object><name>proposal</name><bndbox><xmin>358</xmin><ymin>365</ymin><xmax>73</xmax><ymax>75</ymax></bndbox></object><object><name>proposal</name><bndbox><xmin>562</xmin><ymin>668</ymin><xmax>98</xmax><ymax>57</ymax></bndbox></object><object><name>proposal</name><bndbox><xmin>513</xmin><ymin>667</ymin><xmax>60</xmax><ymax>70</ymax></bndbox></object><object><name>proposal</name><bndbox><xmin>276</xmin><ymin>368</ymin><xmax>82</xmax><ymax>74</ymax></bndbox></object><object><name>proposal</name><bndbox><xmin>509</xmin><ymin>647</ymin><xmax>164</xmax><ymax>78</ymax></bndbox></object><object><name>proposal</name><bndbox><xmin>503</xmin><ymin>673</ymin><xmax>69</xmax><ymax>68</ymax></bndbox></object><object><name>proposal</name><bndbox><xmin>289</xmin><ymin>324</ymin><xmax>53</xmax><ymax>56</ymax></bndbox></object><object><name>proposal</name><bndbox><xmin>530</xmin><ymin>668</ymin><xmax>93</xmax><ymax>46</ymax></bndbox></object><object><name>proposal</name><bndbox><xmin>261</xmin><ymin>368</ymin><xmax>96</xmax><ymax>74</ymax></bndbox></object><object><name>proposal</name><bndbox><xmin>288</xmin><ymin>416</ymin><xmax>165</xmax><ymax>96</ymax></bndbox></object><object><name>proposal</name><bndbox><xmin>240</xmin><ymin>410</ymin><xmax>119</xmax><ymax>78</ymax></bndbox></object><object><name>proposal</name><bndbox><xmin>191</xmin><ymin>314</ymin><xmax>121</xmax><ymax>83</ymax></bndbox></object><object><name>proposal</name><bndbox><xmin>347</xmin><ymin>384</ymin><xmax>50</xmax><ymax>57</ymax></bndbox></object><object><name>proposal</name><bndbox><xmin>504</xmin><ymin>650</ymin><xmax>159</xmax><ymax>66</ymax></bndbox></object><object><name>proposal</name><bndbox><xmin>504</xmin><ymin>650</ymin><xmax>159</xmax><ymax>150</ymax></bndbox></object><object><name>proposal</name><bndbox><xmin>221</xmin><ymin>315</ymin><xmax>116</xmax><ymax>48</ymax></bndbox></object><object><name>proposal</name><bndbox><xmin>168</xmin><ymin>296</ymin><xmax>169</xmax><ymax>67</ymax></bndbox></object><object><name>proposal</name><bndbox><xmin>319</xmin><ymin>395</ymin><xmax>164</xmax><ymax>134</ymax></bndbox></object><object><name>proposal</name><bndbox><xmin>240</xmin><ymin>314</ymin><xmax>72</xmax><ymax>32</ymax></bndbox></object><object><name>proposal</name><bndbox><xmin>488</xmin><ymin>630</ymin><xmax>173</xmax><ymax>111</ymax></bndbox></object><object><name>proposal</name><bndbox><xmin>157</xmin><ymin>315</ymin><xmax>155</xmax><ymax>85</ymax></bndbox></object><object><name>proposal</name><bndbox><xmin>223</xmin><ymin>320</ymin><xmax>195</xmax><ymax>179</ymax></bndbox></object><object><name>proposal</name><bndbox><xmin>513</xmin><ymin>667</ymin><xmax>91</xmax><ymax>133</ymax></bndbox></object><object><name>proposal</name><bndbox><xmin>281</xmin><ymin>365</ymin><xmax>167</xmax><ymax>81</ymax></bndbox></object><object><name>proposal</name><bndbox><xmin>496</xmin><ymin>645</ymin><xmax>166</xmax><ymax>96</ymax></bndbox></object><object><name>proposal</name><bndbox><xmin>541</xmin><ymin>677</ymin><xmax>32</xmax><ymax>52</ymax></bndbox></object><object><name>proposal</name><bndbox><xmin>319</xmin><ymin>384</ymin><xmax>163</xmax><ymax>148</ymax></bndbox></object><object><name>proposal</name><bndbox><xmin>156</xmin><ymin>316</ymin><xmax>154</xmax><ymax>170</ymax></bndbox></object><object><name>proposal</name><bndbox><xmin>520</xmin><ymin>648</ymin><xmax>143</xmax><ymax>152</ymax></bndbox></object><object><name>proposal</name><bndbox><xmin>240</xmin><ymin>405</ymin><xmax>117</xmax><ymax>80</ymax></bndbox></object><object><name>proposal</name><bndbox><xmin>239</xmin><ymin>340</ymin><xmax>88</xmax><ymax>53</ymax></bndbox></object><object><name>proposal</name><bndbox><xmin>261</xmin><ymin>361</ymin><xmax>162</xmax><ymax>126</ymax></bndbox></object><object><name>proposal</name><bndbox><xmin>156</xmin><ymin>214</ymin><xmax>181</xmax><ymax>186</ymax></bndbox></object><object><name>proposal</name><bndbox><xmin>212</xmin><ymin>314</ymin><xmax>114</xmax><ymax>34</ymax></bndbox></object><object><name>proposal</name><bndbox><xmin>265</xmin><ymin>332</ymin><xmax>61</xmax><ymax>41</ymax></bndbox></object><object><name>proposal</name><bndbox><xmin>263</xmin><ymin>354</ymin><xmax>114</xmax><ymax>114</ymax></bndbox></object><object><name>proposal</name><bndbox><xmin>265</xmin><ymin>332</ymin><xmax>62</xmax><ymax>51</ymax></bndbox></object><object><name>proposal</name><bndbox><xmin>492</xmin><ymin>651</ymin><xmax>135</xmax><ymax>91</ymax></bndbox></object><object><name>proposal</name><bndbox><xmin>319</xmin><ymin>398</ymin><xmax>154</xmax><ymax>134</ymax></bndbox></object><object><name>proposal</name><bndbox><xmin>530</xmin><ymin>651</ymin><xmax>90</xmax><ymax>63</ymax></bndbox></object></annotation>