<annotation><folder>Proposals</folder><filename>img-176.jpg</filename><size><width>720</width><height>720</height><depth>3</depth></size><object><name>proposal</name><bndbox><xmin>0</xmin><ymin>284</ymin><xmax>188</xmax><ymax>214</ymax></bndbox></object><object><name>proposal</name><bndbox><xmin>293</xmin><ymin>386</ymin><xmax>148</xmax><ymax>121</ymax></bndbox></object><object><name>proposal</name><bndbox><xmin>294</xmin><ymin>327</ymin><xmax>348</xmax><ymax>166</ymax></bndbox></object><object><name>proposal</name><bndbox><xmin>17</xmin><ymin>265</ymin><xmax>135</xmax><ymax>87</ymax></bndbox></object><object><name>proposal</name><bndbox><xmin>293</xmin><ymin>380</ymin><xmax>154</xmax><ymax>127</ymax></bndbox></object><object><name>proposal</name><bndbox><xmin>73</xmin><ymin>284</ymin><xmax>231</xmax><ymax>102</ymax></bndbox></object><object><name>proposal</name><bndbox><xmin>279</xmin><ymin>399</ymin><xmax>201</xmax><ymax>125</ymax></bndbox></object><object><name>proposal</name><bndbox><xmin>17</xmin><ymin>265</ymin><xmax>248</xmax><ymax>121</ymax></bndbox></object><object><name>proposal</name><bndbox><xmin>53</xmin><ymin>304</ymin><xmax>140</xmax><ymax>82</ymax></bndbox></object><object><name>proposal</name><bndbox><xmin>236</xmin><ymin>325</ymin><xmax>275</xmax><ymax>124</ymax></bndbox></object><object><name>proposal</name><bndbox><xmin>263</xmin><ymin>306</ymin><xmax>262</xmax><ymax>170</ymax></bndbox></object><object><name>proposal</name><bndbox><xmin>18</xmin><ymin>289</ymin><xmax>171</xmax><ymax>97</ymax></bndbox></object><object><name>proposal</name><bndbox><xmin>279</xmin><ymin>327</ymin><xmax>215</xmax><ymax>180</ymax></bndbox></object><object><name>proposal</name><bndbox><xmin>263</xmin><ymin>290</ymin><xmax>229</xmax><ymax>85</ymax></bndbox></object><object><name>proposal</name><bndbox><xmin>291</xmin><ymin>316</ymin><xmax>215</xmax><ymax>141</ymax></bndbox></object><object><name>proposal</name><bndbox><xmin>294</xmin><ymin>311</ymin><xmax>221</xmax><ymax>201</ymax></bndbox></object><object><name>proposal</name><bndbox><xmin>0</xmin><ymin>265</ymin><xmax>156</xmax><ymax>151</ymax></bndbox></object><object><name>proposal</name><bndbox><xmin>0</xmin><ymin>265</ymin><xmax>188</xmax><ymax>178</ymax></bndbox></object><object><name>proposal</name><bndbox><xmin>295</xmin><ymin>325</ymin><xmax>218</xmax><ymax>120</ymax></bndbox></object><object><name>proposal</name><bndbox><xmin>0</xmin><ymin>278</ymin><xmax>157</xmax><ymax>81</ymax></bndbox></object><object><name>proposal</name><bndbox><xmin>0</xmin><ymin>265</ymin><xmax>157</xmax><ymax>172</ymax></bndbox></object><object><name>proposal</name><bndbox><xmin>0</xmin><ymin>278</ymin><xmax>187</xmax><ymax>74</ymax></bndbox></object><object><name>proposal</name><bndbox><xmin>169</xmin><ymin>297</ymin><xmax>221</xmax><ymax>108</ymax></bndbox></object><object><name>proposal</name><bndbox><xmin>263</xmin><ymin>311</ymin><xmax>379</xmax><ymax>212</ymax></bndbox></object><object><name>proposal</name><bndbox><xmin>0</xmin><ymin>260</ymin><xmax>156</xmax><ymax>155</ymax></bndbox></object><object><name>proposal</name><bndbox><xmin>293</xmin><ymin>308</ymin><xmax>453</xmax><ymax>244</ymax></bndbox></object><object><name>proposal</name><bndbox><xmin>263</xmin><ymin>308</ymin><xmax>326</xmax><ymax>200</ymax></bndbox></object><object><name>proposal</name><bndbox><xmin>279</xmin><ymin>327</ymin><xmax>363</xmax><ymax>180</ymax></bndbox></object><object><name>proposal</name><bndbox><xmin>236</xmin><ymin>308</ymin><xmax>275</xmax><ymax>141</ymax></bndbox></object><object><name>proposal</name><bndbox><xmin>0</xmin><ymin>281</ymin><xmax>187</xmax><ymax>135</ymax></bndbox></object><object><name>proposal</name><bndbox><xmin>264</xmin><ymin>267</ymin><xmax>232</xmax><ymax>178</ymax></bndbox></object><object><name>proposal</name><bndbox><xmin>293</xmin><ymin>327</ymin><xmax>200</xmax><ymax>119</ymax></bndbox></object><object><name>proposal</name><bndbox><xmin>237</xmin><ymin>312</ymin><xmax>278</xmax><ymax>176</ymax></bndbox></object><object><name>proposal</name><bndbox><xmin>236</xmin><ymin>316</ymin><xmax>279</xmax><ymax>196</ymax></bndbox></object><object><name>proposal</name><bndbox><xmin>279</xmin><ymin>316</ymin><xmax>236</xmax><ymax>194</ymax></bndbox></object><object><name>proposal</name><bndbox><xmin>279</xmin><ymin>380</ymin><xmax>163</xmax><ymax>127</ymax></bndbox></object><object><name>proposal</name><bndbox><xmin>0</xmin><ymin>263</ymin><xmax>187</xmax><ymax>96</ymax></bndbox></object><object><name>proposal</name><bndbox><xmin>81</xmin><ymin>295</ymin><xmax>106</xmax><ymax>29</ymax></bndbox></object><object><name>proposal</name><bndbox><xmin>255</xmin><ymin>388</ymin><xmax>179</xmax><ymax>123</ymax></bndbox></object><object><name>proposal</name><bndbox><xmin>263</xmin><ymin>311</ymin><xmax>248</xmax><ymax>64</ymax></bndbox></object><object><name>proposal</name><bndbox><xmin>0</xmin><ymin>282</ymin><xmax>244</xmax><ymax>161</ymax></bndbox></object><object><name>proposal</name><bndbox><xmin>68</xmin><ymin>266</ymin><xmax>445</xmax><ymax>245</ymax></bndbox></object><object><name>proposal</name><bndbox><xmin>0</xmin><ymin>281</ymin><xmax>157</xmax><ymax>158</ymax></bndbox></object><object><name>proposal</name><bndbox><xmin>205</xmin><ymin>325</ymin><xmax>291</xmax><ymax>186</ymax></bndbox></object><object><name>proposal</name><bndbox><xmin>0</xmin><ymin>278</ymin><xmax>511</xmax><ymax>245</ymax></bndbox></object><object><name>proposal</name><bndbox><xmin>107</xmin><ymin>296</ymin><xmax>404</xmax><ymax>189</ymax></bndbox></object><object><name>proposal</name><bndbox><xmin>0</xmin><ymin>282</ymin><xmax>213</xmax><ymax>161</ymax></bndbox></object><object><name>proposal</name><bndbox><xmin>65</xmin><ymin>284</ymin><xmax>292</xmax><ymax>149</ymax></bndbox></object><object><name>proposal</name><bndbox><xmin>28</xmin><ymin>265</ymin><xmax>124</xmax><ymax>90</ymax></bndbox></object><object><name>proposal</name><bndbox><xmin>0</xmin><ymin>287</ymin><xmax>195</xmax><ymax>153</ymax></bndbox></object><object><name>proposal</name><bndbox><xmin>294</xmin><ymin>327</ymin><xmax>450</xmax><ymax>206</ymax></bndbox></object><object><name>proposal</name><bndbox><xmin>236</xmin><ymin>325</ymin><xmax>353</xmax><ymax>151</ymax></bndbox></object><object><name>proposal</name><bndbox><xmin>293</xmin><ymin>327</ymin><xmax>199</xmax><ymax>180</ymax></bndbox></object><object><name>proposal</name><bndbox><xmin>0</xmin><ymin>281</ymin><xmax>525</xmax><ymax>231</ymax></bndbox></object><object><name>proposal</name><bndbox><xmin>214</xmin><ymin>385</ymin><xmax>266</xmax><ymax>139</ymax></bndbox></object><object><name>proposal</name><bndbox><xmin>309</xmin><ymin>308</ymin><xmax>229</xmax><ymax>89</ymax></bndbox></object><object><name>proposal</name><bndbox><xmin>78</xmin><ymin>284</ymin><xmax>187</xmax><ymax>43</ymax></bndbox></object><object><name>proposal</name><bndbox><xmin>29</xmin><ymin>278</ymin><xmax>275</xmax><ymax>108</ymax></bndbox></object><object><name>proposal</name><bndbox><xmin>53</xmin><ymin>284</ymin><xmax>251</xmax><ymax>102</ymax></bndbox></object><object><name>proposal</name><bndbox><xmin>78</xmin><ymin>284</ymin><xmax>187</xmax><ymax>59</ymax></bndbox></object><object><name>proposal</name><bndbox><xmin>145</xmin><ymin>306</ymin><xmax>444</xmax><ymax>140</ymax></bndbox></object><object><name>proposal</name><bndbox><xmin>255</xmin><ymin>308</ymin><xmax>283</xmax><ymax>199</ymax></bndbox></object><object><name>proposal</name><bndbox><xmin>73</xmin><ymin>304</ymin><xmax>114</xmax><ymax>82</ymax></bndbox></object><object><name>proposal</name><bndbox><xmin>309</xmin><ymin>308</ymin><xmax>280</xmax><ymax>64</ymax></bndbox></object><object><name>proposal</name><bndbox><xmin>236</xmin><ymin>316</ymin><xmax>275</xmax><ymax>194</ymax></bndbox></object><object><name>proposal</name><bndbox><xmin>255</xmin><ymin>308</ymin><xmax>412</xmax><ymax>207</ymax></bndbox></object><object><name>proposal</name><bndbox><xmin>279</xmin><ymin>327</ymin><xmax>465</xmax><ymax>206</ymax></bndbox></object><object><name>proposal</name><bndbox><xmin>261</xmin><ymin>316</ymin><xmax>252</xmax><ymax>141</ymax></bndbox></object><object><name>proposal</name><bndbox><xmin>17</xmin><ymin>265</ymin><xmax>171</xmax><ymax>90</ymax></bndbox></object><object><name>proposal</name><bndbox><xmin>54</xmin><ymin>306</ymin><xmax>131</xmax><ymax>80</ymax></bndbox></object><object><name>proposal</name><bndbox><xmin>305</xmin><ymin>308</ymin><xmax>284</xmax><ymax>65</ymax></bndbox></object><object><name>proposal</name><bndbox><xmin>20</xmin><ymin>288</ymin><xmax>233</xmax><ymax>99</ymax></bndbox></object><object><name>proposal</name><bndbox><xmin>56</xmin><ymin>304</ymin><xmax>131</xmax><ymax>82</ymax></bndbox></object><object><name>proposal</name><bndbox><xmin>294</xmin><ymin>311</ymin><xmax>231</xmax><ymax>201</ymax></bndbox></object><object><name>proposal</name><bndbox><xmin>17</xmin><ymin>289</ymin><xmax>181</xmax><ymax>97</ymax></bndbox></object><object><name>proposal</name><bndbox><xmin>59</xmin><ymin>295</ymin><xmax>128</xmax><ymax>26</ymax></bndbox></object><object><name>proposal</name><bndbox><xmin>95</xmin><ymin>290</ymin><xmax>193</xmax><ymax>36</ymax></bndbox></object><object><name>proposal</name><bndbox><xmin>263</xmin><ymin>308</ymin><xmax>483</xmax><ymax>244</ymax></bndbox></object><object><name>proposal</name><bndbox><xmin>0</xmin><ymin>278</ymin><xmax>187</xmax><ymax>81</ymax></bndbox></object><object><name>proposal</name><bndbox><xmin>53</xmin><ymin>284</ymin><xmax>212</xmax><ymax>155</ymax></bndbox></object><object><name>proposal</name><bndbox><xmin>293</xmin><ymin>380</ymin><xmax>154</xmax><ymax>143</ymax></bndbox></object><object><name>proposal</name><bndbox><xmin>0</xmin><ymin>282</ymin><xmax>212</xmax><ymax>161</ymax></bndbox></object><object><name>proposal</name><bndbox><xmin>255</xmin><ymin>327</ymin><xmax>237</xmax><ymax>180</ymax></bndbox></object><object><name>proposal</name><bndbox><xmin>293</xmin><ymin>327</ymin><xmax>232</xmax><ymax>149</ymax></bndbox></object><object><name>proposal</name><bndbox><xmin>293</xmin><ymin>308</ymin><xmax>374</xmax><ymax>206</ymax></bndbox></object><object><name>proposal</name><bndbox><xmin>264</xmin><ymin>325</ymin><xmax>232</xmax><ymax>120</ymax></bndbox></object><object><name>proposal</name><bndbox><xmin>237</xmin><ymin>316</ymin><xmax>276</xmax><ymax>141</ymax></bndbox></object><object><name>proposal</name><bndbox><xmin>0</xmin><ymin>281</ymin><xmax>187</xmax><ymax>163</ymax></bndbox></object><object><name>proposal</name><bndbox><xmin>264</xmin><ymin>267</ymin><xmax>228</xmax><ymax>110</ymax></bndbox></object><object><name>proposal</name><bndbox><xmin>237</xmin><ymin>316</ymin><xmax>277</xmax><ymax>145</ymax></bndbox></object><object><name>proposal</name><bndbox><xmin>0</xmin><ymin>281</ymin><xmax>157</xmax><ymax>162</ymax></bndbox></object><object><name>proposal</name><bndbox><xmin>293</xmin><ymin>308</ymin><xmax>374</xmax><ymax>207</ymax></bndbox></object><object><name>proposal</name><bndbox><xmin>29</xmin><ymin>278</ymin><xmax>158</xmax><ymax>108</ymax></bndbox></object><object><name>proposal</name><bndbox><xmin>53</xmin><ymin>296</ymin><xmax>134</xmax><ymax>91</ymax></bndbox></object><object><name>proposal</name><bndbox><xmin>236</xmin><ymin>325</ymin><xmax>275</xmax><ymax>182</ymax></bndbox></object><object><name>proposal</name><bndbox><xmin>18</xmin><ymin>289</ymin><xmax>170</xmax><ymax>97</ymax></bndbox></object><object><name>proposal</name><bndbox><xmin>73</xmin><ymin>284</ymin><xmax>177</xmax><ymax>155</ymax></bndbox></object><object><name>proposal</name><bndbox><xmin>53</xmin><ymin>284</ymin><xmax>222</xmax><ymax>155</ymax></bndbox></object><object><name>proposal</name><bndbox><xmin>65</xmin><ymin>284</ymin><xmax>292</xmax><ymax>128</ymax></bndbox></object><object><name>proposal</name><bndbox><xmin>73</xmin><ymin>304</ymin><xmax>120</xmax><ymax>82</ymax></bndbox></object><object><name>proposal</name><bndbox><xmin>17</xmin><ymin>278</ymin><xmax>287</xmax><ymax>108</ymax></bndbox></object><object><name>proposal</name><bndbox><xmin>309</xmin><ymin>308</ymin><xmax>280</xmax><ymax>89</ymax></bndbox></object><object><name>proposal</name><bndbox><xmin>72</xmin><ymin>306</ymin><xmax>110</xmax><ymax>80</ymax></bndbox></object><object><name>proposal</name><bndbox><xmin>68</xmin><ymin>284</ymin><xmax>366</xmax><ymax>227</ymax></bndbox></object><object><name>proposal</name><bndbox><xmin>0</xmin><ymin>265</ymin><xmax>157</xmax><ymax>178</ymax></bndbox></object><object><name>proposal</name><bndbox><xmin>0</xmin><ymin>287</ymin><xmax>258</xmax><ymax>153</ymax></bndbox></object><object><name>proposal</name><bndbox><xmin>236</xmin><ymin>316</ymin><xmax>289</xmax><ymax>196</ymax></bndbox></object><object><name>proposal</name><bndbox><xmin>72</xmin><ymin>306</ymin><xmax>123</xmax><ymax>80</ymax></bndbox></object><object><name>proposal</name><bndbox><xmin>291</xmin><ymin>327</ymin><xmax>201</xmax><ymax>180</ymax></bndbox></object><object><name>proposal</name><bndbox><xmin>123</xmin><ymin>296</ymin><xmax>324</xmax><ymax>211</ymax></bndbox></object><object><name>proposal</name><bndbox><xmin>0</xmin><ymin>278</ymin><xmax>157</xmax><ymax>159</ymax></bndbox></object><object><name>proposal</name><bndbox><xmin>264</xmin><ymin>267</ymin><xmax>335</xmax><ymax>232</ymax></bndbox></object><object><name>proposal</name><bndbox><xmin>264</xmin><ymin>294</ymin><xmax>228</xmax><ymax>83</ymax></bndbox></object><object><name>proposal</name><bndbox><xmin>95</xmin><ymin>284</ymin><xmax>170</xmax><ymax>58</ymax></bndbox></object><object><name>proposal</name><bndbox><xmin>0</xmin><ymin>289</ymin><xmax>148</xmax><ymax>126</ymax></bndbox></object><object><name>proposal</name><bndbox><xmin>0</xmin><ymin>287</ymin><xmax>253</xmax><ymax>157</ymax></bndbox></object><object><name>proposal</name><bndbox><xmin>279</xmin><ymin>316</ymin><xmax>236</xmax><ymax>196</ymax></bndbox></object><object><name>proposal</name><bndbox><xmin>293</xmin><ymin>290</ymin><xmax>200</xmax><ymax>234</ymax></bndbox></object><object><name>proposal</name><bndbox><xmin>236</xmin><ymin>308</ymin><xmax>289</xmax><ymax>199</ymax></bndbox></object><object><name>proposal</name><bndbox><xmin>237</xmin><ymin>309</ymin><xmax>278</xmax><ymax>179</ymax></bndbox></object><object><name>proposal</name><bndbox><xmin>236</xmin><ymin>308</ymin><xmax>275</xmax><ymax>199</ymax></bndbox></object><object><name>proposal</name><bndbox><xmin>263</xmin><ymin>316</ymin><xmax>252</xmax><ymax>172</ymax></bndbox></object><object><name>proposal</name><bndbox><xmin>73</xmin><ymin>284</ymin><xmax>233</xmax><ymax>155</ymax></bndbox></object><object><name>proposal</name><bndbox><xmin>81</xmin><ymin>295</ymin><xmax>106</xmax><ymax>24</ymax></bndbox></object><object><name>proposal</name><bndbox><xmin>263</xmin><ymin>311</ymin><xmax>248</xmax><ymax>72</ymax></bndbox></object><object><name>proposal</name><bndbox><xmin>0</xmin><ymin>318</ymin><xmax>149</xmax><ymax>97</ymax></bndbox></object><object><name>proposal</name><bndbox><xmin>0</xmin><ymin>329</ymin><xmax>197</xmax><ymax>103</ymax></bndbox></object><object><name>proposal</name><bndbox><xmin>73</xmin><ymin>284</ymin><xmax>233</xmax><ymax>138</ymax></bndbox></object><object><name>proposal</name><bndbox><xmin>123</xmin><ymin>296</ymin><xmax>319</xmax><ymax>211</ymax></bndbox></object><object><name>proposal</name><bndbox><xmin>0</xmin><ymin>287</ymin><xmax>258</xmax><ymax>156</ymax></bndbox></object><object><name>proposal</name><bndbox><xmin>43</xmin><ymin>333</ymin><xmax>105</xmax><ymax>82</ymax></bndbox></object><object><name>proposal</name><bndbox><xmin>72</xmin><ymin>306</ymin><xmax>113</xmax><ymax>80</ymax></bndbox></object><object><name>proposal</name><bndbox><xmin>279</xmin><ymin>316</ymin><xmax>234</xmax><ymax>141</ymax></bndbox></object><object><name>proposal</name><bndbox><xmin>305</xmin><ymin>308</ymin><xmax>284</xmax><ymax>70</ymax></bndbox></object><object><name>proposal</name><bndbox><xmin>236</xmin><ymin>311</ymin><xmax>289</xmax><ymax>201</ymax></bndbox></object><object><name>proposal</name><bndbox><xmin>293</xmin><ymin>380</ymin><xmax>149</xmax><ymax>127</ymax></bndbox></object><object><name>proposal</name><bndbox><xmin>0</xmin><ymin>287</ymin><xmax>193</xmax><ymax>150</ymax></bndbox></object><object><name>proposal</name><bndbox><xmin>82</xmin><ymin>295</ymin><xmax>105</xmax><ymax>24</ymax></bndbox></object><object><name>proposal</name><bndbox><xmin>295</xmin><ymin>325</ymin><xmax>201</xmax><ymax>120</ymax></bndbox></object><object><name>proposal</name><bndbox><xmin>309</xmin><ymin>308</ymin><xmax>229</xmax><ymax>55</ymax></bndbox></object><object><name>proposal</name><bndbox><xmin>279</xmin><ymin>327</ymin><xmax>363</xmax><ymax>196</ymax></bndbox></object><object><name>proposal</name><bndbox><xmin>237</xmin><ymin>316</ymin><xmax>278</xmax><ymax>194</ymax></bndbox></object><object><name>proposal</name><bndbox><xmin>262</xmin><ymin>316</ymin><xmax>252</xmax><ymax>145</ymax></bndbox></object><object><name>proposal</name><bndbox><xmin>0</xmin><ymin>265</ymin><xmax>589</xmax><ymax>181</ymax></bndbox></object><object><name>proposal</name><bndbox><xmin>72</xmin><ymin>277</ymin><xmax>193</xmax><ymax>109</ymax></bndbox></object><object><name>proposal</name><bndbox><xmin>0</xmin><ymin>281</ymin><xmax>157</xmax><ymax>156</ymax></bndbox></object><object><name>proposal</name><bndbox><xmin>0</xmin><ymin>260</ymin><xmax>493</xmax><ymax>264</ymax></bndbox></object><object><name>proposal</name><bndbox><xmin>237</xmin><ymin>316</ymin><xmax>277</xmax><ymax>172</ymax></bndbox></object><object><name>proposal</name><bndbox><xmin>305</xmin><ymin>308</ymin><xmax>186</xmax><ymax>43</ymax></bndbox></object><object><name>proposal</name><bndbox><xmin>305</xmin><ymin>308</ymin><xmax>284</xmax><ymax>81</ymax></bndbox></object><object><name>proposal</name><bndbox><xmin>293</xmin><ymin>327</ymin><xmax>201</xmax><ymax>180</ymax></bndbox></object><object><name>proposal</name><bndbox><xmin>0</xmin><ymin>278</ymin><xmax>193</xmax><ymax>159</ymax></bndbox></object><object><name>proposal</name><bndbox><xmin>263</xmin><ymin>316</ymin><xmax>251</xmax><ymax>172</ymax></bndbox></object><object><name>proposal</name><bndbox><xmin>0</xmin><ymin>260</ymin><xmax>156</xmax><ymax>184</ymax></bndbox></object><object><name>proposal</name><bndbox><xmin>0</xmin><ymin>281</ymin><xmax>156</xmax><ymax>163</ymax></bndbox></object><object><name>proposal</name><bndbox><xmin>18</xmin><ymin>289</ymin><xmax>167</xmax><ymax>97</ymax></bndbox></object><object><name>proposal</name><bndbox><xmin>0</xmin><ymin>260</ymin><xmax>156</xmax><ymax>172</ymax></bndbox></object><object><name>proposal</name><bndbox><xmin>18</xmin><ymin>289</ymin><xmax>177</xmax><ymax>97</ymax></bndbox></object><object><name>proposal</name><bndbox><xmin>58</xmin><ymin>297</ymin><xmax>130</xmax><ymax>27</ymax></bndbox></object><object><name>proposal</name><bndbox><xmin>236</xmin><ymin>316</ymin><xmax>289</xmax><ymax>195</ymax></bndbox></object><object><name>proposal</name><bndbox><xmin>73</xmin><ymin>284</ymin><xmax>192</xmax><ymax>155</ymax></bndbox></object><object><name>proposal</name><bndbox><xmin>293</xmin><ymin>308</ymin><xmax>216</xmax><ymax>200</ymax></bndbox></object><object><name>proposal</name><bndbox><xmin>0</xmin><ymin>263</ymin><xmax>187</xmax><ymax>152</ymax></bndbox></object><object><name>proposal</name><bndbox><xmin>73</xmin><ymin>284</ymin><xmax>177</xmax><ymax>138</ymax></bndbox></object><object><name>proposal</name><bndbox><xmin>169</xmin><ymin>290</ymin><xmax>399</xmax><ymax>118</ymax></bndbox></object><object><name>proposal</name><bndbox><xmin>0</xmin><ymin>289</ymin><xmax>148</xmax><ymax>155</ymax></bndbox></object><object><name>proposal</name><bndbox><xmin>150</xmin><ymin>277</ymin><xmax>278</xmax><ymax>217</ymax></bndbox></object><object><name>proposal</name><bndbox><xmin>263</xmin><ymin>290</ymin><xmax>482</xmax><ymax>267</ymax></bndbox></object><object><name>proposal</name><bndbox><xmin>0</xmin><ymin>287</ymin><xmax>199</xmax><ymax>156</ymax></bndbox></object><object><name>proposal</name><bndbox><xmin>18</xmin><ymin>289</ymin><xmax>130</xmax><ymax>126</ymax></bndbox></object><object><name>proposal</name><bndbox><xmin>17</xmin><ymin>278</ymin><xmax>287</xmax><ymax>55</ymax></bndbox></object><object><name>proposal</name><bndbox><xmin>0</xmin><ymin>268</ymin><xmax>187</xmax><ymax>147</ymax></bndbox></object><object><name>proposal</name><bndbox><xmin>293</xmin><ymin>380</ymin><xmax>149</xmax><ymax>143</ymax></bndbox></object><object><name>proposal</name><bndbox><xmin>0</xmin><ymin>278</ymin><xmax>157</xmax><ymax>74</ymax></bndbox></object><object><name>proposal</name><bndbox><xmin>58</xmin><ymin>297</ymin><xmax>130</xmax><ymax>55</ymax></bndbox></object><object><name>proposal</name><bndbox><xmin>65</xmin><ymin>284</ymin><xmax>292</xmax><ymax>162</ymax></bndbox></object><object><name>proposal</name><bndbox><xmin>0</xmin><ymin>267</ymin><xmax>129</xmax><ymax>90</ymax></bndbox></object><object><name>proposal</name><bndbox><xmin>95</xmin><ymin>290</ymin><xmax>193</xmax><ymax>53</ymax></bndbox></object><object><name>proposal</name><bndbox><xmin>295</xmin><ymin>325</ymin><xmax>230</xmax><ymax>152</ymax></bndbox></object><object><name>proposal</name><bndbox><xmin>236</xmin><ymin>308</ymin><xmax>353</xmax><ymax>168</ymax></bndbox></object><object><name>proposal</name><bndbox><xmin>236</xmin><ymin>308</ymin><xmax>289</xmax><ymax>168</ymax></bndbox></object><object><name>proposal</name><bndbox><xmin>214</xmin><ymin>376</ymin><xmax>223</xmax><ymax>148</ymax></bndbox></object><object><name>proposal</name><bndbox><xmin>236</xmin><ymin>308</ymin><xmax>353</xmax><ymax>199</ymax></bndbox></object><object><name>proposal</name><bndbox><xmin>20</xmin><ymin>288</ymin><xmax>173</xmax><ymax>99</ymax></bndbox></object><object><name>proposal</name><bndbox><xmin>0</xmin><ymin>265</ymin><xmax>250</xmax><ymax>178</ymax></bndbox></object><object><name>proposal</name><bndbox><xmin>17</xmin><ymin>265</ymin><xmax>135</xmax><ymax>90</ymax></bndbox></object><object><name>proposal</name><bndbox><xmin>237</xmin><ymin>316</ymin><xmax>277</xmax><ymax>190</ymax></bndbox></object><object><name>proposal</name><bndbox><xmin>237</xmin><ymin>316</ymin><xmax>277</xmax><ymax>141</ymax></bndbox></object><object><name>proposal</name><bndbox><xmin>214</xmin><ymin>311</ymin><xmax>297</xmax><ymax>201</ymax></bndbox></object><object><name>proposal</name><bndbox><xmin>68</xmin><ymin>266</ymin><xmax>428</xmax><ymax>245</ymax></bndbox></object><object><name>proposal</name><bndbox><xmin>17</xmin><ymin>265</ymin><xmax>170</xmax><ymax>121</ymax></bndbox></object><object><name>proposal</name><bndbox><xmin>309</xmin><ymin>308</ymin><xmax>358</xmax><ymax>207</ymax></bndbox></object><object><name>proposal</name><bndbox><xmin>0</xmin><ymin>288</ymin><xmax>188</xmax><ymax>210</ymax></bndbox></object><object><name>proposal</name><bndbox><xmin>16</xmin><ymin>287</ymin><xmax>237</xmax><ymax>100</ymax></bndbox></object><object><name>proposal</name><bndbox><xmin>214</xmin><ymin>376</ymin><xmax>311</xmax><ymax>148</ymax></bndbox></object><object><name>proposal</name><bndbox><xmin>263</xmin><ymin>306</ymin><xmax>229</xmax><ymax>69</ymax></bndbox></object><object><name>proposal</name><bndbox><xmin>0</xmin><ymin>281</ymin><xmax>198</xmax><ymax>163</ymax></bndbox></object><object><name>proposal</name><bndbox><xmin>279</xmin><ymin>316</ymin><xmax>246</xmax><ymax>196</ymax></bndbox></object><object><name>proposal</name><bndbox><xmin>53</xmin><ymin>284</ymin><xmax>253</xmax><ymax>155</ymax></bndbox></object><object><name>proposal</name><bndbox><xmin>292</xmin><ymin>316</ymin><xmax>221</xmax><ymax>124</ymax></bndbox></object><object><name>proposal</name><bndbox><xmin>263</xmin><ymin>311</ymin><xmax>481</xmax><ymax>222</ymax></bndbox></object><object><name>proposal</name><bndbox><xmin>237</xmin><ymin>284</ymin><xmax>278</xmax><ymax>204</ymax></bndbox></object><object><name>proposal</name><bndbox><xmin>148</xmin><ymin>295</ymin><xmax>68</xmax><ymax>61</ymax></bndbox></object><object><name>proposal</name><bndbox><xmin>264</xmin><ymin>267</ymin><xmax>480</xmax><ymax>295</ymax></bndbox></object><object><name>proposal</name><bndbox><xmin>293</xmin><ymin>325</ymin><xmax>216</xmax><ymax>183</ymax></bndbox></object><object><name>proposal</name><bndbox><xmin>237</xmin><ymin>309</ymin><xmax>279</xmax><ymax>179</ymax></bndbox></object><object><name>proposal</name><bndbox><xmin>255</xmin><ymin>327</ymin><xmax>412</xmax><ymax>188</ymax></bndbox></object><object><name>proposal</name><bndbox><xmin>0</xmin><ymin>265</ymin><xmax>250</xmax><ymax>172</ymax></bndbox></object><object><name>proposal</name><bndbox><xmin>309</xmin><ymin>311</ymin><xmax>202</xmax><ymax>72</ymax></bndbox></object><object><name>proposal</name><bndbox><xmin>0</xmin><ymin>277</ymin><xmax>265</xmax><ymax>167</ymax></bndbox></object><object><name>proposal</name><bndbox><xmin>0</xmin><ymin>263</ymin><xmax>157</xmax><ymax>89</ymax></bndbox></object><object><name>proposal</name><bndbox><xmin>0</xmin><ymin>260</ymin><xmax>185</xmax><ymax>126</ymax></bndbox></object><object><name>proposal</name><bndbox><xmin>0</xmin><ymin>231</ymin><xmax>187</xmax><ymax>126</ymax></bndbox></object><object><name>proposal</name><bndbox><xmin>0</xmin><ymin>282</ymin><xmax>265</xmax><ymax>161</ymax></bndbox></object><object><name>proposal</name><bndbox><xmin>205</xmin><ymin>267</ymin><xmax>291</xmax><ymax>244</ymax></bndbox></object><object><name>proposal</name><bndbox><xmin>0</xmin><ymin>287</ymin><xmax>188</xmax><ymax>156</ymax></bndbox></object><object><name>proposal</name><bndbox><xmin>0</xmin><ymin>263</ymin><xmax>187</xmax><ymax>181</ymax></bndbox></object><object><name>proposal</name><bndbox><xmin>0</xmin><ymin>287</ymin><xmax>193</xmax><ymax>153</ymax></bndbox></object><object><name>proposal</name><bndbox><xmin>255</xmin><ymin>308</ymin><xmax>334</xmax><ymax>199</ymax></bndbox></object><object><name>proposal</name><bndbox><xmin>107</xmin><ymin>296</ymin><xmax>404</xmax><ymax>227</ymax></bndbox></object><object><name>proposal</name><bndbox><xmin>236</xmin><ymin>325</ymin><xmax>289</xmax><ymax>151</ymax></bndbox></object><object><name>proposal</name><bndbox><xmin>18</xmin><ymin>289</ymin><xmax>164</xmax><ymax>97</ymax></bndbox></object><object><name>proposal</name><bndbox><xmin>0</xmin><ymin>265</ymin><xmax>265</xmax><ymax>179</ymax></bndbox></object><object><name>proposal</name><bndbox><xmin>236</xmin><ymin>316</ymin><xmax>289</xmax><ymax>194</ymax></bndbox></object><object><name>proposal</name><bndbox><xmin>263</xmin><ymin>327</ymin><xmax>262</xmax><ymax>149</ymax></bndbox></object><object><name>proposal</name><bndbox><xmin>0</xmin><ymin>260</ymin><xmax>195</xmax><ymax>184</ymax></bndbox></object><object><name>proposal</name><bndbox><xmin>78</xmin><ymin>285</ymin><xmax>93</xmax><ymax>35</ymax></bndbox></object><object><name>proposal</name><bndbox><xmin>214</xmin><ymin>327</ymin><xmax>311</xmax><ymax>197</ymax></bndbox></object><object><name>proposal</name><bndbox><xmin>264</xmin><ymin>294</ymin><xmax>249</xmax><ymax>151</ymax></bndbox></object><object><name>proposal</name><bndbox><xmin>237</xmin><ymin>316</ymin><xmax>278</xmax><ymax>172</ymax></bndbox></object><object><name>proposal</name><bndbox><xmin>263</xmin><ymin>290</ymin><xmax>305</xmax><ymax>118</ymax></bndbox></object><object><name>proposal</name><bndbox><xmin>56</xmin><ymin>304</ymin><xmax>137</xmax><ymax>82</ymax></bndbox></object><object><name>proposal</name><bndbox><xmin>263</xmin><ymin>306</ymin><xmax>305</xmax><ymax>170</ymax></bndbox></object><object><name>proposal</name><bndbox><xmin>0</xmin><ymin>260</ymin><xmax>156</xmax><ymax>96</ymax></bndbox></object><object><name>proposal</name><bndbox><xmin>263</xmin><ymin>290</ymin><xmax>305</xmax><ymax>186</ymax></bndbox></object><object><name>proposal</name><bndbox><xmin>293</xmin><ymin>327</ymin><xmax>208</xmax><ymax>147</ymax></bndbox></object><object><name>proposal</name><bndbox><xmin>214</xmin><ymin>311</ymin><xmax>311</xmax><ymax>201</ymax></bndbox></object><object><name>proposal</name><bndbox><xmin>293</xmin><ymin>290</ymin><xmax>200</xmax><ymax>156</ymax></bndbox></object><object><name>proposal</name><bndbox><xmin>0</xmin><ymin>282</ymin><xmax>214</xmax><ymax>161</ymax></bndbox></object><object><name>proposal</name><bndbox><xmin>214</xmin><ymin>327</ymin><xmax>531</xmax><ymax>230</ymax></bndbox></object><object><name>proposal</name><bndbox><xmin>0</xmin><ymin>278</ymin><xmax>193</xmax><ymax>225</ymax></bndbox></object><object><name>proposal</name><bndbox><xmin>279</xmin><ymin>380</ymin><xmax>168</xmax><ymax>127</ymax></bndbox></object><object><name>proposal</name><bndbox><xmin>264</xmin><ymin>316</ymin><xmax>241</xmax><ymax>141</ymax></bndbox></object><object><name>proposal</name><bndbox><xmin>0</xmin><ymin>278</ymin><xmax>187</xmax><ymax>137</ymax></bndbox></object><object><name>proposal</name><bndbox><xmin>262</xmin><ymin>316</ymin><xmax>252</xmax><ymax>141</ymax></bndbox></object><object><name>proposal</name><bndbox><xmin>310</xmin><ymin>306</ymin><xmax>182</xmax><ymax>44</ymax></bndbox></object><object><name>proposal</name><bndbox><xmin>236</xmin><ymin>325</ymin><xmax>353</xmax><ymax>182</ymax></bndbox></object><object><name>proposal</name><bndbox><xmin>236</xmin><ymin>311</ymin><xmax>275</xmax><ymax>201</ymax></bndbox></object><object><name>proposal</name><bndbox><xmin>150</xmin><ymin>309</ymin><xmax>45</xmax><ymax>47</ymax></bndbox></object><object><name>proposal</name><bndbox><xmin>17</xmin><ymin>289</ymin><xmax>170</xmax><ymax>97</ymax></bndbox></object><object><name>proposal</name><bndbox><xmin>263</xmin><ymin>316</ymin><xmax>251</xmax><ymax>190</ymax></bndbox></object><object><name>proposal</name><bndbox><xmin>236</xmin><ymin>316</ymin><xmax>275</xmax><ymax>195</ymax></bndbox></object><object><name>proposal</name><bndbox><xmin>0</xmin><ymin>284</ymin><xmax>494</xmax><ymax>223</ymax></bndbox></object><object><name>proposal</name><bndbox><xmin>0</xmin><ymin>282</ymin><xmax>243</xmax><ymax>161</ymax></bndbox></object><object><name>proposal</name><bndbox><xmin>258</xmin><ymin>386</ymin><xmax>183</xmax><ymax>121</ymax></bndbox></object><object><name>proposal</name><bndbox><xmin>0</xmin><ymin>263</ymin><xmax>187</xmax><ymax>89</ymax></bndbox></object><object><name>proposal</name><bndbox><xmin>279</xmin><ymin>380</ymin><xmax>168</xmax><ymax>143</ymax></bndbox></object><object><name>proposal</name><bndbox><xmin>28</xmin><ymin>265</ymin><xmax>124</xmax><ymax>87</ymax></bndbox></object><object><name>proposal</name><bndbox><xmin>0</xmin><ymin>287</ymin><xmax>156</xmax><ymax>150</ymax></bndbox></object><object><name>proposal</name><bndbox><xmin>28</xmin><ymin>265</ymin><xmax>222</xmax><ymax>155</ymax></bndbox></object><object><name>proposal</name><bndbox><xmin>0</xmin><ymin>287</ymin><xmax>275</xmax><ymax>157</ymax></bndbox></object><object><name>proposal</name><bndbox><xmin>73</xmin><ymin>284</ymin><xmax>177</xmax><ymax>136</ymax></bndbox></object><object><name>proposal</name><bndbox><xmin>295</xmin><ymin>325</ymin><xmax>230</xmax><ymax>174</ymax></bndbox></object><object><name>proposal</name><bndbox><xmin>0</xmin><ymin>281</ymin><xmax>156</xmax><ymax>135</ymax></bndbox></object><object><name>proposal</name><bndbox><xmin>0</xmin><ymin>284</ymin><xmax>198</xmax><ymax>214</ymax></bndbox></object><object><name>proposal</name><bndbox><xmin>309</xmin><ymin>311</ymin><xmax>202</xmax><ymax>52</ymax></bndbox></object><object><name>proposal</name><bndbox><xmin>263</xmin><ymin>325</ymin><xmax>246</xmax><ymax>183</ymax></bndbox></object></annotation>