<annotation><folder>Proposals</folder><filename>img-638.jpg</filename><size><width>533</width><height>300</height><depth>3</depth></size><object><name>proposal</name><bndbox><xmin>343</xmin><ymin>181</ymin><xmax>333</xmax><ymax>557</ymax></bndbox></object><object><name>proposal</name><bndbox><xmin>334</xmin><ymin>146</ymin><xmax>400</xmax><ymax>446</ymax></bndbox></object><object><name>proposal</name><bndbox><xmin>347</xmin><ymin>181</ymin><xmax>387</xmax><ymax>397</ymax></bndbox></object><object><name>proposal</name><bndbox><xmin>211</xmin><ymin>0</ymin><xmax>575</xmax><ymax>422</ymax></bndbox></object><object><name>proposal</name><bndbox><xmin>334</xmin><ymin>184</ymin><xmax>400</xmax><ymax>394</ymax></bndbox></object><object><name>proposal</name><bndbox><xmin>293</xmin><ymin>136</ymin><xmax>226</xmax><ymax>603</ymax></bndbox></object><object><name>proposal</name><bndbox><xmin>0</xmin><ymin>467</ymin><xmax>453</xmax><ymax>333</ymax></bndbox></object><object><name>proposal</name><bndbox><xmin>248</xmin><ymin>184</ymin><xmax>286</xmax><ymax>476</ymax></bndbox></object><object><name>proposal</name><bndbox><xmin>0</xmin><ymin>458</ymin><xmax>537</xmax><ymax>342</ymax></bndbox></object><object><name>proposal</name><bndbox><xmin>126</xmin><ymin>265</ymin><xmax>411</xmax><ymax>535</ymax></bndbox></object><object><name>proposal</name><bndbox><xmin>248</xmin><ymin>222</ymin><xmax>293</xmax><ymax>578</ymax></bndbox></object><object><name>proposal</name><bndbox><xmin>0</xmin><ymin>0</ymin><xmax>316</xmax><ymax>574</ymax></bndbox></object><object><name>proposal</name><bndbox><xmin>0</xmin><ymin>447</ymin><xmax>537</xmax><ymax>353</ymax></bndbox></object><object><name>proposal</name><bndbox><xmin>0</xmin><ymin>0</ymin><xmax>314</xmax><ymax>675</ymax></bndbox></object><object><name>proposal</name><bndbox><xmin>108</xmin><ymin>293</ymin><xmax>247</xmax><ymax>380</ymax></bndbox></object><object><name>proposal</name><bndbox><xmin>352</xmin><ymin>181</ymin><xmax>306</xmax><ymax>528</ymax></bndbox></object><object><name>proposal</name><bndbox><xmin>369</xmin><ymin>65</ymin><xmax>350</xmax><ymax>460</ymax></bndbox></object><object><name>proposal</name><bndbox><xmin>251</xmin><ymin>27</ymin><xmax>357</xmax><ymax>352</ymax></bndbox></object><object><name>proposal</name><bndbox><xmin>0</xmin><ymin>0</ymin><xmax>676</xmax><ymax>675</ymax></bndbox></object><object><name>proposal</name><bndbox><xmin>0</xmin><ymin>0</ymin><xmax>800</xmax><ymax>510</ymax></bndbox></object><object><name>proposal</name><bndbox><xmin>237</xmin><ymin>0</ymin><xmax>563</xmax><ymax>800</ymax></bndbox></object><object><name>proposal</name><bndbox><xmin>204</xmin><ymin>27</ymin><xmax>404</xmax><ymax>352</ymax></bndbox></object><object><name>proposal</name><bndbox><xmin>147</xmin><ymin>128</ymin><xmax>511</xmax><ymax>672</ymax></bndbox></object><object><name>proposal</name><bndbox><xmin>0</xmin><ymin>293</ymin><xmax>453</xmax><ymax>507</ymax></bndbox></object><object><name>proposal</name><bndbox><xmin>347</xmin><ymin>177</ymin><xmax>387</xmax><ymax>401</ymax></bndbox></object><object><name>proposal</name><bndbox><xmin>0</xmin><ymin>474</ymin><xmax>518</xmax><ymax>326</ymax></bndbox></object><object><name>proposal</name><bndbox><xmin>405</xmin><ymin>184</ymin><xmax>253</xmax><ymax>426</ymax></bndbox></object><object><name>proposal</name><bndbox><xmin>334</xmin><ymin>183</ymin><xmax>400</xmax><ymax>495</ymax></bndbox></object><object><name>proposal</name><bndbox><xmin>310</xmin><ymin>141</ymin><xmax>274</xmax><ymax>340</ymax></bndbox></object><object><name>proposal</name><bndbox><xmin>354</xmin><ymin>329</ymin><xmax>446</xmax><ymax>471</ymax></bndbox></object><object><name>proposal</name><bndbox><xmin>260</xmin><ymin>181</ymin><xmax>540</xmax><ymax>619</ymax></bndbox></object><object><name>proposal</name><bndbox><xmin>290</xmin><ymin>263</ymin><xmax>510</xmax><ymax>537</ymax></bndbox></object><object><name>proposal</name><bndbox><xmin>314</xmin><ymin>181</ymin><xmax>311</xmax><ymax>557</ymax></bndbox></object><object><name>proposal</name><bndbox><xmin>416</xmin><ymin>363</ymin><xmax>384</xmax><ymax>437</ymax></bndbox></object><object><name>proposal</name><bndbox><xmin>247</xmin><ymin>485</ymin><xmax>411</xmax><ymax>315</ymax></bndbox></object><object><name>proposal</name><bndbox><xmin>204</xmin><ymin>0</ymin><xmax>596</xmax><ymax>430</ymax></bndbox></object><object><name>proposal</name><bndbox><xmin>245</xmin><ymin>261</ymin><xmax>296</xmax><ymax>539</ymax></bndbox></object><object><name>proposal</name><bndbox><xmin>148</xmin><ymin>144</ymin><xmax>473</xmax><ymax>563</ymax></bndbox></object><object><name>proposal</name><bndbox><xmin>245</xmin><ymin>222</ymin><xmax>296</xmax><ymax>578</ymax></bndbox></object><object><name>proposal</name><bndbox><xmin>449</xmin><ymin>0</ymin><xmax>351</xmax><ymax>800</ymax></bndbox></object><object><name>proposal</name><bndbox><xmin>0</xmin><ymin>260</ymin><xmax>435</xmax><ymax>540</ymax></bndbox></object><object><name>proposal</name><bndbox><xmin>307</xmin><ymin>181</ymin><xmax>302</xmax><ymax>313</ymax></bndbox></object><object><name>proposal</name><bndbox><xmin>0</xmin><ymin>146</ymin><xmax>734</xmax><ymax>654</ymax></bndbox></object><object><name>proposal</name><bndbox><xmin>325</xmin><ymin>302</ymin><xmax>333</xmax><ymax>370</ymax></bndbox></object><object><name>proposal</name><bndbox><xmin>75</xmin><ymin>0</ymin><xmax>497</xmax><ymax>329</ymax></bndbox></object><object><name>proposal</name><bndbox><xmin>148</xmin><ymin>222</ymin><xmax>510</xmax><ymax>578</ymax></bndbox></object><object><name>proposal</name><bndbox><xmin>248</xmin><ymin>184</ymin><xmax>286</xmax><ymax>529</ymax></bndbox></object><object><name>proposal</name><bndbox><xmin>412</xmin><ymin>145</ymin><xmax>388</xmax><ymax>655</ymax></bndbox></object><object><name>proposal</name><bndbox><xmin>109</xmin><ymin>280</ymin><xmax>244</xmax><ymax>382</ymax></bndbox></object><object><name>proposal</name><bndbox><xmin>0</xmin><ymin>0</ymin><xmax>420</xmax><ymax>800</ymax></bndbox></object><object><name>proposal</name><bndbox><xmin>347</xmin><ymin>183</ymin><xmax>387</xmax><ymax>395</ymax></bndbox></object><object><name>proposal</name><bndbox><xmin>0</xmin><ymin>304</ymin><xmax>532</xmax><ymax>496</ymax></bndbox></object><object><name>proposal</name><bndbox><xmin>0</xmin><ymin>0</ymin><xmax>676</xmax><ymax>642</ymax></bndbox></object><object><name>proposal</name><bndbox><xmin>384</xmin><ymin>367</ymin><xmax>416</xmax><ymax>433</ymax></bndbox></object><object><name>proposal</name><bndbox><xmin>299</xmin><ymin>65</ymin><xmax>436</xmax><ymax>460</ymax></bndbox></object><object><name>proposal</name><bndbox><xmin>299</xmin><ymin>128</ymin><xmax>359</xmax><ymax>544</ymax></bndbox></object><object><name>proposal</name><bndbox><xmin>109</xmin><ymin>181</ymin><xmax>549</xmax><ymax>491</ymax></bndbox></object><object><name>proposal</name><bndbox><xmin>416</xmin><ymin>358</ymin><xmax>384</xmax><ymax>442</ymax></bndbox></object><object><name>proposal</name><bndbox><xmin>338</xmin><ymin>184</ymin><xmax>269</xmax><ymax>529</ymax></bndbox></object><object><name>proposal</name><bndbox><xmin>352</xmin><ymin>65</ymin><xmax>383</xmax><ymax>460</ymax></bndbox></object><object><name>proposal</name><bndbox><xmin>0</xmin><ymin>402</ymin><xmax>537</xmax><ymax>398</ymax></bndbox></object><object><name>proposal</name><bndbox><xmin>299</xmin><ymin>0</ymin><xmax>501</xmax><ymax>800</ymax></bndbox></object><object><name>proposal</name><bndbox><xmin>416</xmin><ymin>296</ymin><xmax>384</xmax><ymax>504</ymax></bndbox></object><object><name>proposal</name><bndbox><xmin>60</xmin><ymin>240</ymin><xmax>282</xmax><ymax>371</ymax></bndbox></object><object><name>proposal</name><bndbox><xmin>126</xmin><ymin>128</ymin><xmax>532</xmax><ymax>672</ymax></bndbox></object><object><name>proposal</name><bndbox><xmin>204</xmin><ymin>0</ymin><xmax>596</xmax><ymax>800</ymax></bndbox></object><object><name>proposal</name><bndbox><xmin>0</xmin><ymin>316</ymin><xmax>526</xmax><ymax>484</ymax></bndbox></object><object><name>proposal</name><bndbox><xmin>59</xmin><ymin>0</ymin><xmax>513</xmax><ymax>574</ymax></bndbox></object><object><name>proposal</name><bndbox><xmin>0</xmin><ymin>145</ymin><xmax>800</xmax><ymax>655</ymax></bndbox></object><object><name>proposal</name><bndbox><xmin>369</xmin><ymin>85</ymin><xmax>361</xmax><ymax>426</ymax></bndbox></object><object><name>proposal</name><bndbox><xmin>0</xmin><ymin>293</ymin><xmax>347</xmax><ymax>507</ymax></bndbox></object><object><name>proposal</name><bndbox><xmin>221</xmin><ymin>327</ymin><xmax>316</xmax><ymax>473</ymax></bndbox></object><object><name>proposal</name><bndbox><xmin>347</xmin><ymin>184</ymin><xmax>387</xmax><ymax>408</ymax></bndbox></object><object><name>proposal</name><bndbox><xmin>242</xmin><ymin>65</ymin><xmax>493</xmax><ymax>482</ymax></bndbox></object><object><name>proposal</name><bndbox><xmin>126</xmin><ymin>265</ymin><xmax>257</xmax><ymax>451</ymax></bndbox></object><object><name>proposal</name><bndbox><xmin>6</xmin><ymin>214</ymin><xmax>456</xmax><ymax>540</ymax></bndbox></object><object><name>proposal</name><bndbox><xmin>109</xmin><ymin>82</ymin><xmax>627</xmax><ymax>596</ymax></bndbox></object><object><name>proposal</name><bndbox><xmin>449</xmin><ymin>137</ymin><xmax>275</xmax><ymax>535</ymax></bndbox></object><object><name>proposal</name><bndbox><xmin>343</xmin><ymin>184</ymin><xmax>311</xmax><ymax>378</ymax></bndbox></object><object><name>proposal</name><bndbox><xmin>258</xmin><ymin>0</ymin><xmax>528</xmax><ymax>770</ymax></bndbox></object><object><name>proposal</name><bndbox><xmin>108</xmin><ymin>181</ymin><xmax>517</xmax><ymax>492</ymax></bndbox></object><object><name>proposal</name><bndbox><xmin>108</xmin><ymin>154</ymin><xmax>692</xmax><ymax>646</ymax></bndbox></object><object><name>proposal</name><bndbox><xmin>109</xmin><ymin>260</ymin><xmax>243</xmax><ymax>415</ymax></bndbox></object><object><name>proposal</name><bndbox><xmin>343</xmin><ymin>184</ymin><xmax>333</xmax><ymax>398</ymax></bndbox></object><object><name>proposal</name><bndbox><xmin>389</xmin><ymin>184</ymin><xmax>269</xmax><ymax>378</ymax></bndbox></object><object><name>proposal</name><bndbox><xmin>0</xmin><ymin>0</ymin><xmax>800</xmax><ymax>642</ymax></bndbox></object><object><name>proposal</name><bndbox><xmin>342</xmin><ymin>329</ymin><xmax>458</xmax><ymax>471</ymax></bndbox></object><object><name>proposal</name><bndbox><xmin>419</xmin><ymin>195</ymin><xmax>381</xmax><ymax>605</ymax></bndbox></object><object><name>proposal</name><bndbox><xmin>290</xmin><ymin>263</ymin><xmax>244</xmax><ymax>450</ymax></bndbox></object><object><name>proposal</name><bndbox><xmin>347</xmin><ymin>183</ymin><xmax>387</xmax><ymax>409</ymax></bndbox></object><object><name>proposal</name><bndbox><xmin>204</xmin><ymin>75</ymin><xmax>404</xmax><ymax>304</ymax></bndbox></object><object><name>proposal</name><bndbox><xmin>314</xmin><ymin>181</ymin><xmax>362</xmax><ymax>557</ymax></bndbox></object><object><name>proposal</name><bndbox><xmin>237</xmin><ymin>0</ymin><xmax>563</xmax><ymax>443</ymax></bndbox></object><object><name>proposal</name><bndbox><xmin>331</xmin><ymin>296</ymin><xmax>345</xmax><ymax>421</ymax></bndbox></object><object><name>proposal</name><bndbox><xmin>0</xmin><ymin>457</ymin><xmax>420</xmax><ymax>343</ymax></bndbox></object><object><name>proposal</name><bndbox><xmin>247</xmin><ymin>323</ymin><xmax>411</xmax><ymax>477</ymax></bndbox></object><object><name>proposal</name><bndbox><xmin>0</xmin><ymin>447</ymin><xmax>453</xmax><ymax>353</ymax></bndbox></object><object><name>proposal</name><bndbox><xmin>300</xmin><ymin>181</ymin><xmax>358</xmax><ymax>528</ymax></bndbox></object><object><name>proposal</name><bndbox><xmin>300</xmin><ymin>181</ymin><xmax>309</xmax><ymax>528</ymax></bndbox></object><object><name>proposal</name><bndbox><xmin>464</xmin><ymin>145</ymin><xmax>272</xmax><ymax>402</ymax></bndbox></object><object><name>proposal</name><bndbox><xmin>0</xmin><ymin>195</ymin><xmax>800</xmax><ymax>605</ymax></bndbox></object><object><name>proposal</name><bndbox><xmin>479</xmin><ymin>145</ymin><xmax>241</xmax><ymax>417</ymax></bndbox></object><object><name>proposal</name><bndbox><xmin>464</xmin><ymin>137</ymin><xmax>260</xmax><ymax>435</ymax></bndbox></object><object><name>proposal</name><bndbox><xmin>341</xmin><ymin>86</ymin><xmax>378</xmax><ymax>439</ymax></bndbox></object><object><name>proposal</name><bndbox><xmin>126</xmin><ymin>128</ymin><xmax>532</xmax><ymax>646</ymax></bndbox></object><object><name>proposal</name><bndbox><xmin>0</xmin><ymin>0</ymin><xmax>347</xmax><ymax>800</ymax></bndbox></object><object><name>proposal</name><bndbox><xmin>6</xmin><ymin>214</ymin><xmax>273</xmax><ymax>428</ymax></bndbox></object><object><name>proposal</name><bndbox><xmin>392</xmin><ymin>331</ymin><xmax>266</xmax><ymax>378</ymax></bndbox></object><object><name>proposal</name><bndbox><xmin>0</xmin><ymin>181</ymin><xmax>658</xmax><ymax>619</ymax></bndbox></object><object><name>proposal</name><bndbox><xmin>0</xmin><ymin>0</ymin><xmax>800</xmax><ymax>486</ymax></bndbox></object><object><name>proposal</name><bndbox><xmin>109</xmin><ymin>294</ymin><xmax>243</xmax><ymax>381</ymax></bndbox></object><object><name>proposal</name><bndbox><xmin>126</xmin><ymin>0</ymin><xmax>674</xmax><ymax>800</ymax></bndbox></object><object><name>proposal</name><bndbox><xmin>0</xmin><ymin>467</ymin><xmax>537</xmax><ymax>333</ymax></bndbox></object><object><name>proposal</name><bndbox><xmin>358</xmin><ymin>184</ymin><xmax>300</xmax><ymax>426</ymax></bndbox></object><object><name>proposal</name><bndbox><xmin>0</xmin><ymin>158</ymin><xmax>370</xmax><ymax>642</ymax></bndbox></object><object><name>proposal</name><bndbox><xmin>300</xmin><ymin>316</ymin><xmax>358</xmax><ymax>393</ymax></bndbox></object><object><name>proposal</name><bndbox><xmin>0</xmin><ymin>0</ymin><xmax>310</xmax><ymax>616</ymax></bndbox></object><object><name>proposal</name><bndbox><xmin>407</xmin><ymin>146</ymin><xmax>393</xmax><ymax>654</ymax></bndbox></object><object><name>proposal</name><bndbox><xmin>237</xmin><ymin>0</ymin><xmax>563</xmax><ymax>430</ymax></bndbox></object><object><name>proposal</name><bndbox><xmin>343</xmin><ymin>181</ymin><xmax>457</xmax><ymax>619</ymax></bndbox></object><object><name>proposal</name><bndbox><xmin>108</xmin><ymin>192</ymin><xmax>289</xmax><ymax>399</ymax></bndbox></object><object><name>proposal</name><bndbox><xmin>314</xmin><ymin>181</ymin><xmax>486</xmax><ymax>619</ymax></bndbox></object><object><name>proposal</name><bndbox><xmin>211</xmin><ymin>47</ymin><xmax>361</xmax><ymax>286</ymax></bndbox></object><object><name>proposal</name><bndbox><xmin>0</xmin><ymin>347</ymin><xmax>607</xmax><ymax>453</ymax></bndbox></object><object><name>proposal</name><bndbox><xmin>0</xmin><ymin>152</ymin><xmax>370</xmax><ymax>648</ymax></bndbox></object><object><name>proposal</name><bndbox><xmin>343</xmin><ymin>184</ymin><xmax>271</xmax><ymax>350</ymax></bndbox></object><object><name>proposal</name><bndbox><xmin>364</xmin><ymin>85</ymin><xmax>366</xmax><ymax>531</ymax></bndbox></object><object><name>proposal</name><bndbox><xmin>300</xmin><ymin>181</ymin><xmax>500</xmax><ymax>619</ymax></bndbox></object><object><name>proposal</name><bndbox><xmin>0</xmin><ymin>382</ymin><xmax>453</xmax><ymax>418</ymax></bndbox></object><object><name>proposal</name><bndbox><xmin>109</xmin><ymin>181</ymin><xmax>691</xmax><ymax>619</ymax></bndbox></object><object><name>proposal</name><bndbox><xmin>0</xmin><ymin>0</ymin><xmax>288</xmax><ymax>486</ymax></bndbox></object><object><name>proposal</name><bndbox><xmin>247</xmin><ymin>141</ymin><xmax>411</xmax><ymax>659</ymax></bndbox></object><object><name>proposal</name><bndbox><xmin>241</xmin><ymin>265</ymin><xmax>287</xmax><ymax>423</ymax></bndbox></object><object><name>proposal</name><bndbox><xmin>0</xmin><ymin>325</ymin><xmax>534</xmax><ymax>475</ymax></bndbox></object><object><name>proposal</name><bndbox><xmin>0</xmin><ymin>463</ymin><xmax>607</xmax><ymax>337</ymax></bndbox></object><object><name>proposal</name><bndbox><xmin>364</xmin><ymin>82</ymin><xmax>366</xmax><ymax>534</ymax></bndbox></object><object><name>proposal</name><bndbox><xmin>226</xmin><ymin>187</ymin><xmax>211</xmax><ymax>483</ymax></bndbox></object><object><name>proposal</name><bndbox><xmin>0</xmin><ymin>0</ymin><xmax>786</xmax><ymax>770</ymax></bndbox></object><object><name>proposal</name><bndbox><xmin>341</xmin><ymin>82</ymin><xmax>378</xmax><ymax>443</ymax></bndbox></object><object><name>proposal</name><bndbox><xmin>148</xmin><ymin>251</ymin><xmax>210</xmax><ymax>456</ymax></bndbox></object><object><name>proposal</name><bndbox><xmin>260</xmin><ymin>181</ymin><xmax>361</xmax><ymax>354</ymax></bndbox></object><object><name>proposal</name><bndbox><xmin>248</xmin><ymin>261</ymin><xmax>293</xmax><ymax>539</ymax></bndbox></object><object><name>proposal</name><bndbox><xmin>334</xmin><ymin>183</ymin><xmax>400</xmax><ymax>409</ymax></bndbox></object><object><name>proposal</name><bndbox><xmin>241</xmin><ymin>319</ymin><xmax>285</xmax><ymax>351</ymax></bndbox></object><object><name>proposal</name><bndbox><xmin>0</xmin><ymin>0</ymin><xmax>572</xmax><ymax>574</ymax></bndbox></object><object><name>proposal</name><bndbox><xmin>0</xmin><ymin>0</ymin><xmax>537</xmax><ymax>800</ymax></bndbox></object><object><name>proposal</name><bndbox><xmin>419</xmin><ymin>154</ymin><xmax>381</xmax><ymax>646</ymax></bndbox></object><object><name>proposal</name><bndbox><xmin>59</xmin><ymin>240</ymin><xmax>283</xmax><ymax>371</ymax></bndbox></object><object><name>proposal</name><bndbox><xmin>204</xmin><ymin>0</ymin><xmax>596</xmax><ymax>713</ymax></bndbox></object><object><name>proposal</name><bndbox><xmin>109</xmin><ymin>304</ymin><xmax>275</xmax><ymax>371</ymax></bndbox></object><object><name>proposal</name><bndbox><xmin>0</xmin><ymin>82</ymin><xmax>719</xmax><ymax>718</ymax></bndbox></object><object><name>proposal</name><bndbox><xmin>258</xmin><ymin>0</ymin><xmax>542</xmax><ymax>430</ymax></bndbox></object><object><name>proposal</name><bndbox><xmin>178</xmin><ymin>510</ymin><xmax>556</xmax><ymax>290</ymax></bndbox></object><object><name>proposal</name><bndbox><xmin>352</xmin><ymin>65</ymin><xmax>372</xmax><ymax>460</ymax></bndbox></object><object><name>proposal</name><bndbox><xmin>126</xmin><ymin>251</ymin><xmax>311</xmax><ymax>465</ymax></bndbox></object><object><name>proposal</name><bndbox><xmin>0</xmin><ymin>316</ymin><xmax>658</xmax><ymax>484</ymax></bndbox></object><object><name>proposal</name><bndbox><xmin>258</xmin><ymin>0</ymin><xmax>542</xmax><ymax>443</ymax></bndbox></object><object><name>proposal</name><bndbox><xmin>0</xmin><ymin>145</ymin><xmax>537</xmax><ymax>655</ymax></bndbox></object><object><name>proposal</name><bndbox><xmin>341</xmin><ymin>82</ymin><xmax>378</xmax><ymax>534</ymax></bndbox></object><object><name>proposal</name><bndbox><xmin>260</xmin><ymin>146</ymin><xmax>540</xmax><ymax>654</ymax></bndbox></object><object><name>proposal</name><bndbox><xmin>258</xmin><ymin>0</ymin><xmax>542</xmax><ymax>422</ymax></bndbox></object><object><name>proposal</name><bndbox><xmin>109</xmin><ymin>304</ymin><xmax>270</xmax><ymax>371</ymax></bndbox></object><object><name>proposal</name><bndbox><xmin>416</xmin><ymin>195</ymin><xmax>384</xmax><ymax>605</ymax></bndbox></object><object><name>proposal</name><bndbox><xmin>452</xmin><ymin>285</ymin><xmax>283</xmax><ymax>485</ymax></bndbox></object><object><name>proposal</name><bndbox><xmin>352</xmin><ymin>65</ymin><xmax>377</xmax><ymax>482</ymax></bndbox></object><object><name>proposal</name><bndbox><xmin>357</xmin><ymin>181</ymin><xmax>301</xmax><ymax>489</ymax></bndbox></object><object><name>proposal</name><bndbox><xmin>0</xmin><ymin>0</ymin><xmax>800</xmax><ymax>614</ymax></bndbox></object><object><name>proposal</name><bndbox><xmin>126</xmin><ymin>290</ymin><xmax>219</xmax><ymax>426</ymax></bndbox></object><object><name>proposal</name><bndbox><xmin>264</xmin><ymin>27</ymin><xmax>344</xmax><ymax>352</ymax></bndbox></object><object><name>proposal</name><bndbox><xmin>147</xmin><ymin>144</ymin><xmax>473</xmax><ymax>572</ymax></bndbox></object><object><name>proposal</name><bndbox><xmin>0</xmin><ymin>0</ymin><xmax>312</xmax><ymax>675</ymax></bndbox></object><object><name>proposal</name><bndbox><xmin>109</xmin><ymin>263</ymin><xmax>425</xmax><ymax>412</ymax></bndbox></object><object><name>proposal</name><bndbox><xmin>109</xmin><ymin>187</ymin><xmax>328</xmax><ymax>483</ymax></bndbox></object><object><name>proposal</name><bndbox><xmin>352</xmin><ymin>65</ymin><xmax>367</xmax><ymax>460</ymax></bndbox></object><object><name>proposal</name><bndbox><xmin>109</xmin><ymin>280</ymin><xmax>244</xmax><ymax>393</ymax></bndbox></object><object><name>proposal</name><bndbox><xmin>155</xmin><ymin>263</ymin><xmax>229</xmax><ymax>412</ymax></bndbox></object><object><name>proposal</name><bndbox><xmin>358</xmin><ymin>181</ymin><xmax>300</xmax><ymax>429</ymax></bndbox></object><object><name>proposal</name><bndbox><xmin>412</xmin><ymin>362</ymin><xmax>388</xmax><ymax>438</ymax></bndbox></object><object><name>proposal</name><bndbox><xmin>369</xmin><ymin>65</ymin><xmax>366</xmax><ymax>460</ymax></bndbox></object><object><name>proposal</name><bndbox><xmin>0</xmin><ymin>467</ymin><xmax>524</xmax><ymax>333</ymax></bndbox></object><object><name>proposal</name><bndbox><xmin>0</xmin><ymin>189</ymin><xmax>800</xmax><ymax>611</ymax></bndbox></object><object><name>proposal</name><bndbox><xmin>147</xmin><ymin>128</ymin><xmax>511</xmax><ymax>588</ymax></bndbox></object><object><name>proposal</name><bndbox><xmin>260</xmin><ymin>184</ymin><xmax>361</xmax><ymax>335</ymax></bndbox></object><object><name>proposal</name><bndbox><xmin>331</xmin><ymin>82</ymin><xmax>388</xmax><ymax>534</ymax></bndbox></object><object><name>proposal</name><bndbox><xmin>148</xmin><ymin>252</ymin><xmax>314</xmax><ymax>502</ymax></bndbox></object><object><name>proposal</name><bndbox><xmin>0</xmin><ymin>302</ymin><xmax>676</xmax><ymax>498</ymax></bndbox></object><object><name>proposal</name><bndbox><xmin>352</xmin><ymin>65</ymin><xmax>383</xmax><ymax>482</ymax></bndbox></object><object><name>proposal</name><bndbox><xmin>352</xmin><ymin>181</ymin><xmax>306</xmax><ymax>489</ymax></bndbox></object><object><name>proposal</name><bndbox><xmin>0</xmin><ymin>0</ymin><xmax>572</xmax><ymax>800</ymax></bndbox></object><object><name>proposal</name><bndbox><xmin>0</xmin><ymin>0</ymin><xmax>519</xmax><ymax>800</ymax></bndbox></object><object><name>proposal</name><bndbox><xmin>242</xmin><ymin>137</ymin><xmax>345</xmax><ymax>356</ymax></bndbox></object><object><name>proposal</name><bndbox><xmin>260</xmin><ymin>181</ymin><xmax>398</xmax><ymax>429</ymax></bndbox></object><object><name>proposal</name><bndbox><xmin>384</xmin><ymin>312</ymin><xmax>416</xmax><ymax>488</ymax></bndbox></object><object><name>proposal</name><bndbox><xmin>412</xmin><ymin>312</ymin><xmax>388</xmax><ymax>488</ymax></bndbox></object><object><name>proposal</name><bndbox><xmin>242</xmin><ymin>0</ymin><xmax>558</xmax><ymax>547</ymax></bndbox></object><object><name>proposal</name><bndbox><xmin>0</xmin><ymin>0</ymin><xmax>320</xmax><ymax>675</ymax></bndbox></object><object><name>proposal</name><bndbox><xmin>0</xmin><ymin>0</ymin><xmax>382</xmax><ymax>486</ymax></bndbox></object><object><name>proposal</name><bndbox><xmin>343</xmin><ymin>181</ymin><xmax>333</xmax><ymax>435</ymax></bndbox></object><object><name>proposal</name><bndbox><xmin>373</xmin><ymin>420</ymin><xmax>303</xmax><ymax>318</ymax></bndbox></object><object><name>proposal</name><bndbox><xmin>0</xmin><ymin>325</ymin><xmax>538</xmax><ymax>475</ymax></bndbox></object><object><name>proposal</name><bndbox><xmin>251</xmin><ymin>82</ymin><xmax>357</xmax><ymax>297</ymax></bndbox></object><object><name>proposal</name><bndbox><xmin>0</xmin><ymin>154</ymin><xmax>800</xmax><ymax>646</ymax></bndbox></object><object><name>proposal</name><bndbox><xmin>0</xmin><ymin>0</ymin><xmax>297</xmax><ymax>486</ymax></bndbox></object><object><name>proposal</name><bndbox><xmin>299</xmin><ymin>0</ymin><xmax>501</xmax><ymax>525</ymax></bndbox></object><object><name>proposal</name><bndbox><xmin>384</xmin><ymin>362</ymin><xmax>416</xmax><ymax>438</ymax></bndbox></object><object><name>proposal</name><bndbox><xmin>452</xmin><ymin>296</ymin><xmax>224</xmax><ymax>421</ymax></bndbox></object><object><name>proposal</name><bndbox><xmin>412</xmin><ymin>367</ymin><xmax>388</xmax><ymax>433</ymax></bndbox></object><object><name>proposal</name><bndbox><xmin>310</xmin><ymin>141</ymin><xmax>344</xmax><ymax>469</ymax></bndbox></object><object><name>proposal</name><bndbox><xmin>237</xmin><ymin>0</ymin><xmax>563</xmax><ymax>452</ymax></bndbox></object><object><name>proposal</name><bndbox><xmin>241</xmin><ymin>251</ymin><xmax>287</xmax><ymax>437</ymax></bndbox></object><object><name>proposal</name><bndbox><xmin>302</xmin><ymin>144</ymin><xmax>355</xmax><ymax>513</ymax></bndbox></object><object><name>proposal</name><bndbox><xmin>108</xmin><ymin>192</ymin><xmax>289</xmax><ymax>481</ymax></bndbox></object><object><name>proposal</name><bndbox><xmin>0</xmin><ymin>449</ymin><xmax>532</xmax><ymax>351</ymax></bndbox></object><object><name>proposal</name><bndbox><xmin>0</xmin><ymin>316</ymin><xmax>607</xmax><ymax>484</ymax></bndbox></object><object><name>proposal</name><bndbox><xmin>0</xmin><ymin>146</ymin><xmax>800</xmax><ymax>654</ymax></bndbox></object><object><name>proposal</name><bndbox><xmin>0</xmin><ymin>0</ymin><xmax>800</xmax><ymax>547</ymax></bndbox></object><object><name>proposal</name><bndbox><xmin>0</xmin><ymin>515</ymin><xmax>522</xmax><ymax>285</ymax></bndbox></object><object><name>proposal</name><bndbox><xmin>300</xmin><ymin>154</ymin><xmax>500</xmax><ymax>646</ymax></bndbox></object><object><name>proposal</name><bndbox><xmin>0</xmin><ymin>0</ymin><xmax>382</xmax><ymax>611</ymax></bndbox></object><object><name>proposal</name><bndbox><xmin>460</xmin><ymin>0</ymin><xmax>340</xmax><ymax>487</ymax></bndbox></object><object><name>proposal</name><bndbox><xmin>343</xmin><ymin>184</ymin><xmax>282</xmax><ymax>350</ymax></bndbox></object><object><name>proposal</name><bndbox><xmin>241</xmin><ymin>316</ymin><xmax>285</xmax><ymax>354</ymax></bndbox></object><object><name>proposal</name><bndbox><xmin>466</xmin><ymin>0</ymin><xmax>334</xmax><ymax>487</ymax></bndbox></object><object><name>proposal</name><bndbox><xmin>109</xmin><ymin>181</ymin><xmax>516</xmax><ymax>494</ymax></bndbox></object><object><name>proposal</name><bndbox><xmin>331</xmin><ymin>296</ymin><xmax>469</xmax><ymax>504</ymax></bndbox></object><object><name>proposal</name><bndbox><xmin>0</xmin><ymin>359</ymin><xmax>519</xmax><ymax>441</ymax></bndbox></object><object><name>proposal</name><bndbox><xmin>418</xmin><ymin>195</ymin><xmax>382</xmax><ymax>605</ymax></bndbox></object><object><name>proposal</name><bndbox><xmin>221</xmin><ymin>265</ymin><xmax>579</xmax><ymax>535</ymax></bndbox></object><object><name>proposal</name><bndbox><xmin>258</xmin><ymin>0</ymin><xmax>528</xmax><ymax>422</ymax></bndbox></object><object><name>proposal</name><bndbox><xmin>204</xmin><ymin>27</ymin><xmax>404</xmax><ymax>686</ymax></bndbox></object><object><name>proposal</name><bndbox><xmin>347</xmin><ymin>177</ymin><xmax>387</xmax><ymax>415</ymax></bndbox></object><object><name>proposal</name><bndbox><xmin>366</xmin><ymin>223</ymin><xmax>292</xmax><ymax>537</ymax></bndbox></object><object><name>proposal</name><bndbox><xmin>109</xmin><ymin>187</ymin><xmax>328</xmax><ymax>488</ymax></bndbox></object><object><name>proposal</name><bndbox><xmin>59</xmin><ymin>141</ymin><xmax>358</xmax><ymax>433</ymax></bndbox></object><object><name>proposal</name><bndbox><xmin>238</xmin><ymin>192</ymin><xmax>199</xmax><ymax>466</ymax></bndbox></object><object><name>proposal</name><bndbox><xmin>436</xmin><ymin>145</ymin><xmax>300</xmax><ymax>533</ymax></bndbox></object><object><name>proposal</name><bndbox><xmin>0</xmin><ymin>0</ymin><xmax>534</xmax><ymax>800</ymax></bndbox></object><object><name>proposal</name><bndbox><xmin>147</xmin><ymin>251</ymin><xmax>200</xmax><ymax>465</ymax></bndbox></object><object><name>proposal</name><bndbox><xmin>479</xmin><ymin>145</ymin><xmax>257</xmax><ymax>417</ymax></bndbox></object><object><name>proposal</name><bndbox><xmin>211</xmin><ymin>47</ymin><xmax>519</xmax><ymax>332</ymax></bndbox></object><object><name>proposal</name><bndbox><xmin>0</xmin><ymin>145</ymin><xmax>370</xmax><ymax>655</ymax></bndbox></object><object><name>proposal</name><bndbox><xmin>264</xmin><ymin>75</ymin><xmax>344</xmax><ymax>304</ymax></bndbox></object><object><name>proposal</name><bndbox><xmin>0</xmin><ymin>181</ymin><xmax>800</xmax><ymax>619</ymax></bndbox></object><object><name>proposal</name><bndbox><xmin>108</xmin><ymin>181</ymin><xmax>550</xmax><ymax>528</ymax></bndbox></object><object><name>proposal</name><bndbox><xmin>299</xmin><ymin>86</ymin><xmax>420</xmax><ymax>439</ymax></bndbox></object><object><name>proposal</name><bndbox><xmin>0</xmin><ymin>0</ymin><xmax>453</xmax><ymax>800</ymax></bndbox></object><object><name>proposal</name><bndbox><xmin>334</xmin><ymin>146</ymin><xmax>400</xmax><ymax>532</ymax></bndbox></object><object><name>proposal</name><bndbox><xmin>0</xmin><ymin>515</ymin><xmax>537</xmax><ymax>285</ymax></bndbox></object><object><name>proposal</name><bndbox><xmin>352</xmin><ymin>181</ymin><xmax>273</xmax><ymax>353</ymax></bndbox></object><object><name>proposal</name><bndbox><xmin>238</xmin><ymin>181</ymin><xmax>420</xmax><ymax>492</ymax></bndbox></object><object><name>proposal</name><bndbox><xmin>211</xmin><ymin>0</ymin><xmax>589</xmax><ymax>800</ymax></bndbox></object><object><name>proposal</name><bndbox><xmin>464</xmin><ymin>203</ymin><xmax>215</xmax><ymax>433</ymax></bndbox></object><object><name>proposal</name><bndbox><xmin>245</xmin><ymin>222</ymin><xmax>413</xmax><ymax>578</ymax></bndbox></object><object><name>proposal</name><bndbox><xmin>334</xmin><ymin>177</ymin><xmax>400</xmax><ymax>415</ymax></bndbox></object><object><name>proposal</name><bndbox><xmin>464</xmin><ymin>145</ymin><xmax>272</xmax><ymax>491</ymax></bndbox></object><object><name>proposal</name><bndbox><xmin>0</xmin><ymin>0</ymin><xmax>297</xmax><ymax>574</ymax></bndbox></object><object><name>proposal</name><bndbox><xmin>109</xmin><ymin>184</ymin><xmax>425</xmax><ymax>491</ymax></bndbox></object></annotation>