<annotation><folder>Proposals</folder><filename>img-387.jpg</filename><size><width>401</width><height>300</height><depth>3</depth></size><object><name>proposal</name><bndbox><xmin>365</xmin><ymin>470</ymin><xmax>435</xmax><ymax>132</ymax></bndbox></object><object><name>proposal</name><bndbox><xmin>227</xmin><ymin>368</ymin><xmax>196</xmax><ymax>142</ymax></bndbox></object><object><name>proposal</name><bndbox><xmin>700</xmin><ymin>476</ymin><xmax>100</xmax><ymax>81</ymax></bndbox></object><object><name>proposal</name><bndbox><xmin>227</xmin><ymin>364</ymin><xmax>280</xmax><ymax>157</ymax></bndbox></object><object><name>proposal</name><bndbox><xmin>583</xmin><ymin>478</ymin><xmax>166</xmax><ymax>69</ymax></bndbox></object><object><name>proposal</name><bndbox><xmin>578</xmin><ymin>490</ymin><xmax>212</xmax><ymax>67</ymax></bndbox></object><object><name>proposal</name><bndbox><xmin>49</xmin><ymin>318</ymin><xmax>751</xmax><ymax>331</ymax></bndbox></object><object><name>proposal</name><bndbox><xmin>163</xmin><ymin>265</ymin><xmax>426</xmax><ymax>271</ymax></bndbox></object><object><name>proposal</name><bndbox><xmin>596</xmin><ymin>491</ymin><xmax>148</xmax><ymax>95</ymax></bndbox></object><object><name>proposal</name><bndbox><xmin>592</xmin><ymin>479</ymin><xmax>208</xmax><ymax>123</ymax></bndbox></object><object><name>proposal</name><bndbox><xmin>384</xmin><ymin>492</ymin><xmax>416</xmax><ymax>77</ymax></bndbox></object><object><name>proposal</name><bndbox><xmin>0</xmin><ymin>318</ymin><xmax>603</xmax><ymax>234</ymax></bndbox></object><object><name>proposal</name><bndbox><xmin>360</xmin><ymin>478</ymin><xmax>440</xmax><ymax>108</ymax></bndbox></object><object><name>proposal</name><bndbox><xmin>233</xmin><ymin>382</ymin><xmax>208</xmax><ymax>147</ymax></bndbox></object><object><name>proposal</name><bndbox><xmin>710</xmin><ymin>508</ymin><xmax>52</xmax><ymax>50</ymax></bndbox></object><object><name>proposal</name><bndbox><xmin>410</xmin><ymin>445</ymin><xmax>283</xmax><ymax>123</ymax></bndbox></object><object><name>proposal</name><bndbox><xmin>197</xmin><ymin>267</ymin><xmax>244</xmax><ymax>262</ymax></bndbox></object><object><name>proposal</name><bndbox><xmin>227</xmin><ymin>368</ymin><xmax>196</xmax><ymax>153</ymax></bndbox></object><object><name>proposal</name><bndbox><xmin>410</xmin><ymin>475</ymin><xmax>283</xmax><ymax>83</ymax></bndbox></object><object><name>proposal</name><bndbox><xmin>518</xmin><ymin>476</ymin><xmax>282</xmax><ymax>90</ymax></bndbox></object><object><name>proposal</name><bndbox><xmin>63</xmin><ymin>318</ymin><xmax>540</xmax><ymax>204</ymax></bndbox></object><object><name>proposal</name><bndbox><xmin>224</xmin><ymin>362</ymin><xmax>447</xmax><ymax>196</ymax></bndbox></object><object><name>proposal</name><bndbox><xmin>339</xmin><ymin>364</ymin><xmax>306</xmax><ymax>118</ymax></bndbox></object><object><name>proposal</name><bndbox><xmin>339</xmin><ymin>363</ymin><xmax>423</xmax><ymax>183</ymax></bndbox></object><object><name>proposal</name><bndbox><xmin>0</xmin><ymin>371</ymin><xmax>800</xmax><ymax>429</ymax></bndbox></object><object><name>proposal</name><bndbox><xmin>338</xmin><ymin>379</ymin><xmax>213</xmax><ymax>151</ymax></bndbox></object><object><name>proposal</name><bndbox><xmin>333</xmin><ymin>254</ymin><xmax>467</xmax><ymax>215</ymax></bndbox></object><object><name>proposal</name><bndbox><xmin>254</xmin><ymin>368</ymin><xmax>162</xmax><ymax>142</ymax></bndbox></object><object><name>proposal</name><bndbox><xmin>365</xmin><ymin>475</ymin><xmax>402</xmax><ymax>125</ymax></bndbox></object><object><name>proposal</name><bndbox><xmin>595</xmin><ymin>494</ymin><xmax>136</xmax><ymax>63</ymax></bndbox></object><object><name>proposal</name><bndbox><xmin>671</xmin><ymin>488</ymin><xmax>78</xmax><ymax>51</ymax></bndbox></object><object><name>proposal</name><bndbox><xmin>453</xmin><ymin>479</ymin><xmax>347</xmax><ymax>117</ymax></bndbox></object><object><name>proposal</name><bndbox><xmin>444</xmin><ymin>496</ymin><xmax>356</xmax><ymax>67</ymax></bndbox></object><object><name>proposal</name><bndbox><xmin>435</xmin><ymin>482</ymin><xmax>206</xmax><ymax>84</ymax></bndbox></object><object><name>proposal</name><bndbox><xmin>641</xmin><ymin>494</ymin><xmax>126</xmax><ymax>88</ymax></bndbox></object><object><name>proposal</name><bndbox><xmin>191</xmin><ymin>267</ymin><xmax>258</xmax><ymax>256</ymax></bndbox></object><object><name>proposal</name><bndbox><xmin>208</xmin><ymin>390</ymin><xmax>592</xmax><ymax>253</ymax></bndbox></object><object><name>proposal</name><bndbox><xmin>213</xmin><ymin>382</ymin><xmax>239</xmax><ymax>143</ymax></bndbox></object><object><name>proposal</name><bndbox><xmin>700</xmin><ymin>491</ymin><xmax>51</xmax><ymax>59</ymax></bndbox></object><object><name>proposal</name><bndbox><xmin>213</xmin><ymin>368</ymin><xmax>587</xmax><ymax>234</ymax></bndbox></object><object><name>proposal</name><bndbox><xmin>227</xmin><ymin>364</ymin><xmax>329</xmax><ymax>146</ymax></bndbox></object><object><name>proposal</name><bndbox><xmin>365</xmin><ymin>440</ymin><xmax>435</xmax><ymax>217</ymax></bndbox></object><object><name>proposal</name><bndbox><xmin>410</xmin><ymin>475</ymin><xmax>283</xmax><ymax>93</ymax></bndbox></object><object><name>proposal</name><bndbox><xmin>365</xmin><ymin>479</ymin><xmax>435</xmax><ymax>113</ymax></bndbox></object><object><name>proposal</name><bndbox><xmin>233</xmin><ymin>382</ymin><xmax>208</xmax><ymax>154</ymax></bndbox></object><object><name>proposal</name><bndbox><xmin>661</xmin><ymin>497</ymin><xmax>70</xmax><ymax>60</ymax></bndbox></object><object><name>proposal</name><bndbox><xmin>592</xmin><ymin>480</ymin><xmax>208</xmax><ymax>122</ymax></bndbox></object><object><name>proposal</name><bndbox><xmin>410</xmin><ymin>475</ymin><xmax>283</xmax><ymax>88</ymax></bndbox></object><object><name>proposal</name><bndbox><xmin>234</xmin><ymin>410</ymin><xmax>176</xmax><ymax>106</ymax></bndbox></object><object><name>proposal</name><bndbox><xmin>305</xmin><ymin>332</ymin><xmax>495</xmax><ymax>311</ymax></bndbox></object><object><name>proposal</name><bndbox><xmin>0</xmin><ymin>124</ymin><xmax>800</xmax><ymax>433</ymax></bndbox></object><object><name>proposal</name><bndbox><xmin>700</xmin><ymin>499</ymin><xmax>100</xmax><ymax>50</ymax></bndbox></object><object><name>proposal</name><bndbox><xmin>365</xmin><ymin>470</ymin><xmax>435</xmax><ymax>136</ymax></bndbox></object><object><name>proposal</name><bndbox><xmin>390</xmin><ymin>387</ymin><xmax>213</xmax><ymax>91</ymax></bndbox></object><object><name>proposal</name><bndbox><xmin>339</xmin><ymin>363</ymin><xmax>189</xmax><ymax>92</ymax></bndbox></object><object><name>proposal</name><bndbox><xmin>208</xmin><ymin>390</ymin><xmax>592</xmax><ymax>236</ymax></bndbox></object><object><name>proposal</name><bndbox><xmin>692</xmin><ymin>488</ymin><xmax>57</xmax><ymax>42</ymax></bndbox></object><object><name>proposal</name><bndbox><xmin>0</xmin><ymin>363</ymin><xmax>800</xmax><ymax>437</ymax></bndbox></object><object><name>proposal</name><bndbox><xmin>314</xmin><ymin>332</ymin><xmax>424</xmax><ymax>190</ymax></bndbox></object><object><name>proposal</name><bndbox><xmin>339</xmin><ymin>363</ymin><xmax>461</xmax><ymax>237</ymax></bndbox></object><object><name>proposal</name><bndbox><xmin>163</xmin><ymin>312</ymin><xmax>426</xmax><ymax>224</ymax></bndbox></object><object><name>proposal</name><bndbox><xmin>395</xmin><ymin>387</ymin><xmax>208</xmax><ymax>79</ymax></bndbox></object><object><name>proposal</name><bndbox><xmin>583</xmin><ymin>478</ymin><xmax>217</xmax><ymax>79</ymax></bndbox></object><object><name>proposal</name><bndbox><xmin>685</xmin><ymin>479</ymin><xmax>64</xmax><ymax>65</ymax></bndbox></object><object><name>proposal</name><bndbox><xmin>339</xmin><ymin>363</ymin><xmax>189</xmax><ymax>102</ymax></bndbox></object><object><name>proposal</name><bndbox><xmin>227</xmin><ymin>399</ymin><xmax>234</xmax><ymax>141</ymax></bndbox></object><object><name>proposal</name><bndbox><xmin>390</xmin><ymin>387</ymin><xmax>213</xmax><ymax>79</ymax></bndbox></object><object><name>proposal</name><bndbox><xmin>255</xmin><ymin>349</ymin><xmax>354</xmax><ymax>214</ymax></bndbox></object><object><name>proposal</name><bndbox><xmin>224</xmin><ymin>362</ymin><xmax>227</xmax><ymax>122</ymax></bndbox></object><object><name>proposal</name><bndbox><xmin>180</xmin><ymin>267</ymin><xmax>281</xmax><ymax>262</ymax></bndbox></object><object><name>proposal</name><bndbox><xmin>180</xmin><ymin>267</ymin><xmax>281</xmax><ymax>269</ymax></bndbox></object><object><name>proposal</name><bndbox><xmin>740</xmin><ymin>462</ymin><xmax>60</xmax><ymax>61</ymax></bndbox></object><object><name>proposal</name><bndbox><xmin>607</xmin><ymin>493</ymin><xmax>189</xmax><ymax>64</ymax></bndbox></object><object><name>proposal</name><bndbox><xmin>671</xmin><ymin>488</ymin><xmax>91</xmax><ymax>51</ymax></bndbox></object><object><name>proposal</name><bndbox><xmin>444</xmin><ymin>498</ymin><xmax>324</xmax><ymax>65</ymax></bndbox></object><object><name>proposal</name><bndbox><xmin>444</xmin><ymin>493</ymin><xmax>356</xmax><ymax>70</ymax></bndbox></object><object><name>proposal</name><bndbox><xmin>255</xmin><ymin>349</ymin><xmax>545</xmax><ymax>300</ymax></bndbox></object><object><name>proposal</name><bndbox><xmin>399</xmin><ymin>486</ymin><xmax>401</xmax><ymax>100</ymax></bndbox></object><object><name>proposal</name><bndbox><xmin>596</xmin><ymin>488</ymin><xmax>175</xmax><ymax>124</ymax></bndbox></object><object><name>proposal</name><bndbox><xmin>410</xmin><ymin>493</ymin><xmax>358</xmax><ymax>70</ymax></bndbox></object><object><name>proposal</name><bndbox><xmin>233</xmin><ymin>368</ymin><xmax>219</xmax><ymax>157</ymax></bndbox></object><object><name>proposal</name><bndbox><xmin>364</xmin><ymin>458</ymin><xmax>436</xmax><ymax>185</ymax></bndbox></object><object><name>proposal</name><bndbox><xmin>409</xmin><ymin>493</ymin><xmax>391</xmax><ymax>70</ymax></bndbox></object><object><name>proposal</name><bndbox><xmin>233</xmin><ymin>368</ymin><xmax>219</xmax><ymax>152</ymax></bndbox></object><object><name>proposal</name><bndbox><xmin>532</xmin><ymin>475</ymin><xmax>235</xmax><ymax>72</ymax></bndbox></object><object><name>proposal</name><bndbox><xmin>502</xmin><ymin>498</ymin><xmax>298</xmax><ymax>65</ymax></bndbox></object><object><name>proposal</name><bndbox><xmin>0</xmin><ymin>318</ymin><xmax>417</xmax><ymax>234</ymax></bndbox></object><object><name>proposal</name><bndbox><xmin>190</xmin><ymin>267</ymin><xmax>256</xmax><ymax>267</ymax></bndbox></object><object><name>proposal</name><bndbox><xmin>365</xmin><ymin>480</ymin><xmax>435</xmax><ymax>112</ymax></bndbox></object><object><name>proposal</name><bndbox><xmin>339</xmin><ymin>364</ymin><xmax>354</xmax><ymax>204</ymax></bndbox></object><object><name>proposal</name><bndbox><xmin>583</xmin><ymin>470</ymin><xmax>188</xmax><ymax>142</ymax></bndbox></object><object><name>proposal</name><bndbox><xmin>596</xmin><ymin>488</ymin><xmax>153</xmax><ymax>98</ymax></bndbox></object><object><name>proposal</name><bndbox><xmin>227</xmin><ymin>364</ymin><xmax>329</xmax><ymax>157</ymax></bndbox></object><object><name>proposal</name><bndbox><xmin>314</xmin><ymin>332</ymin><xmax>486</xmax><ymax>311</ymax></bndbox></object><object><name>proposal</name><bndbox><xmin>706</xmin><ymin>480</ymin><xmax>94</xmax><ymax>77</ymax></bndbox></object><object><name>proposal</name><bndbox><xmin>675</xmin><ymin>479</ymin><xmax>125</xmax><ymax>78</ymax></bndbox></object><object><name>proposal</name><bndbox><xmin>360</xmin><ymin>478</ymin><xmax>440</xmax><ymax>133</ymax></bndbox></object><object><name>proposal</name><bndbox><xmin>254</xmin><ymin>364</ymin><xmax>164</xmax><ymax>111</ymax></bndbox></object><object><name>proposal</name><bndbox><xmin>583</xmin><ymin>480</ymin><xmax>217</xmax><ymax>122</ymax></bndbox></object><object><name>proposal</name><bndbox><xmin>199</xmin><ymin>390</ymin><xmax>601</xmax><ymax>296</ymax></bndbox></object><object><name>proposal</name><bndbox><xmin>410</xmin><ymin>475</ymin><xmax>390</xmax><ymax>99</ymax></bndbox></object><object><name>proposal</name><bndbox><xmin>339</xmin><ymin>363</ymin><xmax>264</xmax><ymax>115</ymax></bndbox></object><object><name>proposal</name><bndbox><xmin>607</xmin><ymin>493</ymin><xmax>193</xmax><ymax>66</ymax></bndbox></object><object><name>proposal</name><bndbox><xmin>364</xmin><ymin>479</ymin><xmax>436</xmax><ymax>113</ymax></bndbox></object><object><name>proposal</name><bndbox><xmin>333</xmin><ymin>209</ymin><xmax>467</xmax><ymax>448</ymax></bndbox></object><object><name>proposal</name><bndbox><xmin>324</xmin><ymin>362</ymin><xmax>249</xmax><ymax>128</ymax></bndbox></object><object><name>proposal</name><bndbox><xmin>365</xmin><ymin>479</ymin><xmax>435</xmax><ymax>107</ymax></bndbox></object><object><name>proposal</name><bndbox><xmin>255</xmin><ymin>349</ymin><xmax>354</xmax><ymax>217</ymax></bndbox></object><object><name>proposal</name><bndbox><xmin>255</xmin><ymin>371</ymin><xmax>296</xmax><ymax>159</ymax></bndbox></object><object><name>proposal</name><bndbox><xmin>255</xmin><ymin>318</ymin><xmax>354</xmax><ymax>244</ymax></bndbox></object><object><name>proposal</name><bndbox><xmin>42</xmin><ymin>275</ymin><xmax>696</xmax><ymax>266</ymax></bndbox></object><object><name>proposal</name><bndbox><xmin>480</xmin><ymin>458</ymin><xmax>320</xmax><ymax>115</ymax></bndbox></object><object><name>proposal</name><bndbox><xmin>712</xmin><ymin>520</ymin><xmax>77</xmax><ymax>29</ymax></bndbox></object><object><name>proposal</name><bndbox><xmin>453</xmin><ymin>479</ymin><xmax>347</xmax><ymax>113</ymax></bndbox></object><object><name>proposal</name><bndbox><xmin>671</xmin><ymin>488</ymin><xmax>120</xmax><ymax>70</ymax></bndbox></object><object><name>proposal</name><bndbox><xmin>607</xmin><ymin>493</ymin><xmax>193</xmax><ymax>64</ymax></bndbox></object><object><name>proposal</name><bndbox><xmin>333</xmin><ymin>209</ymin><xmax>467</xmax><ymax>321</ymax></bndbox></object><object><name>proposal</name><bndbox><xmin>240</xmin><ymin>371</ymin><xmax>176</xmax><ymax>187</ymax></bndbox></object><object><name>proposal</name><bndbox><xmin>678</xmin><ymin>502</ymin><xmax>89</xmax><ymax>47</ymax></bndbox></object><object><name>proposal</name><bndbox><xmin>117</xmin><ymin>152</ymin><xmax>683</xmax><ymax>490</ymax></bndbox></object><object><name>proposal</name><bndbox><xmin>254</xmin><ymin>364</ymin><xmax>513</xmax><ymax>194</ymax></bndbox></object><object><name>proposal</name><bndbox><xmin>640</xmin><ymin>497</ymin><xmax>122</xmax><ymax>49</ymax></bndbox></object><object><name>proposal</name><bndbox><xmin>0</xmin><ymin>318</ymin><xmax>800</xmax><ymax>282</ymax></bndbox></object><object><name>proposal</name><bndbox><xmin>607</xmin><ymin>499</ymin><xmax>124</xmax><ymax>60</ymax></bndbox></object><object><name>proposal</name><bndbox><xmin>255</xmin><ymin>368</ymin><xmax>161</xmax><ymax>116</ymax></bndbox></object><object><name>proposal</name><bndbox><xmin>660</xmin><ymin>508</ymin><xmax>131</xmax><ymax>49</ymax></bndbox></object><object><name>proposal</name><bndbox><xmin>641</xmin><ymin>494</ymin><xmax>126</xmax><ymax>53</ymax></bndbox></object><object><name>proposal</name><bndbox><xmin>365</xmin><ymin>486</ymin><xmax>435</xmax><ymax>100</ymax></bndbox></object><object><name>proposal</name><bndbox><xmin>641</xmin><ymin>461</ymin><xmax>159</xmax><ymax>121</ymax></bndbox></object><object><name>proposal</name><bndbox><xmin>351</xmin><ymin>477</ymin><xmax>258</xmax><ymax>111</ymax></bndbox></object><object><name>proposal</name><bndbox><xmin>671</xmin><ymin>488</ymin><xmax>91</xmax><ymax>70</ymax></bndbox></object><object><name>proposal</name><bndbox><xmin>744</xmin><ymin>461</ymin><xmax>56</xmax><ymax>84</ymax></bndbox></object><object><name>proposal</name><bndbox><xmin>233</xmin><ymin>382</ymin><xmax>219</xmax><ymax>143</ymax></bndbox></object><object><name>proposal</name><bndbox><xmin>405</xmin><ymin>485</ymin><xmax>395</xmax><ymax>78</ymax></bndbox></object><object><name>proposal</name><bndbox><xmin>364</xmin><ymin>479</ymin><xmax>436</xmax><ymax>117</ymax></bndbox></object><object><name>proposal</name><bndbox><xmin>224</xmin><ymin>368</ymin><xmax>327</xmax><ymax>190</ymax></bndbox></object><object><name>proposal</name><bndbox><xmin>0</xmin><ymin>152</ymin><xmax>586</xmax><ymax>438</ymax></bndbox></object><object><name>proposal</name><bndbox><xmin>191</xmin><ymin>276</ymin><xmax>258</xmax><ymax>247</ymax></bndbox></object><object><name>proposal</name><bndbox><xmin>360</xmin><ymin>477</ymin><xmax>346</xmax><ymax>113</ymax></bndbox></object><object><name>proposal</name><bndbox><xmin>314</xmin><ymin>339</ymin><xmax>424</xmax><ymax>183</ymax></bndbox></object><object><name>proposal</name><bndbox><xmin>305</xmin><ymin>339</ymin><xmax>433</xmax><ymax>191</ymax></bndbox></object><object><name>proposal</name><bndbox><xmin>363</xmin><ymin>485</ymin><xmax>437</xmax><ymax>83</ymax></bndbox></object><object><name>proposal</name><bndbox><xmin>364</xmin><ymin>483</ymin><xmax>321</xmax><ymax>150</ymax></bndbox></object><object><name>proposal</name><bndbox><xmin>700</xmin><ymin>479</ymin><xmax>100</xmax><ymax>71</ymax></bndbox></object><object><name>proposal</name><bndbox><xmin>607</xmin><ymin>499</ymin><xmax>130</xmax><ymax>60</ymax></bndbox></object><object><name>proposal</name><bndbox><xmin>584</xmin><ymin>476</ymin><xmax>216</xmax><ymax>143</ymax></bndbox></object><object><name>proposal</name><bndbox><xmin>363</xmin><ymin>492</ymin><xmax>374</xmax><ymax>76</ymax></bndbox></object><object><name>proposal</name><bndbox><xmin>671</xmin><ymin>479</ymin><xmax>129</xmax><ymax>79</ymax></bndbox></object><object><name>proposal</name><bndbox><xmin>583</xmin><ymin>478</ymin><xmax>217</xmax><ymax>71</ymax></bndbox></object><object><name>proposal</name><bndbox><xmin>364</xmin><ymin>480</ymin><xmax>366</xmax><ymax>116</ymax></bndbox></object><object><name>proposal</name><bndbox><xmin>403</xmin><ymin>410</ymin><xmax>268</xmax><ymax>80</ymax></bndbox></object><object><name>proposal</name><bndbox><xmin>496</xmin><ymin>475</ymin><xmax>271</xmax><ymax>83</ymax></bndbox></object><object><name>proposal</name><bndbox><xmin>691</xmin><ymin>507</ymin><xmax>71</xmax><ymax>39</ymax></bndbox></object><object><name>proposal</name><bndbox><xmin>305</xmin><ymin>332</ymin><xmax>433</xmax><ymax>190</ymax></bndbox></object><object><name>proposal</name><bndbox><xmin>199</xmin><ymin>390</ymin><xmax>252</xmax><ymax>296</ymax></bndbox></object><object><name>proposal</name><bndbox><xmin>712</xmin><ymin>508</ymin><xmax>56</xmax><ymax>38</ymax></bndbox></object><object><name>proposal</name><bndbox><xmin>675</xmin><ymin>458</ymin><xmax>125</xmax><ymax>99</ymax></bndbox></object><object><name>proposal</name><bndbox><xmin>208</xmin><ymin>390</ymin><xmax>233</xmax><ymax>130</ymax></bndbox></object><object><name>proposal</name><bndbox><xmin>440</xmin><ymin>420</ymin><xmax>360</xmax><ymax>229</ymax></bndbox></object><object><name>proposal</name><bndbox><xmin>255</xmin><ymin>371</ymin><xmax>416</xmax><ymax>159</ymax></bndbox></object><object><name>proposal</name><bndbox><xmin>365</xmin><ymin>492</ymin><xmax>435</xmax><ymax>77</ymax></bndbox></object><object><name>proposal</name><bndbox><xmin>181</xmin><ymin>312</ymin><xmax>408</xmax><ymax>224</ymax></bndbox></object><object><name>proposal</name><bndbox><xmin>190</xmin><ymin>267</ymin><xmax>610</xmax><ymax>352</ymax></bndbox></object><object><name>proposal</name><bndbox><xmin>365</xmin><ymin>480</ymin><xmax>435</xmax><ymax>116</ymax></bndbox></object><object><name>proposal</name><bndbox><xmin>293</xmin><ymin>233</ymin><xmax>507</xmax><ymax>236</ymax></bndbox></object><object><name>proposal</name><bndbox><xmin>595</xmin><ymin>494</ymin><xmax>205</xmax><ymax>63</ymax></bndbox></object><object><name>proposal</name><bndbox><xmin>595</xmin><ymin>490</ymin><xmax>195</xmax><ymax>67</ymax></bndbox></object><object><name>proposal</name><bndbox><xmin>363</xmin><ymin>492</ymin><xmax>249</xmax><ymax>77</ymax></bndbox></object><object><name>proposal</name><bndbox><xmin>365</xmin><ymin>480</ymin><xmax>435</xmax><ymax>106</ymax></bndbox></object><object><name>proposal</name><bndbox><xmin>675</xmin><ymin>510</ymin><xmax>56</xmax><ymax>47</ymax></bndbox></object><object><name>proposal</name><bndbox><xmin>768</xmin><ymin>485</ymin><xmax>32</xmax><ymax>66</ymax></bndbox></object><object><name>proposal</name><bndbox><xmin>744</xmin><ymin>480</ymin><xmax>56</xmax><ymax>69</ymax></bndbox></object><object><name>proposal</name><bndbox><xmin>583</xmin><ymin>470</ymin><xmax>217</xmax><ymax>116</ymax></bndbox></object><object><name>proposal</name><bndbox><xmin>32</xmin><ymin>251</ymin><xmax>706</xmax><ymax>290</ymax></bndbox></object><object><name>proposal</name><bndbox><xmin>365</xmin><ymin>479</ymin><xmax>435</xmax><ymax>117</ymax></bndbox></object><object><name>proposal</name><bndbox><xmin>583</xmin><ymin>479</ymin><xmax>217</xmax><ymax>123</ymax></bndbox></object><object><name>proposal</name><bndbox><xmin>410</xmin><ymin>445</ymin><xmax>390</xmax><ymax>129</ymax></bndbox></object><object><name>proposal</name><bndbox><xmin>405</xmin><ymin>445</ymin><xmax>395</xmax><ymax>155</ymax></bndbox></object><object><name>proposal</name><bndbox><xmin>721</xmin><ymin>497</ymin><xmax>79</xmax><ymax>54</ymax></bndbox></object><object><name>proposal</name><bndbox><xmin>675</xmin><ymin>479</ymin><xmax>87</xmax><ymax>78</ymax></bndbox></object><object><name>proposal</name><bndbox><xmin>95</xmin><ymin>318</ymin><xmax>322</xmax><ymax>207</ymax></bndbox></object><object><name>proposal</name><bndbox><xmin>593</xmin><ymin>479</ymin><xmax>207</xmax><ymax>132</ymax></bndbox></object><object><name>proposal</name><bndbox><xmin>480</xmin><ymin>445</ymin><xmax>213</xmax><ymax>123</ymax></bndbox></object><object><name>proposal</name><bndbox><xmin>596</xmin><ymin>491</ymin><xmax>175</xmax><ymax>121</ymax></bndbox></object><object><name>proposal</name><bndbox><xmin>712</xmin><ymin>493</ymin><xmax>84</xmax><ymax>56</ymax></bndbox></object><object><name>proposal</name><bndbox><xmin>480</xmin><ymin>494</ymin><xmax>320</xmax><ymax>79</ymax></bndbox></object><object><name>proposal</name><bndbox><xmin>660</xmin><ymin>491</ymin><xmax>102</xmax><ymax>59</ymax></bndbox></object><object><name>proposal</name><bndbox><xmin>339</xmin><ymin>363</ymin><xmax>303</xmax><ymax>105</ymax></bndbox></object><object><name>proposal</name><bndbox><xmin>224</xmin><ymin>368</ymin><xmax>192</xmax><ymax>116</ymax></bndbox></object><object><name>proposal</name><bndbox><xmin>700</xmin><ymin>491</ymin><xmax>62</xmax><ymax>59</ymax></bndbox></object><object><name>proposal</name><bndbox><xmin>0</xmin><ymin>123</ymin><xmax>800</xmax><ymax>443</ymax></bndbox></object><object><name>proposal</name><bndbox><xmin>255</xmin><ymin>349</ymin><xmax>354</xmax><ymax>213</ymax></bndbox></object><object><name>proposal</name><bndbox><xmin>254</xmin><ymin>364</ymin><xmax>300</xmax><ymax>127</ymax></bndbox></object><object><name>proposal</name><bndbox><xmin>0</xmin><ymin>380</ymin><xmax>800</xmax><ymax>420</ymax></bndbox></object><object><name>proposal</name><bndbox><xmin>596</xmin><ymin>479</ymin><xmax>204</xmax><ymax>133</ymax></bndbox></object><object><name>proposal</name><bndbox><xmin>365</xmin><ymin>492</ymin><xmax>247</xmax><ymax>77</ymax></bndbox></object><object><name>proposal</name><bndbox><xmin>224</xmin><ymin>362</ymin><xmax>556</xmax><ymax>254</ymax></bndbox></object><object><name>proposal</name><bndbox><xmin>364</xmin><ymin>458</ymin><xmax>436</xmax><ymax>168</ymax></bndbox></object><object><name>proposal</name><bndbox><xmin>255</xmin><ymin>318</ymin><xmax>354</xmax><ymax>248</ymax></bndbox></object><object><name>proposal</name><bndbox><xmin>661</xmin><ymin>497</ymin><xmax>139</xmax><ymax>60</ymax></bndbox></object><object><name>proposal</name><bndbox><xmin>339</xmin><ymin>364</ymin><xmax>168</xmax><ymax>91</ymax></bndbox></object><object><name>proposal</name><bndbox><xmin>365</xmin><ymin>475</ymin><xmax>402</xmax><ymax>141</ymax></bndbox></object><object><name>proposal</name><bndbox><xmin>95</xmin><ymin>350</ymin><xmax>322</xmax><ymax>175</ymax></bndbox></object><object><name>proposal</name><bndbox><xmin>363</xmin><ymin>493</ymin><xmax>437</xmax><ymax>76</ymax></bndbox></object><object><name>proposal</name><bndbox><xmin>740</xmin><ymin>458</ymin><xmax>60</xmax><ymax>65</ymax></bndbox></object><object><name>proposal</name><bndbox><xmin>233</xmin><ymin>382</ymin><xmax>219</xmax><ymax>138</ymax></bndbox></object><object><name>proposal</name><bndbox><xmin>0</xmin><ymin>123</ymin><xmax>800</xmax><ymax>429</ymax></bndbox></object><object><name>proposal</name><bndbox><xmin>746</xmin><ymin>479</ymin><xmax>54</xmax><ymax>70</ymax></bndbox></object><object><name>proposal</name><bndbox><xmin>58</xmin><ymin>371</ymin><xmax>742</xmax><ymax>429</ymax></bndbox></object><object><name>proposal</name><bndbox><xmin>213</xmin><ymin>382</ymin><xmax>228</xmax><ymax>154</ymax></bndbox></object><object><name>proposal</name><bndbox><xmin>641</xmin><ymin>461</ymin><xmax>159</xmax><ymax>87</ymax></bndbox></object><object><name>proposal</name><bndbox><xmin>675</xmin><ymin>479</ymin><xmax>74</xmax><ymax>65</ymax></bndbox></object><object><name>proposal</name><bndbox><xmin>692</xmin><ymin>488</ymin><xmax>70</xmax><ymax>48</ymax></bndbox></object><object><name>proposal</name><bndbox><xmin>180</xmin><ymin>267</ymin><xmax>261</xmax><ymax>269</ymax></bndbox></object><object><name>proposal</name><bndbox><xmin>213</xmin><ymin>386</ymin><xmax>587</xmax><ymax>210</ymax></bndbox></object><object><name>proposal</name><bndbox><xmin>293</xmin><ymin>250</ymin><xmax>507</xmax><ymax>219</ymax></bndbox></object><object><name>proposal</name><bndbox><xmin>440</xmin><ymin>420</ymin><xmax>322</xmax><ymax>126</ymax></bndbox></object><object><name>proposal</name><bndbox><xmin>351</xmin><ymin>470</ymin><xmax>449</xmax><ymax>142</ymax></bndbox></object><object><name>proposal</name><bndbox><xmin>596</xmin><ymin>479</ymin><xmax>204</xmax><ymax>107</ymax></bndbox></object><object><name>proposal</name><bndbox><xmin>700</xmin><ymin>476</ymin><xmax>100</xmax><ymax>74</ymax></bndbox></object><object><name>proposal</name><bndbox><xmin>360</xmin><ymin>476</ymin><xmax>440</xmax><ymax>114</ymax></bndbox></object><object><name>proposal</name><bndbox><xmin>240</xmin><ymin>371</ymin><xmax>176</xmax><ymax>175</ymax></bndbox></object><object><name>proposal</name><bndbox><xmin>647</xmin><ymin>458</ymin><xmax>153</xmax><ymax>185</ymax></bndbox></object><object><name>proposal</name><bndbox><xmin>208</xmin><ymin>390</ymin><xmax>233</xmax><ymax>155</ymax></bndbox></object><object><name>proposal</name><bndbox><xmin>224</xmin><ymin>371</ymin><xmax>576</xmax><ymax>284</ymax></bndbox></object><object><name>proposal</name><bndbox><xmin>227</xmin><ymin>399</ymin><xmax>573</xmax><ymax>193</ymax></bndbox></object><object><name>proposal</name><bndbox><xmin>175</xmin><ymin>312</ymin><xmax>414</xmax><ymax>224</ymax></bndbox></object><object><name>proposal</name><bndbox><xmin>700</xmin><ymin>499</ymin><xmax>68</xmax><ymax>47</ymax></bndbox></object><object><name>proposal</name><bndbox><xmin>501</xmin><ymin>498</ymin><xmax>299</xmax><ymax>65</ymax></bndbox></object><object><name>proposal</name><bndbox><xmin>95</xmin><ymin>350</ymin><xmax>329</xmax><ymax>172</ymax></bndbox></object><object><name>proposal</name><bndbox><xmin>227</xmin><ymin>368</ymin><xmax>189</xmax><ymax>142</ymax></bndbox></object><object><name>proposal</name><bndbox><xmin>744</xmin><ymin>461</ymin><xmax>56</xmax><ymax>87</ymax></bndbox></object><object><name>proposal</name><bndbox><xmin>224</xmin><ymin>362</ymin><xmax>227</xmax><ymax>196</ymax></bndbox></object><object><name>proposal</name><bndbox><xmin>227</xmin><ymin>399</ymin><xmax>573</xmax><ymax>197</ymax></bndbox></object><object><name>proposal</name><bndbox><xmin>524</xmin><ymin>486</ymin><xmax>276</xmax><ymax>71</ymax></bndbox></object><object><name>proposal</name><bndbox><xmin>365</xmin><ymin>475</ymin><xmax>343</xmax><ymax>141</ymax></bndbox></object><object><name>proposal</name><bndbox><xmin>706</xmin><ymin>508</ymin><xmax>56</xmax><ymax>49</ymax></bndbox></object><object><name>proposal</name><bndbox><xmin>324</xmin><ymin>362</ymin><xmax>456</xmax><ymax>155</ymax></bndbox></object><object><name>proposal</name><bndbox><xmin>95</xmin><ymin>318</ymin><xmax>322</xmax><ymax>204</ymax></bndbox></object><object><name>proposal</name><bndbox><xmin>49</xmin><ymin>318</ymin><xmax>554</xmax><ymax>204</ymax></bndbox></object><object><name>proposal</name><bndbox><xmin>242</xmin><ymin>368</ymin><xmax>181</xmax><ymax>142</ymax></bndbox></object><object><name>proposal</name><bndbox><xmin>252</xmin><ymin>390</ymin><xmax>189</xmax><ymax>130</ymax></bndbox></object><object><name>proposal</name><bndbox><xmin>712</xmin><ymin>508</ymin><xmax>79</xmax><ymax>43</ymax></bndbox></object><object><name>proposal</name><bndbox><xmin>700</xmin><ymin>480</ymin><xmax>100</xmax><ymax>70</ymax></bndbox></object><object><name>proposal</name><bndbox><xmin>324</xmin><ymin>362</ymin><xmax>359</xmax><ymax>128</ymax></bndbox></object><object><name>proposal</name><bndbox><xmin>397</xmin><ymin>493</ymin><xmax>403</xmax><ymax>76</ymax></bndbox></object><object><name>proposal</name><bndbox><xmin>255</xmin><ymin>368</ymin><xmax>132</xmax><ymax>116</ymax></bndbox></object><object><name>proposal</name><bndbox><xmin>255</xmin><ymin>318</ymin><xmax>354</xmax><ymax>245</ymax></bndbox></object><object><name>proposal</name><bndbox><xmin>365</xmin><ymin>479</ymin><xmax>365</xmax><ymax>117</ymax></bndbox></object><object><name>proposal</name><bndbox><xmin>255</xmin><ymin>371</ymin><xmax>138</xmax><ymax>119</ymax></bndbox></object><object><name>proposal</name><bndbox><xmin>199</xmin><ymin>458</ymin><xmax>601</xmax><ymax>228</ymax></bndbox></object><object><name>proposal</name><bndbox><xmin>227</xmin><ymin>364</ymin><xmax>418</xmax><ymax>157</ymax></bndbox></object><object><name>proposal</name><bndbox><xmin>607</xmin><ymin>486</ymin><xmax>193</xmax><ymax>110</ymax></bndbox></object><object><name>proposal</name><bndbox><xmin>242</xmin><ymin>368</ymin><xmax>181</xmax><ymax>153</ymax></bndbox></object><object><name>proposal</name><bndbox><xmin>360</xmin><ymin>476</ymin><xmax>440</xmax><ymax>143</ymax></bndbox></object><object><name>proposal</name><bndbox><xmin>537</xmin><ymin>440</ymin><xmax>263</xmax><ymax>105</ymax></bndbox></object><object><name>proposal</name><bndbox><xmin>224</xmin><ymin>371</ymin><xmax>192</xmax><ymax>187</ymax></bndbox></object><object><name>proposal</name><bndbox><xmin>213</xmin><ymin>386</ymin><xmax>248</xmax><ymax>154</ymax></bndbox></object><object><name>proposal</name><bndbox><xmin>453</xmin><ymin>480</ymin><xmax>347</xmax><ymax>106</ymax></bndbox></object><object><name>proposal</name><bndbox><xmin>213</xmin><ymin>368</ymin><xmax>239</xmax><ymax>152</ymax></bndbox></object><object><name>proposal</name><bndbox><xmin>717</xmin><ymin>486</ymin><xmax>73</xmax><ymax>50</ymax></bndbox></object><object><name>proposal</name><bndbox><xmin>49</xmin><ymin>318</ymin><xmax>560</xmax><ymax>248</ymax></bndbox></object><object><name>proposal</name><bndbox><xmin>213</xmin><ymin>368</ymin><xmax>383</xmax><ymax>187</ymax></bndbox></object><object><name>proposal</name><bndbox><xmin>675</xmin><ymin>480</ymin><xmax>125</xmax><ymax>94</ymax></bndbox></object><object><name>proposal</name><bndbox><xmin>254</xmin><ymin>364</ymin><xmax>302</xmax><ymax>146</ymax></bndbox></object><object><name>proposal</name><bndbox><xmin>700</xmin><ymin>491</ymin><xmax>62</xmax><ymax>44</ymax></bndbox></object><object><name>proposal</name><bndbox><xmin>338</xmin><ymin>362</ymin><xmax>213</xmax><ymax>168</ymax></bndbox></object><object><name>proposal</name><bndbox><xmin>607</xmin><ymin>496</ymin><xmax>125</xmax><ymax>90</ymax></bndbox></object><object><name>proposal</name><bndbox><xmin>255</xmin><ymin>371</ymin><xmax>318</xmax><ymax>159</ymax></bndbox></object><object><name>proposal</name><bndbox><xmin>537</xmin><ymin>440</ymin><xmax>263</xmax><ymax>108</ymax></bndbox></object><object><name>proposal</name><bndbox><xmin>607</xmin><ymin>486</ymin><xmax>193</xmax><ymax>100</ymax></bndbox></object><object><name>proposal</name><bndbox><xmin>396</xmin><ymin>476</ymin><xmax>404</xmax><ymax>114</ymax></bndbox></object><object><name>proposal</name><bndbox><xmin>670</xmin><ymin>498</ymin><xmax>97</xmax><ymax>49</ymax></bndbox></object><object><name>proposal</name><bndbox><xmin>251</xmin><ymin>386</ymin><xmax>198</xmax><ymax>134</ymax></bndbox></object><object><name>proposal</name><bndbox><xmin>444</xmin><ymin>497</ymin><xmax>356</xmax><ymax>66</ymax></bndbox></object><object><name>proposal</name><bndbox><xmin>240</xmin><ymin>371</ymin><xmax>560</xmax><ymax>284</ymax></bndbox></object><object><name>proposal</name><bndbox><xmin>707</xmin><ymin>511</ymin><xmax>55</xmax><ymax>39</ymax></bndbox></object><object><name>proposal</name><bndbox><xmin>213</xmin><ymin>368</ymin><xmax>428</xmax><ymax>219</ymax></bndbox></object><object><name>proposal</name><bndbox><xmin>444</xmin><ymin>497</ymin><xmax>356</xmax><ymax>62</ymax></bndbox></object><object><name>proposal</name><bndbox><xmin>190</xmin><ymin>288</ymin><xmax>256</xmax><ymax>246</ymax></bndbox></object><object><name>proposal</name><bndbox><xmin>251</xmin><ymin>386</ymin><xmax>210</xmax><ymax>154</ymax></bndbox></object><object><name>proposal</name><bndbox><xmin>700</xmin><ymin>491</ymin><xmax>51</xmax><ymax>39</ymax></bndbox></object><object><name>proposal</name><bndbox><xmin>409</xmin><ymin>492</ymin><xmax>391</xmax><ymax>71</ymax></bndbox></object><object><name>proposal</name><bndbox><xmin>305</xmin><ymin>339</ymin><xmax>433</xmax><ymax>183</ymax></bndbox></object><object><name>proposal</name><bndbox><xmin>224</xmin><ymin>368</ymin><xmax>192</xmax><ymax>190</ymax></bndbox></object><object><name>proposal</name><bndbox><xmin>163</xmin><ymin>265</ymin><xmax>637</xmax><ymax>346</ymax></bndbox></object><object><name>proposal</name><bndbox><xmin>480</xmin><ymin>475</ymin><xmax>320</xmax><ymax>99</ymax></bndbox></object><object><name>proposal</name><bndbox><xmin>670</xmin><ymin>507</ymin><xmax>92</xmax><ymax>39</ymax></bndbox></object><object><name>proposal</name><bndbox><xmin>725</xmin><ymin>480</ymin><xmax>75</xmax><ymax>70</ymax></bndbox></object><object><name>proposal</name><bndbox><xmin>384</xmin><ymin>493</ymin><xmax>416</xmax><ymax>76</ymax></bndbox></object><object><name>proposal</name><bndbox><xmin>740</xmin><ymin>458</ymin><xmax>60</xmax><ymax>91</ymax></bndbox></object><object><name>proposal</name><bndbox><xmin>0</xmin><ymin>318</ymin><xmax>424</xmax><ymax>234</ymax></bndbox></object><object><name>proposal</name><bndbox><xmin>408</xmin><ymin>482</ymin><xmax>233</xmax><ymax>105</ymax></bndbox></object><object><name>proposal</name><bndbox><xmin>180</xmin><ymin>267</ymin><xmax>261</xmax><ymax>262</ymax></bndbox></object><object><name>proposal</name><bndbox><xmin>339</xmin><ymin>363</ymin><xmax>461</xmax><ymax>286</ymax></bndbox></object><object><name>proposal</name><bndbox><xmin>363</xmin><ymin>492</ymin><xmax>437</xmax><ymax>77</ymax></bndbox></object><object><name>proposal</name><bndbox><xmin>49</xmin><ymin>318</ymin><xmax>751</xmax><ymax>482</ymax></bndbox></object><object><name>proposal</name><bndbox><xmin>524</xmin><ymin>475</ymin><xmax>243</xmax><ymax>72</ymax></bndbox></object><object><name>proposal</name><bndbox><xmin>42</xmin><ymin>275</ymin><xmax>399</xmax><ymax>266</ymax></bndbox></object><object><name>proposal</name><bndbox><xmin>360</xmin><ymin>478</ymin><xmax>339</xmax><ymax>108</ymax></bndbox></object><object><name>proposal</name><bndbox><xmin>744</xmin><ymin>479</ymin><xmax>56</xmax><ymax>72</ymax></bndbox></object><object><name>proposal</name><bndbox><xmin>339</xmin><ymin>364</ymin><xmax>217</xmax><ymax>118</ymax></bndbox></object><object><name>proposal</name><bndbox><xmin>63</xmin><ymin>318</ymin><xmax>354</xmax><ymax>204</ymax></bndbox></object><object><name>proposal</name><bndbox><xmin>180</xmin><ymin>267</ymin><xmax>620</xmax><ymax>345</ymax></bndbox></object><object><name>proposal</name><bndbox><xmin>32</xmin><ymin>251</ymin><xmax>768</xmax><ymax>435</ymax></bndbox></object><object><name>proposal</name><bndbox><xmin>95</xmin><ymin>350</ymin><xmax>322</xmax><ymax>172</ymax></bndbox></object><object><name>proposal</name><bndbox><xmin>675</xmin><ymin>490</ymin><xmax>115</xmax><ymax>67</ymax></bndbox></object><object><name>proposal</name><bndbox><xmin>255</xmin><ymin>318</ymin><xmax>545</xmax><ymax>482</ymax></bndbox></object><object><name>proposal</name><bndbox><xmin>519</xmin><ymin>440</ymin><xmax>281</xmax><ymax>108</ymax></bndbox></object><object><name>proposal</name><bndbox><xmin>487</xmin><ymin>476</ymin><xmax>313</xmax><ymax>90</ymax></bndbox></object><object><name>proposal</name><bndbox><xmin>240</xmin><ymin>371</ymin><xmax>431</xmax><ymax>187</ymax></bndbox></object><object><name>proposal</name><bndbox><xmin>717</xmin><ymin>486</ymin><xmax>83</xmax><ymax>63</ymax></bndbox></object><object><name>proposal</name><bndbox><xmin>700</xmin><ymin>458</ymin><xmax>100</xmax><ymax>91</ymax></bndbox></object><object><name>proposal</name><bndbox><xmin>254</xmin><ymin>368</ymin><xmax>169</xmax><ymax>142</ymax></bndbox></object><object><name>proposal</name><bndbox><xmin>396</xmin><ymin>480</ymin><xmax>310</xmax><ymax>110</ymax></bndbox></object><object><name>proposal</name><bndbox><xmin>609</xmin><ymin>461</ymin><xmax>191</xmax><ymax>181</ymax></bndbox></object><object><name>proposal</name><bndbox><xmin>227</xmin><ymin>364</ymin><xmax>573</xmax><ymax>210</ymax></bndbox></object><object><name>proposal</name><bndbox><xmin>721</xmin><ymin>498</ymin><xmax>79</xmax><ymax>53</ymax></bndbox></object></annotation>