<annotation><folder>Proposals</folder><filename>img-455.jpg</filename><size><width>455</width><height>300</height><depth>3</depth></size><object><name>proposal</name><bndbox><xmin>450</xmin><ymin>314</ymin><xmax>61</xmax><ymax>51</ymax></bndbox></object><object><name>proposal</name><bndbox><xmin>350</xmin><ymin>277</ymin><xmax>236</xmax><ymax>149</ymax></bndbox></object><object><name>proposal</name><bndbox><xmin>501</xmin><ymin>327</ymin><xmax>44</xmax><ymax>48</ymax></bndbox></object><object><name>proposal</name><bndbox><xmin>444</xmin><ymin>277</ymin><xmax>142</xmax><ymax>98</ymax></bndbox></object><object><name>proposal</name><bndbox><xmin>487</xmin><ymin>334</ymin><xmax>58</xmax><ymax>42</ymax></bndbox></object><object><name>proposal</name><bndbox><xmin>359</xmin><ymin>277</ymin><xmax>226</xmax><ymax>150</ymax></bndbox></object><object><name>proposal</name><bndbox><xmin>450</xmin><ymin>288</ymin><xmax>127</xmax><ymax>87</ymax></bndbox></object><object><name>proposal</name><bndbox><xmin>486</xmin><ymin>289</ymin><xmax>81</xmax><ymax>50</ymax></bndbox></object><object><name>proposal</name><bndbox><xmin>468</xmin><ymin>302</ymin><xmax>61</xmax><ymax>52</ymax></bndbox></object><object><name>proposal</name><bndbox><xmin>468</xmin><ymin>289</ymin><xmax>109</xmax><ymax>83</ymax></bndbox></object><object><name>proposal</name><bndbox><xmin>468</xmin><ymin>302</ymin><xmax>78</xmax><ymax>73</ymax></bndbox></object><object><name>proposal</name><bndbox><xmin>480</xmin><ymin>302</ymin><xmax>66</xmax><ymax>52</ymax></bndbox></object><object><name>proposal</name><bndbox><xmin>468</xmin><ymin>288</ymin><xmax>109</xmax><ymax>87</ymax></bndbox></object><object><name>proposal</name><bndbox><xmin>486</xmin><ymin>289</ymin><xmax>66</xmax><ymax>79</ymax></bndbox></object><object><name>proposal</name><bndbox><xmin>467</xmin><ymin>289</ymin><xmax>80</xmax><ymax>87</ymax></bndbox></object><object><name>proposal</name><bndbox><xmin>468</xmin><ymin>331</ymin><xmax>77</xmax><ymax>45</ymax></bndbox></object><object><name>proposal</name><bndbox><xmin>414</xmin><ymin>277</ymin><xmax>172</xmax><ymax>109</ymax></bndbox></object><object><name>proposal</name><bndbox><xmin>446</xmin><ymin>277</ymin><xmax>140</xmax><ymax>109</ymax></bndbox></object><object><name>proposal</name><bndbox><xmin>529</xmin><ymin>298</ymin><xmax>57</xmax><ymax>59</ymax></bndbox></object><object><name>proposal</name><bndbox><xmin>444</xmin><ymin>277</ymin><xmax>102</xmax><ymax>77</ymax></bndbox></object><object><name>proposal</name><bndbox><xmin>446</xmin><ymin>277</ymin><xmax>67</xmax><ymax>86</ymax></bndbox></object><object><name>proposal</name><bndbox><xmin>448</xmin><ymin>289</ymin><xmax>137</xmax><ymax>87</ymax></bndbox></object><object><name>proposal</name><bndbox><xmin>506</xmin><ymin>305</ymin><xmax>61</xmax><ymax>38</ymax></bndbox></object><object><name>proposal</name><bndbox><xmin>463</xmin><ymin>291</ymin><xmax>114</xmax><ymax>70</ymax></bndbox></object><object><name>proposal</name><bndbox><xmin>467</xmin><ymin>288</ymin><xmax>100</xmax><ymax>80</ymax></bndbox></object><object><name>proposal</name><bndbox><xmin>480</xmin><ymin>289</ymin><xmax>54</xmax><ymax>79</ymax></bndbox></object><object><name>proposal</name><bndbox><xmin>448</xmin><ymin>306</ymin><xmax>53</xmax><ymax>56</ymax></bndbox></object><object><name>proposal</name><bndbox><xmin>444</xmin><ymin>287</ymin><xmax>102</xmax><ymax>88</ymax></bndbox></object><object><name>proposal</name><bndbox><xmin>529</xmin><ymin>298</ymin><xmax>57</xmax><ymax>53</ymax></bndbox></object><object><name>proposal</name><bndbox><xmin>486</xmin><ymin>289</ymin><xmax>66</xmax><ymax>69</ymax></bndbox></object><object><name>proposal</name><bndbox><xmin>468</xmin><ymin>302</ymin><xmax>78</xmax><ymax>52</ymax></bndbox></object><object><name>proposal</name><bndbox><xmin>456</xmin><ymin>289</ymin><xmax>91</xmax><ymax>86</ymax></bndbox></object><object><name>proposal</name><bndbox><xmin>466</xmin><ymin>311</ymin><xmax>35</xmax><ymax>51</ymax></bndbox></object><object><name>proposal</name><bndbox><xmin>448</xmin><ymin>289</ymin><xmax>99</xmax><ymax>87</ymax></bndbox></object><object><name>proposal</name><bndbox><xmin>508</xmin><ymin>280</ymin><xmax>77</xmax><ymax>106</ymax></bndbox></object><object><name>proposal</name><bndbox><xmin>481</xmin><ymin>276</ymin><xmax>86</xmax><ymax>92</ymax></bndbox></object><object><name>proposal</name><bndbox><xmin>450</xmin><ymin>288</ymin><xmax>132</xmax><ymax>87</ymax></bndbox></object><object><name>proposal</name><bndbox><xmin>449</xmin><ymin>301</ymin><xmax>52</xmax><ymax>60</ymax></bndbox></object><object><name>proposal</name><bndbox><xmin>446</xmin><ymin>277</ymin><xmax>121</xmax><ymax>91</ymax></bndbox></object><object><name>proposal</name><bndbox><xmin>416</xmin><ymin>278</ymin><xmax>169</xmax><ymax>108</ymax></bndbox></object><object><name>proposal</name><bndbox><xmin>458</xmin><ymin>306</ymin><xmax>43</xmax><ymax>49</ymax></bndbox></object><object><name>proposal</name><bndbox><xmin>514</xmin><ymin>291</ymin><xmax>72</xmax><ymax>95</ymax></bndbox></object><object><name>proposal</name><bndbox><xmin>444</xmin><ymin>277</ymin><xmax>102</xmax><ymax>98</ymax></bndbox></object><object><name>proposal</name><bndbox><xmin>476</xmin><ymin>302</ymin><xmax>70</xmax><ymax>52</ymax></bndbox></object><object><name>proposal</name><bndbox><xmin>463</xmin><ymin>306</ymin><xmax>38</xmax><ymax>49</ymax></bndbox></object><object><name>proposal</name><bndbox><xmin>452</xmin><ymin>288</ymin><xmax>115</xmax><ymax>87</ymax></bndbox></object><object><name>proposal</name><bndbox><xmin>468</xmin><ymin>277</ymin><xmax>78</xmax><ymax>98</ymax></bndbox></object><object><name>proposal</name><bndbox><xmin>334</xmin><ymin>277</ymin><xmax>252</xmax><ymax>149</ymax></bndbox></object><object><name>proposal</name><bndbox><xmin>349</xmin><ymin>277</ymin><xmax>236</xmax><ymax>150</ymax></bndbox></object><object><name>proposal</name><bndbox><xmin>449</xmin><ymin>301</ymin><xmax>96</xmax><ymax>74</ymax></bndbox></object><object><name>proposal</name><bndbox><xmin>456</xmin><ymin>289</ymin><xmax>126</xmax><ymax>86</ymax></bndbox></object><object><name>proposal</name><bndbox><xmin>444</xmin><ymin>287</ymin><xmax>102</xmax><ymax>67</ymax></bndbox></object><object><name>proposal</name><bndbox><xmin>487</xmin><ymin>338</ymin><xmax>58</xmax><ymax>37</ymax></bndbox></object><object><name>proposal</name><bndbox><xmin>467</xmin><ymin>289</ymin><xmax>118</xmax><ymax>70</ymax></bndbox></object><object><name>proposal</name><bndbox><xmin>449</xmin><ymin>289</ymin><xmax>133</xmax><ymax>72</ymax></bndbox></object><object><name>proposal</name><bndbox><xmin>448</xmin><ymin>289</ymin><xmax>137</xmax><ymax>70</ymax></bndbox></object><object><name>proposal</name><bndbox><xmin>468</xmin><ymin>332</ymin><xmax>77</xmax><ymax>43</ymax></bndbox></object><object><name>proposal</name><bndbox><xmin>466</xmin><ymin>289</ymin><xmax>68</xmax><ymax>79</ymax></bndbox></object><object><name>proposal</name><bndbox><xmin>466</xmin><ymin>289</ymin><xmax>101</xmax><ymax>79</ymax></bndbox></object><object><name>proposal</name><bndbox><xmin>446</xmin><ymin>277</ymin><xmax>100</xmax><ymax>77</ymax></bndbox></object><object><name>proposal</name><bndbox><xmin>444</xmin><ymin>277</ymin><xmax>142</xmax><ymax>80</ymax></bndbox></object><object><name>proposal</name><bndbox><xmin>404</xmin><ymin>276</ymin><xmax>181</xmax><ymax>110</ymax></bndbox></object><object><name>proposal</name><bndbox><xmin>446</xmin><ymin>277</ymin><xmax>139</xmax><ymax>109</ymax></bndbox></object><object><name>proposal</name><bndbox><xmin>444</xmin><ymin>287</ymin><xmax>101</xmax><ymax>88</ymax></bndbox></object><object><name>proposal</name><bndbox><xmin>526</xmin><ymin>299</ymin><xmax>56</xmax><ymax>59</ymax></bndbox></object><object><name>proposal</name><bndbox><xmin>450</xmin><ymin>301</ymin><xmax>51</xmax><ymax>61</ymax></bndbox></object><object><name>proposal</name><bndbox><xmin>480</xmin><ymin>302</ymin><xmax>49</xmax><ymax>52</ymax></bndbox></object><object><name>proposal</name><bndbox><xmin>481</xmin><ymin>277</ymin><xmax>73</xmax><ymax>61</ymax></bndbox></object><object><name>proposal</name><bndbox><xmin>450</xmin><ymin>288</ymin><xmax>127</xmax><ymax>84</ymax></bndbox></object><object><name>proposal</name><bndbox><xmin>456</xmin><ymin>289</ymin><xmax>126</xmax><ymax>69</ymax></bndbox></object><object><name>proposal</name><bndbox><xmin>523</xmin><ymin>291</ymin><xmax>54</xmax><ymax>57</ymax></bndbox></object><object><name>proposal</name><bndbox><xmin>448</xmin><ymin>287</ymin><xmax>137</xmax><ymax>89</ymax></bndbox></object></annotation>