<annotation><folder>Proposals</folder><filename>img-589.jpg</filename><size><width>450</width><height>300</height><depth>3</depth></size><object><name>proposal</name><bndbox><xmin>318</xmin><ymin>382</ymin><xmax>56</xmax><ymax>26</ymax></bndbox></object><object><name>proposal</name><bndbox><xmin>566</xmin><ymin>565</ymin><xmax>192</xmax><ymax>115</ymax></bndbox></object><object><name>proposal</name><bndbox><xmin>539</xmin><ymin>565</ymin><xmax>261</xmax><ymax>166</ymax></bndbox></object><object><name>proposal</name><bndbox><xmin>233</xmin><ymin>581</ymin><xmax>123</xmax><ymax>137</ymax></bndbox></object><object><name>proposal</name><bndbox><xmin>135</xmin><ymin>378</ymin><xmax>57</xmax><ymax>31</ymax></bndbox></object><object><name>proposal</name><bndbox><xmin>275</xmin><ymin>339</ymin><xmax>23</xmax><ymax>24</ymax></bndbox></object><object><name>proposal</name><bndbox><xmin>326</xmin><ymin>387</ymin><xmax>71</xmax><ymax>27</ymax></bndbox></object><object><name>proposal</name><bndbox><xmin>412</xmin><ymin>452</ymin><xmax>52</xmax><ymax>9</ymax></bndbox></object><object><name>proposal</name><bndbox><xmin>322</xmin><ymin>621</ymin><xmax>64</xmax><ymax>84</ymax></bndbox></object><object><name>proposal</name><bndbox><xmin>566</xmin><ymin>565</ymin><xmax>190</xmax><ymax>126</ymax></bndbox></object><object><name>proposal</name><bndbox><xmin>243</xmin><ymin>598</ymin><xmax>121</xmax><ymax>98</ymax></bndbox></object><object><name>proposal</name><bndbox><xmin>159</xmin><ymin>465</ymin><xmax>44</xmax><ymax>36</ymax></bndbox></object><object><name>proposal</name><bndbox><xmin>276</xmin><ymin>343</ymin><xmax>22</xmax><ymax>19</ymax></bndbox></object><object><name>proposal</name><bndbox><xmin>572</xmin><ymin>565</ymin><xmax>111</xmax><ymax>56</ymax></bndbox></object><object><name>proposal</name><bndbox><xmin>421</xmin><ymin>469</ymin><xmax>62</xmax><ymax>19</ymax></bndbox></object><object><name>proposal</name><bndbox><xmin>216</xmin><ymin>391</ymin><xmax>70</xmax><ymax>43</ymax></bndbox></object><object><name>proposal</name><bndbox><xmin>310</xmin><ymin>627</ymin><xmax>70</xmax><ymax>93</ymax></bndbox></object><object><name>proposal</name><bndbox><xmin>144</xmin><ymin>453</ymin><xmax>68</xmax><ymax>48</ymax></bndbox></object><object><name>proposal</name><bndbox><xmin>318</xmin><ymin>384</ymin><xmax>52</xmax><ymax>27</ymax></bndbox></object><object><name>proposal</name><bndbox><xmin>142</xmin><ymin>458</ymin><xmax>121</xmax><ymax>62</ymax></bndbox></object><object><name>proposal</name><bndbox><xmin>142</xmin><ymin>458</ymin><xmax>59</xmax><ymax>41</ymax></bndbox></object><object><name>proposal</name><bndbox><xmin>322</xmin><ymin>457</ymin><xmax>101</xmax><ymax>36</ymax></bndbox></object><object><name>proposal</name><bndbox><xmin>414</xmin><ymin>452</ymin><xmax>107</xmax><ymax>51</ymax></bndbox></object><object><name>proposal</name><bndbox><xmin>250</xmin><ymin>368</ymin><xmax>134</xmax><ymax>53</ymax></bndbox></object><object><name>proposal</name><bndbox><xmin>233</xmin><ymin>582</ymin><xmax>163</xmax><ymax>180</ymax></bndbox></object><object><name>proposal</name><bndbox><xmin>245</xmin><ymin>622</ymin><xmax>107</xmax><ymax>79</ymax></bndbox></object><object><name>proposal</name><bndbox><xmin>245</xmin><ymin>610</ymin><xmax>120</xmax><ymax>100</ymax></bndbox></object><object><name>proposal</name><bndbox><xmin>322</xmin><ymin>459</ymin><xmax>100</xmax><ymax>30</ymax></bndbox></object><object><name>proposal</name><bndbox><xmin>325</xmin><ymin>453</ymin><xmax>183</xmax><ymax>39</ymax></bndbox></object><object><name>proposal</name><bndbox><xmin>144</xmin><ymin>458</ymin><xmax>57</xmax><ymax>41</ymax></bndbox></object><object><name>proposal</name><bndbox><xmin>568</xmin><ymin>566</ymin><xmax>196</xmax><ymax>119</ymax></bndbox></object><object><name>proposal</name><bndbox><xmin>250</xmin><ymin>373</ymin><xmax>119</xmax><ymax>41</ymax></bndbox></object><object><name>proposal</name><bndbox><xmin>551</xmin><ymin>468</ymin><xmax>24</xmax><ymax>14</ymax></bndbox></object><object><name>proposal</name><bndbox><xmin>421</xmin><ymin>469</ymin><xmax>64</xmax><ymax>28</ymax></bndbox></object><object><name>proposal</name><bndbox><xmin>218</xmin><ymin>408</ymin><xmax>50</xmax><ymax>26</ymax></bndbox></object><object><name>proposal</name><bndbox><xmin>520</xmin><ymin>467</ymin><xmax>54</xmax><ymax>22</ymax></bndbox></object><object><name>proposal</name><bndbox><xmin>566</xmin><ymin>565</ymin><xmax>74</xmax><ymax>59</ymax></bndbox></object><object><name>proposal</name><bndbox><xmin>370</xmin><ymin>456</ymin><xmax>136</xmax><ymax>19</ymax></bndbox></object><object><name>proposal</name><bndbox><xmin>342</xmin><ymin>392</ymin><xmax>42</xmax><ymax>27</ymax></bndbox></object><object><name>proposal</name><bndbox><xmin>597</xmin><ymin>588</ymin><xmax>161</xmax><ymax>90</ymax></bndbox></object><object><name>proposal</name><bndbox><xmin>203</xmin><ymin>490</ymin><xmax>60</xmax><ymax>35</ymax></bndbox></object><object><name>proposal</name><bndbox><xmin>324</xmin><ymin>462</ymin><xmax>94</xmax><ymax>32</ymax></bndbox></object><object><name>proposal</name><bndbox><xmin>274</xmin><ymin>642</ymin><xmax>60</xmax><ymax>38</ymax></bndbox></object><object><name>proposal</name><bndbox><xmin>517</xmin><ymin>467</ymin><xmax>57</xmax><ymax>22</ymax></bndbox></object><object><name>proposal</name><bndbox><xmin>343</xmin><ymin>387</ymin><xmax>54</xmax><ymax>18</ymax></bndbox></object><object><name>proposal</name><bndbox><xmin>360</xmin><ymin>580</ymin><xmax>64</xmax><ymax>41</ymax></bndbox></object><object><name>proposal</name><bndbox><xmin>595</xmin><ymin>606</ymin><xmax>171</xmax><ymax>87</ymax></bndbox></object><object><name>proposal</name><bndbox><xmin>394</xmin><ymin>584</ymin><xmax>55</xmax><ymax>37</ymax></bndbox></object><object><name>proposal</name><bndbox><xmin>216</xmin><ymin>388</ymin><xmax>83</xmax><ymax>16</ymax></bndbox></object><object><name>proposal</name><bndbox><xmin>565</xmin><ymin>586</ymin><xmax>204</xmax><ymax>99</ymax></bndbox></object><object><name>proposal</name><bndbox><xmin>233</xmin><ymin>598</ymin><xmax>132</xmax><ymax>111</ymax></bndbox></object><object><name>proposal</name><bndbox><xmin>318</xmin><ymin>384</ymin><xmax>66</xmax><ymax>37</ymax></bndbox></object><object><name>proposal</name><bndbox><xmin>249</xmin><ymin>614</ymin><xmax>92</xmax><ymax>90</ymax></bndbox></object><object><name>proposal</name><bndbox><xmin>272</xmin><ymin>637</ymin><xmax>69</xmax><ymax>64</ymax></bndbox></object><object><name>proposal</name><bndbox><xmin>325</xmin><ymin>400</ymin><xmax>41</xmax><ymax>14</ymax></bndbox></object><object><name>proposal</name><bndbox><xmin>434</xmin><ymin>478</ymin><xmax>35</xmax><ymax>10</ymax></bndbox></object><object><name>proposal</name><bndbox><xmin>560</xmin><ymin>606</ymin><xmax>240</xmax><ymax>127</ymax></bndbox></object><object><name>proposal</name><bndbox><xmin>210</xmin><ymin>379</ymin><xmax>160</xmax><ymax>56</ymax></bndbox></object><object><name>proposal</name><bndbox><xmin>216</xmin><ymin>373</ymin><xmax>168</xmax><ymax>71</ymax></bndbox></object><object><name>proposal</name><bndbox><xmin>256</xmin><ymin>630</ymin><xmax>77</xmax><ymax>26</ymax></bndbox></object><object><name>proposal</name><bndbox><xmin>300</xmin><ymin>645</ymin><xmax>43</xmax><ymax>54</ymax></bndbox></object><object><name>proposal</name><bndbox><xmin>322</xmin><ymin>621</ymin><xmax>42</xmax><ymax>84</ymax></bndbox></object><object><name>proposal</name><bndbox><xmin>245</xmin><ymin>607</ymin><xmax>94</xmax><ymax>94</ymax></bndbox></object><object><name>proposal</name><bndbox><xmin>276</xmin><ymin>343</ymin><xmax>22</xmax><ymax>20</ymax></bndbox></object><object><name>proposal</name><bndbox><xmin>144</xmin><ymin>458</ymin><xmax>119</xmax><ymax>67</ymax></bndbox></object><object><name>proposal</name><bndbox><xmin>216</xmin><ymin>384</ymin><xmax>98</xmax><ymax>56</ymax></bndbox></object><object><name>proposal</name><bndbox><xmin>272</xmin><ymin>642</ymin><xmax>62</xmax><ymax>45</ymax></bndbox></object><object><name>proposal</name><bndbox><xmin>144</xmin><ymin>458</ymin><xmax>59</xmax><ymax>43</ymax></bndbox></object><object><name>proposal</name><bndbox><xmin>421</xmin><ymin>469</ymin><xmax>48</xmax><ymax>34</ymax></bndbox></object><object><name>proposal</name><bndbox><xmin>624</xmin><ymin>573</ymin><xmax>176</xmax><ymax>185</ymax></bndbox></object><object><name>proposal</name><bndbox><xmin>520</xmin><ymin>467</ymin><xmax>53</xmax><ymax>21</ymax></bndbox></object><object><name>proposal</name><bndbox><xmin>216</xmin><ymin>402</ymin><xmax>40</xmax><ymax>32</ymax></bndbox></object><object><name>proposal</name><bndbox><xmin>560</xmin><ymin>566</ymin><xmax>240</xmax><ymax>192</ymax></bndbox></object><object><name>proposal</name><bndbox><xmin>539</xmin><ymin>565</ymin><xmax>219</xmax><ymax>115</ymax></bndbox></object><object><name>proposal</name><bndbox><xmin>608</xmin><ymin>599</ymin><xmax>156</xmax><ymax>86</ymax></bndbox></object><object><name>proposal</name><bndbox><xmin>204</xmin><ymin>342</ymin><xmax>94</xmax><ymax>24</ymax></bndbox></object><object><name>proposal</name><bndbox><xmin>269</xmin><ymin>622</ymin><xmax>85</xmax><ymax>76</ymax></bndbox></object><object><name>proposal</name><bndbox><xmin>421</xmin><ymin>469</ymin><xmax>64</xmax><ymax>27</ymax></bndbox></object><object><name>proposal</name><bndbox><xmin>322</xmin><ymin>452</ymin><xmax>153</xmax><ymax>41</ymax></bndbox></object><object><name>proposal</name><bndbox><xmin>449</xmin><ymin>451</ymin><xmax>53</xmax><ymax>10</ymax></bndbox></object><object><name>proposal</name><bndbox><xmin>560</xmin><ymin>566</ymin><xmax>206</xmax><ymax>114</ymax></bndbox></object><object><name>proposal</name><bndbox><xmin>142</xmin><ymin>459</ymin><xmax>102</xmax><ymax>56</ymax></bndbox></object><object><name>proposal</name><bndbox><xmin>597</xmin><ymin>588</ymin><xmax>123</xmax><ymax>82</ymax></bndbox></object><object><name>proposal</name><bndbox><xmin>319</xmin><ymin>453</ymin><xmax>173</xmax><ymax>53</ymax></bndbox></object><object><name>proposal</name><bndbox><xmin>144</xmin><ymin>458</ymin><xmax>63</xmax><ymax>43</ymax></bndbox></object><object><name>proposal</name><bndbox><xmin>218</xmin><ymin>373</ymin><xmax>166</xmax><ymax>61</ymax></bndbox></object><object><name>proposal</name><bndbox><xmin>414</xmin><ymin>450</ymin><xmax>117</xmax><ymax>65</ymax></bndbox></object><object><name>proposal</name><bndbox><xmin>250</xmin><ymin>368</ymin><xmax>99</xmax><ymax>42</ymax></bndbox></object><object><name>proposal</name><bndbox><xmin>246</xmin><ymin>610</ymin><xmax>93</xmax><ymax>95</ymax></bndbox></object><object><name>proposal</name><bndbox><xmin>318</xmin><ymin>391</ymin><xmax>52</xmax><ymax>18</ymax></bndbox></object><object><name>proposal</name><bndbox><xmin>405</xmin><ymin>453</ymin><xmax>87</xmax><ymax>53</ymax></bndbox></object><object><name>proposal</name><bndbox><xmin>585</xmin><ymin>566</ymin><xmax>215</xmax><ymax>167</ymax></bndbox></object><object><name>proposal</name><bndbox><xmin>216</xmin><ymin>390</ymin><xmax>55</xmax><ymax>11</ymax></bndbox></object><object><name>proposal</name><bndbox><xmin>306</xmin><ymin>377</ymin><xmax>68</xmax><ymax>36</ymax></bndbox></object><object><name>proposal</name><bndbox><xmin>516</xmin><ymin>464</ymin><xmax>57</xmax><ymax>24</ymax></bndbox></object><object><name>proposal</name><bndbox><xmin>245</xmin><ymin>608</ymin><xmax>98</xmax><ymax>93</ymax></bndbox></object><object><name>proposal</name><bndbox><xmin>154</xmin><ymin>453</ymin><xmax>90</xmax><ymax>48</ymax></bndbox></object><object><name>proposal</name><bndbox><xmin>269</xmin><ymin>607</ymin><xmax>79</xmax><ymax>92</ymax></bndbox></object><object><name>proposal</name><bndbox><xmin>252</xmin><ymin>546</ymin><xmax>197</xmax><ymax>150</ymax></bndbox></object><object><name>proposal</name><bndbox><xmin>569</xmin><ymin>585</ymin><xmax>200</xmax><ymax>92</ymax></bndbox></object><object><name>proposal</name><bndbox><xmin>306</xmin><ymin>377</ymin><xmax>63</xmax><ymax>23</ymax></bndbox></object><object><name>proposal</name><bndbox><xmin>245</xmin><ymin>546</ymin><xmax>157</xmax><ymax>154</ymax></bndbox></object><object><name>proposal</name><bndbox><xmin>581</xmin><ymin>605</ymin><xmax>115</xmax><ymax>60</ymax></bndbox></object><object><name>proposal</name><bndbox><xmin>296</xmin><ymin>627</ymin><xmax>69</xmax><ymax>72</ymax></bndbox></object><object><name>proposal</name><bndbox><xmin>414</xmin><ymin>452</ymin><xmax>84</xmax><ymax>51</ymax></bndbox></object><object><name>proposal</name><bndbox><xmin>159</xmin><ymin>458</ymin><xmax>104</xmax><ymax>63</ymax></bndbox></object><object><name>proposal</name><bndbox><xmin>272</xmin><ymin>634</ymin><xmax>69</xmax><ymax>61</ymax></bndbox></object><object><name>proposal</name><bndbox><xmin>306</xmin><ymin>377</ymin><xmax>78</xmax><ymax>44</ymax></bndbox></object><object><name>proposal</name><bndbox><xmin>162</xmin><ymin>464</ymin><xmax>41</xmax><ymax>38</ymax></bndbox></object><object><name>proposal</name><bndbox><xmin>215</xmin><ymin>384</ymin><xmax>91</xmax><ymax>17</ymax></bndbox></object><object><name>proposal</name><bndbox><xmin>219</xmin><ymin>402</ymin><xmax>40</xmax><ymax>33</ymax></bndbox></object><object><name>proposal</name><bndbox><xmin>498</xmin><ymin>456</ymin><xmax>77</xmax><ymax>25</ymax></bndbox></object><object><name>proposal</name><bndbox><xmin>245</xmin><ymin>607</ymin><xmax>98</xmax><ymax>90</ymax></bndbox></object><object><name>proposal</name><bndbox><xmin>322</xmin><ymin>391</ymin><xmax>48</xmax><ymax>17</ymax></bndbox></object><object><name>proposal</name><bndbox><xmin>560</xmin><ymin>573</ymin><xmax>240</xmax><ymax>160</ymax></bndbox></object><object><name>proposal</name><bndbox><xmin>463</xmin><ymin>451</ymin><xmax>53</xmax><ymax>24</ymax></bndbox></object><object><name>proposal</name><bndbox><xmin>245</xmin><ymin>608</ymin><xmax>109</xmax><ymax>40</ymax></bndbox></object><object><name>proposal</name><bndbox><xmin>566</xmin><ymin>565</ymin><xmax>234</xmax><ymax>186</ymax></bndbox></object><object><name>proposal</name><bndbox><xmin>245</xmin><ymin>608</ymin><xmax>94</xmax><ymax>72</ymax></bndbox></object><object><name>proposal</name><bndbox><xmin>323</xmin><ymin>461</ymin><xmax>52</xmax><ymax>28</ymax></bndbox></object><object><name>proposal</name><bndbox><xmin>272</xmin><ymin>619</ymin><xmax>82</xmax><ymax>31</ymax></bndbox></object><object><name>proposal</name><bndbox><xmin>322</xmin><ymin>456</ymin><xmax>187</xmax><ymax>48</ymax></bndbox></object><object><name>proposal</name><bndbox><xmin>595</xmin><ymin>606</ymin><xmax>205</xmax><ymax>127</ymax></bndbox></object><object><name>proposal</name><bndbox><xmin>520</xmin><ymin>467</ymin><xmax>55</xmax><ymax>16</ymax></bndbox></object><object><name>proposal</name><bndbox><xmin>212</xmin><ymin>379</ymin><xmax>93</xmax><ymax>55</ymax></bndbox></object><object><name>proposal</name><bndbox><xmin>516</xmin><ymin>466</ymin><xmax>59</xmax><ymax>24</ymax></bndbox></object><object><name>proposal</name><bndbox><xmin>207</xmin><ymin>379</ymin><xmax>92</xmax><ymax>23</ymax></bndbox></object><object><name>proposal</name><bndbox><xmin>421</xmin><ymin>468</ymin><xmax>73</xmax><ymax>29</ymax></bndbox></object><object><name>proposal</name><bndbox><xmin>324</xmin><ymin>461</ymin><xmax>98</xmax><ymax>32</ymax></bndbox></object><object><name>proposal</name><bndbox><xmin>566</xmin><ymin>565</ymin><xmax>187</xmax><ymax>105</ymax></bndbox></object><object><name>proposal</name><bndbox><xmin>322</xmin><ymin>461</ymin><xmax>57</xmax><ymax>32</ymax></bndbox></object><object><name>proposal</name><bndbox><xmin>252</xmin><ymin>546</ymin><xmax>150</xmax><ymax>150</ymax></bndbox></object><object><name>proposal</name><bndbox><xmin>318</xmin><ymin>461</ymin><xmax>100</xmax><ymax>33</ymax></bndbox></object><object><name>proposal</name><bndbox><xmin>405</xmin><ymin>453</ymin><xmax>87</xmax><ymax>26</ymax></bndbox></object><object><name>proposal</name><bndbox><xmin>142</xmin><ymin>384</ymin><xmax>26</xmax><ymax>9</ymax></bndbox></object><object><name>proposal</name><bndbox><xmin>272</xmin><ymin>641</ymin><xmax>69</xmax><ymax>28</ymax></bndbox></object><object><name>proposal</name><bndbox><xmin>414</xmin><ymin>450</ymin><xmax>107</xmax><ymax>38</ymax></bndbox></object><object><name>proposal</name><bndbox><xmin>323</xmin><ymin>458</ymin><xmax>99</xmax><ymax>12</ymax></bndbox></object><object><name>proposal</name><bndbox><xmin>566</xmin><ymin>565</ymin><xmax>170</xmax><ymax>114</ymax></bndbox></object><object><name>proposal</name><bndbox><xmin>159</xmin><ymin>458</ymin><xmax>103</xmax><ymax>61</ymax></bndbox></object><object><name>proposal</name><bndbox><xmin>318</xmin><ymin>382</ymin><xmax>66</xmax><ymax>39</ymax></bndbox></object><object><name>proposal</name><bndbox><xmin>233</xmin><ymin>582</ymin><xmax>131</xmax><ymax>136</ymax></bndbox></object><object><name>proposal</name><bndbox><xmin>541</xmin><ymin>470</ymin><xmax>29</xmax><ymax>11</ymax></bndbox></object><object><name>proposal</name><bndbox><xmin>233</xmin><ymin>611</ymin><xmax>147</xmax><ymax>109</ymax></bndbox></object><object><name>proposal</name><bndbox><xmin>373</xmin><ymin>456</ymin><xmax>136</xmax><ymax>48</ymax></bndbox></object><object><name>proposal</name><bndbox><xmin>219</xmin><ymin>373</ymin><xmax>150</xmax><ymax>41</ymax></bndbox></object><object><name>proposal</name><bndbox><xmin>159</xmin><ymin>458</ymin><xmax>45</xmax><ymax>43</ymax></bndbox></object><object><name>proposal</name><bndbox><xmin>560</xmin><ymin>565</ymin><xmax>240</xmax><ymax>160</ymax></bndbox></object><object><name>proposal</name><bndbox><xmin>557</xmin><ymin>565</ymin><xmax>243</xmax><ymax>166</ymax></bndbox></object><object><name>proposal</name><bndbox><xmin>154</xmin><ymin>453</ymin><xmax>109</xmax><ymax>67</ymax></bndbox></object><object><name>proposal</name><bndbox><xmin>246</xmin><ymin>610</ymin><xmax>106</xmax><ymax>95</ymax></bndbox></object><object><name>proposal</name><bndbox><xmin>216</xmin><ymin>393</ymin><xmax>70</xmax><ymax>31</ymax></bndbox></object><object><name>proposal</name><bndbox><xmin>322</xmin><ymin>461</ymin><xmax>103</xmax><ymax>32</ymax></bndbox></object><object><name>proposal</name><bndbox><xmin>597</xmin><ymin>608</ymin><xmax>123</xmax><ymax>62</ymax></bndbox></object><object><name>proposal</name><bndbox><xmin>275</xmin><ymin>343</ymin><xmax>23</xmax><ymax>20</ymax></bndbox></object><object><name>proposal</name><bndbox><xmin>411</xmin><ymin>450</ymin><xmax>95</xmax><ymax>25</ymax></bndbox></object><object><name>proposal</name><bndbox><xmin>566</xmin><ymin>565</ymin><xmax>71</xmax><ymax>59</ymax></bndbox></object><object><name>proposal</name><bndbox><xmin>218</xmin><ymin>408</ymin><xmax>50</xmax><ymax>16</ymax></bndbox></object><object><name>proposal</name><bndbox><xmin>218</xmin><ymin>393</ymin><xmax>68</xmax><ymax>31</ymax></bndbox></object><object><name>proposal</name><bndbox><xmin>270</xmin><ymin>367</ymin><xmax>77</xmax><ymax>41</ymax></bndbox></object><object><name>proposal</name><bndbox><xmin>411</xmin><ymin>456</ymin><xmax>86</xmax><ymax>19</ymax></bndbox></object><object><name>proposal</name><bndbox><xmin>421</xmin><ymin>469</ymin><xmax>64</xmax><ymax>37</ymax></bndbox></object><object><name>proposal</name><bndbox><xmin>256</xmin><ymin>611</ymin><xmax>98</xmax><ymax>60</ymax></bndbox></object><object><name>proposal</name><bndbox><xmin>322</xmin><ymin>391</ymin><xmax>48</xmax><ymax>15</ymax></bndbox></object><object><name>proposal</name><bndbox><xmin>520</xmin><ymin>467</ymin><xmax>53</xmax><ymax>17</ymax></bndbox></object><object><name>proposal</name><bndbox><xmin>135</xmin><ymin>378</ymin><xmax>35</xmax><ymax>15</ymax></bndbox></object><object><name>proposal</name><bndbox><xmin>159</xmin><ymin>464</ymin><xmax>103</xmax><ymax>55</ymax></bndbox></object><object><name>proposal</name><bndbox><xmin>343</xmin><ymin>395</ymin><xmax>41</xmax><ymax>23</ymax></bndbox></object><object><name>proposal</name><bndbox><xmin>318</xmin><ymin>457</ymin><xmax>99</xmax><ymax>13</ymax></bndbox></object><object><name>proposal</name><bndbox><xmin>516</xmin><ymin>468</ymin><xmax>59</xmax><ymax>20</ymax></bndbox></object><object><name>proposal</name><bndbox><xmin>210</xmin><ymin>379</ymin><xmax>89</xmax><ymax>61</ymax></bndbox></object><object><name>proposal</name><bndbox><xmin>560</xmin><ymin>565</ymin><xmax>126</xmax><ymax>101</ymax></bndbox></object><object><name>proposal</name><bndbox><xmin>560</xmin><ymin>566</ymin><xmax>240</xmax><ymax>169</ymax></bndbox></object><object><name>proposal</name><bndbox><xmin>450</xmin><ymin>450</ymin><xmax>71</xmax><ymax>28</ymax></bndbox></object><object><name>proposal</name><bndbox><xmin>566</xmin><ymin>565</ymin><xmax>73</xmax><ymax>61</ymax></bndbox></object><object><name>proposal</name><bndbox><xmin>557</xmin><ymin>605</ymin><xmax>243</xmax><ymax>126</ymax></bndbox></object><object><name>proposal</name><bndbox><xmin>597</xmin><ymin>595</ymin><xmax>161</xmax><ymax>70</ymax></bndbox></object><object><name>proposal</name><bndbox><xmin>135</xmin><ymin>370</ymin><xmax>62</xmax><ymax>39</ymax></bndbox></object><object><name>proposal</name><bndbox><xmin>245</xmin><ymin>607</ymin><xmax>103</xmax><ymax>92</ymax></bndbox></object><object><name>proposal</name><bndbox><xmin>170</xmin><ymin>459</ymin><xmax>93</xmax><ymax>75</ymax></bndbox></object><object><name>proposal</name><bndbox><xmin>520</xmin><ymin>470</ymin><xmax>40</xmax><ymax>13</ymax></bndbox></object><object><name>proposal</name><bndbox><xmin>597</xmin><ymin>588</ymin><xmax>161</xmax><ymax>77</ymax></bndbox></object><object><name>proposal</name><bndbox><xmin>560</xmin><ymin>592</ymin><xmax>240</xmax><ymax>141</ymax></bndbox></object><object><name>proposal</name><bndbox><xmin>434</xmin><ymin>478</ymin><xmax>35</xmax><ymax>25</ymax></bndbox></object><object><name>proposal</name><bndbox><xmin>319</xmin><ymin>452</ymin><xmax>202</xmax><ymax>47</ymax></bndbox></object><object><name>proposal</name><bndbox><xmin>202</xmin><ymin>494</ymin><xmax>61</xmax><ymax>27</ymax></bndbox></object><object><name>proposal</name><bndbox><xmin>566</xmin><ymin>583</ymin><xmax>73</xmax><ymax>57</ymax></bndbox></object><object><name>proposal</name><bndbox><xmin>284</xmin><ymin>664</ymin><xmax>55</xmax><ymax>40</ymax></bndbox></object><object><name>proposal</name><bndbox><xmin>568</xmin><ymin>568</ymin><xmax>183</xmax><ymax>107</ymax></bndbox></object><object><name>proposal</name><bndbox><xmin>568</xmin><ymin>566</ymin><xmax>196</xmax><ymax>131</ymax></bndbox></object><object><name>proposal</name><bndbox><xmin>566</xmin><ymin>568</ymin><xmax>73</xmax><ymax>47</ymax></bndbox></object><object><name>proposal</name><bndbox><xmin>318</xmin><ymin>461</ymin><xmax>55</xmax><ymax>27</ymax></bndbox></object><object><name>proposal</name><bndbox><xmin>572</xmin><ymin>588</ymin><xmax>148</xmax><ymax>85</ymax></bndbox></object><object><name>proposal</name><bndbox><xmin>267</xmin><ymin>627</ymin><xmax>89</xmax><ymax>91</ymax></bndbox></object><object><name>proposal</name><bndbox><xmin>272</xmin><ymin>634</ymin><xmax>62</xmax><ymax>61</ymax></bndbox></object><object><name>proposal</name><bndbox><xmin>428</xmin><ymin>452</ymin><xmax>64</xmax><ymax>27</ymax></bndbox></object><object><name>proposal</name><bndbox><xmin>382</xmin><ymin>444</ymin><xmax>120</xmax><ymax>71</ymax></bndbox></object><object><name>proposal</name><bndbox><xmin>450</xmin><ymin>450</ymin><xmax>50</xmax><ymax>11</ymax></bndbox></object><object><name>proposal</name><bndbox><xmin>170</xmin><ymin>459</ymin><xmax>74</xmax><ymax>42</ymax></bndbox></object><object><name>proposal</name><bndbox><xmin>569</xmin><ymin>586</ymin><xmax>200</xmax><ymax>111</ymax></bndbox></object><object><name>proposal</name><bndbox><xmin>568</xmin><ymin>566</ymin><xmax>196</xmax><ymax>125</ymax></bndbox></object><object><name>proposal</name><bndbox><xmin>216</xmin><ymin>384</ymin><xmax>89</xmax><ymax>40</ymax></bndbox></object><object><name>proposal</name><bndbox><xmin>144</xmin><ymin>378</ymin><xmax>30</xmax><ymax>28</ymax></bndbox></object><object><name>proposal</name><bndbox><xmin>233</xmin><ymin>598</ymin><xmax>131</xmax><ymax>98</ymax></bndbox></object><object><name>proposal</name><bndbox><xmin>268</xmin><ymin>638</ymin><xmax>73</xmax><ymax>43</ymax></bndbox></object><object><name>proposal</name><bndbox><xmin>161</xmin><ymin>466</ymin><xmax>102</xmax><ymax>59</ymax></bndbox></object><object><name>proposal</name><bndbox><xmin>608</xmin><ymin>599</ymin><xmax>156</xmax><ymax>98</ymax></bndbox></object><object><name>proposal</name><bndbox><xmin>318</xmin><ymin>382</ymin><xmax>56</xmax><ymax>29</ymax></bndbox></object><object><name>proposal</name><bndbox><xmin>322</xmin><ymin>461</ymin><xmax>103</xmax><ymax>28</ymax></bndbox></object><object><name>proposal</name><bndbox><xmin>245</xmin><ymin>622</ymin><xmax>107</xmax><ymax>78</ymax></bndbox></object><object><name>proposal</name><bndbox><xmin>216</xmin><ymin>393</ymin><xmax>72</xmax><ymax>41</ymax></bndbox></object><object><name>proposal</name><bndbox><xmin>265</xmin><ymin>460</ymin><xmax>118</xmax><ymax>59</ymax></bndbox></object><object><name>proposal</name><bndbox><xmin>210</xmin><ymin>379</ymin><xmax>96</xmax><ymax>24</ymax></bndbox></object><object><name>proposal</name><bndbox><xmin>566</xmin><ymin>565</ymin><xmax>234</xmax><ymax>166</ymax></bndbox></object><object><name>proposal</name><bndbox><xmin>212</xmin><ymin>512</ymin><xmax>122</xmax><ymax>199</ymax></bndbox></object><object><name>proposal</name><bndbox><xmin>360</xmin><ymin>586</ymin><xmax>64</xmax><ymax>39</ymax></bndbox></object><object><name>proposal</name><bndbox><xmin>323</xmin><ymin>458</ymin><xmax>99</xmax><ymax>17</ymax></bndbox></object><object><name>proposal</name><bndbox><xmin>207</xmin><ymin>379</ymin><xmax>92</xmax><ymax>45</ymax></bndbox></object><object><name>proposal</name><bndbox><xmin>557</xmin><ymin>605</ymin><xmax>139</xmax><ymax>74</ymax></bndbox></object><object><name>proposal</name><bndbox><xmin>245</xmin><ymin>624</ymin><xmax>96</xmax><ymax>76</ymax></bndbox></object><object><name>proposal</name><bndbox><xmin>323</xmin><ymin>453</ymin><xmax>183</xmax><ymax>43</ymax></bndbox></object><object><name>proposal</name><bndbox><xmin>568</xmin><ymin>566</ymin><xmax>201</xmax><ymax>131</ymax></bndbox></object><object><name>proposal</name><bndbox><xmin>142</xmin><ymin>458</ymin><xmax>168</xmax><ymax>170</ymax></bndbox></object><object><name>proposal</name><bndbox><xmin>517</xmin><ymin>468</ymin><xmax>57</xmax><ymax>20</ymax></bndbox></object><object><name>proposal</name><bndbox><xmin>323</xmin><ymin>452</ymin><xmax>152</xmax><ymax>10</ymax></bndbox></object><object><name>proposal</name><bndbox><xmin>245</xmin><ymin>624</ymin><xmax>94</xmax><ymax>77</ymax></bndbox></object><object><name>proposal</name><bndbox><xmin>135</xmin><ymin>379</ymin><xmax>31</xmax><ymax>9</ymax></bndbox></object><object><name>proposal</name><bndbox><xmin>325</xmin><ymin>452</ymin><xmax>196</xmax><ymax>43</ymax></bndbox></object><object><name>proposal</name><bndbox><xmin>222</xmin><ymin>524</ymin><xmax>180</xmax><ymax>172</ymax></bndbox></object><object><name>proposal</name><bndbox><xmin>428</xmin><ymin>452</ymin><xmax>81</xmax><ymax>27</ymax></bndbox></object><object><name>proposal</name><bndbox><xmin>202</xmin><ymin>495</ymin><xmax>61</xmax><ymax>26</ymax></bndbox></object><object><name>proposal</name><bndbox><xmin>421</xmin><ymin>454</ymin><xmax>98</xmax><ymax>50</ymax></bndbox></object><object><name>proposal</name><bndbox><xmin>318</xmin><ymin>392</ymin><xmax>51</xmax><ymax>38</ymax></bndbox></object><object><name>proposal</name><bndbox><xmin>318</xmin><ymin>445</ymin><xmax>188</xmax><ymax>37</ymax></bndbox></object><object><name>proposal</name><bndbox><xmin>273</xmin><ymin>627</ymin><xmax>107</xmax><ymax>93</ymax></bndbox></object><object><name>proposal</name><bndbox><xmin>219</xmin><ymin>393</ymin><xmax>68</xmax><ymax>21</ymax></bndbox></object><object><name>proposal</name><bndbox><xmin>360</xmin><ymin>577</ymin><xmax>64</xmax><ymax>48</ymax></bndbox></object><object><name>proposal</name><bndbox><xmin>159</xmin><ymin>470</ymin><xmax>87</xmax><ymax>44</ymax></bndbox></object><object><name>proposal</name><bndbox><xmin>335</xmin><ymin>453</ymin><xmax>171</xmax><ymax>43</ymax></bndbox></object><object><name>proposal</name><bndbox><xmin>210</xmin><ymin>379</ymin><xmax>104</xmax><ymax>61</ymax></bndbox></object><object><name>proposal</name><bndbox><xmin>144</xmin><ymin>458</ymin><xmax>60</xmax><ymax>43</ymax></bndbox></object><object><name>proposal</name><bndbox><xmin>144</xmin><ymin>381</ymin><xmax>19</xmax><ymax>25</ymax></bndbox></object><object><name>proposal</name><bndbox><xmin>270</xmin><ymin>367</ymin><xmax>96</xmax><ymax>47</ymax></bndbox></object><object><name>proposal</name><bndbox><xmin>318</xmin><ymin>394</ymin><xmax>38</xmax><ymax>19</ymax></bndbox></object><object><name>proposal</name><bndbox><xmin>203</xmin><ymin>490</ymin><xmax>59</xmax><ymax>29</ymax></bndbox></object><object><name>proposal</name><bndbox><xmin>207</xmin><ymin>379</ymin><xmax>80</xmax><ymax>35</ymax></bndbox></object><object><name>proposal</name><bndbox><xmin>434</xmin><ymin>472</ymin><xmax>51</xmax><ymax>34</ymax></bndbox></object><object><name>proposal</name><bndbox><xmin>343</xmin><ymin>393</ymin><xmax>41</xmax><ymax>25</ymax></bndbox></object><object><name>proposal</name><bndbox><xmin>376</xmin><ymin>582</ymin><xmax>138</xmax><ymax>68</ymax></bndbox></object><object><name>proposal</name><bndbox><xmin>245</xmin><ymin>607</ymin><xmax>98</xmax><ymax>56</ymax></bndbox></object><object><name>proposal</name><bndbox><xmin>323</xmin><ymin>458</ymin><xmax>97</xmax><ymax>17</ymax></bndbox></object><object><name>proposal</name><bndbox><xmin>276</xmin><ymin>348</ymin><xmax>22</xmax><ymax>15</ymax></bndbox></object><object><name>proposal</name><bndbox><xmin>331</xmin><ymin>567</ymin><xmax>64</xmax><ymax>55</ymax></bndbox></object><object><name>proposal</name><bndbox><xmin>216</xmin><ymin>367</ymin><xmax>181</xmax><ymax>67</ymax></bndbox></object><object><name>proposal</name><bndbox><xmin>322</xmin><ymin>621</ymin><xmax>34</xmax><ymax>76</ymax></bndbox></object><object><name>proposal</name><bndbox><xmin>619</xmin><ymin>588</ymin><xmax>134</xmax><ymax>82</ymax></bndbox></object><object><name>proposal</name><bndbox><xmin>269</xmin><ymin>607</ymin><xmax>79</xmax><ymax>94</ymax></bndbox></object><object><name>proposal</name><bndbox><xmin>421</xmin><ymin>469</ymin><xmax>30</xmax><ymax>13</ymax></bndbox></object><object><name>proposal</name><bndbox><xmin>318</xmin><ymin>461</ymin><xmax>55</xmax><ymax>14</ymax></bndbox></object><object><name>proposal</name><bndbox><xmin>569</xmin><ymin>574</ymin><xmax>70</xmax><ymax>41</ymax></bndbox></object><object><name>proposal</name><bndbox><xmin>273</xmin><ymin>627</ymin><xmax>68</xmax><ymax>77</ymax></bndbox></object><object><name>proposal</name><bndbox><xmin>188</xmin><ymin>515</ymin><xmax>177</xmax><ymax>203</ymax></bndbox></object><object><name>proposal</name><bndbox><xmin>318</xmin><ymin>444</ymin><xmax>124</xmax><ymax>50</ymax></bndbox></object><object><name>proposal</name><bndbox><xmin>245</xmin><ymin>607</ymin><xmax>94</xmax><ymax>41</ymax></bndbox></object><object><name>proposal</name><bndbox><xmin>576</xmin><ymin>595</ymin><xmax>182</xmax><ymax>85</ymax></bndbox></object><object><name>proposal</name><bndbox><xmin>560</xmin><ymin>565</ymin><xmax>126</xmax><ymax>114</ymax></bndbox></object><object><name>proposal</name><bndbox><xmin>516</xmin><ymin>466</ymin><xmax>59</xmax><ymax>20</ymax></bndbox></object><object><name>proposal</name><bndbox><xmin>412</xmin><ymin>444</ymin><xmax>30</xmax><ymax>30</ymax></bndbox></object><object><name>proposal</name><bndbox><xmin>322</xmin><ymin>627</ymin><xmax>34</xmax><ymax>70</ymax></bndbox></object><object><name>proposal</name><bndbox><xmin>207</xmin><ymin>379</ymin><xmax>92</xmax><ymax>35</ymax></bndbox></object><object><name>proposal</name><bndbox><xmin>421</xmin><ymin>469</ymin><xmax>49</xmax><ymax>28</ymax></bndbox></object><object><name>proposal</name><bndbox><xmin>566</xmin><ymin>583</ymin><xmax>73</xmax><ymax>41</ymax></bndbox></object><object><name>proposal</name><bndbox><xmin>564</xmin><ymin>567</ymin><xmax>205</xmax><ymax>108</ymax></bndbox></object><object><name>proposal</name><bndbox><xmin>154</xmin><ymin>453</ymin><xmax>109</xmax><ymax>80</ymax></bndbox></object><object><name>proposal</name><bndbox><xmin>245</xmin><ymin>607</ymin><xmax>103</xmax><ymax>94</ymax></bndbox></object><object><name>proposal</name><bndbox><xmin>306</xmin><ymin>381</ymin><xmax>78</xmax><ymax>37</ymax></bndbox></object><object><name>proposal</name><bndbox><xmin>414</xmin><ymin>450</ymin><xmax>107</xmax><ymax>53</ymax></bndbox></object><object><name>proposal</name><bndbox><xmin>322</xmin><ymin>455</ymin><xmax>184</xmax><ymax>42</ymax></bndbox></object><object><name>proposal</name><bndbox><xmin>216</xmin><ymin>398</ymin><xmax>40</xmax><ymax>26</ymax></bndbox></object><object><name>proposal</name><bndbox><xmin>203</xmin><ymin>496</ymin><xmax>60</xmax><ymax>29</ymax></bndbox></object><object><name>proposal</name><bndbox><xmin>523</xmin><ymin>468</ymin><xmax>52</xmax><ymax>14</ymax></bndbox></object><object><name>proposal</name><bndbox><xmin>325</xmin><ymin>452</ymin><xmax>173</xmax><ymax>43</ymax></bndbox></object><object><name>proposal</name><bndbox><xmin>272</xmin><ymin>642</ymin><xmax>61</xmax><ymax>32</ymax></bndbox></object><object><name>proposal</name><bndbox><xmin>569</xmin><ymin>585</ymin><xmax>71</xmax><ymax>39</ymax></bndbox></object><object><name>proposal</name><bndbox><xmin>159</xmin><ymin>460</ymin><xmax>104</xmax><ymax>61</ymax></bndbox></object><object><name>proposal</name><bndbox><xmin>250</xmin><ymin>367</ymin><xmax>147</xmax><ymax>47</ymax></bndbox></object><object><name>proposal</name><bndbox><xmin>145</xmin><ymin>371</ymin><xmax>159</xmax><ymax>131</ymax></bndbox></object><object><name>proposal</name><bndbox><xmin>144</xmin><ymin>458</ymin><xmax>100</xmax><ymax>43</ymax></bndbox></object><object><name>proposal</name><bndbox><xmin>560</xmin><ymin>566</ymin><xmax>206</xmax><ymax>127</ymax></bndbox></object><object><name>proposal</name><bndbox><xmin>159</xmin><ymin>464</ymin><xmax>44</xmax><ymax>37</ymax></bndbox></object><object><name>proposal</name><bndbox><xmin>272</xmin><ymin>640</ymin><xmax>69</xmax><ymax>61</ymax></bndbox></object><object><name>proposal</name><bndbox><xmin>421</xmin><ymin>469</ymin><xmax>73</xmax><ymax>28</ymax></bndbox></object><object><name>proposal</name><bndbox><xmin>449</xmin><ymin>451</ymin><xmax>126</xmax><ymax>30</ymax></bndbox></object><object><name>proposal</name><bndbox><xmin>539</xmin><ymin>565</ymin><xmax>261</xmax><ymax>186</ymax></bndbox></object><object><name>proposal</name><bndbox><xmin>328</xmin><ymin>568</ymin><xmax>109</xmax><ymax>53</ymax></bndbox></object><object><name>proposal</name><bndbox><xmin>332</xmin><ymin>469</ymin><xmax>27</xmax><ymax>19</ymax></bndbox></object><object><name>proposal</name><bndbox><xmin>139</xmin><ymin>384</ymin><xmax>29</xmax><ymax>9</ymax></bndbox></object><object><name>proposal</name><bndbox><xmin>245</xmin><ymin>608</ymin><xmax>94</xmax><ymax>93</ymax></bndbox></object><object><name>proposal</name><bndbox><xmin>360</xmin><ymin>586</ymin><xmax>64</xmax><ymax>36</ymax></bndbox></object><object><name>proposal</name><bndbox><xmin>217</xmin><ymin>384</ymin><xmax>97</xmax><ymax>29</ymax></bndbox></object><object><name>proposal</name><bndbox><xmin>295</xmin><ymin>627</ymin><xmax>70</xmax><ymax>75</ymax></bndbox></object><object><name>proposal</name><bndbox><xmin>376</xmin><ymin>584</ymin><xmax>59</xmax><ymax>36</ymax></bndbox></object><object><name>proposal</name><bndbox><xmin>619</xmin><ymin>597</ymin><xmax>134</xmax><ymax>73</ymax></bndbox></object><object><name>proposal</name><bndbox><xmin>330</xmin><ymin>567</ymin><xmax>104</xmax><ymax>53</ymax></bndbox></object><object><name>proposal</name><bndbox><xmin>216</xmin><ymin>393</ymin><xmax>70</xmax><ymax>41</ymax></bndbox></object><object><name>proposal</name><bndbox><xmin>322</xmin><ymin>452</ymin><xmax>187</xmax><ymax>52</ymax></bndbox></object><object><name>proposal</name><bndbox><xmin>418</xmin><ymin>468</ymin><xmax>66</xmax><ymax>37</ymax></bndbox></object><object><name>proposal</name><bndbox><xmin>325</xmin><ymin>395</ymin><xmax>44</xmax><ymax>19</ymax></bndbox></object><object><name>proposal</name><bndbox><xmin>225</xmin><ymin>397</ymin><xmax>25</xmax><ymax>17</ymax></bndbox></object><object><name>proposal</name><bndbox><xmin>523</xmin><ymin>468</ymin><xmax>48</xmax><ymax>13</ymax></bndbox></object><object><name>proposal</name><bndbox><xmin>560</xmin><ymin>606</ymin><xmax>206</xmax><ymax>74</ymax></bndbox></object><object><name>proposal</name><bndbox><xmin>270</xmin><ymin>367</ymin><xmax>127</xmax><ymax>63</ymax></bndbox></object><object><name>proposal</name><bndbox><xmin>216</xmin><ymin>373</ymin><xmax>168</xmax><ymax>61</ymax></bndbox></object><object><name>proposal</name><bndbox><xmin>210</xmin><ymin>379</ymin><xmax>96</xmax><ymax>61</ymax></bndbox></object><object><name>proposal</name><bndbox><xmin>421</xmin><ymin>467</ymin><xmax>49</xmax><ymax>30</ymax></bndbox></object><object><name>proposal</name><bndbox><xmin>585</xmin><ymin>566</ymin><xmax>90</xmax><ymax>60</ymax></bndbox></object><object><name>proposal</name><bndbox><xmin>306</xmin><ymin>377</ymin><xmax>63</xmax><ymax>24</ymax></bndbox></object><object><name>proposal</name><bndbox><xmin>327</xmin><ymin>452</ymin><xmax>179</xmax><ymax>45</ymax></bndbox></object><object><name>proposal</name><bndbox><xmin>202</xmin><ymin>484</ymin><xmax>61</xmax><ymax>41</ymax></bndbox></object><object><name>proposal</name><bndbox><xmin>268</xmin><ymin>638</ymin><xmax>73</xmax><ymax>25</ymax></bndbox></object><object><name>proposal</name><bndbox><xmin>216</xmin><ymin>398</ymin><xmax>40</xmax><ymax>36</ymax></bndbox></object><object><name>proposal</name><bndbox><xmin>498</xmin><ymin>456</ymin><xmax>73</xmax><ymax>25</ymax></bndbox></object><object><name>proposal</name><bndbox><xmin>144</xmin><ymin>381</ymin><xmax>22</xmax><ymax>25</ymax></bndbox></object><object><name>proposal</name><bndbox><xmin>250</xmin><ymin>373</ymin><xmax>134</xmax><ymax>48</ymax></bndbox></object><object><name>proposal</name><bndbox><xmin>207</xmin><ymin>379</ymin><xmax>50</xmax><ymax>35</ymax></bndbox></object><object><name>proposal</name><bndbox><xmin>637</xmin><ymin>616</ymin><xmax>121</xmax><ymax>61</ymax></bndbox></object><object><name>proposal</name><bndbox><xmin>421</xmin><ymin>452</ymin><xmax>98</xmax><ymax>52</ymax></bndbox></object><object><name>proposal</name><bndbox><xmin>272</xmin><ymin>637</ymin><xmax>69</xmax><ymax>62</ymax></bndbox></object><object><name>proposal</name><bndbox><xmin>250</xmin><ymin>367</ymin><xmax>116</xmax><ymax>47</ymax></bndbox></object><object><name>proposal</name><bndbox><xmin>216</xmin><ymin>398</ymin><xmax>41</xmax><ymax>36</ymax></bndbox></object><object><name>proposal</name><bndbox><xmin>569</xmin><ymin>585</ymin><xmax>200</xmax><ymax>112</ymax></bndbox></object><object><name>proposal</name><bndbox><xmin>144</xmin><ymin>458</ymin><xmax>119</xmax><ymax>76</ymax></bndbox></object><object><name>proposal</name><bndbox><xmin>212</xmin><ymin>512</ymin><xmax>122</xmax><ymax>168</ymax></bndbox></object><object><name>proposal</name><bndbox><xmin>210</xmin><ymin>379</ymin><xmax>96</xmax><ymax>56</ymax></bndbox></object><object><name>proposal</name><bndbox><xmin>218</xmin><ymin>393</ymin><xmax>68</xmax><ymax>41</ymax></bndbox></object><object><name>proposal</name><bndbox><xmin>560</xmin><ymin>565</ymin><xmax>240</xmax><ymax>187</ymax></bndbox></object><object><name>proposal</name><bndbox><xmin>509</xmin><ymin>454</ymin><xmax>67</xmax><ymax>36</ymax></bndbox></object><object><name>proposal</name><bndbox><xmin>373</xmin><ymin>456</ymin><xmax>136</xmax><ymax>41</ymax></bndbox></object><object><name>proposal</name><bndbox><xmin>560</xmin><ymin>565</ymin><xmax>191</xmax><ymax>118</ymax></bndbox></object><object><name>proposal</name><bndbox><xmin>509</xmin><ymin>454</ymin><xmax>61</xmax><ymax>27</ymax></bndbox></object><object><name>proposal</name><bndbox><xmin>319</xmin><ymin>458</ymin><xmax>104</xmax><ymax>35</ymax></bndbox></object><object><name>proposal</name><bndbox><xmin>385</xmin><ymin>601</ymin><xmax>39</xmax><ymax>23</ymax></bndbox></object><object><name>proposal</name><bndbox><xmin>318</xmin><ymin>391</ymin><xmax>39</xmax><ymax>18</ymax></bndbox></object><object><name>proposal</name><bndbox><xmin>273</xmin><ymin>622</ymin><xmax>79</xmax><ymax>79</ymax></bndbox></object><object><name>proposal</name><bndbox><xmin>434</xmin><ymin>454</ymin><xmax>75</xmax><ymax>34</ymax></bndbox></object><object><name>proposal</name><bndbox><xmin>216</xmin><ymin>384</ymin><xmax>89</xmax><ymax>22</ymax></bndbox></object><object><name>proposal</name><bndbox><xmin>245</xmin><ymin>624</ymin><xmax>94</xmax><ymax>76</ymax></bndbox></object><object><name>proposal</name><bndbox><xmin>154</xmin><ymin>453</ymin><xmax>90</xmax><ymax>46</ymax></bndbox></object><object><name>proposal</name><bndbox><xmin>216</xmin><ymin>398</ymin><xmax>31</xmax><ymax>16</ymax></bndbox></object><object><name>proposal</name><bndbox><xmin>267</xmin><ymin>621</ymin><xmax>97</xmax><ymax>97</ymax></bndbox></object><object><name>proposal</name><bndbox><xmin>256</xmin><ymin>627</ymin><xmax>85</xmax><ymax>44</ymax></bndbox></object><object><name>proposal</name><bndbox><xmin>520</xmin><ymin>467</ymin><xmax>53</xmax><ymax>22</ymax></bndbox></object><object><name>proposal</name><bndbox><xmin>569</xmin><ymin>586</ymin><xmax>151</xmax><ymax>87</ymax></bndbox></object><object><name>proposal</name><bndbox><xmin>523</xmin><ymin>464</ymin><xmax>48</xmax><ymax>17</ymax></bndbox></object><object><name>proposal</name><bndbox><xmin>322</xmin><ymin>458</ymin><xmax>100</xmax><ymax>31</ymax></bndbox></object><object><name>proposal</name><bndbox><xmin>306</xmin><ymin>381</ymin><xmax>64</xmax><ymax>18</ymax></bndbox></object><object><name>proposal</name><bndbox><xmin>520</xmin><ymin>467</ymin><xmax>53</xmax><ymax>16</ymax></bndbox></object><object><name>proposal</name><bndbox><xmin>128</xmin><ymin>379</ymin><xmax>55</xmax><ymax>29</ymax></bndbox></object><object><name>proposal</name><bndbox><xmin>216</xmin><ymin>402</ymin><xmax>50</xmax><ymax>38</ymax></bndbox></object><object><name>proposal</name><bndbox><xmin>516</xmin><ymin>468</ymin><xmax>75</xmax><ymax>42</ymax></bndbox></object><object><name>proposal</name><bndbox><xmin>272</xmin><ymin>637</ymin><xmax>71</xmax><ymax>64</ymax></bndbox></object><object><name>proposal</name><bndbox><xmin>565</xmin><ymin>566</ymin><xmax>204</xmax><ymax>131</ymax></bndbox></object><object><name>proposal</name><bndbox><xmin>343</xmin><ymin>395</ymin><xmax>41</xmax><ymax>26</ymax></bndbox></object><object><name>proposal</name><bndbox><xmin>210</xmin><ymin>379</ymin><xmax>174</xmax><ymax>56</ymax></bndbox></object><object><name>proposal</name><bndbox><xmin>568</xmin><ymin>573</ymin><xmax>81</xmax><ymax>68</ymax></bndbox></object><object><name>proposal</name><bndbox><xmin>318</xmin><ymin>387</ymin><xmax>79</xmax><ymax>27</ymax></bndbox></object><object><name>proposal</name><bndbox><xmin>272</xmin><ymin>648</ymin><xmax>67</xmax><ymax>52</ymax></bndbox></object><object><name>proposal</name><bndbox><xmin>245</xmin><ymin>608</ymin><xmax>109</xmax><ymax>93</ymax></bndbox></object><object><name>proposal</name><bndbox><xmin>322</xmin><ymin>453</ymin><xmax>186</xmax><ymax>39</ymax></bndbox></object><object><name>proposal</name><bndbox><xmin>318</xmin><ymin>382</ymin><xmax>51</xmax><ymax>18</ymax></bndbox></object><object><name>proposal</name><bndbox><xmin>159</xmin><ymin>464</ymin><xmax>104</xmax><ymax>69</ymax></bndbox></object><object><name>proposal</name><bndbox><xmin>217</xmin><ymin>392</ymin><xmax>71</xmax><ymax>43</ymax></bndbox></object><object><name>proposal</name><bndbox><xmin>319</xmin><ymin>451</ymin><xmax>197</xmax><ymax>43</ymax></bndbox></object><object><name>proposal</name><bndbox><xmin>541</xmin><ymin>465</ymin><xmax>35</xmax><ymax>16</ymax></bndbox></object><object><name>proposal</name><bndbox><xmin>204</xmin><ymin>342</ymin><xmax>94</xmax><ymax>23</ymax></bndbox></object><object><name>proposal</name><bndbox><xmin>434</xmin><ymin>478</ymin><xmax>69</xmax><ymax>26</ymax></bndbox></object><object><name>proposal</name><bndbox><xmin>566</xmin><ymin>565</ymin><xmax>117</xmax><ymax>61</ymax></bndbox></object><object><name>proposal</name><bndbox><xmin>568</xmin><ymin>573</ymin><xmax>81</xmax><ymax>51</ymax></bndbox></object><object><name>proposal</name><bndbox><xmin>265</xmin><ymin>638</ymin><xmax>76</xmax><ymax>73</ymax></bndbox></object><object><name>proposal</name><bndbox><xmin>272</xmin><ymin>640</ymin><xmax>69</xmax><ymax>34</ymax></bndbox></object><object><name>proposal</name><bndbox><xmin>216</xmin><ymin>393</ymin><xmax>70</xmax><ymax>21</ymax></bndbox></object><object><name>proposal</name><bndbox><xmin>276</xmin><ymin>351</ymin><xmax>21</xmax><ymax>10</ymax></bndbox></object><object><name>proposal</name><bndbox><xmin>216</xmin><ymin>393</ymin><xmax>71</xmax><ymax>52</ymax></bndbox></object><object><name>proposal</name><bndbox><xmin>275</xmin><ymin>344</ymin><xmax>23</xmax><ymax>19</ymax></bndbox></object><object><name>proposal</name><bndbox><xmin>373</xmin><ymin>456</ymin><xmax>133</xmax><ymax>19</ymax></bndbox></object><object><name>proposal</name><bndbox><xmin>145</xmin><ymin>371</ymin><xmax>159</xmax><ymax>130</ymax></bndbox></object><object><name>proposal</name><bndbox><xmin>159</xmin><ymin>458</ymin><xmax>45</xmax><ymax>41</ymax></bndbox></object><object><name>proposal</name><bndbox><xmin>516</xmin><ymin>464</ymin><xmax>58</xmax><ymax>24</ymax></bndbox></object></annotation>