<annotation><folder>Proposals</folder><filename>img-292.jpg</filename><size><width>300</width><height>444</height><depth>3</depth></size><object><name>proposal</name><bndbox><xmin>64</xmin><ymin>293</ymin><xmax>346</xmax><ymax>134</ymax></bndbox></object><object><name>proposal</name><bndbox><xmin>32</xmin><ymin>182</ymin><xmax>582</xmax><ymax>161</ymax></bndbox></object><object><name>proposal</name><bndbox><xmin>270</xmin><ymin>229</ymin><xmax>187</xmax><ymax>139</ymax></bndbox></object><object><name>proposal</name><bndbox><xmin>0</xmin><ymin>286</ymin><xmax>388</xmax><ymax>199</ymax></bndbox></object><object><name>proposal</name><bndbox><xmin>112</xmin><ymin>364</ymin><xmax>302</xmax><ymax>107</ymax></bndbox></object><object><name>proposal</name><bndbox><xmin>0</xmin><ymin>125</ymin><xmax>438</xmax><ymax>384</ymax></bndbox></object><object><name>proposal</name><bndbox><xmin>93</xmin><ymin>294</ymin><xmax>306</xmax><ymax>153</ymax></bndbox></object><object><name>proposal</name><bndbox><xmin>0</xmin><ymin>291</ymin><xmax>167</xmax><ymax>171</ymax></bndbox></object><object><name>proposal</name><bndbox><xmin>102</xmin><ymin>296</ymin><xmax>288</xmax><ymax>96</ymax></bndbox></object><object><name>proposal</name><bndbox><xmin>0</xmin><ymin>198</ymin><xmax>469</xmax><ymax>227</ymax></bndbox></object><object><name>proposal</name><bndbox><xmin>0</xmin><ymin>286</ymin><xmax>178</xmax><ymax>131</ymax></bndbox></object><object><name>proposal</name><bndbox><xmin>0</xmin><ymin>206</ymin><xmax>460</xmax><ymax>138</ymax></bndbox></object><object><name>proposal</name><bndbox><xmin>87</xmin><ymin>224</ymin><xmax>350</xmax><ymax>118</ymax></bndbox></object><object><name>proposal</name><bndbox><xmin>214</xmin><ymin>224</ymin><xmax>253</xmax><ymax>118</ymax></bndbox></object><object><name>proposal</name><bndbox><xmin>0</xmin><ymin>253</ymin><xmax>652</xmax><ymax>547</ymax></bndbox></object><object><name>proposal</name><bndbox><xmin>0</xmin><ymin>286</ymin><xmax>403</xmax><ymax>335</ymax></bndbox></object><object><name>proposal</name><bndbox><xmin>22</xmin><ymin>188</ymin><xmax>437</xmax><ymax>145</ymax></bndbox></object><object><name>proposal</name><bndbox><xmin>0</xmin><ymin>0</ymin><xmax>467</xmax><ymax>432</ymax></bndbox></object><object><name>proposal</name><bndbox><xmin>32</xmin><ymin>0</ymin><xmax>115</xmax><ymax>17</ymax></bndbox></object><object><name>proposal</name><bndbox><xmin>0</xmin><ymin>171</ymin><xmax>459</xmax><ymax>267</ymax></bndbox></object><object><name>proposal</name><bndbox><xmin>95</xmin><ymin>296</ymin><xmax>332</xmax><ymax>152</ymax></bndbox></object><object><name>proposal</name><bndbox><xmin>0</xmin><ymin>241</ymin><xmax>647</xmax><ymax>559</ymax></bndbox></object><object><name>proposal</name><bndbox><xmin>0</xmin><ymin>233</ymin><xmax>400</xmax><ymax>215</ymax></bndbox></object><object><name>proposal</name><bndbox><xmin>47</xmin><ymin>35</ymin><xmax>88</xmax><ymax>23</ymax></bndbox></object><object><name>proposal</name><bndbox><xmin>0</xmin><ymin>286</ymin><xmax>178</xmax><ymax>114</ymax></bndbox></object><object><name>proposal</name><bndbox><xmin>0</xmin><ymin>0</ymin><xmax>800</xmax><ymax>471</ymax></bndbox></object><object><name>proposal</name><bndbox><xmin>56</xmin><ymin>204</ymin><xmax>348</xmax><ymax>105</ymax></bndbox></object><object><name>proposal</name><bndbox><xmin>21</xmin><ymin>171</ymin><xmax>438</xmax><ymax>169</ymax></bndbox></object><object><name>proposal</name><bndbox><xmin>0</xmin><ymin>282</ymin><xmax>272</xmax><ymax>518</ymax></bndbox></object><object><name>proposal</name><bndbox><xmin>79</xmin><ymin>31</ymin><xmax>89</xmax><ymax>15</ymax></bndbox></object><object><name>proposal</name><bndbox><xmin>47</xmin><ymin>22</ymin><xmax>113</xmax><ymax>36</ymax></bndbox></object><object><name>proposal</name><bndbox><xmin>0</xmin><ymin>188</ymin><xmax>459</xmax><ymax>313</ymax></bndbox></object><object><name>proposal</name><bndbox><xmin>97</xmin><ymin>294</ymin><xmax>303</xmax><ymax>141</ymax></bndbox></object><object><name>proposal</name><bndbox><xmin>0</xmin><ymin>198</ymin><xmax>338</xmax><ymax>154</ymax></bndbox></object><object><name>proposal</name><bndbox><xmin>0</xmin><ymin>115</ymin><xmax>800</xmax><ymax>333</ymax></bndbox></object><object><name>proposal</name><bndbox><xmin>0</xmin><ymin>286</ymin><xmax>305</xmax><ymax>119</ymax></bndbox></object><object><name>proposal</name><bndbox><xmin>106</xmin><ymin>26</ymin><xmax>54</xmax><ymax>23</ymax></bndbox></object><object><name>proposal</name><bndbox><xmin>40</xmin><ymin>0</ymin><xmax>110</xmax><ymax>17</ymax></bndbox></object><object><name>proposal</name><bndbox><xmin>0</xmin><ymin>198</ymin><xmax>340</xmax><ymax>154</ymax></bndbox></object><object><name>proposal</name><bndbox><xmin>92</xmin><ymin>297</ymin><xmax>321</xmax><ymax>134</ymax></bndbox></object><object><name>proposal</name><bndbox><xmin>0</xmin><ymin>198</ymin><xmax>443</xmax><ymax>303</ymax></bndbox></object><object><name>proposal</name><bndbox><xmin>50</xmin><ymin>206</ymin><xmax>409</xmax><ymax>134</ymax></bndbox></object><object><name>proposal</name><bndbox><xmin>0</xmin><ymin>199</ymin><xmax>383</xmax><ymax>321</ymax></bndbox></object><object><name>proposal</name><bndbox><xmin>105</xmin><ymin>25</ymin><xmax>55</xmax><ymax>25</ymax></bndbox></object><object><name>proposal</name><bndbox><xmin>0</xmin><ymin>257</ymin><xmax>336</xmax><ymax>148</ymax></bndbox></object><object><name>proposal</name><bndbox><xmin>0</xmin><ymin>249</ymin><xmax>650</xmax><ymax>551</ymax></bndbox></object><object><name>proposal</name><bndbox><xmin>42</xmin><ymin>184</ymin><xmax>417</xmax><ymax>158</ymax></bndbox></object><object><name>proposal</name><bndbox><xmin>162</xmin><ymin>220</ymin><xmax>264</xmax><ymax>102</ymax></bndbox></object><object><name>proposal</name><bndbox><xmin>118</xmin><ymin>254</ymin><xmax>221</xmax><ymax>87</ymax></bndbox></object><object><name>proposal</name><bndbox><xmin>0</xmin><ymin>250</ymin><xmax>336</xmax><ymax>101</ymax></bndbox></object><object><name>proposal</name><bndbox><xmin>0</xmin><ymin>190</ymin><xmax>406</xmax><ymax>244</ymax></bndbox></object><object><name>proposal</name><bndbox><xmin>0</xmin><ymin>286</ymin><xmax>202</xmax><ymax>213</ymax></bndbox></object><object><name>proposal</name><bndbox><xmin>0</xmin><ymin>184</ymin><xmax>459</xmax><ymax>449</ymax></bndbox></object><object><name>proposal</name><bndbox><xmin>0</xmin><ymin>286</ymin><xmax>208</xmax><ymax>129</ymax></bndbox></object><object><name>proposal</name><bndbox><xmin>0</xmin><ymin>286</ymin><xmax>426</xmax><ymax>392</ymax></bndbox></object><object><name>proposal</name><bndbox><xmin>0</xmin><ymin>189</ymin><xmax>459</xmax><ymax>446</ymax></bndbox></object><object><name>proposal</name><bndbox><xmin>0</xmin><ymin>199</ymin><xmax>368</xmax><ymax>303</ymax></bndbox></object><object><name>proposal</name><bndbox><xmin>0</xmin><ymin>285</ymin><xmax>403</xmax><ymax>235</ymax></bndbox></object><object><name>proposal</name><bndbox><xmin>0</xmin><ymin>255</ymin><xmax>410</xmax><ymax>170</ymax></bndbox></object><object><name>proposal</name><bndbox><xmin>94</xmin><ymin>251</ymin><xmax>247</xmax><ymax>95</ymax></bndbox></object><object><name>proposal</name><bndbox><xmin>95</xmin><ymin>296</ymin><xmax>305</xmax><ymax>152</ymax></bndbox></object><object><name>proposal</name><bndbox><xmin>0</xmin><ymin>171</ymin><xmax>459</xmax><ymax>181</ymax></bndbox></object><object><name>proposal</name><bndbox><xmin>94</xmin><ymin>246</ymin><xmax>258</xmax><ymax>107</ymax></bndbox></object><object><name>proposal</name><bndbox><xmin>0</xmin><ymin>0</ymin><xmax>800</xmax><ymax>478</ymax></bndbox></object><object><name>proposal</name><bndbox><xmin>213</xmin><ymin>226</ymin><xmax>401</xmax><ymax>117</ymax></bndbox></object><object><name>proposal</name><bndbox><xmin>0</xmin><ymin>206</ymin><xmax>448</xmax><ymax>495</ymax></bndbox></object><object><name>proposal</name><bndbox><xmin>0</xmin><ymin>188</ymin><xmax>340</xmax><ymax>165</ymax></bndbox></object><object><name>proposal</name><bndbox><xmin>0</xmin><ymin>216</ymin><xmax>467</xmax><ymax>286</ymax></bndbox></object><object><name>proposal</name><bndbox><xmin>32</xmin><ymin>182</ymin><xmax>583</xmax><ymax>161</ymax></bndbox></object><object><name>proposal</name><bndbox><xmin>0</xmin><ymin>202</ymin><xmax>340</xmax><ymax>149</ymax></bndbox></object><object><name>proposal</name><bndbox><xmin>0</xmin><ymin>206</ymin><xmax>448</xmax><ymax>228</ymax></bndbox></object><object><name>proposal</name><bndbox><xmin>102</xmin><ymin>299</ymin><xmax>349</xmax><ymax>134</ymax></bndbox></object><object><name>proposal</name><bndbox><xmin>94</xmin><ymin>25</ymin><xmax>66</xmax><ymax>25</ymax></bndbox></object><object><name>proposal</name><bndbox><xmin>50</xmin><ymin>203</ymin><xmax>413</xmax><ymax>177</ymax></bndbox></object><object><name>proposal</name><bndbox><xmin>94</xmin><ymin>299</ymin><xmax>312</xmax><ymax>99</ymax></bndbox></object><object><name>proposal</name><bndbox><xmin>0</xmin><ymin>116</ymin><xmax>800</xmax><ymax>356</ymax></bndbox></object><object><name>proposal</name><bndbox><xmin>66</xmin><ymin>241</ymin><xmax>391</xmax><ymax>138</ymax></bndbox></object><object><name>proposal</name><bndbox><xmin>105</xmin><ymin>22</ymin><xmax>64</xmax><ymax>28</ymax></bndbox></object><object><name>proposal</name><bndbox><xmin>0</xmin><ymin>0</ymin><xmax>800</xmax><ymax>417</ymax></bndbox></object><object><name>proposal</name><bndbox><xmin>56</xmin><ymin>204</ymin><xmax>358</xmax><ymax>105</ymax></bndbox></object><object><name>proposal</name><bndbox><xmin>0</xmin><ymin>116</ymin><xmax>800</xmax><ymax>317</ymax></bndbox></object><object><name>proposal</name><bndbox><xmin>102</xmin><ymin>279</ymin><xmax>289</xmax><ymax>138</ymax></bndbox></object><object><name>proposal</name><bndbox><xmin>21</xmin><ymin>189</ymin><xmax>438</xmax><ymax>155</ymax></bndbox></object><object><name>proposal</name><bndbox><xmin>33</xmin><ymin>0</ymin><xmax>117</xmax><ymax>14</ymax></bndbox></object><object><name>proposal</name><bndbox><xmin>40</xmin><ymin>0</ymin><xmax>79</xmax><ymax>14</ymax></bndbox></object><object><name>proposal</name><bndbox><xmin>41</xmin><ymin>0</ymin><xmax>95</xmax><ymax>14</ymax></bndbox></object><object><name>proposal</name><bndbox><xmin>0</xmin><ymin>184</ymin><xmax>459</xmax><ymax>212</ymax></bndbox></object><object><name>proposal</name><bndbox><xmin>0</xmin><ymin>244</ymin><xmax>652</xmax><ymax>556</ymax></bndbox></object><object><name>proposal</name><bndbox><xmin>106</xmin><ymin>33</ymin><xmax>53</xmax><ymax>16</ymax></bndbox></object><object><name>proposal</name><bndbox><xmin>0</xmin><ymin>171</ymin><xmax>459</xmax><ymax>252</ymax></bndbox></object><object><name>proposal</name><bndbox><xmin>0</xmin><ymin>217</ymin><xmax>340</xmax><ymax>224</ymax></bndbox></object><object><name>proposal</name><bndbox><xmin>102</xmin><ymin>261</ymin><xmax>349</xmax><ymax>156</ymax></bndbox></object><object><name>proposal</name><bndbox><xmin>63</xmin><ymin>278</ymin><xmax>372</xmax><ymax>194</ymax></bndbox></object><object><name>proposal</name><bndbox><xmin>47</xmin><ymin>32</ymin><xmax>113</xmax><ymax>26</ymax></bndbox></object><object><name>proposal</name><bndbox><xmin>0</xmin><ymin>198</ymin><xmax>469</xmax><ymax>249</ymax></bndbox></object><object><name>proposal</name><bndbox><xmin>93</xmin><ymin>294</ymin><xmax>313</xmax><ymax>153</ymax></bndbox></object><object><name>proposal</name><bndbox><xmin>0</xmin><ymin>256</ymin><xmax>330</xmax><ymax>155</ymax></bndbox></object><object><name>proposal</name><bndbox><xmin>40</xmin><ymin>30</ymin><xmax>120</xmax><ymax>19</ymax></bndbox></object><object><name>proposal</name><bndbox><xmin>201</xmin><ymin>241</ymin><xmax>256</xmax><ymax>132</ymax></bndbox></object><object><name>proposal</name><bndbox><xmin>0</xmin><ymin>251</ymin><xmax>249</xmax><ymax>125</ymax></bndbox></object><object><name>proposal</name><bndbox><xmin>277</xmin><ymin>287</ymin><xmax>134</xmax><ymax>145</ymax></bndbox></object><object><name>proposal</name><bndbox><xmin>0</xmin><ymin>0</ymin><xmax>800</xmax><ymax>430</ymax></bndbox></object><object><name>proposal</name><bndbox><xmin>270</xmin><ymin>229</ymin><xmax>187</xmax><ymax>126</ymax></bndbox></object><object><name>proposal</name><bndbox><xmin>0</xmin><ymin>254</ymin><xmax>351</xmax><ymax>98</ymax></bndbox></object><object><name>proposal</name><bndbox><xmin>102</xmin><ymin>299</ymin><xmax>286</xmax><ymax>102</ymax></bndbox></object><object><name>proposal</name><bndbox><xmin>0</xmin><ymin>261</ymin><xmax>400</xmax><ymax>163</ymax></bndbox></object><object><name>proposal</name><bndbox><xmin>0</xmin><ymin>198</ymin><xmax>491</xmax><ymax>602</ymax></bndbox></object><object><name>proposal</name><bndbox><xmin>0</xmin><ymin>188</ymin><xmax>403</xmax><ymax>332</ymax></bndbox></object><object><name>proposal</name><bndbox><xmin>0</xmin><ymin>286</ymin><xmax>202</xmax><ymax>285</ymax></bndbox></object><object><name>proposal</name><bndbox><xmin>0</xmin><ymin>177</ymin><xmax>458</xmax><ymax>247</ymax></bndbox></object><object><name>proposal</name><bndbox><xmin>26</xmin><ymin>198</ymin><xmax>443</xmax><ymax>171</ymax></bndbox></object><object><name>proposal</name><bndbox><xmin>95</xmin><ymin>296</ymin><xmax>305</xmax><ymax>187</ymax></bndbox></object><object><name>proposal</name><bndbox><xmin>40</xmin><ymin>21</ymin><xmax>120</xmax><ymax>42</ymax></bndbox></object><object><name>proposal</name><bndbox><xmin>92</xmin><ymin>287</ymin><xmax>294</xmax><ymax>157</ymax></bndbox></object><object><name>proposal</name><bndbox><xmin>0</xmin><ymin>246</ymin><xmax>352</xmax><ymax>105</ymax></bndbox></object><object><name>proposal</name><bndbox><xmin>0</xmin><ymin>262</ymin><xmax>324</xmax><ymax>114</ymax></bndbox></object><object><name>proposal</name><bndbox><xmin>0</xmin><ymin>223</ymin><xmax>400</xmax><ymax>225</ymax></bndbox></object><object><name>proposal</name><bndbox><xmin>0</xmin><ymin>286</ymin><xmax>214</xmax><ymax>155</ymax></bndbox></object><object><name>proposal</name><bndbox><xmin>64</xmin><ymin>0</ymin><xmax>213</xmax><ymax>27</ymax></bndbox></object><object><name>proposal</name><bndbox><xmin>100</xmin><ymin>292</ymin><xmax>300</xmax><ymax>104</ymax></bndbox></object><object><name>proposal</name><bndbox><xmin>0</xmin><ymin>286</ymin><xmax>451</xmax><ymax>152</ymax></bndbox></object><object><name>proposal</name><bndbox><xmin>213</xmin><ymin>241</ymin><xmax>244</xmax><ymax>99</ymax></bndbox></object><object><name>proposal</name><bndbox><xmin>40</xmin><ymin>21</ymin><xmax>120</xmax><ymax>35</ymax></bndbox></object><object><name>proposal</name><bndbox><xmin>0</xmin><ymin>286</ymin><xmax>178</xmax><ymax>119</ymax></bndbox></object><object><name>proposal</name><bndbox><xmin>0</xmin><ymin>188</ymin><xmax>459</xmax><ymax>284</ymax></bndbox></object><object><name>proposal</name><bndbox><xmin>101</xmin><ymin>284</ymin><xmax>287</xmax><ymax>151</ymax></bndbox></object><object><name>proposal</name><bndbox><xmin>0</xmin><ymin>198</ymin><xmax>443</xmax><ymax>322</ymax></bndbox></object><object><name>proposal</name><bndbox><xmin>0</xmin><ymin>190</ymin><xmax>431</xmax><ymax>153</ymax></bndbox></object><object><name>proposal</name><bndbox><xmin>79</xmin><ymin>0</ymin><xmax>71</xmax><ymax>14</ymax></bndbox></object><object><name>proposal</name><bndbox><xmin>0</xmin><ymin>286</ymin><xmax>494</xmax><ymax>514</ymax></bndbox></object><object><name>proposal</name><bndbox><xmin>0</xmin><ymin>254</ymin><xmax>406</xmax><ymax>190</ymax></bndbox></object><object><name>proposal</name><bndbox><xmin>0</xmin><ymin>246</ymin><xmax>351</xmax><ymax>165</ymax></bndbox></object><object><name>proposal</name><bndbox><xmin>0</xmin><ymin>188</ymin><xmax>800</xmax><ymax>419</ymax></bndbox></object><object><name>proposal</name><bndbox><xmin>251</xmin><ymin>243</ymin><xmax>206</xmax><ymax>97</ymax></bndbox></object><object><name>proposal</name><bndbox><xmin>102</xmin><ymin>223</ymin><xmax>357</xmax><ymax>194</ymax></bndbox></object><object><name>proposal</name><bndbox><xmin>0</xmin><ymin>262</ymin><xmax>217</xmax><ymax>89</ymax></bndbox></object><object><name>proposal</name><bndbox><xmin>0</xmin><ymin>241</ymin><xmax>652</xmax><ymax>559</ymax></bndbox></object><object><name>proposal</name><bndbox><xmin>0</xmin><ymin>0</ymin><xmax>800</xmax><ymax>469</ymax></bndbox></object><object><name>proposal</name><bndbox><xmin>0</xmin><ymin>184</ymin><xmax>459</xmax><ymax>160</ymax></bndbox></object><object><name>proposal</name><bndbox><xmin>83</xmin><ymin>291</ymin><xmax>131</xmax><ymax>129</ymax></bndbox></object><object><name>proposal</name><bndbox><xmin>105</xmin><ymin>318</ymin><xmax>268</xmax><ymax>115</ymax></bndbox></object><object><name>proposal</name><bndbox><xmin>26</xmin><ymin>188</ymin><xmax>431</xmax><ymax>191</ymax></bndbox></object><object><name>proposal</name><bndbox><xmin>0</xmin><ymin>223</ymin><xmax>381</xmax><ymax>279</ymax></bndbox></object><object><name>proposal</name><bndbox><xmin>65</xmin><ymin>292</ymin><xmax>345</xmax><ymax>135</ymax></bndbox></object><object><name>proposal</name><bndbox><xmin>93</xmin><ymin>294</ymin><xmax>306</xmax><ymax>138</ymax></bndbox></object><object><name>proposal</name><bndbox><xmin>55</xmin><ymin>188</ymin><xmax>404</xmax><ymax>145</ymax></bndbox></object><object><name>proposal</name><bndbox><xmin>50</xmin><ymin>206</ymin><xmax>409</xmax><ymax>138</ymax></bndbox></object><object><name>proposal</name><bndbox><xmin>126</xmin><ymin>368</ymin><xmax>277</xmax><ymax>75</ymax></bndbox></object><object><name>proposal</name><bndbox><xmin>110</xmin><ymin>206</ymin><xmax>349</xmax><ymax>102</ymax></bndbox></object><object><name>proposal</name><bndbox><xmin>64</xmin><ymin>250</ymin><xmax>403</xmax><ymax>177</ymax></bndbox></object><object><name>proposal</name><bndbox><xmin>22</xmin><ymin>202</ymin><xmax>441</xmax><ymax>178</ymax></bndbox></object><object><name>proposal</name><bndbox><xmin>0</xmin><ymin>204</ymin><xmax>443</xmax><ymax>316</ymax></bndbox></object><object><name>proposal</name><bndbox><xmin>21</xmin><ymin>209</ymin><xmax>472</xmax><ymax>136</ymax></bndbox></object><object><name>proposal</name><bndbox><xmin>0</xmin><ymin>0</ymin><xmax>800</xmax><ymax>448</ymax></bndbox></object><object><name>proposal</name><bndbox><xmin>63</xmin><ymin>0</ymin><xmax>87</xmax><ymax>9</ymax></bndbox></object><object><name>proposal</name><bndbox><xmin>0</xmin><ymin>0</ymin><xmax>800</xmax><ymax>425</ymax></bndbox></object><object><name>proposal</name><bndbox><xmin>79</xmin><ymin>34</ymin><xmax>57</xmax><ymax>12</ymax></bndbox></object><object><name>proposal</name><bndbox><xmin>64</xmin><ymin>0</ymin><xmax>86</xmax><ymax>9</ymax></bndbox></object><object><name>proposal</name><bndbox><xmin>0</xmin><ymin>296</ymin><xmax>501</xmax><ymax>217</ymax></bndbox></object><object><name>proposal</name><bndbox><xmin>64</xmin><ymin>288</ymin><xmax>346</xmax><ymax>139</ymax></bndbox></object><object><name>proposal</name><bndbox><xmin>0</xmin><ymin>251</ymin><xmax>186</xmax><ymax>183</ymax></bndbox></object><object><name>proposal</name><bndbox><xmin>213</xmin><ymin>241</ymin><xmax>244</xmax><ymax>115</ymax></bndbox></object><object><name>proposal</name><bndbox><xmin>0</xmin><ymin>111</ymin><xmax>800</xmax><ymax>295</ymax></bndbox></object><object><name>proposal</name><bndbox><xmin>0</xmin><ymin>0</ymin><xmax>800</xmax><ymax>444</ymax></bndbox></object><object><name>proposal</name><bndbox><xmin>63</xmin><ymin>0</ymin><xmax>88</xmax><ymax>14</ymax></bndbox></object><object><name>proposal</name><bndbox><xmin>63</xmin><ymin>0</ymin><xmax>212</xmax><ymax>27</ymax></bndbox></object><object><name>proposal</name><bndbox><xmin>0</xmin><ymin>0</ymin><xmax>800</xmax><ymax>433</ymax></bndbox></object><object><name>proposal</name><bndbox><xmin>0</xmin><ymin>171</ymin><xmax>459</xmax><ymax>234</ymax></bndbox></object><object><name>proposal</name><bndbox><xmin>40</xmin><ymin>30</ymin><xmax>74</xmax><ymax>26</ymax></bndbox></object><object><name>proposal</name><bndbox><xmin>0</xmin><ymin>190</ymin><xmax>471</xmax><ymax>154</ymax></bndbox></object><object><name>proposal</name><bndbox><xmin>0</xmin><ymin>0</ymin><xmax>160</xmax><ymax>62</ymax></bndbox></object><object><name>proposal</name><bndbox><xmin>0</xmin><ymin>262</ymin><xmax>324</xmax><ymax>90</ymax></bndbox></object><object><name>proposal</name><bndbox><xmin>0</xmin><ymin>220</ymin><xmax>402</xmax><ymax>249</ymax></bndbox></object><object><name>proposal</name><bndbox><xmin>41</xmin><ymin>204</ymin><xmax>394</xmax><ymax>105</ymax></bndbox></object><object><name>proposal</name><bndbox><xmin>0</xmin><ymin>267</ymin><xmax>136</xmax><ymax>195</ymax></bndbox></object><object><name>proposal</name><bndbox><xmin>20</xmin><ymin>190</ymin><xmax>451</xmax><ymax>163</ymax></bndbox></object><object><name>proposal</name><bndbox><xmin>106</xmin><ymin>22</ymin><xmax>54</xmax><ymax>27</ymax></bndbox></object><object><name>proposal</name><bndbox><xmin>0</xmin><ymin>263</ymin><xmax>403</xmax><ymax>257</ymax></bndbox></object><object><name>proposal</name><bndbox><xmin>0</xmin><ymin>318</ymin><xmax>188</xmax><ymax>202</ymax></bndbox></object><object><name>proposal</name><bndbox><xmin>0</xmin><ymin>230</ymin><xmax>435</xmax><ymax>146</ymax></bndbox></object><object><name>proposal</name><bndbox><xmin>0</xmin><ymin>236</ymin><xmax>352</xmax><ymax>118</ymax></bndbox></object><object><name>proposal</name><bndbox><xmin>0</xmin><ymin>284</ymin><xmax>197</xmax><ymax>236</ymax></bndbox></object><object><name>proposal</name><bndbox><xmin>0</xmin><ymin>251</ymin><xmax>249</xmax><ymax>93</ymax></bndbox></object><object><name>proposal</name><bndbox><xmin>0</xmin><ymin>296</ymin><xmax>501</xmax><ymax>445</ymax></bndbox></object><object><name>proposal</name><bndbox><xmin>63</xmin><ymin>0</ymin><xmax>58</xmax><ymax>9</ymax></bndbox></object><object><name>proposal</name><bndbox><xmin>0</xmin><ymin>111</ymin><xmax>270</xmax><ymax>237</ymax></bndbox></object><object><name>proposal</name><bndbox><xmin>88</xmin><ymin>285</ymin><xmax>224</xmax><ymax>69</ymax></bndbox></object><object><name>proposal</name><bndbox><xmin>0</xmin><ymin>202</ymin><xmax>459</xmax><ymax>296</ymax></bndbox></object><object><name>proposal</name><bndbox><xmin>0</xmin><ymin>199</ymin><xmax>800</xmax><ymax>408</ymax></bndbox></object><object><name>proposal</name><bndbox><xmin>106</xmin><ymin>21</ymin><xmax>54</xmax><ymax>29</ymax></bndbox></object><object><name>proposal</name><bndbox><xmin>0</xmin><ymin>251</ymin><xmax>341</xmax><ymax>100</ymax></bndbox></object><object><name>proposal</name><bndbox><xmin>64</xmin><ymin>0</ymin><xmax>83</xmax><ymax>9</ymax></bndbox></object><object><name>proposal</name><bndbox><xmin>100</xmin><ymin>304</ymin><xmax>357</xmax><ymax>92</ymax></bndbox></object><object><name>proposal</name><bndbox><xmin>79</xmin><ymin>0</ymin><xmax>75</xmax><ymax>14</ymax></bndbox></object><object><name>proposal</name><bndbox><xmin>0</xmin><ymin>202</ymin><xmax>459</xmax><ymax>299</ymax></bndbox></object><object><name>proposal</name><bndbox><xmin>0</xmin><ymin>229</ymin><xmax>405</xmax><ymax>163</ymax></bndbox></object><object><name>proposal</name><bndbox><xmin>209</xmin><ymin>294</ymin><xmax>242</xmax><ymax>137</ymax></bndbox></object><object><name>proposal</name><bndbox><xmin>0</xmin><ymin>204</ymin><xmax>443</xmax><ymax>297</ymax></bndbox></object><object><name>proposal</name><bndbox><xmin>0</xmin><ymin>67</ymin><xmax>800</xmax><ymax>402</ymax></bndbox></object><object><name>proposal</name><bndbox><xmin>251</xmin><ymin>243</ymin><xmax>184</xmax><ymax>97</ymax></bndbox></object><object><name>proposal</name><bndbox><xmin>0</xmin><ymin>294</ymin><xmax>465</xmax><ymax>353</ymax></bndbox></object><object><name>proposal</name><bndbox><xmin>0</xmin><ymin>256</ymin><xmax>334</xmax><ymax>155</ymax></bndbox></object><object><name>proposal</name><bndbox><xmin>0</xmin><ymin>284</ymin><xmax>209</xmax><ymax>147</ymax></bndbox></object><object><name>proposal</name><bndbox><xmin>63</xmin><ymin>0</ymin><xmax>90</xmax><ymax>14</ymax></bndbox></object><object><name>proposal</name><bndbox><xmin>47</xmin><ymin>22</ymin><xmax>113</xmax><ymax>41</ymax></bndbox></object><object><name>proposal</name><bndbox><xmin>63</xmin><ymin>278</ymin><xmax>372</xmax><ymax>147</ymax></bndbox></object><object><name>proposal</name><bndbox><xmin>56</xmin><ymin>204</ymin><xmax>379</xmax><ymax>105</ymax></bndbox></object><object><name>proposal</name><bndbox><xmin>0</xmin><ymin>254</ymin><xmax>340</xmax><ymax>97</ymax></bndbox></object><object><name>proposal</name><bndbox><xmin>16</xmin><ymin>177</ymin><xmax>493</xmax><ymax>536</ymax></bndbox></object><object><name>proposal</name><bndbox><xmin>0</xmin><ymin>188</ymin><xmax>509</xmax><ymax>612</ymax></bndbox></object><object><name>proposal</name><bndbox><xmin>0</xmin><ymin>210</ymin><xmax>167</xmax><ymax>252</ymax></bndbox></object><object><name>proposal</name><bndbox><xmin>0</xmin><ymin>286</ymin><xmax>183</xmax><ymax>145</ymax></bndbox></object><object><name>proposal</name><bndbox><xmin>0</xmin><ymin>171</ymin><xmax>800</xmax><ymax>441</ymax></bndbox></object><object><name>proposal</name><bndbox><xmin>0</xmin><ymin>204</ymin><xmax>469</xmax><ymax>243</ymax></bndbox></object><object><name>proposal</name><bndbox><xmin>94</xmin><ymin>246</ymin><xmax>258</xmax><ymax>71</ymax></bndbox></object><object><name>proposal</name><bndbox><xmin>55</xmin><ymin>203</ymin><xmax>404</xmax><ymax>107</ymax></bndbox></object><object><name>proposal</name><bndbox><xmin>0</xmin><ymin>0</ymin><xmax>800</xmax><ymax>431</ymax></bndbox></object><object><name>proposal</name><bndbox><xmin>0</xmin><ymin>258</ymin><xmax>351</xmax><ymax>94</ymax></bndbox></object><object><name>proposal</name><bndbox><xmin>0</xmin><ymin>282</ymin><xmax>212</xmax><ymax>141</ymax></bndbox></object><object><name>proposal</name><bndbox><xmin>110</xmin><ymin>229</ymin><xmax>295</xmax><ymax>117</ymax></bndbox></object><object><name>proposal</name><bndbox><xmin>97</xmin><ymin>294</ymin><xmax>303</xmax><ymax>123</ymax></bndbox></object><object><name>proposal</name><bndbox><xmin>41</xmin><ymin>17</ymin><xmax>118</xmax><ymax>40</ymax></bndbox></object><object><name>proposal</name><bndbox><xmin>0</xmin><ymin>251</ymin><xmax>188</xmax><ymax>125</ymax></bndbox></object><object><name>proposal</name><bndbox><xmin>64</xmin><ymin>0</ymin><xmax>86</xmax><ymax>14</ymax></bndbox></object><object><name>proposal</name><bndbox><xmin>63</xmin><ymin>0</ymin><xmax>73</xmax><ymax>9</ymax></bndbox></object><object><name>proposal</name><bndbox><xmin>48</xmin><ymin>38</ymin><xmax>66</xmax><ymax>19</ymax></bndbox></object><object><name>proposal</name><bndbox><xmin>102</xmin><ymin>284</ymin><xmax>286</xmax><ymax>117</ymax></bndbox></object><object><name>proposal</name><bndbox><xmin>22</xmin><ymin>198</ymin><xmax>437</xmax><ymax>112</ymax></bndbox></object><object><name>proposal</name><bndbox><xmin>0</xmin><ymin>258</ymin><xmax>340</xmax><ymax>94</ymax></bndbox></object><object><name>proposal</name><bndbox><xmin>105</xmin><ymin>32</ymin><xmax>55</xmax><ymax>17</ymax></bndbox></object><object><name>proposal</name><bndbox><xmin>106</xmin><ymin>33</ymin><xmax>54</xmax><ymax>17</ymax></bndbox></object><object><name>proposal</name><bndbox><xmin>0</xmin><ymin>253</ymin><xmax>403</xmax><ymax>98</ymax></bndbox></object><object><name>proposal</name><bndbox><xmin>0</xmin><ymin>316</ymin><xmax>200</xmax><ymax>219</ymax></bndbox></object><object><name>proposal</name><bndbox><xmin>0</xmin><ymin>125</ymin><xmax>438</xmax><ymax>218</ymax></bndbox></object><object><name>proposal</name><bndbox><xmin>0</xmin><ymin>279</ymin><xmax>414</xmax><ymax>374</ymax></bndbox></object><object><name>proposal</name><bndbox><xmin>0</xmin><ymin>199</ymin><xmax>383</xmax><ymax>416</ymax></bndbox></object><object><name>proposal</name><bndbox><xmin>0</xmin><ymin>0</ymin><xmax>438</xmax><ymax>343</ymax></bndbox></object><object><name>proposal</name><bndbox><xmin>63</xmin><ymin>286</ymin><xmax>349</xmax><ymax>139</ymax></bndbox></object><object><name>proposal</name><bndbox><xmin>0</xmin><ymin>286</ymin><xmax>178</xmax><ymax>199</ymax></bndbox></object><object><name>proposal</name><bndbox><xmin>0</xmin><ymin>258</ymin><xmax>180</xmax><ymax>176</ymax></bndbox></object><object><name>proposal</name><bndbox><xmin>64</xmin><ymin>0</ymin><xmax>86</xmax><ymax>17</ymax></bndbox></object><object><name>proposal</name><bndbox><xmin>0</xmin><ymin>282</ymin><xmax>214</xmax><ymax>218</ymax></bndbox></object><object><name>proposal</name><bndbox><xmin>112</xmin><ymin>362</ymin><xmax>288</xmax><ymax>71</ymax></bndbox></object><object><name>proposal</name><bndbox><xmin>0</xmin><ymin>0</ymin><xmax>615</xmax><ymax>432</ymax></bndbox></object><object><name>proposal</name><bndbox><xmin>97</xmin><ymin>184</ymin><xmax>361</xmax><ymax>124</ymax></bndbox></object><object><name>proposal</name><bndbox><xmin>0</xmin><ymin>285</ymin><xmax>180</xmax><ymax>149</ymax></bndbox></object><object><name>proposal</name><bndbox><xmin>90</xmin><ymin>273</ymin><xmax>250</xmax><ymax>73</ymax></bndbox></object><object><name>proposal</name><bndbox><xmin>97</xmin><ymin>223</ymin><xmax>374</xmax><ymax>130</ymax></bndbox></object><object><name>proposal</name><bndbox><xmin>32</xmin><ymin>184</ymin><xmax>426</xmax><ymax>126</ymax></bndbox></object><object><name>proposal</name><bndbox><xmin>0</xmin><ymin>188</ymin><xmax>465</xmax><ymax>459</ymax></bndbox></object><object><name>proposal</name><bndbox><xmin>270</xmin><ymin>247</ymin><xmax>187</xmax><ymax>108</ymax></bndbox></object><object><name>proposal</name><bndbox><xmin>0</xmin><ymin>188</ymin><xmax>340</xmax><ymax>235</ymax></bndbox></object><object><name>proposal</name><bndbox><xmin>0</xmin><ymin>279</ymin><xmax>414</xmax><ymax>241</ymax></bndbox></object></annotation>