<annotation><folder>Proposals</folder><filename>img-263.jpg</filename><size><width>720</width><height>720</height><depth>3</depth></size><object><name>proposal</name><bndbox><xmin>204</xmin><ymin>201</ymin><xmax>227</xmax><ymax>183</ymax></bndbox></object><object><name>proposal</name><bndbox><xmin>203</xmin><ymin>202</ymin><xmax>326</xmax><ymax>232</ymax></bndbox></object><object><name>proposal</name><bndbox><xmin>260</xmin><ymin>141</ymin><xmax>361</xmax><ymax>262</ymax></bndbox></object><object><name>proposal</name><bndbox><xmin>310</xmin><ymin>266</ymin><xmax>221</xmax><ymax>132</ymax></bndbox></object><object><name>proposal</name><bndbox><xmin>233</xmin><ymin>131</ymin><xmax>388</xmax><ymax>265</ymax></bndbox></object><object><name>proposal</name><bndbox><xmin>296</xmin><ymin>311</ymin><xmax>235</xmax><ymax>87</ymax></bndbox></object><object><name>proposal</name><bndbox><xmin>296</xmin><ymin>307</ymin><xmax>97</xmax><ymax>84</ymax></bndbox></object><object><name>proposal</name><bndbox><xmin>204</xmin><ymin>131</ymin><xmax>417</xmax><ymax>309</ymax></bndbox></object><object><name>proposal</name><bndbox><xmin>186</xmin><ymin>201</ymin><xmax>178</xmax><ymax>160</ymax></bndbox></object><object><name>proposal</name><bndbox><xmin>260</xmin><ymin>141</ymin><xmax>407</xmax><ymax>255</ymax></bndbox></object><object><name>proposal</name><bndbox><xmin>296</xmin><ymin>311</ymin><xmax>97</xmax><ymax>69</ymax></bndbox></object><object><name>proposal</name><bndbox><xmin>249</xmin><ymin>256</ymin><xmax>281</xmax><ymax>184</ymax></bndbox></object><object><name>proposal</name><bndbox><xmin>296</xmin><ymin>262</ymin><xmax>155</xmax><ymax>129</ymax></bndbox></object><object><name>proposal</name><bndbox><xmin>331</xmin><ymin>272</ymin><xmax>89</xmax><ymax>95</ymax></bndbox></object><object><name>proposal</name><bndbox><xmin>240</xmin><ymin>291</ymin><xmax>115</xmax><ymax>70</ymax></bndbox></object><object><name>proposal</name><bndbox><xmin>203</xmin><ymin>207</ymin><xmax>309</xmax><ymax>190</ymax></bndbox></object><object><name>proposal</name><bndbox><xmin>80</xmin><ymin>133</ymin><xmax>431</xmax><ymax>334</ymax></bndbox></object><object><name>proposal</name><bndbox><xmin>298</xmin><ymin>326</ymin><xmax>125</xmax><ymax>113</ymax></bndbox></object><object><name>proposal</name><bndbox><xmin>247</xmin><ymin>232</ymin><xmax>284</xmax><ymax>166</ymax></bndbox></object><object><name>proposal</name><bndbox><xmin>330</xmin><ymin>262</ymin><xmax>121</xmax><ymax>103</ymax></bndbox></object><object><name>proposal</name><bndbox><xmin>260</xmin><ymin>131</ymin><xmax>414</xmax><ymax>265</ymax></bndbox></object><object><name>proposal</name><bndbox><xmin>203</xmin><ymin>158</ymin><xmax>164</xmax><ymax>222</ymax></bndbox></object><object><name>proposal</name><bndbox><xmin>280</xmin><ymin>254</ymin><xmax>252</xmax><ymax>157</ymax></bndbox></object><object><name>proposal</name><bndbox><xmin>249</xmin><ymin>266</ymin><xmax>226</xmax><ymax>122</ymax></bndbox></object><object><name>proposal</name><bndbox><xmin>233</xmin><ymin>141</ymin><xmax>388</xmax><ymax>262</ymax></bndbox></object><object><name>proposal</name><bndbox><xmin>356</xmin><ymin>256</ymin><xmax>88</xmax><ymax>97</ymax></bndbox></object><object><name>proposal</name><bndbox><xmin>303</xmin><ymin>272</ymin><xmax>229</xmax><ymax>139</ymax></bndbox></object><object><name>proposal</name><bndbox><xmin>233</xmin><ymin>120</ymin><xmax>414</xmax><ymax>276</ymax></bndbox></object><object><name>proposal</name><bndbox><xmin>304</xmin><ymin>272</ymin><xmax>225</xmax><ymax>125</ymax></bndbox></object><object><name>proposal</name><bndbox><xmin>233</xmin><ymin>158</ymin><xmax>134</xmax><ymax>222</ymax></bndbox></object><object><name>proposal</name><bndbox><xmin>247</xmin><ymin>232</ymin><xmax>393</xmax><ymax>245</ymax></bndbox></object><object><name>proposal</name><bndbox><xmin>260</xmin><ymin>120</ymin><xmax>414</xmax><ymax>276</ymax></bndbox></object><object><name>proposal</name><bndbox><xmin>363</xmin><ymin>258</ymin><xmax>81</xmax><ymax>95</ymax></bndbox></object><object><name>proposal</name><bndbox><xmin>203</xmin><ymin>168</ymin><xmax>454</xmax><ymax>229</ymax></bndbox></object><object><name>proposal</name><bndbox><xmin>303</xmin><ymin>272</ymin><xmax>199</xmax><ymax>125</ymax></bndbox></object><object><name>proposal</name><bndbox><xmin>316</xmin><ymin>266</ymin><xmax>216</xmax><ymax>134</ymax></bndbox></object><object><name>proposal</name><bndbox><xmin>319</xmin><ymin>266</ymin><xmax>213</xmax><ymax>145</ymax></bndbox></object><object><name>proposal</name><bndbox><xmin>310</xmin><ymin>272</ymin><xmax>235</xmax><ymax>125</ymax></bndbox></object><object><name>proposal</name><bndbox><xmin>204</xmin><ymin>202</ymin><xmax>326</xmax><ymax>238</ymax></bndbox></object><object><name>proposal</name><bndbox><xmin>233</xmin><ymin>131</ymin><xmax>441</xmax><ymax>280</ymax></bndbox></object><object><name>proposal</name><bndbox><xmin>296</xmin><ymin>311</ymin><xmax>206</xmax><ymax>87</ymax></bndbox></object><object><name>proposal</name><bndbox><xmin>304</xmin><ymin>272</ymin><xmax>297</xmax><ymax>162</ymax></bndbox></object><object><name>proposal</name><bndbox><xmin>247</xmin><ymin>232</ymin><xmax>204</xmax><ymax>133</ymax></bndbox></object><object><name>proposal</name><bndbox><xmin>233</xmin><ymin>131</ymin><xmax>441</xmax><ymax>309</ymax></bndbox></object><object><name>proposal</name><bndbox><xmin>204</xmin><ymin>120</ymin><xmax>443</xmax><ymax>319</ymax></bndbox></object><object><name>proposal</name><bndbox><xmin>310</xmin><ymin>266</ymin><xmax>235</xmax><ymax>145</ymax></bndbox></object><object><name>proposal</name><bndbox><xmin>287</xmin><ymin>266</ymin><xmax>215</xmax><ymax>132</ymax></bndbox></object><object><name>proposal</name><bndbox><xmin>233</xmin><ymin>141</ymin><xmax>387</xmax><ymax>255</ymax></bndbox></object><object><name>proposal</name><bndbox><xmin>260</xmin><ymin>120</ymin><xmax>361</xmax><ymax>276</ymax></bndbox></object><object><name>proposal</name><bndbox><xmin>319</xmin><ymin>266</ymin><xmax>183</xmax><ymax>132</ymax></bndbox></object><object><name>proposal</name><bndbox><xmin>296</xmin><ymin>262</ymin><xmax>106</xmax><ymax>129</ymax></bndbox></object><object><name>proposal</name><bndbox><xmin>233</xmin><ymin>131</ymin><xmax>387</xmax><ymax>334</ymax></bndbox></object><object><name>proposal</name><bndbox><xmin>204</xmin><ymin>201</ymin><xmax>219</xmax><ymax>238</ymax></bndbox></object><object><name>proposal</name><bndbox><xmin>304</xmin><ymin>265</ymin><xmax>225</xmax><ymax>169</ymax></bndbox></object><object><name>proposal</name><bndbox><xmin>295</xmin><ymin>272</ymin><xmax>136</xmax><ymax>195</ymax></bndbox></object><object><name>proposal</name><bndbox><xmin>280</xmin><ymin>254</ymin><xmax>252</xmax><ymax>146</ymax></bndbox></object><object><name>proposal</name><bndbox><xmin>330</xmin><ymin>262</ymin><xmax>72</xmax><ymax>103</ymax></bndbox></object><object><name>proposal</name><bndbox><xmin>260</xmin><ymin>130</ymin><xmax>361</xmax><ymax>273</ymax></bndbox></object><object><name>proposal</name><bndbox><xmin>287</xmin><ymin>266</ymin><xmax>244</xmax><ymax>132</ymax></bndbox></object><object><name>proposal</name><bndbox><xmin>233</xmin><ymin>88</ymin><xmax>441</xmax><ymax>352</ymax></bndbox></object><object><name>proposal</name><bndbox><xmin>298</xmin><ymin>326</ymin><xmax>125</xmax><ymax>72</ymax></bndbox></object><object><name>proposal</name><bndbox><xmin>303</xmin><ymin>265</ymin><xmax>229</xmax><ymax>146</ymax></bndbox></object><object><name>proposal</name><bndbox><xmin>404</xmin><ymin>302</ymin><xmax>143</xmax><ymax>93</ymax></bndbox></object><object><name>proposal</name><bndbox><xmin>203</xmin><ymin>130</ymin><xmax>418</xmax><ymax>310</ymax></bndbox></object><object><name>proposal</name><bndbox><xmin>304</xmin><ymin>265</ymin><xmax>225</xmax><ymax>132</ymax></bndbox></object><object><name>proposal</name><bndbox><xmin>203</xmin><ymin>202</ymin><xmax>299</xmax><ymax>238</ymax></bndbox></object><object><name>proposal</name><bndbox><xmin>296</xmin><ymin>311</ymin><xmax>97</xmax><ymax>80</ymax></bndbox></object><object><name>proposal</name><bndbox><xmin>280</xmin><ymin>253</ymin><xmax>251</xmax><ymax>145</ymax></bndbox></object><object><name>proposal</name><bndbox><xmin>204</xmin><ymin>201</ymin><xmax>205</xmax><ymax>164</ymax></bndbox></object><object><name>proposal</name><bndbox><xmin>260</xmin><ymin>131</ymin><xmax>414</xmax><ymax>309</ymax></bndbox></object><object><name>proposal</name><bndbox><xmin>247</xmin><ymin>232</ymin><xmax>204</xmax><ymax>159</ymax></bndbox></object><object><name>proposal</name><bndbox><xmin>310</xmin><ymin>266</ymin><xmax>192</xmax><ymax>145</ymax></bndbox></object><object><name>proposal</name><bndbox><xmin>298</xmin><ymin>326</ymin><xmax>125</xmax><ymax>58</ymax></bndbox></object><object><name>proposal</name><bndbox><xmin>255</xmin><ymin>125</ymin><xmax>379</xmax><ymax>238</ymax></bndbox></object><object><name>proposal</name><bndbox><xmin>389</xmin><ymin>286</ymin><xmax>119</xmax><ymax>77</ymax></bndbox></object><object><name>proposal</name><bndbox><xmin>316</xmin><ymin>266</ymin><xmax>186</xmax><ymax>132</ymax></bndbox></object><object><name>proposal</name><bndbox><xmin>260</xmin><ymin>120</ymin><xmax>489</xmax><ymax>283</ymax></bndbox></object><object><name>proposal</name><bndbox><xmin>295</xmin><ymin>285</ymin><xmax>72</xmax><ymax>95</ymax></bndbox></object><object><name>proposal</name><bndbox><xmin>321</xmin><ymin>267</ymin><xmax>151</xmax><ymax>200</ymax></bndbox></object><object><name>proposal</name><bndbox><xmin>310</xmin><ymin>272</ymin><xmax>235</xmax><ymax>139</ymax></bndbox></object><object><name>proposal</name><bndbox><xmin>240</xmin><ymin>241</ymin><xmax>289</xmax><ymax>170</ymax></bndbox></object><object><name>proposal</name><bndbox><xmin>287</xmin><ymin>207</ymin><xmax>225</xmax><ymax>190</ymax></bndbox></object><object><name>proposal</name><bndbox><xmin>204</xmin><ymin>201</ymin><xmax>240</xmax><ymax>238</ymax></bndbox></object><object><name>proposal</name><bndbox><xmin>303</xmin><ymin>272</ymin><xmax>229</xmax><ymax>128</ymax></bndbox></object><object><name>proposal</name><bndbox><xmin>240</xmin><ymin>241</ymin><xmax>262</xmax><ymax>170</ymax></bndbox></object><object><name>proposal</name><bndbox><xmin>359</xmin><ymin>273</ymin><xmax>165</xmax><ymax>121</ymax></bndbox></object><object><name>proposal</name><bndbox><xmin>233</xmin><ymin>131</ymin><xmax>387</xmax><ymax>265</ymax></bndbox></object><object><name>proposal</name><bndbox><xmin>260</xmin><ymin>131</ymin><xmax>361</xmax><ymax>265</ymax></bndbox></object><object><name>proposal</name><bndbox><xmin>310</xmin><ymin>266</ymin><xmax>222</xmax><ymax>145</ymax></bndbox></object><object><name>proposal</name><bndbox><xmin>287</xmin><ymin>207</ymin><xmax>224</xmax><ymax>260</ymax></bndbox></object><object><name>proposal</name><bndbox><xmin>296</xmin><ymin>272</ymin><xmax>235</xmax><ymax>126</ymax></bndbox></object><object><name>proposal</name><bndbox><xmin>295</xmin><ymin>272</ymin><xmax>207</xmax><ymax>125</ymax></bndbox></object><object><name>proposal</name><bndbox><xmin>303</xmin><ymin>265</ymin><xmax>199</xmax><ymax>132</ymax></bndbox></object><object><name>proposal</name><bndbox><xmin>287</xmin><ymin>207</ymin><xmax>311</xmax><ymax>189</ymax></bndbox></object><object><name>proposal</name><bndbox><xmin>203</xmin><ymin>201</ymin><xmax>308</xmax><ymax>120</ymax></bndbox></object><object><name>proposal</name><bndbox><xmin>233</xmin><ymin>131</ymin><xmax>441</xmax><ymax>265</ymax></bndbox></object><object><name>proposal</name><bndbox><xmin>260</xmin><ymin>131</ymin><xmax>360</xmax><ymax>265</ymax></bndbox></object><object><name>proposal</name><bndbox><xmin>280</xmin><ymin>253</ymin><xmax>222</xmax><ymax>158</ymax></bndbox></object><object><name>proposal</name><bndbox><xmin>388</xmin><ymin>286</ymin><xmax>124</xmax><ymax>111</ymax></bndbox></object><object><name>proposal</name><bndbox><xmin>310</xmin><ymin>266</ymin><xmax>192</xmax><ymax>132</ymax></bndbox></object><object><name>proposal</name><bndbox><xmin>249</xmin><ymin>266</ymin><xmax>226</xmax><ymax>132</ymax></bndbox></object><object><name>proposal</name><bndbox><xmin>310</xmin><ymin>272</ymin><xmax>219</xmax><ymax>125</ymax></bndbox></object><object><name>proposal</name><bndbox><xmin>247</xmin><ymin>232</ymin><xmax>284</xmax><ymax>179</ymax></bndbox></object><object><name>proposal</name><bndbox><xmin>240</xmin><ymin>241</ymin><xmax>289</xmax><ymax>199</ymax></bndbox></object><object><name>proposal</name><bndbox><xmin>404</xmin><ymin>276</ymin><xmax>251</xmax><ymax>137</ymax></bndbox></object><object><name>proposal</name><bndbox><xmin>240</xmin><ymin>291</ymin><xmax>124</xmax><ymax>70</ymax></bndbox></object><object><name>proposal</name><bndbox><xmin>260</xmin><ymin>131</ymin><xmax>407</xmax><ymax>265</ymax></bndbox></object><object><name>proposal</name><bndbox><xmin>353</xmin><ymin>187</ymin><xmax>259</xmax><ymax>176</ymax></bndbox></object><object><name>proposal</name><bndbox><xmin>400</xmin><ymin>302</ymin><xmax>198</xmax><ymax>94</ymax></bndbox></object><object><name>proposal</name><bndbox><xmin>310</xmin><ymin>266</ymin><xmax>221</xmax><ymax>145</ymax></bndbox></object><object><name>proposal</name><bndbox><xmin>295</xmin><ymin>267</ymin><xmax>109</xmax><ymax>113</ymax></bndbox></object><object><name>proposal</name><bndbox><xmin>260</xmin><ymin>88</ymin><xmax>414</xmax><ymax>352</ymax></bndbox></object><object><name>proposal</name><bndbox><xmin>331</xmin><ymin>272</ymin><xmax>73</xmax><ymax>95</ymax></bndbox></object><object><name>proposal</name><bndbox><xmin>233</xmin><ymin>130</ymin><xmax>388</xmax><ymax>273</ymax></bndbox></object><object><name>proposal</name><bndbox><xmin>310</xmin><ymin>272</ymin><xmax>222</xmax><ymax>128</ymax></bndbox></object><object><name>proposal</name><bndbox><xmin>295</xmin><ymin>267</ymin><xmax>217</xmax><ymax>130</ymax></bndbox></object><object><name>proposal</name><bndbox><xmin>240</xmin><ymin>241</ymin><xmax>262</xmax><ymax>199</ymax></bndbox></object><object><name>proposal</name><bndbox><xmin>304</xmin><ymin>272</ymin><xmax>297</xmax><ymax>143</ymax></bndbox></object><object><name>proposal</name><bndbox><xmin>240</xmin><ymin>201</ymin><xmax>127</xmax><ymax>179</ymax></bndbox></object><object><name>proposal</name><bndbox><xmin>310</xmin><ymin>272</ymin><xmax>222</xmax><ymax>139</ymax></bndbox></object><object><name>proposal</name><bndbox><xmin>240</xmin><ymin>241</ymin><xmax>289</xmax><ymax>157</ymax></bndbox></object><object><name>proposal</name><bndbox><xmin>387</xmin><ymin>263</ymin><xmax>228</xmax><ymax>151</ymax></bndbox></object><object><name>proposal</name><bndbox><xmin>249</xmin><ymin>256</ymin><xmax>226</xmax><ymax>132</ymax></bndbox></object><object><name>proposal</name><bndbox><xmin>359</xmin><ymin>273</ymin><xmax>92</xmax><ymax>87</ymax></bndbox></object><object><name>proposal</name><bndbox><xmin>260</xmin><ymin>120</ymin><xmax>414</xmax><ymax>314</ymax></bndbox></object><object><name>proposal</name><bndbox><xmin>296</xmin><ymin>307</ymin><xmax>97</xmax><ymax>68</ymax></bndbox></object><object><name>proposal</name><bndbox><xmin>287</xmin><ymin>266</ymin><xmax>244</xmax><ymax>145</ymax></bndbox></object><object><name>proposal</name><bndbox><xmin>203</xmin><ymin>202</ymin><xmax>326</xmax><ymax>238</ymax></bndbox></object><object><name>proposal</name><bndbox><xmin>260</xmin><ymin>131</ymin><xmax>414</xmax><ymax>280</ymax></bndbox></object><object><name>proposal</name><bndbox><xmin>203</xmin><ymin>202</ymin><xmax>326</xmax><ymax>196</ymax></bndbox></object><object><name>proposal</name><bndbox><xmin>310</xmin><ymin>272</ymin><xmax>291</xmax><ymax>162</ymax></bndbox></object><object><name>proposal</name><bndbox><xmin>204</xmin><ymin>201</ymin><xmax>219</xmax><ymax>183</ymax></bndbox></object><object><name>proposal</name><bndbox><xmin>247</xmin><ymin>232</ymin><xmax>155</xmax><ymax>133</ymax></bndbox></object><object><name>proposal</name><bndbox><xmin>203</xmin><ymin>88</ymin><xmax>438</xmax><ymax>352</ymax></bndbox></object><object><name>proposal</name><bndbox><xmin>280</xmin><ymin>253</ymin><xmax>251</xmax><ymax>158</ymax></bndbox></object><object><name>proposal</name><bndbox><xmin>204</xmin><ymin>131</ymin><xmax>416</xmax><ymax>334</ymax></bndbox></object><object><name>proposal</name><bndbox><xmin>310</xmin><ymin>266</ymin><xmax>192</xmax><ymax>131</ymax></bndbox></object><object><name>proposal</name><bndbox><xmin>247</xmin><ymin>185</ymin><xmax>508</xmax><ymax>292</ymax></bndbox></object><object><name>proposal</name><bndbox><xmin>296</xmin><ymin>311</ymin><xmax>235</xmax><ymax>100</ymax></bndbox></object><object><name>proposal</name><bndbox><xmin>316</xmin><ymin>266</ymin><xmax>216</xmax><ymax>145</ymax></bndbox></object><object><name>proposal</name><bndbox><xmin>296</xmin><ymin>307</ymin><xmax>235</xmax><ymax>104</ymax></bndbox></object><object><name>proposal</name><bndbox><xmin>249</xmin><ymin>266</ymin><xmax>281</xmax><ymax>174</ymax></bndbox></object><object><name>proposal</name><bndbox><xmin>319</xmin><ymin>266</ymin><xmax>213</xmax><ymax>134</ymax></bndbox></object><object><name>proposal</name><bndbox><xmin>260</xmin><ymin>141</ymin><xmax>387</xmax><ymax>255</ymax></bndbox></object><object><name>proposal</name><bndbox><xmin>287</xmin><ymin>266</ymin><xmax>215</xmax><ymax>145</ymax></bndbox></object><object><name>proposal</name><bndbox><xmin>204</xmin><ymin>201</ymin><xmax>240</xmax><ymax>164</ymax></bndbox></object><object><name>proposal</name><bndbox><xmin>319</xmin><ymin>266</ymin><xmax>183</xmax><ymax>131</ymax></bndbox></object><object><name>proposal</name><bndbox><xmin>363</xmin><ymin>256</ymin><xmax>81</xmax><ymax>97</ymax></bndbox></object><object><name>proposal</name><bndbox><xmin>310</xmin><ymin>272</ymin><xmax>192</xmax><ymax>139</ymax></bndbox></object><object><name>proposal</name><bndbox><xmin>260</xmin><ymin>120</ymin><xmax>387</xmax><ymax>276</ymax></bndbox></object><object><name>proposal</name><bndbox><xmin>260</xmin><ymin>141</ymin><xmax>360</xmax><ymax>255</ymax></bndbox></object><object><name>proposal</name><bndbox><xmin>331</xmin><ymin>267</ymin><xmax>120</xmax><ymax>114</ymax></bndbox></object><object><name>proposal</name><bndbox><xmin>359</xmin><ymin>273</ymin><xmax>139</xmax><ymax>111</ymax></bndbox></object><object><name>proposal</name><bndbox><xmin>233</xmin><ymin>131</ymin><xmax>388</xmax><ymax>286</ymax></bndbox></object><object><name>proposal</name><bndbox><xmin>295</xmin><ymin>272</ymin><xmax>109</xmax><ymax>102</ymax></bndbox></object><object><name>proposal</name><bndbox><xmin>303</xmin><ymin>265</ymin><xmax>199</xmax><ymax>146</ymax></bndbox></object><object><name>proposal</name><bndbox><xmin>260</xmin><ymin>120</ymin><xmax>489</xmax><ymax>276</ymax></bndbox></object><object><name>proposal</name><bndbox><xmin>233</xmin><ymin>130</ymin><xmax>388</xmax><ymax>335</ymax></bndbox></object><object><name>proposal</name><bndbox><xmin>331</xmin><ymin>267</ymin><xmax>73</xmax><ymax>100</ymax></bndbox></object><object><name>proposal</name><bndbox><xmin>249</xmin><ymin>256</ymin><xmax>281</xmax><ymax>142</ymax></bndbox></object><object><name>proposal</name><bndbox><xmin>240</xmin><ymin>241</ymin><xmax>262</xmax><ymax>157</ymax></bndbox></object><object><name>proposal</name><bndbox><xmin>295</xmin><ymin>272</ymin><xmax>125</xmax><ymax>102</ymax></bndbox></object><object><name>proposal</name><bndbox><xmin>353</xmin><ymin>273</ymin><xmax>81</xmax><ymax>85</ymax></bndbox></object><object><name>proposal</name><bndbox><xmin>249</xmin><ymin>266</ymin><xmax>281</xmax><ymax>132</ymax></bndbox></object><object><name>proposal</name><bndbox><xmin>287</xmin><ymin>207</ymin><xmax>224</xmax><ymax>107</ymax></bndbox></object><object><name>proposal</name><bndbox><xmin>361</xmin><ymin>267</ymin><xmax>90</xmax><ymax>114</ymax></bndbox></object><object><name>proposal</name><bndbox><xmin>280</xmin><ymin>253</ymin><xmax>222</xmax><ymax>214</ymax></bndbox></object><object><name>proposal</name><bndbox><xmin>310</xmin><ymin>272</ymin><xmax>192</xmax><ymax>125</ymax></bndbox></object><object><name>proposal</name><bndbox><xmin>295</xmin><ymin>272</ymin><xmax>207</xmax><ymax>195</ymax></bndbox></object><object><name>proposal</name><bndbox><xmin>296</xmin><ymin>272</ymin><xmax>206</xmax><ymax>126</ymax></bndbox></object><object><name>proposal</name><bndbox><xmin>359</xmin><ymin>273</ymin><xmax>193</xmax><ymax>125</ymax></bndbox></object><object><name>proposal</name><bndbox><xmin>295</xmin><ymin>266</ymin><xmax>207</xmax><ymax>131</ymax></bndbox></object><object><name>proposal</name><bndbox><xmin>295</xmin><ymin>272</ymin><xmax>126</xmax><ymax>195</ymax></bndbox></object><object><name>proposal</name><bndbox><xmin>310</xmin><ymin>272</ymin><xmax>219</xmax><ymax>162</ymax></bndbox></object><object><name>proposal</name><bndbox><xmin>353</xmin><ymin>273</ymin><xmax>98</xmax><ymax>88</ymax></bndbox></object><object><name>proposal</name><bndbox><xmin>304</xmin><ymin>265</ymin><xmax>297</xmax><ymax>169</ymax></bndbox></object><object><name>proposal</name><bndbox><xmin>310</xmin><ymin>265</ymin><xmax>222</xmax><ymax>146</ymax></bndbox></object></annotation>