<annotation><folder>Proposals</folder><filename>img-8.jpg</filename><size><width>720</width><height>720</height><depth>3</depth></size><object><name>proposal</name><bndbox><xmin>223</xmin><ymin>332</ymin><xmax>199</xmax><ymax>231</ymax></bndbox></object><object><name>proposal</name><bndbox><xmin>454</xmin><ymin>324</ymin><xmax>100</xmax><ymax>90</ymax></bndbox></object><object><name>proposal</name><bndbox><xmin>324</xmin><ymin>364</ymin><xmax>184</xmax><ymax>108</ymax></bndbox></object><object><name>proposal</name><bndbox><xmin>194</xmin><ymin>348</ymin><xmax>314</xmax><ymax>125</ymax></bndbox></object><object><name>proposal</name><bndbox><xmin>105</xmin><ymin>347</ymin><xmax>260</xmax><ymax>179</ymax></bndbox></object><object><name>proposal</name><bndbox><xmin>194</xmin><ymin>331</ymin><xmax>235</xmax><ymax>99</ymax></bndbox></object><object><name>proposal</name><bndbox><xmin>332</xmin><ymin>358</ymin><xmax>124</xmax><ymax>95</ymax></bndbox></object><object><name>proposal</name><bndbox><xmin>210</xmin><ymin>209</ymin><xmax>361</xmax><ymax>350</ymax></bndbox></object><object><name>proposal</name><bndbox><xmin>299</xmin><ymin>422</ymin><xmax>125</xmax><ymax>99</ymax></bndbox></object><object><name>proposal</name><bndbox><xmin>421</xmin><ymin>300</ymin><xmax>180</xmax><ymax>118</ymax></bndbox></object><object><name>proposal</name><bndbox><xmin>478</xmin><ymin>323</ymin><xmax>74</xmax><ymax>86</ymax></bndbox></object><object><name>proposal</name><bndbox><xmin>419</xmin><ymin>321</ymin><xmax>129</xmax><ymax>74</ymax></bndbox></object><object><name>proposal</name><bndbox><xmin>255</xmin><ymin>429</ymin><xmax>150</xmax><ymax>96</ymax></bndbox></object><object><name>proposal</name><bndbox><xmin>131</xmin><ymin>303</ymin><xmax>227</xmax><ymax>143</ymax></bndbox></object><object><name>proposal</name><bndbox><xmin>481</xmin><ymin>299</ymin><xmax>90</xmax><ymax>135</ymax></bndbox></object><object><name>proposal</name><bndbox><xmin>74</xmin><ymin>211</ymin><xmax>391</xmax><ymax>315</ymax></bndbox></object><object><name>proposal</name><bndbox><xmin>326</xmin><ymin>364</ymin><xmax>182</xmax><ymax>99</ymax></bndbox></object><object><name>proposal</name><bndbox><xmin>233</xmin><ymin>444</ymin><xmax>194</xmax><ymax>111</ymax></bndbox></object><object><name>proposal</name><bndbox><xmin>425</xmin><ymin>256</ymin><xmax>215</xmax><ymax>117</ymax></bndbox></object><object><name>proposal</name><bndbox><xmin>289</xmin><ymin>281</ymin><xmax>236</xmax><ymax>96</ymax></bndbox></object><object><name>proposal</name><bndbox><xmin>284</xmin><ymin>281</ymin><xmax>270</xmax><ymax>90</ymax></bndbox></object><object><name>proposal</name><bndbox><xmin>464</xmin><ymin>299</ymin><xmax>139</xmax><ymax>127</ymax></bndbox></object><object><name>proposal</name><bndbox><xmin>198</xmin><ymin>402</ymin><xmax>259</xmax><ymax>285</ymax></bndbox></object><object><name>proposal</name><bndbox><xmin>230</xmin><ymin>358</ymin><xmax>341</xmax><ymax>204</ymax></bndbox></object><object><name>proposal</name><bndbox><xmin>410</xmin><ymin>300</ymin><xmax>191</xmax><ymax>98</ymax></bndbox></object><object><name>proposal</name><bndbox><xmin>326</xmin><ymin>364</ymin><xmax>182</xmax><ymax>69</ymax></bndbox></object><object><name>proposal</name><bndbox><xmin>131</xmin><ymin>281</ymin><xmax>449</xmax><ymax>281</ymax></bndbox></object><object><name>proposal</name><bndbox><xmin>408</xmin><ymin>355</ymin><xmax>114</xmax><ymax>110</ymax></bndbox></object><object><name>proposal</name><bndbox><xmin>462</xmin><ymin>333</ymin><xmax>109</xmax><ymax>85</ymax></bndbox></object><object><name>proposal</name><bndbox><xmin>328</xmin><ymin>392</ymin><xmax>175</xmax><ymax>81</ymax></bndbox></object><object><name>proposal</name><bndbox><xmin>289</xmin><ymin>246</ymin><xmax>339</xmax><ymax>151</ymax></bndbox></object><object><name>proposal</name><bndbox><xmin>99</xmin><ymin>343</ymin><xmax>327</xmax><ymax>183</ymax></bndbox></object><object><name>proposal</name><bndbox><xmin>131</xmin><ymin>336</ymin><xmax>341</xmax><ymax>119</ymax></bndbox></object><object><name>proposal</name><bndbox><xmin>335</xmin><ymin>329</ymin><xmax>236</xmax><ymax>222</ymax></bndbox></object><object><name>proposal</name><bndbox><xmin>255</xmin><ymin>437</ymin><xmax>157</xmax><ymax>117</ymax></bndbox></object><object><name>proposal</name><bndbox><xmin>455</xmin><ymin>333</ymin><xmax>85</xmax><ymax>53</ymax></bndbox></object><object><name>proposal</name><bndbox><xmin>211</xmin><ymin>249</ymin><xmax>407</xmax><ymax>399</ymax></bndbox></object><object><name>proposal</name><bndbox><xmin>234</xmin><ymin>406</ymin><xmax>105</xmax><ymax>102</ymax></bndbox></object><object><name>proposal</name><bndbox><xmin>309</xmin><ymin>336</ymin><xmax>255</xmax><ymax>213</ymax></bndbox></object><object><name>proposal</name><bndbox><xmin>421</xmin><ymin>325</ymin><xmax>127</xmax><ymax>61</ymax></bndbox></object><object><name>proposal</name><bndbox><xmin>428</xmin><ymin>256</ymin><xmax>203</xmax><ymax>121</ymax></bndbox></object><object><name>proposal</name><bndbox><xmin>333</xmin><ymin>376</ymin><xmax>134</xmax><ymax>91</ymax></bndbox></object><object><name>proposal</name><bndbox><xmin>315</xmin><ymin>422</ymin><xmax>118</xmax><ymax>68</ymax></bndbox></object><object><name>proposal</name><bndbox><xmin>230</xmin><ymin>353</ymin><xmax>278</xmax><ymax>142</ymax></bndbox></object><object><name>proposal</name><bndbox><xmin>188</xmin><ymin>386</ymin><xmax>235</xmax><ymax>69</ymax></bndbox></object><object><name>proposal</name><bndbox><xmin>379</xmin><ymin>280</ymin><xmax>175</xmax><ymax>96</ymax></bndbox></object><object><name>proposal</name><bndbox><xmin>271</xmin><ymin>313</ymin><xmax>261</xmax><ymax>288</ymax></bndbox></object><object><name>proposal</name><bndbox><xmin>271</xmin><ymin>386</ymin><xmax>152</xmax><ymax>52</ymax></bndbox></object><object><name>proposal</name><bndbox><xmin>419</xmin><ymin>321</ymin><xmax>81</xmax><ymax>58</ymax></bndbox></object><object><name>proposal</name><bndbox><xmin>226</xmin><ymin>355</ymin><xmax>354</xmax><ymax>207</ymax></bndbox></object><object><name>proposal</name><bndbox><xmin>227</xmin><ymin>356</ymin><xmax>195</xmax><ymax>85</ymax></bndbox></object><object><name>proposal</name><bndbox><xmin>105</xmin><ymin>400</ymin><xmax>231</xmax><ymax>131</ymax></bndbox></object><object><name>proposal</name><bndbox><xmin>104</xmin><ymin>271</ymin><xmax>499</xmax><ymax>320</ymax></bndbox></object><object><name>proposal</name><bndbox><xmin>226</xmin><ymin>351</ymin><xmax>77</xmax><ymax>90</ymax></bndbox></object><object><name>proposal</name><bndbox><xmin>464</xmin><ymin>336</ymin><xmax>84</xmax><ymax>62</ymax></bndbox></object><object><name>proposal</name><bndbox><xmin>279</xmin><ymin>429</ymin><xmax>136</xmax><ymax>131</ymax></bndbox></object><object><name>proposal</name><bndbox><xmin>194</xmin><ymin>331</ymin><xmax>129</xmax><ymax>99</ymax></bndbox></object><object><name>proposal</name><bndbox><xmin>406</xmin><ymin>306</ymin><xmax>87</xmax><ymax>59</ymax></bndbox></object><object><name>proposal</name><bndbox><xmin>230</xmin><ymin>384</ymin><xmax>278</xmax><ymax>100</ymax></bndbox></object><object><name>proposal</name><bndbox><xmin>304</xmin><ymin>344</ymin><xmax>199</xmax><ymax>111</ymax></bndbox></object><object><name>proposal</name><bndbox><xmin>482</xmin><ymin>325</ymin><xmax>70</xmax><ymax>84</ymax></bndbox></object><object><name>proposal</name><bndbox><xmin>304</xmin><ymin>344</ymin><xmax>125</xmax><ymax>97</ymax></bndbox></object><object><name>proposal</name><bndbox><xmin>203</xmin><ymin>343</ymin><xmax>304</xmax><ymax>248</ymax></bndbox></object><object><name>proposal</name><bndbox><xmin>167</xmin><ymin>411</ymin><xmax>324</xmax><ymax>186</ymax></bndbox></object><object><name>proposal</name><bndbox><xmin>163</xmin><ymin>332</ymin><xmax>345</xmax><ymax>174</ymax></bndbox></object><object><name>proposal</name><bndbox><xmin>421</xmin><ymin>322</ymin><xmax>139</xmax><ymax>96</ymax></bndbox></object><object><name>proposal</name><bndbox><xmin>194</xmin><ymin>331</ymin><xmax>370</xmax><ymax>276</ymax></bndbox></object><object><name>proposal</name><bndbox><xmin>230</xmin><ymin>354</ymin><xmax>339</xmax><ymax>199</ymax></bndbox></object><object><name>proposal</name><bndbox><xmin>240</xmin><ymin>409</ymin><xmax>263</xmax><ymax>146</ymax></bndbox></object><object><name>proposal</name><bndbox><xmin>276</xmin><ymin>354</ymin><xmax>288</xmax><ymax>199</ymax></bndbox></object><object><name>proposal</name><bndbox><xmin>163</xmin><ymin>332</ymin><xmax>266</xmax><ymax>100</ymax></bndbox></object><object><name>proposal</name><bndbox><xmin>404</xmin><ymin>246</ymin><xmax>224</xmax><ymax>237</ymax></bndbox></object><object><name>proposal</name><bndbox><xmin>470</xmin><ymin>370</ymin><xmax>101</xmax><ymax>48</ymax></bndbox></object><object><name>proposal</name><bndbox><xmin>466</xmin><ymin>323</ymin><xmax>86</xmax><ymax>86</ymax></bndbox></object><object><name>proposal</name><bndbox><xmin>299</xmin><ymin>433</ymin><xmax>125</xmax><ymax>88</ymax></bndbox></object><object><name>proposal</name><bndbox><xmin>316</xmin><ymin>384</ymin><xmax>192</xmax><ymax>176</ymax></bndbox></object><object><name>proposal</name><bndbox><xmin>335</xmin><ymin>336</ymin><xmax>121</xmax><ymax>118</ymax></bndbox></object><object><name>proposal</name><bndbox><xmin>230</xmin><ymin>434</ymin><xmax>182</xmax><ymax>120</ymax></bndbox></object><object><name>proposal</name><bndbox><xmin>203</xmin><ymin>406</ymin><xmax>304</xmax><ymax>185</ymax></bndbox></object><object><name>proposal</name><bndbox><xmin>410</xmin><ymin>306</ymin><xmax>161</xmax><ymax>112</ymax></bndbox></object><object><name>proposal</name><bndbox><xmin>172</xmin><ymin>331</ymin><xmax>257</xmax><ymax>99</ymax></bndbox></object><object><name>proposal</name><bndbox><xmin>421</xmin><ymin>325</ymin><xmax>150</xmax><ymax>93</ymax></bndbox></object><object><name>proposal</name><bndbox><xmin>299</xmin><ymin>424</ymin><xmax>185</xmax><ymax>138</ymax></bndbox></object><object><name>proposal</name><bndbox><xmin>289</xmin><ymin>271</ymin><xmax>232</xmax><ymax>276</ymax></bndbox></object><object><name>proposal</name><bndbox><xmin>84</xmin><ymin>266</ymin><xmax>487</xmax><ymax>331</ymax></bndbox></object><object><name>proposal</name><bndbox><xmin>278</xmin><ymin>414</ymin><xmax>104</xmax><ymax>81</ymax></bndbox></object><object><name>proposal</name><bndbox><xmin>282</xmin><ymin>234</ymin><xmax>298</xmax><ymax>231</ymax></bndbox></object><object><name>proposal</name><bndbox><xmin>216</xmin><ymin>358</ymin><xmax>291</xmax><ymax>241</ymax></bndbox></object><object><name>proposal</name><bndbox><xmin>455</xmin><ymin>333</ymin><xmax>112</xmax><ymax>94</ymax></bndbox></object><object><name>proposal</name><bndbox><xmin>406</xmin><ymin>306</ymin><xmax>196</xmax><ymax>121</ymax></bndbox></object><object><name>proposal</name><bndbox><xmin>479</xmin><ymin>333</ymin><xmax>92</xmax><ymax>85</ymax></bndbox></object><object><name>proposal</name><bndbox><xmin>167</xmin><ymin>376</ymin><xmax>259</xmax><ymax>221</ymax></bndbox></object><object><name>proposal</name><bndbox><xmin>84</xmin><ymin>271</ymin><xmax>441</xmax><ymax>320</ymax></bndbox></object><object><name>proposal</name><bndbox><xmin>133</xmin><ymin>282</ymin><xmax>409</xmax><ymax>175</ymax></bndbox></object><object><name>proposal</name><bndbox><xmin>329</xmin><ymin>373</ymin><xmax>138</xmax><ymax>94</ymax></bndbox></object><object><name>proposal</name><bndbox><xmin>194</xmin><ymin>343</ymin><xmax>290</xmax><ymax>98</ymax></bndbox></object><object><name>proposal</name><bndbox><xmin>216</xmin><ymin>353</ymin><xmax>292</xmax><ymax>227</ymax></bndbox></object><object><name>proposal</name><bndbox><xmin>0</xmin><ymin>336</ymin><xmax>530</xmax><ymax>292</ymax></bndbox></object><object><name>proposal</name><bndbox><xmin>335</xmin><ymin>371</ymin><xmax>173</xmax><ymax>92</ymax></bndbox></object><object><name>proposal</name><bndbox><xmin>335</xmin><ymin>373</ymin><xmax>172</xmax><ymax>97</ymax></bndbox></object><object><name>proposal</name><bndbox><xmin>380</xmin><ymin>216</ymin><xmax>205</xmax><ymax>202</ymax></bndbox></object><object><name>proposal</name><bndbox><xmin>73</xmin><ymin>343</ymin><xmax>497</xmax><ymax>305</ymax></bndbox></object><object><name>proposal</name><bndbox><xmin>105</xmin><ymin>289</ymin><xmax>427</xmax><ymax>312</ymax></bndbox></object><object><name>proposal</name><bndbox><xmin>223</xmin><ymin>332</ymin><xmax>199</xmax><ymax>109</ymax></bndbox></object><object><name>proposal</name><bndbox><xmin>387</xmin><ymin>336</ymin><xmax>182</xmax><ymax>211</ymax></bndbox></object><object><name>proposal</name><bndbox><xmin>278</xmin><ymin>344</ymin><xmax>225</xmax><ymax>151</ymax></bndbox></object><object><name>proposal</name><bndbox><xmin>131</xmin><ymin>289</ymin><xmax>227</xmax><ymax>167</ymax></bndbox></object><object><name>proposal</name><bndbox><xmin>194</xmin><ymin>331</ymin><xmax>161</xmax><ymax>110</ymax></bndbox></object><object><name>proposal</name><bndbox><xmin>425</xmin><ymin>256</ymin><xmax>293</xmax><ymax>194</ymax></bndbox></object><object><name>proposal</name><bndbox><xmin>223</xmin><ymin>332</ymin><xmax>199</xmax><ymax>121</ymax></bndbox></object><object><name>proposal</name><bndbox><xmin>99</xmin><ymin>343</ymin><xmax>471</xmax><ymax>213</ymax></bndbox></object><object><name>proposal</name><bndbox><xmin>133</xmin><ymin>282</ymin><xmax>426</xmax><ymax>175</ymax></bndbox></object><object><name>proposal</name><bndbox><xmin>328</xmin><ymin>392</ymin><xmax>131</xmax><ymax>68</ymax></bndbox></object><object><name>proposal</name><bndbox><xmin>172</xmin><ymin>331</ymin><xmax>183</xmax><ymax>110</ymax></bndbox></object><object><name>proposal</name><bndbox><xmin>230</xmin><ymin>411</ymin><xmax>227</xmax><ymax>73</ymax></bndbox></object><object><name>proposal</name><bndbox><xmin>194</xmin><ymin>331</ymin><xmax>375</xmax><ymax>218</ymax></bndbox></object><object><name>proposal</name><bndbox><xmin>360</xmin><ymin>358</ymin><xmax>148</xmax><ymax>115</ymax></bndbox></object><object><name>proposal</name><bndbox><xmin>426</xmin><ymin>329</ymin><xmax>71</xmax><ymax>54</ymax></bndbox></object><object><name>proposal</name><bndbox><xmin>482</xmin><ymin>369</ymin><xmax>89</xmax><ymax>57</ymax></bndbox></object><object><name>proposal</name><bndbox><xmin>289</xmin><ymin>271</ymin><xmax>281</xmax><ymax>212</ymax></bndbox></object><object><name>proposal</name><bndbox><xmin>105</xmin><ymin>350</ymin><xmax>260</xmax><ymax>182</ymax></bndbox></object><object><name>proposal</name><bndbox><xmin>404</xmin><ymin>323</ymin><xmax>167</xmax><ymax>160</ymax></bndbox></object><object><name>proposal</name><bndbox><xmin>332</xmin><ymin>358</ymin><xmax>176</xmax><ymax>115</ymax></bndbox></object><object><name>proposal</name><bndbox><xmin>163</xmin><ymin>332</ymin><xmax>266</xmax><ymax>109</ymax></bndbox></object><object><name>proposal</name><bndbox><xmin>227</xmin><ymin>281</ymin><xmax>321</xmax><ymax>116</ymax></bndbox></object><object><name>proposal</name><bndbox><xmin>230</xmin><ymin>411</ymin><xmax>99</xmax><ymax>69</ymax></bndbox></object><object><name>proposal</name><bndbox><xmin>376</xmin><ymin>336</ymin><xmax>188</xmax><ymax>213</ymax></bndbox></object><object><name>proposal</name><bndbox><xmin>271</xmin><ymin>328</ymin><xmax>299</xmax><ymax>228</ymax></bndbox></object><object><name>proposal</name><bndbox><xmin>223</xmin><ymin>332</ymin><xmax>342</xmax><ymax>231</ymax></bndbox></object><object><name>proposal</name><bndbox><xmin>410</xmin><ymin>246</ymin><xmax>218</xmax><ymax>172</ymax></bndbox></object><object><name>proposal</name><bndbox><xmin>470</xmin><ymin>367</ymin><xmax>97</xmax><ymax>60</ymax></bndbox></object><object><name>proposal</name><bndbox><xmin>47</xmin><ymin>343</ymin><xmax>379</xmax><ymax>408</ymax></bndbox></object><object><name>proposal</name><bndbox><xmin>470</xmin><ymin>333</ymin><xmax>82</xmax><ymax>62</ymax></bndbox></object><object><name>proposal</name><bndbox><xmin>454</xmin><ymin>301</ymin><xmax>168</xmax><ymax>108</ymax></bndbox></object><object><name>proposal</name><bndbox><xmin>406</xmin><ymin>306</ymin><xmax>161</xmax><ymax>99</ymax></bndbox></object><object><name>proposal</name><bndbox><xmin>458</xmin><ymin>300</ymin><xmax>84</xmax><ymax>53</ymax></bndbox></object><object><name>proposal</name><bndbox><xmin>230</xmin><ymin>364</ymin><xmax>278</xmax><ymax>131</ymax></bndbox></object><object><name>proposal</name><bndbox><xmin>105</xmin><ymin>343</ymin><xmax>318</xmax><ymax>183</ymax></bndbox></object><object><name>proposal</name><bndbox><xmin>194</xmin><ymin>300</ymin><xmax>434</xmax><ymax>307</ymax></bndbox></object><object><name>proposal</name><bndbox><xmin>417</xmin><ymin>371</ymin><xmax>90</xmax><ymax>94</ymax></bndbox></object><object><name>proposal</name><bndbox><xmin>230</xmin><ymin>373</ymin><xmax>278</xmax><ymax>111</ymax></bndbox></object><object><name>proposal</name><bndbox><xmin>194</xmin><ymin>331</ymin><xmax>309</xmax><ymax>164</ymax></bndbox></object><object><name>proposal</name><bndbox><xmin>461</xmin><ymin>246</ymin><xmax>161</xmax><ymax>149</ymax></bndbox></object><object><name>proposal</name><bndbox><xmin>335</xmin><ymin>373</ymin><xmax>173</xmax><ymax>99</ymax></bndbox></object><object><name>proposal</name><bndbox><xmin>0</xmin><ymin>386</ymin><xmax>423</xmax><ymax>242</ymax></bndbox></object><object><name>proposal</name><bndbox><xmin>410</xmin><ymin>300</ymin><xmax>191</xmax><ymax>118</ymax></bndbox></object><object><name>proposal</name><bndbox><xmin>230</xmin><ymin>411</ymin><xmax>130</xmax><ymax>84</ymax></bndbox></object><object><name>proposal</name><bndbox><xmin>105</xmin><ymin>347</ymin><xmax>318</xmax><ymax>179</ymax></bndbox></object><object><name>proposal</name><bndbox><xmin>325</xmin><ymin>366</ymin><xmax>136</xmax><ymax>66</ymax></bndbox></object><object><name>proposal</name><bndbox><xmin>172</xmin><ymin>331</ymin><xmax>335</xmax><ymax>139</ymax></bndbox></object><object><name>proposal</name><bndbox><xmin>280</xmin><ymin>383</ymin><xmax>228</xmax><ymax>89</ymax></bndbox></object><object><name>proposal</name><bndbox><xmin>229</xmin><ymin>281</ymin><xmax>319</xmax><ymax>116</ymax></bndbox></object><object><name>proposal</name><bndbox><xmin>482</xmin><ymin>336</ymin><xmax>66</xmax><ymax>62</ymax></bndbox></object><object><name>proposal</name><bndbox><xmin>332</xmin><ymin>281</ymin><xmax>193</xmax><ymax>84</ymax></bndbox></object><object><name>proposal</name><bndbox><xmin>324</xmin><ymin>364</ymin><xmax>161</xmax><ymax>93</ymax></bndbox></object><object><name>proposal</name><bndbox><xmin>230</xmin><ymin>411</ymin><xmax>110</xmax><ymax>95</ymax></bndbox></object><object><name>proposal</name><bndbox><xmin>105</xmin><ymin>346</ymin><xmax>188</xmax><ymax>176</ymax></bndbox></object><object><name>proposal</name><bndbox><xmin>454</xmin><ymin>299</ymin><xmax>174</xmax><ymax>105</ymax></bndbox></object><object><name>proposal</name><bndbox><xmin>318</xmin><ymin>329</ymin><xmax>247</xmax><ymax>222</ymax></bndbox></object><object><name>proposal</name><bndbox><xmin>230</xmin><ymin>434</ymin><xmax>182</xmax><ymax>129</ymax></bndbox></object><object><name>proposal</name><bndbox><xmin>73</xmin><ymin>343</ymin><xmax>435</xmax><ymax>186</ymax></bndbox></object><object><name>proposal</name><bndbox><xmin>194</xmin><ymin>348</ymin><xmax>194</xmax><ymax>85</ymax></bndbox></object><object><name>proposal</name><bndbox><xmin>317</xmin><ymin>281</ymin><xmax>208</xmax><ymax>89</ymax></bndbox></object><object><name>proposal</name><bndbox><xmin>328</xmin><ymin>358</ymin><xmax>131</xmax><ymax>102</ymax></bndbox></object><object><name>proposal</name><bndbox><xmin>324</xmin><ymin>353</ymin><xmax>184</xmax><ymax>120</ymax></bndbox></object><object><name>proposal</name><bndbox><xmin>131</xmin><ymin>336</ymin><xmax>341</xmax><ymax>110</ymax></bndbox></object><object><name>proposal</name><bndbox><xmin>490</xmin><ymin>323</ymin><xmax>58</xmax><ymax>64</ymax></bndbox></object><object><name>proposal</name><bndbox><xmin>465</xmin><ymin>333</ymin><xmax>75</xmax><ymax>53</ymax></bndbox></object><object><name>proposal</name><bndbox><xmin>387</xmin><ymin>336</ymin><xmax>177</xmax><ymax>211</ymax></bndbox></object><object><name>proposal</name><bndbox><xmin>133</xmin><ymin>282</ymin><xmax>438</xmax><ymax>175</ymax></bndbox></object><object><name>proposal</name><bndbox><xmin>168</xmin><ymin>406</ymin><xmax>247</xmax><ymax>243</ymax></bndbox></object><object><name>proposal</name><bndbox><xmin>249</xmin><ymin>358</ymin><xmax>322</xmax><ymax>201</ymax></bndbox></object><object><name>proposal</name><bndbox><xmin>405</xmin><ymin>355</ymin><xmax>147</xmax><ymax>93</ymax></bndbox></object><object><name>proposal</name><bndbox><xmin>410</xmin><ymin>300</ymin><xmax>218</xmax><ymax>118</ymax></bndbox></object><object><name>proposal</name><bndbox><xmin>458</xmin><ymin>300</ymin><xmax>96</xmax><ymax>53</ymax></bndbox></object><object><name>proposal</name><bndbox><xmin>324</xmin><ymin>364</ymin><xmax>184</xmax><ymax>109</ymax></bndbox></object><object><name>proposal</name><bndbox><xmin>105</xmin><ymin>343</ymin><xmax>262</xmax><ymax>188</ymax></bndbox></object><object><name>proposal</name><bndbox><xmin>335</xmin><ymin>372</ymin><xmax>173</xmax><ymax>101</ymax></bndbox></object><object><name>proposal</name><bndbox><xmin>194</xmin><ymin>332</ymin><xmax>235</xmax><ymax>100</ymax></bndbox></object><object><name>proposal</name><bndbox><xmin>406</xmin><ymin>306</ymin><xmax>134</xmax><ymax>80</ymax></bndbox></object><object><name>proposal</name><bndbox><xmin>335</xmin><ymin>373</ymin><xmax>173</xmax><ymax>90</ymax></bndbox></object><object><name>proposal</name><bndbox><xmin>278</xmin><ymin>402</ymin><xmax>179</xmax><ymax>75</ymax></bndbox></object><object><name>proposal</name><bndbox><xmin>105</xmin><ymin>350</ymin><xmax>198</xmax><ymax>107</ymax></bndbox></object><object><name>proposal</name><bndbox><xmin>191</xmin><ymin>262</ymin><xmax>378</xmax><ymax>329</ymax></bndbox></object><object><name>proposal</name><bndbox><xmin>454</xmin><ymin>325</ymin><xmax>100</xmax><ymax>87</ymax></bndbox></object><object><name>proposal</name><bndbox><xmin>289</xmin><ymin>271</ymin><xmax>312</xmax><ymax>212</ymax></bndbox></object><object><name>proposal</name><bndbox><xmin>216</xmin><ymin>364</ymin><xmax>287</xmax><ymax>235</ymax></bndbox></object><object><name>proposal</name><bndbox><xmin>47</xmin><ymin>343</ymin><xmax>379</xmax><ymax>415</ymax></bndbox></object><object><name>proposal</name><bndbox><xmin>464</xmin><ymin>339</ymin><xmax>107</xmax><ymax>79</ymax></bndbox></object><object><name>proposal</name><bndbox><xmin>326</xmin><ymin>364</ymin><xmax>141</xmax><ymax>68</ymax></bndbox></object><object><name>proposal</name><bndbox><xmin>230</xmin><ymin>411</ymin><xmax>186</xmax><ymax>83</ymax></bndbox></object><object><name>proposal</name><bndbox><xmin>324</xmin><ymin>364</ymin><xmax>161</xmax><ymax>91</ymax></bndbox></object><object><name>proposal</name><bndbox><xmin>210</xmin><ymin>191</ymin><xmax>361</xmax><ymax>364</ymax></bndbox></object><object><name>proposal</name><bndbox><xmin>408</xmin><ymin>355</ymin><xmax>114</xmax><ymax>93</ymax></bndbox></object><object><name>proposal</name><bndbox><xmin>252</xmin><ymin>385</ymin><xmax>115</xmax><ymax>74</ymax></bndbox></object><object><name>proposal</name><bndbox><xmin>84</xmin><ymin>266</ymin><xmax>338</xmax><ymax>266</ymax></bndbox></object><object><name>proposal</name><bndbox><xmin>230</xmin><ymin>395</ymin><xmax>278</xmax><ymax>100</ymax></bndbox></object><object><name>proposal</name><bndbox><xmin>335</xmin><ymin>373</ymin><xmax>121</xmax><ymax>81</ymax></bndbox></object><object><name>proposal</name><bndbox><xmin>211</xmin><ymin>289</ymin><xmax>147</xmax><ymax>152</ymax></bndbox></object><object><name>proposal</name><bndbox><xmin>332</xmin><ymin>281</ymin><xmax>210</xmax><ymax>84</ymax></bndbox></object><object><name>proposal</name><bndbox><xmin>250</xmin><ymin>356</ymin><xmax>172</xmax><ymax>97</ymax></bndbox></object><object><name>proposal</name><bndbox><xmin>482</xmin><ymin>323</ymin><xmax>89</xmax><ymax>112</ymax></bndbox></object><object><name>proposal</name><bndbox><xmin>150</xmin><ymin>273</ymin><xmax>409</xmax><ymax>222</ymax></bndbox></object><object><name>proposal</name><bndbox><xmin>464</xmin><ymin>174</ymin><xmax>135</xmax><ymax>221</ymax></bndbox></object><object><name>proposal</name><bndbox><xmin>204</xmin><ymin>354</ymin><xmax>360</xmax><ymax>253</ymax></bndbox></object><object><name>proposal</name><bndbox><xmin>410</xmin><ymin>246</ymin><xmax>218</xmax><ymax>136</ymax></bndbox></object><object><name>proposal</name><bndbox><xmin>230</xmin><ymin>411</ymin><xmax>99</xmax><ymax>74</ymax></bndbox></object><object><name>proposal</name><bndbox><xmin>433</xmin><ymin>323</ymin><xmax>115</xmax><ymax>64</ymax></bndbox></object><object><name>proposal</name><bndbox><xmin>271</xmin><ymin>358</ymin><xmax>299</xmax><ymax>198</ymax></bndbox></object><object><name>proposal</name><bndbox><xmin>427</xmin><ymin>336</ymin><xmax>121</xmax><ymax>50</ymax></bndbox></object><object><name>proposal</name><bndbox><xmin>482</xmin><ymin>323</ymin><xmax>70</xmax><ymax>86</ymax></bndbox></object><object><name>proposal</name><bndbox><xmin>310</xmin><ymin>336</ymin><xmax>220</xmax><ymax>112</ymax></bndbox></object><object><name>proposal</name><bndbox><xmin>194</xmin><ymin>331</ymin><xmax>313</xmax><ymax>129</ymax></bndbox></object><object><name>proposal</name><bndbox><xmin>105</xmin><ymin>350</ymin><xmax>324</xmax><ymax>176</ymax></bndbox></object><object><name>proposal</name><bndbox><xmin>402</xmin><ymin>282</ymin><xmax>226</xmax><ymax>136</ymax></bndbox></object><object><name>proposal</name><bndbox><xmin>223</xmin><ymin>343</ymin><xmax>262</xmax><ymax>85</ymax></bndbox></object><object><name>proposal</name><bndbox><xmin>454</xmin><ymin>333</ymin><xmax>98</xmax><ymax>76</ymax></bndbox></object><object><name>proposal</name><bndbox><xmin>318</xmin><ymin>376</ymin><xmax>108</xmax><ymax>84</ymax></bndbox></object><object><name>proposal</name><bndbox><xmin>289</xmin><ymin>281</ymin><xmax>259</xmax><ymax>96</ymax></bndbox></object><object><name>proposal</name><bndbox><xmin>230</xmin><ymin>411</ymin><xmax>186</xmax><ymax>114</ymax></bndbox></object><object><name>proposal</name><bndbox><xmin>194</xmin><ymin>246</ymin><xmax>428</xmax><ymax>345</ymax></bndbox></object><object><name>proposal</name><bndbox><xmin>194</xmin><ymin>348</ymin><xmax>169</xmax><ymax>93</ymax></bndbox></object><object><name>proposal</name><bndbox><xmin>271</xmin><ymin>313</ymin><xmax>152</xmax><ymax>125</ymax></bndbox></object><object><name>proposal</name><bndbox><xmin>328</xmin><ymin>358</ymin><xmax>180</xmax><ymax>115</ymax></bndbox></object><object><name>proposal</name><bndbox><xmin>433</xmin><ymin>323</ymin><xmax>138</xmax><ymax>112</ymax></bndbox></object><object><name>proposal</name><bndbox><xmin>134</xmin><ymin>350</ymin><xmax>169</xmax><ymax>96</ymax></bndbox></object><object><name>proposal</name><bndbox><xmin>482</xmin><ymin>328</ymin><xmax>70</xmax><ymax>73</ymax></bndbox></object><object><name>proposal</name><bndbox><xmin>203</xmin><ymin>410</ymin><xmax>304</xmax><ymax>181</ymax></bndbox></object><object><name>proposal</name><bndbox><xmin>163</xmin><ymin>332</ymin><xmax>274</xmax><ymax>109</ymax></bndbox></object><object><name>proposal</name><bndbox><xmin>328</xmin><ymin>358</ymin><xmax>128</xmax><ymax>102</ymax></bndbox></object><object><name>proposal</name><bndbox><xmin>210</xmin><ymin>191</ymin><xmax>418</xmax><ymax>389</ymax></bndbox></object><object><name>proposal</name><bndbox><xmin>454</xmin><ymin>323</ymin><xmax>105</xmax><ymax>81</ymax></bndbox></object><object><name>proposal</name><bndbox><xmin>230</xmin><ymin>373</ymin><xmax>278</xmax><ymax>121</ymax></bndbox></object><object><name>proposal</name><bndbox><xmin>421</xmin><ymin>299</ymin><xmax>150</xmax><ymax>135</ymax></bndbox></object><object><name>proposal</name><bndbox><xmin>335</xmin><ymin>376</ymin><xmax>173</xmax><ymax>97</ymax></bndbox></object><object><name>proposal</name><bndbox><xmin>482</xmin><ymin>292</ymin><xmax>146</xmax><ymax>89</ymax></bndbox></object><object><name>proposal</name><bndbox><xmin>454</xmin><ymin>299</ymin><xmax>149</xmax><ymax>127</ymax></bndbox></object><object><name>proposal</name><bndbox><xmin>495</xmin><ymin>325</ymin><xmax>57</xmax><ymax>84</ymax></bndbox></object><object><name>proposal</name><bndbox><xmin>408</xmin><ymin>355</ymin><xmax>172</xmax><ymax>135</ymax></bndbox></object><object><name>proposal</name><bndbox><xmin>223</xmin><ymin>343</ymin><xmax>137</xmax><ymax>76</ymax></bndbox></object><object><name>proposal</name><bndbox><xmin>316</xmin><ymin>395</ymin><xmax>192</xmax><ymax>165</ymax></bndbox></object><object><name>proposal</name><bndbox><xmin>427</xmin><ymin>336</ymin><xmax>144</xmax><ymax>82</ymax></bndbox></object><object><name>proposal</name><bndbox><xmin>475</xmin><ymin>357</ymin><xmax>77</xmax><ymax>54</ymax></bndbox></object><object><name>proposal</name><bndbox><xmin>335</xmin><ymin>329</ymin><xmax>230</xmax><ymax>222</ymax></bndbox></object><object><name>proposal</name><bndbox><xmin>482</xmin><ymin>339</ymin><xmax>89</xmax><ymax>87</ymax></bndbox></object><object><name>proposal</name><bndbox><xmin>278</xmin><ymin>376</ymin><xmax>225</xmax><ymax>101</ymax></bndbox></object><object><name>proposal</name><bndbox><xmin>214</xmin><ymin>211</ymin><xmax>233</xmax><ymax>238</ymax></bndbox></object><object><name>proposal</name><bndbox><xmin>222</xmin><ymin>411</ymin><xmax>104</xmax><ymax>84</ymax></bndbox></object><object><name>proposal</name><bndbox><xmin>465</xmin><ymin>333</ymin><xmax>75</xmax><ymax>76</ymax></bndbox></object><object><name>proposal</name><bndbox><xmin>105</xmin><ymin>343</ymin><xmax>260</xmax><ymax>189</ymax></bndbox></object><object><name>proposal</name><bndbox><xmin>194</xmin><ymin>332</ymin><xmax>243</xmax><ymax>109</ymax></bndbox></object><object><name>proposal</name><bndbox><xmin>406</xmin><ymin>256</ymin><xmax>196</xmax><ymax>171</ymax></bndbox></object><object><name>proposal</name><bndbox><xmin>332</xmin><ymin>281</ymin><xmax>222</xmax><ymax>90</ymax></bndbox></object><object><name>proposal</name><bndbox><xmin>405</xmin><ymin>355</ymin><xmax>167</xmax><ymax>246</ymax></bndbox></object><object><name>proposal</name><bndbox><xmin>172</xmin><ymin>331</ymin><xmax>397</xmax><ymax>222</ymax></bndbox></object><object><name>proposal</name><bndbox><xmin>233</xmin><ymin>414</ymin><xmax>194</xmax><ymax>141</ymax></bndbox></object><object><name>proposal</name><bndbox><xmin>84</xmin><ymin>266</ymin><xmax>481</xmax><ymax>285</ymax></bndbox></object><object><name>proposal</name><bndbox><xmin>204</xmin><ymin>429</ymin><xmax>201</xmax><ymax>168</ymax></bndbox></object><object><name>proposal</name><bndbox><xmin>461</xmin><ymin>302</ymin><xmax>141</xmax><ymax>71</ymax></bndbox></object><object><name>proposal</name><bndbox><xmin>210</xmin><ymin>209</ymin><xmax>354</xmax><ymax>350</ymax></bndbox></object><object><name>proposal</name><bndbox><xmin>458</xmin><ymin>300</ymin><xmax>96</xmax><ymax>62</ymax></bndbox></object><object><name>proposal</name><bndbox><xmin>464</xmin><ymin>333</ymin><xmax>88</xmax><ymax>76</ymax></bndbox></object><object><name>proposal</name><bndbox><xmin>333</xmin><ymin>376</ymin><xmax>151</xmax><ymax>91</ymax></bndbox></object><object><name>proposal</name><bndbox><xmin>0</xmin><ymin>350</ymin><xmax>423</xmax><ymax>278</ymax></bndbox></object><object><name>proposal</name><bndbox><xmin>455</xmin><ymin>344</ymin><xmax>116</xmax><ymax>82</ymax></bndbox></object><object><name>proposal</name><bndbox><xmin>324</xmin><ymin>364</ymin><xmax>183</xmax><ymax>97</ymax></bndbox></object><object><name>proposal</name><bndbox><xmin>335</xmin><ymin>373</ymin><xmax>123</xmax><ymax>97</ymax></bndbox></object><object><name>proposal</name><bndbox><xmin>454</xmin><ymin>324</ymin><xmax>117</xmax><ymax>94</ymax></bndbox></object><object><name>proposal</name><bndbox><xmin>214</xmin><ymin>168</ymin><xmax>366</xmax><ymax>297</ymax></bndbox></object><object><name>proposal</name><bndbox><xmin>490</xmin><ymin>336</ymin><xmax>58</xmax><ymax>62</ymax></bndbox></object><object><name>proposal</name><bndbox><xmin>194</xmin><ymin>331</ymin><xmax>183</xmax><ymax>99</ymax></bndbox></object><object><name>proposal</name><bndbox><xmin>406</xmin><ymin>246</ymin><xmax>318</xmax><ymax>204</ymax></bndbox></object><object><name>proposal</name><bndbox><xmin>215</xmin><ymin>328</ymin><xmax>355</xmax><ymax>320</ymax></bndbox></object><object><name>proposal</name><bndbox><xmin>84</xmin><ymin>346</ymin><xmax>338</xmax><ymax>186</ymax></bndbox></object><object><name>proposal</name><bndbox><xmin>202</xmin><ymin>441</ymin><xmax>207</xmax><ymax>148</ymax></bndbox></object><object><name>proposal</name><bndbox><xmin>482</xmin><ymin>249</ymin><xmax>141</xmax><ymax>144</ymax></bndbox></object><object><name>proposal</name><bndbox><xmin>180</xmin><ymin>271</ymin><xmax>421</xmax><ymax>326</ymax></bndbox></object><object><name>proposal</name><bndbox><xmin>381</xmin><ymin>336</ymin><xmax>141</xmax><ymax>112</ymax></bndbox></object><object><name>proposal</name><bndbox><xmin>479</xmin><ymin>333</ymin><xmax>73</xmax><ymax>76</ymax></bndbox></object><object><name>proposal</name><bndbox><xmin>150</xmin><ymin>273</ymin><xmax>421</xmax><ymax>186</ymax></bndbox></object><object><name>proposal</name><bndbox><xmin>496</xmin><ymin>300</ymin><xmax>105</xmax><ymax>93</ymax></bndbox></object><object><name>proposal</name><bndbox><xmin>210</xmin><ymin>209</ymin><xmax>418</xmax><ymax>371</ymax></bndbox></object><object><name>proposal</name><bndbox><xmin>459</xmin><ymin>335</ymin><xmax>89</xmax><ymax>55</ymax></bndbox></object><object><name>proposal</name><bndbox><xmin>191</xmin><ymin>347</ymin><xmax>141</xmax><ymax>72</ymax></bndbox></object><object><name>proposal</name><bndbox><xmin>73</xmin><ymin>261</ymin><xmax>451</xmax><ymax>268</ymax></bndbox></object><object><name>proposal</name><bndbox><xmin>279</xmin><ymin>429</ymin><xmax>126</xmax><ymax>96</ymax></bndbox></object><object><name>proposal</name><bndbox><xmin>223</xmin><ymin>347</ymin><xmax>109</xmax><ymax>64</ymax></bndbox></object><object><name>proposal</name><bndbox><xmin>105</xmin><ymin>346</ymin><xmax>188</xmax><ymax>186</ymax></bndbox></object><object><name>proposal</name><bndbox><xmin>276</xmin><ymin>343</ymin><xmax>288</xmax><ymax>210</ymax></bndbox></object><object><name>proposal</name><bndbox><xmin>202</xmin><ymin>444</ymin><xmax>225</xmax><ymax>145</ymax></bndbox></object><object><name>proposal</name><bndbox><xmin>454</xmin><ymin>299</ymin><xmax>119</xmax><ymax>105</ymax></bndbox></object><object><name>proposal</name><bndbox><xmin>194</xmin><ymin>343</ymin><xmax>377</xmax><ymax>219</ymax></bndbox></object><object><name>proposal</name><bndbox><xmin>210</xmin><ymin>262</ymin><xmax>359</xmax><ymax>289</ymax></bndbox></object><object><name>proposal</name><bndbox><xmin>432</xmin><ymin>340</ymin><xmax>148</xmax><ymax>86</ymax></bndbox></object><object><name>proposal</name><bndbox><xmin>233</xmin><ymin>444</ymin><xmax>176</xmax><ymax>111</ymax></bndbox></object><object><name>proposal</name><bndbox><xmin>405</xmin><ymin>355</ymin><xmax>167</xmax><ymax>135</ymax></bndbox></object><object><name>proposal</name><bndbox><xmin>168</xmin><ymin>329</ymin><xmax>403</xmax><ymax>268</ymax></bndbox></object><object><name>proposal</name><bndbox><xmin>324</xmin><ymin>353</ymin><xmax>99</xmax><ymax>71</ymax></bndbox></object><object><name>proposal</name><bndbox><xmin>70</xmin><ymin>211</ymin><xmax>395</xmax><ymax>315</ymax></bndbox></object><object><name>proposal</name><bndbox><xmin>105</xmin><ymin>282</ymin><xmax>523</xmax><ymax>267</ymax></bndbox></object><object><name>proposal</name><bndbox><xmin>402</xmin><ymin>282</ymin><xmax>226</xmax><ymax>100</ymax></bndbox></object><object><name>proposal</name><bndbox><xmin>105</xmin><ymin>331</ymin><xmax>344</xmax><ymax>283</ymax></bndbox></object><object><name>proposal</name><bndbox><xmin>410</xmin><ymin>246</ymin><xmax>208</xmax><ymax>127</ymax></bndbox></object><object><name>proposal</name><bndbox><xmin>131</xmin><ymin>281</ymin><xmax>423</xmax><ymax>174</ymax></bndbox></object><object><name>proposal</name><bndbox><xmin>433</xmin><ymin>323</ymin><xmax>119</xmax><ymax>86</ymax></bndbox></object><object><name>proposal</name><bndbox><xmin>251</xmin><ymin>406</ymin><xmax>90</xmax><ymax>89</ymax></bndbox></object><object><name>proposal</name><bndbox><xmin>105</xmin><ymin>331</ymin><xmax>464</xmax><ymax>283</ymax></bndbox></object><object><name>proposal</name><bndbox><xmin>230</xmin><ymin>376</ymin><xmax>196</xmax><ymax>104</ymax></bndbox></object><object><name>proposal</name><bndbox><xmin>280</xmin><ymin>373</ymin><xmax>228</xmax><ymax>99</ymax></bndbox></object><object><name>proposal</name><bndbox><xmin>202</xmin><ymin>414</ymin><xmax>247</xmax><ymax>200</ymax></bndbox></object><object><name>proposal</name><bndbox><xmin>84</xmin><ymin>266</ymin><xmax>293</xmax><ymax>202</ymax></bndbox></object><object><name>proposal</name><bndbox><xmin>191</xmin><ymin>262</ymin><xmax>378</xmax><ymax>289</ymax></bndbox></object><object><name>proposal</name><bndbox><xmin>223</xmin><ymin>329</ymin><xmax>348</xmax><ymax>222</ymax></bndbox></object><object><name>proposal</name><bndbox><xmin>299</xmin><ymin>336</ymin><xmax>231</xmax><ymax>112</ymax></bndbox></object><object><name>proposal</name><bndbox><xmin>226</xmin><ymin>411</ymin><xmax>137</xmax><ymax>151</ymax></bndbox></object><object><name>proposal</name><bndbox><xmin>332</xmin><ymin>281</ymin><xmax>210</xmax><ymax>90</ymax></bndbox></object><object><name>proposal</name><bndbox><xmin>210</xmin><ymin>209</ymin><xmax>418</xmax><ymax>346</ymax></bndbox></object><object><name>proposal</name><bndbox><xmin>250</xmin><ymin>356</ymin><xmax>172</xmax><ymax>80</ymax></bndbox></object><object><name>proposal</name><bndbox><xmin>454</xmin><ymin>345</ymin><xmax>107</xmax><ymax>59</ymax></bndbox></object><object><name>proposal</name><bndbox><xmin>275</xmin><ymin>400</ymin><xmax>297</xmax><ymax>172</ymax></bndbox></object><object><name>proposal</name><bndbox><xmin>210</xmin><ymin>262</ymin><xmax>359</xmax><ymax>300</ymax></bndbox></object><object><name>proposal</name><bndbox><xmin>406</xmin><ymin>360</ymin><xmax>164</xmax><ymax>123</ymax></bndbox></object><object><name>proposal</name><bndbox><xmin>105</xmin><ymin>343</ymin><xmax>318</xmax><ymax>189</ymax></bndbox></object><object><name>proposal</name><bndbox><xmin>105</xmin><ymin>271</ymin><xmax>420</xmax><ymax>308</ymax></bndbox></object><object><name>proposal</name><bndbox><xmin>194</xmin><ymin>331</ymin><xmax>235</xmax><ymax>110</ymax></bndbox></object><object><name>proposal</name><bndbox><xmin>478</xmin><ymin>370</ymin><xmax>93</xmax><ymax>65</ymax></bndbox></object><object><name>proposal</name><bndbox><xmin>335</xmin><ymin>354</ymin><xmax>230</xmax><ymax>197</ymax></bndbox></object><object><name>proposal</name><bndbox><xmin>131</xmin><ymin>246</ymin><xmax>497</xmax><ymax>210</ymax></bndbox></object><object><name>proposal</name><bndbox><xmin>227</xmin><ymin>281</ymin><xmax>396</xmax><ymax>116</ymax></bndbox></object><object><name>proposal</name><bndbox><xmin>194</xmin><ymin>331</ymin><xmax>214</xmax><ymax>99</ymax></bndbox></object><object><name>proposal</name><bndbox><xmin>455</xmin><ymin>333</ymin><xmax>85</xmax><ymax>76</ymax></bndbox></object><object><name>proposal</name><bndbox><xmin>404</xmin><ymin>360</ymin><xmax>167</xmax><ymax>123</ymax></bndbox></object><object><name>proposal</name><bndbox><xmin>406</xmin><ymin>306</ymin><xmax>196</xmax><ymax>106</ymax></bndbox></object><object><name>proposal</name><bndbox><xmin>150</xmin><ymin>273</ymin><xmax>421</xmax><ymax>200</ymax></bndbox></object><object><name>proposal</name><bndbox><xmin>481</xmin><ymin>323</ymin><xmax>78</xmax><ymax>81</ymax></bndbox></object><object><name>proposal</name><bndbox><xmin>104</xmin><ymin>271</ymin><xmax>421</xmax><ymax>308</ymax></bndbox></object><object><name>proposal</name><bndbox><xmin>200</xmin><ymin>354</ymin><xmax>369</xmax><ymax>259</ymax></bndbox></object><object><name>proposal</name><bndbox><xmin>191</xmin><ymin>350</ymin><xmax>132</xmax><ymax>69</ymax></bndbox></object><object><name>proposal</name><bndbox><xmin>284</xmin><ymin>411</ymin><xmax>173</xmax><ymax>55</ymax></bndbox></object><object><name>proposal</name><bndbox><xmin>255</xmin><ymin>360</ymin><xmax>315</xmax><ymax>191</ymax></bndbox></object><object><name>proposal</name><bndbox><xmin>482</xmin><ymin>336</ymin><xmax>66</xmax><ymax>58</ymax></bndbox></object><object><name>proposal</name><bndbox><xmin>234</xmin><ymin>406</ymin><xmax>105</xmax><ymax>79</ymax></bndbox></object><object><name>proposal</name><bndbox><xmin>210</xmin><ymin>209</ymin><xmax>361</xmax><ymax>371</ymax></bndbox></object><object><name>proposal</name><bndbox><xmin>410</xmin><ymin>300</ymin><xmax>191</xmax><ymax>73</ymax></bndbox></object><object><name>proposal</name><bndbox><xmin>194</xmin><ymin>331</ymin><xmax>127</xmax><ymax>107</ymax></bndbox></object><object><name>proposal</name><bndbox><xmin>105</xmin><ymin>331</ymin><xmax>398</xmax><ymax>201</ymax></bndbox></object><object><name>proposal</name><bndbox><xmin>454</xmin><ymin>325</ymin><xmax>94</xmax><ymax>69</ymax></bndbox></object><object><name>proposal</name><bndbox><xmin>226</xmin><ymin>447</ymin><xmax>189</xmax><ymax>110</ymax></bndbox></object><object><name>proposal</name><bndbox><xmin>464</xmin><ymin>344</ymin><xmax>84</xmax><ymax>51</ymax></bndbox></object><object><name>proposal</name><bndbox><xmin>335</xmin><ymin>373</ymin><xmax>132</xmax><ymax>93</ymax></bndbox></object><object><name>proposal</name><bndbox><xmin>105</xmin><ymin>350</ymin><xmax>324</xmax><ymax>182</ymax></bndbox></object><object><name>proposal</name><bndbox><xmin>464</xmin><ymin>325</ymin><xmax>90</xmax><ymax>87</ymax></bndbox></object><object><name>proposal</name><bndbox><xmin>402</xmin><ymin>282</ymin><xmax>183</xmax><ymax>89</ymax></bndbox></object><object><name>proposal</name><bndbox><xmin>73</xmin><ymin>348</ymin><xmax>430</xmax><ymax>181</ymax></bndbox></object><object><name>proposal</name><bndbox><xmin>324</xmin><ymin>343</ymin><xmax>183</xmax><ymax>127</ymax></bndbox></object><object><name>proposal</name><bndbox><xmin>425</xmin><ymin>276</ymin><xmax>177</xmax><ymax>97</ymax></bndbox></object><object><name>proposal</name><bndbox><xmin>421</xmin><ymin>249</ymin><xmax>302</xmax><ymax>201</ymax></bndbox></object><object><name>proposal</name><bndbox><xmin>211</xmin><ymin>271</ymin><xmax>390</xmax><ymax>289</ymax></bndbox></object><object><name>proposal</name><bndbox><xmin>380</xmin><ymin>216</ymin><xmax>285</xmax><ymax>202</ymax></bndbox></object><object><name>proposal</name><bndbox><xmin>324</xmin><ymin>364</ymin><xmax>184</xmax><ymax>99</ymax></bndbox></object><object><name>proposal</name><bndbox><xmin>410</xmin><ymin>306</ymin><xmax>87</xmax><ymax>77</ymax></bndbox></object><object><name>proposal</name><bndbox><xmin>455</xmin><ymin>344</ymin><xmax>93</xmax><ymax>62</ymax></bndbox></object><object><name>proposal</name><bndbox><xmin>426</xmin><ymin>336</ymin><xmax>128</xmax><ymax>76</ymax></bndbox></object><object><name>proposal</name><bndbox><xmin>168</xmin><ymin>373</ymin><xmax>340</xmax><ymax>224</ymax></bndbox></object><object><name>proposal</name><bndbox><xmin>341</xmin><ymin>373</ymin><xmax>117</xmax><ymax>100</ymax></bndbox></object><object><name>proposal</name><bndbox><xmin>222</xmin><ymin>350</ymin><xmax>101</xmax><ymax>69</ymax></bndbox></object><object><name>proposal</name><bndbox><xmin>455</xmin><ymin>351</ymin><xmax>112</xmax><ymax>54</ymax></bndbox></object><object><name>proposal</name><bndbox><xmin>194</xmin><ymin>348</ymin><xmax>169</xmax><ymax>85</ymax></bndbox></object><object><name>proposal</name><bndbox><xmin>240</xmin><ymin>414</ymin><xmax>169</xmax><ymax>141</ymax></bndbox></object><object><name>proposal</name><bndbox><xmin>240</xmin><ymin>447</ymin><xmax>169</xmax><ymax>108</ymax></bndbox></object><object><name>proposal</name><bndbox><xmin>410</xmin><ymin>300</ymin><xmax>115</xmax><ymax>72</ymax></bndbox></object><object><name>proposal</name><bndbox><xmin>324</xmin><ymin>364</ymin><xmax>183</xmax><ymax>109</ymax></bndbox></object><object><name>proposal</name><bndbox><xmin>180</xmin><ymin>246</ymin><xmax>448</xmax><ymax>351</ymax></bndbox></object><object><name>proposal</name><bndbox><xmin>194</xmin><ymin>348</ymin><xmax>161</xmax><ymax>85</ymax></bndbox></object><object><name>proposal</name><bndbox><xmin>462</xmin><ymin>333</ymin><xmax>90</xmax><ymax>76</ymax></bndbox></object><object><name>proposal</name><bndbox><xmin>223</xmin><ymin>332</ymin><xmax>495</xmax><ymax>260</ymax></bndbox></object><object><name>proposal</name><bndbox><xmin>230</xmin><ymin>411</ymin><xmax>99</xmax><ymax>95</ymax></bndbox></object><object><name>proposal</name><bndbox><xmin>202</xmin><ymin>282</ymin><xmax>426</xmax><ymax>307</ymax></bndbox></object><object><name>proposal</name><bndbox><xmin>194</xmin><ymin>343</ymin><xmax>267</xmax><ymax>90</ymax></bndbox></object><object><name>proposal</name><bndbox><xmin>131</xmin><ymin>281</ymin><xmax>423</xmax><ymax>175</ymax></bndbox></object><object><name>proposal</name><bndbox><xmin>84</xmin><ymin>271</ymin><xmax>441</xmax><ymax>308</ymax></bndbox></object><object><name>proposal</name><bndbox><xmin>73</xmin><ymin>343</ymin><xmax>353</xmax><ymax>183</ymax></bndbox></object><object><name>proposal</name><bndbox><xmin>318</xmin><ymin>329</ymin><xmax>253</xmax><ymax>222</ymax></bndbox></object><object><name>proposal</name><bndbox><xmin>207</xmin><ymin>411</ymin><xmax>119</xmax><ymax>84</ymax></bndbox></object><object><name>proposal</name><bndbox><xmin>419</xmin><ymin>321</ymin><xmax>152</xmax><ymax>97</ymax></bndbox></object><object><name>proposal</name><bndbox><xmin>419</xmin><ymin>321</ymin><xmax>129</xmax><ymax>85</ymax></bndbox></object><object><name>proposal</name><bndbox><xmin>131</xmin><ymin>271</ymin><xmax>390</xmax><ymax>276</ymax></bndbox></object><object><name>proposal</name><bndbox><xmin>462</xmin><ymin>333</ymin><xmax>90</xmax><ymax>62</ymax></bndbox></object><object><name>proposal</name><bndbox><xmin>278</xmin><ymin>414</ymin><xmax>125</xmax><ymax>81</ymax></bndbox></object><object><name>proposal</name><bndbox><xmin>289</xmin><ymin>271</ymin><xmax>339</xmax><ymax>126</ymax></bndbox></object><object><name>proposal</name><bndbox><xmin>239</xmin><ymin>406</ymin><xmax>89</xmax><ymax>89</ymax></bndbox></object><object><name>proposal</name><bndbox><xmin>328</xmin><ymin>358</ymin><xmax>175</xmax><ymax>115</ymax></bndbox></object><object><name>proposal</name><bndbox><xmin>335</xmin><ymin>336</ymin><xmax>245</xmax><ymax>118</ymax></bndbox></object><object><name>proposal</name><bndbox><xmin>404</xmin><ymin>360</ymin><xmax>166</xmax><ymax>123</ymax></bndbox></object><object><name>proposal</name><bndbox><xmin>459</xmin><ymin>324</ymin><xmax>112</xmax><ymax>94</ymax></bndbox></object><object><name>proposal</name><bndbox><xmin>324</xmin><ymin>353</ymin><xmax>184</xmax><ymax>119</ymax></bndbox></object><object><name>proposal</name><bndbox><xmin>230</xmin><ymin>358</ymin><xmax>340</xmax><ymax>198</ymax></bndbox></object><object><name>proposal</name><bndbox><xmin>492</xmin><ymin>299</ymin><xmax>111</xmax><ymax>87</ymax></bndbox></object><object><name>proposal</name><bndbox><xmin>131</xmin><ymin>307</ymin><xmax>208</xmax><ymax>139</ymax></bndbox></object><object><name>proposal</name><bndbox><xmin>73</xmin><ymin>343</ymin><xmax>353</xmax><ymax>186</ymax></bndbox></object><object><name>proposal</name><bndbox><xmin>105</xmin><ymin>350</ymin><xmax>318</xmax><ymax>176</ymax></bndbox></object><object><name>proposal</name><bndbox><xmin>233</xmin><ymin>409</ymin><xmax>270</xmax><ymax>153</ymax></bndbox></object><object><name>proposal</name><bndbox><xmin>230</xmin><ymin>385</ymin><xmax>196</xmax><ymax>95</ymax></bndbox></object><object><name>proposal</name><bndbox><xmin>498</xmin><ymin>300</ymin><xmax>125</xmax><ymax>93</ymax></bndbox></object><object><name>proposal</name><bndbox><xmin>432</xmin><ymin>300</ymin><xmax>122</xmax><ymax>76</ymax></bndbox></object><object><name>proposal</name><bndbox><xmin>454</xmin><ymin>339</ymin><xmax>117</xmax><ymax>87</ymax></bndbox></object><object><name>proposal</name><bndbox><xmin>454</xmin><ymin>351</ymin><xmax>106</xmax><ymax>50</ymax></bndbox></object><object><name>proposal</name><bndbox><xmin>479</xmin><ymin>300</ymin><xmax>75</xmax><ymax>71</ymax></bndbox></object><object><name>proposal</name><bndbox><xmin>230</xmin><ymin>411</ymin><xmax>99</xmax><ymax>84</ymax></bndbox></object><object><name>proposal</name><bndbox><xmin>167</xmin><ymin>360</ymin><xmax>403</xmax><ymax>237</ymax></bndbox></object><object><name>proposal</name><bndbox><xmin>191</xmin><ymin>262</ymin><xmax>431</xmax><ymax>329</ymax></bndbox></object><object><name>proposal</name><bndbox><xmin>73</xmin><ymin>343</ymin><xmax>497</xmax><ymax>213</ymax></bndbox></object><object><name>proposal</name><bndbox><xmin>329</xmin><ymin>371</ymin><xmax>170</xmax><ymax>96</ymax></bndbox></object><object><name>proposal</name><bndbox><xmin>194</xmin><ymin>348</ymin><xmax>240</xmax><ymax>93</ymax></bndbox></object><object><name>proposal</name><bndbox><xmin>406</xmin><ymin>360</ymin><xmax>165</xmax><ymax>123</ymax></bndbox></object><object><name>proposal</name><bndbox><xmin>194</xmin><ymin>332</ymin><xmax>235</xmax><ymax>109</ymax></bndbox></object><object><name>proposal</name><bndbox><xmin>410</xmin><ymin>300</ymin><xmax>138</xmax><ymax>86</ymax></bndbox></object><object><name>proposal</name><bndbox><xmin>211</xmin><ymin>271</ymin><xmax>390</xmax><ymax>212</ymax></bndbox></object><object><name>proposal</name><bndbox><xmin>168</xmin><ymin>351</ymin><xmax>135</xmax><ymax>95</ymax></bndbox></object><object><name>proposal</name><bndbox><xmin>329</xmin><ymin>371</ymin><xmax>178</xmax><ymax>96</ymax></bndbox></object><object><name>proposal</name><bndbox><xmin>335</xmin><ymin>336</ymin><xmax>245</xmax><ymax>129</ymax></bndbox></object><object><name>proposal</name><bndbox><xmin>230</xmin><ymin>343</ymin><xmax>339</xmax><ymax>210</ymax></bndbox></object><object><name>proposal</name><bndbox><xmin>202</xmin><ymin>402</ymin><xmax>255</xmax><ymax>187</ymax></bndbox></object><object><name>proposal</name><bndbox><xmin>405</xmin><ymin>371</ymin><xmax>102</xmax><ymax>62</ymax></bndbox></object><object><name>proposal</name><bndbox><xmin>324</xmin><ymin>364</ymin><xmax>143</xmax><ymax>91</ymax></bndbox></object><object><name>proposal</name><bndbox><xmin>234</xmin><ymin>447</ymin><xmax>181</xmax><ymax>110</ymax></bndbox></object><object><name>proposal</name><bndbox><xmin>216</xmin><ymin>358</ymin><xmax>287</xmax><ymax>222</ymax></bndbox></object><object><name>proposal</name><bndbox><xmin>387</xmin><ymin>360</ymin><xmax>183</xmax><ymax>191</ymax></bndbox></object><object><name>proposal</name><bndbox><xmin>464</xmin><ymin>339</ymin><xmax>84</xmax><ymax>56</ymax></bndbox></object><object><name>proposal</name><bndbox><xmin>226</xmin><ymin>406</ymin><xmax>204</xmax><ymax>156</ymax></bndbox></object><object><name>proposal</name><bndbox><xmin>191</xmin><ymin>262</ymin><xmax>378</xmax><ymax>300</ymax></bndbox></object><object><name>proposal</name><bndbox><xmin>192</xmin><ymin>343</ymin><xmax>293</xmax><ymax>85</ymax></bndbox></object><object><name>proposal</name><bndbox><xmin>131</xmin><ymin>343</ymin><xmax>236</xmax><ymax>116</ymax></bndbox></object><object><name>proposal</name><bndbox><xmin>194</xmin><ymin>331</ymin><xmax>161</xmax><ymax>99</ymax></bndbox></object><object><name>proposal</name><bndbox><xmin>376</xmin><ymin>336</ymin><xmax>193</xmax><ymax>213</ymax></bndbox></object><object><name>proposal</name><bndbox><xmin>482</xmin><ymin>300</ymin><xmax>119</xmax><ymax>118</ymax></bndbox></object><object><name>proposal</name><bndbox><xmin>108</xmin><ymin>356</ymin><xmax>400</xmax><ymax>241</ymax></bndbox></object><object><name>proposal</name><bndbox><xmin>406</xmin><ymin>256</ymin><xmax>234</xmax><ymax>171</ymax></bndbox></object><object><name>proposal</name><bndbox><xmin>470</xmin><ymin>333</ymin><xmax>101</xmax><ymax>85</ymax></bndbox></object><object><name>proposal</name><bndbox><xmin>73</xmin><ymin>350</ymin><xmax>353</xmax><ymax>176</ymax></bndbox></object><object><name>proposal</name><bndbox><xmin>104</xmin><ymin>271</ymin><xmax>421</xmax><ymax>320</ymax></bndbox></object><object><name>proposal</name><bndbox><xmin>233</xmin><ymin>358</ymin><xmax>270</xmax><ymax>204</ymax></bndbox></object><object><name>proposal</name><bndbox><xmin>498</xmin><ymin>300</ymin><xmax>103</xmax><ymax>118</ymax></bndbox></object><object><name>proposal</name><bndbox><xmin>380</xmin><ymin>216</ymin><xmax>248</xmax><ymax>202</ymax></bndbox></object><object><name>proposal</name><bndbox><xmin>461</xmin><ymin>256</ymin><xmax>141</xmax><ymax>117</ymax></bndbox></object><object><name>proposal</name><bndbox><xmin>250</xmin><ymin>356</ymin><xmax>172</xmax><ymax>133</ymax></bndbox></object><object><name>proposal</name><bndbox><xmin>194</xmin><ymin>348</ymin><xmax>235</xmax><ymax>85</ymax></bndbox></object><object><name>proposal</name><bndbox><xmin>226</xmin><ymin>406</ymin><xmax>189</xmax><ymax>151</ymax></bndbox></object><object><name>proposal</name><bndbox><xmin>481</xmin><ymin>339</ymin><xmax>67</xmax><ymax>56</ymax></bndbox></object><object><name>proposal</name><bndbox><xmin>191</xmin><ymin>262</ymin><xmax>373</xmax><ymax>289</ymax></bndbox></object><object><name>proposal</name><bndbox><xmin>481</xmin><ymin>339</ymin><xmax>90</xmax><ymax>79</ymax></bndbox></object><object><name>proposal</name><bndbox><xmin>105</xmin><ymin>271</ymin><xmax>420</xmax><ymax>320</ymax></bndbox></object><object><name>proposal</name><bndbox><xmin>210</xmin><ymin>191</ymin><xmax>361</xmax><ymax>389</ymax></bndbox></object><object><name>proposal</name><bndbox><xmin>461</xmin><ymin>246</ymin><xmax>263</xmax><ymax>204</ymax></bndbox></object><object><name>proposal</name><bndbox><xmin>223</xmin><ymin>332</ymin><xmax>154</xmax><ymax>60</ymax></bndbox></object><object><name>proposal</name><bndbox><xmin>329</xmin><ymin>371</ymin><xmax>145</xmax><ymax>96</ymax></bndbox></object><object><name>proposal</name><bndbox><xmin>230</xmin><ymin>434</ymin><xmax>182</xmax><ymax>125</ymax></bndbox></object><object><name>proposal</name><bndbox><xmin>380</xmin><ymin>216</ymin><xmax>205</xmax><ymax>155</ymax></bndbox></object><object><name>proposal</name><bndbox><xmin>105</xmin><ymin>289</ymin><xmax>206</xmax><ymax>232</ymax></bndbox></object><object><name>proposal</name><bndbox><xmin>410</xmin><ymin>242</ymin><xmax>221</xmax><ymax>176</ymax></bndbox></object><object><name>proposal</name><bndbox><xmin>250</xmin><ymin>437</ymin><xmax>162</xmax><ymax>117</ymax></bndbox></object><object><name>proposal</name><bndbox><xmin>378</xmin><ymin>383</ymin><xmax>130</xmax><ymax>50</ymax></bndbox></object><object><name>proposal</name><bndbox><xmin>496</xmin><ymin>335</ymin><xmax>75</xmax><ymax>83</ymax></bndbox></object><object><name>proposal</name><bndbox><xmin>73</xmin><ymin>350</ymin><xmax>353</xmax><ymax>179</ymax></bndbox></object><object><name>proposal</name><bndbox><xmin>194</xmin><ymin>331</ymin><xmax>313</xmax><ymax>139</ymax></bndbox></object><object><name>proposal</name><bndbox><xmin>289</xmin><ymin>271</ymin><xmax>232</xmax><ymax>126</ymax></bndbox></object><object><name>proposal</name><bndbox><xmin>226</xmin><ymin>289</ymin><xmax>85</xmax><ymax>152</ymax></bndbox></object><object><name>proposal</name><bndbox><xmin>426</xmin><ymin>302</ymin><xmax>145</xmax><ymax>116</ymax></bndbox></object><object><name>proposal</name><bndbox><xmin>131</xmin><ymin>271</ymin><xmax>390</xmax><ymax>326</ymax></bndbox></object><object><name>proposal</name><bndbox><xmin>278</xmin><ymin>376</ymin><xmax>206</xmax><ymax>101</ymax></bndbox></object><object><name>proposal</name><bndbox><xmin>454</xmin><ymin>325</ymin><xmax>117</xmax><ymax>93</ymax></bndbox></object><object><name>proposal</name><bndbox><xmin>172</xmin><ymin>331</ymin><xmax>259</xmax><ymax>110</ymax></bndbox></object><object><name>proposal</name><bndbox><xmin>226</xmin><ymin>353</ymin><xmax>282</xmax><ymax>209</ymax></bndbox></object><object><name>proposal</name><bndbox><xmin>194</xmin><ymin>343</ymin><xmax>377</xmax><ymax>216</ymax></bndbox></object><object><name>proposal</name><bndbox><xmin>318</xmin><ymin>376</ymin><xmax>190</xmax><ymax>171</ymax></bndbox></object><object><name>proposal</name><bndbox><xmin>420</xmin><ymin>388</ymin><xmax>160</xmax><ymax>102</ymax></bndbox></object><object><name>proposal</name><bndbox><xmin>194</xmin><ymin>348</ymin><xmax>309</xmax><ymax>125</ymax></bndbox></object><object><name>proposal</name><bndbox><xmin>194</xmin><ymin>332</ymin><xmax>314</xmax><ymax>174</ymax></bndbox></object><object><name>proposal</name><bndbox><xmin>239</xmin><ymin>406</ymin><xmax>102</xmax><ymax>89</ymax></bndbox></object><object><name>proposal</name><bndbox><xmin>421</xmin><ymin>300</ymin><xmax>302</xmax><ymax>150</ymax></bndbox></object><object><name>proposal</name><bndbox><xmin>180</xmin><ymin>429</ymin><xmax>225</xmax><ymax>168</ymax></bndbox></object><object><name>proposal</name><bndbox><xmin>279</xmin><ymin>376</ymin><xmax>147</xmax><ymax>184</ymax></bndbox></object><object><name>proposal</name><bndbox><xmin>332</xmin><ymin>373</ymin><xmax>135</xmax><ymax>88</ymax></bndbox></object><object><name>proposal</name><bndbox><xmin>241</xmin><ymin>411</ymin><xmax>99</xmax><ymax>95</ymax></bndbox></object><object><name>proposal</name><bndbox><xmin>180</xmin><ymin>434</ymin><xmax>232</xmax><ymax>163</ymax></bndbox></object><object><name>proposal</name><bndbox><xmin>211</xmin><ymin>261</ymin><xmax>390</xmax><ymax>132</ymax></bndbox></object><object><name>proposal</name><bndbox><xmin>387</xmin><ymin>336</ymin><xmax>182</xmax><ymax>213</ymax></bndbox></object><object><name>proposal</name><bndbox><xmin>194</xmin><ymin>348</ymin><xmax>161</xmax><ymax>93</ymax></bndbox></object><object><name>proposal</name><bndbox><xmin>461</xmin><ymin>324</ymin><xmax>93</xmax><ymax>90</ymax></bndbox></object><object><name>proposal</name><bndbox><xmin>461</xmin><ymin>300</ymin><xmax>89</xmax><ymax>51</ymax></bndbox></object><object><name>proposal</name><bndbox><xmin>482</xmin><ymin>299</ymin><xmax>121</xmax><ymax>127</ymax></bndbox></object><object><name>proposal</name><bndbox><xmin>210</xmin><ymin>209</ymin><xmax>361</xmax><ymax>353</ymax></bndbox></object><object><name>proposal</name><bndbox><xmin>228</xmin><ymin>411</ymin><xmax>111</xmax><ymax>140</ymax></bndbox></object><object><name>proposal</name><bndbox><xmin>454</xmin><ymin>345</ymin><xmax>117</xmax><ymax>81</ymax></bndbox></object><object><name>proposal</name><bndbox><xmin>168</xmin><ymin>336</ymin><xmax>304</xmax><ymax>110</ymax></bndbox></object><object><name>proposal</name><bndbox><xmin>194</xmin><ymin>343</ymin><xmax>377</xmax><ymax>248</ymax></bndbox></object><object><name>proposal</name><bndbox><xmin>105</xmin><ymin>343</ymin><xmax>260</xmax><ymax>183</ymax></bndbox></object><object><name>proposal</name><bndbox><xmin>328</xmin><ymin>392</ymin><xmax>180</xmax><ymax>81</ymax></bndbox></object><object><name>proposal</name><bndbox><xmin>332</xmin><ymin>372</ymin><xmax>176</xmax><ymax>101</ymax></bndbox></object><object><name>proposal</name><bndbox><xmin>226</xmin><ymin>328</ymin><xmax>354</xmax><ymax>234</ymax></bndbox></object><object><name>proposal</name><bndbox><xmin>299</xmin><ymin>424</ymin><xmax>185</xmax><ymax>70</ymax></bndbox></object><object><name>proposal</name><bndbox><xmin>406</xmin><ymin>246</ymin><xmax>216</xmax><ymax>159</ymax></bndbox></object><object><name>proposal</name><bndbox><xmin>233</xmin><ymin>444</ymin><xmax>194</xmax><ymax>118</ymax></bndbox></object><object><name>proposal</name><bndbox><xmin>410</xmin><ymin>300</ymin><xmax>161</xmax><ymax>118</ymax></bndbox></object><object><name>proposal</name><bndbox><xmin>329</xmin><ymin>371</ymin><xmax>138</xmax><ymax>96</ymax></bndbox></object><object><name>proposal</name><bndbox><xmin>315</xmin><ymin>355</ymin><xmax>265</xmax><ymax>202</ymax></bndbox></object><object><name>proposal</name><bndbox><xmin>227</xmin><ymin>356</ymin><xmax>281</xmax><ymax>117</ymax></bndbox></object><object><name>proposal</name><bndbox><xmin>230</xmin><ymin>373</ymin><xmax>278</xmax><ymax>133</ymax></bndbox></object><object><name>proposal</name><bndbox><xmin>180</xmin><ymin>246</ymin><xmax>421</xmax><ymax>351</ymax></bndbox></object><object><name>proposal</name><bndbox><xmin>459</xmin><ymin>345</ymin><xmax>89</xmax><ymax>45</ymax></bndbox></object><object><name>proposal</name><bndbox><xmin>216</xmin><ymin>358</ymin><xmax>287</xmax><ymax>241</ymax></bndbox></object><object><name>proposal</name><bndbox><xmin>410</xmin><ymin>306</ymin><xmax>78</xmax><ymax>68</ymax></bndbox></object><object><name>proposal</name><bndbox><xmin>167</xmin><ymin>323</ymin><xmax>404</xmax><ymax>274</ymax></bndbox></object><object><name>proposal</name><bndbox><xmin>194</xmin><ymin>343</ymin><xmax>177</xmax><ymax>98</ymax></bndbox></object><object><name>proposal</name><bndbox><xmin>406</xmin><ymin>306</ymin><xmax>154</xmax><ymax>106</ymax></bndbox></object><object><name>proposal</name><bndbox><xmin>172</xmin><ymin>331</ymin><xmax>397</xmax><ymax>282</ymax></bndbox></object><object><name>proposal</name><bndbox><xmin>216</xmin><ymin>409</ymin><xmax>287</xmax><ymax>190</ymax></bndbox></object><object><name>proposal</name><bndbox><xmin>477</xmin><ymin>345</ymin><xmax>71</xmax><ymax>61</ymax></bndbox></object><object><name>proposal</name><bndbox><xmin>230</xmin><ymin>376</ymin><xmax>196</xmax><ymax>184</ymax></bndbox></object><object><name>proposal</name><bndbox><xmin>255</xmin><ymin>385</ymin><xmax>171</xmax><ymax>140</ymax></bndbox></object><object><name>proposal</name><bndbox><xmin>478</xmin><ymin>299</ymin><xmax>93</xmax><ymax>135</ymax></bndbox></object><object><name>proposal</name><bndbox><xmin>454</xmin><ymin>336</ymin><xmax>117</xmax><ymax>82</ymax></bndbox></object><object><name>proposal</name><bndbox><xmin>227</xmin><ymin>281</ymin><xmax>396</xmax><ymax>145</ymax></bndbox></object><object><name>proposal</name><bndbox><xmin>194</xmin><ymin>348</ymin><xmax>230</xmax><ymax>85</ymax></bndbox></object><object><name>proposal</name><bndbox><xmin>465</xmin><ymin>333</ymin><xmax>95</xmax><ymax>79</ymax></bndbox></object><object><name>proposal</name><bndbox><xmin>192</xmin><ymin>343</ymin><xmax>168</xmax><ymax>76</ymax></bndbox></object><object><name>proposal</name><bndbox><xmin>216</xmin><ymin>411</ymin><xmax>150</xmax><ymax>169</ymax></bndbox></object><object><name>proposal</name><bndbox><xmin>454</xmin><ymin>299</ymin><xmax>168</xmax><ymax>119</ymax></bndbox></object><object><name>proposal</name><bndbox><xmin>459</xmin><ymin>335</ymin><xmax>112</xmax><ymax>83</ymax></bndbox></object><object><name>proposal</name><bndbox><xmin>210</xmin><ymin>262</ymin><xmax>354</xmax><ymax>300</ymax></bndbox></object><object><name>proposal</name><bndbox><xmin>454</xmin><ymin>339</ymin><xmax>94</xmax><ymax>56</ymax></bndbox></object><object><name>proposal</name><bndbox><xmin>239</xmin><ymin>406</ymin><xmax>89</xmax><ymax>79</ymax></bndbox></object><object><name>proposal</name><bndbox><xmin>237</xmin><ymin>448</ymin><xmax>175</xmax><ymax>106</ymax></bndbox></object></annotation>