<annotation><folder>Proposals</folder><filename>img-352.jpg</filename><size><width>400</width><height>300</height><depth>3</depth></size><object><name>proposal</name><bndbox><xmin>236</xmin><ymin>265</ymin><xmax>479</xmax><ymax>239</ymax></bndbox></object><object><name>proposal</name><bndbox><xmin>236</xmin><ymin>258</ymin><xmax>479</xmax><ymax>259</ymax></bndbox></object><object><name>proposal</name><bndbox><xmin>224</xmin><ymin>384</ymin><xmax>300</xmax><ymax>342</ymax></bndbox></object><object><name>proposal</name><bndbox><xmin>479</xmin><ymin>447</ymin><xmax>321</xmax><ymax>353</ymax></bndbox></object><object><name>proposal</name><bndbox><xmin>214</xmin><ymin>350</ymin><xmax>542</xmax><ymax>450</ymax></bndbox></object><object><name>proposal</name><bndbox><xmin>479</xmin><ymin>533</ymin><xmax>321</xmax><ymax>267</ymax></bndbox></object><object><name>proposal</name><bndbox><xmin>472</xmin><ymin>221</ymin><xmax>132</xmax><ymax>142</ymax></bndbox></object><object><name>proposal</name><bndbox><xmin>417</xmin><ymin>261</ymin><xmax>139</xmax><ymax>113</ymax></bndbox></object><object><name>proposal</name><bndbox><xmin>111</xmin><ymin>270</ymin><xmax>689</xmax><ymax>530</ymax></bndbox></object><object><name>proposal</name><bndbox><xmin>0</xmin><ymin>17</ymin><xmax>759</xmax><ymax>724</ymax></bndbox></object><object><name>proposal</name><bndbox><xmin>224</xmin><ymin>438</ymin><xmax>300</xmax><ymax>288</ymax></bndbox></object><object><name>proposal</name><bndbox><xmin>472</xmin><ymin>422</ymin><xmax>256</xmax><ymax>378</ymax></bndbox></object><object><name>proposal</name><bndbox><xmin>357</xmin><ymin>109</ymin><xmax>443</xmax><ymax>691</ymax></bndbox></object><object><name>proposal</name><bndbox><xmin>290</xmin><ymin>288</ymin><xmax>425</xmax><ymax>229</ymax></bndbox></object><object><name>proposal</name><bndbox><xmin>524</xmin><ymin>435</ymin><xmax>276</xmax><ymax>365</ymax></bndbox></object><object><name>proposal</name><bndbox><xmin>217</xmin><ymin>348</ymin><xmax>443</xmax><ymax>452</ymax></bndbox></object><object><name>proposal</name><bndbox><xmin>46</xmin><ymin>206</ymin><xmax>403</xmax><ymax>511</ymax></bndbox></object><object><name>proposal</name><bndbox><xmin>28</xmin><ymin>202</ymin><xmax>772</xmax><ymax>598</ymax></bndbox></object><object><name>proposal</name><bndbox><xmin>236</xmin><ymin>348</ymin><xmax>329</xmax><ymax>178</ymax></bndbox></object><object><name>proposal</name><bndbox><xmin>202</xmin><ymin>109</ymin><xmax>598</xmax><ymax>691</ymax></bndbox></object><object><name>proposal</name><bndbox><xmin>182</xmin><ymin>335</ymin><xmax>316</xmax><ymax>252</ymax></bndbox></object><object><name>proposal</name><bndbox><xmin>433</xmin><ymin>283</ymin><xmax>77</xmax><ymax>69</ymax></bndbox></object><object><name>proposal</name><bndbox><xmin>253</xmin><ymin>400</ymin><xmax>547</xmax><ymax>400</ymax></bndbox></object><object><name>proposal</name><bndbox><xmin>434</xmin><ymin>266</ymin><xmax>71</xmax><ymax>86</ymax></bndbox></object><object><name>proposal</name><bndbox><xmin>203</xmin><ymin>384</ymin><xmax>527</xmax><ymax>416</ymax></bndbox></object><object><name>proposal</name><bndbox><xmin>226</xmin><ymin>266</ymin><xmax>461</xmax><ymax>534</ymax></bndbox></object><object><name>proposal</name><bndbox><xmin>486</xmin><ymin>253</ymin><xmax>72</xmax><ymax>93</ymax></bndbox></object><object><name>proposal</name><bndbox><xmin>511</xmin><ymin>292</ymin><xmax>85</xmax><ymax>54</ymax></bndbox></object><object><name>proposal</name><bndbox><xmin>474</xmin><ymin>422</ymin><xmax>242</xmax><ymax>378</ymax></bndbox></object><object><name>proposal</name><bndbox><xmin>511</xmin><ymin>296</ymin><xmax>37</xmax><ymax>60</ymax></bndbox></object><object><name>proposal</name><bndbox><xmin>0</xmin><ymin>229</ymin><xmax>327</xmax><ymax>571</ymax></bndbox></object><object><name>proposal</name><bndbox><xmin>472</xmin><ymin>571</ymin><xmax>258</xmax><ymax>229</ymax></bndbox></object><object><name>proposal</name><bndbox><xmin>0</xmin><ymin>226</ymin><xmax>327</xmax><ymax>574</ymax></bndbox></object><object><name>proposal</name><bndbox><xmin>481</xmin><ymin>253</ymin><xmax>75</xmax><ymax>93</ymax></bndbox></object><object><name>proposal</name><bndbox><xmin>253</xmin><ymin>109</ymin><xmax>547</xmax><ymax>691</ymax></bndbox></object><object><name>proposal</name><bndbox><xmin>255</xmin><ymin>442</ymin><xmax>269</xmax><ymax>283</ymax></bndbox></object><object><name>proposal</name><bndbox><xmin>541</xmin><ymin>276</ymin><xmax>259</xmax><ymax>524</ymax></bndbox></object><object><name>proposal</name><bndbox><xmin>472</xmin><ymin>563</ymin><xmax>258</xmax><ymax>237</ymax></bndbox></object><object><name>proposal</name><bndbox><xmin>236</xmin><ymin>270</ymin><xmax>564</xmax><ymax>530</ymax></bndbox></object><object><name>proposal</name><bndbox><xmin>486</xmin><ymin>253</ymin><xmax>70</xmax><ymax>93</ymax></bndbox></object><object><name>proposal</name><bndbox><xmin>203</xmin><ymin>388</ymin><xmax>353</xmax><ymax>353</ymax></bndbox></object><object><name>proposal</name><bndbox><xmin>202</xmin><ymin>345</ymin><xmax>222</xmax><ymax>242</ymax></bndbox></object><object><name>proposal</name><bndbox><xmin>88</xmin><ymin>413</ymin><xmax>445</xmax><ymax>387</ymax></bndbox></object><object><name>proposal</name><bndbox><xmin>357</xmin><ymin>547</ymin><xmax>373</xmax><ymax>253</ymax></bndbox></object><object><name>proposal</name><bndbox><xmin>464</xmin><ymin>565</ymin><xmax>264</xmax><ymax>235</ymax></bndbox></object><object><name>proposal</name><bndbox><xmin>182</xmin><ymin>335</ymin><xmax>386</xmax><ymax>465</ymax></bndbox></object><object><name>proposal</name><bndbox><xmin>91</xmin><ymin>421</ymin><xmax>449</xmax><ymax>379</ymax></bndbox></object><object><name>proposal</name><bndbox><xmin>0</xmin><ymin>31</ymin><xmax>800</xmax><ymax>769</ymax></bndbox></object><object><name>proposal</name><bndbox><xmin>406</xmin><ymin>243</ymin><xmax>394</xmax><ymax>557</ymax></bndbox></object><object><name>proposal</name><bndbox><xmin>214</xmin><ymin>398</ymin><xmax>542</xmax><ymax>402</ymax></bndbox></object><object><name>proposal</name><bndbox><xmin>0</xmin><ymin>308</ymin><xmax>684</xmax><ymax>492</ymax></bndbox></object><object><name>proposal</name><bndbox><xmin>340</xmin><ymin>45</ymin><xmax>460</xmax><ymax>529</ymax></bndbox></object><object><name>proposal</name><bndbox><xmin>220</xmin><ymin>258</ymin><xmax>580</xmax><ymax>542</ymax></bndbox></object><object><name>proposal</name><bndbox><xmin>464</xmin><ymin>573</ymin><xmax>264</xmax><ymax>227</ymax></bndbox></object><object><name>proposal</name><bndbox><xmin>411</xmin><ymin>221</ymin><xmax>145</xmax><ymax>135</ymax></bndbox></object><object><name>proposal</name><bndbox><xmin>244</xmin><ymin>248</ymin><xmax>556</xmax><ymax>552</ymax></bndbox></object><object><name>proposal</name><bndbox><xmin>568</xmin><ymin>363</ymin><xmax>232</xmax><ymax>437</ymax></bndbox></object><object><name>proposal</name><bndbox><xmin>357</xmin><ymin>547</ymin><xmax>324</xmax><ymax>253</ymax></bndbox></object><object><name>proposal</name><bndbox><xmin>236</xmin><ymin>258</ymin><xmax>479</xmax><ymax>249</ymax></bndbox></object><object><name>proposal</name><bndbox><xmin>472</xmin><ymin>243</ymin><xmax>132</xmax><ymax>165</ymax></bndbox></object><object><name>proposal</name><bndbox><xmin>102</xmin><ymin>396</ymin><xmax>422</xmax><ymax>404</ymax></bndbox></object><object><name>proposal</name><bndbox><xmin>467</xmin><ymin>576</ymin><xmax>261</xmax><ymax>224</ymax></bndbox></object><object><name>proposal</name><bndbox><xmin>89</xmin><ymin>407</ymin><xmax>571</xmax><ymax>393</ymax></bndbox></object><object><name>proposal</name><bndbox><xmin>214</xmin><ymin>248</ymin><xmax>586</xmax><ymax>552</ymax></bndbox></object><object><name>proposal</name><bndbox><xmin>480</xmin><ymin>328</ymin><xmax>288</xmax><ymax>309</ymax></bndbox></object><object><name>proposal</name><bndbox><xmin>478</xmin><ymin>258</ymin><xmax>78</xmax><ymax>91</ymax></bndbox></object><object><name>proposal</name><bndbox><xmin>209</xmin><ymin>438</ymin><xmax>324</xmax><ymax>362</ymax></bndbox></object><object><name>proposal</name><bndbox><xmin>510</xmin><ymin>276</ymin><xmax>47</xmax><ymax>70</ymax></bndbox></object><object><name>proposal</name><bndbox><xmin>407</xmin><ymin>155</ymin><xmax>393</xmax><ymax>645</ymax></bndbox></object><object><name>proposal</name><bndbox><xmin>468</xmin><ymin>416</ymin><xmax>218</xmax><ymax>384</ymax></bndbox></object><object><name>proposal</name><bndbox><xmin>236</xmin><ymin>258</ymin><xmax>498</xmax><ymax>305</ymax></bndbox></object><object><name>proposal</name><bndbox><xmin>202</xmin><ymin>187</ymin><xmax>598</xmax><ymax>613</ymax></bndbox></object><object><name>proposal</name><bndbox><xmin>220</xmin><ymin>83</ymin><xmax>580</xmax><ymax>717</ymax></bndbox></object><object><name>proposal</name><bndbox><xmin>476</xmin><ymin>258</ymin><xmax>94</xmax><ymax>98</ymax></bndbox></object><object><name>proposal</name><bndbox><xmin>421</xmin><ymin>251</ymin><xmax>135</xmax><ymax>105</ymax></bndbox></object><object><name>proposal</name><bndbox><xmin>236</xmin><ymin>248</ymin><xmax>564</xmax><ymax>552</ymax></bndbox></object><object><name>proposal</name><bndbox><xmin>219</xmin><ymin>415</ymin><xmax>349</xmax><ymax>385</ymax></bndbox></object><object><name>proposal</name><bndbox><xmin>476</xmin><ymin>258</ymin><xmax>72</xmax><ymax>92</ymax></bndbox></object><object><name>proposal</name><bndbox><xmin>0</xmin><ymin>56</ymin><xmax>800</xmax><ymax>744</ymax></bndbox></object><object><name>proposal</name><bndbox><xmin>0</xmin><ymin>31</ymin><xmax>401</xmax><ymax>769</ymax></bndbox></object><object><name>proposal</name><bndbox><xmin>0</xmin><ymin>56</ymin><xmax>493</xmax><ymax>642</ymax></bndbox></object><object><name>proposal</name><bndbox><xmin>518</xmin><ymin>506</ymin><xmax>282</xmax><ymax>294</ymax></bndbox></object><object><name>proposal</name><bndbox><xmin>240</xmin><ymin>247</ymin><xmax>482</xmax><ymax>302</ymax></bndbox></object><object><name>proposal</name><bndbox><xmin>0</xmin><ymin>226</ymin><xmax>428</xmax><ymax>574</ymax></bndbox></object><object><name>proposal</name><bndbox><xmin>0</xmin><ymin>155</ymin><xmax>800</xmax><ymax>645</ymax></bndbox></object><object><name>proposal</name><bndbox><xmin>240</xmin><ymin>250</ymin><xmax>482</xmax><ymax>299</ymax></bndbox></object><object><name>proposal</name><bndbox><xmin>464</xmin><ymin>547</ymin><xmax>264</xmax><ymax>253</ymax></bndbox></object><object><name>proposal</name><bndbox><xmin>88</xmin><ymin>413</ymin><xmax>308</xmax><ymax>387</ymax></bndbox></object><object><name>proposal</name><bndbox><xmin>478</xmin><ymin>258</ymin><xmax>70</xmax><ymax>91</ymax></bndbox></object><object><name>proposal</name><bndbox><xmin>290</xmin><ymin>288</ymin><xmax>425</xmax><ymax>216</ymax></bndbox></object><object><name>proposal</name><bndbox><xmin>236</xmin><ymin>247</ymin><xmax>564</xmax><ymax>553</ymax></bndbox></object><object><name>proposal</name><bndbox><xmin>89</xmin><ymin>466</ymin><xmax>238</xmax><ymax>334</ymax></bndbox></object><object><name>proposal</name><bndbox><xmin>406</xmin><ymin>261</ymin><xmax>394</xmax><ymax>539</ymax></bndbox></object><object><name>proposal</name><bndbox><xmin>433</xmin><ymin>282</ymin><xmax>73</xmax><ymax>75</ymax></bndbox></object><object><name>proposal</name><bndbox><xmin>421</xmin><ymin>243</ymin><xmax>173</xmax><ymax>113</ymax></bndbox></object><object><name>proposal</name><bndbox><xmin>136</xmin><ymin>243</ymin><xmax>463</xmax><ymax>471</ymax></bndbox></object><object><name>proposal</name><bndbox><xmin>238</xmin><ymin>421</ymin><xmax>302</xmax><ymax>339</ymax></bndbox></object><object><name>proposal</name><bndbox><xmin>331</xmin><ymin>576</ymin><xmax>339</xmax><ymax>224</ymax></bndbox></object><object><name>proposal</name><bndbox><xmin>532</xmin><ymin>315</ymin><xmax>268</xmax><ymax>485</ymax></bndbox></object><object><name>proposal</name><bndbox><xmin>236</xmin><ymin>348</ymin><xmax>292</xmax><ymax>188</ymax></bndbox></object><object><name>proposal</name><bndbox><xmin>217</xmin><ymin>446</ymin><xmax>565</xmax><ymax>354</ymax></bndbox></object><object><name>proposal</name><bndbox><xmin>516</xmin><ymin>302</ymin><xmax>40</xmax><ymax>43</ymax></bndbox></object><object><name>proposal</name><bndbox><xmin>474</xmin><ymin>422</ymin><xmax>212</xmax><ymax>378</ymax></bndbox></object><object><name>proposal</name><bndbox><xmin>416</xmin><ymin>248</ymin><xmax>384</xmax><ymax>552</ymax></bndbox></object><object><name>proposal</name><bndbox><xmin>476</xmin><ymin>253</ymin><xmax>82</xmax><ymax>49</ymax></bndbox></object><object><name>proposal</name><bndbox><xmin>478</xmin><ymin>258</ymin><xmax>118</xmax><ymax>88</ymax></bndbox></object><object><name>proposal</name><bndbox><xmin>233</xmin><ymin>416</ymin><xmax>312</xmax><ymax>373</ymax></bndbox></object><object><name>proposal</name><bndbox><xmin>217</xmin><ymin>416</ymin><xmax>511</xmax><ymax>384</ymax></bndbox></object><object><name>proposal</name><bndbox><xmin>142</xmin><ymin>328</ymin><xmax>658</xmax><ymax>472</ymax></bndbox></object><object><name>proposal</name><bndbox><xmin>532</xmin><ymin>297</ymin><xmax>32</xmax><ymax>59</ymax></bndbox></object><object><name>proposal</name><bndbox><xmin>417</xmin><ymin>261</ymin><xmax>383</xmax><ymax>539</ymax></bndbox></object><object><name>proposal</name><bndbox><xmin>102</xmin><ymin>421</ymin><xmax>584</xmax><ymax>379</ymax></bndbox></object><object><name>proposal</name><bndbox><xmin>0</xmin><ymin>243</ymin><xmax>512</xmax><ymax>557</ymax></bndbox></object><object><name>proposal</name><bndbox><xmin>464</xmin><ymin>309</ymin><xmax>336</xmax><ymax>491</ymax></bndbox></object><object><name>proposal</name><bndbox><xmin>481</xmin><ymin>258</ymin><xmax>89</xmax><ymax>51</ymax></bndbox></object><object><name>proposal</name><bndbox><xmin>433</xmin><ymin>288</ymin><xmax>73</xmax><ymax>69</ymax></bndbox></object><object><name>proposal</name><bndbox><xmin>236</xmin><ymin>288</ymin><xmax>498</xmax><ymax>219</ymax></bndbox></object><object><name>proposal</name><bndbox><xmin>253</xmin><ymin>443</ymin><xmax>280</xmax><ymax>298</ymax></bndbox></object><object><name>proposal</name><bndbox><xmin>91</xmin><ymin>126</ymin><xmax>709</xmax><ymax>674</ymax></bndbox></object><object><name>proposal</name><bndbox><xmin>421</xmin><ymin>258</ymin><xmax>175</xmax><ymax>115</ymax></bndbox></object><object><name>proposal</name><bndbox><xmin>203</xmin><ymin>102</ymin><xmax>597</xmax><ymax>698</ymax></bndbox></object><object><name>proposal</name><bndbox><xmin>244</xmin><ymin>270</ymin><xmax>479</xmax><ymax>232</ymax></bndbox></object><object><name>proposal</name><bndbox><xmin>0</xmin><ymin>226</ymin><xmax>782</xmax><ymax>574</ymax></bndbox></object><object><name>proposal</name><bndbox><xmin>236</xmin><ymin>288</ymin><xmax>564</xmax><ymax>381</ymax></bndbox></object><object><name>proposal</name><bndbox><xmin>351</xmin><ymin>243</ymin><xmax>449</xmax><ymax>557</ymax></bndbox></object><object><name>proposal</name><bndbox><xmin>159</xmin><ymin>486</ymin><xmax>331</xmax><ymax>314</ymax></bndbox></object><object><name>proposal</name><bndbox><xmin>532</xmin><ymin>435</ymin><xmax>268</xmax><ymax>365</ymax></bndbox></object><object><name>proposal</name><bndbox><xmin>478</xmin><ymin>258</ymin><xmax>93</xmax><ymax>52</ymax></bndbox></object><object><name>proposal</name><bndbox><xmin>0</xmin><ymin>206</ymin><xmax>800</xmax><ymax>594</ymax></bndbox></object><object><name>proposal</name><bndbox><xmin>0</xmin><ymin>226</ymin><xmax>337</xmax><ymax>574</ymax></bndbox></object><object><name>proposal</name><bndbox><xmin>481</xmin><ymin>258</ymin><xmax>67</xmax><ymax>51</ymax></bndbox></object><object><name>proposal</name><bndbox><xmin>255</xmin><ymin>442</ymin><xmax>269</xmax><ymax>272</ymax></bndbox></object><object><name>proposal</name><bndbox><xmin>233</xmin><ymin>399</ymin><xmax>291</xmax><ymax>327</ymax></bndbox></object><object><name>proposal</name><bndbox><xmin>0</xmin><ymin>226</ymin><xmax>388</xmax><ymax>574</ymax></bndbox></object><object><name>proposal</name><bndbox><xmin>233</xmin><ymin>384</ymin><xmax>291</xmax><ymax>342</ymax></bndbox></object><object><name>proposal</name><bndbox><xmin>242</xmin><ymin>421</ymin><xmax>298</xmax><ymax>343</ymax></bndbox></object><object><name>proposal</name><bndbox><xmin>159</xmin><ymin>266</ymin><xmax>641</xmax><ymax>534</ymax></bndbox></object><object><name>proposal</name><bndbox><xmin>0</xmin><ymin>226</ymin><xmax>533</xmax><ymax>574</ymax></bndbox></object><object><name>proposal</name><bndbox><xmin>421</xmin><ymin>251</ymin><xmax>149</xmax><ymax>105</ymax></bndbox></object><object><name>proposal</name><bndbox><xmin>252</xmin><ymin>442</ymin><xmax>272</xmax><ymax>283</ymax></bndbox></object><object><name>proposal</name><bndbox><xmin>516</xmin><ymin>276</ymin><xmax>38</xmax><ymax>57</ymax></bndbox></object><object><name>proposal</name><bndbox><xmin>472</xmin><ymin>547</ymin><xmax>258</xmax><ymax>253</ymax></bndbox></object><object><name>proposal</name><bndbox><xmin>244</xmin><ymin>258</ymin><xmax>556</xmax><ymax>542</ymax></bndbox></object><object><name>proposal</name><bndbox><xmin>511</xmin><ymin>243</ymin><xmax>77</xmax><ymax>118</ymax></bndbox></object><object><name>proposal</name><bndbox><xmin>233</xmin><ymin>248</ymin><xmax>567</xmax><ymax>552</ymax></bndbox></object><object><name>proposal</name><bndbox><xmin>28</xmin><ymin>335</ymin><xmax>470</xmax><ymax>465</ymax></bndbox></object><object><name>proposal</name><bndbox><xmin>111</xmin><ymin>266</ymin><xmax>689</xmax><ymax>534</ymax></bndbox></object><object><name>proposal</name><bndbox><xmin>89</xmin><ymin>413</ymin><xmax>238</xmax><ymax>387</ymax></bndbox></object><object><name>proposal</name><bndbox><xmin>142</xmin><ymin>415</ymin><xmax>426</xmax><ymax>385</ymax></bndbox></object><object><name>proposal</name><bndbox><xmin>434</xmin><ymin>288</ymin><xmax>71</xmax><ymax>64</ymax></bndbox></object><object><name>proposal</name><bndbox><xmin>494</xmin><ymin>396</ymin><xmax>228</xmax><ymax>404</ymax></bndbox></object><object><name>proposal</name><bndbox><xmin>434</xmin><ymin>288</ymin><xmax>366</xmax><ymax>381</ymax></bndbox></object><object><name>proposal</name><bndbox><xmin>476</xmin><ymin>258</ymin><xmax>72</xmax><ymax>51</ymax></bndbox></object><object><name>proposal</name><bndbox><xmin>513</xmin><ymin>109</ymin><xmax>287</xmax><ymax>691</ymax></bndbox></object><object><name>proposal</name><bndbox><xmin>0</xmin><ymin>244</ymin><xmax>524</xmax><ymax>556</ymax></bndbox></object><object><name>proposal</name><bndbox><xmin>392</xmin><ymin>310</ymin><xmax>342</xmax><ymax>216</ymax></bndbox></object><object><name>proposal</name><bndbox><xmin>136</xmin><ymin>375</ymin><xmax>388</xmax><ymax>350</ymax></bndbox></object><object><name>proposal</name><bndbox><xmin>477</xmin><ymin>283</ymin><xmax>33</xmax><ymax>55</ymax></bndbox></object><object><name>proposal</name><bndbox><xmin>236</xmin><ymin>310</ymin><xmax>445</xmax><ymax>216</ymax></bndbox></object><object><name>proposal</name><bndbox><xmin>479</xmin><ymin>97</ymin><xmax>321</xmax><ymax>703</ymax></bndbox></object><object><name>proposal</name><bndbox><xmin>91</xmin><ymin>258</ymin><xmax>709</xmax><ymax>542</ymax></bndbox></object><object><name>proposal</name><bndbox><xmin>228</xmin><ymin>247</ymin><xmax>494</xmax><ymax>513</ymax></bndbox></object><object><name>proposal</name><bndbox><xmin>111</xmin><ymin>416</ymin><xmax>617</xmax><ymax>384</ymax></bndbox></object><object><name>proposal</name><bndbox><xmin>433</xmin><ymin>282</ymin><xmax>71</xmax><ymax>71</ymax></bndbox></object><object><name>proposal</name><bndbox><xmin>0</xmin><ymin>226</ymin><xmax>743</xmax><ymax>574</ymax></bndbox></object><object><name>proposal</name><bndbox><xmin>464</xmin><ymin>500</ymin><xmax>336</xmax><ymax>300</ymax></bndbox></object><object><name>proposal</name><bndbox><xmin>244</xmin><ymin>243</ymin><xmax>479</xmax><ymax>259</ymax></bndbox></object><object><name>proposal</name><bndbox><xmin>476</xmin><ymin>253</ymin><xmax>71</xmax><ymax>80</ymax></bndbox></object><object><name>proposal</name><bndbox><xmin>478</xmin><ymin>258</ymin><xmax>117</xmax><ymax>88</ymax></bndbox></object><object><name>proposal</name><bndbox><xmin>0</xmin><ymin>41</ymin><xmax>533</xmax><ymax>759</ymax></bndbox></object><object><name>proposal</name><bndbox><xmin>227</xmin><ymin>348</ymin><xmax>301</xmax><ymax>378</ymax></bndbox></object><object><name>proposal</name><bndbox><xmin>510</xmin><ymin>276</ymin><xmax>77</xmax><ymax>70</ymax></bndbox></object><object><name>proposal</name><bndbox><xmin>234</xmin><ymin>115</ymin><xmax>566</xmax><ymax>685</ymax></bndbox></object><object><name>proposal</name><bndbox><xmin>514</xmin><ymin>187</ymin><xmax>286</xmax><ymax>613</ymax></bndbox></object><object><name>proposal</name><bndbox><xmin>290</xmin><ymin>288</ymin><xmax>444</xmax><ymax>216</ymax></bndbox></object><object><name>proposal</name><bndbox><xmin>0</xmin><ymin>109</ymin><xmax>800</xmax><ymax>691</ymax></bndbox></object><object><name>proposal</name><bndbox><xmin>89</xmin><ymin>388</ymin><xmax>654</xmax><ymax>412</ymax></bndbox></object><object><name>proposal</name><bndbox><xmin>489</xmin><ymin>247</ymin><xmax>89</xmax><ymax>99</ymax></bndbox></object><object><name>proposal</name><bndbox><xmin>0</xmin><ymin>308</ymin><xmax>327</xmax><ymax>492</ymax></bndbox></object><object><name>proposal</name><bndbox><xmin>202</xmin><ymin>345</ymin><xmax>226</xmax><ymax>455</ymax></bndbox></object><object><name>proposal</name><bndbox><xmin>462</xmin><ymin>283</ymin><xmax>121</xmax><ymax>169</ymax></bndbox></object><object><name>proposal</name><bndbox><xmin>202</xmin><ymin>345</ymin><xmax>331</xmax><ymax>455</ymax></bndbox></object><object><name>proposal</name><bndbox><xmin>203</xmin><ymin>388</ymin><xmax>353</xmax><ymax>230</ymax></bndbox></object><object><name>proposal</name><bndbox><xmin>136</xmin><ymin>396</ymin><xmax>388</xmax><ymax>318</ymax></bndbox></object><object><name>proposal</name><bndbox><xmin>219</xmin><ymin>429</ymin><xmax>309</xmax><ymax>311</ymax></bndbox></object><object><name>proposal</name><bndbox><xmin>214</xmin><ymin>350</ymin><xmax>471</xmax><ymax>450</ymax></bndbox></object><object><name>proposal</name><bndbox><xmin>89</xmin><ymin>299</ymin><xmax>711</xmax><ymax>501</ymax></bndbox></object><object><name>proposal</name><bndbox><xmin>524</xmin><ymin>299</ymin><xmax>276</xmax><ymax>501</ymax></bndbox></object><object><name>proposal</name><bndbox><xmin>236</xmin><ymin>258</ymin><xmax>564</xmax><ymax>542</ymax></bndbox></object><object><name>proposal</name><bndbox><xmin>357</xmin><ymin>547</ymin><xmax>386</xmax><ymax>253</ymax></bndbox></object><object><name>proposal</name><bndbox><xmin>88</xmin><ymin>567</ymin><xmax>308</xmax><ymax>233</ymax></bndbox></object><object><name>proposal</name><bndbox><xmin>436</xmin><ymin>259</ymin><xmax>74</xmax><ymax>90</ymax></bndbox></object><object><name>proposal</name><bndbox><xmin>233</xmin><ymin>398</ymin><xmax>492</xmax><ymax>402</ymax></bndbox></object><object><name>proposal</name><bndbox><xmin>290</xmin><ymin>348</ymin><xmax>275</xmax><ymax>378</ymax></bndbox></object><object><name>proposal</name><bndbox><xmin>255</xmin><ymin>243</ymin><xmax>344</xmax><ymax>482</ymax></bndbox></object><object><name>proposal</name><bndbox><xmin>0</xmin><ymin>226</ymin><xmax>682</xmax><ymax>574</ymax></bndbox></object><object><name>proposal</name><bndbox><xmin>516</xmin><ymin>276</ymin><xmax>54</xmax><ymax>57</ymax></bndbox></object><object><name>proposal</name><bndbox><xmin>217</xmin><ymin>443</ymin><xmax>526</xmax><ymax>357</ymax></bndbox></object><object><name>proposal</name><bndbox><xmin>0</xmin><ymin>227</ymin><xmax>323</xmax><ymax>573</ymax></bndbox></object><object><name>proposal</name><bndbox><xmin>436</xmin><ymin>221</ymin><xmax>187</xmax><ymax>143</ymax></bndbox></object><object><name>proposal</name><bndbox><xmin>189</xmin><ymin>335</ymin><xmax>242</xmax><ymax>363</ymax></bndbox></object><object><name>proposal</name><bndbox><xmin>525</xmin><ymin>462</ymin><xmax>231</xmax><ymax>338</ymax></bndbox></object><object><name>proposal</name><bndbox><xmin>111</xmin><ymin>486</ymin><xmax>378</xmax><ymax>314</ymax></bndbox></object><object><name>proposal</name><bndbox><xmin>89</xmin><ymin>109</ymin><xmax>711</xmax><ymax>691</ymax></bndbox></object><object><name>proposal</name><bndbox><xmin>202</xmin><ymin>335</ymin><xmax>479</xmax><ymax>465</ymax></bndbox></object><object><name>proposal</name><bndbox><xmin>203</xmin><ymin>386</ymin><xmax>483</xmax><ymax>414</ymax></bndbox></object><object><name>proposal</name><bndbox><xmin>102</xmin><ymin>421</ymin><xmax>614</xmax><ymax>379</ymax></bndbox></object><object><name>proposal</name><bndbox><xmin>233</xmin><ymin>391</ymin><xmax>453</xmax><ymax>409</ymax></bndbox></object><object><name>proposal</name><bndbox><xmin>220</xmin><ymin>258</ymin><xmax>485</xmax><ymax>245</ymax></bndbox></object><object><name>proposal</name><bndbox><xmin>489</xmin><ymin>269</ymin><xmax>87</xmax><ymax>143</ymax></bndbox></object><object><name>proposal</name><bndbox><xmin>91</xmin><ymin>386</ymin><xmax>595</xmax><ymax>414</ymax></bndbox></object><object><name>proposal</name><bndbox><xmin>0</xmin><ymin>187</ymin><xmax>800</xmax><ymax>613</ymax></bndbox></object><object><name>proposal</name><bndbox><xmin>476</xmin><ymin>248</ymin><xmax>102</xmax><ymax>61</ymax></bndbox></object><object><name>proposal</name><bndbox><xmin>91</xmin><ymin>299</ymin><xmax>709</xmax><ymax>501</ymax></bndbox></object><object><name>proposal</name><bndbox><xmin>326</xmin><ymin>202</ymin><xmax>474</xmax><ymax>345</ymax></bndbox></object><object><name>proposal</name><bndbox><xmin>202</xmin><ymin>258</ymin><xmax>481</xmax><ymax>329</ymax></bndbox></object><object><name>proposal</name><bndbox><xmin>0</xmin><ymin>41</ymin><xmax>800</xmax><ymax>759</ymax></bndbox></object><object><name>proposal</name><bndbox><xmin>433</xmin><ymin>259</ymin><xmax>77</xmax><ymax>93</ymax></bndbox></object><object><name>proposal</name><bndbox><xmin>159</xmin><ymin>248</ymin><xmax>641</xmax><ymax>552</ymax></bndbox></object><object><name>proposal</name><bndbox><xmin>226</xmin><ymin>433</ymin><xmax>315</xmax><ymax>332</ymax></bndbox></object><object><name>proposal</name><bndbox><xmin>91</xmin><ymin>247</ymin><xmax>596</xmax><ymax>553</ymax></bndbox></object><object><name>proposal</name><bndbox><xmin>89</xmin><ymin>388</ymin><xmax>467</xmax><ymax>412</ymax></bndbox></object><object><name>proposal</name><bndbox><xmin>202</xmin><ymin>243</ymin><xmax>519</xmax><ymax>557</ymax></bndbox></object><object><name>proposal</name><bndbox><xmin>185</xmin><ymin>421</ymin><xmax>501</xmax><ymax>379</ymax></bndbox></object><object><name>proposal</name><bndbox><xmin>481</xmin><ymin>253</ymin><xmax>92</xmax><ymax>80</ymax></bndbox></object><object><name>proposal</name><bndbox><xmin>464</xmin><ymin>509</ymin><xmax>336</xmax><ymax>291</ymax></bndbox></object><object><name>proposal</name><bndbox><xmin>159</xmin><ymin>286</ymin><xmax>641</xmax><ymax>514</ymax></bndbox></object><object><name>proposal</name><bndbox><xmin>233</xmin><ymin>423</ymin><xmax>312</xmax><ymax>366</ymax></bndbox></object><object><name>proposal</name><bndbox><xmin>351</xmin><ymin>400</ymin><xmax>449</xmax><ymax>400</ymax></bndbox></object><object><name>proposal</name><bndbox><xmin>109</xmin><ymin>391</ymin><xmax>577</xmax><ymax>409</ymax></bndbox></object><object><name>proposal</name><bndbox><xmin>469</xmin><ymin>267</ymin><xmax>113</xmax><ymax>145</ymax></bndbox></object><object><name>proposal</name><bndbox><xmin>489</xmin><ymin>269</ymin><xmax>87</xmax><ymax>113</ymax></bndbox></object><object><name>proposal</name><bndbox><xmin>532</xmin><ymin>373</ymin><xmax>268</xmax><ymax>427</ymax></bndbox></object><object><name>proposal</name><bndbox><xmin>233</xmin><ymin>438</ymin><xmax>291</xmax><ymax>288</ymax></bndbox></object><object><name>proposal</name><bndbox><xmin>236</xmin><ymin>288</ymin><xmax>498</xmax><ymax>216</ymax></bndbox></object><object><name>proposal</name><bndbox><xmin>0</xmin><ymin>79</ymin><xmax>800</xmax><ymax>721</ymax></bndbox></object><object><name>proposal</name><bndbox><xmin>220</xmin><ymin>288</ymin><xmax>580</xmax><ymax>512</ymax></bndbox></object><object><name>proposal</name><bndbox><xmin>214</xmin><ymin>243</ymin><xmax>586</xmax><ymax>557</ymax></bndbox></object><object><name>proposal</name><bndbox><xmin>89</xmin><ymin>407</ymin><xmax>238</xmax><ymax>393</ymax></bndbox></object><object><name>proposal</name><bndbox><xmin>0</xmin><ymin>226</ymin><xmax>721</xmax><ymax>574</ymax></bndbox></object><object><name>proposal</name><bndbox><xmin>238</xmin><ymin>433</ymin><xmax>302</xmax><ymax>327</ymax></bndbox></object><object><name>proposal</name><bndbox><xmin>416</xmin><ymin>243</ymin><xmax>384</xmax><ymax>557</ymax></bndbox></object><object><name>proposal</name><bndbox><xmin>0</xmin><ymin>104</ymin><xmax>493</xmax><ymax>696</ymax></bndbox></object><object><name>proposal</name><bndbox><xmin>467</xmin><ymin>586</ymin><xmax>261</xmax><ymax>214</ymax></bndbox></object><object><name>proposal</name><bndbox><xmin>517</xmin><ymin>302</ymin><xmax>59</xmax><ymax>70</ymax></bndbox></object><object><name>proposal</name><bndbox><xmin>274</xmin><ymin>424</ymin><xmax>238</xmax><ymax>278</ymax></bndbox></object><object><name>proposal</name><bndbox><xmin>0</xmin><ymin>104</ymin><xmax>568</xmax><ymax>696</ymax></bndbox></object><object><name>proposal</name><bndbox><xmin>420</xmin><ymin>266</ymin><xmax>86</xmax><ymax>102</ymax></bndbox></object><object><name>proposal</name><bndbox><xmin>253</xmin><ymin>438</ymin><xmax>280</xmax><ymax>316</ymax></bndbox></object><object><name>proposal</name><bndbox><xmin>0</xmin><ymin>40</ymin><xmax>800</xmax><ymax>760</ymax></bndbox></object><object><name>proposal</name><bndbox><xmin>474</xmin><ymin>422</ymin><xmax>254</xmax><ymax>378</ymax></bndbox></object><object><name>proposal</name><bndbox><xmin>236</xmin><ymin>109</ymin><xmax>564</xmax><ymax>691</ymax></bndbox></object><object><name>proposal</name><bndbox><xmin>458</xmin><ymin>221</ymin><xmax>91</xmax><ymax>89</ymax></bndbox></object><object><name>proposal</name><bndbox><xmin>257</xmin><ymin>450</ymin><xmax>255</xmax><ymax>276</ymax></bndbox></object><object><name>proposal</name><bndbox><xmin>91</xmin><ymin>384</ymin><xmax>639</xmax><ymax>416</ymax></bndbox></object><object><name>proposal</name><bndbox><xmin>220</xmin><ymin>288</ymin><xmax>580</xmax><ymax>381</ymax></bndbox></object><object><name>proposal</name><bndbox><xmin>0</xmin><ymin>228</ymin><xmax>327</xmax><ymax>572</ymax></bndbox></object><object><name>proposal</name><bndbox><xmin>331</xmin><ymin>616</ymin><xmax>335</xmax><ymax>184</ymax></bndbox></object><object><name>proposal</name><bndbox><xmin>0</xmin><ymin>83</ymin><xmax>800</xmax><ymax>717</ymax></bndbox></object><object><name>proposal</name><bndbox><xmin>244</xmin><ymin>266</ymin><xmax>556</xmax><ymax>534</ymax></bndbox></object><object><name>proposal</name><bndbox><xmin>0</xmin><ymin>85</ymin><xmax>503</xmax><ymax>715</ymax></bndbox></object><object><name>proposal</name><bndbox><xmin>40</xmin><ymin>213</ymin><xmax>641</xmax><ymax>313</ymax></bndbox></object><object><name>proposal</name><bndbox><xmin>217</xmin><ymin>288</ymin><xmax>583</xmax><ymax>512</ymax></bndbox></object><object><name>proposal</name><bndbox><xmin>188</xmin><ymin>421</ymin><xmax>498</xmax><ymax>379</ymax></bndbox></object><object><name>proposal</name><bndbox><xmin>0</xmin><ymin>150</ymin><xmax>401</xmax><ymax>650</ymax></bndbox></object><object><name>proposal</name><bndbox><xmin>166</xmin><ymin>350</ymin><xmax>346</xmax><ymax>363</ymax></bndbox></object><object><name>proposal</name><bndbox><xmin>469</xmin><ymin>267</ymin><xmax>107</xmax><ymax>107</ymax></bndbox></object><object><name>proposal</name><bndbox><xmin>217</xmin><ymin>416</ymin><xmax>462</xmax><ymax>384</ymax></bndbox></object><object><name>proposal</name><bndbox><xmin>88</xmin><ymin>470</ymin><xmax>297</xmax><ymax>330</ymax></bndbox></object><object><name>proposal</name><bndbox><xmin>127</xmin><ymin>486</ymin><xmax>362</xmax><ymax>314</ymax></bndbox></object><object><name>proposal</name><bndbox><xmin>252</xmin><ymin>375</ymin><xmax>272</xmax><ymax>340</ymax></bndbox></object><object><name>proposal</name><bndbox><xmin>351</xmin><ymin>243</ymin><xmax>199</xmax><ymax>140</ymax></bndbox></object><object><name>proposal</name><bndbox><xmin>185</xmin><ymin>421</ymin><xmax>505</xmax><ymax>379</ymax></bndbox></object><object><name>proposal</name><bndbox><xmin>188</xmin><ymin>421</ymin><xmax>502</xmax><ymax>379</ymax></bndbox></object><object><name>proposal</name><bndbox><xmin>476</xmin><ymin>258</ymin><xmax>94</xmax><ymax>51</ymax></bndbox></object><object><name>proposal</name><bndbox><xmin>410</xmin><ymin>246</ymin><xmax>170</xmax><ymax>137</ymax></bndbox></object><object><name>proposal</name><bndbox><xmin>511</xmin><ymin>295</ymin><xmax>45</xmax><ymax>51</ymax></bndbox></object><object><name>proposal</name><bndbox><xmin>0</xmin><ymin>0</ymin><xmax>568</xmax><ymax>800</ymax></bndbox></object><object><name>proposal</name><bndbox><xmin>167</xmin><ymin>247</ymin><xmax>515</xmax><ymax>553</ymax></bndbox></object><object><name>proposal</name><bndbox><xmin>188</xmin><ymin>421</ymin><xmax>528</xmax><ymax>379</ymax></bndbox></object><object><name>proposal</name><bndbox><xmin>102</xmin><ymin>243</ymin><xmax>497</xmax><ymax>557</ymax></bndbox></object><object><name>proposal</name><bndbox><xmin>532</xmin><ymin>277</ymin><xmax>41</xmax><ymax>69</ymax></bndbox></object><object><name>proposal</name><bndbox><xmin>340</xmin><ymin>221</ymin><xmax>460</xmax><ymax>353</ymax></bndbox></object><object><name>proposal</name><bndbox><xmin>166</xmin><ymin>350</ymin><xmax>346</xmax><ymax>376</ymax></bndbox></object><object><name>proposal</name><bndbox><xmin>481</xmin><ymin>258</ymin><xmax>89</xmax><ymax>92</ymax></bndbox></object><object><name>proposal</name><bndbox><xmin>189</xmin><ymin>347</ymin><xmax>242</xmax><ymax>351</ymax></bndbox></object><object><name>proposal</name><bndbox><xmin>101</xmin><ymin>350</ymin><xmax>411</xmax><ymax>450</ymax></bndbox></object><object><name>proposal</name><bndbox><xmin>487</xmin><ymin>259</ymin><xmax>83</xmax><ymax>93</ymax></bndbox></object><object><name>proposal</name><bndbox><xmin>487</xmin><ymin>259</ymin><xmax>62</xmax><ymax>51</ymax></bndbox></object><object><name>proposal</name><bndbox><xmin>0</xmin><ymin>243</ymin><xmax>800</xmax><ymax>557</ymax></bndbox></object><object><name>proposal</name><bndbox><xmin>240</xmin><ymin>250</ymin><xmax>482</xmax><ymax>252</ymax></bndbox></object><object><name>proposal</name><bndbox><xmin>494</xmin><ymin>396</ymin><xmax>235</xmax><ymax>404</ymax></bndbox></object><object><name>proposal</name><bndbox><xmin>0</xmin><ymin>79</ymin><xmax>449</xmax><ymax>721</ymax></bndbox></object><object><name>proposal</name><bndbox><xmin>421</xmin><ymin>243</ymin><xmax>167</xmax><ymax>113</ymax></bndbox></object><object><name>proposal</name><bndbox><xmin>469</xmin><ymin>267</ymin><xmax>113</xmax><ymax>144</ymax></bndbox></object><object><name>proposal</name><bndbox><xmin>138</xmin><ymin>315</ymin><xmax>662</xmax><ymax>485</ymax></bndbox></object><object><name>proposal</name><bndbox><xmin>202</xmin><ymin>335</ymin><xmax>354</xmax><ymax>283</ymax></bndbox></object><object><name>proposal</name><bndbox><xmin>421</xmin><ymin>251</ymin><xmax>124</xmax><ymax>105</ymax></bndbox></object><object><name>proposal</name><bndbox><xmin>252</xmin><ymin>442</ymin><xmax>272</xmax><ymax>273</ymax></bndbox></object><object><name>proposal</name><bndbox><xmin>234</xmin><ymin>270</ymin><xmax>489</xmax><ymax>232</ymax></bndbox></object><object><name>proposal</name><bndbox><xmin>226</xmin><ymin>288</ymin><xmax>461</xmax><ymax>512</ymax></bndbox></object><object><name>proposal</name><bndbox><xmin>28</xmin><ymin>0</ymin><xmax>772</xmax><ymax>800</ymax></bndbox></object><object><name>proposal</name><bndbox><xmin>217</xmin><ymin>462</ymin><xmax>443</xmax><ymax>338</ymax></bndbox></object><object><name>proposal</name><bndbox><xmin>167</xmin><ymin>349</ymin><xmax>261</xmax><ymax>347</ymax></bndbox></object><object><name>proposal</name><bndbox><xmin>220</xmin><ymin>288</ymin><xmax>485</xmax><ymax>215</ymax></bndbox></object><object><name>proposal</name><bndbox><xmin>137</xmin><ymin>407</ymin><xmax>387</xmax><ymax>319</ymax></bndbox></object><object><name>proposal</name><bndbox><xmin>504</xmin><ymin>296</ymin><xmax>38</xmax><ymax>54</ymax></bndbox></object><object><name>proposal</name><bndbox><xmin>234</xmin><ymin>248</ymin><xmax>566</xmax><ymax>552</ymax></bndbox></object><object><name>proposal</name><bndbox><xmin>234</xmin><ymin>243</ymin><xmax>489</xmax><ymax>521</ymax></bndbox></object><object><name>proposal</name><bndbox><xmin>468</xmin><ymin>416</ymin><xmax>260</xmax><ymax>384</ymax></bndbox></object><object><name>proposal</name><bndbox><xmin>157</xmin><ymin>461</ymin><xmax>367</xmax><ymax>265</ymax></bndbox></object><object><name>proposal</name><bndbox><xmin>255</xmin><ymin>442</ymin><xmax>266</xmax><ymax>272</ymax></bndbox></object><object><name>proposal</name><bndbox><xmin>487</xmin><ymin>259</ymin><xmax>108</xmax><ymax>125</ymax></bndbox></object><object><name>proposal</name><bndbox><xmin>0</xmin><ymin>236</ymin><xmax>327</xmax><ymax>564</ymax></bndbox></object><object><name>proposal</name><bndbox><xmin>480</xmin><ymin>573</ymin><xmax>248</xmax><ymax>227</ymax></bndbox></object><object><name>proposal</name><bndbox><xmin>516</xmin><ymin>302</ymin><xmax>40</xmax><ymax>54</ymax></bndbox></object><object><name>proposal</name><bndbox><xmin>532</xmin><ymin>126</ymin><xmax>268</xmax><ymax>674</ymax></bndbox></object><object><name>proposal</name><bndbox><xmin>434</xmin><ymin>288</ymin><xmax>72</xmax><ymax>68</ymax></bndbox></object><object><name>proposal</name><bndbox><xmin>478</xmin><ymin>258</ymin><xmax>78</xmax><ymax>88</ymax></bndbox></object><object><name>proposal</name><bndbox><xmin>476</xmin><ymin>253</ymin><xmax>80</xmax><ymax>97</ymax></bndbox></object><object><name>proposal</name><bndbox><xmin>203</xmin><ymin>386</ymin><xmax>527</xmax><ymax>414</ymax></bndbox></object><object><name>proposal</name><bndbox><xmin>167</xmin><ymin>345</ymin><xmax>261</xmax><ymax>351</ymax></bndbox></object><object><name>proposal</name><bndbox><xmin>511</xmin><ymin>296</ymin><xmax>31</xmax><ymax>54</ymax></bndbox></object><object><name>proposal</name><bndbox><xmin>89</xmin><ymin>444</ymin><xmax>238</xmax><ymax>356</ymax></bndbox></object><object><name>proposal</name><bndbox><xmin>253</xmin><ymin>400</ymin><xmax>429</xmax><ymax>400</ymax></bndbox></object><object><name>proposal</name><bndbox><xmin>464</xmin><ymin>547</ymin><xmax>212</xmax><ymax>253</ymax></bndbox></object><object><name>proposal</name><bndbox><xmin>421</xmin><ymin>261</ymin><xmax>379</xmax><ymax>539</ymax></bndbox></object><object><name>proposal</name><bndbox><xmin>472</xmin><ymin>243</ymin><xmax>78</xmax><ymax>98</ymax></bndbox></object><object><name>proposal</name><bndbox><xmin>486</xmin><ymin>258</ymin><xmax>62</xmax><ymax>91</ymax></bndbox></object><object><name>proposal</name><bndbox><xmin>102</xmin><ymin>247</ymin><xmax>698</xmax><ymax>553</ymax></bndbox></object><object><name>proposal</name><bndbox><xmin>467</xmin><ymin>434</ymin><xmax>333</xmax><ymax>366</ymax></bndbox></object><object><name>proposal</name><bndbox><xmin>500</xmin><ymin>296</ymin><xmax>56</xmax><ymax>54</ymax></bndbox></object><object><name>proposal</name><bndbox><xmin>274</xmin><ymin>471</ymin><xmax>250</xmax><ymax>255</ymax></bndbox></object><object><name>proposal</name><bndbox><xmin>489</xmin><ymin>269</ymin><xmax>87</xmax><ymax>104</ymax></bndbox></object><object><name>proposal</name><bndbox><xmin>89</xmin><ymin>413</ymin><xmax>693</xmax><ymax>387</ymax></bndbox></object><object><name>proposal</name><bndbox><xmin>217</xmin><ymin>348</ymin><xmax>583</xmax><ymax>452</ymax></bndbox></object><object><name>proposal</name><bndbox><xmin>525</xmin><ymin>315</ymin><xmax>275</xmax><ymax>485</ymax></bndbox></object><object><name>proposal</name><bndbox><xmin>0</xmin><ymin>226</ymin><xmax>674</xmax><ymax>574</ymax></bndbox></object><object><name>proposal</name><bndbox><xmin>479</xmin><ymin>577</ymin><xmax>246</xmax><ymax>223</ymax></bndbox></object><object><name>proposal</name><bndbox><xmin>0</xmin><ymin>0</ymin><xmax>493</xmax><ymax>800</ymax></bndbox></object><object><name>proposal</name><bndbox><xmin>234</xmin><ymin>253</ymin><xmax>489</xmax><ymax>249</ymax></bndbox></object><object><name>proposal</name><bndbox><xmin>227</xmin><ymin>424</ymin><xmax>285</xmax><ymax>278</ymax></bndbox></object><object><name>proposal</name><bndbox><xmin>421</xmin><ymin>258</ymin><xmax>149</xmax><ymax>115</ymax></bndbox></object><object><name>proposal</name><bndbox><xmin>234</xmin><ymin>265</ymin><xmax>489</xmax><ymax>237</ymax></bndbox></object><object><name>proposal</name><bndbox><xmin>257</xmin><ymin>450</ymin><xmax>255</xmax><ymax>263</ymax></bndbox></object><object><name>proposal</name><bndbox><xmin>202</xmin><ymin>243</ymin><xmax>485</xmax><ymax>498</ymax></bndbox></object><object><name>proposal</name><bndbox><xmin>340</xmin><ymin>391</ymin><xmax>187</xmax><ymax>335</ymax></bndbox></object><object><name>proposal</name><bndbox><xmin>240</xmin><ymin>247</ymin><xmax>482</xmax><ymax>255</ymax></bndbox></object><object><name>proposal</name><bndbox><xmin>462</xmin><ymin>391</ymin><xmax>222</xmax><ymax>246</ymax></bndbox></object><object><name>proposal</name><bndbox><xmin>469</xmin><ymin>419</ymin><xmax>215</xmax><ymax>227</ymax></bndbox></object><object><name>proposal</name><bndbox><xmin>217</xmin><ymin>309</ymin><xmax>583</xmax><ymax>491</ymax></bndbox></object><object><name>proposal</name><bndbox><xmin>476</xmin><ymin>247</ymin><xmax>120</xmax><ymax>109</ymax></bndbox></object><object><name>proposal</name><bndbox><xmin>326</xmin><ymin>67</ymin><xmax>474</xmax><ymax>733</ymax></bndbox></object><object><name>proposal</name><bndbox><xmin>202</xmin><ymin>335</ymin><xmax>354</xmax><ymax>406</ymax></bndbox></object><object><name>proposal</name><bndbox><xmin>203</xmin><ymin>258</ymin><xmax>597</xmax><ymax>542</ymax></bndbox></object><object><name>proposal</name><bndbox><xmin>420</xmin><ymin>246</ymin><xmax>161</xmax><ymax>166</ymax></bndbox></object><object><name>proposal</name><bndbox><xmin>214</xmin><ymin>398</ymin><xmax>471</xmax><ymax>402</ymax></bndbox></object><object><name>proposal</name><bndbox><xmin>518</xmin><ymin>243</ymin><xmax>76</xmax><ymax>85</ymax></bndbox></object><object><name>proposal</name><bndbox><xmin>406</xmin><ymin>248</ymin><xmax>394</xmax><ymax>552</ymax></bndbox></object><object><name>proposal</name><bndbox><xmin>244</xmin><ymin>243</ymin><xmax>443</xmax><ymax>255</ymax></bndbox></object><object><name>proposal</name><bndbox><xmin>233</xmin><ymin>433</ymin><xmax>308</xmax><ymax>332</ymax></bndbox></object><object><name>proposal</name><bndbox><xmin>202</xmin><ymin>247</ymin><xmax>598</xmax><ymax>553</ymax></bndbox></object><object><name>proposal</name><bndbox><xmin>420</xmin><ymin>246</ymin><xmax>160</xmax><ymax>137</ymax></bndbox></object><object><name>proposal</name><bndbox><xmin>0</xmin><ymin>56</ymin><xmax>528</xmax><ymax>684</ymax></bndbox></object><object><name>proposal</name><bndbox><xmin>481</xmin><ymin>261</ymin><xmax>89</xmax><ymax>95</ymax></bndbox></object><object><name>proposal</name><bndbox><xmin>111</xmin><ymin>486</ymin><xmax>379</xmax><ymax>314</ymax></bndbox></object><object><name>proposal</name><bndbox><xmin>0</xmin><ymin>79</ymin><xmax>449</xmax><ymax>638</ymax></bndbox></object><object><name>proposal</name><bndbox><xmin>464</xmin><ymin>547</ymin><xmax>336</xmax><ymax>253</ymax></bndbox></object><object><name>proposal</name><bndbox><xmin>510</xmin><ymin>248</ymin><xmax>68</xmax><ymax>98</ymax></bndbox></object><object><name>proposal</name><bndbox><xmin>0</xmin><ymin>197</ymin><xmax>800</xmax><ymax>603</ymax></bndbox></object><object><name>proposal</name><bndbox><xmin>462</xmin><ymin>280</ymin><xmax>338</xmax><ymax>520</ymax></bndbox></object><object><name>proposal</name><bndbox><xmin>254</xmin><ymin>442</ymin><xmax>279</xmax><ymax>298</ymax></bndbox></object><object><name>proposal</name><bndbox><xmin>89</xmin><ymin>416</ymin><xmax>711</xmax><ymax>384</ymax></bndbox></object><object><name>proposal</name><bndbox><xmin>417</xmin><ymin>261</ymin><xmax>152</xmax><ymax>113</ymax></bndbox></object><object><name>proposal</name><bndbox><xmin>226</xmin><ymin>247</ymin><xmax>461</xmax><ymax>553</ymax></bndbox></object><object><name>proposal</name><bndbox><xmin>159</xmin><ymin>423</ymin><xmax>386</xmax><ymax>377</ymax></bndbox></object><object><name>proposal</name><bndbox><xmin>410</xmin><ymin>246</ymin><xmax>171</xmax><ymax>166</ymax></bndbox></object><object><name>proposal</name><bndbox><xmin>0</xmin><ymin>45</ymin><xmax>800</xmax><ymax>755</ymax></bndbox></object><object><name>proposal</name><bndbox><xmin>102</xmin><ymin>375</ymin><xmax>422</xmax><ymax>425</ymax></bndbox></object><object><name>proposal</name><bndbox><xmin>481</xmin><ymin>253</ymin><xmax>66</xmax><ymax>80</ymax></bndbox></object><object><name>proposal</name><bndbox><xmin>0</xmin><ymin>163</ymin><xmax>524</xmax><ymax>563</ymax></bndbox></object><object><name>proposal</name><bndbox><xmin>111</xmin><ymin>248</ymin><xmax>689</xmax><ymax>552</ymax></bndbox></object><object><name>proposal</name><bndbox><xmin>210</xmin><ymin>347</ymin><xmax>221</xmax><ymax>301</ymax></bndbox></object><object><name>proposal</name><bndbox><xmin>87</xmin><ymin>454</ymin><xmax>240</xmax><ymax>346</ymax></bndbox></object><object><name>proposal</name><bndbox><xmin>255</xmin><ymin>444</ymin><xmax>273</xmax><ymax>296</ymax></bndbox></object><object><name>proposal</name><bndbox><xmin>478</xmin><ymin>258</ymin><xmax>93</xmax><ymax>91</ymax></bndbox></object><object><name>proposal</name><bndbox><xmin>217</xmin><ymin>443</ymin><xmax>460</xmax><ymax>357</ymax></bndbox></object><object><name>proposal</name><bndbox><xmin>0</xmin><ymin>102</ymin><xmax>800</xmax><ymax>698</ymax></bndbox></object><object><name>proposal</name><bndbox><xmin>420</xmin><ymin>259</ymin><xmax>90</xmax><ymax>93</ymax></bndbox></object><object><name>proposal</name><bndbox><xmin>476</xmin><ymin>247</ymin><xmax>116</xmax><ymax>103</ymax></bndbox></object><object><name>proposal</name><bndbox><xmin>464</xmin><ymin>299</ymin><xmax>336</xmax><ymax>501</ymax></bndbox></object><object><name>proposal</name><bndbox><xmin>274</xmin><ymin>471</ymin><xmax>250</xmax><ymax>231</ymax></bndbox></object><object><name>proposal</name><bndbox><xmin>434</xmin><ymin>109</ymin><xmax>366</xmax><ymax>691</ymax></bndbox></object><object><name>proposal</name><bndbox><xmin>417</xmin><ymin>261</ymin><xmax>170</xmax><ymax>113</ymax></bndbox></object><object><name>proposal</name><bndbox><xmin>472</xmin><ymin>243</ymin><xmax>132</xmax><ymax>120</ymax></bndbox></object><object><name>proposal</name><bndbox><xmin>472</xmin><ymin>221</ymin><xmax>132</xmax><ymax>192</ymax></bndbox></object><object><name>proposal</name><bndbox><xmin>532</xmin><ymin>115</ymin><xmax>268</xmax><ymax>685</ymax></bndbox></object><object><name>proposal</name><bndbox><xmin>202</xmin><ymin>243</ymin><xmax>485</xmax><ymax>255</ymax></bndbox></object><object><name>proposal</name><bndbox><xmin>0</xmin><ymin>227</ymin><xmax>327</xmax><ymax>573</ymax></bndbox></object><object><name>proposal</name><bndbox><xmin>45</xmin><ymin>32</ymin><xmax>755</xmax><ymax>768</ymax></bndbox></object><object><name>proposal</name><bndbox><xmin>467</xmin><ymin>548</ymin><xmax>333</xmax><ymax>252</ymax></bndbox></object><object><name>proposal</name><bndbox><xmin>500</xmin><ymin>249</ymin><xmax>80</xmax><ymax>59</ymax></bndbox></object><object><name>proposal</name><bndbox><xmin>476</xmin><ymin>258</ymin><xmax>88</xmax><ymax>98</ymax></bndbox></object><object><name>proposal</name><bndbox><xmin>0</xmin><ymin>355</ymin><xmax>660</xmax><ymax>445</ymax></bndbox></object><object><name>proposal</name><bndbox><xmin>467</xmin><ymin>548</ymin><xmax>206</xmax><ymax>252</ymax></bndbox></object><object><name>proposal</name><bndbox><xmin>326</xmin><ymin>202</ymin><xmax>375</xmax><ymax>342</ymax></bndbox></object></annotation>