<annotation><folder>Proposals</folder><filename>img-320.jpg</filename><size><width>688</width><height>300</height><depth>3</depth></size><object><name>proposal</name><bndbox><xmin>0</xmin><ymin>370</ymin><xmax>800</xmax><ymax>430</ymax></bndbox></object><object><name>proposal</name><bndbox><xmin>335</xmin><ymin>45</ymin><xmax>67</xmax><ymax>113</ymax></bndbox></object><object><name>proposal</name><bndbox><xmin>0</xmin><ymin>203</ymin><xmax>391</xmax><ymax>282</ymax></bndbox></object><object><name>proposal</name><bndbox><xmin>0</xmin><ymin>355</ymin><xmax>800</xmax><ymax>445</ymax></bndbox></object><object><name>proposal</name><bndbox><xmin>0</xmin><ymin>0</ymin><xmax>800</xmax><ymax>691</ymax></bndbox></object><object><name>proposal</name><bndbox><xmin>394</xmin><ymin>397</ymin><xmax>361</xmax><ymax>229</ymax></bndbox></object><object><name>proposal</name><bndbox><xmin>470</xmin><ymin>292</ymin><xmax>330</xmax><ymax>253</ymax></bndbox></object><object><name>proposal</name><bndbox><xmin>327</xmin><ymin>88</ymin><xmax>118</xmax><ymax>88</ymax></bndbox></object><object><name>proposal</name><bndbox><xmin>308</xmin><ymin>51</ymin><xmax>124</xmax><ymax>112</ymax></bndbox></object><object><name>proposal</name><bndbox><xmin>310</xmin><ymin>58</ymin><xmax>112</xmax><ymax>109</ymax></bndbox></object><object><name>proposal</name><bndbox><xmin>478</xmin><ymin>326</ymin><xmax>322</xmax><ymax>474</ymax></bndbox></object><object><name>proposal</name><bndbox><xmin>0</xmin><ymin>203</ymin><xmax>800</xmax><ymax>508</ymax></bndbox></object><object><name>proposal</name><bndbox><xmin>386</xmin><ymin>288</ymin><xmax>414</xmax><ymax>338</ymax></bndbox></object><object><name>proposal</name><bndbox><xmin>174</xmin><ymin>376</ymin><xmax>327</xmax><ymax>244</ymax></bndbox></object><object><name>proposal</name><bndbox><xmin>13</xmin><ymin>294</ymin><xmax>351</xmax><ymax>305</ymax></bndbox></object><object><name>proposal</name><bndbox><xmin>81</xmin><ymin>279</ymin><xmax>292</xmax><ymax>214</ymax></bndbox></object><object><name>proposal</name><bndbox><xmin>542</xmin><ymin>54</ymin><xmax>258</xmax><ymax>590</ymax></bndbox></object><object><name>proposal</name><bndbox><xmin>300</xmin><ymin>58</ymin><xmax>118</xmax><ymax>111</ymax></bndbox></object><object><name>proposal</name><bndbox><xmin>74</xmin><ymin>256</ymin><xmax>434</xmax><ymax>230</ymax></bndbox></object><object><name>proposal</name><bndbox><xmin>174</xmin><ymin>376</ymin><xmax>327</xmax><ymax>229</ymax></bndbox></object><object><name>proposal</name><bndbox><xmin>419</xmin><ymin>355</ymin><xmax>381</xmax><ymax>297</ymax></bndbox></object><object><name>proposal</name><bndbox><xmin>49</xmin><ymin>288</ymin><xmax>336</xmax><ymax>200</ymax></bndbox></object><object><name>proposal</name><bndbox><xmin>0</xmin><ymin>467</ymin><xmax>800</xmax><ymax>333</ymax></bndbox></object><object><name>proposal</name><bndbox><xmin>124</xmin><ymin>292</ymin><xmax>676</xmax><ymax>373</ymax></bndbox></object><object><name>proposal</name><bndbox><xmin>175</xmin><ymin>317</ymin><xmax>315</xmax><ymax>291</ymax></bndbox></object><object><name>proposal</name><bndbox><xmin>349</xmin><ymin>290</ymin><xmax>362</xmax><ymax>189</ymax></bndbox></object><object><name>proposal</name><bndbox><xmin>328</xmin><ymin>81</ymin><xmax>70</xmax><ymax>59</ymax></bndbox></object><object><name>proposal</name><bndbox><xmin>357</xmin><ymin>106</ymin><xmax>60</xmax><ymax>70</ymax></bndbox></object><object><name>proposal</name><bndbox><xmin>300</xmin><ymin>51</ymin><xmax>132</xmax><ymax>115</ymax></bndbox></object><object><name>proposal</name><bndbox><xmin>328</xmin><ymin>0</ymin><xmax>118</xmax><ymax>155</ymax></bndbox></object><object><name>proposal</name><bndbox><xmin>371</xmin><ymin>315</ymin><xmax>367</xmax><ymax>194</ymax></bndbox></object><object><name>proposal</name><bndbox><xmin>124</xmin><ymin>287</ymin><xmax>586</xmax><ymax>175</ymax></bndbox></object><object><name>proposal</name><bndbox><xmin>52</xmin><ymin>445</ymin><xmax>621</xmax><ymax>355</ymax></bndbox></object><object><name>proposal</name><bndbox><xmin>81</xmin><ymin>279</ymin><xmax>304</xmax><ymax>255</ymax></bndbox></object><object><name>proposal</name><bndbox><xmin>314</xmin><ymin>45</ymin><xmax>100</xmax><ymax>96</ymax></bndbox></object><object><name>proposal</name><bndbox><xmin>355</xmin><ymin>93</ymin><xmax>71</xmax><ymax>145</ymax></bndbox></object><object><name>proposal</name><bndbox><xmin>419</xmin><ymin>371</ymin><xmax>381</xmax><ymax>281</ymax></bndbox></object><object><name>proposal</name><bndbox><xmin>109</xmin><ymin>279</ymin><xmax>448</xmax><ymax>191</ymax></bndbox></object><object><name>proposal</name><bndbox><xmin>0</xmin><ymin>265</ymin><xmax>205</xmax><ymax>398</ymax></bndbox></object><object><name>proposal</name><bndbox><xmin>470</xmin><ymin>290</ymin><xmax>250</xmax><ymax>204</ymax></bndbox></object><object><name>proposal</name><bndbox><xmin>300</xmin><ymin>58</ymin><xmax>103</xmax><ymax>99</ymax></bndbox></object><object><name>proposal</name><bndbox><xmin>394</xmin><ymin>290</ymin><xmax>326</xmax><ymax>220</ymax></bndbox></object><object><name>proposal</name><bndbox><xmin>0</xmin><ymin>168</ymin><xmax>580</xmax><ymax>434</ymax></bndbox></object><object><name>proposal</name><bndbox><xmin>328</xmin><ymin>75</ymin><xmax>53</xmax><ymax>49</ymax></bndbox></object><object><name>proposal</name><bndbox><xmin>0</xmin><ymin>216</ymin><xmax>800</xmax><ymax>448</ymax></bndbox></object><object><name>proposal</name><bndbox><xmin>0</xmin><ymin>216</ymin><xmax>391</xmax><ymax>269</ymax></bndbox></object><object><name>proposal</name><bndbox><xmin>0</xmin><ymin>0</ymin><xmax>800</xmax><ymax>663</ymax></bndbox></object><object><name>proposal</name><bndbox><xmin>363</xmin><ymin>0</ymin><xmax>437</xmax><ymax>497</ymax></bndbox></object><object><name>proposal</name><bndbox><xmin>138</xmin><ymin>273</ymin><xmax>253</xmax><ymax>212</ymax></bndbox></object><object><name>proposal</name><bndbox><xmin>124</xmin><ymin>287</ymin><xmax>590</xmax><ymax>180</ymax></bndbox></object><object><name>proposal</name><bndbox><xmin>74</xmin><ymin>256</ymin><xmax>396</xmax><ymax>171</ymax></bndbox></object><object><name>proposal</name><bndbox><xmin>0</xmin><ymin>347</ymin><xmax>800</xmax><ymax>453</ymax></bndbox></object><object><name>proposal</name><bndbox><xmin>0</xmin><ymin>168</ymin><xmax>800</xmax><ymax>632</ymax></bndbox></object><object><name>proposal</name><bndbox><xmin>0</xmin><ymin>408</ymin><xmax>361</xmax><ymax>255</ymax></bndbox></object><object><name>proposal</name><bndbox><xmin>202</xmin><ymin>192</ymin><xmax>598</xmax><ymax>305</ymax></bndbox></object><object><name>proposal</name><bndbox><xmin>0</xmin><ymin>0</ymin><xmax>800</xmax><ymax>445</ymax></bndbox></object><object><name>proposal</name><bndbox><xmin>0</xmin><ymin>216</ymin><xmax>738</xmax><ymax>404</ymax></bndbox></object><object><name>proposal</name><bndbox><xmin>310</xmin><ymin>58</ymin><xmax>95</xmax><ymax>96</ymax></bndbox></object><object><name>proposal</name><bndbox><xmin>0</xmin><ymin>203</ymin><xmax>611</xmax><ymax>597</ymax></bndbox></object><object><name>proposal</name><bndbox><xmin>328</xmin><ymin>82</ymin><xmax>75</xmax><ymax>75</ymax></bndbox></object><object><name>proposal</name><bndbox><xmin>83</xmin><ymin>263</ymin><xmax>302</xmax><ymax>191</ymax></bndbox></object><object><name>proposal</name><bndbox><xmin>10</xmin><ymin>168</ymin><xmax>790</xmax><ymax>501</ymax></bndbox></object><object><name>proposal</name><bndbox><xmin>0</xmin><ymin>406</ymin><xmax>361</xmax><ymax>254</ymax></bndbox></object><object><name>proposal</name><bndbox><xmin>173</xmin><ymin>380</ymin><xmax>328</xmax><ymax>220</ymax></bndbox></object><object><name>proposal</name><bndbox><xmin>329</xmin><ymin>59</ymin><xmax>103</xmax><ymax>110</ymax></bndbox></object><object><name>proposal</name><bndbox><xmin>0</xmin><ymin>265</ymin><xmax>623</xmax><ymax>398</ymax></bndbox></object><object><name>proposal</name><bndbox><xmin>11</xmin><ymin>192</ymin><xmax>782</xmax><ymax>480</ymax></bndbox></object><object><name>proposal</name><bndbox><xmin>0</xmin><ymin>195</ymin><xmax>771</xmax><ymax>240</ymax></bndbox></object><object><name>proposal</name><bndbox><xmin>0</xmin><ymin>383</ymin><xmax>800</xmax><ymax>417</ymax></bndbox></object><object><name>proposal</name><bndbox><xmin>308</xmin><ymin>58</ymin><xmax>64</xmax><ymax>105</ymax></bndbox></object><object><name>proposal</name><bndbox><xmin>124</xmin><ymin>292</ymin><xmax>676</xmax><ymax>205</ymax></bndbox></object><object><name>proposal</name><bndbox><xmin>0</xmin><ymin>406</ymin><xmax>362</xmax><ymax>300</ymax></bndbox></object><object><name>proposal</name><bndbox><xmin>416</xmin><ymin>188</ymin><xmax>384</xmax><ymax>334</ymax></bndbox></object><object><name>proposal</name><bndbox><xmin>124</xmin><ymin>287</ymin><xmax>586</xmax><ymax>158</ymax></bndbox></object><object><name>proposal</name><bndbox><xmin>127</xmin><ymin>290</ymin><xmax>593</xmax><ymax>311</ymax></bndbox></object><object><name>proposal</name><bndbox><xmin>0</xmin><ymin>168</ymin><xmax>343</xmax><ymax>565</ymax></bndbox></object><object><name>proposal</name><bndbox><xmin>329</xmin><ymin>61</ymin><xmax>85</xmax><ymax>102</ymax></bndbox></object><object><name>proposal</name><bndbox><xmin>394</xmin><ymin>290</ymin><xmax>406</xmax><ymax>510</ymax></bndbox></object><object><name>proposal</name><bndbox><xmin>125</xmin><ymin>289</ymin><xmax>486</xmax><ymax>321</ymax></bndbox></object><object><name>proposal</name><bndbox><xmin>164</xmin><ymin>365</ymin><xmax>416</xmax><ymax>237</ymax></bndbox></object><object><name>proposal</name><bndbox><xmin>124</xmin><ymin>300</ymin><xmax>375</xmax><ymax>168</ymax></bndbox></object><object><name>proposal</name><bndbox><xmin>174</xmin><ymin>376</ymin><xmax>327</xmax><ymax>222</ymax></bndbox></object><object><name>proposal</name><bndbox><xmin>549</xmin><ymin>272</ymin><xmax>251</xmax><ymax>419</ymax></bndbox></object><object><name>proposal</name><bndbox><xmin>0</xmin><ymin>0</ymin><xmax>800</xmax><ymax>454</ymax></bndbox></object><object><name>proposal</name><bndbox><xmin>287</xmin><ymin>55</ymin><xmax>142</xmax><ymax>183</ymax></bndbox></object><object><name>proposal</name><bndbox><xmin>0</xmin><ymin>410</ymin><xmax>800</xmax><ymax>390</ymax></bndbox></object><object><name>proposal</name><bndbox><xmin>0</xmin><ymin>0</ymin><xmax>800</xmax><ymax>670</ymax></bndbox></object><object><name>proposal</name><bndbox><xmin>0</xmin><ymin>0</ymin><xmax>530</xmax><ymax>733</ymax></bndbox></object><object><name>proposal</name><bndbox><xmin>157</xmin><ymin>367</ymin><xmax>333</xmax><ymax>241</ymax></bndbox></object><object><name>proposal</name><bndbox><xmin>32</xmin><ymin>257</ymin><xmax>500</xmax><ymax>363</ymax></bndbox></object><object><name>proposal</name><bndbox><xmin>0</xmin><ymin>0</ymin><xmax>800</xmax><ymax>656</ymax></bndbox></object><object><name>proposal</name><bndbox><xmin>337</xmin><ymin>85</ymin><xmax>65</xmax><ymax>56</ymax></bndbox></object><object><name>proposal</name><bndbox><xmin>364</xmin><ymin>195</ymin><xmax>407</xmax><ymax>315</ymax></bndbox></object><object><name>proposal</name><bndbox><xmin>0</xmin><ymin>264</ymin><xmax>197</xmax><ymax>336</ymax></bndbox></object><object><name>proposal</name><bndbox><xmin>328</xmin><ymin>0</ymin><xmax>106</xmax><ymax>155</ymax></bndbox></object><object><name>proposal</name><bndbox><xmin>312</xmin><ymin>66</ymin><xmax>104</xmax><ymax>90</ymax></bndbox></object><object><name>proposal</name><bndbox><xmin>0</xmin><ymin>243</ymin><xmax>800</xmax><ymax>557</ymax></bndbox></object><object><name>proposal</name><bndbox><xmin>280</xmin><ymin>255</ymin><xmax>520</xmax><ymax>397</ymax></bndbox></object><object><name>proposal</name><bndbox><xmin>82</xmin><ymin>327</ymin><xmax>402</xmax><ymax>269</ymax></bndbox></object><object><name>proposal</name><bndbox><xmin>132</xmin><ymin>459</ymin><xmax>668</xmax><ymax>341</ymax></bndbox></object><object><name>proposal</name><bndbox><xmin>300</xmin><ymin>51</ymin><xmax>132</xmax><ymax>118</ymax></bndbox></object><object><name>proposal</name><bndbox><xmin>113</xmin><ymin>288</ymin><xmax>656</xmax><ymax>191</ymax></bndbox></object><object><name>proposal</name><bndbox><xmin>0</xmin><ymin>460</ymin><xmax>800</xmax><ymax>340</ymax></bndbox></object><object><name>proposal</name><bndbox><xmin>0</xmin><ymin>0</ymin><xmax>800</xmax><ymax>444</ymax></bndbox></object><object><name>proposal</name><bndbox><xmin>0</xmin><ymin>203</ymin><xmax>388</xmax><ymax>597</ymax></bndbox></object><object><name>proposal</name><bndbox><xmin>445</xmin><ymin>284</ymin><xmax>265</xmax><ymax>213</ymax></bndbox></object><object><name>proposal</name><bndbox><xmin>0</xmin><ymin>397</ymin><xmax>428</xmax><ymax>403</ymax></bndbox></object><object><name>proposal</name><bndbox><xmin>81</xmin><ymin>263</ymin><xmax>292</xmax><ymax>222</ymax></bndbox></object><object><name>proposal</name><bndbox><xmin>310</xmin><ymin>58</ymin><xmax>93</xmax><ymax>99</ymax></bndbox></object><object><name>proposal</name><bndbox><xmin>405</xmin><ymin>351</ymin><xmax>281</xmax><ymax>222</ymax></bndbox></object><object><name>proposal</name><bndbox><xmin>300</xmin><ymin>58</ymin><xmax>132</xmax><ymax>108</ymax></bndbox></object><object><name>proposal</name><bndbox><xmin>81</xmin><ymin>315</ymin><xmax>472</xmax><ymax>304</ymax></bndbox></object><object><name>proposal</name><bndbox><xmin>0</xmin><ymin>0</ymin><xmax>590</xmax><ymax>602</ymax></bndbox></object><object><name>proposal</name><bndbox><xmin>349</xmin><ymin>288</ymin><xmax>362</xmax><ymax>191</ymax></bndbox></object><object><name>proposal</name><bndbox><xmin>0</xmin><ymin>262</ymin><xmax>800</xmax><ymax>538</ymax></bndbox></object><object><name>proposal</name><bndbox><xmin>0</xmin><ymin>253</ymin><xmax>434</xmax><ymax>384</ymax></bndbox></object><object><name>proposal</name><bndbox><xmin>328</xmin><ymin>59</ymin><xmax>54</xmax><ymax>79</ymax></bndbox></object><object><name>proposal</name><bndbox><xmin>377</xmin><ymin>88</ymin><xmax>55</xmax><ymax>78</ymax></bndbox></object><object><name>proposal</name><bndbox><xmin>377</xmin><ymin>93</ymin><xmax>41</xmax><ymax>73</ymax></bndbox></object><object><name>proposal</name><bndbox><xmin>81</xmin><ymin>279</ymin><xmax>304</xmax><ymax>206</ymax></bndbox></object><object><name>proposal</name><bndbox><xmin>308</xmin><ymin>51</ymin><xmax>106</xmax><ymax>112</ymax></bndbox></object><object><name>proposal</name><bndbox><xmin>300</xmin><ymin>51</ymin><xmax>118</xmax><ymax>118</ymax></bndbox></object><object><name>proposal</name><bndbox><xmin>0</xmin><ymin>157</ymin><xmax>800</xmax><ymax>643</ymax></bndbox></object><object><name>proposal</name><bndbox><xmin>0</xmin><ymin>0</ymin><xmax>800</xmax><ymax>472</ymax></bndbox></object><object><name>proposal</name><bndbox><xmin>174</xmin><ymin>288</ymin><xmax>544</xmax><ymax>332</ymax></bndbox></object><object><name>proposal</name><bndbox><xmin>0</xmin><ymin>0</ymin><xmax>611</xmax><ymax>604</ymax></bndbox></object><object><name>proposal</name><bndbox><xmin>173</xmin><ymin>380</ymin><xmax>333</xmax><ymax>219</ymax></bndbox></object><object><name>proposal</name><bndbox><xmin>314</xmin><ymin>45</ymin><xmax>100</xmax><ymax>93</ymax></bndbox></object><object><name>proposal</name><bndbox><xmin>433</xmin><ymin>351</ymin><xmax>237</xmax><ymax>213</ymax></bndbox></object><object><name>proposal</name><bndbox><xmin>0</xmin><ymin>320</ymin><xmax>800</xmax><ymax>480</ymax></bndbox></object><object><name>proposal</name><bndbox><xmin>0</xmin><ymin>406</ymin><xmax>320</xmax><ymax>300</ymax></bndbox></object><object><name>proposal</name><bndbox><xmin>283</xmin><ymin>27</ymin><xmax>126</xmax><ymax>152</ymax></bndbox></object><object><name>proposal</name><bndbox><xmin>0</xmin><ymin>0</ymin><xmax>800</xmax><ymax>457</ymax></bndbox></object><object><name>proposal</name><bndbox><xmin>283</xmin><ymin>0</ymin><xmax>517</xmax><ymax>497</ymax></bndbox></object><object><name>proposal</name><bndbox><xmin>0</xmin><ymin>371</ymin><xmax>800</xmax><ymax>429</ymax></bndbox></object><object><name>proposal</name><bndbox><xmin>74</xmin><ymin>256</ymin><xmax>405</xmax><ymax>179</ymax></bndbox></object><object><name>proposal</name><bndbox><xmin>470</xmin><ymin>290</ymin><xmax>236</xmax><ymax>204</ymax></bndbox></object><object><name>proposal</name><bndbox><xmin>124</xmin><ymin>299</ymin><xmax>470</xmax><ymax>146</ymax></bndbox></object><object><name>proposal</name><bndbox><xmin>308</xmin><ymin>58</ymin><xmax>124</xmax><ymax>105</ymax></bndbox></object><object><name>proposal</name><bndbox><xmin>0</xmin><ymin>173</ymin><xmax>545</xmax><ymax>399</ymax></bndbox></object><object><name>proposal</name><bndbox><xmin>0</xmin><ymin>458</ymin><xmax>800</xmax><ymax>342</ymax></bndbox></object><object><name>proposal</name><bndbox><xmin>382</xmin><ymin>93</ymin><xmax>40</xmax><ymax>74</ymax></bndbox></object><object><name>proposal</name><bndbox><xmin>311</xmin><ymin>59</ymin><xmax>111</xmax><ymax>108</ymax></bndbox></object><object><name>proposal</name><bndbox><xmin>364</xmin><ymin>0</ymin><xmax>436</xmax><ymax>800</ymax></bndbox></object><object><name>proposal</name><bndbox><xmin>368</xmin><ymin>290</ymin><xmax>401</xmax><ymax>189</ymax></bndbox></object><object><name>proposal</name><bndbox><xmin>386</xmin><ymin>315</ymin><xmax>352</xmax><ymax>183</ymax></bndbox></object><object><name>proposal</name><bndbox><xmin>355</xmin><ymin>192</ymin><xmax>445</xmax><ymax>608</ymax></bndbox></object><object><name>proposal</name><bndbox><xmin>0</xmin><ymin>259</ymin><xmax>611</xmax><ymax>345</ymax></bndbox></object><object><name>proposal</name><bndbox><xmin>124</xmin><ymin>303</ymin><xmax>384</xmax><ymax>183</ymax></bndbox></object><object><name>proposal</name><bndbox><xmin>364</xmin><ymin>0</ymin><xmax>436</xmax><ymax>691</ymax></bndbox></object><object><name>proposal</name><bndbox><xmin>287</xmin><ymin>0</ymin><xmax>159</xmax><ymax>179</ymax></bndbox></object><object><name>proposal</name><bndbox><xmin>0</xmin><ymin>264</ymin><xmax>214</xmax><ymax>363</ymax></bndbox></object><object><name>proposal</name><bndbox><xmin>308</xmin><ymin>51</ymin><xmax>74</xmax><ymax>112</ymax></bndbox></object><object><name>proposal</name><bndbox><xmin>124</xmin><ymin>255</ymin><xmax>676</xmax><ymax>397</ymax></bndbox></object><object><name>proposal</name><bndbox><xmin>0</xmin><ymin>0</ymin><xmax>800</xmax><ymax>420</ymax></bndbox></object><object><name>proposal</name><bndbox><xmin>164</xmin><ymin>367</ymin><xmax>416</xmax><ymax>224</ymax></bndbox></object><object><name>proposal</name><bndbox><xmin>0</xmin><ymin>173</ymin><xmax>458</xmax><ymax>315</ymax></bndbox></object><object><name>proposal</name><bndbox><xmin>394</xmin><ymin>201</ymin><xmax>406</xmax><ymax>599</ymax></bndbox></object><object><name>proposal</name><bndbox><xmin>0</xmin><ymin>408</ymin><xmax>361</xmax><ymax>252</ymax></bndbox></object><object><name>proposal</name><bndbox><xmin>161</xmin><ymin>351</ymin><xmax>525</xmax><ymax>249</ymax></bndbox></object><object><name>proposal</name><bndbox><xmin>0</xmin><ymin>383</ymin><xmax>286</xmax><ymax>241</ymax></bndbox></object><object><name>proposal</name><bndbox><xmin>310</xmin><ymin>58</ymin><xmax>54</xmax><ymax>96</ymax></bndbox></object><object><name>proposal</name><bndbox><xmin>0</xmin><ymin>0</ymin><xmax>800</xmax><ymax>661</ymax></bndbox></object><object><name>proposal</name><bndbox><xmin>287</xmin><ymin>55</ymin><xmax>139</xmax><ymax>209</ymax></bndbox></object><object><name>proposal</name><bndbox><xmin>0</xmin><ymin>397</ymin><xmax>421</xmax><ymax>403</ymax></bndbox></object><object><name>proposal</name><bndbox><xmin>0</xmin><ymin>265</ymin><xmax>197</xmax><ymax>398</ymax></bndbox></object><object><name>proposal</name><bndbox><xmin>416</xmin><ymin>195</ymin><xmax>325</xmax><ymax>302</ymax></bndbox></object><object><name>proposal</name><bndbox><xmin>0</xmin><ymin>203</ymin><xmax>479</xmax><ymax>282</ymax></bndbox></object><object><name>proposal</name><bndbox><xmin>0</xmin><ymin>201</ymin><xmax>343</xmax><ymax>344</ymax></bndbox></object><object><name>proposal</name><bndbox><xmin>357</xmin><ymin>88</ymin><xmax>88</xmax><ymax>88</ymax></bndbox></object><object><name>proposal</name><bndbox><xmin>313</xmin><ymin>195</ymin><xmax>458</xmax><ymax>240</ymax></bndbox></object><object><name>proposal</name><bndbox><xmin>478</xmin><ymin>326</ymin><xmax>322</xmax><ymax>294</ymax></bndbox></object><object><name>proposal</name><bndbox><xmin>0</xmin><ymin>425</ymin><xmax>800</xmax><ymax>375</ymax></bndbox></object><object><name>proposal</name><bndbox><xmin>355</xmin><ymin>93</ymin><xmax>71</xmax><ymax>171</ymax></bndbox></object><object><name>proposal</name><bndbox><xmin>308</xmin><ymin>51</ymin><xmax>110</xmax><ymax>115</ymax></bndbox></object><object><name>proposal</name><bndbox><xmin>0</xmin><ymin>0</ymin><xmax>800</xmax><ymax>657</ymax></bndbox></object><object><name>proposal</name><bndbox><xmin>122</xmin><ymin>300</ymin><xmax>489</xmax><ymax>310</ymax></bndbox></object><object><name>proposal</name><bndbox><xmin>461</xmin><ymin>0</ymin><xmax>339</xmax><ymax>644</ymax></bndbox></object><object><name>proposal</name><bndbox><xmin>223</xmin><ymin>292</ymin><xmax>577</xmax><ymax>205</ymax></bndbox></object><object><name>proposal</name><bndbox><xmin>0</xmin><ymin>406</ymin><xmax>597</xmax><ymax>394</ymax></bndbox></object><object><name>proposal</name><bndbox><xmin>0</xmin><ymin>203</ymin><xmax>508</xmax><ymax>283</ymax></bndbox></object><object><name>proposal</name><bndbox><xmin>0</xmin><ymin>243</ymin><xmax>635</xmax><ymax>348</ymax></bndbox></object><object><name>proposal</name><bndbox><xmin>0</xmin><ymin>203</ymin><xmax>388</xmax><ymax>291</ymax></bndbox></object><object><name>proposal</name><bndbox><xmin>308</xmin><ymin>51</ymin><xmax>124</xmax><ymax>115</ymax></bndbox></object><object><name>proposal</name><bndbox><xmin>308</xmin><ymin>58</ymin><xmax>56</xmax><ymax>105</ymax></bndbox></object><object><name>proposal</name><bndbox><xmin>161</xmin><ymin>358</ymin><xmax>340</xmax><ymax>240</ymax></bndbox></object><object><name>proposal</name><bndbox><xmin>356</xmin><ymin>0</ymin><xmax>444</xmax><ymax>509</ymax></bndbox></object><object><name>proposal</name><bndbox><xmin>157</xmin><ymin>317</ymin><xmax>333</xmax><ymax>291</ymax></bndbox></object><object><name>proposal</name><bndbox><xmin>419</xmin><ymin>355</ymin><xmax>381</xmax><ymax>308</ymax></bndbox></object><object><name>proposal</name><bndbox><xmin>364</xmin><ymin>195</ymin><xmax>407</xmax><ymax>299</ymax></bndbox></object><object><name>proposal</name><bndbox><xmin>312</xmin><ymin>66</ymin><xmax>101</xmax><ymax>90</ymax></bndbox></object><object><name>proposal</name><bndbox><xmin>283</xmin><ymin>0</ymin><xmax>517</xmax><ymax>701</ymax></bndbox></object><object><name>proposal</name><bndbox><xmin>0</xmin><ymin>203</ymin><xmax>611</xmax><ymax>401</ymax></bndbox></object><object><name>proposal</name><bndbox><xmin>419</xmin><ymin>402</ymin><xmax>336</xmax><ymax>248</ymax></bndbox></object><object><name>proposal</name><bndbox><xmin>328</xmin><ymin>67</ymin><xmax>75</xmax><ymax>90</ymax></bndbox></object><object><name>proposal</name><bndbox><xmin>0</xmin><ymin>385</ymin><xmax>800</xmax><ymax>415</ymax></bndbox></object><object><name>proposal</name><bndbox><xmin>364</xmin><ymin>195</ymin><xmax>407</xmax><ymax>240</ymax></bndbox></object><object><name>proposal</name><bndbox><xmin>157</xmin><ymin>380</ymin><xmax>349</xmax><ymax>220</ymax></bndbox></object><object><name>proposal</name><bndbox><xmin>179</xmin><ymin>315</ymin><xmax>374</xmax><ymax>281</ymax></bndbox></object><object><name>proposal</name><bndbox><xmin>0</xmin><ymin>203</ymin><xmax>391</xmax><ymax>508</ymax></bndbox></object><object><name>proposal</name><bndbox><xmin>334</xmin><ymin>0</ymin><xmax>112</xmax><ymax>128</ymax></bndbox></object><object><name>proposal</name><bndbox><xmin>310</xmin><ymin>58</ymin><xmax>66</xmax><ymax>99</ymax></bndbox></object><object><name>proposal</name><bndbox><xmin>328</xmin><ymin>81</ymin><xmax>70</xmax><ymax>46</ymax></bndbox></object><object><name>proposal</name><bndbox><xmin>349</xmin><ymin>315</ymin><xmax>332</xmax><ymax>158</ymax></bndbox></object><object><name>proposal</name><bndbox><xmin>0</xmin><ymin>0</ymin><xmax>590</xmax><ymax>485</ymax></bndbox></object><object><name>proposal</name><bndbox><xmin>356</xmin><ymin>0</ymin><xmax>444</xmax><ymax>652</ymax></bndbox></object><object><name>proposal</name><bndbox><xmin>469</xmin><ymin>355</ymin><xmax>331</xmax><ymax>445</ymax></bndbox></object><object><name>proposal</name><bndbox><xmin>175</xmin><ymin>367</ymin><xmax>315</xmax><ymax>241</ymax></bndbox></object><object><name>proposal</name><bndbox><xmin>0</xmin><ymin>253</ymin><xmax>720</xmax><ymax>384</ymax></bndbox></object><object><name>proposal</name><bndbox><xmin>454</xmin><ymin>291</ymin><xmax>268</xmax><ymax>231</ymax></bndbox></object><object><name>proposal</name><bndbox><xmin>173</xmin><ymin>380</ymin><xmax>328</xmax><ymax>219</ymax></bndbox></object><object><name>proposal</name><bndbox><xmin>124</xmin><ymin>164</ymin><xmax>676</xmax><ymax>333</ymax></bndbox></object><object><name>proposal</name><bndbox><xmin>313</xmin><ymin>195</ymin><xmax>458</xmax><ymax>315</ymax></bndbox></object><object><name>proposal</name><bndbox><xmin>349</xmin><ymin>288</ymin><xmax>369</xmax><ymax>191</ymax></bndbox></object><object><name>proposal</name><bndbox><xmin>0</xmin><ymin>203</ymin><xmax>214</xmax><ymax>460</ymax></bndbox></object><object><name>proposal</name><bndbox><xmin>314</xmin><ymin>66</ymin><xmax>99</xmax><ymax>89</ymax></bndbox></object><object><name>proposal</name><bndbox><xmin>300</xmin><ymin>51</ymin><xmax>81</xmax><ymax>112</ymax></bndbox></object><object><name>proposal</name><bndbox><xmin>311</xmin><ymin>59</ymin><xmax>103</xmax><ymax>96</ymax></bndbox></object><object><name>proposal</name><bndbox><xmin>0</xmin><ymin>0</ymin><xmax>800</xmax><ymax>800</ymax></bndbox></object><object><name>proposal</name><bndbox><xmin>377</xmin><ymin>88</ymin><xmax>68</xmax><ymax>88</ymax></bndbox></object><object><name>proposal</name><bndbox><xmin>0</xmin><ymin>354</ymin><xmax>800</xmax><ymax>446</ymax></bndbox></object><object><name>proposal</name><bndbox><xmin>0</xmin><ymin>265</ymin><xmax>214</xmax><ymax>398</ymax></bndbox></object><object><name>proposal</name><bndbox><xmin>332</xmin><ymin>347</ymin><xmax>319</xmax><ymax>453</ymax></bndbox></object><object><name>proposal</name><bndbox><xmin>287</xmin><ymin>55</ymin><xmax>111</xmax><ymax>124</ymax></bndbox></object><object><name>proposal</name><bndbox><xmin>287</xmin><ymin>55</ymin><xmax>139</xmax><ymax>183</ymax></bndbox></object><object><name>proposal</name><bndbox><xmin>329</xmin><ymin>58</ymin><xmax>85</xmax><ymax>105</ymax></bndbox></object><object><name>proposal</name><bndbox><xmin>332</xmin><ymin>51</ymin><xmax>82</xmax><ymax>68</ymax></bndbox></object><object><name>proposal</name><bndbox><xmin>337</xmin><ymin>50</ymin><xmax>72</xmax><ymax>91</ymax></bndbox></object><object><name>proposal</name><bndbox><xmin>0</xmin><ymin>253</ymin><xmax>388</xmax><ymax>384</ymax></bndbox></object><object><name>proposal</name><bndbox><xmin>0</xmin><ymin>408</ymin><xmax>585</xmax><ymax>392</ymax></bndbox></object><object><name>proposal</name><bndbox><xmin>223</xmin><ymin>292</ymin><xmax>477</xmax><ymax>205</ymax></bndbox></object><object><name>proposal</name><bndbox><xmin>0</xmin><ymin>0</ymin><xmax>623</xmax><ymax>800</ymax></bndbox></object><object><name>proposal</name><bndbox><xmin>0</xmin><ymin>168</ymin><xmax>343</xmax><ymax>377</ymax></bndbox></object><object><name>proposal</name><bndbox><xmin>81</xmin><ymin>279</ymin><xmax>476</xmax><ymax>340</ymax></bndbox></object><object><name>proposal</name><bndbox><xmin>0</xmin><ymin>203</ymin><xmax>580</xmax><ymax>416</ymax></bndbox></object><object><name>proposal</name><bndbox><xmin>0</xmin><ymin>203</ymin><xmax>388</xmax><ymax>255</ymax></bndbox></object><object><name>proposal</name><bndbox><xmin>329</xmin><ymin>58</ymin><xmax>89</xmax><ymax>111</ymax></bndbox></object><object><name>proposal</name><bndbox><xmin>386</xmin><ymin>0</ymin><xmax>414</xmax><ymax>626</ymax></bndbox></object><object><name>proposal</name><bndbox><xmin>124</xmin><ymin>261</ymin><xmax>590</xmax><ymax>206</ymax></bndbox></object><object><name>proposal</name><bndbox><xmin>127</xmin><ymin>303</ymin><xmax>496</xmax><ymax>298</ymax></bndbox></object><object><name>proposal</name><bndbox><xmin>0</xmin><ymin>464</ymin><xmax>800</xmax><ymax>336</ymax></bndbox></object><object><name>proposal</name><bndbox><xmin>164</xmin><ymin>374</ymin><xmax>636</xmax><ymax>291</ymax></bndbox></object><object><name>proposal</name><bndbox><xmin>109</xmin><ymin>279</ymin><xmax>448</xmax><ymax>233</ymax></bndbox></object><object><name>proposal</name><bndbox><xmin>0</xmin><ymin>0</ymin><xmax>604</xmax><ymax>454</ymax></bndbox></object><object><name>proposal</name><bndbox><xmin>178</xmin><ymin>358</ymin><xmax>326</xmax><ymax>261</ymax></bndbox></object><object><name>proposal</name><bndbox><xmin>0</xmin><ymin>254</ymin><xmax>800</xmax><ymax>546</ymax></bndbox></object><object><name>proposal</name><bndbox><xmin>287</xmin><ymin>55</ymin><xmax>75</xmax><ymax>124</ymax></bndbox></object><object><name>proposal</name><bndbox><xmin>419</xmin><ymin>355</ymin><xmax>381</xmax><ymax>445</ymax></bndbox></object><object><name>proposal</name><bndbox><xmin>53</xmin><ymin>288</ymin><xmax>716</xmax><ymax>200</ymax></bndbox></object><object><name>proposal</name><bndbox><xmin>125</xmin><ymin>300</ymin><xmax>486</xmax><ymax>310</ymax></bndbox></object><object><name>proposal</name><bndbox><xmin>283</xmin><ymin>27</ymin><xmax>162</xmax><ymax>152</ymax></bndbox></object><object><name>proposal</name><bndbox><xmin>308</xmin><ymin>59</ymin><xmax>124</xmax><ymax>107</ymax></bndbox></object><object><name>proposal</name><bndbox><xmin>329</xmin><ymin>59</ymin><xmax>89</xmax><ymax>110</ymax></bndbox></object><object><name>proposal</name><bndbox><xmin>126</xmin><ymin>192</ymin><xmax>674</xmax><ymax>608</ymax></bndbox></object><object><name>proposal</name><bndbox><xmin>0</xmin><ymin>0</ymin><xmax>800</xmax><ymax>602</ymax></bndbox></object><object><name>proposal</name><bndbox><xmin>416</xmin><ymin>195</ymin><xmax>384</xmax><ymax>302</ymax></bndbox></object><object><name>proposal</name><bndbox><xmin>0</xmin><ymin>397</ymin><xmax>286</xmax><ymax>213</ymax></bndbox></object><object><name>proposal</name><bndbox><xmin>364</xmin><ymin>192</ymin><xmax>407</xmax><ymax>243</ymax></bndbox></object><object><name>proposal</name><bndbox><xmin>0</xmin><ymin>408</ymin><xmax>361</xmax><ymax>229</ymax></bndbox></object><object><name>proposal</name><bndbox><xmin>0</xmin><ymin>0</ymin><xmax>673</xmax><ymax>800</ymax></bndbox></object><object><name>proposal</name><bndbox><xmin>179</xmin><ymin>315</ymin><xmax>374</xmax><ymax>304</ymax></bndbox></object><object><name>proposal</name><bndbox><xmin>356</xmin><ymin>140</ymin><xmax>444</xmax><ymax>369</ymax></bndbox></object><object><name>proposal</name><bndbox><xmin>335</xmin><ymin>45</ymin><xmax>82</xmax><ymax>131</ymax></bndbox></object><object><name>proposal</name><bndbox><xmin>447</xmin><ymin>157</ymin><xmax>353</xmax><ymax>643</ymax></bndbox></object><object><name>proposal</name><bndbox><xmin>314</xmin><ymin>59</ymin><xmax>68</xmax><ymax>79</ymax></bndbox></object><object><name>proposal</name><bndbox><xmin>377</xmin><ymin>74</ymin><xmax>40</xmax><ymax>102</ymax></bndbox></object><object><name>proposal</name><bndbox><xmin>334</xmin><ymin>60</ymin><xmax>80</xmax><ymax>80</ymax></bndbox></object><object><name>proposal</name><bndbox><xmin>353</xmin><ymin>0</ymin><xmax>447</xmax><ymax>664</ymax></bndbox></object><object><name>proposal</name><bndbox><xmin>309</xmin><ymin>58</ymin><xmax>113</xmax><ymax>109</ymax></bndbox></object><object><name>proposal</name><bndbox><xmin>0</xmin><ymin>216</ymin><xmax>385</xmax><ymax>238</ymax></bndbox></object><object><name>proposal</name><bndbox><xmin>124</xmin><ymin>201</ymin><xmax>355</xmax><ymax>241</ymax></bndbox></object><object><name>proposal</name><bndbox><xmin>0</xmin><ymin>0</ymin><xmax>800</xmax><ymax>601</ymax></bndbox></object><object><name>proposal</name><bndbox><xmin>0</xmin><ymin>203</ymin><xmax>280</xmax><ymax>597</ymax></bndbox></object><object><name>proposal</name><bndbox><xmin>0</xmin><ymin>292</ymin><xmax>800</xmax><ymax>508</ymax></bndbox></object><object><name>proposal</name><bndbox><xmin>0</xmin><ymin>406</ymin><xmax>362</xmax><ymax>305</ymax></bndbox></object><object><name>proposal</name><bndbox><xmin>0</xmin><ymin>294</ymin><xmax>508</xmax><ymax>506</ymax></bndbox></object><object><name>proposal</name><bndbox><xmin>308</xmin><ymin>58</ymin><xmax>106</xmax><ymax>105</ymax></bndbox></object><object><name>proposal</name><bndbox><xmin>381</xmin><ymin>63</ymin><xmax>41</xmax><ymax>104</ymax></bndbox></object><object><name>proposal</name><bndbox><xmin>0</xmin><ymin>0</ymin><xmax>800</xmax><ymax>664</ymax></bndbox></object><object><name>proposal</name><bndbox><xmin>178</xmin><ymin>306</ymin><xmax>379</xmax><ymax>313</ymax></bndbox></object><object><name>proposal</name><bndbox><xmin>157</xmin><ymin>317</ymin><xmax>395</xmax><ymax>291</ymax></bndbox></object><object><name>proposal</name><bndbox><xmin>0</xmin><ymin>406</ymin><xmax>362</xmax><ymax>394</ymax></bndbox></object><object><name>proposal</name><bndbox><xmin>357</xmin><ymin>50</ymin><xmax>88</xmax><ymax>126</ymax></bndbox></object><object><name>proposal</name><bndbox><xmin>334</xmin><ymin>0</ymin><xmax>100</xmax><ymax>149</ymax></bndbox></object><object><name>proposal</name><bndbox><xmin>405</xmin><ymin>351</ymin><xmax>265</xmax><ymax>222</ymax></bndbox></object><object><name>proposal</name><bndbox><xmin>10</xmin><ymin>168</ymin><xmax>790</xmax><ymax>489</ymax></bndbox></object><object><name>proposal</name><bndbox><xmin>82</xmin><ymin>327</ymin><xmax>253</xmax><ymax>236</ymax></bndbox></object><object><name>proposal</name><bndbox><xmin>0</xmin><ymin>203</ymin><xmax>434</xmax><ymax>460</ymax></bndbox></object><object><name>proposal</name><bndbox><xmin>126</xmin><ymin>299</ymin><xmax>485</xmax><ymax>501</ymax></bndbox></object><object><name>proposal</name><bndbox><xmin>0</xmin><ymin>450</ymin><xmax>800</xmax><ymax>350</ymax></bndbox></object><object><name>proposal</name><bndbox><xmin>337</xmin><ymin>85</ymin><xmax>65</xmax><ymax>73</ymax></bndbox></object><object><name>proposal</name><bndbox><xmin>328</xmin><ymin>0</ymin><xmax>106</xmax><ymax>140</ymax></bndbox></object><object><name>proposal</name><bndbox><xmin>280</xmin><ymin>347</ymin><xmax>385</xmax><ymax>248</ymax></bndbox></object><object><name>proposal</name><bndbox><xmin>162</xmin><ymin>336</ymin><xmax>339</xmax><ymax>260</ymax></bndbox></object><object><name>proposal</name><bndbox><xmin>0</xmin><ymin>0</ymin><xmax>800</xmax><ymax>644</ymax></bndbox></object><object><name>proposal</name><bndbox><xmin>416</xmin><ymin>0</ymin><xmax>384</xmax><ymax>522</ymax></bndbox></object><object><name>proposal</name><bndbox><xmin>356</xmin><ymin>0</ymin><xmax>444</xmax><ymax>657</ymax></bndbox></object><object><name>proposal</name><bndbox><xmin>328</xmin><ymin>60</ymin><xmax>101</xmax><ymax>204</ymax></bndbox></object><object><name>proposal</name><bndbox><xmin>139</xmin><ymin>288</ymin><xmax>393</xmax><ymax>181</ymax></bndbox></object></annotation>