<annotation><folder>Proposals</folder><filename>img-240.jpg</filename><size><width>720</width><height>720</height><depth>3</depth></size><object><name>proposal</name><bndbox><xmin>427</xmin><ymin>46</ymin><xmax>39</xmax><ymax>17</ymax></bndbox></object><object><name>proposal</name><bndbox><xmin>317</xmin><ymin>266</ymin><xmax>194</xmax><ymax>301</ymax></bndbox></object><object><name>proposal</name><bndbox><xmin>136</xmin><ymin>259</ymin><xmax>515</xmax><ymax>409</ymax></bndbox></object><object><name>proposal</name><bndbox><xmin>427</xmin><ymin>33</ymin><xmax>40</xmax><ymax>30</ymax></bndbox></object><object><name>proposal</name><bndbox><xmin>302</xmin><ymin>259</ymin><xmax>349</xmax><ymax>409</ymax></bndbox></object><object><name>proposal</name><bndbox><xmin>310</xmin><ymin>259</ymin><xmax>211</xmax><ymax>276</ymax></bndbox></object><object><name>proposal</name><bndbox><xmin>305</xmin><ymin>260</ymin><xmax>208</xmax><ymax>307</ymax></bndbox></object><object><name>proposal</name><bndbox><xmin>423</xmin><ymin>0</ymin><xmax>65</xmax><ymax>63</ymax></bndbox></object><object><name>proposal</name><bndbox><xmin>317</xmin><ymin>266</ymin><xmax>103</xmax><ymax>122</ymax></bndbox></object><object><name>proposal</name><bndbox><xmin>139</xmin><ymin>260</ymin><xmax>375</xmax><ymax>434</ymax></bndbox></object><object><name>proposal</name><bndbox><xmin>304</xmin><ymin>259</ymin><xmax>297</xmax><ymax>260</ymax></bndbox></object><object><name>proposal</name><bndbox><xmin>427</xmin><ymin>50</ymin><xmax>36</xmax><ymax>21</ymax></bndbox></object><object><name>proposal</name><bndbox><xmin>302</xmin><ymin>286</ymin><xmax>164</xmax><ymax>219</ymax></bndbox></object><object><name>proposal</name><bndbox><xmin>306</xmin><ymin>260</ymin><xmax>208</xmax><ymax>307</ymax></bndbox></object><object><name>proposal</name><bndbox><xmin>299</xmin><ymin>266</ymin><xmax>215</xmax><ymax>269</ymax></bndbox></object><object><name>proposal</name><bndbox><xmin>317</xmin><ymin>268</ymin><xmax>197</xmax><ymax>195</ymax></bndbox></object><object><name>proposal</name><bndbox><xmin>423</xmin><ymin>0</ymin><xmax>65</xmax><ymax>44</ymax></bndbox></object><object><name>proposal</name><bndbox><xmin>427</xmin><ymin>56</ymin><xmax>36</xmax><ymax>15</ymax></bndbox></object><object><name>proposal</name><bndbox><xmin>311</xmin><ymin>302</ymin><xmax>94</xmax><ymax>119</ymax></bndbox></object><object><name>proposal</name><bndbox><xmin>135</xmin><ymin>259</ymin><xmax>466</xmax><ymax>456</ymax></bndbox></object><object><name>proposal</name><bndbox><xmin>317</xmin><ymin>286</ymin><xmax>149</xmax><ymax>228</ymax></bndbox></object><object><name>proposal</name><bndbox><xmin>420</xmin><ymin>326</ymin><xmax>97</xmax><ymax>119</ymax></bndbox></object><object><name>proposal</name><bndbox><xmin>304</xmin><ymin>259</ymin><xmax>297</xmax><ymax>277</ymax></bndbox></object><object><name>proposal</name><bndbox><xmin>302</xmin><ymin>286</ymin><xmax>175</xmax><ymax>255</ymax></bndbox></object><object><name>proposal</name><bndbox><xmin>310</xmin><ymin>259</ymin><xmax>211</xmax><ymax>256</ymax></bndbox></object><object><name>proposal</name><bndbox><xmin>305</xmin><ymin>260</ymin><xmax>209</xmax><ymax>307</ymax></bndbox></object><object><name>proposal</name><bndbox><xmin>296</xmin><ymin>269</ymin><xmax>217</xmax><ymax>301</ymax></bndbox></object><object><name>proposal</name><bndbox><xmin>312</xmin><ymin>268</ymin><xmax>202</xmax><ymax>195</ymax></bndbox></object><object><name>proposal</name><bndbox><xmin>312</xmin><ymin>268</ymin><xmax>184</xmax><ymax>165</ymax></bndbox></object><object><name>proposal</name><bndbox><xmin>302</xmin><ymin>286</ymin><xmax>164</xmax><ymax>204</ymax></bndbox></object><object><name>proposal</name><bndbox><xmin>302</xmin><ymin>259</ymin><xmax>299</xmax><ymax>282</ymax></bndbox></object><object><name>proposal</name><bndbox><xmin>305</xmin><ymin>326</ymin><xmax>102</xmax><ymax>142</ymax></bndbox></object><object><name>proposal</name><bndbox><xmin>310</xmin><ymin>264</ymin><xmax>211</xmax><ymax>258</ymax></bndbox></object><object><name>proposal</name><bndbox><xmin>296</xmin><ymin>260</ymin><xmax>218</xmax><ymax>310</ymax></bndbox></object><object><name>proposal</name><bndbox><xmin>367</xmin><ymin>35</ymin><xmax>34</xmax><ymax>14</ymax></bndbox></object><object><name>proposal</name><bndbox><xmin>312</xmin><ymin>266</ymin><xmax>202</xmax><ymax>301</ymax></bndbox></object><object><name>proposal</name><bndbox><xmin>0</xmin><ymin>245</ymin><xmax>521</xmax><ymax>424</ymax></bndbox></object><object><name>proposal</name><bndbox><xmin>303</xmin><ymin>260</ymin><xmax>211</xmax><ymax>310</ymax></bndbox></object><object><name>proposal</name><bndbox><xmin>420</xmin><ymin>288</ymin><xmax>181</xmax><ymax>157</ymax></bndbox></object><object><name>proposal</name><bndbox><xmin>305</xmin><ymin>286</ymin><xmax>296</xmax><ymax>228</ymax></bndbox></object><object><name>proposal</name><bndbox><xmin>317</xmin><ymin>286</ymin><xmax>149</xmax><ymax>204</ymax></bndbox></object><object><name>proposal</name><bndbox><xmin>296</xmin><ymin>266</ymin><xmax>218</xmax><ymax>301</ymax></bndbox></object><object><name>proposal</name><bndbox><xmin>305</xmin><ymin>269</ymin><xmax>209</xmax><ymax>298</ymax></bndbox></object><object><name>proposal</name><bndbox><xmin>310</xmin><ymin>260</ymin><xmax>204</xmax><ymax>310</ymax></bndbox></object><object><name>proposal</name><bndbox><xmin>428</xmin><ymin>50</ymin><xmax>33</xmax><ymax>13</ymax></bndbox></object><object><name>proposal</name><bndbox><xmin>366</xmin><ymin>35</ymin><xmax>35</xmax><ymax>20</ymax></bndbox></object><object><name>proposal</name><bndbox><xmin>303</xmin><ymin>269</ymin><xmax>210</xmax><ymax>301</ymax></bndbox></object><object><name>proposal</name><bndbox><xmin>299</xmin><ymin>266</ymin><xmax>197</xmax><ymax>269</ymax></bndbox></object><object><name>proposal</name><bndbox><xmin>317</xmin><ymin>268</ymin><xmax>197</xmax><ymax>299</ymax></bndbox></object><object><name>proposal</name><bndbox><xmin>428</xmin><ymin>46</ymin><xmax>38</xmax><ymax>16</ymax></bndbox></object><object><name>proposal</name><bndbox><xmin>310</xmin><ymin>269</ymin><xmax>203</xmax><ymax>301</ymax></bndbox></object><object><name>proposal</name><bndbox><xmin>305</xmin><ymin>259</ymin><xmax>296</xmax><ymax>282</ymax></bndbox></object><object><name>proposal</name><bndbox><xmin>317</xmin><ymin>268</ymin><xmax>194</xmax><ymax>299</ymax></bndbox></object><object><name>proposal</name><bndbox><xmin>306</xmin><ymin>269</ymin><xmax>206</xmax><ymax>298</ymax></bndbox></object><object><name>proposal</name><bndbox><xmin>428</xmin><ymin>49</ymin><xmax>37</xmax><ymax>14</ymax></bndbox></object><object><name>proposal</name><bndbox><xmin>310</xmin><ymin>264</ymin><xmax>211</xmax><ymax>251</ymax></bndbox></object><object><name>proposal</name><bndbox><xmin>368</xmin><ymin>35</ymin><xmax>35</xmax><ymax>20</ymax></bndbox></object><object><name>proposal</name><bndbox><xmin>311</xmin><ymin>268</ymin><xmax>200</xmax><ymax>299</ymax></bndbox></object><object><name>proposal</name><bndbox><xmin>302</xmin><ymin>259</ymin><xmax>299</xmax><ymax>231</ymax></bndbox></object><object><name>proposal</name><bndbox><xmin>317</xmin><ymin>286</ymin><xmax>200</xmax><ymax>228</ymax></bndbox></object><object><name>proposal</name><bndbox><xmin>311</xmin><ymin>259</ymin><xmax>104</xmax><ymax>162</ymax></bndbox></object><object><name>proposal</name><bndbox><xmin>306</xmin><ymin>260</ymin><xmax>206</xmax><ymax>307</ymax></bndbox></object><object><name>proposal</name><bndbox><xmin>317</xmin><ymin>286</ymin><xmax>284</xmax><ymax>228</ymax></bndbox></object><object><name>proposal</name><bndbox><xmin>368</xmin><ymin>35</ymin><xmax>35</xmax><ymax>21</ymax></bndbox></object><object><name>proposal</name><bndbox><xmin>311</xmin><ymin>268</ymin><xmax>203</xmax><ymax>299</ymax></bndbox></object><object><name>proposal</name><bndbox><xmin>304</xmin><ymin>269</ymin><xmax>297</xmax><ymax>250</ymax></bndbox></object><object><name>proposal</name><bndbox><xmin>302</xmin><ymin>259</ymin><xmax>164</xmax><ymax>246</ymax></bndbox></object><object><name>proposal</name><bndbox><xmin>139</xmin><ymin>260</ymin><xmax>375</xmax><ymax>411</ymax></bndbox></object><object><name>proposal</name><bndbox><xmin>305</xmin><ymin>269</ymin><xmax>208</xmax><ymax>298</ymax></bndbox></object><object><name>proposal</name><bndbox><xmin>370</xmin><ymin>26</ymin><xmax>42</xmax><ymax>30</ymax></bndbox></object><object><name>proposal</name><bndbox><xmin>317</xmin><ymin>268</ymin><xmax>103</xmax><ymax>120</ymax></bndbox></object><object><name>proposal</name><bndbox><xmin>310</xmin><ymin>269</ymin><xmax>204</xmax><ymax>301</ymax></bndbox></object><object><name>proposal</name><bndbox><xmin>312</xmin><ymin>268</ymin><xmax>202</xmax><ymax>165</ymax></bndbox></object><object><name>proposal</name><bndbox><xmin>366</xmin><ymin>36</ymin><xmax>44</xmax><ymax>24</ymax></bndbox></object><object><name>proposal</name><bndbox><xmin>356</xmin><ymin>18</ymin><xmax>66</xmax><ymax>43</ymax></bndbox></object><object><name>proposal</name><bndbox><xmin>412</xmin><ymin>326</ymin><xmax>105</xmax><ymax>119</ymax></bndbox></object><object><name>proposal</name><bndbox><xmin>296</xmin><ymin>269</ymin><xmax>218</xmax><ymax>301</ymax></bndbox></object><object><name>proposal</name><bndbox><xmin>422</xmin><ymin>326</ymin><xmax>95</xmax><ymax>119</ymax></bndbox></object><object><name>proposal</name><bndbox><xmin>305</xmin><ymin>286</ymin><xmax>161</xmax><ymax>204</ymax></bndbox></object><object><name>proposal</name><bndbox><xmin>317</xmin><ymin>268</ymin><xmax>102</xmax><ymax>120</ymax></bndbox></object><object><name>proposal</name><bndbox><xmin>302</xmin><ymin>259</ymin><xmax>164</xmax><ymax>231</ymax></bndbox></object><object><name>proposal</name><bndbox><xmin>303</xmin><ymin>269</ymin><xmax>211</xmax><ymax>301</ymax></bndbox></object><object><name>proposal</name><bndbox><xmin>311</xmin><ymin>266</ymin><xmax>203</xmax><ymax>301</ymax></bndbox></object><object><name>proposal</name><bndbox><xmin>420</xmin><ymin>280</ymin><xmax>181</xmax><ymax>165</ymax></bndbox></object><object><name>proposal</name><bndbox><xmin>317</xmin><ymin>268</ymin><xmax>179</xmax><ymax>195</ymax></bndbox></object><object><name>proposal</name><bndbox><xmin>310</xmin><ymin>264</ymin><xmax>211</xmax><ymax>271</ymax></bndbox></object><object><name>proposal</name><bndbox><xmin>365</xmin><ymin>36</ymin><xmax>57</xmax><ymax>25</ymax></bndbox></object><object><name>proposal</name><bndbox><xmin>427</xmin><ymin>49</ymin><xmax>20</xmax><ymax>13</ymax></bndbox></object><object><name>proposal</name><bndbox><xmin>311</xmin><ymin>266</ymin><xmax>203</xmax><ymax>269</ymax></bndbox></object><object><name>proposal</name><bndbox><xmin>317</xmin><ymin>266</ymin><xmax>197</xmax><ymax>301</ymax></bndbox></object><object><name>proposal</name><bndbox><xmin>304</xmin><ymin>269</ymin><xmax>297</xmax><ymax>267</ymax></bndbox></object><object><name>proposal</name><bndbox><xmin>310</xmin><ymin>259</ymin><xmax>211</xmax><ymax>263</ymax></bndbox></object><object><name>proposal</name><bndbox><xmin>366</xmin><ymin>35</ymin><xmax>34</xmax><ymax>13</ymax></bndbox></object><object><name>proposal</name><bndbox><xmin>370</xmin><ymin>36</ymin><xmax>35</xmax><ymax>20</ymax></bndbox></object><object><name>proposal</name><bndbox><xmin>412</xmin><ymin>280</ymin><xmax>189</xmax><ymax>165</ymax></bndbox></object><object><name>proposal</name><bndbox><xmin>317</xmin><ymin>268</ymin><xmax>179</xmax><ymax>165</ymax></bndbox></object><object><name>proposal</name><bndbox><xmin>366</xmin><ymin>35</ymin><xmax>36</xmax><ymax>20</ymax></bndbox></object><object><name>proposal</name><bndbox><xmin>367</xmin><ymin>35</ymin><xmax>32</xmax><ymax>13</ymax></bndbox></object><object><name>proposal</name><bndbox><xmin>365</xmin><ymin>23</ymin><xmax>46</xmax><ymax>33</ymax></bndbox></object><object><name>proposal</name><bndbox><xmin>305</xmin><ymin>259</ymin><xmax>296</xmax><ymax>255</ymax></bndbox></object><object><name>proposal</name><bndbox><xmin>319</xmin><ymin>259</ymin><xmax>96</xmax><ymax>127</ymax></bndbox></object><object><name>proposal</name><bndbox><xmin>306</xmin><ymin>269</ymin><xmax>208</xmax><ymax>298</ymax></bndbox></object><object><name>proposal</name><bndbox><xmin>305</xmin><ymin>259</ymin><xmax>110</xmax><ymax>209</ymax></bndbox></object><object><name>proposal</name><bndbox><xmin>304</xmin><ymin>269</ymin><xmax>297</xmax><ymax>245</ymax></bndbox></object><object><name>proposal</name><bndbox><xmin>422</xmin><ymin>288</ymin><xmax>179</xmax><ymax>157</ymax></bndbox></object><object><name>proposal</name><bndbox><xmin>311</xmin><ymin>266</ymin><xmax>185</xmax><ymax>269</ymax></bndbox></object><object><name>proposal</name><bndbox><xmin>302</xmin><ymin>259</ymin><xmax>175</xmax><ymax>282</ymax></bndbox></object><object><name>proposal</name><bndbox><xmin>317</xmin><ymin>268</ymin><xmax>103</xmax><ymax>121</ymax></bndbox></object><object><name>proposal</name><bndbox><xmin>249</xmin><ymin>109</ymin><xmax>339</xmax><ymax>426</ymax></bndbox></object></annotation>