<annotation><folder>Proposals</folder><filename>img-354.jpg</filename><size><width>400</width><height>300</height><depth>3</depth></size><object><name>proposal</name><bndbox><xmin>248</xmin><ymin>415</ymin><xmax>377</xmax><ymax>97</ymax></bndbox></object><object><name>proposal</name><bndbox><xmin>383</xmin><ymin>481</ymin><xmax>162</xmax><ymax>37</ymax></bndbox></object><object><name>proposal</name><bndbox><xmin>335</xmin><ymin>478</ymin><xmax>210</xmax><ymax>40</ymax></bndbox></object><object><name>proposal</name><bndbox><xmin>358</xmin><ymin>425</ymin><xmax>217</xmax><ymax>76</ymax></bndbox></object><object><name>proposal</name><bndbox><xmin>241</xmin><ymin>414</ymin><xmax>384</xmax><ymax>107</ymax></bndbox></object><object><name>proposal</name><bndbox><xmin>399</xmin><ymin>476</ymin><xmax>114</xmax><ymax>36</ymax></bndbox></object><object><name>proposal</name><bndbox><xmin>391</xmin><ymin>475</ymin><xmax>142</xmax><ymax>41</ymax></bndbox></object><object><name>proposal</name><bndbox><xmin>638</xmin><ymin>543</ymin><xmax>92</xmax><ymax>32</ymax></bndbox></object><object><name>proposal</name><bndbox><xmin>0</xmin><ymin>753</ymin><xmax>256</xmax><ymax>47</ymax></bndbox></object><object><name>proposal</name><bndbox><xmin>511</xmin><ymin>673</ymin><xmax>165</xmax><ymax>67</ymax></bndbox></object><object><name>proposal</name><bndbox><xmin>511</xmin><ymin>688</ymin><xmax>167</xmax><ymax>55</ymax></bndbox></object><object><name>proposal</name><bndbox><xmin>224</xmin><ymin>521</ymin><xmax>142</xmax><ymax>55</ymax></bndbox></object><object><name>proposal</name><bndbox><xmin>400</xmin><ymin>476</ymin><xmax>133</xmax><ymax>37</ymax></bndbox></object><object><name>proposal</name><bndbox><xmin>362</xmin><ymin>417</ymin><xmax>209</xmax><ymax>83</ymax></bndbox></object><object><name>proposal</name><bndbox><xmin>544</xmin><ymin>673</ymin><xmax>132</xmax><ymax>67</ymax></bndbox></object><object><name>proposal</name><bndbox><xmin>638</xmin><ymin>544</ymin><xmax>97</xmax><ymax>40</ymax></bndbox></object><object><name>proposal</name><bndbox><xmin>358</xmin><ymin>416</ymin><xmax>244</xmax><ymax>100</ymax></bndbox></object><object><name>proposal</name><bndbox><xmin>544</xmin><ymin>679</ymin><xmax>166</xmax><ymax>65</ymax></bndbox></object><object><name>proposal</name><bndbox><xmin>517</xmin><ymin>670</ymin><xmax>155</xmax><ymax>61</ymax></bndbox></object><object><name>proposal</name><bndbox><xmin>367</xmin><ymin>478</ymin><xmax>161</xmax><ymax>43</ymax></bndbox></object><object><name>proposal</name><bndbox><xmin>362</xmin><ymin>417</ymin><xmax>150</xmax><ymax>51</ymax></bndbox></object><object><name>proposal</name><bndbox><xmin>572</xmin><ymin>661</ymin><xmax>92</xmax><ymax>29</ymax></bndbox></object><object><name>proposal</name><bndbox><xmin>539</xmin><ymin>668</ymin><xmax>134</xmax><ymax>64</ymax></bndbox></object><object><name>proposal</name><bndbox><xmin>403</xmin><ymin>476</ymin><xmax>110</xmax><ymax>36</ymax></bndbox></object><object><name>proposal</name><bndbox><xmin>396</xmin><ymin>451</ymin><xmax>168</xmax><ymax>56</ymax></bndbox></object><object><name>proposal</name><bndbox><xmin>384</xmin><ymin>477</ymin><xmax>148</xmax><ymax>38</ymax></bndbox></object><object><name>proposal</name><bndbox><xmin>260</xmin><ymin>526</ymin><xmax>106</xmax><ymax>33</ymax></bndbox></object><object><name>proposal</name><bndbox><xmin>159</xmin><ymin>531</ymin><xmax>169</xmax><ymax>59</ymax></bndbox></object><object><name>proposal</name><bndbox><xmin>543</xmin><ymin>676</ymin><xmax>119</xmax><ymax>49</ymax></bndbox></object><object><name>proposal</name><bndbox><xmin>517</xmin><ymin>670</ymin><xmax>155</xmax><ymax>62</ymax></bndbox></object><object><name>proposal</name><bndbox><xmin>511</xmin><ymin>686</ymin><xmax>166</xmax><ymax>55</ymax></bndbox></object><object><name>proposal</name><bndbox><xmin>358</xmin><ymin>425</ymin><xmax>244</xmax><ymax>84</ymax></bndbox></object><object><name>proposal</name><bndbox><xmin>519</xmin><ymin>676</ymin><xmax>156</xmax><ymax>64</ymax></bndbox></object><object><name>proposal</name><bndbox><xmin>511</xmin><ymin>680</ymin><xmax>166</xmax><ymax>61</ymax></bndbox></object><object><name>proposal</name><bndbox><xmin>517</xmin><ymin>675</ymin><xmax>121</xmax><ymax>56</ymax></bndbox></object><object><name>proposal</name><bndbox><xmin>640</xmin><ymin>552</ymin><xmax>77</xmax><ymax>21</ymax></bndbox></object><object><name>proposal</name><bndbox><xmin>544</xmin><ymin>690</ymin><xmax>134</xmax><ymax>54</ymax></bndbox></object><object><name>proposal</name><bndbox><xmin>522</xmin><ymin>676</ymin><xmax>147</xmax><ymax>64</ymax></bndbox></object><object><name>proposal</name><bndbox><xmin>537</xmin><ymin>683</ymin><xmax>111</xmax><ymax>49</ymax></bndbox></object><object><name>proposal</name><bndbox><xmin>539</xmin><ymin>685</ymin><xmax>110</xmax><ymax>47</ymax></bndbox></object><object><name>proposal</name><bndbox><xmin>362</xmin><ymin>424</ymin><xmax>100</xmax><ymax>53</ymax></bndbox></object><object><name>proposal</name><bndbox><xmin>591</xmin><ymin>683</ymin><xmax>57</xmax><ymax>45</ymax></bndbox></object><object><name>proposal</name><bndbox><xmin>408</xmin><ymin>475</ymin><xmax>124</xmax><ymax>31</ymax></bndbox></object><object><name>proposal</name><bndbox><xmin>357</xmin><ymin>417</ymin><xmax>245</xmax><ymax>95</ymax></bndbox></object><object><name>proposal</name><bndbox><xmin>472</xmin><ymin>682</ymin><xmax>164</xmax><ymax>54</ymax></bndbox></object><object><name>proposal</name><bndbox><xmin>521</xmin><ymin>676</ymin><xmax>147</xmax><ymax>62</ymax></bndbox></object><object><name>proposal</name><bndbox><xmin>563</xmin><ymin>661</ymin><xmax>101</xmax><ymax>28</ymax></bndbox></object><object><name>proposal</name><bndbox><xmin>241</xmin><ymin>415</ymin><xmax>384</xmax><ymax>90</ymax></bndbox></object><object><name>proposal</name><bndbox><xmin>363</xmin><ymin>436</ymin><xmax>201</xmax><ymax>81</ymax></bndbox></object><object><name>proposal</name><bndbox><xmin>519</xmin><ymin>681</ymin><xmax>121</xmax><ymax>50</ymax></bndbox></object><object><name>proposal</name><bndbox><xmin>409</xmin><ymin>481</ymin><xmax>104</xmax><ymax>31</ymax></bndbox></object><object><name>proposal</name><bndbox><xmin>352</xmin><ymin>341</ymin><xmax>273</xmax><ymax>177</ymax></bndbox></object><object><name>proposal</name><bndbox><xmin>335</xmin><ymin>478</ymin><xmax>193</xmax><ymax>40</ymax></bndbox></object><object><name>proposal</name><bndbox><xmin>544</xmin><ymin>688</ymin><xmax>131</xmax><ymax>52</ymax></bndbox></object><object><name>proposal</name><bndbox><xmin>525</xmin><ymin>679</ymin><xmax>185</xmax><ymax>65</ymax></bndbox></object><object><name>proposal</name><bndbox><xmin>525</xmin><ymin>679</ymin><xmax>121</xmax><ymax>55</ymax></bndbox></object><object><name>proposal</name><bndbox><xmin>539</xmin><ymin>688</ymin><xmax>107</xmax><ymax>46</ymax></bndbox></object><object><name>proposal</name><bndbox><xmin>221</xmin><ymin>516</ymin><xmax>150</xmax><ymax>61</ymax></bndbox></object><object><name>proposal</name><bndbox><xmin>519</xmin><ymin>672</ymin><xmax>147</xmax><ymax>60</ymax></bndbox></object><object><name>proposal</name><bndbox><xmin>223</xmin><ymin>516</ymin><xmax>148</xmax><ymax>58</ymax></bndbox></object><object><name>proposal</name><bndbox><xmin>255</xmin><ymin>548</ymin><xmax>82</xmax><ymax>29</ymax></bndbox></object><object><name>proposal</name><bndbox><xmin>520</xmin><ymin>676</ymin><xmax>155</xmax><ymax>64</ymax></bndbox></object><object><name>proposal</name><bndbox><xmin>522</xmin><ymin>682</ymin><xmax>147</xmax><ymax>58</ymax></bndbox></object><object><name>proposal</name><bndbox><xmin>511</xmin><ymin>688</ymin><xmax>166</xmax><ymax>53</ymax></bndbox></object><object><name>proposal</name><bndbox><xmin>518</xmin><ymin>671</ymin><xmax>151</xmax><ymax>60</ymax></bndbox></object><object><name>proposal</name><bndbox><xmin>591</xmin><ymin>678</ymin><xmax>74</xmax><ymax>55</ymax></bndbox></object><object><name>proposal</name><bndbox><xmin>544</xmin><ymin>686</ymin><xmax>166</xmax><ymax>58</ymax></bndbox></object><object><name>proposal</name><bndbox><xmin>384</xmin><ymin>459</ymin><xmax>176</xmax><ymax>56</ymax></bndbox></object><object><name>proposal</name><bndbox><xmin>529</xmin><ymin>681</ymin><xmax>119</xmax><ymax>51</ymax></bndbox></object><object><name>proposal</name><bndbox><xmin>409</xmin><ymin>477</ymin><xmax>104</xmax><ymax>29</ymax></bndbox></object><object><name>proposal</name><bndbox><xmin>472</xmin><ymin>685</ymin><xmax>238</xmax><ymax>59</ymax></bndbox></object><object><name>proposal</name><bndbox><xmin>519</xmin><ymin>676</ymin><xmax>129</xmax><ymax>56</ymax></bndbox></object><object><name>proposal</name><bndbox><xmin>223</xmin><ymin>522</ymin><xmax>120</xmax><ymax>60</ymax></bndbox></object><object><name>proposal</name><bndbox><xmin>407</xmin><ymin>481</ymin><xmax>106</xmax><ymax>29</ymax></bndbox></object><object><name>proposal</name><bndbox><xmin>220</xmin><ymin>516</ymin><xmax>151</xmax><ymax>61</ymax></bndbox></object><object><name>proposal</name><bndbox><xmin>396</xmin><ymin>478</ymin><xmax>153</xmax><ymax>41</ymax></bndbox></object><object><name>proposal</name><bndbox><xmin>511</xmin><ymin>670</ymin><xmax>167</xmax><ymax>73</ymax></bndbox></object><object><name>proposal</name><bndbox><xmin>384</xmin><ymin>459</ymin><xmax>180</xmax><ymax>56</ymax></bndbox></object><object><name>proposal</name><bndbox><xmin>520</xmin><ymin>675</ymin><xmax>152</xmax><ymax>64</ymax></bndbox></object><object><name>proposal</name><bndbox><xmin>358</xmin><ymin>422</ymin><xmax>244</xmax><ymax>94</ymax></bndbox></object><object><name>proposal</name><bndbox><xmin>396</xmin><ymin>451</ymin><xmax>168</xmax><ymax>58</ymax></bndbox></object><object><name>proposal</name><bndbox><xmin>525</xmin><ymin>678</ymin><xmax>141</xmax><ymax>60</ymax></bndbox></object><object><name>proposal</name><bndbox><xmin>575</xmin><ymin>674</ymin><xmax>97</xmax><ymax>53</ymax></bndbox></object><object><name>proposal</name><bndbox><xmin>241</xmin><ymin>415</ymin><xmax>384</xmax><ymax>106</ymax></bndbox></object><object><name>proposal</name><bndbox><xmin>248</xmin><ymin>415</ymin><xmax>377</xmax><ymax>104</ymax></bndbox></object><object><name>proposal</name><bndbox><xmin>511</xmin><ymin>680</ymin><xmax>158</xmax><ymax>55</ymax></bndbox></object><object><name>proposal</name><bndbox><xmin>519</xmin><ymin>672</ymin><xmax>147</xmax><ymax>58</ymax></bndbox></object><object><name>proposal</name><bndbox><xmin>466</xmin><ymin>682</ymin><xmax>212</xmax><ymax>62</ymax></bndbox></object><object><name>proposal</name><bndbox><xmin>520</xmin><ymin>683</ymin><xmax>149</xmax><ymax>56</ymax></bndbox></object><object><name>proposal</name><bndbox><xmin>352</xmin><ymin>398</ymin><xmax>225</xmax><ymax>111</ymax></bndbox></object><object><name>proposal</name><bndbox><xmin>529</xmin><ymin>672</ymin><xmax>148</xmax><ymax>69</ymax></bndbox></object><object><name>proposal</name><bndbox><xmin>639</xmin><ymin>551</ymin><xmax>79</xmax><ymax>22</ymax></bndbox></object><object><name>proposal</name><bndbox><xmin>534</xmin><ymin>688</ymin><xmax>141</xmax><ymax>52</ymax></bndbox></object><object><name>proposal</name><bndbox><xmin>223</xmin><ymin>522</ymin><xmax>119</xmax><ymax>59</ymax></bndbox></object><object><name>proposal</name><bndbox><xmin>520</xmin><ymin>676</ymin><xmax>142</xmax><ymax>54</ymax></bndbox></object><object><name>proposal</name><bndbox><xmin>524</xmin><ymin>683</ymin><xmax>143</xmax><ymax>55</ymax></bndbox></object><object><name>proposal</name><bndbox><xmin>243</xmin><ymin>525</ymin><xmax>124</xmax><ymax>51</ymax></bndbox></object><object><name>proposal</name><bndbox><xmin>518</xmin><ymin>681</ymin><xmax>122</xmax><ymax>50</ymax></bndbox></object><object><name>proposal</name><bndbox><xmin>585</xmin><ymin>679</ymin><xmax>76</xmax><ymax>49</ymax></bndbox></object><object><name>proposal</name><bndbox><xmin>575</xmin><ymin>688</ymin><xmax>71</xmax><ymax>44</ymax></bndbox></object><object><name>proposal</name><bndbox><xmin>525</xmin><ymin>682</ymin><xmax>121</xmax><ymax>52</ymax></bndbox></object><object><name>proposal</name><bndbox><xmin>224</xmin><ymin>520</ymin><xmax>143</xmax><ymax>57</ymax></bndbox></object><object><name>proposal</name><bndbox><xmin>224</xmin><ymin>520</ymin><xmax>143</xmax><ymax>56</ymax></bndbox></object><object><name>proposal</name><bndbox><xmin>372</xmin><ymin>475</ymin><xmax>161</xmax><ymax>41</ymax></bndbox></object><object><name>proposal</name><bndbox><xmin>0</xmin><ymin>747</ymin><xmax>272</xmax><ymax>53</ymax></bndbox></object><object><name>proposal</name><bndbox><xmin>524</xmin><ymin>681</ymin><xmax>143</xmax><ymax>57</ymax></bndbox></object><object><name>proposal</name><bndbox><xmin>518</xmin><ymin>680</ymin><xmax>151</xmax><ymax>52</ymax></bndbox></object><object><name>proposal</name><bndbox><xmin>528</xmin><ymin>683</ymin><xmax>118</xmax><ymax>55</ymax></bndbox></object><object><name>proposal</name><bndbox><xmin>511</xmin><ymin>671</ymin><xmax>166</xmax><ymax>70</ymax></bndbox></object><object><name>proposal</name><bndbox><xmin>512</xmin><ymin>672</ymin><xmax>164</xmax><ymax>68</ymax></bndbox></object><object><name>proposal</name><bndbox><xmin>560</xmin><ymin>661</ymin><xmax>118</xmax><ymax>83</ymax></bndbox></object><object><name>proposal</name><bndbox><xmin>528</xmin><ymin>683</ymin><xmax>139</xmax><ymax>55</ymax></bndbox></object><object><name>proposal</name><bndbox><xmin>639</xmin><ymin>549</ymin><xmax>89</xmax><ymax>24</ymax></bndbox></object><object><name>proposal</name><bndbox><xmin>248</xmin><ymin>415</ymin><xmax>355</xmax><ymax>104</ymax></bndbox></object><object><name>proposal</name><bndbox><xmin>266</xmin><ymin>526</ymin><xmax>100</xmax><ymax>33</ymax></bndbox></object><object><name>proposal</name><bndbox><xmin>585</xmin><ymin>679</ymin><xmax>76</xmax><ymax>48</ymax></bndbox></object><object><name>proposal</name><bndbox><xmin>512</xmin><ymin>683</ymin><xmax>164</xmax><ymax>57</ymax></bndbox></object><object><name>proposal</name><bndbox><xmin>566</xmin><ymin>688</ymin><xmax>112</xmax><ymax>55</ymax></bndbox></object><object><name>proposal</name><bndbox><xmin>400</xmin><ymin>478</ymin><xmax>149</xmax><ymax>34</ymax></bndbox></object><object><name>proposal</name><bndbox><xmin>266</xmin><ymin>550</ymin><xmax>58</xmax><ymax>26</ymax></bndbox></object><object><name>proposal</name><bndbox><xmin>358</xmin><ymin>422</ymin><xmax>244</xmax><ymax>79</ymax></bndbox></object><object><name>proposal</name><bndbox><xmin>248</xmin><ymin>415</ymin><xmax>355</xmax><ymax>97</ymax></bndbox></object><object><name>proposal</name><bndbox><xmin>528</xmin><ymin>676</ymin><xmax>147</xmax><ymax>64</ymax></bndbox></object><object><name>proposal</name><bndbox><xmin>539</xmin><ymin>679</ymin><xmax>171</xmax><ymax>65</ymax></bndbox></object><object><name>proposal</name><bndbox><xmin>472</xmin><ymin>661</ymin><xmax>238</xmax><ymax>83</ymax></bndbox></object><object><name>proposal</name><bndbox><xmin>241</xmin><ymin>414</ymin><xmax>367</xmax><ymax>91</ymax></bndbox></object><object><name>proposal</name><bndbox><xmin>511</xmin><ymin>675</ymin><xmax>167</xmax><ymax>68</ymax></bndbox></object><object><name>proposal</name><bndbox><xmin>512</xmin><ymin>672</ymin><xmax>154</xmax><ymax>62</ymax></bndbox></object><object><name>proposal</name><bndbox><xmin>363</xmin><ymin>423</ymin><xmax>133</xmax><ymax>45</ymax></bndbox></object><object><name>proposal</name><bndbox><xmin>639</xmin><ymin>562</ymin><xmax>65</xmax><ymax>8</ymax></bndbox></object><object><name>proposal</name><bndbox><xmin>472</xmin><ymin>661</ymin><xmax>192</xmax><ymax>75</ymax></bndbox></object><object><name>proposal</name><bndbox><xmin>396</xmin><ymin>478</ymin><xmax>138</xmax><ymax>39</ymax></bndbox></object><object><name>proposal</name><bndbox><xmin>528</xmin><ymin>676</ymin><xmax>141</xmax><ymax>63</ymax></bndbox></object><object><name>proposal</name><bndbox><xmin>528</xmin><ymin>683</ymin><xmax>118</xmax><ymax>49</ymax></bndbox></object><object><name>proposal</name><bndbox><xmin>218</xmin><ymin>757</ymin><xmax>54</xmax><ymax>43</ymax></bndbox></object><object><name>proposal</name><bndbox><xmin>540</xmin><ymin>670</ymin><xmax>132</xmax><ymax>62</ymax></bndbox></object><object><name>proposal</name><bndbox><xmin>357</xmin><ymin>417</ymin><xmax>245</xmax><ymax>101</ymax></bndbox></object><object><name>proposal</name><bndbox><xmin>335</xmin><ymin>425</ymin><xmax>240</xmax><ymax>93</ymax></bndbox></object><object><name>proposal</name><bndbox><xmin>362</xmin><ymin>417</ymin><xmax>209</xmax><ymax>101</ymax></bndbox></object><object><name>proposal</name><bndbox><xmin>466</xmin><ymin>682</ymin><xmax>171</xmax><ymax>54</ymax></bndbox></object><object><name>proposal</name><bndbox><xmin>383</xmin><ymin>470</ymin><xmax>162</xmax><ymax>48</ymax></bndbox></object><object><name>proposal</name><bndbox><xmin>519</xmin><ymin>681</ymin><xmax>129</xmax><ymax>51</ymax></bndbox></object><object><name>proposal</name><bndbox><xmin>390</xmin><ymin>475</ymin><xmax>155</xmax><ymax>42</ymax></bndbox></object><object><name>proposal</name><bndbox><xmin>412</xmin><ymin>481</ymin><xmax>120</xmax><ymax>34</ymax></bndbox></object><object><name>proposal</name><bndbox><xmin>517</xmin><ymin>682</ymin><xmax>121</xmax><ymax>49</ymax></bndbox></object><object><name>proposal</name><bndbox><xmin>591</xmin><ymin>672</ymin><xmax>75</xmax><ymax>56</ymax></bndbox></object><object><name>proposal</name><bndbox><xmin>279</xmin><ymin>550</ymin><xmax>55</xmax><ymax>26</ymax></bndbox></object><object><name>proposal</name><bndbox><xmin>248</xmin><ymin>415</ymin><xmax>361</xmax><ymax>104</ymax></bndbox></object><object><name>proposal</name><bndbox><xmin>224</xmin><ymin>526</ymin><xmax>142</xmax><ymax>50</ymax></bndbox></object><object><name>proposal</name><bndbox><xmin>537</xmin><ymin>685</ymin><xmax>101</xmax><ymax>47</ymax></bndbox></object><object><name>proposal</name><bndbox><xmin>525</xmin><ymin>661</ymin><xmax>185</xmax><ymax>83</ymax></bndbox></object><object><name>proposal</name><bndbox><xmin>639</xmin><ymin>558</ymin><xmax>65</xmax><ymax>15</ymax></bndbox></object><object><name>proposal</name><bndbox><xmin>528</xmin><ymin>675</ymin><xmax>144</xmax><ymax>64</ymax></bndbox></object><object><name>proposal</name><bndbox><xmin>510</xmin><ymin>682</ymin><xmax>168</xmax><ymax>62</ymax></bndbox></object><object><name>proposal</name><bndbox><xmin>512</xmin><ymin>673</ymin><xmax>164</xmax><ymax>67</ymax></bndbox></object><object><name>proposal</name><bndbox><xmin>280</xmin><ymin>550</ymin><xmax>54</xmax><ymax>26</ymax></bndbox></object><object><name>proposal</name><bndbox><xmin>543</xmin><ymin>688</ymin><xmax>133</xmax><ymax>52</ymax></bndbox></object><object><name>proposal</name><bndbox><xmin>337</xmin><ymin>417</ymin><xmax>265</xmax><ymax>95</ymax></bndbox></object><object><name>proposal</name><bndbox><xmin>635</xmin><ymin>543</ymin><xmax>95</xmax><ymax>33</ymax></bndbox></object><object><name>proposal</name><bndbox><xmin>525</xmin><ymin>682</ymin><xmax>121</xmax><ymax>50</ymax></bndbox></object><object><name>proposal</name><bndbox><xmin>408</xmin><ymin>478</ymin><xmax>105</xmax><ymax>29</ymax></bndbox></object><object><name>proposal</name><bndbox><xmin>224</xmin><ymin>546</ymin><xmax>111</xmax><ymax>30</ymax></bndbox></object><object><name>proposal</name><bndbox><xmin>224</xmin><ymin>549</ymin><xmax>111</xmax><ymax>27</ymax></bndbox></object><object><name>proposal</name><bndbox><xmin>523</xmin><ymin>683</ymin><xmax>145</xmax><ymax>55</ymax></bndbox></object><object><name>proposal</name><bndbox><xmin>593</xmin><ymin>675</ymin><xmax>79</xmax><ymax>52</ymax></bndbox></object><object><name>proposal</name><bndbox><xmin>634</xmin><ymin>541</ymin><xmax>103</xmax><ymax>33</ymax></bndbox></object><object><name>proposal</name><bndbox><xmin>472</xmin><ymin>679</ymin><xmax>238</xmax><ymax>65</ymax></bndbox></object><object><name>proposal</name><bndbox><xmin>525</xmin><ymin>682</ymin><xmax>112</xmax><ymax>50</ymax></bndbox></object><object><name>proposal</name><bndbox><xmin>518</xmin><ymin>672</ymin><xmax>159</xmax><ymax>69</ymax></bndbox></object><object><name>proposal</name><bndbox><xmin>407</xmin><ymin>481</ymin><xmax>106</xmax><ymax>31</ymax></bndbox></object><object><name>proposal</name><bndbox><xmin>362</xmin><ymin>417</ymin><xmax>203</xmax><ymax>60</ymax></bndbox></object><object><name>proposal</name><bndbox><xmin>639</xmin><ymin>558</ymin><xmax>69</xmax><ymax>15</ymax></bndbox></object><object><name>proposal</name><bndbox><xmin>579</xmin><ymin>676</ymin><xmax>89</xmax><ymax>56</ymax></bndbox></object><object><name>proposal</name><bndbox><xmin>528</xmin><ymin>676</ymin><xmax>141</xmax><ymax>64</ymax></bndbox></object><object><name>proposal</name><bndbox><xmin>518</xmin><ymin>675</ymin><xmax>130</xmax><ymax>57</ymax></bndbox></object><object><name>proposal</name><bndbox><xmin>537</xmin><ymin>685</ymin><xmax>139</xmax><ymax>55</ymax></bndbox></object><object><name>proposal</name><bndbox><xmin>539</xmin><ymin>679</ymin><xmax>122</xmax><ymax>55</ymax></bndbox></object><object><name>proposal</name><bndbox><xmin>537</xmin><ymin>685</ymin><xmax>103</xmax><ymax>47</ymax></bndbox></object><object><name>proposal</name><bndbox><xmin>80</xmin><ymin>747</ymin><xmax>192</xmax><ymax>53</ymax></bndbox></object><object><name>proposal</name><bndbox><xmin>266</xmin><ymin>526</ymin><xmax>100</xmax><ymax>32</ymax></bndbox></object><object><name>proposal</name><bndbox><xmin>255</xmin><ymin>548</ymin><xmax>64</xmax><ymax>22</ymax></bndbox></object><object><name>proposal</name><bndbox><xmin>520</xmin><ymin>674</ymin><xmax>152</xmax><ymax>65</ymax></bndbox></object><object><name>proposal</name><bndbox><xmin>337</xmin><ymin>417</ymin><xmax>265</xmax><ymax>101</ymax></bndbox></object><object><name>proposal</name><bndbox><xmin>384</xmin><ymin>451</ymin><xmax>180</xmax><ymax>64</ymax></bndbox></object><object><name>proposal</name><bndbox><xmin>525</xmin><ymin>661</ymin><xmax>139</xmax><ymax>68</ymax></bndbox></object><object><name>proposal</name><bndbox><xmin>534</xmin><ymin>676</ymin><xmax>141</xmax><ymax>64</ymax></bndbox></object><object><name>proposal</name><bndbox><xmin>466</xmin><ymin>661</ymin><xmax>207</xmax><ymax>75</ymax></bndbox></object><object><name>proposal</name><bndbox><xmin>520</xmin><ymin>683</ymin><xmax>126</xmax><ymax>49</ymax></bndbox></object><object><name>proposal</name><bndbox><xmin>577</xmin><ymin>676</ymin><xmax>91</xmax><ymax>51</ymax></bndbox></object><object><name>proposal</name><bndbox><xmin>518</xmin><ymin>671</ymin><xmax>146</xmax><ymax>60</ymax></bndbox></object><object><name>proposal</name><bndbox><xmin>522</xmin><ymin>677</ymin><xmax>147</xmax><ymax>63</ymax></bndbox></object><object><name>proposal</name><bndbox><xmin>525</xmin><ymin>682</ymin><xmax>111</xmax><ymax>47</ymax></bndbox></object><object><name>proposal</name><bndbox><xmin>255</xmin><ymin>555</ymin><xmax>72</xmax><ymax>22</ymax></bndbox></object><object><name>proposal</name><bndbox><xmin>529</xmin><ymin>685</ymin><xmax>120</xmax><ymax>47</ymax></bndbox></object><object><name>proposal</name><bndbox><xmin>522</xmin><ymin>683</ymin><xmax>147</xmax><ymax>56</ymax></bndbox></object><object><name>proposal</name><bndbox><xmin>517</xmin><ymin>675</ymin><xmax>132</xmax><ymax>57</ymax></bndbox></object><object><name>proposal</name><bndbox><xmin>639</xmin><ymin>546</ymin><xmax>90</xmax><ymax>27</ymax></bndbox></object><object><name>proposal</name><bndbox><xmin>519</xmin><ymin>673</ymin><xmax>129</xmax><ymax>59</ymax></bndbox></object><object><name>proposal</name><bndbox><xmin>544</xmin><ymin>688</ymin><xmax>134</xmax><ymax>56</ymax></bndbox></object><object><name>proposal</name><bndbox><xmin>224</xmin><ymin>516</ymin><xmax>147</xmax><ymax>69</ymax></bndbox></object><object><name>proposal</name><bndbox><xmin>396</xmin><ymin>459</ymin><xmax>168</xmax><ymax>42</ymax></bndbox></object><object><name>proposal</name><bndbox><xmin>518</xmin><ymin>681</ymin><xmax>130</xmax><ymax>51</ymax></bndbox></object><object><name>proposal</name><bndbox><xmin>352</xmin><ymin>398</ymin><xmax>225</xmax><ymax>120</ymax></bndbox></object><object><name>proposal</name><bndbox><xmin>529</xmin><ymin>673</ymin><xmax>147</xmax><ymax>67</ymax></bndbox></object><object><name>proposal</name><bndbox><xmin>362</xmin><ymin>417</ymin><xmax>213</xmax><ymax>101</ymax></bndbox></object><object><name>proposal</name><bndbox><xmin>560</xmin><ymin>670</ymin><xmax>112</xmax><ymax>57</ymax></bndbox></object><object><name>proposal</name><bndbox><xmin>524</xmin><ymin>682</ymin><xmax>141</xmax><ymax>52</ymax></bndbox></object><object><name>proposal</name><bndbox><xmin>519</xmin><ymin>673</ymin><xmax>157</xmax><ymax>67</ymax></bndbox></object><object><name>proposal</name><bndbox><xmin>335</xmin><ymin>282</ymin><xmax>290</xmax><ymax>236</ymax></bndbox></object><object><name>proposal</name><bndbox><xmin>96</xmin><ymin>747</ymin><xmax>159</xmax><ymax>53</ymax></bndbox></object><object><name>proposal</name><bndbox><xmin>639</xmin><ymin>550</ymin><xmax>88</xmax><ymax>23</ymax></bndbox></object><object><name>proposal</name><bndbox><xmin>525</xmin><ymin>681</ymin><xmax>138</xmax><ymax>57</ymax></bndbox></object><object><name>proposal</name><bndbox><xmin>523</xmin><ymin>676</ymin><xmax>145</xmax><ymax>62</ymax></bndbox></object><object><name>proposal</name><bndbox><xmin>520</xmin><ymin>676</ymin><xmax>149</xmax><ymax>63</ymax></bndbox></object><object><name>proposal</name><bndbox><xmin>539</xmin><ymin>685</ymin><xmax>139</xmax><ymax>59</ymax></bndbox></object><object><name>proposal</name><bndbox><xmin>192</xmin><ymin>512</ymin><xmax>175</xmax><ymax>77</ymax></bndbox></object><object><name>proposal</name><bndbox><xmin>524</xmin><ymin>678</ymin><xmax>122</xmax><ymax>56</ymax></bndbox></object><object><name>proposal</name><bndbox><xmin>159</xmin><ymin>531</ymin><xmax>178</xmax><ymax>59</ymax></bndbox></object><object><name>proposal</name><bndbox><xmin>518</xmin><ymin>675</ymin><xmax>122</xmax><ymax>56</ymax></bndbox></object><object><name>proposal</name><bndbox><xmin>539</xmin><ymin>679</ymin><xmax>171</xmax><ymax>55</ymax></bndbox></object><object><name>proposal</name><bndbox><xmin>639</xmin><ymin>558</ymin><xmax>47</xmax><ymax>11</ymax></bndbox></object><object><name>proposal</name><bndbox><xmin>519</xmin><ymin>672</ymin><xmax>157</xmax><ymax>68</ymax></bndbox></object><object><name>proposal</name><bndbox><xmin>396</xmin><ymin>451</ymin><xmax>168</xmax><ymax>50</ymax></bndbox></object><object><name>proposal</name><bndbox><xmin>358</xmin><ymin>416</ymin><xmax>217</xmax><ymax>85</ymax></bndbox></object><object><name>proposal</name><bndbox><xmin>511</xmin><ymin>675</ymin><xmax>138</xmax><ymax>61</ymax></bndbox></object><object><name>proposal</name><bndbox><xmin>540</xmin><ymin>684</ymin><xmax>109</xmax><ymax>48</ymax></bndbox></object><object><name>proposal</name><bndbox><xmin>362</xmin><ymin>417</ymin><xmax>213</xmax><ymax>83</ymax></bndbox></object><object><name>proposal</name><bndbox><xmin>639</xmin><ymin>550</ymin><xmax>89</xmax><ymax>23</ymax></bndbox></object><object><name>proposal</name><bndbox><xmin>362</xmin><ymin>417</ymin><xmax>202</xmax><ymax>51</ymax></bndbox></object><object><name>proposal</name><bndbox><xmin>572</xmin><ymin>661</ymin><xmax>101</xmax><ymax>66</ymax></bndbox></object><object><name>proposal</name><bndbox><xmin>639</xmin><ymin>550</ymin><xmax>88</xmax><ymax>24</ymax></bndbox></object><object><name>proposal</name><bndbox><xmin>529</xmin><ymin>685</ymin><xmax>140</xmax><ymax>47</ymax></bndbox></object><object><name>proposal</name><bndbox><xmin>518</xmin><ymin>680</ymin><xmax>131</xmax><ymax>52</ymax></bndbox></object><object><name>proposal</name><bndbox><xmin>403</xmin><ymin>476</ymin><xmax>110</xmax><ymax>30</ymax></bndbox></object><object><name>proposal</name><bndbox><xmin>524</xmin><ymin>678</ymin><xmax>141</xmax><ymax>56</ymax></bndbox></object><object><name>proposal</name><bndbox><xmin>524</xmin><ymin>683</ymin><xmax>122</xmax><ymax>49</ymax></bndbox></object><object><name>proposal</name><bndbox><xmin>524</xmin><ymin>676</ymin><xmax>144</xmax><ymax>62</ymax></bndbox></object><object><name>proposal</name><bndbox><xmin>519</xmin><ymin>676</ymin><xmax>121</xmax><ymax>55</ymax></bndbox></object><object><name>proposal</name><bndbox><xmin>518</xmin><ymin>680</ymin><xmax>120</xmax><ymax>51</ymax></bndbox></object><object><name>proposal</name><bndbox><xmin>529</xmin><ymin>683</ymin><xmax>117</xmax><ymax>49</ymax></bndbox></object><object><name>proposal</name><bndbox><xmin>159</xmin><ymin>531</ymin><xmax>183</xmax><ymax>59</ymax></bndbox></object><object><name>proposal</name><bndbox><xmin>543</xmin><ymin>676</ymin><xmax>97</xmax><ymax>25</ymax></bndbox></object><object><name>proposal</name><bndbox><xmin>593</xmin><ymin>672</ymin><xmax>73</xmax><ymax>55</ymax></bndbox></object><object><name>proposal</name><bndbox><xmin>517</xmin><ymin>682</ymin><xmax>132</xmax><ymax>50</ymax></bndbox></object><object><name>proposal</name><bndbox><xmin>371</xmin><ymin>478</ymin><xmax>174</xmax><ymax>40</ymax></bndbox></object><object><name>proposal</name><bndbox><xmin>529</xmin><ymin>683</ymin><xmax>146</xmax><ymax>57</ymax></bndbox></object><object><name>proposal</name><bndbox><xmin>529</xmin><ymin>671</ymin><xmax>140</xmax><ymax>61</ymax></bndbox></object><object><name>proposal</name><bndbox><xmin>529</xmin><ymin>683</ymin><xmax>119</xmax><ymax>49</ymax></bndbox></object><object><name>proposal</name><bndbox><xmin>525</xmin><ymin>682</ymin><xmax>141</xmax><ymax>56</ymax></bndbox></object><object><name>proposal</name><bndbox><xmin>400</xmin><ymin>477</ymin><xmax>132</xmax><ymax>36</ymax></bndbox></object><object><name>proposal</name><bndbox><xmin>511</xmin><ymin>672</ymin><xmax>166</xmax><ymax>69</ymax></bndbox></object><object><name>proposal</name><bndbox><xmin>634</xmin><ymin>541</ymin><xmax>103</xmax><ymax>34</ymax></bndbox></object><object><name>proposal</name><bndbox><xmin>335</xmin><ymin>416</ymin><xmax>240</xmax><ymax>102</ymax></bndbox></object><object><name>proposal</name><bndbox><xmin>639</xmin><ymin>550</ymin><xmax>87</xmax><ymax>23</ymax></bndbox></object><object><name>proposal</name><bndbox><xmin>399</xmin><ymin>470</ymin><xmax>133</xmax><ymax>42</ymax></bndbox></object><object><name>proposal</name><bndbox><xmin>367</xmin><ymin>478</ymin><xmax>182</xmax><ymax>43</ymax></bndbox></object><object><name>proposal</name><bndbox><xmin>522</xmin><ymin>676</ymin><xmax>147</xmax><ymax>62</ymax></bndbox></object><object><name>proposal</name><bndbox><xmin>522</xmin><ymin>676</ymin><xmax>147</xmax><ymax>63</ymax></bndbox></object><object><name>proposal</name><bndbox><xmin>358</xmin><ymin>422</ymin><xmax>217</xmax><ymax>79</ymax></bndbox></object><object><name>proposal</name><bndbox><xmin>408</xmin><ymin>477</ymin><xmax>105</xmax><ymax>30</ymax></bndbox></object><object><name>proposal</name><bndbox><xmin>266</xmin><ymin>521</ymin><xmax>100</xmax><ymax>38</ymax></bndbox></object><object><name>proposal</name><bndbox><xmin>525</xmin><ymin>679</ymin><xmax>153</xmax><ymax>65</ymax></bndbox></object><object><name>proposal</name><bndbox><xmin>528</xmin><ymin>682</ymin><xmax>141</xmax><ymax>58</ymax></bndbox></object><object><name>proposal</name><bndbox><xmin>519</xmin><ymin>683</ymin><xmax>156</xmax><ymax>57</ymax></bndbox></object><object><name>proposal</name><bndbox><xmin>524</xmin><ymin>676</ymin><xmax>144</xmax><ymax>56</ymax></bndbox></object><object><name>proposal</name><bndbox><xmin>525</xmin><ymin>679</ymin><xmax>136</xmax><ymax>55</ymax></bndbox></object><object><name>proposal</name><bndbox><xmin>536</xmin><ymin>685</ymin><xmax>104</xmax><ymax>47</ymax></bndbox></object><object><name>proposal</name><bndbox><xmin>248</xmin><ymin>415</ymin><xmax>377</xmax><ymax>95</ymax></bndbox></object><object><name>proposal</name><bndbox><xmin>80</xmin><ymin>747</ymin><xmax>175</xmax><ymax>53</ymax></bndbox></object><object><name>proposal</name><bndbox><xmin>271</xmin><ymin>529</ymin><xmax>71</xmax><ymax>29</ymax></bndbox></object><object><name>proposal</name><bndbox><xmin>528</xmin><ymin>683</ymin><xmax>147</xmax><ymax>57</ymax></bndbox></object><object><name>proposal</name><bndbox><xmin>539</xmin><ymin>661</ymin><xmax>134</xmax><ymax>71</ymax></bndbox></object><object><name>proposal</name><bndbox><xmin>472</xmin><ymin>685</ymin><xmax>165</xmax><ymax>51</ymax></bndbox></object><object><name>proposal</name><bndbox><xmin>639</xmin><ymin>549</ymin><xmax>88</xmax><ymax>24</ymax></bndbox></object><object><name>proposal</name><bndbox><xmin>335</xmin><ymin>416</ymin><xmax>267</xmax><ymax>102</ymax></bndbox></object><object><name>proposal</name><bndbox><xmin>399</xmin><ymin>470</ymin><xmax>114</xmax><ymax>42</ymax></bndbox></object><object><name>proposal</name><bndbox><xmin>633</xmin><ymin>539</ymin><xmax>102</xmax><ymax>37</ymax></bndbox></object><object><name>proposal</name><bndbox><xmin>224</xmin><ymin>553</ymin><xmax>103</xmax><ymax>24</ymax></bndbox></object><object><name>proposal</name><bndbox><xmin>639</xmin><ymin>555</ymin><xmax>55</xmax><ymax>13</ymax></bndbox></object><object><name>proposal</name><bndbox><xmin>510</xmin><ymin>682</ymin><xmax>127</xmax><ymax>54</ymax></bndbox></object><object><name>proposal</name><bndbox><xmin>524</xmin><ymin>682</ymin><xmax>122</xmax><ymax>52</ymax></bndbox></object><object><name>proposal</name><bndbox><xmin>560</xmin><ymin>688</ymin><xmax>118</xmax><ymax>56</ymax></bndbox></object><object><name>proposal</name><bndbox><xmin>525</xmin><ymin>682</ymin><xmax>115</xmax><ymax>50</ymax></bndbox></object><object><name>proposal</name><bndbox><xmin>524</xmin><ymin>678</ymin><xmax>143</xmax><ymax>60</ymax></bndbox></object><object><name>proposal</name><bndbox><xmin>391</xmin><ymin>476</ymin><xmax>154</xmax><ymax>41</ymax></bndbox></object><object><name>proposal</name><bndbox><xmin>520</xmin><ymin>676</ymin><xmax>142</xmax><ymax>56</ymax></bndbox></object><object><name>proposal</name><bndbox><xmin>536</xmin><ymin>679</ymin><xmax>174</xmax><ymax>65</ymax></bndbox></object><object><name>proposal</name><bndbox><xmin>255</xmin><ymin>550</ymin><xmax>66</xmax><ymax>39</ymax></bndbox></object><object><name>proposal</name><bndbox><xmin>466</xmin><ymin>661</ymin><xmax>212</xmax><ymax>83</ymax></bndbox></object><object><name>proposal</name><bndbox><xmin>408</xmin><ymin>477</ymin><xmax>116</xmax><ymax>32</ymax></bndbox></object><object><name>proposal</name><bndbox><xmin>639</xmin><ymin>550</ymin><xmax>95</xmax><ymax>24</ymax></bndbox></object><object><name>proposal</name><bndbox><xmin>224</xmin><ymin>553</ymin><xmax>85</xmax><ymax>23</ymax></bndbox></object><object><name>proposal</name><bndbox><xmin>241</xmin><ymin>415</ymin><xmax>367</xmax><ymax>90</ymax></bndbox></object><object><name>proposal</name><bndbox><xmin>0</xmin><ymin>747</ymin><xmax>255</xmax><ymax>53</ymax></bndbox></object><object><name>proposal</name><bndbox><xmin>536</xmin><ymin>685</ymin><xmax>101</xmax><ymax>47</ymax></bndbox></object><object><name>proposal</name><bndbox><xmin>358</xmin><ymin>416</ymin><xmax>244</xmax><ymax>85</ymax></bndbox></object><object><name>proposal</name><bndbox><xmin>593</xmin><ymin>671</ymin><xmax>76</xmax><ymax>56</ymax></bndbox></object><object><name>proposal</name><bndbox><xmin>192</xmin><ymin>512</ymin><xmax>175</xmax><ymax>61</ymax></bndbox></object><object><name>proposal</name><bndbox><xmin>358</xmin><ymin>425</ymin><xmax>217</xmax><ymax>84</ymax></bndbox></object><object><name>proposal</name><bndbox><xmin>524</xmin><ymin>683</ymin><xmax>122</xmax><ymax>55</ymax></bndbox></object><object><name>proposal</name><bndbox><xmin>400</xmin><ymin>476</ymin><xmax>133</xmax><ymax>38</ymax></bndbox></object><object><name>proposal</name><bndbox><xmin>96</xmin><ymin>747</ymin><xmax>176</xmax><ymax>53</ymax></bndbox></object><object><name>proposal</name><bndbox><xmin>358</xmin><ymin>422</ymin><xmax>244</xmax><ymax>87</ymax></bndbox></object><object><name>proposal</name><bndbox><xmin>525</xmin><ymin>678</ymin><xmax>138</xmax><ymax>60</ymax></bndbox></object><object><name>proposal</name><bndbox><xmin>255</xmin><ymin>550</ymin><xmax>69</xmax><ymax>39</ymax></bndbox></object><object><name>proposal</name><bndbox><xmin>257</xmin><ymin>753</ymin><xmax>72</xmax><ymax>47</ymax></bndbox></object><object><name>proposal</name><bndbox><xmin>511</xmin><ymin>680</ymin><xmax>167</xmax><ymax>63</ymax></bndbox></object><object><name>proposal</name><bndbox><xmin>627</xmin><ymin>539</ymin><xmax>108</xmax><ymax>37</ymax></bndbox></object><object><name>proposal</name><bndbox><xmin>579</xmin><ymin>676</ymin><xmax>89</xmax><ymax>51</ymax></bndbox></object><object><name>proposal</name><bndbox><xmin>399</xmin><ymin>470</ymin><xmax>133</xmax><ymax>36</ymax></bndbox></object><object><name>proposal</name><bndbox><xmin>575</xmin><ymin>688</ymin><xmax>102</xmax><ymax>53</ymax></bndbox></object><object><name>proposal</name><bndbox><xmin>511</xmin><ymin>679</ymin><xmax>167</xmax><ymax>64</ymax></bndbox></object><object><name>proposal</name><bndbox><xmin>578</xmin><ymin>676</ymin><xmax>90</xmax><ymax>51</ymax></bndbox></object><object><name>proposal</name><bndbox><xmin>522</xmin><ymin>676</ymin><xmax>146</xmax><ymax>62</ymax></bndbox></object><object><name>proposal</name><bndbox><xmin>544</xmin><ymin>672</ymin><xmax>133</xmax><ymax>69</ymax></bndbox></object><object><name>proposal</name><bndbox><xmin>528</xmin><ymin>683</ymin><xmax>140</xmax><ymax>55</ymax></bndbox></object><object><name>proposal</name><bndbox><xmin>241</xmin><ymin>414</ymin><xmax>384</xmax><ymax>91</ymax></bndbox></object><object><name>proposal</name><bndbox><xmin>512</xmin><ymin>688</ymin><xmax>164</xmax><ymax>52</ymax></bndbox></object><object><name>proposal</name><bndbox><xmin>248</xmin><ymin>415</ymin><xmax>361</xmax><ymax>95</ymax></bndbox></object><object><name>proposal</name><bndbox><xmin>638</xmin><ymin>546</ymin><xmax>91</xmax><ymax>29</ymax></bndbox></object><object><name>proposal</name><bndbox><xmin>391</xmin><ymin>478</ymin><xmax>154</xmax><ymax>39</ymax></bndbox></object><object><name>proposal</name><bndbox><xmin>511</xmin><ymin>670</ymin><xmax>161</xmax><ymax>66</ymax></bndbox></object><object><name>proposal</name><bndbox><xmin>519</xmin><ymin>673</ymin><xmax>118</xmax><ymax>57</ymax></bndbox></object><object><name>proposal</name><bndbox><xmin>397</xmin><ymin>476</ymin><xmax>148</xmax><ymax>40</ymax></bndbox></object><object><name>proposal</name><bndbox><xmin>352</xmin><ymin>383</ymin><xmax>273</xmax><ymax>135</ymax></bndbox></object><object><name>proposal</name><bndbox><xmin>397</xmin><ymin>476</ymin><xmax>148</xmax><ymax>41</ymax></bndbox></object><object><name>proposal</name><bndbox><xmin>528</xmin><ymin>676</ymin><xmax>140</xmax><ymax>62</ymax></bndbox></object><object><name>proposal</name><bndbox><xmin>223</xmin><ymin>520</ymin><xmax>144</xmax><ymax>57</ymax></bndbox></object><object><name>proposal</name><bndbox><xmin>372</xmin><ymin>476</ymin><xmax>161</xmax><ymax>38</ymax></bndbox></object><object><name>proposal</name><bndbox><xmin>539</xmin><ymin>685</ymin><xmax>134</xmax><ymax>47</ymax></bndbox></object><object><name>proposal</name><bndbox><xmin>384</xmin><ymin>477</ymin><xmax>132</xmax><ymax>38</ymax></bndbox></object><object><name>proposal</name><bndbox><xmin>223</xmin><ymin>516</ymin><xmax>148</xmax><ymax>61</ymax></bndbox></object><object><name>proposal</name><bndbox><xmin>396</xmin><ymin>459</ymin><xmax>168</xmax><ymax>48</ymax></bndbox></object><object><name>proposal</name><bndbox><xmin>579</xmin><ymin>676</ymin><xmax>83</xmax><ymax>49</ymax></bndbox></object><object><name>proposal</name><bndbox><xmin>520</xmin><ymin>683</ymin><xmax>155</xmax><ymax>57</ymax></bndbox></object><object><name>proposal</name><bndbox><xmin>255</xmin><ymin>548</ymin><xmax>66</xmax><ymax>22</ymax></bndbox></object><object><name>proposal</name><bndbox><xmin>528</xmin><ymin>683</ymin><xmax>141</xmax><ymax>56</ymax></bndbox></object><object><name>proposal</name><bndbox><xmin>371</xmin><ymin>477</ymin><xmax>163</xmax><ymax>38</ymax></bndbox></object></annotation>