<annotation><folder>Proposals</folder><filename>img-360.jpg</filename><size><width>300</width><height>442</height><depth>3</depth></size><object><name>proposal</name><bndbox><xmin>0</xmin><ymin>422</ymin><xmax>504</xmax><ymax>199</ymax></bndbox></object><object><name>proposal</name><bndbox><xmin>509</xmin><ymin>458</ymin><xmax>291</xmax><ymax>81</ymax></bndbox></object><object><name>proposal</name><bndbox><xmin>533</xmin><ymin>336</ymin><xmax>267</xmax><ymax>113</ymax></bndbox></object><object><name>proposal</name><bndbox><xmin>543</xmin><ymin>431</ymin><xmax>257</xmax><ymax>88</ymax></bndbox></object><object><name>proposal</name><bndbox><xmin>538</xmin><ymin>458</ymin><xmax>120</xmax><ymax>54</ymax></bndbox></object><object><name>proposal</name><bndbox><xmin>450</xmin><ymin>354</ymin><xmax>146</xmax><ymax>36</ymax></bndbox></object><object><name>proposal</name><bndbox><xmin>354</xmin><ymin>420</ymin><xmax>446</xmax><ymax>161</ymax></bndbox></object><object><name>proposal</name><bndbox><xmin>533</xmin><ymin>413</ymin><xmax>267</xmax><ymax>101</ymax></bndbox></object><object><name>proposal</name><bndbox><xmin>171</xmin><ymin>460</ymin><xmax>629</xmax><ymax>204</ymax></bndbox></object><object><name>proposal</name><bndbox><xmin>538</xmin><ymin>458</ymin><xmax>144</xmax><ymax>81</ymax></bndbox></object><object><name>proposal</name><bndbox><xmin>426</xmin><ymin>733</ymin><xmax>128</xmax><ymax>48</ymax></bndbox></object><object><name>proposal</name><bndbox><xmin>553</xmin><ymin>449</ymin><xmax>205</xmax><ymax>87</ymax></bndbox></object><object><name>proposal</name><bndbox><xmin>362</xmin><ymin>357</ymin><xmax>198</xmax><ymax>42</ymax></bndbox></object><object><name>proposal</name><bndbox><xmin>355</xmin><ymin>354</ymin><xmax>241</xmax><ymax>44</ymax></bndbox></object><object><name>proposal</name><bndbox><xmin>544</xmin><ymin>434</ymin><xmax>256</xmax><ymax>89</ymax></bndbox></object><object><name>proposal</name><bndbox><xmin>427</xmin><ymin>449</ymin><xmax>267</xmax><ymax>64</ymax></bndbox></object><object><name>proposal</name><bndbox><xmin>333</xmin><ymin>527</ymin><xmax>467</xmax><ymax>137</ymax></bndbox></object><object><name>proposal</name><bndbox><xmin>300</xmin><ymin>515</ymin><xmax>145</xmax><ymax>69</ymax></bndbox></object><object><name>proposal</name><bndbox><xmin>353</xmin><ymin>348</ymin><xmax>233</xmax><ymax>32</ymax></bndbox></object><object><name>proposal</name><bndbox><xmin>361</xmin><ymin>366</ymin><xmax>111</xmax><ymax>35</ymax></bndbox></object><object><name>proposal</name><bndbox><xmin>637</xmin><ymin>438</ymin><xmax>137</xmax><ymax>11</ymax></bndbox></object><object><name>proposal</name><bndbox><xmin>499</xmin><ymin>438</ymin><xmax>301</xmax><ymax>76</ymax></bndbox></object><object><name>proposal</name><bndbox><xmin>538</xmin><ymin>734</ymin><xmax>137</xmax><ymax>66</ymax></bndbox></object><object><name>proposal</name><bndbox><xmin>385</xmin><ymin>581</ymin><xmax>204</xmax><ymax>49</ymax></bndbox></object><object><name>proposal</name><bndbox><xmin>539</xmin><ymin>736</ymin><xmax>135</xmax><ymax>64</ymax></bndbox></object><object><name>proposal</name><bndbox><xmin>332</xmin><ymin>333</ymin><xmax>250</xmax><ymax>49</ymax></bndbox></object><object><name>proposal</name><bndbox><xmin>354</xmin><ymin>313</ymin><xmax>97</xmax><ymax>7</ymax></bndbox></object><object><name>proposal</name><bndbox><xmin>554</xmin><ymin>434</ymin><xmax>246</xmax><ymax>83</ymax></bndbox></object><object><name>proposal</name><bndbox><xmin>408</xmin><ymin>726</ymin><xmax>294</xmax><ymax>74</ymax></bndbox></object><object><name>proposal</name><bndbox><xmin>323</xmin><ymin>573</ymin><xmax>167</xmax><ymax>48</ymax></bndbox></object><object><name>proposal</name><bndbox><xmin>430</xmin><ymin>443</ymin><xmax>370</xmax><ymax>71</ymax></bndbox></object><object><name>proposal</name><bndbox><xmin>427</xmin><ymin>449</ymin><xmax>267</xmax><ymax>63</ymax></bndbox></object><object><name>proposal</name><bndbox><xmin>500</xmin><ymin>449</ymin><xmax>300</xmax><ymax>90</ymax></bndbox></object><object><name>proposal</name><bndbox><xmin>363</xmin><ymin>348</ymin><xmax>215</xmax><ymax>32</ymax></bndbox></object><object><name>proposal</name><bndbox><xmin>464</xmin><ymin>735</ymin><xmax>84</xmax><ymax>46</ymax></bndbox></object><object><name>proposal</name><bndbox><xmin>245</xmin><ymin>434</ymin><xmax>555</xmax><ymax>183</ymax></bndbox></object><object><name>proposal</name><bndbox><xmin>499</xmin><ymin>441</ymin><xmax>301</xmax><ymax>78</ymax></bndbox></object><object><name>proposal</name><bndbox><xmin>533</xmin><ymin>434</ymin><xmax>267</xmax><ymax>78</ymax></bndbox></object><object><name>proposal</name><bndbox><xmin>171</xmin><ymin>422</ymin><xmax>482</xmax><ymax>208</ymax></bndbox></object><object><name>proposal</name><bndbox><xmin>500</xmin><ymin>459</ymin><xmax>83</xmax><ymax>54</ymax></bndbox></object><object><name>proposal</name><bndbox><xmin>356</xmin><ymin>510</ymin><xmax>140</xmax><ymax>113</ymax></bndbox></object><object><name>proposal</name><bndbox><xmin>501</xmin><ymin>457</ymin><xmax>198</xmax><ymax>57</ymax></bndbox></object><object><name>proposal</name><bndbox><xmin>320</xmin><ymin>449</ymin><xmax>480</xmax><ymax>174</ymax></bndbox></object><object><name>proposal</name><bndbox><xmin>427</xmin><ymin>434</ymin><xmax>231</xmax><ymax>78</ymax></bndbox></object><object><name>proposal</name><bndbox><xmin>426</xmin><ymin>733</ymin><xmax>122</xmax><ymax>48</ymax></bndbox></object><object><name>proposal</name><bndbox><xmin>355</xmin><ymin>348</ymin><xmax>241</xmax><ymax>50</ymax></bndbox></object><object><name>proposal</name><bndbox><xmin>301</xmin><ymin>523</ymin><xmax>189</xmax><ymax>98</ymax></bndbox></object><object><name>proposal</name><bndbox><xmin>394</xmin><ymin>530</ymin><xmax>216</xmax><ymax>47</ymax></bndbox></object><object><name>proposal</name><bndbox><xmin>427</xmin><ymin>440</ymin><xmax>373</xmax><ymax>79</ymax></bndbox></object><object><name>proposal</name><bndbox><xmin>477</xmin><ymin>733</ymin><xmax>134</xmax><ymax>48</ymax></bndbox></object><object><name>proposal</name><bndbox><xmin>538</xmin><ymin>458</ymin><xmax>128</xmax><ymax>81</ymax></bndbox></object><object><name>proposal</name><bndbox><xmin>522</xmin><ymin>734</ymin><xmax>152</xmax><ymax>45</ymax></bndbox></object><object><name>proposal</name><bndbox><xmin>414</xmin><ymin>434</ymin><xmax>386</xmax><ymax>146</ymax></bndbox></object><object><name>proposal</name><bndbox><xmin>337</xmin><ymin>333</ymin><xmax>249</xmax><ymax>29</ymax></bndbox></object><object><name>proposal</name><bndbox><xmin>499</xmin><ymin>434</ymin><xmax>301</xmax><ymax>80</ymax></bndbox></object><object><name>proposal</name><bndbox><xmin>536</xmin><ymin>734</ymin><xmax>139</xmax><ymax>66</ymax></bndbox></object><object><name>proposal</name><bndbox><xmin>356</xmin><ymin>519</ymin><xmax>364</xmax><ymax>103</ymax></bndbox></object><object><name>proposal</name><bndbox><xmin>332</xmin><ymin>504</ymin><xmax>164</xmax><ymax>43</ymax></bndbox></object><object><name>proposal</name><bndbox><xmin>300</xmin><ymin>515</ymin><xmax>196</xmax><ymax>97</ymax></bndbox></object><object><name>proposal</name><bndbox><xmin>499</xmin><ymin>441</ymin><xmax>301</xmax><ymax>72</ymax></bndbox></object><object><name>proposal</name><bndbox><xmin>458</xmin><ymin>731</ymin><xmax>153</xmax><ymax>51</ymax></bndbox></object><object><name>proposal</name><bndbox><xmin>427</xmin><ymin>431</ymin><xmax>347</xmax><ymax>82</ymax></bndbox></object><object><name>proposal</name><bndbox><xmin>382</xmin><ymin>461</ymin><xmax>418</xmax><ymax>167</ymax></bndbox></object><object><name>proposal</name><bndbox><xmin>304</xmin><ymin>518</ymin><xmax>200</xmax><ymax>94</ymax></bndbox></object><object><name>proposal</name><bndbox><xmin>500</xmin><ymin>458</ymin><xmax>182</xmax><ymax>54</ymax></bndbox></object><object><name>proposal</name><bndbox><xmin>382</xmin><ymin>457</ymin><xmax>418</xmax><ymax>160</ymax></bndbox></object><object><name>proposal</name><bndbox><xmin>0</xmin><ymin>509</ymin><xmax>720</xmax><ymax>171</ymax></bndbox></object><object><name>proposal</name><bndbox><xmin>358</xmin><ymin>348</ymin><xmax>220</xmax><ymax>34</ymax></bndbox></object><object><name>proposal</name><bndbox><xmin>558</xmin><ymin>445</ymin><xmax>242</xmax><ymax>68</ymax></bndbox></object><object><name>proposal</name><bndbox><xmin>355</xmin><ymin>348</ymin><xmax>215</xmax><ymax>31</ymax></bndbox></object><object><name>proposal</name><bndbox><xmin>300</xmin><ymin>434</ymin><xmax>500</xmax><ymax>183</ymax></bndbox></object><object><name>proposal</name><bndbox><xmin>499</xmin><ymin>457</ymin><xmax>200</xmax><ymax>56</ymax></bndbox></object><object><name>proposal</name><bndbox><xmin>429</xmin><ymin>457</ymin><xmax>239</xmax><ymax>73</ymax></bndbox></object><object><name>proposal</name><bndbox><xmin>419</xmin><ymin>732</ymin><xmax>264</xmax><ymax>68</ymax></bndbox></object><object><name>proposal</name><bndbox><xmin>365</xmin><ymin>366</ymin><xmax>172</xmax><ymax>18</ymax></bndbox></object><object><name>proposal</name><bndbox><xmin>394</xmin><ymin>530</ymin><xmax>207</xmax><ymax>47</ymax></bndbox></object><object><name>proposal</name><bndbox><xmin>354</xmin><ymin>341</ymin><xmax>228</xmax><ymax>38</ymax></bndbox></object><object><name>proposal</name><bndbox><xmin>170</xmin><ymin>443</ymin><xmax>630</xmax><ymax>180</ymax></bndbox></object><object><name>proposal</name><bndbox><xmin>354</xmin><ymin>341</ymin><xmax>224</xmax><ymax>60</ymax></bndbox></object><object><name>proposal</name><bndbox><xmin>419</xmin><ymin>730</ymin><xmax>156</xmax><ymax>35</ymax></bndbox></object><object><name>proposal</name><bndbox><xmin>409</xmin><ymin>449</ymin><xmax>391</xmax><ymax>87</ymax></bndbox></object><object><name>proposal</name><bndbox><xmin>427</xmin><ymin>434</ymin><xmax>373</xmax><ymax>85</ymax></bndbox></object><object><name>proposal</name><bndbox><xmin>543</xmin><ymin>431</ymin><xmax>257</xmax><ymax>86</ymax></bndbox></object><object><name>proposal</name><bndbox><xmin>538</xmin><ymin>738</ymin><xmax>135</xmax><ymax>62</ymax></bndbox></object><object><name>proposal</name><bndbox><xmin>554</xmin><ymin>441</ymin><xmax>246</xmax><ymax>139</ymax></bndbox></object><object><name>proposal</name><bndbox><xmin>427</xmin><ymin>431</ymin><xmax>373</xmax><ymax>88</ymax></bndbox></object><object><name>proposal</name><bndbox><xmin>522</xmin><ymin>734</ymin><xmax>151</xmax><ymax>66</ymax></bndbox></object><object><name>proposal</name><bndbox><xmin>323</xmin><ymin>504</ymin><xmax>171</xmax><ymax>89</ymax></bndbox></object><object><name>proposal</name><bndbox><xmin>328</xmin><ymin>563</ymin><xmax>169</xmax><ymax>54</ymax></bndbox></object><object><name>proposal</name><bndbox><xmin>362</xmin><ymin>352</ymin><xmax>198</xmax><ymax>47</ymax></bndbox></object><object><name>proposal</name><bndbox><xmin>426</xmin><ymin>733</ymin><xmax>129</xmax><ymax>48</ymax></bndbox></object><object><name>proposal</name><bndbox><xmin>354</xmin><ymin>434</ymin><xmax>446</xmax><ymax>143</ymax></bndbox></object><object><name>proposal</name><bndbox><xmin>585</xmin><ymin>469</ymin><xmax>125</xmax><ymax>43</ymax></bndbox></object><object><name>proposal</name><bndbox><xmin>358</xmin><ymin>348</ymin><xmax>224</xmax><ymax>31</ymax></bndbox></object><object><name>proposal</name><bndbox><xmin>355</xmin><ymin>345</ymin><xmax>241</xmax><ymax>53</ymax></bndbox></object><object><name>proposal</name><bndbox><xmin>648</xmin><ymin>434</ymin><xmax>126</xmax><ymax>15</ymax></bndbox></object><object><name>proposal</name><bndbox><xmin>512</xmin><ymin>733</ymin><xmax>174</xmax><ymax>67</ymax></bndbox></object><object><name>proposal</name><bndbox><xmin>300</xmin><ymin>515</ymin><xmax>215</xmax><ymax>107</ymax></bndbox></object><object><name>proposal</name><bndbox><xmin>346</xmin><ymin>337</ymin><xmax>214</xmax><ymax>62</ymax></bndbox></object><object><name>proposal</name><bndbox><xmin>312</xmin><ymin>502</ymin><xmax>154</xmax><ymax>88</ymax></bndbox></object><object><name>proposal</name><bndbox><xmin>300</xmin><ymin>457</ymin><xmax>496</xmax><ymax>158</ymax></bndbox></object><object><name>proposal</name><bndbox><xmin>171</xmin><ymin>422</ymin><xmax>272</xmax><ymax>195</ymax></bndbox></object><object><name>proposal</name><bndbox><xmin>516</xmin><ymin>443</ymin><xmax>284</xmax><ymax>87</ymax></bndbox></object><object><name>proposal</name><bndbox><xmin>467</xmin><ymin>732</ymin><xmax>235</xmax><ymax>68</ymax></bndbox></object><object><name>proposal</name><bndbox><xmin>361</xmin><ymin>347</ymin><xmax>176</xmax><ymax>32</ymax></bndbox></object><object><name>proposal</name><bndbox><xmin>637</xmin><ymin>433</ymin><xmax>137</xmax><ymax>16</ymax></bndbox></object><object><name>proposal</name><bndbox><xmin>333</xmin><ymin>333</ymin><xmax>245</xmax><ymax>69</ymax></bndbox></object><object><name>proposal</name><bndbox><xmin>567</xmin><ymin>420</ymin><xmax>233</xmax><ymax>29</ymax></bndbox></object><object><name>proposal</name><bndbox><xmin>362</xmin><ymin>364</ymin><xmax>185</xmax><ymax>34</ymax></bndbox></object><object><name>proposal</name><bndbox><xmin>611</xmin><ymin>737</ymin><xmax>63</xmax><ymax>54</ymax></bndbox></object><object><name>proposal</name><bndbox><xmin>427</xmin><ymin>431</ymin><xmax>373</xmax><ymax>87</ymax></bndbox></object><object><name>proposal</name><bndbox><xmin>297</xmin><ymin>499</ymin><xmax>148</xmax><ymax>85</ymax></bndbox></object><object><name>proposal</name><bndbox><xmin>352</xmin><ymin>434</ymin><xmax>448</xmax><ymax>183</ymax></bndbox></object><object><name>proposal</name><bndbox><xmin>171</xmin><ymin>504</ymin><xmax>272</xmax><ymax>113</ymax></bndbox></object><object><name>proposal</name><bndbox><xmin>533</xmin><ymin>438</ymin><xmax>267</xmax><ymax>142</ymax></bndbox></object><object><name>proposal</name><bndbox><xmin>554</xmin><ymin>439</ymin><xmax>246</xmax><ymax>75</ymax></bndbox></object><object><name>proposal</name><bndbox><xmin>355</xmin><ymin>348</ymin><xmax>227</xmax><ymax>53</ymax></bndbox></object><object><name>proposal</name><bndbox><xmin>332</xmin><ymin>498</ymin><xmax>135</xmax><ymax>58</ymax></bndbox></object><object><name>proposal</name><bndbox><xmin>328</xmin><ymin>563</ymin><xmax>164</xmax><ymax>49</ymax></bndbox></object><object><name>proposal</name><bndbox><xmin>355</xmin><ymin>461</ymin><xmax>445</xmax><ymax>162</ymax></bndbox></object><object><name>proposal</name><bndbox><xmin>358</xmin><ymin>348</ymin><xmax>104</xmax><ymax>12</ymax></bndbox></object><object><name>proposal</name><bndbox><xmin>408</xmin><ymin>726</ymin><xmax>278</xmax><ymax>74</ymax></bndbox></object><object><name>proposal</name><bndbox><xmin>354</xmin><ymin>434</ymin><xmax>446</xmax><ymax>230</ymax></bndbox></object><object><name>proposal</name><bndbox><xmin>171</xmin><ymin>504</ymin><xmax>482</xmax><ymax>126</ymax></bndbox></object><object><name>proposal</name><bndbox><xmin>427</xmin><ymin>449</ymin><xmax>267</xmax><ymax>60</ymax></bndbox></object><object><name>proposal</name><bndbox><xmin>348</xmin><ymin>507</ymin><xmax>305</xmax><ymax>123</ymax></bndbox></object><object><name>proposal</name><bndbox><xmin>543</xmin><ymin>431</ymin><xmax>231</xmax><ymax>18</ymax></bndbox></object><object><name>proposal</name><bndbox><xmin>361</xmin><ymin>366</ymin><xmax>176</xmax><ymax>35</ymax></bndbox></object><object><name>proposal</name><bndbox><xmin>356</xmin><ymin>347</ymin><xmax>79</xmax><ymax>11</ymax></bndbox></object><object><name>proposal</name><bndbox><xmin>368</xmin><ymin>377</ymin><xmax>80</xmax><ymax>24</ymax></bndbox></object><object><name>proposal</name><bndbox><xmin>501</xmin><ymin>457</ymin><xmax>127</xmax><ymax>41</ymax></bndbox></object><object><name>proposal</name><bndbox><xmin>354</xmin><ymin>449</ymin><xmax>388</xmax><ymax>173</ymax></bndbox></object><object><name>proposal</name><bndbox><xmin>354</xmin><ymin>341</ymin><xmax>183</xmax><ymax>58</ymax></bndbox></object><object><name>proposal</name><bndbox><xmin>323</xmin><ymin>458</ymin><xmax>477</xmax><ymax>165</ymax></bndbox></object><object><name>proposal</name><bndbox><xmin>368</xmin><ymin>348</ymin><xmax>228</xmax><ymax>42</ymax></bndbox></object><object><name>proposal</name><bndbox><xmin>362</xmin><ymin>348</ymin><xmax>216</xmax><ymax>32</ymax></bndbox></object><object><name>proposal</name><bndbox><xmin>427</xmin><ymin>431</ymin><xmax>316</xmax><ymax>81</ymax></bndbox></object><object><name>proposal</name><bndbox><xmin>323</xmin><ymin>562</ymin><xmax>175</xmax><ymax>55</ymax></bndbox></object><object><name>proposal</name><bndbox><xmin>501</xmin><ymin>453</ymin><xmax>120</xmax><ymax>44</ymax></bndbox></object><object><name>proposal</name><bndbox><xmin>353</xmin><ymin>348</ymin><xmax>233</xmax><ymax>37</ymax></bndbox></object><object><name>proposal</name><bndbox><xmin>361</xmin><ymin>366</ymin><xmax>176</xmax><ymax>33</ymax></bndbox></object><object><name>proposal</name><bndbox><xmin>430</xmin><ymin>438</ymin><xmax>370</xmax><ymax>74</ymax></bndbox></object><object><name>proposal</name><bndbox><xmin>516</xmin><ymin>419</ymin><xmax>284</xmax><ymax>111</ymax></bndbox></object><object><name>proposal</name><bndbox><xmin>533</xmin><ymin>438</ymin><xmax>267</xmax><ymax>79</ymax></bndbox></object><object><name>proposal</name><bndbox><xmin>336</xmin><ymin>419</ymin><xmax>464</xmax><ymax>242</ymax></bndbox></object><object><name>proposal</name><bndbox><xmin>458</xmin><ymin>731</ymin><xmax>134</xmax><ymax>48</ymax></bndbox></object><object><name>proposal</name><bndbox><xmin>328</xmin><ymin>458</ymin><xmax>468</xmax><ymax>159</ymax></bndbox></object><object><name>proposal</name><bndbox><xmin>501</xmin><ymin>431</ymin><xmax>299</xmax><ymax>86</ymax></bndbox></object><object><name>proposal</name><bndbox><xmin>543</xmin><ymin>437</ymin><xmax>257</xmax><ymax>75</ymax></bndbox></object><object><name>proposal</name><bndbox><xmin>568</xmin><ymin>434</ymin><xmax>175</xmax><ymax>14</ymax></bndbox></object><object><name>proposal</name><bndbox><xmin>0</xmin><ymin>443</ymin><xmax>490</xmax><ymax>178</ymax></bndbox></object><object><name>proposal</name><bndbox><xmin>362</xmin><ymin>364</ymin><xmax>96</xmax><ymax>34</ymax></bndbox></object><object><name>proposal</name><bndbox><xmin>533</xmin><ymin>429</ymin><xmax>267</xmax><ymax>83</ymax></bndbox></object><object><name>proposal</name><bndbox><xmin>554</xmin><ymin>441</ymin><xmax>246</xmax><ymax>80</ymax></bndbox></object><object><name>proposal</name><bndbox><xmin>426</xmin><ymin>735</ymin><xmax>122</xmax><ymax>46</ymax></bndbox></object><object><name>proposal</name><bndbox><xmin>533</xmin><ymin>438</ymin><xmax>267</xmax><ymax>84</ymax></bndbox></object><object><name>proposal</name><bndbox><xmin>458</xmin><ymin>731</ymin><xmax>108</xmax><ymax>34</ymax></bndbox></object><object><name>proposal</name><bndbox><xmin>358</xmin><ymin>348</ymin><xmax>83</xmax><ymax>12</ymax></bndbox></object><object><name>proposal</name><bndbox><xmin>441</xmin><ymin>735</ymin><xmax>107</xmax><ymax>46</ymax></bndbox></object><object><name>proposal</name><bndbox><xmin>356</xmin><ymin>530</ymin><xmax>245</xmax><ymax>60</ymax></bndbox></object><object><name>proposal</name><bndbox><xmin>349</xmin><ymin>434</ymin><xmax>451</xmax><ymax>189</ymax></bndbox></object><object><name>proposal</name><bndbox><xmin>427</xmin><ymin>449</ymin><xmax>304</xmax><ymax>63</ymax></bndbox></object><object><name>proposal</name><bndbox><xmin>501</xmin><ymin>441</ymin><xmax>299</xmax><ymax>139</ymax></bndbox></object><object><name>proposal</name><bndbox><xmin>355</xmin><ymin>413</ymin><xmax>445</xmax><ymax>210</ymax></bndbox></object><object><name>proposal</name><bndbox><xmin>245</xmin><ymin>457</ymin><xmax>454</xmax><ymax>160</ymax></bndbox></object><object><name>proposal</name><bndbox><xmin>354</xmin><ymin>463</ymin><xmax>312</xmax><ymax>159</ymax></bndbox></object><object><name>proposal</name><bndbox><xmin>413</xmin><ymin>428</ymin><xmax>387</xmax><ymax>94</ymax></bndbox></object><object><name>proposal</name><bndbox><xmin>543</xmin><ymin>431</ymin><xmax>119</xmax><ymax>18</ymax></bndbox></object><object><name>proposal</name><bndbox><xmin>476</xmin><ymin>732</ymin><xmax>226</xmax><ymax>68</ymax></bndbox></object><object><name>proposal</name><bndbox><xmin>300</xmin><ymin>457</ymin><xmax>399</xmax><ymax>155</ymax></bndbox></object><object><name>proposal</name><bndbox><xmin>567</xmin><ymin>362</ymin><xmax>233</xmax><ymax>87</ymax></bndbox></object><object><name>proposal</name><bndbox><xmin>320</xmin><ymin>569</ymin><xmax>170</xmax><ymax>47</ymax></bndbox></object><object><name>proposal</name><bndbox><xmin>171</xmin><ymin>502</ymin><xmax>295</xmax><ymax>170</ymax></bndbox></object><object><name>proposal</name><bndbox><xmin>245</xmin><ymin>464</ymin><xmax>367</xmax><ymax>159</ymax></bndbox></object><object><name>proposal</name><bndbox><xmin>499</xmin><ymin>732</ymin><xmax>203</xmax><ymax>68</ymax></bndbox></object><object><name>proposal</name><bndbox><xmin>569</xmin><ymin>434</ymin><xmax>205</xmax><ymax>15</ymax></bndbox></object><object><name>proposal</name><bndbox><xmin>533</xmin><ymin>413</ymin><xmax>267</xmax><ymax>36</ymax></bndbox></object><object><name>proposal</name><bndbox><xmin>554</xmin><ymin>434</ymin><xmax>246</xmax><ymax>85</ymax></bndbox></object><object><name>proposal</name><bndbox><xmin>603</xmin><ymin>734</ymin><xmax>71</xmax><ymax>57</ymax></bndbox></object><object><name>proposal</name><bndbox><xmin>543</xmin><ymin>437</ymin><xmax>257</xmax><ymax>77</ymax></bndbox></object><object><name>proposal</name><bndbox><xmin>509</xmin><ymin>478</ymin><xmax>74</xmax><ymax>35</ymax></bndbox></object><object><name>proposal</name><bndbox><xmin>258</xmin><ymin>498</ymin><xmax>186</xmax><ymax>119</ymax></bndbox></object><object><name>proposal</name><bndbox><xmin>612</xmin><ymin>737</ymin><xmax>62</xmax><ymax>54</ymax></bndbox></object><object><name>proposal</name><bndbox><xmin>409</xmin><ymin>449</ymin><xmax>264</xmax><ymax>87</ymax></bndbox></object><object><name>proposal</name><bndbox><xmin>346</xmin><ymin>337</ymin><xmax>145</xmax><ymax>26</ymax></bndbox></object><object><name>proposal</name><bndbox><xmin>572</xmin><ymin>398</ymin><xmax>228</xmax><ymax>51</ymax></bndbox></object><object><name>proposal</name><bndbox><xmin>301</xmin><ymin>434</ymin><xmax>499</xmax><ymax>189</ymax></bndbox></object><object><name>proposal</name><bndbox><xmin>501</xmin><ymin>457</ymin><xmax>198</xmax><ymax>46</ymax></bndbox></object><object><name>proposal</name><bndbox><xmin>499</xmin><ymin>431</ymin><xmax>301</xmax><ymax>88</ymax></bndbox></object><object><name>proposal</name><bndbox><xmin>352</xmin><ymin>458</ymin><xmax>444</xmax><ymax>159</ymax></bndbox></object><object><name>proposal</name><bndbox><xmin>244</xmin><ymin>490</ymin><xmax>556</xmax><ymax>310</ymax></bndbox></object><object><name>proposal</name><bndbox><xmin>297</xmin><ymin>499</ymin><xmax>207</xmax><ymax>113</ymax></bndbox></object><object><name>proposal</name><bndbox><xmin>512</xmin><ymin>733</ymin><xmax>176</xmax><ymax>67</ymax></bndbox></object><object><name>proposal</name><bndbox><xmin>354</xmin><ymin>313</ymin><xmax>96</xmax><ymax>6</ymax></bndbox></object><object><name>proposal</name><bndbox><xmin>533</xmin><ymin>438</ymin><xmax>267</xmax><ymax>74</ymax></bndbox></object><object><name>proposal</name><bndbox><xmin>499</xmin><ymin>456</ymin><xmax>242</xmax><ymax>56</ymax></bndbox></object><object><name>proposal</name><bndbox><xmin>413</xmin><ymin>550</ymin><xmax>244</xmax><ymax>72</ymax></bndbox></object><object><name>proposal</name><bndbox><xmin>499</xmin><ymin>439</ymin><xmax>301</xmax><ymax>75</ymax></bndbox></object><object><name>proposal</name><bndbox><xmin>362</xmin><ymin>357</ymin><xmax>233</xmax><ymax>42</ymax></bndbox></object><object><name>proposal</name><bndbox><xmin>332</xmin><ymin>504</ymin><xmax>126</xmax><ymax>86</ymax></bndbox></object><object><name>proposal</name><bndbox><xmin>413</xmin><ymin>438</ymin><xmax>228</xmax><ymax>75</ymax></bndbox></object><object><name>proposal</name><bndbox><xmin>349</xmin><ymin>458</ymin><xmax>451</xmax><ymax>165</ymax></bndbox></object><object><name>proposal</name><bndbox><xmin>640</xmin><ymin>433</ymin><xmax>134</xmax><ymax>16</ymax></bndbox></object><object><name>proposal</name><bndbox><xmin>409</xmin><ymin>449</ymin><xmax>349</xmax><ymax>87</ymax></bndbox></object><object><name>proposal</name><bndbox><xmin>0</xmin><ymin>336</ymin><xmax>589</xmax><ymax>294</ymax></bndbox></object><object><name>proposal</name><bndbox><xmin>354</xmin><ymin>341</ymin><xmax>225</xmax><ymax>58</ymax></bndbox></object><object><name>proposal</name><bndbox><xmin>354</xmin><ymin>460</ymin><xmax>215</xmax><ymax>80</ymax></bndbox></object><object><name>proposal</name><bndbox><xmin>336</xmin><ymin>563</ymin><xmax>162</xmax><ymax>58</ymax></bndbox></object><object><name>proposal</name><bndbox><xmin>337</xmin><ymin>333</ymin><xmax>259</xmax><ymax>57</ymax></bndbox></object><object><name>proposal</name><bndbox><xmin>585</xmin><ymin>469</ymin><xmax>114</xmax><ymax>43</ymax></bndbox></object><object><name>proposal</name><bndbox><xmin>353</xmin><ymin>345</ymin><xmax>243</xmax><ymax>56</ymax></bndbox></object><object><name>proposal</name><bndbox><xmin>354</xmin><ymin>463</ymin><xmax>312</xmax><ymax>77</ymax></bndbox></object><object><name>proposal</name><bndbox><xmin>395</xmin><ymin>373</ymin><xmax>77</xmax><ymax>26</ymax></bndbox></object><object><name>proposal</name><bndbox><xmin>361</xmin><ymin>347</ymin><xmax>200</xmax><ymax>34</ymax></bndbox></object><object><name>proposal</name><bndbox><xmin>332</xmin><ymin>498</ymin><xmax>135</xmax><ymax>92</ymax></bndbox></object><object><name>proposal</name><bndbox><xmin>332</xmin><ymin>333</ymin><xmax>250</xmax><ymax>68</ymax></bndbox></object><object><name>proposal</name><bndbox><xmin>533</xmin><ymin>428</ymin><xmax>267</xmax><ymax>152</ymax></bndbox></object><object><name>proposal</name><bndbox><xmin>427</xmin><ymin>581</ymin><xmax>162</xmax><ymax>49</ymax></bndbox></object><object><name>proposal</name><bndbox><xmin>500</xmin><ymin>449</ymin><xmax>231</xmax><ymax>63</ymax></bndbox></object><object><name>proposal</name><bndbox><xmin>171</xmin><ymin>504</ymin><xmax>295</xmax><ymax>168</ymax></bndbox></object><object><name>proposal</name><bndbox><xmin>356</xmin><ymin>449</ymin><xmax>402</xmax><ymax>161</ymax></bndbox></object><object><name>proposal</name><bndbox><xmin>362</xmin><ymin>348</ymin><xmax>233</xmax><ymax>54</ymax></bndbox></object><object><name>proposal</name><bndbox><xmin>576</xmin><ymin>734</ymin><xmax>98</xmax><ymax>31</ymax></bndbox></object><object><name>proposal</name><bndbox><xmin>501</xmin><ymin>349</ymin><xmax>85</xmax><ymax>13</ymax></bndbox></object><object><name>proposal</name><bndbox><xmin>312</xmin><ymin>518</ymin><xmax>192</xmax><ymax>94</ymax></bndbox></object><object><name>proposal</name><bndbox><xmin>499</xmin><ymin>457</ymin><xmax>101</xmax><ymax>56</ymax></bndbox></object><object><name>proposal</name><bndbox><xmin>171</xmin><ymin>487</ymin><xmax>629</xmax><ymax>177</ymax></bndbox></object><object><name>proposal</name><bndbox><xmin>427</xmin><ymin>456</ymin><xmax>314</xmax><ymax>56</ymax></bndbox></object><object><name>proposal</name><bndbox><xmin>392</xmin><ymin>373</ymin><xmax>83</xmax><ymax>26</ymax></bndbox></object><object><name>proposal</name><bndbox><xmin>499</xmin><ymin>456</ymin><xmax>301</xmax><ymax>63</ymax></bndbox></object><object><name>proposal</name><bndbox><xmin>354</xmin><ymin>341</ymin><xmax>73</xmax><ymax>15</ymax></bndbox></object><object><name>proposal</name><bndbox><xmin>522</xmin><ymin>734</ymin><xmax>153</xmax><ymax>66</ymax></bndbox></object><object><name>proposal</name><bndbox><xmin>427</xmin><ymin>441</ymin><xmax>373</xmax><ymax>72</ymax></bndbox></object><object><name>proposal</name><bndbox><xmin>355</xmin><ymin>348</ymin><xmax>241</xmax><ymax>42</ymax></bndbox></object><object><name>proposal</name><bndbox><xmin>359</xmin><ymin>348</ymin><xmax>211</xmax><ymax>31</ymax></bndbox></object><object><name>proposal</name><bndbox><xmin>555</xmin><ymin>434</ymin><xmax>245</xmax><ymax>96</ymax></bndbox></object><object><name>proposal</name><bndbox><xmin>554</xmin><ymin>433</ymin><xmax>246</xmax><ymax>84</ymax></bndbox></object><object><name>proposal</name><bndbox><xmin>419</xmin><ymin>347</ymin><xmax>159</xmax><ymax>15</ymax></bndbox></object><object><name>proposal</name><bndbox><xmin>286</xmin><ymin>502</ymin><xmax>514</xmax><ymax>298</ymax></bndbox></object><object><name>proposal</name><bndbox><xmin>554</xmin><ymin>434</ymin><xmax>246</xmax><ymax>146</ymax></bndbox></object><object><name>proposal</name><bndbox><xmin>300</xmin><ymin>515</ymin><xmax>500</xmax><ymax>107</ymax></bndbox></object><object><name>proposal</name><bndbox><xmin>320</xmin><ymin>458</ymin><xmax>480</xmax><ymax>165</ymax></bndbox></object><object><name>proposal</name><bndbox><xmin>522</xmin><ymin>736</ymin><xmax>152</xmax><ymax>64</ymax></bndbox></object><object><name>proposal</name><bndbox><xmin>469</xmin><ymin>735</ymin><xmax>78</xmax><ymax>46</ymax></bndbox></object><object><name>proposal</name><bndbox><xmin>543</xmin><ymin>431</ymin><xmax>257</xmax><ymax>18</ymax></bndbox></object><object><name>proposal</name><bndbox><xmin>419</xmin><ymin>730</ymin><xmax>156</xmax><ymax>53</ymax></bndbox></object><object><name>proposal</name><bndbox><xmin>346</xmin><ymin>337</ymin><xmax>233</xmax><ymax>61</ymax></bndbox></object><object><name>proposal</name><bndbox><xmin>419</xmin><ymin>346</ymin><xmax>72</xmax><ymax>17</ymax></bndbox></object><object><name>proposal</name><bndbox><xmin>544</xmin><ymin>440</ymin><xmax>256</xmax><ymax>79</ymax></bndbox></object><object><name>proposal</name><bndbox><xmin>465</xmin><ymin>732</ymin><xmax>161</xmax><ymax>68</ymax></bndbox></object><object><name>proposal</name><bndbox><xmin>353</xmin><ymin>355</ymin><xmax>243</xmax><ymax>35</ymax></bndbox></object><object><name>proposal</name><bndbox><xmin>361</xmin><ymin>366</ymin><xmax>111</xmax><ymax>19</ymax></bndbox></object><object><name>proposal</name><bndbox><xmin>427</xmin><ymin>437</ymin><xmax>373</xmax><ymax>85</ymax></bndbox></object><object><name>proposal</name><bndbox><xmin>363</xmin><ymin>348</ymin><xmax>215</xmax><ymax>54</ymax></bndbox></object><object><name>proposal</name><bndbox><xmin>427</xmin><ymin>431</ymin><xmax>267</xmax><ymax>81</ymax></bndbox></object><object><name>proposal</name><bndbox><xmin>337</xmin><ymin>333</ymin><xmax>183</xmax><ymax>27</ymax></bndbox></object><object><name>proposal</name><bndbox><xmin>558</xmin><ymin>443</ymin><xmax>242</xmax><ymax>85</ymax></bndbox></object><object><name>proposal</name><bndbox><xmin>610</xmin><ymin>341</ymin><xmax>190</xmax><ymax>108</ymax></bndbox></object><object><name>proposal</name><bndbox><xmin>458</xmin><ymin>731</ymin><xmax>108</xmax><ymax>51</ymax></bndbox></object><object><name>proposal</name><bndbox><xmin>500</xmin><ymin>420</ymin><xmax>300</xmax><ymax>162</ymax></bndbox></object><object><name>proposal</name><bndbox><xmin>568</xmin><ymin>346</ymin><xmax>232</xmax><ymax>102</ymax></bndbox></object><object><name>proposal</name><bndbox><xmin>427</xmin><ymin>437</ymin><xmax>373</xmax><ymax>76</ymax></bndbox></object><object><name>proposal</name><bndbox><xmin>359</xmin><ymin>348</ymin><xmax>87</xmax><ymax>15</ymax></bndbox></object><object><name>proposal</name><bndbox><xmin>500</xmin><ymin>420</ymin><xmax>300</xmax><ymax>161</ymax></bndbox></object><object><name>proposal</name><bndbox><xmin>358</xmin><ymin>347</ymin><xmax>104</xmax><ymax>13</ymax></bndbox></object><object><name>proposal</name><bndbox><xmin>354</xmin><ymin>463</ymin><xmax>312</xmax><ymax>114</ymax></bndbox></object><object><name>proposal</name><bndbox><xmin>170</xmin><ymin>449</ymin><xmax>630</xmax><ymax>174</ymax></bndbox></object><object><name>proposal</name><bndbox><xmin>465</xmin><ymin>732</ymin><xmax>237</xmax><ymax>68</ymax></bndbox></object><object><name>proposal</name><bndbox><xmin>0</xmin><ymin>487</ymin><xmax>629</xmax><ymax>147</ymax></bndbox></object><object><name>proposal</name><bndbox><xmin>499</xmin><ymin>456</ymin><xmax>259</xmax><ymax>57</ymax></bndbox></object><object><name>proposal</name><bndbox><xmin>533</xmin><ymin>431</ymin><xmax>241</xmax><ymax>18</ymax></bndbox></object><object><name>proposal</name><bndbox><xmin>358</xmin><ymin>348</ymin><xmax>179</xmax><ymax>50</ymax></bndbox></object><object><name>proposal</name><bndbox><xmin>533</xmin><ymin>433</ymin><xmax>267</xmax><ymax>84</ymax></bndbox></object><object><name>proposal</name><bndbox><xmin>427</xmin><ymin>434</ymin><xmax>373</xmax><ymax>102</ymax></bndbox></object><object><name>proposal</name><bndbox><xmin>645</xmin><ymin>434</ymin><xmax>129</xmax><ymax>15</ymax></bndbox></object><object><name>proposal</name><bndbox><xmin>408</xmin><ymin>732</ymin><xmax>294</xmax><ymax>68</ymax></bndbox></object><object><name>proposal</name><bndbox><xmin>356</xmin><ymin>420</ymin><xmax>444</xmax><ymax>202</ymax></bndbox></object><object><name>proposal</name><bndbox><xmin>454</xmin><ymin>367</ymin><xmax>142</xmax><ymax>23</ymax></bndbox></object><object><name>proposal</name><bndbox><xmin>333</xmin><ymin>504</ymin><xmax>161</xmax><ymax>86</ymax></bndbox></object><object><name>proposal</name><bndbox><xmin>509</xmin><ymin>458</ymin><xmax>291</xmax><ymax>72</ymax></bndbox></object><object><name>proposal</name><bndbox><xmin>171</xmin><ymin>422</ymin><xmax>319</xmax><ymax>195</ymax></bndbox></object><object><name>proposal</name><bndbox><xmin>516</xmin><ymin>458</ymin><xmax>152</xmax><ymax>72</ymax></bndbox></object><object><name>proposal</name><bndbox><xmin>427</xmin><ymin>434</ymin><xmax>373</xmax><ymax>78</ymax></bndbox></object><object><name>proposal</name><bndbox><xmin>585</xmin><ymin>469</ymin><xmax>114</xmax><ymax>45</ymax></bndbox></object><object><name>proposal</name><bndbox><xmin>0</xmin><ymin>464</ymin><xmax>612</xmax><ymax>231</ymax></bndbox></object><object><name>proposal</name><bndbox><xmin>300</xmin><ymin>514</ymin><xmax>204</xmax><ymax>98</ymax></bndbox></object><object><name>proposal</name><bndbox><xmin>458</xmin><ymin>730</ymin><xmax>117</xmax><ymax>35</ymax></bndbox></object><object><name>proposal</name><bndbox><xmin>604</xmin><ymin>735</ymin><xmax>70</xmax><ymax>56</ymax></bndbox></object><object><name>proposal</name><bndbox><xmin>554</xmin><ymin>439</ymin><xmax>246</xmax><ymax>78</ymax></bndbox></object><object><name>proposal</name><bndbox><xmin>363</xmin><ymin>348</ymin><xmax>232</xmax><ymax>54</ymax></bndbox></object><object><name>proposal</name><bndbox><xmin>300</xmin><ymin>457</ymin><xmax>399</xmax><ymax>160</ymax></bndbox></object><object><name>proposal</name><bndbox><xmin>356</xmin><ymin>522</ymin><xmax>301</xmax><ymax>94</ymax></bndbox></object><object><name>proposal</name><bndbox><xmin>427</xmin><ymin>434</ymin><xmax>373</xmax><ymax>84</ymax></bndbox></object><object><name>proposal</name><bndbox><xmin>533</xmin><ymin>420</ymin><xmax>267</xmax><ymax>29</ymax></bndbox></object><object><name>proposal</name><bndbox><xmin>570</xmin><ymin>434</ymin><xmax>173</xmax><ymax>14</ymax></bndbox></object><object><name>proposal</name><bndbox><xmin>500</xmin><ymin>458</ymin><xmax>158</xmax><ymax>54</ymax></bndbox></object><object><name>proposal</name><bndbox><xmin>631</xmin><ymin>393</ymin><xmax>169</xmax><ymax>55</ymax></bndbox></object><object><name>proposal</name><bndbox><xmin>344</xmin><ymin>449</ymin><xmax>456</xmax><ymax>174</ymax></bndbox></object><object><name>proposal</name><bndbox><xmin>645</xmin><ymin>433</ymin><xmax>129</xmax><ymax>16</ymax></bndbox></object><object><name>proposal</name><bndbox><xmin>171</xmin><ymin>498</ymin><xmax>273</xmax><ymax>119</ymax></bndbox></object><object><name>proposal</name><bndbox><xmin>0</xmin><ymin>498</ymin><xmax>496</xmax><ymax>125</ymax></bndbox></object><object><name>proposal</name><bndbox><xmin>336</xmin><ymin>563</ymin><xmax>155</xmax><ymax>49</ymax></bndbox></object><object><name>proposal</name><bndbox><xmin>225</xmin><ymin>487</ymin><xmax>404</xmax><ymax>136</ymax></bndbox></object><object><name>proposal</name><bndbox><xmin>363</xmin><ymin>348</ymin><xmax>232</xmax><ymax>33</ymax></bndbox></object><object><name>proposal</name><bndbox><xmin>501</xmin><ymin>457</ymin><xmax>134</xmax><ymax>57</ymax></bndbox></object><object><name>proposal</name><bndbox><xmin>409</xmin><ymin>434</ymin><xmax>391</xmax><ymax>79</ymax></bndbox></object><object><name>proposal</name><bndbox><xmin>466</xmin><ymin>731</ymin><xmax>208</xmax><ymax>51</ymax></bndbox></object><object><name>proposal</name><bndbox><xmin>361</xmin><ymin>366</ymin><xmax>111</xmax><ymax>33</ymax></bndbox></object><object><name>proposal</name><bndbox><xmin>243</xmin><ymin>487</ymin><xmax>352</xmax><ymax>136</ymax></bndbox></object><object><name>proposal</name><bndbox><xmin>427</xmin><ymin>431</ymin><xmax>373</xmax><ymax>81</ymax></bndbox></object><object><name>proposal</name><bndbox><xmin>568</xmin><ymin>433</ymin><xmax>206</xmax><ymax>16</ymax></bndbox></object><object><name>proposal</name><bndbox><xmin>258</xmin><ymin>490</ymin><xmax>542</xmax><ymax>310</ymax></bndbox></object><object><name>proposal</name><bndbox><xmin>346</xmin><ymin>337</ymin><xmax>232</xmax><ymax>25</ymax></bndbox></object><object><name>proposal</name><bndbox><xmin>464</xmin><ymin>733</ymin><xmax>107</xmax><ymax>48</ymax></bndbox></object><object><name>proposal</name><bndbox><xmin>533</xmin><ymin>429</ymin><xmax>267</xmax><ymax>151</ymax></bndbox></object><object><name>proposal</name><bndbox><xmin>414</xmin><ymin>434</ymin><xmax>386</xmax><ymax>83</ymax></bndbox></object><object><name>proposal</name><bndbox><xmin>499</xmin><ymin>456</ymin><xmax>203</xmax><ymax>57</ymax></bndbox></object><object><name>proposal</name><bndbox><xmin>590</xmin><ymin>477</ymin><xmax>210</xmax><ymax>59</ymax></bndbox></object><object><name>proposal</name><bndbox><xmin>354</xmin><ymin>463</ymin><xmax>215</xmax><ymax>77</ymax></bndbox></object><object><name>proposal</name><bndbox><xmin>354</xmin><ymin>458</ymin><xmax>446</xmax><ymax>159</ymax></bndbox></object><object><name>proposal</name><bndbox><xmin>363</xmin><ymin>348</ymin><xmax>223</xmax><ymax>14</ymax></bndbox></object></annotation>