<annotation><folder>Proposals</folder><filename>img-473.jpg</filename><size><width>400</width><height>300</height><depth>3</depth></size><object><name>proposal</name><bndbox><xmin>109</xmin><ymin>213</ymin><xmax>543</xmax><ymax>351</ymax></bndbox></object><object><name>proposal</name><bndbox><xmin>126</xmin><ymin>256</ymin><xmax>488</xmax><ymax>308</ymax></bndbox></object><object><name>proposal</name><bndbox><xmin>86</xmin><ymin>256</ymin><xmax>619</xmax><ymax>308</ymax></bndbox></object><object><name>proposal</name><bndbox><xmin>121</xmin><ymin>330</ymin><xmax>261</xmax><ymax>234</ymax></bndbox></object><object><name>proposal</name><bndbox><xmin>0</xmin><ymin>249</ymin><xmax>800</xmax><ymax>551</ymax></bndbox></object><object><name>proposal</name><bndbox><xmin>249</xmin><ymin>356</ymin><xmax>433</xmax><ymax>173</ymax></bndbox></object><object><name>proposal</name><bndbox><xmin>271</xmin><ymin>404</ymin><xmax>366</xmax><ymax>160</ymax></bndbox></object><object><name>proposal</name><bndbox><xmin>235</xmin><ymin>355</ymin><xmax>261</xmax><ymax>150</ymax></bndbox></object><object><name>proposal</name><bndbox><xmin>264</xmin><ymin>341</ymin><xmax>441</xmax><ymax>152</ymax></bndbox></object><object><name>proposal</name><bndbox><xmin>210</xmin><ymin>265</ymin><xmax>495</xmax><ymax>264</ymax></bndbox></object><object><name>proposal</name><bndbox><xmin>278</xmin><ymin>351</ymin><xmax>391</xmax><ymax>146</ymax></bndbox></object><object><name>proposal</name><bndbox><xmin>379</xmin><ymin>142</ymin><xmax>300</xmax><ymax>266</ymax></bndbox></object><object><name>proposal</name><bndbox><xmin>0</xmin><ymin>0</ymin><xmax>800</xmax><ymax>486</ymax></bndbox></object><object><name>proposal</name><bndbox><xmin>0</xmin><ymin>0</ymin><xmax>800</xmax><ymax>667</ymax></bndbox></object><object><name>proposal</name><bndbox><xmin>389</xmin><ymin>356</ymin><xmax>280</xmax><ymax>141</ymax></bndbox></object><object><name>proposal</name><bndbox><xmin>205</xmin><ymin>359</ymin><xmax>291</xmax><ymax>116</ymax></bndbox></object><object><name>proposal</name><bndbox><xmin>0</xmin><ymin>137</ymin><xmax>800</xmax><ymax>346</ymax></bndbox></object><object><name>proposal</name><bndbox><xmin>544</xmin><ymin>137</ymin><xmax>256</xmax><ymax>382</ymax></bndbox></object><object><name>proposal</name><bndbox><xmin>235</xmin><ymin>143</ymin><xmax>565</xmax><ymax>421</ymax></bndbox></object><object><name>proposal</name><bndbox><xmin>272</xmin><ymin>300</ymin><xmax>303</xmax><ymax>169</ymax></bndbox></object><object><name>proposal</name><bndbox><xmin>58</xmin><ymin>169</ymin><xmax>606</xmax><ymax>253</ymax></bndbox></object><object><name>proposal</name><bndbox><xmin>433</xmin><ymin>343</ymin><xmax>290</xmax><ymax>198</ymax></bndbox></object><object><name>proposal</name><bndbox><xmin>243</xmin><ymin>336</ymin><xmax>254</xmax><ymax>133</ymax></bndbox></object><object><name>proposal</name><bndbox><xmin>0</xmin><ymin>115</ymin><xmax>800</xmax><ymax>516</ymax></bndbox></object><object><name>proposal</name><bndbox><xmin>114</xmin><ymin>248</ymin><xmax>578</xmax><ymax>293</ymax></bndbox></object><object><name>proposal</name><bndbox><xmin>249</xmin><ymin>343</ymin><xmax>433</xmax><ymax>186</ymax></bndbox></object><object><name>proposal</name><bndbox><xmin>124</xmin><ymin>214</ymin><xmax>560</xmax><ymax>274</ymax></bndbox></object><object><name>proposal</name><bndbox><xmin>243</xmin><ymin>343</ymin><xmax>311</xmax><ymax>150</ymax></bndbox></object><object><name>proposal</name><bndbox><xmin>184</xmin><ymin>333</ymin><xmax>312</xmax><ymax>172</ymax></bndbox></object><object><name>proposal</name><bndbox><xmin>182</xmin><ymin>333</ymin><xmax>523</xmax><ymax>142</ymax></bndbox></object><object><name>proposal</name><bndbox><xmin>0</xmin><ymin>224</ymin><xmax>340</xmax><ymax>406</ymax></bndbox></object><object><name>proposal</name><bndbox><xmin>243</xmin><ymin>352</ymin><xmax>336</xmax><ymax>132</ymax></bndbox></object><object><name>proposal</name><bndbox><xmin>0</xmin><ymin>240</ymin><xmax>342</xmax><ymax>430</ymax></bndbox></object><object><name>proposal</name><bndbox><xmin>181</xmin><ymin>351</ymin><xmax>369</xmax><ymax>213</ymax></bndbox></object><object><name>proposal</name><bndbox><xmin>182</xmin><ymin>349</ymin><xmax>366</xmax><ymax>214</ymax></bndbox></object><object><name>proposal</name><bndbox><xmin>145</xmin><ymin>262</ymin><xmax>522</xmax><ymax>144</ymax></bndbox></object><object><name>proposal</name><bndbox><xmin>210</xmin><ymin>282</ymin><xmax>365</xmax><ymax>117</ymax></bndbox></object><object><name>proposal</name><bndbox><xmin>433</xmin><ymin>341</ymin><xmax>205</xmax><ymax>198</ymax></bndbox></object><object><name>proposal</name><bndbox><xmin>389</xmin><ymin>341</ymin><xmax>282</xmax><ymax>154</ymax></bndbox></object><object><name>proposal</name><bndbox><xmin>0</xmin><ymin>250</ymin><xmax>554</xmax><ymax>550</ymax></bndbox></object><object><name>proposal</name><bndbox><xmin>0</xmin><ymin>255</ymin><xmax>672</xmax><ymax>375</ymax></bndbox></object><object><name>proposal</name><bndbox><xmin>0</xmin><ymin>0</ymin><xmax>800</xmax><ymax>489</ymax></bndbox></object><object><name>proposal</name><bndbox><xmin>143</xmin><ymin>187</ymin><xmax>341</xmax><ymax>220</ymax></bndbox></object><object><name>proposal</name><bndbox><xmin>223</xmin><ymin>247</ymin><xmax>353</xmax><ymax>126</ymax></bndbox></object><object><name>proposal</name><bndbox><xmin>118</xmin><ymin>215</ymin><xmax>588</xmax><ymax>257</ymax></bndbox></object><object><name>proposal</name><bndbox><xmin>0</xmin><ymin>49</ymin><xmax>800</xmax><ymax>359</ymax></bndbox></object><object><name>proposal</name><bndbox><xmin>86</xmin><ymin>249</ymin><xmax>594</xmax><ymax>171</ymax></bndbox></object><object><name>proposal</name><bndbox><xmin>0</xmin><ymin>256</ymin><xmax>800</xmax><ymax>544</ymax></bndbox></object><object><name>proposal</name><bndbox><xmin>58</xmin><ymin>187</ymin><xmax>426</xmax><ymax>280</ymax></bndbox></object><object><name>proposal</name><bndbox><xmin>247</xmin><ymin>333</ymin><xmax>249</xmax><ymax>155</ymax></bndbox></object><object><name>proposal</name><bndbox><xmin>243</xmin><ymin>341</ymin><xmax>449</xmax><ymax>200</ymax></bndbox></object><object><name>proposal</name><bndbox><xmin>210</xmin><ymin>265</ymin><xmax>369</xmax><ymax>214</ymax></bndbox></object><object><name>proposal</name><bndbox><xmin>0</xmin><ymin>47</ymin><xmax>800</xmax><ymax>753</ymax></bndbox></object><object><name>proposal</name><bndbox><xmin>342</xmin><ymin>382</ymin><xmax>351</xmax><ymax>159</ymax></bndbox></object><object><name>proposal</name><bndbox><xmin>247</xmin><ymin>359</ymin><xmax>429</xmax><ymax>182</ymax></bndbox></object><object><name>proposal</name><bndbox><xmin>182</xmin><ymin>349</ymin><xmax>366</xmax><ymax>156</ymax></bndbox></object><object><name>proposal</name><bndbox><xmin>377</xmin><ymin>341</ymin><xmax>328</xmax><ymax>198</ymax></bndbox></object><object><name>proposal</name><bndbox><xmin>181</xmin><ymin>351</ymin><xmax>369</xmax><ymax>137</ymax></bndbox></object><object><name>proposal</name><bndbox><xmin>408</xmin><ymin>342</ymin><xmax>255</xmax><ymax>163</ymax></bndbox></object><object><name>proposal</name><bndbox><xmin>233</xmin><ymin>351</ymin><xmax>315</xmax><ymax>142</ymax></bndbox></object><object><name>proposal</name><bndbox><xmin>152</xmin><ymin>359</ymin><xmax>345</xmax><ymax>108</ymax></bndbox></object><object><name>proposal</name><bndbox><xmin>271</xmin><ymin>341</ymin><xmax>387</xmax><ymax>223</ymax></bndbox></object><object><name>proposal</name><bndbox><xmin>389</xmin><ymin>372</ymin><xmax>280</xmax><ymax>125</ymax></bndbox></object><object><name>proposal</name><bndbox><xmin>184</xmin><ymin>333</ymin><xmax>520</xmax><ymax>208</ymax></bndbox></object><object><name>proposal</name><bndbox><xmin>247</xmin><ymin>359</ymin><xmax>303</xmax><ymax>146</ymax></bndbox></object><object><name>proposal</name><bndbox><xmin>126</xmin><ymin>256</ymin><xmax>674</xmax><ymax>308</ymax></bndbox></object><object><name>proposal</name><bndbox><xmin>135</xmin><ymin>249</ymin><xmax>545</xmax><ymax>239</ymax></bndbox></object><object><name>proposal</name><bndbox><xmin>433</xmin><ymin>155</ymin><xmax>367</xmax><ymax>386</ymax></bndbox></object><object><name>proposal</name><bndbox><xmin>0</xmin><ymin>185</ymin><xmax>800</xmax><ymax>615</ymax></bndbox></object><object><name>proposal</name><bndbox><xmin>0</xmin><ymin>265</ymin><xmax>299</xmax><ymax>286</ymax></bndbox></object><object><name>proposal</name><bndbox><xmin>183</xmin><ymin>15</ymin><xmax>617</xmax><ymax>462</ymax></bndbox></object><object><name>proposal</name><bndbox><xmin>349</xmin><ymin>341</ymin><xmax>288</xmax><ymax>200</ymax></bndbox></object><object><name>proposal</name><bndbox><xmin>153</xmin><ymin>329</ymin><xmax>232</xmax><ymax>137</ymax></bndbox></object><object><name>proposal</name><bndbox><xmin>495</xmin><ymin>195</ymin><xmax>305</xmax><ymax>296</ymax></bndbox></object><object><name>proposal</name><bndbox><xmin>0</xmin><ymin>0</ymin><xmax>800</xmax><ymax>406</ymax></bndbox></object><object><name>proposal</name><bndbox><xmin>417</xmin><ymin>343</ymin><xmax>251</xmax><ymax>153</ymax></bndbox></object><object><name>proposal</name><bndbox><xmin>135</xmin><ymin>115</ymin><xmax>665</xmax><ymax>443</ymax></bndbox></object><object><name>proposal</name><bndbox><xmin>181</xmin><ymin>342</ymin><xmax>512</xmax><ymax>146</ymax></bndbox></object><object><name>proposal</name><bndbox><xmin>182</xmin><ymin>380</ymin><xmax>280</xmax><ymax>125</ymax></bndbox></object><object><name>proposal</name><bndbox><xmin>246</xmin><ymin>300</ymin><xmax>329</xmax><ymax>169</ymax></bndbox></object><object><name>proposal</name><bndbox><xmin>349</xmin><ymin>382</ymin><xmax>327</xmax><ymax>159</ymax></bndbox></object><object><name>proposal</name><bndbox><xmin>0</xmin><ymin>120</ymin><xmax>800</xmax><ymax>537</ymax></bndbox></object><object><name>proposal</name><bndbox><xmin>153</xmin><ymin>309</ymin><xmax>552</xmax><ymax>220</ymax></bndbox></object><object><name>proposal</name><bndbox><xmin>205</xmin><ymin>351</ymin><xmax>274</xmax><ymax>118</ymax></bndbox></object><object><name>proposal</name><bndbox><xmin>247</xmin><ymin>360</ymin><xmax>250</xmax><ymax>129</ymax></bndbox></object><object><name>proposal</name><bndbox><xmin>433</xmin><ymin>335</ymin><xmax>291</xmax><ymax>161</ymax></bndbox></object><object><name>proposal</name><bndbox><xmin>176</xmin><ymin>356</ymin><xmax>493</xmax><ymax>141</ymax></bndbox></object><object><name>proposal</name><bndbox><xmin>183</xmin><ymin>49</ymin><xmax>617</xmax><ymax>428</ymax></bndbox></object><object><name>proposal</name><bndbox><xmin>0</xmin><ymin>179</ymin><xmax>402</xmax><ymax>287</ymax></bndbox></object><object><name>proposal</name><bndbox><xmin>145</xmin><ymin>262</ymin><xmax>522</xmax><ymax>226</ymax></bndbox></object><object><name>proposal</name><bndbox><xmin>243</xmin><ymin>359</ymin><xmax>311</xmax><ymax>134</ymax></bndbox></object><object><name>proposal</name><bndbox><xmin>143</xmin><ymin>235</ymin><xmax>341</xmax><ymax>172</ymax></bndbox></object><object><name>proposal</name><bndbox><xmin>0</xmin><ymin>271</ymin><xmax>423</xmax><ymax>283</ymax></bndbox></object><object><name>proposal</name><bndbox><xmin>123</xmin><ymin>0</ymin><xmax>677</xmax><ymax>618</ymax></bndbox></object><object><name>proposal</name><bndbox><xmin>425</xmin><ymin>338</ymin><xmax>281</xmax><ymax>150</ymax></bndbox></object><object><name>proposal</name><bndbox><xmin>433</xmin><ymin>356</ymin><xmax>235</xmax><ymax>173</ymax></bndbox></object><object><name>proposal</name><bndbox><xmin>367</xmin><ymin>311</ymin><xmax>218</xmax><ymax>230</ymax></bndbox></object><object><name>proposal</name><bndbox><xmin>131</xmin><ymin>262</ymin><xmax>531</xmax><ymax>204</ymax></bndbox></object><object><name>proposal</name><bndbox><xmin>264</xmin><ymin>341</ymin><xmax>407</xmax><ymax>133</ymax></bndbox></object><object><name>proposal</name><bndbox><xmin>342</xmin><ymin>155</ymin><xmax>458</xmax><ymax>386</ymax></bndbox></object><object><name>proposal</name><bndbox><xmin>138</xmin><ymin>392</ymin><xmax>427</xmax><ymax>294</ymax></bndbox></object><object><name>proposal</name><bndbox><xmin>181</xmin><ymin>137</ymin><xmax>619</xmax><ymax>427</ymax></bndbox></object><object><name>proposal</name><bndbox><xmin>126</xmin><ymin>341</ymin><xmax>370</xmax><ymax>223</ymax></bndbox></object><object><name>proposal</name><bndbox><xmin>0</xmin><ymin>0</ymin><xmax>800</xmax><ymax>519</ymax></bndbox></object><object><name>proposal</name><bndbox><xmin>184</xmin><ymin>337</ymin><xmax>323</xmax><ymax>168</ymax></bndbox></object><object><name>proposal</name><bndbox><xmin>433</xmin><ymin>356</ymin><xmax>249</xmax><ymax>173</ymax></bndbox></object><object><name>proposal</name><bndbox><xmin>114</xmin><ymin>163</ymin><xmax>566</xmax><ymax>303</ymax></bndbox></object><object><name>proposal</name><bndbox><xmin>246</xmin><ymin>351</ymin><xmax>331</xmax><ymax>138</ymax></bndbox></object><object><name>proposal</name><bndbox><xmin>283</xmin><ymin>300</ymin><xmax>292</xmax><ymax>169</ymax></bndbox></object><object><name>proposal</name><bndbox><xmin>246</xmin><ymin>343</ymin><xmax>436</xmax><ymax>179</ymax></bndbox></object><object><name>proposal</name><bndbox><xmin>140</xmin><ymin>213</ymin><xmax>472</xmax><ymax>351</ymax></bndbox></object><object><name>proposal</name><bndbox><xmin>58</xmin><ymin>187</ymin><xmax>517</xmax><ymax>280</ymax></bndbox></object><object><name>proposal</name><bndbox><xmin>427</xmin><ymin>343</ymin><xmax>268</xmax><ymax>153</ymax></bndbox></object><object><name>proposal</name><bndbox><xmin>131</xmin><ymin>355</ymin><xmax>366</xmax><ymax>151</ymax></bndbox></object><object><name>proposal</name><bndbox><xmin>124</xmin><ymin>249</ymin><xmax>560</xmax><ymax>239</ymax></bndbox></object><object><name>proposal</name><bndbox><xmin>121</xmin><ymin>282</ymin><xmax>372</xmax><ymax>199</ymax></bndbox></object><object><name>proposal</name><bndbox><xmin>121</xmin><ymin>235</ymin><xmax>559</xmax><ymax>253</ymax></bndbox></object><object><name>proposal</name><bndbox><xmin>0</xmin><ymin>267</ymin><xmax>307</xmax><ymax>208</ymax></bndbox></object><object><name>proposal</name><bndbox><xmin>85</xmin><ymin>249</ymin><xmax>595</xmax><ymax>182</ymax></bndbox></object><object><name>proposal</name><bndbox><xmin>233</xmin><ymin>351</ymin><xmax>344</xmax><ymax>139</ymax></bndbox></object><object><name>proposal</name><bndbox><xmin>114</xmin><ymin>163</ymin><xmax>566</xmax><ymax>325</ymax></bndbox></object><object><name>proposal</name><bndbox><xmin>182</xmin><ymin>351</ymin><xmax>366</xmax><ymax>137</ymax></bndbox></object><object><name>proposal</name><bndbox><xmin>389</xmin><ymin>310</ymin><xmax>316</xmax><ymax>219</ymax></bndbox></object><object><name>proposal</name><bndbox><xmin>235</xmin><ymin>359</ymin><xmax>261</xmax><ymax>205</ymax></bndbox></object><object><name>proposal</name><bndbox><xmin>58</xmin><ymin>262</ymin><xmax>634</xmax><ymax>244</ymax></bndbox></object><object><name>proposal</name><bndbox><xmin>182</xmin><ymin>341</ymin><xmax>404</xmax><ymax>222</ymax></bndbox></object><object><name>proposal</name><bndbox><xmin>433</xmin><ymin>309</ymin><xmax>291</xmax><ymax>187</ymax></bndbox></object><object><name>proposal</name><bndbox><xmin>0</xmin><ymin>137</ymin><xmax>800</xmax><ymax>428</ymax></bndbox></object><object><name>proposal</name><bndbox><xmin>247</xmin><ymin>355</ymin><xmax>330</xmax><ymax>133</ymax></bndbox></object><object><name>proposal</name><bndbox><xmin>433</xmin><ymin>341</ymin><xmax>272</xmax><ymax>200</ymax></bndbox></object><object><name>proposal</name><bndbox><xmin>0</xmin><ymin>267</ymin><xmax>433</xmax><ymax>378</ymax></bndbox></object><object><name>proposal</name><bndbox><xmin>278</xmin><ymin>336</ymin><xmax>392</xmax><ymax>134</ymax></bndbox></object><object><name>proposal</name><bndbox><xmin>247</xmin><ymin>354</ymin><xmax>330</xmax><ymax>134</ymax></bndbox></object><object><name>proposal</name><bndbox><xmin>182</xmin><ymin>351</ymin><xmax>366</xmax><ymax>212</ymax></bndbox></object><object><name>proposal</name><bndbox><xmin>86</xmin><ymin>249</ymin><xmax>594</xmax><ymax>182</ymax></bndbox></object><object><name>proposal</name><bndbox><xmin>182</xmin><ymin>359</ymin><xmax>366</xmax><ymax>129</ymax></bndbox></object><object><name>proposal</name><bndbox><xmin>153</xmin><ymin>336</ymin><xmax>552</xmax><ymax>163</ymax></bndbox></object><object><name>proposal</name><bndbox><xmin>340</xmin><ymin>404</ymin><xmax>322</xmax><ymax>137</ymax></bndbox></object><object><name>proposal</name><bndbox><xmin>0</xmin><ymin>63</ymin><xmax>800</xmax><ymax>495</ymax></bndbox></object><object><name>proposal</name><bndbox><xmin>85</xmin><ymin>262</ymin><xmax>582</xmax><ymax>144</ymax></bndbox></object><object><name>proposal</name><bndbox><xmin>0</xmin><ymin>64</ymin><xmax>800</xmax><ymax>450</ymax></bndbox></object><object><name>proposal</name><bndbox><xmin>145</xmin><ymin>262</ymin><xmax>517</xmax><ymax>227</ymax></bndbox></object><object><name>proposal</name><bndbox><xmin>0</xmin><ymin>185</ymin><xmax>402</xmax><ymax>217</ymax></bndbox></object><object><name>proposal</name><bndbox><xmin>439</xmin><ymin>155</ymin><xmax>361</xmax><ymax>645</ymax></bndbox></object><object><name>proposal</name><bndbox><xmin>321</xmin><ymin>342</ymin><xmax>385</xmax><ymax>223</ymax></bndbox></object><object><name>proposal</name><bndbox><xmin>448</xmin><ymin>338</ymin><xmax>238</xmax><ymax>150</ymax></bndbox></object><object><name>proposal</name><bndbox><xmin>184</xmin><ymin>319</ymin><xmax>335</xmax><ymax>106</ymax></bndbox></object><object><name>proposal</name><bndbox><xmin>524</xmin><ymin>273</ymin><xmax>276</xmax><ymax>257</ymax></bndbox></object><object><name>proposal</name><bndbox><xmin>182</xmin><ymin>380</ymin><xmax>390</xmax><ymax>184</ymax></bndbox></object><object><name>proposal</name><bndbox><xmin>58</xmin><ymin>265</ymin><xmax>250</xmax><ymax>202</ymax></bndbox></object><object><name>proposal</name><bndbox><xmin>408</xmin><ymin>342</ymin><xmax>255</xmax><ymax>199</ymax></bndbox></object><object><name>proposal</name><bndbox><xmin>243</xmin><ymin>302</ymin><xmax>305</xmax><ymax>187</ymax></bndbox></object><object><name>proposal</name><bndbox><xmin>182</xmin><ymin>351</ymin><xmax>289</xmax><ymax>212</ymax></bndbox></object><object><name>proposal</name><bndbox><xmin>0</xmin><ymin>224</ymin><xmax>728</xmax><ymax>576</ymax></bndbox></object><object><name>proposal</name><bndbox><xmin>349</xmin><ymin>155</ymin><xmax>451</xmax><ymax>403</ymax></bndbox></object><object><name>proposal</name><bndbox><xmin>0</xmin><ymin>250</ymin><xmax>352</xmax><ymax>381</ymax></bndbox></object><object><name>proposal</name><bndbox><xmin>58</xmin><ymin>187</ymin><xmax>521</xmax><ymax>280</ymax></bndbox></object><object><name>proposal</name><bndbox><xmin>246</xmin><ymin>354</ymin><xmax>302</xmax><ymax>139</ymax></bndbox></object><object><name>proposal</name><bndbox><xmin>85</xmin><ymin>249</ymin><xmax>595</xmax><ymax>171</ymax></bndbox></object><object><name>proposal</name><bndbox><xmin>85</xmin><ymin>249</ymin><xmax>595</xmax><ymax>239</ymax></bndbox></object><object><name>proposal</name><bndbox><xmin>0</xmin><ymin>265</ymin><xmax>337</xmax><ymax>392</ymax></bndbox></object><object><name>proposal</name><bndbox><xmin>427</xmin><ymin>343</ymin><xmax>268</xmax><ymax>186</ymax></bndbox></object><object><name>proposal</name><bndbox><xmin>235</xmin><ymin>343</ymin><xmax>435</xmax><ymax>220</ymax></bndbox></object><object><name>proposal</name><bndbox><xmin>432</xmin><ymin>155</ymin><xmax>368</xmax><ymax>403</ymax></bndbox></object><object><name>proposal</name><bndbox><xmin>433</xmin><ymin>341</ymin><xmax>206</xmax><ymax>200</ymax></bndbox></object><object><name>proposal</name><bndbox><xmin>0</xmin><ymin>0</ymin><xmax>800</xmax><ymax>657</ymax></bndbox></object><object><name>proposal</name><bndbox><xmin>140</xmin><ymin>247</ymin><xmax>309</xmax><ymax>317</ymax></bndbox></object><object><name>proposal</name><bndbox><xmin>121</xmin><ymin>259</ymin><xmax>559</xmax><ymax>172</ymax></bndbox></object><object><name>proposal</name><bndbox><xmin>146</xmin><ymin>267</ymin><xmax>279</xmax><ymax>139</ymax></bndbox></object><object><name>proposal</name><bndbox><xmin>524</xmin><ymin>173</ymin><xmax>276</xmax><ymax>368</ymax></bndbox></object><object><name>proposal</name><bndbox><xmin>430</xmin><ymin>318</ymin><xmax>275</xmax><ymax>177</ymax></bndbox></object><object><name>proposal</name><bndbox><xmin>217</xmin><ymin>352</ymin><xmax>245</xmax><ymax>138</ymax></bndbox></object><object><name>proposal</name><bndbox><xmin>58</xmin><ymin>143</ymin><xmax>742</xmax><ymax>421</ymax></bndbox></object><object><name>proposal</name><bndbox><xmin>415</xmin><ymin>343</ymin><xmax>254</xmax><ymax>179</ymax></bndbox></object><object><name>proposal</name><bndbox><xmin>342</xmin><ymin>342</ymin><xmax>310</xmax><ymax>163</ymax></bndbox></object><object><name>proposal</name><bndbox><xmin>86</xmin><ymin>258</ymin><xmax>593</xmax><ymax>164</ymax></bndbox></object><object><name>proposal</name><bndbox><xmin>244</xmin><ymin>354</ymin><xmax>304</xmax><ymax>139</ymax></bndbox></object><object><name>proposal</name><bndbox><xmin>0</xmin><ymin>179</ymin><xmax>800</xmax><ymax>621</ymax></bndbox></object><object><name>proposal</name><bndbox><xmin>86</xmin><ymin>240</ymin><xmax>597</xmax><ymax>253</ymax></bndbox></object><object><name>proposal</name><bndbox><xmin>182</xmin><ymin>352</ymin><xmax>368</xmax><ymax>153</ymax></bndbox></object><object><name>proposal</name><bndbox><xmin>211</xmin><ymin>330</ymin><xmax>286</xmax><ymax>159</ymax></bndbox></object><object><name>proposal</name><bndbox><xmin>264</xmin><ymin>341</ymin><xmax>388</xmax><ymax>132</ymax></bndbox></object><object><name>proposal</name><bndbox><xmin>58</xmin><ymin>262</ymin><xmax>604</xmax><ymax>160</ymax></bndbox></object><object><name>proposal</name><bndbox><xmin>210</xmin><ymin>293</ymin><xmax>365</xmax><ymax>133</ymax></bndbox></object><object><name>proposal</name><bndbox><xmin>450</xmin><ymin>340</ymin><xmax>244</xmax><ymax>155</ymax></bndbox></object><object><name>proposal</name><bndbox><xmin>184</xmin><ymin>380</ymin><xmax>368</xmax><ymax>184</ymax></bndbox></object><object><name>proposal</name><bndbox><xmin>184</xmin><ymin>333</ymin><xmax>616</xmax><ymax>231</ymax></bndbox></object><object><name>proposal</name><bndbox><xmin>184</xmin><ymin>337</ymin><xmax>278</xmax><ymax>168</ymax></bndbox></object><object><name>proposal</name><bndbox><xmin>400</xmin><ymin>277</ymin><xmax>306</xmax><ymax>152</ymax></bndbox></object><object><name>proposal</name><bndbox><xmin>298</xmin><ymin>256</ymin><xmax>502</xmax><ymax>283</ymax></bndbox></object><object><name>proposal</name><bndbox><xmin>0</xmin><ymin>150</ymin><xmax>800</xmax><ymax>495</ymax></bndbox></object><object><name>proposal</name><bndbox><xmin>0</xmin><ymin>271</ymin><xmax>565</xmax><ymax>415</ymax></bndbox></object><object><name>proposal</name><bndbox><xmin>121</xmin><ymin>336</ymin><xmax>360</xmax><ymax>145</ymax></bndbox></object><object><name>proposal</name><bndbox><xmin>0</xmin><ymin>169</ymin><xmax>431</xmax><ymax>395</ymax></bndbox></object><object><name>proposal</name><bndbox><xmin>126</xmin><ymin>256</ymin><xmax>546</xmax><ymax>166</ymax></bndbox></object><object><name>proposal</name><bndbox><xmin>246</xmin><ymin>351</ymin><xmax>302</xmax><ymax>137</ymax></bndbox></object><object><name>proposal</name><bndbox><xmin>430</xmin><ymin>318</ymin><xmax>275</xmax><ymax>223</ymax></bndbox></object><object><name>proposal</name><bndbox><xmin>243</xmin><ymin>343</ymin><xmax>452</xmax><ymax>153</ymax></bndbox></object><object><name>proposal</name><bndbox><xmin>85</xmin><ymin>163</ymin><xmax>582</xmax><ymax>243</ymax></bndbox></object><object><name>proposal</name><bndbox><xmin>0</xmin><ymin>49</ymin><xmax>800</xmax><ymax>618</ymax></bndbox></object><object><name>proposal</name><bndbox><xmin>114</xmin><ymin>248</ymin><xmax>548</xmax><ymax>218</ymax></bndbox></object><object><name>proposal</name><bndbox><xmin>224</xmin><ymin>310</ymin><xmax>481</xmax><ymax>219</ymax></bndbox></object><object><name>proposal</name><bndbox><xmin>243</xmin><ymin>343</ymin><xmax>425</xmax><ymax>153</ymax></bndbox></object><object><name>proposal</name><bndbox><xmin>0</xmin><ymin>163</ymin><xmax>612</xmax><ymax>312</ymax></bndbox></object><object><name>proposal</name><bndbox><xmin>0</xmin><ymin>342</ymin><xmax>706</xmax><ymax>325</ymax></bndbox></object><object><name>proposal</name><bndbox><xmin>217</xmin><ymin>341</ymin><xmax>488</xmax><ymax>222</ymax></bndbox></object><object><name>proposal</name><bndbox><xmin>349</xmin><ymin>340</ymin><xmax>356</xmax><ymax>201</ymax></bndbox></object><object><name>proposal</name><bndbox><xmin>243</xmin><ymin>341</ymin><xmax>462</xmax><ymax>222</ymax></bndbox></object><object><name>proposal</name><bndbox><xmin>235</xmin><ymin>335</ymin><xmax>489</xmax><ymax>229</ymax></bndbox></object><object><name>proposal</name><bndbox><xmin>247</xmin><ymin>351</ymin><xmax>301</xmax><ymax>137</ymax></bndbox></object><object><name>proposal</name><bndbox><xmin>85</xmin><ymin>267</ymin><xmax>527</xmax><ymax>101</ymax></bndbox></object><object><name>proposal</name><bndbox><xmin>121</xmin><ymin>259</ymin><xmax>458</xmax><ymax>222</ymax></bndbox></object><object><name>proposal</name><bndbox><xmin>421</xmin><ymin>341</ymin><xmax>250</xmax><ymax>154</ymax></bndbox></object><object><name>proposal</name><bndbox><xmin>0</xmin><ymin>173</ymin><xmax>800</xmax><ymax>497</ymax></bndbox></object><object><name>proposal</name><bndbox><xmin>0</xmin><ymin>214</ymin><xmax>800</xmax><ymax>586</ymax></bndbox></object><object><name>proposal</name><bndbox><xmin>233</xmin><ymin>343</ymin><xmax>449</xmax><ymax>179</ymax></bndbox></object><object><name>proposal</name><bndbox><xmin>0</xmin><ymin>173</ymin><xmax>800</xmax><ymax>457</ymax></bndbox></object><object><name>proposal</name><bndbox><xmin>126</xmin><ymin>249</ymin><xmax>554</xmax><ymax>171</ymax></bndbox></object><object><name>proposal</name><bndbox><xmin>176</xmin><ymin>137</ymin><xmax>624</xmax><ymax>382</ymax></bndbox></object><object><name>proposal</name><bndbox><xmin>143</xmin><ymin>267</ymin><xmax>562</xmax><ymax>274</ymax></bndbox></object><object><name>proposal</name><bndbox><xmin>389</xmin><ymin>173</ymin><xmax>411</xmax><ymax>322</ymax></bndbox></object><object><name>proposal</name><bndbox><xmin>224</xmin><ymin>163</ymin><xmax>388</xmax><ymax>193</ymax></bndbox></object><object><name>proposal</name><bndbox><xmin>327</xmin><ymin>341</ymin><xmax>473</xmax><ymax>200</ymax></bndbox></object><object><name>proposal</name><bndbox><xmin>426</xmin><ymin>356</ymin><xmax>242</xmax><ymax>173</ymax></bndbox></object><object><name>proposal</name><bndbox><xmin>126</xmin><ymin>354</ymin><xmax>350</xmax><ymax>210</ymax></bndbox></object><object><name>proposal</name><bndbox><xmin>143</xmin><ymin>267</ymin><xmax>354</xmax><ymax>200</ymax></bndbox></object><object><name>proposal</name><bndbox><xmin>176</xmin><ymin>341</ymin><xmax>495</xmax><ymax>154</ymax></bndbox></object><object><name>proposal</name><bndbox><xmin>524</xmin><ymin>173</ymin><xmax>276</xmax><ymax>385</ymax></bndbox></object><object><name>proposal</name><bndbox><xmin>431</xmin><ymin>341</ymin><xmax>273</xmax><ymax>200</ymax></bndbox></object><object><name>proposal</name><bndbox><xmin>432</xmin><ymin>340</ymin><xmax>262</xmax><ymax>201</ymax></bndbox></object><object><name>proposal</name><bndbox><xmin>153</xmin><ymin>256</ymin><xmax>571</xmax><ymax>308</ymax></bndbox></object><object><name>proposal</name><bndbox><xmin>500</xmin><ymin>120</ymin><xmax>300</xmax><ymax>368</ymax></bndbox></object><object><name>proposal</name><bndbox><xmin>247</xmin><ymin>337</ymin><xmax>260</xmax><ymax>168</ymax></bndbox></object><object><name>proposal</name><bndbox><xmin>247</xmin><ymin>351</ymin><xmax>301</xmax><ymax>154</ymax></bndbox></object><object><name>proposal</name><bndbox><xmin>368</xmin><ymin>302</ymin><xmax>432</xmax><ymax>257</ymax></bndbox></object><object><name>proposal</name><bndbox><xmin>135</xmin><ymin>255</ymin><xmax>537</xmax><ymax>233</ymax></bndbox></object><object><name>proposal</name><bndbox><xmin>86</xmin><ymin>249</ymin><xmax>594</xmax><ymax>315</ymax></bndbox></object><object><name>proposal</name><bndbox><xmin>184</xmin><ymin>333</ymin><xmax>520</xmax><ymax>155</ymax></bndbox></object><object><name>proposal</name><bndbox><xmin>118</xmin><ymin>248</ymin><xmax>588</xmax><ymax>224</ymax></bndbox></object><object><name>proposal</name><bndbox><xmin>426</xmin><ymin>356</ymin><xmax>242</xmax><ymax>140</ymax></bndbox></object><object><name>proposal</name><bndbox><xmin>126</xmin><ymin>329</ymin><xmax>370</xmax><ymax>235</ymax></bndbox></object><object><name>proposal</name><bndbox><xmin>0</xmin><ymin>169</ymin><xmax>662</xmax><ymax>324</ymax></bndbox></object><object><name>proposal</name><bndbox><xmin>126</xmin><ymin>382</ymin><xmax>284</xmax><ymax>182</ymax></bndbox></object><object><name>proposal</name><bndbox><xmin>58</xmin><ymin>187</ymin><xmax>647</xmax><ymax>377</ymax></bndbox></object><object><name>proposal</name><bndbox><xmin>389</xmin><ymin>338</ymin><xmax>281</xmax><ymax>191</ymax></bndbox></object><object><name>proposal</name><bndbox><xmin>0</xmin><ymin>265</ymin><xmax>800</xmax><ymax>535</ymax></bndbox></object><object><name>proposal</name><bndbox><xmin>247</xmin><ymin>359</ymin><xmax>345</xmax><ymax>129</ymax></bndbox></object><object><name>proposal</name><bndbox><xmin>342</xmin><ymin>173</ymin><xmax>458</xmax><ymax>385</ymax></bndbox></object><object><name>proposal</name><bndbox><xmin>247</xmin><ymin>359</ymin><xmax>307</xmax><ymax>129</ymax></bndbox></object><object><name>proposal</name><bndbox><xmin>427</xmin><ymin>343</ymin><xmax>255</xmax><ymax>186</ymax></bndbox></object><object><name>proposal</name><bndbox><xmin>0</xmin><ymin>85</ymin><xmax>800</xmax><ymax>560</ymax></bndbox></object><object><name>proposal</name><bndbox><xmin>0</xmin><ymin>63</ymin><xmax>679</xmax><ymax>426</ymax></bndbox></object><object><name>proposal</name><bndbox><xmin>182</xmin><ymin>341</ymin><xmax>523</xmax><ymax>223</ymax></bndbox></object><object><name>proposal</name><bndbox><xmin>389</xmin><ymin>173</ymin><xmax>411</xmax><ymax>346</ymax></bndbox></object><object><name>proposal</name><bndbox><xmin>0</xmin><ymin>170</ymin><xmax>728</xmax><ymax>515</ymax></bndbox></object><object><name>proposal</name><bndbox><xmin>86</xmin><ymin>181</ymin><xmax>594</xmax><ymax>239</ymax></bndbox></object><object><name>proposal</name><bndbox><xmin>182</xmin><ymin>341</ymin><xmax>523</xmax><ymax>222</ymax></bndbox></object><object><name>proposal</name><bndbox><xmin>184</xmin><ymin>333</ymin><xmax>510</xmax><ymax>208</ymax></bndbox></object><object><name>proposal</name><bndbox><xmin>145</xmin><ymin>262</ymin><xmax>547</xmax><ymax>296</ymax></bndbox></object><object><name>proposal</name><bndbox><xmin>100</xmin><ymin>328</ymin><xmax>323</xmax><ymax>342</ymax></bndbox></object><object><name>proposal</name><bndbox><xmin>0</xmin><ymin>155</ymin><xmax>800</xmax><ymax>531</ymax></bndbox></object><object><name>proposal</name><bndbox><xmin>0</xmin><ymin>179</ymin><xmax>402</xmax><ymax>478</ymax></bndbox></object><object><name>proposal</name><bndbox><xmin>0</xmin><ymin>133</ymin><xmax>800</xmax><ymax>667</ymax></bndbox></object><object><name>proposal</name><bndbox><xmin>123</xmin><ymin>173</ymin><xmax>677</xmax><ymax>368</ymax></bndbox></object><object><name>proposal</name><bndbox><xmin>235</xmin><ymin>341</ymin><xmax>436</xmax><ymax>223</ymax></bndbox></object><object><name>proposal</name><bndbox><xmin>338</xmin><ymin>128</ymin><xmax>462</xmax><ymax>349</ymax></bndbox></object><object><name>proposal</name><bndbox><xmin>0</xmin><ymin>262</ymin><xmax>800</xmax><ymax>538</ymax></bndbox></object><object><name>proposal</name><bndbox><xmin>415</xmin><ymin>343</ymin><xmax>289</xmax><ymax>179</ymax></bndbox></object><object><name>proposal</name><bndbox><xmin>0</xmin><ymin>47</ymin><xmax>800</xmax><ymax>446</ymax></bndbox></object><object><name>proposal</name><bndbox><xmin>153</xmin><ymin>341</ymin><xmax>343</xmax><ymax>134</ymax></bndbox></object><object><name>proposal</name><bndbox><xmin>184</xmin><ymin>155</ymin><xmax>616</xmax><ymax>386</ymax></bndbox></object><object><name>proposal</name><bndbox><xmin>121</xmin><ymin>282</ymin><xmax>330</xmax><ymax>187</ymax></bndbox></object><object><name>proposal</name><bndbox><xmin>343</xmin><ymin>341</ymin><xmax>349</xmax><ymax>200</ymax></bndbox></object><object><name>proposal</name><bndbox><xmin>389</xmin><ymin>343</ymin><xmax>280</xmax><ymax>179</ymax></bndbox></object><object><name>proposal</name><bndbox><xmin>246</xmin><ymin>351</ymin><xmax>302</xmax><ymax>142</ymax></bndbox></object><object><name>proposal</name><bndbox><xmin>85</xmin><ymin>190</ymin><xmax>608</xmax><ymax>374</ymax></bndbox></object><object><name>proposal</name><bndbox><xmin>544</xmin><ymin>173</ymin><xmax>256</xmax><ymax>346</ymax></bndbox></object><object><name>proposal</name><bndbox><xmin>235</xmin><ymin>343</ymin><xmax>435</xmax><ymax>162</ymax></bndbox></object><object><name>proposal</name><bndbox><xmin>421</xmin><ymin>344</ymin><xmax>272</xmax><ymax>152</ymax></bndbox></object><object><name>proposal</name><bndbox><xmin>0</xmin><ymin>170</ymin><xmax>404</xmax><ymax>238</ymax></bndbox></object><object><name>proposal</name><bndbox><xmin>554</xmin><ymin>167</ymin><xmax>246</xmax><ymax>350</ymax></bndbox></object><object><name>proposal</name><bndbox><xmin>408</xmin><ymin>342</ymin><xmax>244</xmax><ymax>163</ymax></bndbox></object><object><name>proposal</name><bndbox><xmin>249</xmin><ymin>356</ymin><xmax>419</xmax><ymax>173</ymax></bndbox></object><object><name>proposal</name><bndbox><xmin>342</xmin><ymin>382</ymin><xmax>351</xmax><ymax>123</ymax></bndbox></object><object><name>proposal</name><bndbox><xmin>433</xmin><ymin>341</ymin><xmax>272</xmax><ymax>154</ymax></bndbox></object><object><name>proposal</name><bndbox><xmin>0</xmin><ymin>255</ymin><xmax>352</xmax><ymax>375</ymax></bndbox></object><object><name>proposal</name><bndbox><xmin>0</xmin><ymin>179</ymin><xmax>531</xmax><ymax>621</ymax></bndbox></object><object><name>proposal</name><bndbox><xmin>243</xmin><ymin>311</ymin><xmax>307</xmax><ymax>173</ymax></bndbox></object><object><name>proposal</name><bndbox><xmin>0</xmin><ymin>185</ymin><xmax>576</xmax><ymax>304</ymax></bndbox></object><object><name>proposal</name><bndbox><xmin>184</xmin><ymin>337</ymin><xmax>270</xmax><ymax>135</ymax></bndbox></object><object><name>proposal</name><bndbox><xmin>368</xmin><ymin>302</ymin><xmax>324</xmax><ymax>170</ymax></bndbox></object><object><name>proposal</name><bndbox><xmin>86</xmin><ymin>143</ymin><xmax>714</xmax><ymax>421</ymax></bndbox></object><object><name>proposal</name><bndbox><xmin>432</xmin><ymin>341</ymin><xmax>230</xmax><ymax>154</ymax></bndbox></object><object><name>proposal</name><bndbox><xmin>126</xmin><ymin>256</ymin><xmax>553</xmax><ymax>166</ymax></bndbox></object><object><name>proposal</name><bndbox><xmin>0</xmin><ymin>85</ymin><xmax>800</xmax><ymax>715</ymax></bndbox></object><object><name>proposal</name><bndbox><xmin>389</xmin><ymin>344</ymin><xmax>280</xmax><ymax>187</ymax></bndbox></object><object><name>proposal</name><bndbox><xmin>85</xmin><ymin>133</ymin><xmax>715</xmax><ymax>355</ymax></bndbox></object><object><name>proposal</name><bndbox><xmin>153</xmin><ymin>293</ymin><xmax>552</xmax><ymax>236</ymax></bndbox></object><object><name>proposal</name><bndbox><xmin>247</xmin><ymin>355</ymin><xmax>345</xmax><ymax>133</ymax></bndbox></object><object><name>proposal</name><bndbox><xmin>246</xmin><ymin>343</ymin><xmax>436</xmax><ymax>186</ymax></bndbox></object><object><name>proposal</name><bndbox><xmin>86</xmin><ymin>249</ymin><xmax>619</xmax><ymax>314</ymax></bndbox></object><object><name>proposal</name><bndbox><xmin>432</xmin><ymin>173</ymin><xmax>368</xmax><ymax>385</ymax></bndbox></object><object><name>proposal</name><bndbox><xmin>433</xmin><ymin>343</ymin><xmax>269</xmax><ymax>152</ymax></bndbox></object><object><name>proposal</name><bndbox><xmin>114</xmin><ymin>262</ymin><xmax>553</xmax><ymax>204</ymax></bndbox></object><object><name>proposal</name><bndbox><xmin>246</xmin><ymin>351</ymin><xmax>302</xmax><ymax>138</ymax></bndbox></object><object><name>proposal</name><bndbox><xmin>205</xmin><ymin>336</ymin><xmax>292</xmax><ymax>154</ymax></bndbox></object><object><name>proposal</name><bndbox><xmin>182</xmin><ymin>359</ymin><xmax>372</xmax><ymax>129</ymax></bndbox></object><object><name>proposal</name><bndbox><xmin>121</xmin><ymin>235</ymin><xmax>559</xmax><ymax>196</ymax></bndbox></object><object><name>proposal</name><bndbox><xmin>176</xmin><ymin>354</ymin><xmax>372</xmax><ymax>139</ymax></bndbox></object><object><name>proposal</name><bndbox><xmin>433</xmin><ymin>343</ymin><xmax>240</xmax><ymax>152</ymax></bndbox></object><object><name>proposal</name><bndbox><xmin>0</xmin><ymin>52</ymin><xmax>800</xmax><ymax>512</ymax></bndbox></object><object><name>proposal</name><bndbox><xmin>182</xmin><ymin>338</ymin><xmax>364</xmax><ymax>203</ymax></bndbox></object><object><name>proposal</name><bndbox><xmin>389</xmin><ymin>342</ymin><xmax>316</xmax><ymax>187</ymax></bndbox></object><object><name>proposal</name><bndbox><xmin>430</xmin><ymin>173</ymin><xmax>370</xmax><ymax>368</ymax></bndbox></object><object><name>proposal</name><bndbox><xmin>235</xmin><ymin>351</ymin><xmax>226</xmax><ymax>154</ymax></bndbox></object><object><name>proposal</name><bndbox><xmin>86</xmin><ymin>249</ymin><xmax>598</xmax><ymax>171</ymax></bndbox></object><object><name>proposal</name><bndbox><xmin>121</xmin><ymin>330</ymin><xmax>679</xmax><ymax>470</ymax></bndbox></object><object><name>proposal</name><bndbox><xmin>86</xmin><ymin>173</ymin><xmax>714</xmax><ymax>304</ymax></bndbox></object><object><name>proposal</name><bndbox><xmin>85</xmin><ymin>190</ymin><xmax>595</xmax><ymax>298</ymax></bndbox></object><object><name>proposal</name><bndbox><xmin>121</xmin><ymin>259</ymin><xmax>458</xmax><ymax>209</ymax></bndbox></object><object><name>proposal</name><bndbox><xmin>336</xmin><ymin>120</ymin><xmax>464</xmax><ymax>356</ymax></bndbox></object><object><name>proposal</name><bndbox><xmin>227</xmin><ymin>143</ymin><xmax>573</xmax><ymax>421</ymax></bndbox></object><object><name>proposal</name><bndbox><xmin>0</xmin><ymin>63</ymin><xmax>800</xmax><ymax>737</ymax></bndbox></object><object><name>proposal</name><bndbox><xmin>233</xmin><ymin>343</ymin><xmax>471</xmax><ymax>179</ymax></bndbox></object><object><name>proposal</name><bndbox><xmin>182</xmin><ymin>333</ymin><xmax>365</xmax><ymax>142</ymax></bndbox></object><object><name>proposal</name><bndbox><xmin>235</xmin><ymin>351</ymin><xmax>226</xmax><ymax>213</ymax></bndbox></object><object><name>proposal</name><bndbox><xmin>340</xmin><ymin>390</ymin><xmax>460</xmax><ymax>151</ymax></bndbox></object><object><name>proposal</name><bndbox><xmin>126</xmin><ymin>385</ymin><xmax>354</xmax><ymax>179</ymax></bndbox></object><object><name>proposal</name><bndbox><xmin>85</xmin><ymin>267</ymin><xmax>340</xmax><ymax>139</ymax></bndbox></object><object><name>proposal</name><bndbox><xmin>176</xmin><ymin>333</ymin><xmax>529</xmax><ymax>231</ymax></bndbox></object><object><name>proposal</name><bndbox><xmin>389</xmin><ymin>342</ymin><xmax>316</xmax><ymax>155</ymax></bndbox></object><object><name>proposal</name><bndbox><xmin>233</xmin><ymin>351</ymin><xmax>359</xmax><ymax>139</ymax></bndbox></object><object><name>proposal</name><bndbox><xmin>0</xmin><ymin>341</ymin><xmax>800</xmax><ymax>459</ymax></bndbox></object><object><name>proposal</name><bndbox><xmin>441</xmin><ymin>341</ymin><xmax>264</xmax><ymax>121</ymax></bndbox></object><object><name>proposal</name><bndbox><xmin>432</xmin><ymin>341</ymin><xmax>368</xmax><ymax>200</ymax></bndbox></object><object><name>proposal</name><bndbox><xmin>327</xmin><ymin>120</ymin><xmax>473</xmax><ymax>421</ymax></bndbox></object><object><name>proposal</name><bndbox><xmin>224</xmin><ymin>259</ymin><xmax>355</xmax><ymax>126</ymax></bndbox></object><object><name>proposal</name><bndbox><xmin>433</xmin><ymin>335</ymin><xmax>367</xmax><ymax>204</ymax></bndbox></object><object><name>proposal</name><bndbox><xmin>135</xmin><ymin>259</ymin><xmax>537</xmax><ymax>161</ymax></bndbox></object><object><name>proposal</name><bndbox><xmin>126</xmin><ymin>256</ymin><xmax>598</xmax><ymax>308</ymax></bndbox></object><object><name>proposal</name><bndbox><xmin>0</xmin><ymin>250</ymin><xmax>554</xmax><ymax>447</ymax></bndbox></object><object><name>proposal</name><bndbox><xmin>217</xmin><ymin>341</ymin><xmax>488</xmax><ymax>198</ymax></bndbox></object><object><name>proposal</name><bndbox><xmin>153</xmin><ymin>256</ymin><xmax>424</xmax><ymax>210</ymax></bndbox></object><object><name>proposal</name><bndbox><xmin>153</xmin><ymin>336</ymin><xmax>262</xmax><ymax>131</ymax></bndbox></object><object><name>proposal</name><bndbox><xmin>181</xmin><ymin>342</ymin><xmax>512</xmax><ymax>222</ymax></bndbox></object><object><name>proposal</name><bndbox><xmin>121</xmin><ymin>282</ymin><xmax>454</xmax><ymax>199</ymax></bndbox></object><object><name>proposal</name><bndbox><xmin>0</xmin><ymin>47</ymin><xmax>800</xmax><ymax>517</ymax></bndbox></object><object><name>proposal</name><bndbox><xmin>379</xmin><ymin>137</ymin><xmax>421</xmax><ymax>351</ymax></bndbox></object><object><name>proposal</name><bndbox><xmin>212</xmin><ymin>267</ymin><xmax>400</xmax><ymax>101</ymax></bndbox></object><object><name>proposal</name><bndbox><xmin>426</xmin><ymin>356</ymin><xmax>269</xmax><ymax>173</ymax></bndbox></object><object><name>proposal</name><bndbox><xmin>0</xmin><ymin>0</ymin><xmax>800</xmax><ymax>476</ymax></bndbox></object><object><name>proposal</name><bndbox><xmin>140</xmin><ymin>247</ymin><xmax>472</xmax><ymax>317</ymax></bndbox></object><object><name>proposal</name><bndbox><xmin>0</xmin><ymin>63</ymin><xmax>800</xmax><ymax>501</ymax></bndbox></object><object><name>proposal</name><bndbox><xmin>544</xmin><ymin>189</ymin><xmax>256</xmax><ymax>294</ymax></bndbox></object><object><name>proposal</name><bndbox><xmin>270</xmin><ymin>319</ymin><xmax>268</xmax><ymax>246</ymax></bndbox></object><object><name>proposal</name><bndbox><xmin>389</xmin><ymin>326</ymin><xmax>316</xmax><ymax>203</ymax></bndbox></object><object><name>proposal</name><bndbox><xmin>146</xmin><ymin>247</ymin><xmax>303</xmax><ymax>159</ymax></bndbox></object><object><name>proposal</name><bndbox><xmin>0</xmin><ymin>120</ymin><xmax>800</xmax><ymax>368</ymax></bndbox></object><object><name>proposal</name><bndbox><xmin>0</xmin><ymin>0</ymin><xmax>663</xmax><ymax>670</ymax></bndbox></object><object><name>proposal</name><bndbox><xmin>433</xmin><ymin>341</ymin><xmax>238</xmax><ymax>155</ymax></bndbox></object><object><name>proposal</name><bndbox><xmin>0</xmin><ymin>301</ymin><xmax>382</xmax><ymax>174</ymax></bndbox></object><object><name>proposal</name><bndbox><xmin>0</xmin><ymin>224</ymin><xmax>337</xmax><ymax>406</ymax></bndbox></object><object><name>proposal</name><bndbox><xmin>0</xmin><ymin>240</ymin><xmax>299</xmax><ymax>262</ymax></bndbox></object><object><name>proposal</name><bndbox><xmin>145</xmin><ymin>0</ymin><xmax>655</xmax><ymax>477</ymax></bndbox></object><object><name>proposal</name><bndbox><xmin>342</xmin><ymin>342</ymin><xmax>321</xmax><ymax>199</ymax></bndbox></object><object><name>proposal</name><bndbox><xmin>270</xmin><ymin>319</ymin><xmax>282</xmax><ymax>366</ymax></bndbox></object><object><name>proposal</name><bndbox><xmin>0</xmin><ymin>63</ymin><xmax>800</xmax><ymax>451</ymax></bndbox></object><object><name>proposal</name><bndbox><xmin>135</xmin><ymin>259</ymin><xmax>545</xmax><ymax>161</ymax></bndbox></object><object><name>proposal</name><bndbox><xmin>246</xmin><ymin>353</ymin><xmax>331</xmax><ymax>136</ymax></bndbox></object><object><name>proposal</name><bndbox><xmin>276</xmin><ymin>342</ymin><xmax>429</xmax><ymax>187</ymax></bndbox></object><object><name>proposal</name><bndbox><xmin>226</xmin><ymin>115</ymin><xmax>574</xmax><ymax>443</ymax></bndbox></object><object><name>proposal</name><bndbox><xmin>298</xmin><ymin>256</ymin><xmax>279</xmax><ymax>129</ymax></bndbox></object><object><name>proposal</name><bndbox><xmin>247</xmin><ymin>353</ymin><xmax>345</xmax><ymax>135</ymax></bndbox></object><object><name>proposal</name><bndbox><xmin>342</xmin><ymin>341</ymin><xmax>363</xmax><ymax>200</ymax></bndbox></object><object><name>proposal</name><bndbox><xmin>126</xmin><ymin>249</ymin><xmax>554</xmax><ymax>182</ymax></bndbox></object><object><name>proposal</name><bndbox><xmin>235</xmin><ymin>343</ymin><xmax>488</xmax><ymax>220</ymax></bndbox></object><object><name>proposal</name><bndbox><xmin>433</xmin><ymin>309</ymin><xmax>291</xmax><ymax>230</ymax></bndbox></object><object><name>proposal</name><bndbox><xmin>121</xmin><ymin>259</ymin><xmax>584</xmax><ymax>270</ymax></bndbox></object><object><name>proposal</name><bndbox><xmin>415</xmin><ymin>343</ymin><xmax>267</xmax><ymax>179</ymax></bndbox></object><object><name>proposal</name><bndbox><xmin>174</xmin><ymin>333</ymin><xmax>376</xmax><ymax>231</ymax></bndbox></object><object><name>proposal</name><bndbox><xmin>400</xmin><ymin>277</ymin><xmax>306</xmax><ymax>131</ymax></bndbox></object><object><name>proposal</name><bndbox><xmin>456</xmin><ymin>341</ymin><xmax>248</xmax><ymax>135</ymax></bndbox></object><object><name>proposal</name><bndbox><xmin>244</xmin><ymin>300</ymin><xmax>331</xmax><ymax>169</ymax></bndbox></object><object><name>proposal</name><bndbox><xmin>426</xmin><ymin>356</ymin><xmax>269</xmax><ymax>140</ymax></bndbox></object><object><name>proposal</name><bndbox><xmin>184</xmin><ymin>353</ymin><xmax>408</xmax><ymax>135</ymax></bndbox></object><object><name>proposal</name><bndbox><xmin>243</xmin><ymin>352</ymin><xmax>427</xmax><ymax>138</ymax></bndbox></object><object><name>proposal</name><bndbox><xmin>247</xmin><ymin>351</ymin><xmax>303</xmax><ymax>137</ymax></bndbox></object><object><name>proposal</name><bndbox><xmin>243</xmin><ymin>336</ymin><xmax>427</xmax><ymax>134</ymax></bndbox></object><object><name>proposal</name><bndbox><xmin>235</xmin><ymin>341</ymin><xmax>433</xmax><ymax>223</ymax></bndbox></object><object><name>proposal</name><bndbox><xmin>389</xmin><ymin>338</ymin><xmax>281</xmax><ymax>161</ymax></bndbox></object><object><name>proposal</name><bndbox><xmin>131</xmin><ymin>330</ymin><xmax>206</xmax><ymax>234</ymax></bndbox></object><object><name>proposal</name><bndbox><xmin>243</xmin><ymin>343</ymin><xmax>305</xmax><ymax>150</ymax></bndbox></object><object><name>proposal</name><bndbox><xmin>433</xmin><ymin>335</ymin><xmax>265</xmax><ymax>161</ymax></bndbox></object><object><name>proposal</name><bndbox><xmin>183</xmin><ymin>49</ymin><xmax>617</xmax><ymax>509</ymax></bndbox></object><object><name>proposal</name><bndbox><xmin>217</xmin><ymin>341</ymin><xmax>488</xmax><ymax>223</ymax></bndbox></object><object><name>proposal</name><bndbox><xmin>0</xmin><ymin>185</ymin><xmax>402</xmax><ymax>290</ymax></bndbox></object><object><name>proposal</name><bndbox><xmin>121</xmin><ymin>265</ymin><xmax>584</xmax><ymax>264</ymax></bndbox></object><object><name>proposal</name><bndbox><xmin>58</xmin><ymin>235</ymin><xmax>426</xmax><ymax>232</ymax></bndbox></object><object><name>proposal</name><bndbox><xmin>427</xmin><ymin>343</ymin><xmax>255</xmax><ymax>153</ymax></bndbox></object><object><name>proposal</name><bndbox><xmin>135</xmin><ymin>259</ymin><xmax>569</xmax><ymax>282</ymax></bndbox></object><object><name>proposal</name><bndbox><xmin>427</xmin><ymin>356</ymin><xmax>241</xmax><ymax>140</ymax></bndbox></object><object><name>proposal</name><bndbox><xmin>242</xmin><ymin>340</ymin><xmax>463</xmax><ymax>201</ymax></bndbox></object><object><name>proposal</name><bndbox><xmin>243</xmin><ymin>352</ymin><xmax>262</xmax><ymax>132</ymax></bndbox></object><object><name>proposal</name><bndbox><xmin>126</xmin><ymin>258</ymin><xmax>546</xmax><ymax>164</ymax></bndbox></object><object><name>proposal</name><bndbox><xmin>406</xmin><ymin>333</ymin><xmax>286</xmax><ymax>208</ymax></bndbox></object><object><name>proposal</name><bndbox><xmin>524</xmin><ymin>155</ymin><xmax>276</xmax><ymax>322</ymax></bndbox></object><object><name>proposal</name><bndbox><xmin>0</xmin><ymin>155</ymin><xmax>800</xmax><ymax>645</ymax></bndbox></object><object><name>proposal</name><bndbox><xmin>0</xmin><ymin>64</ymin><xmax>800</xmax><ymax>494</ymax></bndbox></object><object><name>proposal</name><bndbox><xmin>427</xmin><ymin>356</ymin><xmax>241</xmax><ymax>173</ymax></bndbox></object><object><name>proposal</name><bndbox><xmin>121</xmin><ymin>330</ymin><xmax>598</xmax><ymax>158</ymax></bndbox></object><object><name>proposal</name><bndbox><xmin>433</xmin><ymin>341</ymin><xmax>272</xmax><ymax>198</ymax></bndbox></object><object><name>proposal</name><bndbox><xmin>124</xmin><ymin>214</ymin><xmax>560</xmax><ymax>217</ymax></bndbox></object><object><name>proposal</name><bndbox><xmin>247</xmin><ymin>354</ymin><xmax>249</xmax><ymax>134</ymax></bndbox></object><object><name>proposal</name><bndbox><xmin>153</xmin><ymin>259</ymin><xmax>422</xmax><ymax>209</ymax></bndbox></object><object><name>proposal</name><bndbox><xmin>247</xmin><ymin>341</ymin><xmax>301</xmax><ymax>147</ymax></bndbox></object><object><name>proposal</name><bndbox><xmin>433</xmin><ymin>343</ymin><xmax>290</xmax><ymax>152</ymax></bndbox></object><object><name>proposal</name><bndbox><xmin>0</xmin><ymin>0</ymin><xmax>800</xmax><ymax>800</ymax></bndbox></object><object><name>proposal</name><bndbox><xmin>448</xmin><ymin>338</ymin><xmax>258</xmax><ymax>150</ymax></bndbox></object><object><name>proposal</name><bndbox><xmin>124</xmin><ymin>259</ymin><xmax>570</xmax><ymax>282</ymax></bndbox></object><object><name>proposal</name><bndbox><xmin>126</xmin><ymin>341</ymin><xmax>370</xmax><ymax>134</ymax></bndbox></object><object><name>proposal</name><bndbox><xmin>242</xmin><ymin>333</ymin><xmax>463</xmax><ymax>208</ymax></bndbox></object><object><name>proposal</name><bndbox><xmin>0</xmin><ymin>185</ymin><xmax>404</xmax><ymax>223</ymax></bndbox></object><object><name>proposal</name><bndbox><xmin>0</xmin><ymin>142</ymin><xmax>800</xmax><ymax>341</ymax></bndbox></object><object><name>proposal</name><bndbox><xmin>247</xmin><ymin>359</ymin><xmax>305</xmax><ymax>182</ymax></bndbox></object><object><name>proposal</name><bndbox><xmin>389</xmin><ymin>137</ymin><xmax>411</xmax><ymax>382</ymax></bndbox></object><object><name>proposal</name><bndbox><xmin>450</xmin><ymin>340</ymin><xmax>243</xmax><ymax>130</ymax></bndbox></object><object><name>proposal</name><bndbox><xmin>370</xmin><ymin>277</ymin><xmax>336</xmax><ymax>152</ymax></bndbox></object><object><name>proposal</name><bndbox><xmin>0</xmin><ymin>328</ymin><xmax>423</xmax><ymax>342</ymax></bndbox></object><object><name>proposal</name><bndbox><xmin>131</xmin><ymin>302</ymin><xmax>561</xmax><ymax>204</ymax></bndbox></object><object><name>proposal</name><bndbox><xmin>247</xmin><ymin>360</ymin><xmax>422</xmax><ymax>198</ymax></bndbox></object><object><name>proposal</name><bndbox><xmin>430</xmin><ymin>338</ymin><xmax>246</xmax><ymax>203</ymax></bndbox></object><object><name>proposal</name><bndbox><xmin>182</xmin><ymin>380</ymin><xmax>280</xmax><ymax>184</ymax></bndbox></object><object><name>proposal</name><bndbox><xmin>433</xmin><ymin>340</ymin><xmax>272</xmax><ymax>201</ymax></bndbox></object><object><name>proposal</name><bndbox><xmin>247</xmin><ymin>359</ymin><xmax>260</xmax><ymax>146</ymax></bndbox></object><object><name>proposal</name><bndbox><xmin>182</xmin><ymin>359</ymin><xmax>374</xmax><ymax>205</ymax></bndbox></object><object><name>proposal</name><bndbox><xmin>438</xmin><ymin>341</ymin><xmax>267</xmax><ymax>126</ymax></bndbox></object><object><name>proposal</name><bndbox><xmin>0</xmin><ymin>52</ymin><xmax>800</xmax><ymax>506</ymax></bndbox></object><object><name>proposal</name><bndbox><xmin>432</xmin><ymin>341</ymin><xmax>260</xmax><ymax>154</ymax></bndbox></object><object><name>proposal</name><bndbox><xmin>544</xmin><ymin>180</ymin><xmax>256</xmax><ymax>303</ymax></bndbox></object><object><name>proposal</name><bndbox><xmin>243</xmin><ymin>311</ymin><xmax>307</xmax><ymax>279</ymax></bndbox></object><object><name>proposal</name><bndbox><xmin>233</xmin><ymin>350</ymin><xmax>315</xmax><ymax>138</ymax></bndbox></object><object><name>proposal</name><bndbox><xmin>182</xmin><ymin>343</ymin><xmax>366</xmax><ymax>150</ymax></bndbox></object><object><name>proposal</name><bndbox><xmin>86</xmin><ymin>240</ymin><xmax>597</xmax><ymax>200</ymax></bndbox></object><object><name>proposal</name><bndbox><xmin>184</xmin><ymin>333</ymin><xmax>312</xmax><ymax>155</ymax></bndbox></object><object><name>proposal</name><bndbox><xmin>531</xmin><ymin>173</ymin><xmax>269</xmax><ymax>304</ymax></bndbox></object><object><name>proposal</name><bndbox><xmin>0</xmin><ymin>0</ymin><xmax>800</xmax><ymax>564</ymax></bndbox></object><object><name>proposal</name><bndbox><xmin>182</xmin><ymin>341</ymin><xmax>315</xmax><ymax>109</ymax></bndbox></object><object><name>proposal</name><bndbox><xmin>243</xmin><ymin>360</ymin><xmax>305</xmax><ymax>129</ymax></bndbox></object><object><name>proposal</name><bndbox><xmin>126</xmin><ymin>329</ymin><xmax>259</xmax><ymax>137</ymax></bndbox></object><object><name>proposal</name><bndbox><xmin>85</xmin><ymin>235</ymin><xmax>634</xmax><ymax>253</ymax></bndbox></object><object><name>proposal</name><bndbox><xmin>124</xmin><ymin>214</ymin><xmax>581</xmax><ymax>350</ymax></bndbox></object><object><name>proposal</name><bndbox><xmin>243</xmin><ymin>404</ymin><xmax>339</xmax><ymax>101</ymax></bndbox></object><object><name>proposal</name><bndbox><xmin>433</xmin><ymin>341</ymin><xmax>206</xmax><ymax>155</ymax></bndbox></object><object><name>proposal</name><bndbox><xmin>205</xmin><ymin>351</ymin><xmax>291</xmax><ymax>118</ymax></bndbox></object><object><name>proposal</name><bndbox><xmin>123</xmin><ymin>262</ymin><xmax>539</xmax><ymax>222</ymax></bndbox></object><object><name>proposal</name><bndbox><xmin>118</xmin><ymin>248</ymin><xmax>544</xmax><ymax>224</ymax></bndbox></object><object><name>proposal</name><bndbox><xmin>235</xmin><ymin>335</ymin><xmax>489</xmax><ymax>170</ymax></bndbox></object><object><name>proposal</name><bndbox><xmin>0</xmin><ymin>64</ymin><xmax>800</xmax><ymax>736</ymax></bndbox></object><object><name>proposal</name><bndbox><xmin>85</xmin><ymin>190</ymin><xmax>595</xmax><ymax>241</ymax></bndbox></object><object><name>proposal</name><bndbox><xmin>232</xmin><ymin>359</ymin><xmax>316</xmax><ymax>134</ymax></bndbox></object><object><name>proposal</name><bndbox><xmin>235</xmin><ymin>309</ymin><xmax>489</xmax><ymax>255</ymax></bndbox></object><object><name>proposal</name><bndbox><xmin>416</xmin><ymin>342</ymin><xmax>236</xmax><ymax>153</ymax></bndbox></object><object><name>proposal</name><bndbox><xmin>247</xmin><ymin>360</ymin><xmax>301</xmax><ymax>129</ymax></bndbox></object><object><name>proposal</name><bndbox><xmin>544</xmin><ymin>173</ymin><xmax>256</xmax><ymax>320</ymax></bndbox></object><object><name>proposal</name><bndbox><xmin>501</xmin><ymin>173</ymin><xmax>299</xmax><ymax>385</ymax></bndbox></object><object><name>proposal</name><bndbox><xmin>433</xmin><ymin>341</ymin><xmax>259</xmax><ymax>200</ymax></bndbox></object><object><name>proposal</name><bndbox><xmin>0</xmin><ymin>64</ymin><xmax>667</xmax><ymax>342</ymax></bndbox></object><object><name>proposal</name><bndbox><xmin>86</xmin><ymin>249</ymin><xmax>598</xmax><ymax>182</ymax></bndbox></object><object><name>proposal</name><bndbox><xmin>182</xmin><ymin>343</ymin><xmax>513</xmax><ymax>186</ymax></bndbox></object><object><name>proposal</name><bndbox><xmin>500</xmin><ymin>189</ymin><xmax>300</xmax><ymax>299</ymax></bndbox></object><object><name>proposal</name><bndbox><xmin>182</xmin><ymin>380</ymin><xmax>289</xmax><ymax>125</ymax></bndbox></object><object><name>proposal</name><bndbox><xmin>0</xmin><ymin>263</ymin><xmax>336</xmax><ymax>301</ymax></bndbox></object><object><name>proposal</name><bndbox><xmin>85</xmin><ymin>235</ymin><xmax>582</xmax><ymax>171</ymax></bndbox></object><object><name>proposal</name><bndbox><xmin>433</xmin><ymin>335</ymin><xmax>265</xmax><ymax>204</ymax></bndbox></object><object><name>proposal</name><bndbox><xmin>243</xmin><ymin>343</ymin><xmax>452</xmax><ymax>186</ymax></bndbox></object><object><name>proposal</name><bndbox><xmin>247</xmin><ymin>352</ymin><xmax>330</xmax><ymax>136</ymax></bndbox></object><object><name>proposal</name><bndbox><xmin>272</xmin><ymin>299</ymin><xmax>303</xmax><ymax>180</ymax></bndbox></object><object><name>proposal</name><bndbox><xmin>246</xmin><ymin>359</ymin><xmax>302</xmax><ymax>146</ymax></bndbox></object><object><name>proposal</name><bndbox><xmin>421</xmin><ymin>344</ymin><xmax>272</xmax><ymax>187</ymax></bndbox></object><object><name>proposal</name><bndbox><xmin>316</xmin><ymin>259</ymin><xmax>263</xmax><ymax>126</ymax></bndbox></object><object><name>proposal</name><bndbox><xmin>182</xmin><ymin>352</ymin><xmax>368</xmax><ymax>212</ymax></bndbox></object><object><name>proposal</name><bndbox><xmin>124</xmin><ymin>259</ymin><xmax>556</xmax><ymax>161</ymax></bndbox></object><object><name>proposal</name><bndbox><xmin>433</xmin><ymin>343</ymin><xmax>237</xmax><ymax>152</ymax></bndbox></object><object><name>proposal</name><bndbox><xmin>242</xmin><ymin>352</ymin><xmax>335</xmax><ymax>136</ymax></bndbox></object><object><name>proposal</name><bndbox><xmin>85</xmin><ymin>137</ymin><xmax>715</xmax><ymax>427</ymax></bndbox></object><object><name>proposal</name><bndbox><xmin>135</xmin><ymin>259</ymin><xmax>537</xmax><ymax>229</ymax></bndbox></object><object><name>proposal</name><bndbox><xmin>430</xmin><ymin>338</ymin><xmax>240</xmax><ymax>203</ymax></bndbox></object><object><name>proposal</name><bndbox><xmin>406</xmin><ymin>173</ymin><xmax>394</xmax><ymax>368</ymax></bndbox></object><object><name>proposal</name><bndbox><xmin>217</xmin><ymin>341</ymin><xmax>422</xmax><ymax>223</ymax></bndbox></object><object><name>proposal</name><bndbox><xmin>442</xmin><ymin>341</ymin><xmax>277</xmax><ymax>136</ymax></bndbox></object><object><name>proposal</name><bndbox><xmin>278</xmin><ymin>351</ymin><xmax>391</xmax><ymax>178</ymax></bndbox></object><object><name>proposal</name><bndbox><xmin>227</xmin><ymin>318</ymin><xmax>478</xmax><ymax>246</ymax></bndbox></object><object><name>proposal</name><bndbox><xmin>211</xmin><ymin>294</ymin><xmax>364</xmax><ymax>173</ymax></bndbox></object><object><name>proposal</name><bndbox><xmin>433</xmin><ymin>343</ymin><xmax>263</xmax><ymax>198</ymax></bndbox></object><object><name>proposal</name><bndbox><xmin>243</xmin><ymin>404</ymin><xmax>339</xmax><ymax>160</ymax></bndbox></object><object><name>proposal</name><bndbox><xmin>182</xmin><ymin>343</ymin><xmax>350</xmax><ymax>150</ymax></bndbox></object><object><name>proposal</name><bndbox><xmin>176</xmin><ymin>341</ymin><xmax>412</xmax><ymax>154</ymax></bndbox></object><object><name>proposal</name><bndbox><xmin>444</xmin><ymin>173</ymin><xmax>356</xmax><ymax>309</ymax></bndbox></object><object><name>proposal</name><bndbox><xmin>85</xmin><ymin>267</ymin><xmax>222</xmax><ymax>200</ymax></bndbox></object><object><name>proposal</name><bndbox><xmin>433</xmin><ymin>341</ymin><xmax>205</xmax><ymax>154</ymax></bndbox></object><object><name>proposal</name><bndbox><xmin>235</xmin><ymin>343</ymin><xmax>461</xmax><ymax>198</ymax></bndbox></object><object><name>proposal</name><bndbox><xmin>135</xmin><ymin>258</ymin><xmax>537</xmax><ymax>164</ymax></bndbox></object><object><name>proposal</name><bndbox><xmin>211</xmin><ymin>247</ymin><xmax>365</xmax><ymax>242</ymax></bndbox></object><object><name>proposal</name><bndbox><xmin>282</xmin><ymin>319</ymin><xmax>238</xmax><ymax>150</ymax></bndbox></object><object><name>proposal</name><bndbox><xmin>126</xmin><ymin>342</ymin><xmax>580</xmax><ymax>223</ymax></bndbox></object><object><name>proposal</name><bndbox><xmin>450</xmin><ymin>341</ymin><xmax>242</xmax><ymax>135</ymax></bndbox></object><object><name>proposal</name><bndbox><xmin>298</xmin><ymin>256</ymin><xmax>277</xmax><ymax>129</ymax></bndbox></object><object><name>proposal</name><bndbox><xmin>0</xmin><ymin>63</ymin><xmax>800</xmax><ymax>478</ymax></bndbox></object><object><name>proposal</name><bndbox><xmin>217</xmin><ymin>352</ymin><xmax>243</xmax><ymax>153</ymax></bndbox></object><object><name>proposal</name><bndbox><xmin>217</xmin><ymin>341</ymin><xmax>422</xmax><ymax>200</ymax></bndbox></object><object><name>proposal</name><bndbox><xmin>152</xmin><ymin>341</ymin><xmax>345</xmax><ymax>126</ymax></bndbox></object><object><name>proposal</name><bndbox><xmin>389</xmin><ymin>372</ymin><xmax>280</xmax><ymax>157</ymax></bndbox></object><object><name>proposal</name><bndbox><xmin>0</xmin><ymin>0</ymin><xmax>800</xmax><ymax>488</ymax></bndbox></object><object><name>proposal</name><bndbox><xmin>0</xmin><ymin>62</ymin><xmax>664</xmax><ymax>503</ymax></bndbox></object><object><name>proposal</name><bndbox><xmin>121</xmin><ymin>329</ymin><xmax>298</xmax><ymax>236</ymax></bndbox></object><object><name>proposal</name><bndbox><xmin>134</xmin><ymin>249</ymin><xmax>550</xmax><ymax>171</ymax></bndbox></object><object><name>proposal</name><bndbox><xmin>184</xmin><ymin>337</ymin><xmax>270</xmax><ymax>138</ymax></bndbox></object><object><name>proposal</name><bndbox><xmin>243</xmin><ymin>195</ymin><xmax>557</xmax><ymax>423</ymax></bndbox></object><object><name>proposal</name><bndbox><xmin>145</xmin><ymin>262</ymin><xmax>517</xmax><ymax>144</ymax></bndbox></object><object><name>proposal</name><bndbox><xmin>246</xmin><ymin>353</ymin><xmax>302</xmax><ymax>136</ymax></bndbox></object><object><name>proposal</name><bndbox><xmin>85</xmin><ymin>155</ymin><xmax>715</xmax><ymax>386</ymax></bndbox></object><object><name>proposal</name><bndbox><xmin>0</xmin><ymin>49</ymin><xmax>800</xmax><ymax>515</ymax></bndbox></object><object><name>proposal</name><bndbox><xmin>524</xmin><ymin>299</ymin><xmax>182</xmax><ymax>192</ymax></bndbox></object><object><name>proposal</name><bndbox><xmin>247</xmin><ymin>355</ymin><xmax>249</xmax><ymax>133</ymax></bndbox></object><object><name>proposal</name><bndbox><xmin>0</xmin><ymin>173</ymin><xmax>800</xmax><ymax>627</ymax></bndbox></object><object><name>proposal</name><bndbox><xmin>86</xmin><ymin>214</ymin><xmax>619</xmax><ymax>350</ymax></bndbox></object><object><name>proposal</name><bndbox><xmin>247</xmin><ymin>331</ymin><xmax>472</xmax><ymax>157</ymax></bndbox></object><object><name>proposal</name><bndbox><xmin>121</xmin><ymin>330</ymin><xmax>679</xmax><ymax>234</ymax></bndbox></object><object><name>proposal</name><bndbox><xmin>233</xmin><ymin>344</ymin><xmax>460</xmax><ymax>187</ymax></bndbox></object><object><name>proposal</name><bndbox><xmin>246</xmin><ymin>354</ymin><xmax>302</xmax><ymax>135</ymax></bndbox></object><object><name>proposal</name><bndbox><xmin>433</xmin><ymin>341</ymin><xmax>235</xmax><ymax>200</ymax></bndbox></object><object><name>proposal</name><bndbox><xmin>367</xmin><ymin>277</ymin><xmax>339</xmax><ymax>152</ymax></bndbox></object><object><name>proposal</name><bndbox><xmin>233</xmin><ymin>353</ymin><xmax>344</xmax><ymax>137</ymax></bndbox></object><object><name>proposal</name><bndbox><xmin>114</xmin><ymin>248</ymin><xmax>550</xmax><ymax>218</ymax></bndbox></object><object><name>proposal</name><bndbox><xmin>444</xmin><ymin>143</ymin><xmax>356</xmax><ymax>415</ymax></bndbox></object><object><name>proposal</name><bndbox><xmin>121</xmin><ymin>342</ymin><xmax>584</xmax><ymax>187</ymax></bndbox></object><object><name>proposal</name><bndbox><xmin>495</xmin><ymin>195</ymin><xmax>305</xmax><ymax>383</ymax></bndbox></object><object><name>proposal</name><bndbox><xmin>135</xmin><ymin>259</ymin><xmax>569</xmax><ymax>229</ymax></bndbox></object><object><name>proposal</name><bndbox><xmin>184</xmin><ymin>337</ymin><xmax>521</xmax><ymax>204</ymax></bndbox></object><object><name>proposal</name><bndbox><xmin>123</xmin><ymin>248</ymin><xmax>539</xmax><ymax>224</ymax></bndbox></object><object><name>proposal</name><bndbox><xmin>0</xmin><ymin>63</ymin><xmax>800</xmax><ymax>441</ymax></bndbox></object><object><name>proposal</name><bndbox><xmin>58</xmin><ymin>143</ymin><xmax>742</xmax><ymax>415</ymax></bndbox></object><object><name>proposal</name><bndbox><xmin>247</xmin><ymin>343</ymin><xmax>449</xmax><ymax>198</ymax></bndbox></object><object><name>proposal</name><bndbox><xmin>432</xmin><ymin>340</ymin><xmax>220</xmax><ymax>157</ymax></bndbox></object><object><name>proposal</name><bndbox><xmin>86</xmin><ymin>137</ymin><xmax>714</xmax><ymax>382</ymax></bndbox></object><object><name>proposal</name><bndbox><xmin>0</xmin><ymin>185</ymin><xmax>425</xmax><ymax>290</ymax></bndbox></object><object><name>proposal</name><bndbox><xmin>235</xmin><ymin>337</ymin><xmax>227</xmax><ymax>168</ymax></bndbox></object><object><name>proposal</name><bndbox><xmin>0</xmin><ymin>267</ymin><xmax>425</xmax><ymax>208</ymax></bndbox></object><object><name>proposal</name><bndbox><xmin>0</xmin><ymin>263</ymin><xmax>301</xmax><ymax>248</ymax></bndbox></object><object><name>proposal</name><bndbox><xmin>182</xmin><ymin>343</ymin><xmax>514</xmax><ymax>221</ymax></bndbox></object><object><name>proposal</name><bndbox><xmin>406</xmin><ymin>333</ymin><xmax>286</xmax><ymax>128</ymax></bndbox></object><object><name>proposal</name><bndbox><xmin>0</xmin><ymin>271</ymin><xmax>582</xmax><ymax>529</ymax></bndbox></object><object><name>proposal</name><bndbox><xmin>342</xmin><ymin>404</ymin><xmax>334</xmax><ymax>101</ymax></bndbox></object><object><name>proposal</name><bndbox><xmin>86</xmin><ymin>256</ymin><xmax>593</xmax><ymax>166</ymax></bndbox></object><object><name>proposal</name><bndbox><xmin>247</xmin><ymin>360</ymin><xmax>250</xmax><ymax>146</ymax></bndbox></object><object><name>proposal</name><bndbox><xmin>131</xmin><ymin>262</ymin><xmax>536</xmax><ymax>204</ymax></bndbox></object><object><name>proposal</name><bndbox><xmin>216</xmin><ymin>120</ymin><xmax>584</xmax><ymax>439</ymax></bndbox></object><object><name>proposal</name><bndbox><xmin>0</xmin><ymin>0</ymin><xmax>800</xmax><ymax>558</ymax></bndbox></object><object><name>proposal</name><bndbox><xmin>86</xmin><ymin>187</ymin><xmax>493</xmax><ymax>155</ymax></bndbox></object><object><name>proposal</name><bndbox><xmin>153</xmin><ymin>259</ymin><xmax>552</xmax><ymax>270</ymax></bndbox></object><object><name>proposal</name><bndbox><xmin>278</xmin><ymin>356</ymin><xmax>391</xmax><ymax>141</ymax></bndbox></object><object><name>proposal</name><bndbox><xmin>427</xmin><ymin>356</ymin><xmax>268</xmax><ymax>140</ymax></bndbox></object><object><name>proposal</name><bndbox><xmin>143</xmin><ymin>187</ymin><xmax>432</xmax><ymax>280</ymax></bndbox></object><object><name>proposal</name><bndbox><xmin>75</xmin><ymin>215</ymin><xmax>631</xmax><ymax>326</ymax></bndbox></object><object><name>proposal</name><bndbox><xmin>271</xmin><ymin>133</ymin><xmax>529</xmax><ymax>431</ymax></bndbox></object><object><name>proposal</name><bndbox><xmin>135</xmin><ymin>249</ymin><xmax>545</xmax><ymax>171</ymax></bndbox></object><object><name>proposal</name><bndbox><xmin>135</xmin><ymin>155</ymin><xmax>665</xmax><ymax>645</ymax></bndbox></object><object><name>proposal</name><bndbox><xmin>232</xmin><ymin>343</ymin><xmax>316</xmax><ymax>150</ymax></bndbox></object><object><name>proposal</name><bndbox><xmin>247</xmin><ymin>359</ymin><xmax>422</xmax><ymax>129</ymax></bndbox></object><object><name>proposal</name><bndbox><xmin>126</xmin><ymin>341</ymin><xmax>370</xmax><ymax>164</ymax></bndbox></object><object><name>proposal</name><bndbox><xmin>232</xmin><ymin>343</ymin><xmax>311</xmax><ymax>115</ymax></bndbox></object><object><name>proposal</name><bndbox><xmin>153</xmin><ymin>336</ymin><xmax>328</xmax><ymax>132</ymax></bndbox></object><object><name>proposal</name><bndbox><xmin>368</xmin><ymin>302</ymin><xmax>238</xmax><ymax>149</ymax></bndbox></object><object><name>proposal</name><bndbox><xmin>143</xmin><ymin>267</ymin><xmax>432</xmax><ymax>140</ymax></bndbox></object><object><name>proposal</name><bndbox><xmin>421</xmin><ymin>344</ymin><xmax>248</xmax><ymax>152</ymax></bndbox></object><object><name>proposal</name><bndbox><xmin>0</xmin><ymin>49</ymin><xmax>800</xmax><ymax>751</ymax></bndbox></object><object><name>proposal</name><bndbox><xmin>192</xmin><ymin>311</ymin><xmax>381</xmax><ymax>489</ymax></bndbox></object><object><name>proposal</name><bndbox><xmin>493</xmin><ymin>155</ymin><xmax>307</xmax><ymax>404</ymax></bndbox></object><object><name>proposal</name><bndbox><xmin>0</xmin><ymin>265</ymin><xmax>573</xmax><ymax>535</ymax></bndbox></object><object><name>proposal</name><bndbox><xmin>0</xmin><ymin>52</ymin><xmax>800</xmax><ymax>748</ymax></bndbox></object><object><name>proposal</name><bndbox><xmin>246</xmin><ymin>351</ymin><xmax>346</xmax><ymax>138</ymax></bndbox></object><object><name>proposal</name><bndbox><xmin>416</xmin><ymin>342</ymin><xmax>236</xmax><ymax>132</ymax></bndbox></object><object><name>proposal</name><bndbox><xmin>184</xmin><ymin>337</ymin><xmax>270</xmax><ymax>117</ymax></bndbox></object><object><name>proposal</name><bndbox><xmin>86</xmin><ymin>255</ymin><xmax>594</xmax><ymax>165</ymax></bndbox></object><object><name>proposal</name><bndbox><xmin>0</xmin><ymin>250</ymin><xmax>352</xmax><ymax>314</ymax></bndbox></object></annotation>