<annotation><folder>Proposals</folder><filename>img-273.jpg</filename><size><width>720</width><height>720</height><depth>3</depth></size><object><name>proposal</name><bndbox><xmin>202</xmin><ymin>673</ymin><xmax>470</xmax><ymax>127</ymax></bndbox></object><object><name>proposal</name><bndbox><xmin>287</xmin><ymin>347</ymin><xmax>226</xmax><ymax>100</ymax></bndbox></object><object><name>proposal</name><bndbox><xmin>382</xmin><ymin>393</ymin><xmax>72</xmax><ymax>34</ymax></bndbox></object><object><name>proposal</name><bndbox><xmin>365</xmin><ymin>364</ymin><xmax>148</xmax><ymax>77</ymax></bndbox></object><object><name>proposal</name><bndbox><xmin>294</xmin><ymin>642</ymin><xmax>506</xmax><ymax>158</ymax></bndbox></object><object><name>proposal</name><bndbox><xmin>294</xmin><ymin>640</ymin><xmax>506</xmax><ymax>160</ymax></bndbox></object><object><name>proposal</name><bndbox><xmin>405</xmin><ymin>392</ymin><xmax>85</xmax><ymax>32</ymax></bndbox></object><object><name>proposal</name><bndbox><xmin>340</xmin><ymin>378</ymin><xmax>72</xmax><ymax>45</ymax></bndbox></object><object><name>proposal</name><bndbox><xmin>266</xmin><ymin>371</ymin><xmax>146</xmax><ymax>76</ymax></bndbox></object><object><name>proposal</name><bndbox><xmin>410</xmin><ymin>366</ymin><xmax>88</xmax><ymax>39</ymax></bndbox></object><object><name>proposal</name><bndbox><xmin>404</xmin><ymin>680</ymin><xmax>237</xmax><ymax>120</ymax></bndbox></object><object><name>proposal</name><bndbox><xmin>404</xmin><ymin>680</ymin><xmax>229</xmax><ymax>120</ymax></bndbox></object><object><name>proposal</name><bndbox><xmin>309</xmin><ymin>366</ymin><xmax>190</xmax><ymax>81</ymax></bndbox></object><object><name>proposal</name><bndbox><xmin>334</xmin><ymin>347</ymin><xmax>179</xmax><ymax>91</ymax></bndbox></object><object><name>proposal</name><bndbox><xmin>277</xmin><ymin>350</ymin><xmax>221</xmax><ymax>105</ymax></bndbox></object><object><name>proposal</name><bndbox><xmin>400</xmin><ymin>338</ymin><xmax>124</xmax><ymax>86</ymax></bndbox></object><object><name>proposal</name><bndbox><xmin>214</xmin><ymin>640</ymin><xmax>478</xmax><ymax>160</ymax></bndbox></object><object><name>proposal</name><bndbox><xmin>334</xmin><ymin>360</ymin><xmax>179</xmax><ymax>78</ymax></bndbox></object><object><name>proposal</name><bndbox><xmin>266</xmin><ymin>365</ymin><xmax>132</xmax><ymax>90</ymax></bndbox></object><object><name>proposal</name><bndbox><xmin>327</xmin><ymin>347</ymin><xmax>172</xmax><ymax>84</ymax></bndbox></object><object><name>proposal</name><bndbox><xmin>354</xmin><ymin>360</ymin><xmax>144</xmax><ymax>64</ymax></bndbox></object><object><name>proposal</name><bndbox><xmin>265</xmin><ymin>281</ymin><xmax>157</xmax><ymax>157</ymax></bndbox></object><object><name>proposal</name><bndbox><xmin>346</xmin><ymin>347</ymin><xmax>161</xmax><ymax>82</ymax></bndbox></object><object><name>proposal</name><bndbox><xmin>327</xmin><ymin>347</ymin><xmax>172</xmax><ymax>82</ymax></bndbox></object><object><name>proposal</name><bndbox><xmin>310</xmin><ymin>347</ymin><xmax>189</xmax><ymax>84</ymax></bndbox></object><object><name>proposal</name><bndbox><xmin>266</xmin><ymin>365</ymin><xmax>221</xmax><ymax>135</ymax></bndbox></object><object><name>proposal</name><bndbox><xmin>328</xmin><ymin>369</ymin><xmax>83</xmax><ymax>69</ymax></bndbox></object><object><name>proposal</name><bndbox><xmin>266</xmin><ymin>365</ymin><xmax>139</xmax><ymax>90</ymax></bndbox></object><object><name>proposal</name><bndbox><xmin>309</xmin><ymin>364</ymin><xmax>190</xmax><ymax>83</ymax></bndbox></object><object><name>proposal</name><bndbox><xmin>354</xmin><ymin>338</ymin><xmax>144</xmax><ymax>86</ymax></bndbox></object><object><name>proposal</name><bndbox><xmin>406</xmin><ymin>638</ymin><xmax>394</xmax><ymax>162</ymax></bndbox></object><object><name>proposal</name><bndbox><xmin>0</xmin><ymin>269</ymin><xmax>800</xmax><ymax>531</ymax></bndbox></object><object><name>proposal</name><bndbox><xmin>346</xmin><ymin>381</ymin><xmax>65</xmax><ymax>45</ymax></bndbox></object><object><name>proposal</name><bndbox><xmin>320</xmin><ymin>351</ymin><xmax>186</xmax><ymax>75</ymax></bndbox></object><object><name>proposal</name><bndbox><xmin>328</xmin><ymin>369</ymin><xmax>83</xmax><ymax>57</ymax></bndbox></object><object><name>proposal</name><bndbox><xmin>346</xmin><ymin>385</ymin><xmax>66</xmax><ymax>38</ymax></bndbox></object><object><name>proposal</name><bndbox><xmin>334</xmin><ymin>381</ymin><xmax>78</xmax><ymax>57</ymax></bndbox></object><object><name>proposal</name><bndbox><xmin>195</xmin><ymin>674</ymin><xmax>474</xmax><ymax>126</ymax></bndbox></object><object><name>proposal</name><bndbox><xmin>277</xmin><ymin>347</ymin><xmax>236</xmax><ymax>100</ymax></bndbox></object><object><name>proposal</name><bndbox><xmin>340</xmin><ymin>360</ymin><xmax>173</xmax><ymax>64</ymax></bndbox></object><object><name>proposal</name><bndbox><xmin>400</xmin><ymin>347</ymin><xmax>113</xmax><ymax>77</ymax></bndbox></object><object><name>proposal</name><bndbox><xmin>259</xmin><ymin>279</ymin><xmax>164</xmax><ymax>168</ymax></bndbox></object><object><name>proposal</name><bndbox><xmin>294</xmin><ymin>660</ymin><xmax>506</xmax><ymax>140</ymax></bndbox></object><object><name>proposal</name><bndbox><xmin>470</xmin><ymin>640</ymin><xmax>215</xmax><ymax>99</ymax></bndbox></object><object><name>proposal</name><bndbox><xmin>277</xmin><ymin>378</ymin><xmax>128</xmax><ymax>77</ymax></bndbox></object><object><name>proposal</name><bndbox><xmin>0</xmin><ymin>577</ymin><xmax>800</xmax><ymax>223</ymax></bndbox></object><object><name>proposal</name><bndbox><xmin>334</xmin><ymin>367</ymin><xmax>173</xmax><ymax>71</ymax></bndbox></object><object><name>proposal</name><bndbox><xmin>319</xmin><ymin>282</ymin><xmax>264</xmax><ymax>159</ymax></bndbox></object><object><name>proposal</name><bndbox><xmin>266</xmin><ymin>330</ymin><xmax>155</xmax><ymax>125</ymax></bndbox></object><object><name>proposal</name><bndbox><xmin>400</xmin><ymin>372</ymin><xmax>98</xmax><ymax>63</ymax></bndbox></object><object><name>proposal</name><bndbox><xmin>346</xmin><ymin>366</ymin><xmax>163</xmax><ymax>65</ymax></bndbox></object><object><name>proposal</name><bndbox><xmin>0</xmin><ymin>553</ymin><xmax>642</xmax><ymax>247</ymax></bndbox></object><object><name>proposal</name><bndbox><xmin>334</xmin><ymin>369</ymin><xmax>173</xmax><ymax>69</ymax></bndbox></object><object><name>proposal</name><bndbox><xmin>610</xmin><ymin>638</ymin><xmax>190</xmax><ymax>162</ymax></bndbox></object><object><name>proposal</name><bndbox><xmin>256</xmin><ymin>279</ymin><xmax>166</xmax><ymax>173</ymax></bndbox></object><object><name>proposal</name><bndbox><xmin>365</xmin><ymin>366</ymin><xmax>133</xmax><ymax>52</ymax></bndbox></object><object><name>proposal</name><bndbox><xmin>299</xmin><ymin>364</ymin><xmax>110</xmax><ymax>31</ymax></bndbox></object><object><name>proposal</name><bndbox><xmin>265</xmin><ymin>369</ymin><xmax>146</xmax><ymax>78</ymax></bndbox></object><object><name>proposal</name><bndbox><xmin>266</xmin><ymin>366</ymin><xmax>232</xmax><ymax>86</ymax></bndbox></object><object><name>proposal</name><bndbox><xmin>382</xmin><ymin>389</ymin><xmax>125</xmax><ymax>39</ymax></bndbox></object><object><name>proposal</name><bndbox><xmin>310</xmin><ymin>365</ymin><xmax>87</xmax><ymax>37</ymax></bndbox></object><object><name>proposal</name><bndbox><xmin>266</xmin><ymin>360</ymin><xmax>241</xmax><ymax>87</ymax></bndbox></object><object><name>proposal</name><bndbox><xmin>287</xmin><ymin>371</ymin><xmax>125</xmax><ymax>67</ymax></bndbox></object><object><name>proposal</name><bndbox><xmin>258</xmin><ymin>277</ymin><xmax>173</xmax><ymax>170</ymax></bndbox></object><object><name>proposal</name><bndbox><xmin>325</xmin><ymin>375</ymin><xmax>80</xmax><ymax>75</ymax></bndbox></object><object><name>proposal</name><bndbox><xmin>328</xmin><ymin>375</ymin><xmax>70</xmax><ymax>43</ymax></bndbox></object><object><name>proposal</name><bndbox><xmin>405</xmin><ymin>376</ymin><xmax>76</xmax><ymax>46</ymax></bndbox></object><object><name>proposal</name><bndbox><xmin>328</xmin><ymin>364</ymin><xmax>179</xmax><ymax>65</ymax></bndbox></object><object><name>proposal</name><bndbox><xmin>312</xmin><ymin>347</ymin><xmax>187</xmax><ymax>84</ymax></bndbox></object><object><name>proposal</name><bndbox><xmin>328</xmin><ymin>347</ymin><xmax>179</xmax><ymax>82</ymax></bndbox></object><object><name>proposal</name><bndbox><xmin>280</xmin><ymin>364</ymin><xmax>219</xmax><ymax>74</ymax></bndbox></object><object><name>proposal</name><bndbox><xmin>266</xmin><ymin>367</ymin><xmax>143</xmax><ymax>80</ymax></bndbox></object><object><name>proposal</name><bndbox><xmin>400</xmin><ymin>360</ymin><xmax>107</xmax><ymax>70</ymax></bndbox></object><object><name>proposal</name><bndbox><xmin>0</xmin><ymin>553</ymin><xmax>506</xmax><ymax>247</ymax></bndbox></object><object><name>proposal</name><bndbox><xmin>328</xmin><ymin>366</ymin><xmax>170</xmax><ymax>63</ymax></bndbox></object><object><name>proposal</name><bndbox><xmin>365</xmin><ymin>364</ymin><xmax>56</xmax><ymax>48</ymax></bndbox></object><object><name>proposal</name><bndbox><xmin>299</xmin><ymin>365</ymin><xmax>204</xmax><ymax>64</ymax></bndbox></object><object><name>proposal</name><bndbox><xmin>0</xmin><ymin>602</ymin><xmax>480</xmax><ymax>198</ymax></bndbox></object><object><name>proposal</name><bndbox><xmin>400</xmin><ymin>372</ymin><xmax>98</xmax><ymax>50</ymax></bndbox></object><object><name>proposal</name><bndbox><xmin>334</xmin><ymin>360</ymin><xmax>173</xmax><ymax>78</ymax></bndbox></object><object><name>proposal</name><bndbox><xmin>277</xmin><ymin>367</ymin><xmax>135</xmax><ymax>80</ymax></bndbox></object><object><name>proposal</name><bndbox><xmin>340</xmin><ymin>282</ymin><xmax>243</xmax><ymax>159</ymax></bndbox></object><object><name>proposal</name><bndbox><xmin>346</xmin><ymin>351</ymin><xmax>163</xmax><ymax>80</ymax></bndbox></object><object><name>proposal</name><bndbox><xmin>334</xmin><ymin>372</ymin><xmax>173</xmax><ymax>66</ymax></bndbox></object><object><name>proposal</name><bndbox><xmin>328</xmin><ymin>351</ymin><xmax>178</xmax><ymax>75</ymax></bndbox></object><object><name>proposal</name><bndbox><xmin>266</xmin><ymin>364</ymin><xmax>137</xmax><ymax>88</ymax></bndbox></object><object><name>proposal</name><bndbox><xmin>346</xmin><ymin>371</ymin><xmax>167</xmax><ymax>53</ymax></bndbox></object><object><name>proposal</name><bndbox><xmin>265</xmin><ymin>369</ymin><xmax>188</xmax><ymax>78</ymax></bndbox></object><object><name>proposal</name><bndbox><xmin>258</xmin><ymin>277</ymin><xmax>255</xmax><ymax>170</ymax></bndbox></object><object><name>proposal</name><bndbox><xmin>318</xmin><ymin>347</ymin><xmax>181</xmax><ymax>89</ymax></bndbox></object><object><name>proposal</name><bndbox><xmin>365</xmin><ymin>367</ymin><xmax>56</xmax><ymax>45</ymax></bndbox></object><object><name>proposal</name><bndbox><xmin>299</xmin><ymin>360</ymin><xmax>204</xmax><ymax>72</ymax></bndbox></object><object><name>proposal</name><bndbox><xmin>332</xmin><ymin>360</ymin><xmax>171</xmax><ymax>72</ymax></bndbox></object><object><name>proposal</name><bndbox><xmin>365</xmin><ymin>367</ymin><xmax>107</xmax><ymax>51</ymax></bndbox></object><object><name>proposal</name><bndbox><xmin>319</xmin><ymin>287</ymin><xmax>180</xmax><ymax>149</ymax></bndbox></object><object><name>proposal</name><bndbox><xmin>400</xmin><ymin>351</ymin><xmax>109</xmax><ymax>80</ymax></bndbox></object><object><name>proposal</name><bndbox><xmin>400</xmin><ymin>370</ymin><xmax>113</xmax><ymax>54</ymax></bndbox></object><object><name>proposal</name><bndbox><xmin>406</xmin><ymin>665</ymin><xmax>236</xmax><ymax>135</ymax></bndbox></object><object><name>proposal</name><bndbox><xmin>365</xmin><ymin>367</ymin><xmax>116</xmax><ymax>55</ymax></bndbox></object><object><name>proposal</name><bndbox><xmin>265</xmin><ymin>351</ymin><xmax>244</xmax><ymax>96</ymax></bndbox></object><object><name>proposal</name><bndbox><xmin>266</xmin><ymin>331</ymin><xmax>150</xmax><ymax>87</ymax></bndbox></object><object><name>proposal</name><bndbox><xmin>346</xmin><ymin>366</ymin><xmax>161</xmax><ymax>63</ymax></bndbox></object><object><name>proposal</name><bndbox><xmin>280</xmin><ymin>365</ymin><xmax>219</xmax><ymax>82</ymax></bndbox></object><object><name>proposal</name><bndbox><xmin>280</xmin><ymin>365</ymin><xmax>219</xmax><ymax>73</ymax></bndbox></object><object><name>proposal</name><bndbox><xmin>365</xmin><ymin>338</ymin><xmax>133</xmax><ymax>80</ymax></bndbox></object><object><name>proposal</name><bndbox><xmin>327</xmin><ymin>347</ymin><xmax>172</xmax><ymax>83</ymax></bndbox></object><object><name>proposal</name><bndbox><xmin>266</xmin><ymin>365</ymin><xmax>139</xmax><ymax>85</ymax></bndbox></object><object><name>proposal</name><bndbox><xmin>299</xmin><ymin>364</ymin><xmax>110</xmax><ymax>35</ymax></bndbox></object><object><name>proposal</name><bndbox><xmin>267</xmin><ymin>280</ymin><xmax>164</xmax><ymax>151</ymax></bndbox></object><object><name>proposal</name><bndbox><xmin>310</xmin><ymin>347</ymin><xmax>189</xmax><ymax>89</ymax></bndbox></object><object><name>proposal</name><bndbox><xmin>400</xmin><ymin>288</ymin><xmax>153</xmax><ymax>143</ymax></bndbox></object><object><name>proposal</name><bndbox><xmin>320</xmin><ymin>366</ymin><xmax>179</xmax><ymax>72</ymax></bndbox></object><object><name>proposal</name><bndbox><xmin>210</xmin><ymin>675</ymin><xmax>459</xmax><ymax>125</ymax></bndbox></object><object><name>proposal</name><bndbox><xmin>314</xmin><ymin>330</ymin><xmax>107</xmax><ymax>101</ymax></bndbox></object><object><name>proposal</name><bndbox><xmin>322</xmin><ymin>351</ymin><xmax>184</xmax><ymax>87</ymax></bndbox></object><object><name>proposal</name><bndbox><xmin>334</xmin><ymin>385</ymin><xmax>78</xmax><ymax>53</ymax></bndbox></object><object><name>proposal</name><bndbox><xmin>0</xmin><ymin>396</ymin><xmax>697</xmax><ymax>404</ymax></bndbox></object><object><name>proposal</name><bndbox><xmin>328</xmin><ymin>364</ymin><xmax>81</xmax><ymax>35</ymax></bndbox></object><object><name>proposal</name><bndbox><xmin>328</xmin><ymin>367</ymin><xmax>84</xmax><ymax>71</ymax></bndbox></object><object><name>proposal</name><bndbox><xmin>346</xmin><ymin>364</ymin><xmax>75</xmax><ymax>67</ymax></bndbox></object><object><name>proposal</name><bndbox><xmin>281</xmin><ymin>371</ymin><xmax>130</xmax><ymax>67</ymax></bndbox></object><object><name>proposal</name><bndbox><xmin>328</xmin><ymin>360</ymin><xmax>175</xmax><ymax>70</ymax></bndbox></object><object><name>proposal</name><bndbox><xmin>346</xmin><ymin>347</ymin><xmax>152</xmax><ymax>82</ymax></bndbox></object><object><name>proposal</name><bndbox><xmin>400</xmin><ymin>338</ymin><xmax>98</xmax><ymax>86</ymax></bndbox></object><object><name>proposal</name><bndbox><xmin>210</xmin><ymin>674</ymin><xmax>459</xmax><ymax>126</ymax></bndbox></object><object><name>proposal</name><bndbox><xmin>262</xmin><ymin>281</ymin><xmax>191</xmax><ymax>166</ymax></bndbox></object><object><name>proposal</name><bndbox><xmin>354</xmin><ymin>350</ymin><xmax>144</xmax><ymax>74</ymax></bndbox></object><object><name>proposal</name><bndbox><xmin>400</xmin><ymin>371</ymin><xmax>98</xmax><ymax>47</ymax></bndbox></object><object><name>proposal</name><bndbox><xmin>266</xmin><ymin>364</ymin><xmax>241</xmax><ymax>88</ymax></bndbox></object><object><name>proposal</name><bndbox><xmin>281</xmin><ymin>371</ymin><xmax>130</xmax><ymax>76</ymax></bndbox></object><object><name>proposal</name><bndbox><xmin>404</xmin><ymin>680</ymin><xmax>244</xmax><ymax>120</ymax></bndbox></object><object><name>proposal</name><bndbox><xmin>294</xmin><ymin>638</ymin><xmax>506</xmax><ymax>162</ymax></bndbox></object><object><name>proposal</name><bndbox><xmin>382</xmin><ymin>389</ymin><xmax>125</xmax><ymax>58</ymax></bndbox></object><object><name>proposal</name><bndbox><xmin>299</xmin><ymin>364</ymin><xmax>200</xmax><ymax>83</ymax></bndbox></object><object><name>proposal</name><bndbox><xmin>195</xmin><ymin>675</ymin><xmax>474</xmax><ymax>125</ymax></bndbox></object><object><name>proposal</name><bndbox><xmin>319</xmin><ymin>347</ymin><xmax>180</xmax><ymax>89</ymax></bndbox></object><object><name>proposal</name><bndbox><xmin>340</xmin><ymin>367</ymin><xmax>173</xmax><ymax>57</ymax></bndbox></object><object><name>proposal</name><bndbox><xmin>259</xmin><ymin>279</ymin><xmax>248</xmax><ymax>168</ymax></bndbox></object><object><name>proposal</name><bndbox><xmin>346</xmin><ymin>381</ymin><xmax>107</xmax><ymax>45</ymax></bndbox></object><object><name>proposal</name><bndbox><xmin>406</xmin><ymin>701</ymin><xmax>212</xmax><ymax>99</ymax></bndbox></object><object><name>proposal</name><bndbox><xmin>328</xmin><ymin>369</ymin><xmax>81</xmax><ymax>32</ymax></bndbox></object><object><name>proposal</name><bndbox><xmin>266</xmin><ymin>371</ymin><xmax>146</xmax><ymax>67</ymax></bndbox></object><object><name>proposal</name><bndbox><xmin>351</xmin><ymin>338</ymin><xmax>173</xmax><ymax>162</ymax></bndbox></object><object><name>proposal</name><bndbox><xmin>328</xmin><ymin>364</ymin><xmax>75</xmax><ymax>37</ymax></bndbox></object><object><name>proposal</name><bndbox><xmin>328</xmin><ymin>360</ymin><xmax>179</xmax><ymax>78</ymax></bndbox></object><object><name>proposal</name><bndbox><xmin>320</xmin><ymin>360</ymin><xmax>183</xmax><ymax>78</ymax></bndbox></object><object><name>proposal</name><bndbox><xmin>365</xmin><ymin>338</ymin><xmax>159</xmax><ymax>103</ymax></bndbox></object><object><name>proposal</name><bndbox><xmin>320</xmin><ymin>366</ymin><xmax>183</xmax><ymax>72</ymax></bndbox></object><object><name>proposal</name><bndbox><xmin>265</xmin><ymin>369</ymin><xmax>146</xmax><ymax>69</ymax></bndbox></object><object><name>proposal</name><bndbox><xmin>406</xmin><ymin>640</ymin><xmax>279</xmax><ymax>160</ymax></bndbox></object><object><name>proposal</name><bndbox><xmin>214</xmin><ymin>701</ymin><xmax>478</xmax><ymax>99</ymax></bndbox></object><object><name>proposal</name><bndbox><xmin>259</xmin><ymin>280</ymin><xmax>164</xmax><ymax>167</ymax></bndbox></object><object><name>proposal</name><bndbox><xmin>281</xmin><ymin>351</ymin><xmax>228</xmax><ymax>96</ymax></bndbox></object><object><name>proposal</name><bndbox><xmin>410</xmin><ymin>376</ymin><xmax>62</xmax><ymax>46</ymax></bndbox></object><object><name>proposal</name><bndbox><xmin>328</xmin><ymin>364</ymin><xmax>100</xmax><ymax>33</ymax></bndbox></object><object><name>proposal</name><bndbox><xmin>299</xmin><ymin>360</ymin><xmax>204</xmax><ymax>70</ymax></bndbox></object><object><name>proposal</name><bndbox><xmin>400</xmin><ymin>338</ymin><xmax>124</xmax><ymax>103</ymax></bndbox></object><object><name>proposal</name><bndbox><xmin>262</xmin><ymin>281</ymin><xmax>160</xmax><ymax>166</ymax></bndbox></object><object><name>proposal</name><bndbox><xmin>400</xmin><ymin>360</ymin><xmax>113</xmax><ymax>64</ymax></bndbox></object><object><name>proposal</name><bndbox><xmin>346</xmin><ymin>347</ymin><xmax>161</xmax><ymax>100</ymax></bndbox></object><object><name>proposal</name><bndbox><xmin>365</xmin><ymin>364</ymin><xmax>107</xmax><ymax>48</ymax></bndbox></object><object><name>proposal</name><bndbox><xmin>345</xmin><ymin>366</ymin><xmax>158</xmax><ymax>63</ymax></bndbox></object><object><name>proposal</name><bndbox><xmin>259</xmin><ymin>260</ymin><xmax>248</xmax><ymax>187</ymax></bndbox></object><object><name>proposal</name><bndbox><xmin>365</xmin><ymin>367</ymin><xmax>116</xmax><ymax>57</ymax></bndbox></object><object><name>proposal</name><bndbox><xmin>405</xmin><ymin>376</ymin><xmax>67</xmax><ymax>46</ymax></bndbox></object><object><name>proposal</name><bndbox><xmin>266</xmin><ymin>347</ymin><xmax>241</xmax><ymax>105</ymax></bndbox></object><object><name>proposal</name><bndbox><xmin>400</xmin><ymin>372</ymin><xmax>107</xmax><ymax>58</ymax></bndbox></object><object><name>proposal</name><bndbox><xmin>334</xmin><ymin>357</ymin><xmax>173</xmax><ymax>81</ymax></bndbox></object><object><name>proposal</name><bndbox><xmin>328</xmin><ymin>369</ymin><xmax>125</xmax><ymax>69</ymax></bndbox></object><object><name>proposal</name><bndbox><xmin>299</xmin><ymin>360</ymin><xmax>204</xmax><ymax>78</ymax></bndbox></object><object><name>proposal</name><bndbox><xmin>266</xmin><ymin>357</ymin><xmax>241</xmax><ymax>90</ymax></bndbox></object><object><name>proposal</name><bndbox><xmin>320</xmin><ymin>347</ymin><xmax>179</xmax><ymax>85</ymax></bndbox></object><object><name>proposal</name><bndbox><xmin>266</xmin><ymin>330</ymin><xmax>258</xmax><ymax>170</ymax></bndbox></object><object><name>proposal</name><bndbox><xmin>419</xmin><ymin>360</ymin><xmax>79</xmax><ymax>39</ymax></bndbox></object><object><name>proposal</name><bndbox><xmin>259</xmin><ymin>280</ymin><xmax>164</xmax><ymax>158</ymax></bndbox></object><object><name>proposal</name><bndbox><xmin>346</xmin><ymin>381</ymin><xmax>66</xmax><ymax>42</ymax></bndbox></object><object><name>proposal</name><bndbox><xmin>287</xmin><ymin>371</ymin><xmax>125</xmax><ymax>76</ymax></bndbox></object><object><name>proposal</name><bndbox><xmin>195</xmin><ymin>649</ymin><xmax>485</xmax><ymax>151</ymax></bndbox></object><object><name>proposal</name><bndbox><xmin>354</xmin><ymin>338</ymin><xmax>159</xmax><ymax>103</ymax></bndbox></object><object><name>proposal</name><bndbox><xmin>334</xmin><ymin>351</ymin><xmax>175</xmax><ymax>87</ymax></bndbox></object><object><name>proposal</name><bndbox><xmin>346</xmin><ymin>366</ymin><xmax>152</xmax><ymax>63</ymax></bndbox></object><object><name>proposal</name><bndbox><xmin>406</xmin><ymin>660</ymin><xmax>394</xmax><ymax>140</ymax></bndbox></object><object><name>proposal</name><bndbox><xmin>214</xmin><ymin>638</ymin><xmax>586</xmax><ymax>162</ymax></bndbox></object><object><name>proposal</name><bndbox><xmin>365</xmin><ymin>354</ymin><xmax>133</xmax><ymax>64</ymax></bndbox></object><object><name>proposal</name><bndbox><xmin>345</xmin><ymin>364</ymin><xmax>154</xmax><ymax>65</ymax></bndbox></object><object><name>proposal</name><bndbox><xmin>610</xmin><ymin>642</ymin><xmax>190</xmax><ymax>158</ymax></bndbox></object><object><name>proposal</name><bndbox><xmin>406</xmin><ymin>640</ymin><xmax>394</xmax><ymax>160</ymax></bndbox></object><object><name>proposal</name><bndbox><xmin>299</xmin><ymin>365</ymin><xmax>204</xmax><ymax>73</ymax></bndbox></object><object><name>proposal</name><bndbox><xmin>210</xmin><ymin>267</ymin><xmax>297</xmax><ymax>185</ymax></bndbox></object><object><name>proposal</name><bndbox><xmin>400</xmin><ymin>366</ymin><xmax>109</xmax><ymax>65</ymax></bndbox></object><object><name>proposal</name><bndbox><xmin>266</xmin><ymin>366</ymin><xmax>241</xmax><ymax>86</ymax></bndbox></object><object><name>proposal</name><bndbox><xmin>267</xmin><ymin>280</ymin><xmax>164</xmax><ymax>167</ymax></bndbox></object><object><name>proposal</name><bndbox><xmin>0</xmin><ymin>241</ymin><xmax>800</xmax><ymax>559</ymax></bndbox></object><object><name>proposal</name><bndbox><xmin>259</xmin><ymin>279</ymin><xmax>164</xmax><ymax>159</ymax></bndbox></object><object><name>proposal</name><bndbox><xmin>320</xmin><ymin>287</ymin><xmax>179</xmax><ymax>143</ymax></bndbox></object><object><name>proposal</name><bndbox><xmin>328</xmin><ymin>351</ymin><xmax>178</xmax><ymax>81</ymax></bndbox></object><object><name>proposal</name><bndbox><xmin>610</xmin><ymin>640</ymin><xmax>190</xmax><ymax>160</ymax></bndbox></object><object><name>proposal</name><bndbox><xmin>328</xmin><ymin>357</ymin><xmax>179</xmax><ymax>81</ymax></bndbox></object><object><name>proposal</name><bndbox><xmin>567</xmin><ymin>638</ymin><xmax>233</xmax><ymax>162</ymax></bndbox></object><object><name>proposal</name><bndbox><xmin>266</xmin><ymin>366</ymin><xmax>113</xmax><ymax>81</ymax></bndbox></object><object><name>proposal</name><bndbox><xmin>299</xmin><ymin>365</ymin><xmax>200</xmax><ymax>82</ymax></bndbox></object><object><name>proposal</name><bndbox><xmin>267</xmin><ymin>280</ymin><xmax>160</xmax><ymax>151</ymax></bndbox></object><object><name>proposal</name><bndbox><xmin>266</xmin><ymin>357</ymin><xmax>241</xmax><ymax>81</ymax></bndbox></object><object><name>proposal</name><bndbox><xmin>400</xmin><ymin>360</ymin><xmax>107</xmax><ymax>75</ymax></bndbox></object><object><name>proposal</name><bndbox><xmin>334</xmin><ymin>381</ymin><xmax>119</xmax><ymax>57</ymax></bndbox></object><object><name>proposal</name><bndbox><xmin>281</xmin><ymin>369</ymin><xmax>130</xmax><ymax>69</ymax></bndbox></object><object><name>proposal</name><bndbox><xmin>280</xmin><ymin>364</ymin><xmax>219</xmax><ymax>83</ymax></bndbox></object><object><name>proposal</name><bndbox><xmin>346</xmin><ymin>378</ymin><xmax>59</xmax><ymax>53</ymax></bndbox></object><object><name>proposal</name><bndbox><xmin>0</xmin><ymin>602</ymin><xmax>800</xmax><ymax>198</ymax></bndbox></object><object><name>proposal</name><bndbox><xmin>0</xmin><ymin>396</ymin><xmax>800</xmax><ymax>404</ymax></bndbox></object><object><name>proposal</name><bndbox><xmin>400</xmin><ymin>355</ymin><xmax>109</xmax><ymax>76</ymax></bndbox></object><object><name>proposal</name><bndbox><xmin>365</xmin><ymin>338</ymin><xmax>133</xmax><ymax>86</ymax></bndbox></object><object><name>proposal</name><bndbox><xmin>266</xmin><ymin>331</ymin><xmax>150</xmax><ymax>124</ymax></bndbox></object><object><name>proposal</name><bndbox><xmin>345</xmin><ymin>366</ymin><xmax>154</xmax><ymax>63</ymax></bndbox></object><object><name>proposal</name><bndbox><xmin>299</xmin><ymin>364</ymin><xmax>200</xmax><ymax>65</ymax></bndbox></object><object><name>proposal</name><bndbox><xmin>400</xmin><ymin>371</ymin><xmax>113</xmax><ymax>53</ymax></bndbox></object><object><name>proposal</name><bndbox><xmin>400</xmin><ymin>360</ymin><xmax>98</xmax><ymax>75</ymax></bndbox></object><object><name>proposal</name><bndbox><xmin>266</xmin><ymin>366</ymin><xmax>113</xmax><ymax>72</ymax></bndbox></object><object><name>proposal</name><bndbox><xmin>328</xmin><ymin>367</ymin><xmax>81</xmax><ymax>34</ymax></bndbox></object><object><name>proposal</name><bndbox><xmin>0</xmin><ymin>577</ymin><xmax>480</xmax><ymax>223</ymax></bndbox></object><object><name>proposal</name><bndbox><xmin>354</xmin><ymin>367</ymin><xmax>127</xmax><ymax>57</ymax></bndbox></object><object><name>proposal</name><bndbox><xmin>427</xmin><ymin>640</ymin><xmax>258</xmax><ymax>131</ymax></bndbox></object><object><name>proposal</name><bndbox><xmin>406</xmin><ymin>701</ymin><xmax>286</xmax><ymax>99</ymax></bndbox></object><object><name>proposal</name><bndbox><xmin>0</xmin><ymin>259</ymin><xmax>800</xmax><ymax>541</ymax></bndbox></object><object><name>proposal</name><bndbox><xmin>334</xmin><ymin>381</ymin><xmax>120</xmax><ymax>57</ymax></bndbox></object><object><name>proposal</name><bndbox><xmin>312</xmin><ymin>347</ymin><xmax>187</xmax><ymax>89</ymax></bndbox></object><object><name>proposal</name><bndbox><xmin>405</xmin><ymin>392</ymin><xmax>108</xmax><ymax>49</ymax></bndbox></object><object><name>proposal</name><bndbox><xmin>195</xmin><ymin>669</ymin><xmax>474</xmax><ymax>131</ymax></bndbox></object><object><name>proposal</name><bndbox><xmin>346</xmin><ymin>347</ymin><xmax>161</xmax><ymax>85</ymax></bndbox></object><object><name>proposal</name><bndbox><xmin>400</xmin><ymin>372</ymin><xmax>107</xmax><ymax>63</ymax></bndbox></object><object><name>proposal</name><bndbox><xmin>354</xmin><ymin>282</ymin><xmax>229</xmax><ymax>159</ymax></bndbox></object><object><name>proposal</name><bndbox><xmin>405</xmin><ymin>376</ymin><xmax>67</xmax><ymax>42</ymax></bndbox></object><object><name>proposal</name><bndbox><xmin>610</xmin><ymin>660</ymin><xmax>190</xmax><ymax>140</ymax></bndbox></object><object><name>proposal</name><bndbox><xmin>328</xmin><ymin>351</ymin><xmax>181</xmax><ymax>87</ymax></bndbox></object><object><name>proposal</name><bndbox><xmin>328</xmin><ymin>360</ymin><xmax>175</xmax><ymax>74</ymax></bndbox></object><object><name>proposal</name><bndbox><xmin>319</xmin><ymin>351</ymin><xmax>187</xmax><ymax>75</ymax></bndbox></object><object><name>proposal</name><bndbox><xmin>346</xmin><ymin>369</ymin><xmax>161</xmax><ymax>69</ymax></bndbox></object><object><name>proposal</name><bndbox><xmin>405</xmin><ymin>366</ymin><xmax>93</xmax><ymax>58</ymax></bndbox></object><object><name>proposal</name><bndbox><xmin>265</xmin><ymin>281</ymin><xmax>364</xmax><ymax>157</ymax></bndbox></object><object><name>proposal</name><bndbox><xmin>262</xmin><ymin>281</ymin><xmax>291</xmax><ymax>166</ymax></bndbox></object><object><name>proposal</name><bndbox><xmin>400</xmin><ymin>338</ymin><xmax>124</xmax><ymax>61</ymax></bndbox></object><object><name>proposal</name><bndbox><xmin>328</xmin><ymin>347</ymin><xmax>185</xmax><ymax>91</ymax></bndbox></object><object><name>proposal</name><bndbox><xmin>299</xmin><ymin>364</ymin><xmax>200</xmax><ymax>74</ymax></bndbox></object><object><name>proposal</name><bndbox><xmin>320</xmin><ymin>347</ymin><xmax>179</xmax><ymax>83</ymax></bndbox></object><object><name>proposal</name><bndbox><xmin>320</xmin><ymin>364</ymin><xmax>179</xmax><ymax>74</ymax></bndbox></object><object><name>proposal</name><bndbox><xmin>310</xmin><ymin>364</ymin><xmax>99</xmax><ymax>38</ymax></bndbox></object><object><name>proposal</name><bndbox><xmin>400</xmin><ymin>370</ymin><xmax>98</xmax><ymax>48</ymax></bndbox></object><object><name>proposal</name><bndbox><xmin>319</xmin><ymin>351</ymin><xmax>187</xmax><ymax>85</ymax></bndbox></object><object><name>proposal</name><bndbox><xmin>319</xmin><ymin>347</ymin><xmax>180</xmax><ymax>83</ymax></bndbox></object><object><name>proposal</name><bndbox><xmin>266</xmin><ymin>367</ymin><xmax>146</xmax><ymax>80</ymax></bndbox></object><object><name>proposal</name><bndbox><xmin>299</xmin><ymin>360</ymin><xmax>204</xmax><ymax>74</ymax></bndbox></object><object><name>proposal</name><bndbox><xmin>328</xmin><ymin>367</ymin><xmax>84</xmax><ymax>56</ymax></bndbox></object><object><name>proposal</name><bndbox><xmin>220</xmin><ymin>673</ymin><xmax>452</xmax><ymax>127</ymax></bndbox></object><object><name>proposal</name><bndbox><xmin>404</xmin><ymin>673</ymin><xmax>268</xmax><ymax>127</ymax></bndbox></object><object><name>proposal</name><bndbox><xmin>328</xmin><ymin>347</ymin><xmax>179</xmax><ymax>100</ymax></bndbox></object><object><name>proposal</name><bndbox><xmin>346</xmin><ymin>357</ymin><xmax>161</xmax><ymax>81</ymax></bndbox></object><object><name>proposal</name><bndbox><xmin>400</xmin><ymin>347</ymin><xmax>98</xmax><ymax>71</ymax></bndbox></object></annotation>