<annotation><folder>Proposals</folder><filename>img-154.jpg</filename><size><width>720</width><height>720</height><depth>3</depth></size><object><name>proposal</name><bndbox><xmin>287</xmin><ymin>167</ymin><xmax>339</xmax><ymax>285</ymax></bndbox></object><object><name>proposal</name><bndbox><xmin>409</xmin><ymin>226</ymin><xmax>391</xmax><ymax>535</ymax></bndbox></object><object><name>proposal</name><bndbox><xmin>258</xmin><ymin>478</ymin><xmax>408</xmax><ymax>247</ymax></bndbox></object><object><name>proposal</name><bndbox><xmin>66</xmin><ymin>255</ymin><xmax>360</xmax><ymax>218</ymax></bndbox></object><object><name>proposal</name><bndbox><xmin>119</xmin><ymin>271</ymin><xmax>549</xmax><ymax>457</ymax></bndbox></object><object><name>proposal</name><bndbox><xmin>150</xmin><ymin>363</ymin><xmax>447</xmax><ymax>175</ymax></bndbox></object><object><name>proposal</name><bndbox><xmin>0</xmin><ymin>0</ymin><xmax>800</xmax><ymax>704</ymax></bndbox></object><object><name>proposal</name><bndbox><xmin>196</xmin><ymin>474</ymin><xmax>604</xmax><ymax>326</ymax></bndbox></object><object><name>proposal</name><bndbox><xmin>0</xmin><ymin>189</ymin><xmax>800</xmax><ymax>611</ymax></bndbox></object><object><name>proposal</name><bndbox><xmin>0</xmin><ymin>0</ymin><xmax>800</xmax><ymax>479</ymax></bndbox></object><object><name>proposal</name><bndbox><xmin>291</xmin><ymin>495</ymin><xmax>357</xmax><ymax>230</ymax></bndbox></object><object><name>proposal</name><bndbox><xmin>182</xmin><ymin>271</ymin><xmax>232</xmax><ymax>190</ymax></bndbox></object><object><name>proposal</name><bndbox><xmin>257</xmin><ymin>529</ymin><xmax>409</xmax><ymax>183</ymax></bndbox></object><object><name>proposal</name><bndbox><xmin>154</xmin><ymin>260</ymin><xmax>489</xmax><ymax>294</ymax></bndbox></object><object><name>proposal</name><bndbox><xmin>297</xmin><ymin>159</ymin><xmax>308</xmax><ymax>285</ymax></bndbox></object><object><name>proposal</name><bndbox><xmin>0</xmin><ymin>257</ymin><xmax>482</xmax><ymax>173</ymax></bndbox></object><object><name>proposal</name><bndbox><xmin>248</xmin><ymin>524</ymin><xmax>418</xmax><ymax>205</ymax></bndbox></object><object><name>proposal</name><bndbox><xmin>257</xmin><ymin>554</ymin><xmax>334</xmax><ymax>172</ymax></bndbox></object><object><name>proposal</name><bndbox><xmin>326</xmin><ymin>490</ymin><xmax>345</xmax><ymax>235</ymax></bndbox></object><object><name>proposal</name><bndbox><xmin>257</xmin><ymin>478</ymin><xmax>292</xmax><ymax>205</ymax></bndbox></object><object><name>proposal</name><bndbox><xmin>291</xmin><ymin>495</ymin><xmax>376</xmax><ymax>230</ymax></bndbox></object><object><name>proposal</name><bndbox><xmin>246</xmin><ymin>486</ymin><xmax>425</xmax><ymax>239</ymax></bndbox></object><object><name>proposal</name><bndbox><xmin>182</xmin><ymin>362</ymin><xmax>382</xmax><ymax>245</ymax></bndbox></object><object><name>proposal</name><bndbox><xmin>339</xmin><ymin>524</ymin><xmax>327</xmax><ymax>210</ymax></bndbox></object><object><name>proposal</name><bndbox><xmin>0</xmin><ymin>257</ymin><xmax>604</xmax><ymax>248</ymax></bndbox></object><object><name>proposal</name><bndbox><xmin>0</xmin><ymin>167</ymin><xmax>800</xmax><ymax>633</ymax></bndbox></object><object><name>proposal</name><bndbox><xmin>154</xmin><ymin>411</ymin><xmax>346</xmax><ymax>196</ymax></bndbox></object><object><name>proposal</name><bndbox><xmin>50</xmin><ymin>257</ymin><xmax>514</xmax><ymax>350</ymax></bndbox></object><object><name>proposal</name><bndbox><xmin>333</xmin><ymin>478</ymin><xmax>216</xmax><ymax>235</ymax></bndbox></object><object><name>proposal</name><bndbox><xmin>45</xmin><ymin>257</ymin><xmax>465</xmax><ymax>204</ymax></bndbox></object><object><name>proposal</name><bndbox><xmin>119</xmin><ymin>257</ymin><xmax>540</xmax><ymax>281</ymax></bndbox></object><object><name>proposal</name><bndbox><xmin>157</xmin><ymin>271</ymin><xmax>315</xmax><ymax>176</ymax></bndbox></object><object><name>proposal</name><bndbox><xmin>257</xmin><ymin>524</ymin><xmax>368</xmax><ymax>221</ymax></bndbox></object><object><name>proposal</name><bndbox><xmin>258</xmin><ymin>486</ymin><xmax>408</xmax><ymax>224</ymax></bndbox></object><object><name>proposal</name><bndbox><xmin>0</xmin><ymin>541</ymin><xmax>576</xmax><ymax>259</ymax></bndbox></object><object><name>proposal</name><bndbox><xmin>0</xmin><ymin>0</ymin><xmax>800</xmax><ymax>505</ymax></bndbox></object><object><name>proposal</name><bndbox><xmin>177</xmin><ymin>257</ymin><xmax>333</xmax><ymax>207</ymax></bndbox></object><object><name>proposal</name><bndbox><xmin>0</xmin><ymin>257</ymin><xmax>800</xmax><ymax>543</ymax></bndbox></object><object><name>proposal</name><bndbox><xmin>0</xmin><ymin>275</ymin><xmax>359</xmax><ymax>340</ymax></bndbox></object><object><name>proposal</name><bndbox><xmin>0</xmin><ymin>411</ymin><xmax>500</xmax><ymax>211</ymax></bndbox></object><object><name>proposal</name><bndbox><xmin>355</xmin><ymin>496</ymin><xmax>318</xmax><ymax>252</ymax></bndbox></object><object><name>proposal</name><bndbox><xmin>326</xmin><ymin>490</ymin><xmax>339</xmax><ymax>235</ymax></bndbox></object><object><name>proposal</name><bndbox><xmin>256</xmin><ymin>499</ymin><xmax>544</xmax><ymax>243</ymax></bndbox></object><object><name>proposal</name><bndbox><xmin>280</xmin><ymin>485</ymin><xmax>520</xmax><ymax>257</ymax></bndbox></object><object><name>proposal</name><bndbox><xmin>144</xmin><ymin>226</ymin><xmax>656</xmax><ymax>535</ymax></bndbox></object><object><name>proposal</name><bndbox><xmin>280</xmin><ymin>486</ymin><xmax>391</xmax><ymax>239</ymax></bndbox></object><object><name>proposal</name><bndbox><xmin>154</xmin><ymin>257</ymin><xmax>256</xmax><ymax>228</ymax></bndbox></object><object><name>proposal</name><bndbox><xmin>221</xmin><ymin>271</ymin><xmax>317</xmax><ymax>170</ymax></bndbox></object><object><name>proposal</name><bndbox><xmin>0</xmin><ymin>202</ymin><xmax>800</xmax><ymax>598</ymax></bndbox></object><object><name>proposal</name><bndbox><xmin>257</xmin><ymin>484</ymin><xmax>409</xmax><ymax>226</ymax></bndbox></object><object><name>proposal</name><bndbox><xmin>0</xmin><ymin>270</ymin><xmax>800</xmax><ymax>530</ymax></bndbox></object><object><name>proposal</name><bndbox><xmin>0</xmin><ymin>443</ymin><xmax>576</xmax><ymax>357</ymax></bndbox></object><object><name>proposal</name><bndbox><xmin>265</xmin><ymin>476</ymin><xmax>406</xmax><ymax>249</ymax></bndbox></object><object><name>proposal</name><bndbox><xmin>246</xmin><ymin>175</ymin><xmax>364</xmax><ymax>551</ymax></bndbox></object><object><name>proposal</name><bndbox><xmin>0</xmin><ymin>270</ymin><xmax>428</xmax><ymax>155</ymax></bndbox></object><object><name>proposal</name><bndbox><xmin>375</xmin><ymin>375</ymin><xmax>425</xmax><ymax>379</ymax></bndbox></object><object><name>proposal</name><bndbox><xmin>0</xmin><ymin>381</ymin><xmax>377</xmax><ymax>286</ymax></bndbox></object><object><name>proposal</name><bndbox><xmin>269</xmin><ymin>530</ymin><xmax>347</xmax><ymax>197</ymax></bndbox></object><object><name>proposal</name><bndbox><xmin>0</xmin><ymin>271</ymin><xmax>800</xmax><ymax>529</ymax></bndbox></object><object><name>proposal</name><bndbox><xmin>0</xmin><ymin>260</ymin><xmax>542</xmax><ymax>201</ymax></bndbox></object><object><name>proposal</name><bndbox><xmin>258</xmin><ymin>529</ymin><xmax>408</xmax><ymax>180</ymax></bndbox></object><object><name>proposal</name><bndbox><xmin>182</xmin><ymin>362</ymin><xmax>382</xmax><ymax>364</ymax></bndbox></object><object><name>proposal</name><bndbox><xmin>176</xmin><ymin>474</ymin><xmax>624</xmax><ymax>326</ymax></bndbox></object><object><name>proposal</name><bndbox><xmin>0</xmin><ymin>365</ymin><xmax>800</xmax><ymax>435</ymax></bndbox></object><object><name>proposal</name><bndbox><xmin>0</xmin><ymin>257</ymin><xmax>800</xmax><ymax>483</ymax></bndbox></object><object><name>proposal</name><bndbox><xmin>109</xmin><ymin>474</ymin><xmax>559</xmax><ymax>326</ymax></bndbox></object><object><name>proposal</name><bndbox><xmin>0</xmin><ymin>409</ymin><xmax>673</xmax><ymax>391</ymax></bndbox></object><object><name>proposal</name><bndbox><xmin>281</xmin><ymin>481</ymin><xmax>358</xmax><ymax>247</ymax></bndbox></object><object><name>proposal</name><bndbox><xmin>0</xmin><ymin>175</ymin><xmax>610</xmax><ymax>625</ymax></bndbox></object><object><name>proposal</name><bndbox><xmin>207</xmin><ymin>271</ymin><xmax>298</xmax><ymax>193</ymax></bndbox></object><object><name>proposal</name><bndbox><xmin>65</xmin><ymin>271</ymin><xmax>398</xmax><ymax>170</ymax></bndbox></object><object><name>proposal</name><bndbox><xmin>0</xmin><ymin>159</ymin><xmax>800</xmax><ymax>641</ymax></bndbox></object><object><name>proposal</name><bndbox><xmin>0</xmin><ymin>305</ymin><xmax>677</xmax><ymax>440</ymax></bndbox></object><object><name>proposal</name><bndbox><xmin>257</xmin><ymin>483</ymin><xmax>414</xmax><ymax>242</ymax></bndbox></object><object><name>proposal</name><bndbox><xmin>0</xmin><ymin>0</ymin><xmax>800</xmax><ymax>551</ymax></bndbox></object><object><name>proposal</name><bndbox><xmin>102</xmin><ymin>305</ymin><xmax>575</xmax><ymax>440</ymax></bndbox></object><object><name>proposal</name><bndbox><xmin>220</xmin><ymin>175</ymin><xmax>392</xmax><ymax>248</ymax></bndbox></object><object><name>proposal</name><bndbox><xmin>250</xmin><ymin>375</ymin><xmax>550</xmax><ymax>367</ymax></bndbox></object><object><name>proposal</name><bndbox><xmin>346</xmin><ymin>395</ymin><xmax>243</xmax><ymax>353</ymax></bndbox></object><object><name>proposal</name><bndbox><xmin>50</xmin><ymin>167</ymin><xmax>576</xmax><ymax>440</ymax></bndbox></object><object><name>proposal</name><bndbox><xmin>257</xmin><ymin>530</ymin><xmax>363</xmax><ymax>197</ymax></bndbox></object><object><name>proposal</name><bndbox><xmin>264</xmin><ymin>409</ymin><xmax>274</xmax><ymax>249</ymax></bndbox></object><object><name>proposal</name><bndbox><xmin>102</xmin><ymin>315</ymin><xmax>498</xmax><ymax>290</ymax></bndbox></object><object><name>proposal</name><bndbox><xmin>0</xmin><ymin>209</ymin><xmax>423</xmax><ymax>271</ymax></bndbox></object><object><name>proposal</name><bndbox><xmin>0</xmin><ymin>271</ymin><xmax>800</xmax><ymax>226</ymax></bndbox></object><object><name>proposal</name><bndbox><xmin>270</xmin><ymin>486</ymin><xmax>267</xmax><ymax>172</ymax></bndbox></object><object><name>proposal</name><bndbox><xmin>0</xmin><ymin>149</ymin><xmax>800</xmax><ymax>651</ymax></bndbox></object><object><name>proposal</name><bndbox><xmin>324</xmin><ymin>529</ymin><xmax>342</xmax><ymax>189</ymax></bndbox></object><object><name>proposal</name><bndbox><xmin>258</xmin><ymin>486</ymin><xmax>408</xmax><ymax>233</ymax></bndbox></object><object><name>proposal</name><bndbox><xmin>0</xmin><ymin>184</ymin><xmax>300</xmax><ymax>487</ymax></bndbox></object><object><name>proposal</name><bndbox><xmin>119</xmin><ymin>260</ymin><xmax>423</xmax><ymax>201</ymax></bndbox></object><object><name>proposal</name><bndbox><xmin>116</xmin><ymin>230</ymin><xmax>422</xmax><ymax>222</ymax></bndbox></object><object><name>proposal</name><bndbox><xmin>0</xmin><ymin>269</ymin><xmax>542</xmax><ymax>192</ymax></bndbox></object><object><name>proposal</name><bndbox><xmin>257</xmin><ymin>513</ymin><xmax>334</xmax><ymax>212</ymax></bndbox></object><object><name>proposal</name><bndbox><xmin>0</xmin><ymin>0</ymin><xmax>800</xmax><ymax>550</ymax></bndbox></object><object><name>proposal</name><bndbox><xmin>0</xmin><ymin>368</ymin><xmax>415</xmax><ymax>432</ymax></bndbox></object><object><name>proposal</name><bndbox><xmin>0</xmin><ymin>268</ymin><xmax>671</xmax><ymax>458</ymax></bndbox></object><object><name>proposal</name><bndbox><xmin>0</xmin><ymin>167</ymin><xmax>626</xmax><ymax>309</ymax></bndbox></object><object><name>proposal</name><bndbox><xmin>0</xmin><ymin>312</ymin><xmax>410</xmax><ymax>161</ymax></bndbox></object><object><name>proposal</name><bndbox><xmin>256</xmin><ymin>569</ymin><xmax>353</xmax><ymax>157</ymax></bndbox></object><object><name>proposal</name><bndbox><xmin>64</xmin><ymin>375</ymin><xmax>736</xmax><ymax>425</ymax></bndbox></object><object><name>proposal</name><bndbox><xmin>0</xmin><ymin>234</ymin><xmax>546</xmax><ymax>566</ymax></bndbox></object><object><name>proposal</name><bndbox><xmin>0</xmin><ymin>275</ymin><xmax>800</xmax><ymax>525</ymax></bndbox></object><object><name>proposal</name><bndbox><xmin>0</xmin><ymin>270</ymin><xmax>564</xmax><ymax>422</ymax></bndbox></object><object><name>proposal</name><bndbox><xmin>264</xmin><ymin>529</ymin><xmax>340</xmax><ymax>180</ymax></bndbox></object><object><name>proposal</name><bndbox><xmin>109</xmin><ymin>480</ymin><xmax>375</xmax><ymax>320</ymax></bndbox></object><object><name>proposal</name><bndbox><xmin>0</xmin><ymin>167</ymin><xmax>717</xmax><ymax>567</ymax></bndbox></object><object><name>proposal</name><bndbox><xmin>257</xmin><ymin>476</ymin><xmax>439</xmax><ymax>278</ymax></bndbox></object><object><name>proposal</name><bndbox><xmin>0</xmin><ymin>271</ymin><xmax>527</xmax><ymax>226</ymax></bndbox></object><object><name>proposal</name><bndbox><xmin>56</xmin><ymin>257</ymin><xmax>417</xmax><ymax>213</ymax></bndbox></object><object><name>proposal</name><bndbox><xmin>45</xmin><ymin>257</ymin><xmax>465</xmax><ymax>207</ymax></bndbox></object><object><name>proposal</name><bndbox><xmin>0</xmin><ymin>188</ymin><xmax>800</xmax><ymax>331</ymax></bndbox></object><object><name>proposal</name><bndbox><xmin>355</xmin><ymin>426</ymin><xmax>234</xmax><ymax>194</ymax></bndbox></object><object><name>proposal</name><bndbox><xmin>264</xmin><ymin>409</ymin><xmax>409</xmax><ymax>336</ymax></bndbox></object><object><name>proposal</name><bndbox><xmin>300</xmin><ymin>372</ymin><xmax>500</xmax><ymax>374</ymax></bndbox></object><object><name>proposal</name><bndbox><xmin>0</xmin><ymin>159</ymin><xmax>673</xmax><ymax>641</ymax></bndbox></object><object><name>proposal</name><bndbox><xmin>0</xmin><ymin>340</ymin><xmax>800</xmax><ymax>264</ymax></bndbox></object><object><name>proposal</name><bndbox><xmin>257</xmin><ymin>476</ymin><xmax>385</xmax><ymax>236</ymax></bndbox></object><object><name>proposal</name><bndbox><xmin>0</xmin><ymin>555</ymin><xmax>800</xmax><ymax>245</ymax></bndbox></object><object><name>proposal</name><bndbox><xmin>0</xmin><ymin>234</ymin><xmax>800</xmax><ymax>527</ymax></bndbox></object><object><name>proposal</name><bndbox><xmin>257</xmin><ymin>530</ymin><xmax>410</xmax><ymax>197</ymax></bndbox></object><object><name>proposal</name><bndbox><xmin>257</xmin><ymin>530</ymin><xmax>359</xmax><ymax>197</ymax></bndbox></object><object><name>proposal</name><bndbox><xmin>0</xmin><ymin>271</ymin><xmax>538</xmax><ymax>181</ymax></bndbox></object><object><name>proposal</name><bndbox><xmin>0</xmin><ymin>372</ymin><xmax>800</xmax><ymax>428</ymax></bndbox></object><object><name>proposal</name><bndbox><xmin>282</xmin><ymin>426</ymin><xmax>391</xmax><ymax>282</ymax></bndbox></object><object><name>proposal</name><bndbox><xmin>0</xmin><ymin>149</ymin><xmax>612</xmax><ymax>292</ymax></bndbox></object><object><name>proposal</name><bndbox><xmin>182</xmin><ymin>271</ymin><xmax>408</xmax><ymax>275</ymax></bndbox></object><object><name>proposal</name><bndbox><xmin>257</xmin><ymin>484</ymin><xmax>409</xmax><ymax>230</ymax></bndbox></object><object><name>proposal</name><bndbox><xmin>0</xmin><ymin>209</ymin><xmax>410</xmax><ymax>308</ymax></bndbox></object><object><name>proposal</name><bndbox><xmin>0</xmin><ymin>375</ymin><xmax>800</xmax><ymax>425</ymax></bndbox></object><object><name>proposal</name><bndbox><xmin>0</xmin><ymin>209</ymin><xmax>458</xmax><ymax>213</ymax></bndbox></object><object><name>proposal</name><bndbox><xmin>256</xmin><ymin>498</ymin><xmax>544</xmax><ymax>302</ymax></bndbox></object><object><name>proposal</name><bndbox><xmin>150</xmin><ymin>363</ymin><xmax>650</xmax><ymax>398</ymax></bndbox></object><object><name>proposal</name><bndbox><xmin>300</xmin><ymin>372</ymin><xmax>500</xmax><ymax>383</ymax></bndbox></object><object><name>proposal</name><bndbox><xmin>257</xmin><ymin>410</ymin><xmax>543</xmax><ymax>351</ymax></bndbox></object><object><name>proposal</name><bndbox><xmin>0</xmin><ymin>368</ymin><xmax>800</xmax><ymax>432</ymax></bndbox></object><object><name>proposal</name><bndbox><xmin>0</xmin><ymin>315</ymin><xmax>755</xmax><ymax>378</ymax></bndbox></object><object><name>proposal</name><bndbox><xmin>158</xmin><ymin>257</ymin><xmax>388</xmax><ymax>145</ymax></bndbox></object><object><name>proposal</name><bndbox><xmin>0</xmin><ymin>359</ymin><xmax>800</xmax><ymax>441</ymax></bndbox></object><object><name>proposal</name><bndbox><xmin>291</xmin><ymin>476</ymin><xmax>357</xmax><ymax>217</ymax></bndbox></object><object><name>proposal</name><bndbox><xmin>293</xmin><ymin>426</ymin><xmax>296</xmax><ymax>194</ymax></bndbox></object><object><name>proposal</name><bndbox><xmin>0</xmin><ymin>209</ymin><xmax>589</xmax><ymax>591</ymax></bndbox></object><object><name>proposal</name><bndbox><xmin>291</xmin><ymin>495</ymin><xmax>376</xmax><ymax>198</ymax></bndbox></object><object><name>proposal</name><bndbox><xmin>64</xmin><ymin>532</ymin><xmax>736</xmax><ymax>268</ymax></bndbox></object><object><name>proposal</name><bndbox><xmin>0</xmin><ymin>395</ymin><xmax>300</xmax><ymax>405</ymax></bndbox></object><object><name>proposal</name><bndbox><xmin>0</xmin><ymin>365</ymin><xmax>564</xmax><ymax>435</ymax></bndbox></object><object><name>proposal</name><bndbox><xmin>256</xmin><ymin>460</ymin><xmax>409</xmax><ymax>265</ymax></bndbox></object><object><name>proposal</name><bndbox><xmin>0</xmin><ymin>0</ymin><xmax>800</xmax><ymax>754</ymax></bndbox></object><object><name>proposal</name><bndbox><xmin>119</xmin><ymin>257</ymin><xmax>485</xmax><ymax>248</ymax></bndbox></object><object><name>proposal</name><bndbox><xmin>257</xmin><ymin>540</ymin><xmax>283</xmax><ymax>173</ymax></bndbox></object><object><name>proposal</name><bndbox><xmin>157</xmin><ymin>271</ymin><xmax>348</xmax><ymax>193</ymax></bndbox></object><object><name>proposal</name><bndbox><xmin>256</xmin><ymin>485</ymin><xmax>544</xmax><ymax>257</ymax></bndbox></object><object><name>proposal</name><bndbox><xmin>97</xmin><ymin>362</ymin><xmax>467</xmax><ymax>310</ymax></bndbox></object><object><name>proposal</name><bndbox><xmin>0</xmin><ymin>373</ymin><xmax>800</xmax><ymax>427</ymax></bndbox></object><object><name>proposal</name><bndbox><xmin>119</xmin><ymin>257</ymin><xmax>423</xmax><ymax>218</ymax></bndbox></object><object><name>proposal</name><bndbox><xmin>97</xmin><ymin>362</ymin><xmax>574</xmax><ymax>350</ymax></bndbox></object><object><name>proposal</name><bndbox><xmin>0</xmin><ymin>189</ymin><xmax>800</xmax><ymax>571</ymax></bndbox></object><object><name>proposal</name><bndbox><xmin>0</xmin><ymin>474</ymin><xmax>800</xmax><ymax>326</ymax></bndbox></object><object><name>proposal</name><bndbox><xmin>119</xmin><ymin>255</ymin><xmax>291</xmax><ymax>218</ymax></bndbox></object><object><name>proposal</name><bndbox><xmin>0</xmin><ymin>395</ymin><xmax>359</xmax><ymax>210</ymax></bndbox></object><object><name>proposal</name><bndbox><xmin>0</xmin><ymin>226</ymin><xmax>800</xmax><ymax>574</ymax></bndbox></object><object><name>proposal</name><bndbox><xmin>53</xmin><ymin>257</ymin><xmax>429</xmax><ymax>173</ymax></bndbox></object><object><name>proposal</name><bndbox><xmin>326</xmin><ymin>484</ymin><xmax>345</xmax><ymax>241</ymax></bndbox></object><object><name>proposal</name><bndbox><xmin>0</xmin><ymin>209</ymin><xmax>458</xmax><ymax>271</ymax></bndbox></object><object><name>proposal</name><bndbox><xmin>0</xmin><ymin>340</ymin><xmax>800</xmax><ymax>460</ymax></bndbox></object><object><name>proposal</name><bndbox><xmin>322</xmin><ymin>476</ymin><xmax>344</xmax><ymax>243</ymax></bndbox></object><object><name>proposal</name><bndbox><xmin>282</xmin><ymin>373</ymin><xmax>518</xmax><ymax>367</ymax></bndbox></object><object><name>proposal</name><bndbox><xmin>250</xmin><ymin>552</ymin><xmax>467</xmax><ymax>182</ymax></bndbox></object><object><name>proposal</name><bndbox><xmin>195</xmin><ymin>492</ymin><xmax>279</xmax><ymax>216</ymax></bndbox></object><object><name>proposal</name><bndbox><xmin>0</xmin><ymin>209</ymin><xmax>426</xmax><ymax>308</ymax></bndbox></object><object><name>proposal</name><bndbox><xmin>0</xmin><ymin>0</ymin><xmax>800</xmax><ymax>558</ymax></bndbox></object><object><name>proposal</name><bndbox><xmin>0</xmin><ymin>329</ymin><xmax>423</xmax><ymax>151</ymax></bndbox></object><object><name>proposal</name><bndbox><xmin>119</xmin><ymin>260</ymin><xmax>423</xmax><ymax>219</ymax></bndbox></object><object><name>proposal</name><bndbox><xmin>282</xmin><ymin>460</ymin><xmax>383</xmax><ymax>265</ymax></bndbox></object><object><name>proposal</name><bndbox><xmin>199</xmin><ymin>480</ymin><xmax>233</xmax><ymax>212</ymax></bndbox></object><object><name>proposal</name><bndbox><xmin>280</xmin><ymin>498</ymin><xmax>416</xmax><ymax>256</ymax></bndbox></object><object><name>proposal</name><bndbox><xmin>264</xmin><ymin>409</ymin><xmax>274</xmax><ymax>302</ymax></bndbox></object><object><name>proposal</name><bndbox><xmin>0</xmin><ymin>395</ymin><xmax>320</xmax><ymax>405</ymax></bndbox></object><object><name>proposal</name><bndbox><xmin>293</xmin><ymin>340</ymin><xmax>507</xmax><ymax>280</ymax></bndbox></object><object><name>proposal</name><bndbox><xmin>256</xmin><ymin>476</ymin><xmax>410</xmax><ymax>250</ymax></bndbox></object><object><name>proposal</name><bndbox><xmin>0</xmin><ymin>184</ymin><xmax>538</xmax><ymax>292</ymax></bndbox></object><object><name>proposal</name><bndbox><xmin>182</xmin><ymin>362</ymin><xmax>407</xmax><ymax>245</ymax></bndbox></object><object><name>proposal</name><bndbox><xmin>0</xmin><ymin>391</ymin><xmax>800</xmax><ymax>409</ymax></bndbox></object><object><name>proposal</name><bndbox><xmin>0</xmin><ymin>271</ymin><xmax>671</xmax><ymax>529</ymax></bndbox></object><object><name>proposal</name><bndbox><xmin>0</xmin><ymin>312</ymin><xmax>410</xmax><ymax>205</ymax></bndbox></object><object><name>proposal</name><bndbox><xmin>0</xmin><ymin>257</ymin><xmax>659</xmax><ymax>358</ymax></bndbox></object><object><name>proposal</name><bndbox><xmin>282</xmin><ymin>426</ymin><xmax>391</xmax><ymax>276</ymax></bndbox></object><object><name>proposal</name><bndbox><xmin>124</xmin><ymin>324</ymin><xmax>286</xmax><ymax>170</ymax></bndbox></object><object><name>proposal</name><bndbox><xmin>257</xmin><ymin>470</ymin><xmax>421</xmax><ymax>284</ymax></bndbox></object><object><name>proposal</name><bndbox><xmin>257</xmin><ymin>513</ymin><xmax>327</xmax><ymax>212</ymax></bndbox></object><object><name>proposal</name><bndbox><xmin>246</xmin><ymin>498</ymin><xmax>450</xmax><ymax>256</ymax></bndbox></object><object><name>proposal</name><bndbox><xmin>333</xmin><ymin>483</ymin><xmax>344</xmax><ymax>210</ymax></bndbox></object><object><name>proposal</name><bndbox><xmin>220</xmin><ymin>257</ymin><xmax>326</xmax><ymax>166</ymax></bndbox></object><object><name>proposal</name><bndbox><xmin>119</xmin><ymin>255</ymin><xmax>486</xmax><ymax>218</ymax></bndbox></object><object><name>proposal</name><bndbox><xmin>119</xmin><ymin>315</ymin><xmax>481</xmax><ymax>398</ymax></bndbox></object><object><name>proposal</name><bndbox><xmin>195</xmin><ymin>492</ymin><xmax>471</xmax><ymax>242</ymax></bndbox></object><object><name>proposal</name><bndbox><xmin>199</xmin><ymin>485</ymin><xmax>233</xmax><ymax>207</ymax></bndbox></object><object><name>proposal</name><bndbox><xmin>282</xmin><ymin>481</ymin><xmax>256</xmax><ymax>177</ymax></bndbox></object><object><name>proposal</name><bndbox><xmin>334</xmin><ymin>175</ymin><xmax>276</xmax><ymax>371</ymax></bndbox></object><object><name>proposal</name><bndbox><xmin>0</xmin><ymin>443</ymin><xmax>495</xmax><ymax>357</ymax></bndbox></object><object><name>proposal</name><bndbox><xmin>322</xmin><ymin>411</ymin><xmax>321</xmax><ymax>334</ymax></bndbox></object><object><name>proposal</name><bndbox><xmin>0</xmin><ymin>324</ymin><xmax>800</xmax><ymax>476</ymax></bndbox></object><object><name>proposal</name><bndbox><xmin>0</xmin><ymin>476</ymin><xmax>696</xmax><ymax>324</ymax></bndbox></object><object><name>proposal</name><bndbox><xmin>119</xmin><ymin>271</ymin><xmax>408</xmax><ymax>226</ymax></bndbox></object><object><name>proposal</name><bndbox><xmin>0</xmin><ymin>209</ymin><xmax>605</xmax><ymax>264</ymax></bndbox></object><object><name>proposal</name><bndbox><xmin>300</xmin><ymin>340</ymin><xmax>500</xmax><ymax>415</ymax></bndbox></object><object><name>proposal</name><bndbox><xmin>297</xmin><ymin>276</ymin><xmax>308</xmax><ymax>168</ymax></bndbox></object><object><name>proposal</name><bndbox><xmin>0</xmin><ymin>255</ymin><xmax>800</xmax><ymax>545</ymax></bndbox></object><object><name>proposal</name><bndbox><xmin>0</xmin><ymin>318</ymin><xmax>800</xmax><ymax>482</ymax></bndbox></object><object><name>proposal</name><bndbox><xmin>0</xmin><ymin>394</ymin><xmax>300</xmax><ymax>406</ymax></bndbox></object><object><name>proposal</name><bndbox><xmin>0</xmin><ymin>443</ymin><xmax>495</xmax><ymax>304</ymax></bndbox></object><object><name>proposal</name><bndbox><xmin>333</xmin><ymin>486</ymin><xmax>215</xmax><ymax>227</ymax></bndbox></object><object><name>proposal</name><bndbox><xmin>0</xmin><ymin>270</ymin><xmax>564</xmax><ymax>443</ymax></bndbox></object><object><name>proposal</name><bndbox><xmin>68</xmin><ymin>498</ymin><xmax>732</xmax><ymax>302</ymax></bndbox></object><object><name>proposal</name><bndbox><xmin>355</xmin><ymin>365</ymin><xmax>209</xmax><ymax>380</ymax></bndbox></object><object><name>proposal</name><bndbox><xmin>270</xmin><ymin>260</ymin><xmax>341</xmax><ymax>256</ymax></bndbox></object><object><name>proposal</name><bndbox><xmin>256</xmin><ymin>460</ymin><xmax>410</xmax><ymax>265</ymax></bndbox></object><object><name>proposal</name><bndbox><xmin>0</xmin><ymin>260</ymin><xmax>800</xmax><ymax>540</ymax></bndbox></object><object><name>proposal</name><bndbox><xmin>0</xmin><ymin>542</ymin><xmax>800</xmax><ymax>258</ymax></bndbox></object><object><name>proposal</name><bndbox><xmin>0</xmin><ymin>298</ymin><xmax>800</xmax><ymax>502</ymax></bndbox></object><object><name>proposal</name><bndbox><xmin>0</xmin><ymin>284</ymin><xmax>800</xmax><ymax>516</ymax></bndbox></object><object><name>proposal</name><bndbox><xmin>119</xmin><ymin>255</ymin><xmax>427</xmax><ymax>223</ymax></bndbox></object><object><name>proposal</name><bndbox><xmin>119</xmin><ymin>271</ymin><xmax>423</xmax><ymax>208</ymax></bndbox></object><object><name>proposal</name><bndbox><xmin>334</xmin><ymin>175</ymin><xmax>466</xmax><ymax>586</ymax></bndbox></object><object><name>proposal</name><bndbox><xmin>0</xmin><ymin>255</ymin><xmax>458</xmax><ymax>225</ymax></bndbox></object><object><name>proposal</name><bndbox><xmin>182</xmin><ymin>362</ymin><xmax>489</xmax><ymax>261</ymax></bndbox></object><object><name>proposal</name><bndbox><xmin>0</xmin><ymin>209</ymin><xmax>605</xmax><ymax>235</ymax></bndbox></object><object><name>proposal</name><bndbox><xmin>0</xmin><ymin>208</ymin><xmax>300</xmax><ymax>592</ymax></bndbox></object><object><name>proposal</name><bndbox><xmin>250</xmin><ymin>552</ymin><xmax>399</xmax><ymax>150</ymax></bndbox></object><object><name>proposal</name><bndbox><xmin>0</xmin><ymin>381</ymin><xmax>800</xmax><ymax>419</ymax></bndbox></object><object><name>proposal</name><bndbox><xmin>0</xmin><ymin>195</ymin><xmax>800</xmax><ymax>605</ymax></bndbox></object><object><name>proposal</name><bndbox><xmin>0</xmin><ymin>391</ymin><xmax>666</xmax><ymax>343</ymax></bndbox></object><object><name>proposal</name><bndbox><xmin>0</xmin><ymin>524</ymin><xmax>800</xmax><ymax>276</ymax></bndbox></object><object><name>proposal</name><bndbox><xmin>355</xmin><ymin>474</ymin><xmax>322</xmax><ymax>216</ymax></bndbox></object><object><name>proposal</name><bndbox><xmin>144</xmin><ymin>175</ymin><xmax>656</xmax><ymax>625</ymax></bndbox></object><object><name>proposal</name><bndbox><xmin>256</xmin><ymin>474</ymin><xmax>544</xmax><ymax>326</ymax></bndbox></object><object><name>proposal</name><bndbox><xmin>109</xmin><ymin>474</ymin><xmax>691</xmax><ymax>326</ymax></bndbox></object><object><name>proposal</name><bndbox><xmin>280</xmin><ymin>485</ymin><xmax>371</xmax><ymax>208</ymax></bndbox></object><object><name>proposal</name><bndbox><xmin>281</xmin><ymin>470</ymin><xmax>358</xmax><ymax>258</ymax></bndbox></object><object><name>proposal</name><bndbox><xmin>281</xmin><ymin>481</ymin><xmax>387</xmax><ymax>247</ymax></bndbox></object><object><name>proposal</name><bndbox><xmin>257</xmin><ymin>530</ymin><xmax>398</xmax><ymax>197</ymax></bndbox></object><object><name>proposal</name><bndbox><xmin>0</xmin><ymin>189</ymin><xmax>643</xmax><ymax>365</ymax></bndbox></object><object><name>proposal</name><bndbox><xmin>353</xmin><ymin>483</ymin><xmax>251</xmax><ymax>229</ymax></bndbox></object><object><name>proposal</name><bndbox><xmin>257</xmin><ymin>483</ymin><xmax>408</xmax><ymax>242</ymax></bndbox></object><object><name>proposal</name><bndbox><xmin>324</xmin><ymin>529</ymin><xmax>280</xmax><ymax>180</ymax></bndbox></object><object><name>proposal</name><bndbox><xmin>353</xmin><ymin>484</ymin><xmax>195</xmax><ymax>242</ymax></bndbox></object><object><name>proposal</name><bndbox><xmin>102</xmin><ymin>286</ymin><xmax>462</xmax><ymax>252</ymax></bndbox></object><object><name>proposal</name><bndbox><xmin>280</xmin><ymin>487</ymin><xmax>323</xmax><ymax>168</ymax></bndbox></object><object><name>proposal</name><bndbox><xmin>0</xmin><ymin>234</ymin><xmax>546</xmax><ymax>244</ymax></bndbox></object><object><name>proposal</name><bndbox><xmin>119</xmin><ymin>257</ymin><xmax>681</xmax><ymax>498</ymax></bndbox></object><object><name>proposal</name><bndbox><xmin>256</xmin><ymin>470</ymin><xmax>544</xmax><ymax>330</ymax></bndbox></object><object><name>proposal</name><bndbox><xmin>102</xmin><ymin>286</ymin><xmax>397</xmax><ymax>176</ymax></bndbox></object><object><name>proposal</name><bndbox><xmin>182</xmin><ymin>362</ymin><xmax>618</xmax><ymax>380</ymax></bndbox></object><object><name>proposal</name><bndbox><xmin>0</xmin><ymin>149</ymin><xmax>612</xmax><ymax>564</ymax></bndbox></object><object><name>proposal</name><bndbox><xmin>322</xmin><ymin>484</ymin><xmax>344</xmax><ymax>226</ymax></bndbox></object><object><name>proposal</name><bndbox><xmin>250</xmin><ymin>476</ymin><xmax>467</xmax><ymax>258</ymax></bndbox></object><object><name>proposal</name><bndbox><xmin>0</xmin><ymin>395</ymin><xmax>359</xmax><ymax>220</ymax></bndbox></object><object><name>proposal</name><bndbox><xmin>194</xmin><ymin>492</ymin><xmax>472</xmax><ymax>242</ymax></bndbox></object><object><name>proposal</name><bndbox><xmin>291</xmin><ymin>495</ymin><xmax>357</xmax><ymax>198</ymax></bndbox></object><object><name>proposal</name><bndbox><xmin>0</xmin><ymin>271</ymin><xmax>538</xmax><ymax>170</ymax></bndbox></object><object><name>proposal</name><bndbox><xmin>326</xmin><ymin>483</ymin><xmax>339</xmax><ymax>242</ymax></bndbox></object><object><name>proposal</name><bndbox><xmin>270</xmin><ymin>352</ymin><xmax>294</xmax><ymax>164</ymax></bndbox></object><object><name>proposal</name><bndbox><xmin>102</xmin><ymin>305</ymin><xmax>498</xmax><ymax>320</ymax></bndbox></object><object><name>proposal</name><bndbox><xmin>0</xmin><ymin>208</ymin><xmax>696</xmax><ymax>592</ymax></bndbox></object><object><name>proposal</name><bndbox><xmin>280</xmin><ymin>498</ymin><xmax>364</xmax><ymax>214</ymax></bndbox></object><object><name>proposal</name><bndbox><xmin>322</xmin><ymin>484</ymin><xmax>344</xmax><ymax>235</ymax></bndbox></object><object><name>proposal</name><bndbox><xmin>159</xmin><ymin>255</ymin><xmax>446</xmax><ymax>189</ymax></bndbox></object><object><name>proposal</name><bndbox><xmin>0</xmin><ymin>271</ymin><xmax>542</xmax><ymax>190</ymax></bndbox></object><object><name>proposal</name><bndbox><xmin>158</xmin><ymin>175</ymin><xmax>454</xmax><ymax>248</ymax></bndbox></object><object><name>proposal</name><bndbox><xmin>154</xmin><ymin>352</ymin><xmax>249</xmax><ymax>202</ymax></bndbox></object><object><name>proposal</name><bndbox><xmin>108</xmin><ymin>255</ymin><xmax>497</xmax><ymax>218</ymax></bndbox></object><object><name>proposal</name><bndbox><xmin>355</xmin><ymin>373</ymin><xmax>445</xmax><ymax>375</ymax></bndbox></object><object><name>proposal</name><bndbox><xmin>257</xmin><ymin>529</ymin><xmax>409</xmax><ymax>190</ymax></bndbox></object><object><name>proposal</name><bndbox><xmin>0</xmin><ymin>363</ymin><xmax>494</xmax><ymax>437</ymax></bndbox></object><object><name>proposal</name><bndbox><xmin>119</xmin><ymin>257</ymin><xmax>485</xmax><ymax>281</ymax></bndbox></object><object><name>proposal</name><bndbox><xmin>257</xmin><ymin>476</ymin><xmax>410</xmax><ymax>249</ymax></bndbox></object><object><name>proposal</name><bndbox><xmin>257</xmin><ymin>474</ymin><xmax>543</xmax><ymax>287</ymax></bndbox></object><object><name>proposal</name><bndbox><xmin>353</xmin><ymin>260</ymin><xmax>290</xmax><ymax>285</ymax></bndbox></object><object><name>proposal</name><bndbox><xmin>0</xmin><ymin>257</ymin><xmax>542</xmax><ymax>222</ymax></bndbox></object><object><name>proposal</name><bndbox><xmin>197</xmin><ymin>257</ymin><xmax>349</xmax><ymax>163</ymax></bndbox></object><object><name>proposal</name><bndbox><xmin>64</xmin><ymin>532</ymin><xmax>362</xmax><ymax>218</ymax></bndbox></object><object><name>proposal</name><bndbox><xmin>355</xmin><ymin>426</ymin><xmax>318</xmax><ymax>276</ymax></bndbox></object><object><name>proposal</name><bndbox><xmin>0</xmin><ymin>175</ymin><xmax>800</xmax><ymax>625</ymax></bndbox></object><object><name>proposal</name><bndbox><xmin>0</xmin><ymin>0</ymin><xmax>800</xmax><ymax>800</ymax></bndbox></object><object><name>proposal</name><bndbox><xmin>0</xmin><ymin>159</ymin><xmax>800</xmax><ymax>285</ymax></bndbox></object><object><name>proposal</name><bndbox><xmin>324</xmin><ymin>529</ymin><xmax>342</xmax><ymax>180</ymax></bndbox></object><object><name>proposal</name><bndbox><xmin>256</xmin><ymin>460</ymin><xmax>544</xmax><ymax>282</ymax></bndbox></object><object><name>proposal</name><bndbox><xmin>226</xmin><ymin>149</ymin><xmax>386</xmax><ymax>292</ymax></bndbox></object><object><name>proposal</name><bndbox><xmin>355</xmin><ymin>474</ymin><xmax>322</xmax><ymax>244</ymax></bndbox></object><object><name>proposal</name><bndbox><xmin>0</xmin><ymin>318</ymin><xmax>300</xmax><ymax>304</ymax></bndbox></object><object><name>proposal</name><bndbox><xmin>280</xmin><ymin>486</ymin><xmax>323</xmax><ymax>169</ymax></bndbox></object><object><name>proposal</name><bndbox><xmin>250</xmin><ymin>521</ymin><xmax>245</xmax><ymax>182</ymax></bndbox></object><object><name>proposal</name><bndbox><xmin>65</xmin><ymin>255</ymin><xmax>481</xmax><ymax>223</ymax></bndbox></object><object><name>proposal</name><bndbox><xmin>207</xmin><ymin>271</ymin><xmax>331</xmax><ymax>170</ymax></bndbox></object><object><name>proposal</name><bndbox><xmin>0</xmin><ymin>189</ymin><xmax>473</xmax><ymax>281</ymax></bndbox></object><object><name>proposal</name><bndbox><xmin>65</xmin><ymin>255</ymin><xmax>735</xmax><ymax>506</ymax></bndbox></object><object><name>proposal</name><bndbox><xmin>97</xmin><ymin>362</ymin><xmax>467</xmax><ymax>245</ymax></bndbox></object><object><name>proposal</name><bndbox><xmin>258</xmin><ymin>529</ymin><xmax>408</xmax><ymax>189</ymax></bndbox></object><object><name>proposal</name><bndbox><xmin>291</xmin><ymin>476</ymin><xmax>357</xmax><ymax>249</ymax></bndbox></object><object><name>proposal</name><bndbox><xmin>0</xmin><ymin>184</ymin><xmax>366</xmax><ymax>487</ymax></bndbox></object><object><name>proposal</name><bndbox><xmin>194</xmin><ymin>443</ymin><xmax>228</xmax><ymax>245</ymax></bndbox></object><object><name>proposal</name><bndbox><xmin>0</xmin><ymin>175</ymin><xmax>612</xmax><ymax>625</ymax></bndbox></object><object><name>proposal</name><bndbox><xmin>196</xmin><ymin>226</ymin><xmax>604</xmax><ymax>574</ymax></bndbox></object><object><name>proposal</name><bndbox><xmin>281</xmin><ymin>470</ymin><xmax>387</xmax><ymax>258</ymax></bndbox></object><object><name>proposal</name><bndbox><xmin>0</xmin><ymin>395</ymin><xmax>432</xmax><ymax>297</ymax></bndbox></object><object><name>proposal</name><bndbox><xmin>0</xmin><ymin>362</ymin><xmax>800</xmax><ymax>438</ymax></bndbox></object><object><name>proposal</name><bndbox><xmin>0</xmin><ymin>280</ymin><xmax>800</xmax><ymax>520</ymax></bndbox></object><object><name>proposal</name><bndbox><xmin>280</xmin><ymin>410</ymin><xmax>520</xmax><ymax>351</ymax></bndbox></object><object><name>proposal</name><bndbox><xmin>0</xmin><ymin>122</ymin><xmax>410</xmax><ymax>363</ymax></bndbox></object><object><name>proposal</name><bndbox><xmin>326</xmin><ymin>476</ymin><xmax>345</xmax><ymax>249</ymax></bndbox></object><object><name>proposal</name><bndbox><xmin>0</xmin><ymin>0</ymin><xmax>800</xmax><ymax>473</ymax></bndbox></object><object><name>proposal</name><bndbox><xmin>257</xmin><ymin>540</ymin><xmax>368</xmax><ymax>205</ymax></bndbox></object><object><name>proposal</name><bndbox><xmin>182</xmin><ymin>271</ymin><xmax>489</xmax><ymax>454</ymax></bndbox></object><object><name>proposal</name><bndbox><xmin>119</xmin><ymin>312</ymin><xmax>291</xmax><ymax>161</ymax></bndbox></object><object><name>proposal</name><bndbox><xmin>182</xmin><ymin>255</ymin><xmax>241</xmax><ymax>225</ymax></bndbox></object><object><name>proposal</name><bndbox><xmin>182</xmin><ymin>362</ymin><xmax>535</xmax><ymax>372</ymax></bndbox></object><object><name>proposal</name><bndbox><xmin>50</xmin><ymin>257</ymin><xmax>360</xmax><ymax>219</ymax></bndbox></object><object><name>proposal</name><bndbox><xmin>270</xmin><ymin>260</ymin><xmax>373</xmax><ymax>485</ymax></bndbox></object><object><name>proposal</name><bndbox><xmin>0</xmin><ymin>0</ymin><xmax>800</xmax><ymax>566</ymax></bndbox></object><object><name>proposal</name><bndbox><xmin>353</xmin><ymin>476</ymin><xmax>289</xmax><ymax>204</ymax></bndbox></object><object><name>proposal</name><bndbox><xmin>0</xmin><ymin>552</ymin><xmax>800</xmax><ymax>248</ymax></bndbox></object><object><name>proposal</name><bndbox><xmin>0</xmin><ymin>534</ymin><xmax>800</xmax><ymax>266</ymax></bndbox></object><object><name>proposal</name><bndbox><xmin>0</xmin><ymin>270</ymin><xmax>564</xmax><ymax>268</ymax></bndbox></object><object><name>proposal</name><bndbox><xmin>226</xmin><ymin>492</ymin><xmax>440</xmax><ymax>242</ymax></bndbox></object><object><name>proposal</name><bndbox><xmin>0</xmin><ymin>175</ymin><xmax>612</xmax><ymax>300</ymax></bndbox></object><object><name>proposal</name><bndbox><xmin>257</xmin><ymin>484</ymin><xmax>409</xmax><ymax>235</ymax></bndbox></object><object><name>proposal</name><bndbox><xmin>0</xmin><ymin>209</ymin><xmax>458</xmax><ymax>591</ymax></bndbox></object><object><name>proposal</name><bndbox><xmin>270</xmin><ymin>478</ymin><xmax>279</xmax><ymax>180</ymax></bndbox></object><object><name>proposal</name><bndbox><xmin>257</xmin><ymin>476</ymin><xmax>409</xmax><ymax>243</ymax></bndbox></object><object><name>proposal</name><bndbox><xmin>280</xmin><ymin>498</ymin><xmax>323</xmax><ymax>228</ymax></bndbox></object><object><name>proposal</name><bndbox><xmin>256</xmin><ymin>476</ymin><xmax>544</xmax><ymax>266</ymax></bndbox></object><object><name>proposal</name><bndbox><xmin>220</xmin><ymin>257</ymin><xmax>326</xmax><ymax>163</ymax></bndbox></object><object><name>proposal</name><bndbox><xmin>116</xmin><ymin>271</ymin><xmax>347</xmax><ymax>170</ymax></bndbox></object><object><name>proposal</name><bndbox><xmin>119</xmin><ymin>257</ymin><xmax>485</xmax><ymax>251</ymax></bndbox></object><object><name>proposal</name><bndbox><xmin>246</xmin><ymin>498</ymin><xmax>357</xmax><ymax>169</ymax></bndbox></object><object><name>proposal</name><bndbox><xmin>172</xmin><ymin>271</ymin><xmax>300</xmax><ymax>176</ymax></bndbox></object><object><name>proposal</name><bndbox><xmin>0</xmin><ymin>208</ymin><xmax>300</xmax><ymax>414</ymax></bndbox></object><object><name>proposal</name><bndbox><xmin>353</xmin><ymin>483</ymin><xmax>251</xmax><ymax>219</ymax></bndbox></object><object><name>proposal</name><bndbox><xmin>232</xmin><ymin>481</ymin><xmax>407</xmax><ymax>247</ymax></bndbox></object><object><name>proposal</name><bndbox><xmin>144</xmin><ymin>257</ymin><xmax>527</xmax><ymax>468</ymax></bndbox></object><object><name>proposal</name><bndbox><xmin>257</xmin><ymin>483</ymin><xmax>420</xmax><ymax>262</ymax></bndbox></object><object><name>proposal</name><bndbox><xmin>265</xmin><ymin>483</ymin><xmax>406</xmax><ymax>242</ymax></bndbox></object><object><name>proposal</name><bndbox><xmin>119</xmin><ymin>315</ymin><xmax>636</xmax><ymax>378</ymax></bndbox></object><object><name>proposal</name><bndbox><xmin>119</xmin><ymin>315</ymin><xmax>481</xmax><ymax>290</ymax></bndbox></object><object><name>proposal</name><bndbox><xmin>0</xmin><ymin>381</ymin><xmax>370</xmax><ymax>419</ymax></bndbox></object><object><name>proposal</name><bndbox><xmin>316</xmin><ymin>249</ymin><xmax>289</xmax><ymax>314</ymax></bndbox></object><object><name>proposal</name><bndbox><xmin>0</xmin><ymin>257</ymin><xmax>542</xmax><ymax>205</ymax></bndbox></object><object><name>proposal</name><bndbox><xmin>144</xmin><ymin>226</ymin><xmax>656</xmax><ymax>574</ymax></bndbox></object><object><name>proposal</name><bndbox><xmin>0</xmin><ymin>268</ymin><xmax>800</xmax><ymax>532</ymax></bndbox></object><object><name>proposal</name><bndbox><xmin>355</xmin><ymin>426</ymin><xmax>234</xmax><ymax>276</ymax></bndbox></object><object><name>proposal</name><bndbox><xmin>258</xmin><ymin>476</ymin><xmax>408</xmax><ymax>249</ymax></bndbox></object><object><name>proposal</name><bndbox><xmin>353</xmin><ymin>476</ymin><xmax>318</xmax><ymax>249</ymax></bndbox></object><object><name>proposal</name><bndbox><xmin>0</xmin><ymin>541</ymin><xmax>800</xmax><ymax>259</ymax></bndbox></object><object><name>proposal</name><bndbox><xmin>0</xmin><ymin>175</ymin><xmax>610</xmax><ymax>247</ymax></bndbox></object><object><name>proposal</name><bndbox><xmin>280</xmin><ymin>498</ymin><xmax>323</xmax><ymax>157</ymax></bndbox></object><object><name>proposal</name><bndbox><xmin>256</xmin><ymin>476</ymin><xmax>395</xmax><ymax>250</ymax></bndbox></object><object><name>proposal</name><bndbox><xmin>0</xmin><ymin>0</ymin><xmax>619</xmax><ymax>485</ymax></bndbox></object><object><name>proposal</name><bndbox><xmin>324</xmin><ymin>486</ymin><xmax>342</xmax><ymax>224</ymax></bndbox></object><object><name>proposal</name><bndbox><xmin>198</xmin><ymin>480</ymin><xmax>265</xmax><ymax>270</ymax></bndbox></object><object><name>proposal</name><bndbox><xmin>50</xmin><ymin>257</ymin><xmax>488</xmax><ymax>219</ymax></bndbox></object><object><name>proposal</name><bndbox><xmin>353</xmin><ymin>483</ymin><xmax>318</xmax><ymax>229</ymax></bndbox></object><object><name>proposal</name><bndbox><xmin>144</xmin><ymin>257</ymin><xmax>456</xmax><ymax>391</ymax></bndbox></object><object><name>proposal</name><bndbox><xmin>0</xmin><ymin>159</ymin><xmax>800</xmax><ymax>314</ymax></bndbox></object><object><name>proposal</name><bndbox><xmin>182</xmin><ymin>286</ymin><xmax>317</xmax><ymax>176</ymax></bndbox></object><object><name>proposal</name><bndbox><xmin>322</xmin><ymin>411</ymin><xmax>321</xmax><ymax>302</ymax></bndbox></object><object><name>proposal</name><bndbox><xmin>355</xmin><ymin>365</ymin><xmax>209</xmax><ymax>256</ymax></bndbox></object></annotation>