<annotation><folder>Proposals</folder><filename>img-396.jpg</filename><size><width>533</width><height>300</height><depth>3</depth></size><object><name>proposal</name><bndbox><xmin>0</xmin><ymin>0</ymin><xmax>543</xmax><ymax>307</ymax></bndbox></object><object><name>proposal</name><bndbox><xmin>0</xmin><ymin>106</ymin><xmax>800</xmax><ymax>694</ymax></bndbox></object><object><name>proposal</name><bndbox><xmin>426</xmin><ymin>0</ymin><xmax>374</xmax><ymax>582</ymax></bndbox></object><object><name>proposal</name><bndbox><xmin>490</xmin><ymin>334</ymin><xmax>310</xmax><ymax>336</ymax></bndbox></object><object><name>proposal</name><bndbox><xmin>0</xmin><ymin>104</ymin><xmax>479</xmax><ymax>318</ymax></bndbox></object><object><name>proposal</name><bndbox><xmin>0</xmin><ymin>342</ymin><xmax>551</xmax><ymax>458</ymax></bndbox></object><object><name>proposal</name><bndbox><xmin>209</xmin><ymin>320</ymin><xmax>591</xmax><ymax>473</ymax></bndbox></object><object><name>proposal</name><bndbox><xmin>449</xmin><ymin>214</ymin><xmax>351</xmax><ymax>301</ymax></bndbox></object><object><name>proposal</name><bndbox><xmin>0</xmin><ymin>127</ymin><xmax>456</xmax><ymax>295</ymax></bndbox></object><object><name>proposal</name><bndbox><xmin>0</xmin><ymin>342</ymin><xmax>313</xmax><ymax>458</ymax></bndbox></object><object><name>proposal</name><bndbox><xmin>0</xmin><ymin>105</ymin><xmax>800</xmax><ymax>543</ymax></bndbox></object><object><name>proposal</name><bndbox><xmin>0</xmin><ymin>0</ymin><xmax>800</xmax><ymax>450</ymax></bndbox></object><object><name>proposal</name><bndbox><xmin>0</xmin><ymin>316</ymin><xmax>473</xmax><ymax>228</ymax></bndbox></object><object><name>proposal</name><bndbox><xmin>424</xmin><ymin>320</ymin><xmax>376</xmax><ymax>473</ymax></bndbox></object><object><name>proposal</name><bndbox><xmin>0</xmin><ymin>354</ymin><xmax>467</xmax><ymax>294</ymax></bndbox></object><object><name>proposal</name><bndbox><xmin>0</xmin><ymin>127</ymin><xmax>800</xmax><ymax>673</ymax></bndbox></object><object><name>proposal</name><bndbox><xmin>143</xmin><ymin>0</ymin><xmax>332</xmax><ymax>544</ymax></bndbox></object><object><name>proposal</name><bndbox><xmin>0</xmin><ymin>340</ymin><xmax>800</xmax><ymax>460</ymax></bndbox></object><object><name>proposal</name><bndbox><xmin>0</xmin><ymin>355</ymin><xmax>473</xmax><ymax>208</ymax></bndbox></object><object><name>proposal</name><bndbox><xmin>0</xmin><ymin>340</ymin><xmax>474</xmax><ymax>308</ymax></bndbox></object><object><name>proposal</name><bndbox><xmin>0</xmin><ymin>346</ymin><xmax>460</xmax><ymax>454</ymax></bndbox></object><object><name>proposal</name><bndbox><xmin>201</xmin><ymin>320</ymin><xmax>599</xmax><ymax>480</ymax></bndbox></object><object><name>proposal</name><bndbox><xmin>0</xmin><ymin>343</ymin><xmax>800</xmax><ymax>457</ymax></bndbox></object><object><name>proposal</name><bndbox><xmin>0</xmin><ymin>440</ymin><xmax>800</xmax><ymax>360</ymax></bndbox></object><object><name>proposal</name><bndbox><xmin>0</xmin><ymin>123</ymin><xmax>255</xmax><ymax>405</ymax></bndbox></object><object><name>proposal</name><bndbox><xmin>0</xmin><ymin>354</ymin><xmax>473</xmax><ymax>294</ymax></bndbox></object><object><name>proposal</name><bndbox><xmin>424</xmin><ymin>383</ymin><xmax>376</xmax><ymax>248</ymax></bndbox></object><object><name>proposal</name><bndbox><xmin>0</xmin><ymin>111</ymin><xmax>800</xmax><ymax>689</ymax></bndbox></object><object><name>proposal</name><bndbox><xmin>0</xmin><ymin>355</ymin><xmax>467</xmax><ymax>293</ymax></bndbox></object><object><name>proposal</name><bndbox><xmin>209</xmin><ymin>298</ymin><xmax>591</xmax><ymax>502</ymax></bndbox></object><object><name>proposal</name><bndbox><xmin>0</xmin><ymin>341</ymin><xmax>460</xmax><ymax>459</ymax></bndbox></object><object><name>proposal</name><bndbox><xmin>0</xmin><ymin>123</ymin><xmax>376</xmax><ymax>296</ymax></bndbox></object><object><name>proposal</name><bndbox><xmin>0</xmin><ymin>103</ymin><xmax>800</xmax><ymax>697</ymax></bndbox></object><object><name>proposal</name><bndbox><xmin>0</xmin><ymin>27</ymin><xmax>487</xmax><ymax>379</ymax></bndbox></object><object><name>proposal</name><bndbox><xmin>0</xmin><ymin>0</ymin><xmax>800</xmax><ymax>306</ymax></bndbox></object><object><name>proposal</name><bndbox><xmin>424</xmin><ymin>320</ymin><xmax>376</xmax><ymax>311</ymax></bndbox></object><object><name>proposal</name><bndbox><xmin>0</xmin><ymin>0</ymin><xmax>800</xmax><ymax>648</ymax></bndbox></object><object><name>proposal</name><bndbox><xmin>0</xmin><ymin>127</ymin><xmax>393</xmax><ymax>295</ymax></bndbox></object><object><name>proposal</name><bndbox><xmin>22</xmin><ymin>103</ymin><xmax>778</xmax><ymax>409</ymax></bndbox></object><object><name>proposal</name><bndbox><xmin>0</xmin><ymin>443</ymin><xmax>800</xmax><ymax>357</ymax></bndbox></object><object><name>proposal</name><bndbox><xmin>0</xmin><ymin>105</ymin><xmax>800</xmax><ymax>406</ymax></bndbox></object><object><name>proposal</name><bndbox><xmin>25</xmin><ymin>340</ymin><xmax>449</xmax><ymax>206</ymax></bndbox></object><object><name>proposal</name><bndbox><xmin>426</xmin><ymin>0</ymin><xmax>374</xmax><ymax>670</ymax></bndbox></object><object><name>proposal</name><bndbox><xmin>159</xmin><ymin>399</ymin><xmax>641</xmax><ymax>401</ymax></bndbox></object><object><name>proposal</name><bndbox><xmin>0</xmin><ymin>429</ymin><xmax>800</xmax><ymax>371</ymax></bndbox></object><object><name>proposal</name><bndbox><xmin>151</xmin><ymin>256</ymin><xmax>328</xmax><ymax>288</ymax></bndbox></object><object><name>proposal</name><bndbox><xmin>449</xmin><ymin>197</ymin><xmax>351</xmax><ymax>318</ymax></bndbox></object><object><name>proposal</name><bndbox><xmin>0</xmin><ymin>0</ymin><xmax>800</xmax><ymax>512</ymax></bndbox></object><object><name>proposal</name><bndbox><xmin>0</xmin><ymin>354</ymin><xmax>460</xmax><ymax>446</ymax></bndbox></object><object><name>proposal</name><bndbox><xmin>0</xmin><ymin>386</ymin><xmax>800</xmax><ymax>414</ymax></bndbox></object><object><name>proposal</name><bndbox><xmin>0</xmin><ymin>298</ymin><xmax>800</xmax><ymax>502</ymax></bndbox></object><object><name>proposal</name><bndbox><xmin>193</xmin><ymin>126</ymin><xmax>607</xmax><ymax>674</ymax></bndbox></object><object><name>proposal</name><bndbox><xmin>0</xmin><ymin>354</ymin><xmax>473</xmax><ymax>209</ymax></bndbox></object><object><name>proposal</name><bndbox><xmin>0</xmin><ymin>316</ymin><xmax>800</xmax><ymax>484</ymax></bndbox></object><object><name>proposal</name><bndbox><xmin>0</xmin><ymin>354</ymin><xmax>333</xmax><ymax>446</ymax></bndbox></object><object><name>proposal</name><bndbox><xmin>0</xmin><ymin>111</ymin><xmax>800</xmax><ymax>339</ymax></bndbox></object><object><name>proposal</name><bndbox><xmin>0</xmin><ymin>339</ymin><xmax>460</xmax><ymax>461</ymax></bndbox></object><object><name>proposal</name><bndbox><xmin>0</xmin><ymin>320</ymin><xmax>800</xmax><ymax>480</ymax></bndbox></object><object><name>proposal</name><bndbox><xmin>0</xmin><ymin>340</ymin><xmax>473</xmax><ymax>308</ymax></bndbox></object><object><name>proposal</name><bndbox><xmin>0</xmin><ymin>445</ymin><xmax>800</xmax><ymax>355</ymax></bndbox></object><object><name>proposal</name><bndbox><xmin>0</xmin><ymin>27</ymin><xmax>659</xmax><ymax>687</ymax></bndbox></object><object><name>proposal</name><bndbox><xmin>220</xmin><ymin>0</ymin><xmax>323</xmax><ymax>462</ymax></bndbox></object><object><name>proposal</name><bndbox><xmin>150</xmin><ymin>298</ymin><xmax>518</xmax><ymax>278</ymax></bndbox></object><object><name>proposal</name><bndbox><xmin>0</xmin><ymin>436</ymin><xmax>800</xmax><ymax>364</ymax></bndbox></object><object><name>proposal</name><bndbox><xmin>0</xmin><ymin>435</ymin><xmax>800</xmax><ymax>365</ymax></bndbox></object><object><name>proposal</name><bndbox><xmin>0</xmin><ymin>353</ymin><xmax>473</xmax><ymax>295</ymax></bndbox></object><object><name>proposal</name><bndbox><xmin>424</xmin><ymin>320</ymin><xmax>376</xmax><ymax>268</ymax></bndbox></object><object><name>proposal</name><bndbox><xmin>0</xmin><ymin>417</ymin><xmax>800</xmax><ymax>383</ymax></bndbox></object><object><name>proposal</name><bndbox><xmin>479</xmin><ymin>320</ymin><xmax>321</xmax><ymax>311</ymax></bndbox></object><object><name>proposal</name><bndbox><xmin>456</xmin><ymin>193</ymin><xmax>344</xmax><ymax>303</ymax></bndbox></object><object><name>proposal</name><bndbox><xmin>0</xmin><ymin>367</ymin><xmax>389</xmax><ymax>433</ymax></bndbox></object><object><name>proposal</name><bndbox><xmin>0</xmin><ymin>349</ymin><xmax>800</xmax><ymax>451</ymax></bndbox></object><object><name>proposal</name><bndbox><xmin>0</xmin><ymin>355</ymin><xmax>473</xmax><ymax>293</ymax></bndbox></object><object><name>proposal</name><bndbox><xmin>0</xmin><ymin>127</ymin><xmax>800</xmax><ymax>388</ymax></bndbox></object><object><name>proposal</name><bndbox><xmin>0</xmin><ymin>454</ymin><xmax>551</xmax><ymax>346</ymax></bndbox></object><object><name>proposal</name><bndbox><xmin>0</xmin><ymin>0</ymin><xmax>479</xmax><ymax>800</ymax></bndbox></object><object><name>proposal</name><bndbox><xmin>0</xmin><ymin>0</ymin><xmax>800</xmax><ymax>259</ymax></bndbox></object><object><name>proposal</name><bndbox><xmin>0</xmin><ymin>0</ymin><xmax>800</xmax><ymax>499</ymax></bndbox></object><object><name>proposal</name><bndbox><xmin>0</xmin><ymin>112</ymin><xmax>800</xmax><ymax>433</ymax></bndbox></object><object><name>proposal</name><bndbox><xmin>433</xmin><ymin>0</ymin><xmax>367</xmax><ymax>670</ymax></bndbox></object><object><name>proposal</name><bndbox><xmin>143</xmin><ymin>0</ymin><xmax>657</xmax><ymax>800</ymax></bndbox></object><object><name>proposal</name><bndbox><xmin>209</xmin><ymin>298</ymin><xmax>450</xmax><ymax>416</ymax></bndbox></object><object><name>proposal</name><bndbox><xmin>0</xmin><ymin>0</ymin><xmax>479</xmax><ymax>544</ymax></bndbox></object><object><name>proposal</name><bndbox><xmin>0</xmin><ymin>123</ymin><xmax>255</xmax><ymax>418</ymax></bndbox></object><object><name>proposal</name><bndbox><xmin>0</xmin><ymin>325</ymin><xmax>474</xmax><ymax>467</ymax></bndbox></object><object><name>proposal</name><bndbox><xmin>249</xmin><ymin>298</ymin><xmax>551</xmax><ymax>290</ymax></bndbox></object><object><name>proposal</name><bndbox><xmin>0</xmin><ymin>0</ymin><xmax>800</xmax><ymax>298</ymax></bndbox></object><object><name>proposal</name><bndbox><xmin>25</xmin><ymin>298</ymin><xmax>643</xmax><ymax>278</ymax></bndbox></object><object><name>proposal</name><bndbox><xmin>0</xmin><ymin>0</ymin><xmax>439</xmax><ymax>422</ymax></bndbox></object><object><name>proposal</name><bndbox><xmin>0</xmin><ymin>340</ymin><xmax>320</xmax><ymax>308</ymax></bndbox></object><object><name>proposal</name><bndbox><xmin>456</xmin><ymin>240</ymin><xmax>344</xmax><ymax>275</ymax></bndbox></object><object><name>proposal</name><bndbox><xmin>0</xmin><ymin>352</ymin><xmax>460</xmax><ymax>448</ymax></bndbox></object><object><name>proposal</name><bndbox><xmin>0</xmin><ymin>316</ymin><xmax>475</xmax><ymax>484</ymax></bndbox></object><object><name>proposal</name><bndbox><xmin>0</xmin><ymin>343</ymin><xmax>473</xmax><ymax>305</ymax></bndbox></object><object><name>proposal</name><bndbox><xmin>0</xmin><ymin>0</ymin><xmax>800</xmax><ymax>545</ymax></bndbox></object><object><name>proposal</name><bndbox><xmin>0</xmin><ymin>106</ymin><xmax>800</xmax><ymax>542</ymax></bndbox></object><object><name>proposal</name><bndbox><xmin>143</xmin><ymin>0</ymin><xmax>400</xmax><ymax>544</ymax></bndbox></object><object><name>proposal</name><bndbox><xmin>0</xmin><ymin>352</ymin><xmax>333</xmax><ymax>448</ymax></bndbox></object><object><name>proposal</name><bndbox><xmin>201</xmin><ymin>426</ymin><xmax>599</xmax><ymax>374</ymax></bndbox></object><object><name>proposal</name><bndbox><xmin>0</xmin><ymin>0</ymin><xmax>800</xmax><ymax>714</ymax></bndbox></object><object><name>proposal</name><bndbox><xmin>0</xmin><ymin>0</ymin><xmax>800</xmax><ymax>800</ymax></bndbox></object><object><name>proposal</name><bndbox><xmin>0</xmin><ymin>111</ymin><xmax>376</xmax><ymax>308</ymax></bndbox></object><object><name>proposal</name><bndbox><xmin>0</xmin><ymin>446</ymin><xmax>800</xmax><ymax>354</ymax></bndbox></object><object><name>proposal</name><bndbox><xmin>0</xmin><ymin>0</ymin><xmax>800</xmax><ymax>239</ymax></bndbox></object><object><name>proposal</name><bndbox><xmin>0</xmin><ymin>0</ymin><xmax>800</xmax><ymax>511</ymax></bndbox></object><object><name>proposal</name><bndbox><xmin>0</xmin><ymin>298</ymin><xmax>668</xmax><ymax>502</ymax></bndbox></object><object><name>proposal</name><bndbox><xmin>0</xmin><ymin>325</ymin><xmax>800</xmax><ymax>475</ymax></bndbox></object><object><name>proposal</name><bndbox><xmin>0</xmin><ymin>355</ymin><xmax>460</xmax><ymax>293</ymax></bndbox></object><object><name>proposal</name><bndbox><xmin>456</xmin><ymin>193</ymin><xmax>344</xmax><ymax>477</ymax></bndbox></object><object><name>proposal</name><bndbox><xmin>0</xmin><ymin>0</ymin><xmax>800</xmax><ymax>670</ymax></bndbox></object><object><name>proposal</name><bndbox><xmin>0</xmin><ymin>0</ymin><xmax>551</xmax><ymax>800</ymax></bndbox></object><object><name>proposal</name><bndbox><xmin>231</xmin><ymin>298</ymin><xmax>359</xmax><ymax>274</ymax></bndbox></object><object><name>proposal</name><bndbox><xmin>0</xmin><ymin>342</ymin><xmax>474</xmax><ymax>306</ymax></bndbox></object><object><name>proposal</name><bndbox><xmin>0</xmin><ymin>0</ymin><xmax>800</xmax><ymax>395</ymax></bndbox></object><object><name>proposal</name><bndbox><xmin>449</xmin><ymin>239</ymin><xmax>351</xmax><ymax>276</ymax></bndbox></object><object><name>proposal</name><bndbox><xmin>456</xmin><ymin>240</ymin><xmax>344</xmax><ymax>430</ymax></bndbox></object><object><name>proposal</name><bndbox><xmin>0</xmin><ymin>123</ymin><xmax>255</xmax><ymax>422</ymax></bndbox></object><object><name>proposal</name><bndbox><xmin>0</xmin><ymin>434</ymin><xmax>800</xmax><ymax>366</ymax></bndbox></object><object><name>proposal</name><bndbox><xmin>0</xmin><ymin>111</ymin><xmax>333</xmax><ymax>689</ymax></bndbox></object><object><name>proposal</name><bndbox><xmin>193</xmin><ymin>112</ymin><xmax>607</xmax><ymax>338</ymax></bndbox></object><object><name>proposal</name><bndbox><xmin>0</xmin><ymin>0</ymin><xmax>800</xmax><ymax>268</ymax></bndbox></object><object><name>proposal</name><bndbox><xmin>209</xmin><ymin>320</ymin><xmax>591</xmax><ymax>480</ymax></bndbox></object><object><name>proposal</name><bndbox><xmin>0</xmin><ymin>106</ymin><xmax>800</xmax><ymax>393</ymax></bndbox></object><object><name>proposal</name><bndbox><xmin>0</xmin><ymin>0</ymin><xmax>393</xmax><ymax>422</ymax></bndbox></object><object><name>proposal</name><bndbox><xmin>0</xmin><ymin>316</ymin><xmax>551</xmax><ymax>484</ymax></bndbox></object><object><name>proposal</name><bndbox><xmin>0</xmin><ymin>0</ymin><xmax>543</xmax><ymax>422</ymax></bndbox></object><object><name>proposal</name><bndbox><xmin>193</xmin><ymin>126</ymin><xmax>607</xmax><ymax>324</ymax></bndbox></object><object><name>proposal</name><bndbox><xmin>426</xmin><ymin>0</ymin><xmax>374</xmax><ymax>496</ymax></bndbox></object><object><name>proposal</name><bndbox><xmin>456</xmin><ymin>239</ymin><xmax>344</xmax><ymax>276</ymax></bndbox></object></annotation>