<annotation><folder>Proposals</folder><filename>img-260.jpg</filename><size><width>720</width><height>720</height><depth>3</depth></size><object><name>proposal</name><bndbox><xmin>0</xmin><ymin>143</ymin><xmax>510</xmax><ymax>286</ymax></bndbox></object><object><name>proposal</name><bndbox><xmin>172</xmin><ymin>177</ymin><xmax>356</xmax><ymax>217</ymax></bndbox></object><object><name>proposal</name><bndbox><xmin>278</xmin><ymin>277</ymin><xmax>268</xmax><ymax>230</ymax></bndbox></object><object><name>proposal</name><bndbox><xmin>166</xmin><ymin>162</ymin><xmax>340</xmax><ymax>270</ymax></bndbox></object><object><name>proposal</name><bndbox><xmin>320</xmin><ymin>312</ymin><xmax>93</xmax><ymax>77</ymax></bndbox></object><object><name>proposal</name><bndbox><xmin>0</xmin><ymin>164</ymin><xmax>503</xmax><ymax>310</ymax></bndbox></object><object><name>proposal</name><bndbox><xmin>304</xmin><ymin>316</ymin><xmax>107</xmax><ymax>78</ymax></bndbox></object><object><name>proposal</name><bndbox><xmin>334</xmin><ymin>277</ymin><xmax>133</xmax><ymax>112</ymax></bndbox></object><object><name>proposal</name><bndbox><xmin>232</xmin><ymin>249</ymin><xmax>169</xmax><ymax>163</ymax></bndbox></object><object><name>proposal</name><bndbox><xmin>284</xmin><ymin>312</ymin><xmax>226</xmax><ymax>117</ymax></bndbox></object><object><name>proposal</name><bndbox><xmin>201</xmin><ymin>303</ymin><xmax>181</xmax><ymax>109</ymax></bndbox></object><object><name>proposal</name><bndbox><xmin>271</xmin><ymin>317</ymin><xmax>196</xmax><ymax>103</ymax></bndbox></object><object><name>proposal</name><bndbox><xmin>167</xmin><ymin>164</ymin><xmax>327</xmax><ymax>268</ymax></bndbox></object><object><name>proposal</name><bndbox><xmin>357</xmin><ymin>327</ymin><xmax>137</xmax><ymax>90</ymax></bndbox></object><object><name>proposal</name><bndbox><xmin>236</xmin><ymin>274</ymin><xmax>302</xmax><ymax>143</ymax></bndbox></object><object><name>proposal</name><bndbox><xmin>296</xmin><ymin>307</ymin><xmax>117</xmax><ymax>67</ymax></bndbox></object><object><name>proposal</name><bndbox><xmin>304</xmin><ymin>277</ymin><xmax>242</xmax><ymax>143</ymax></bndbox></object><object><name>proposal</name><bndbox><xmin>271</xmin><ymin>312</ymin><xmax>196</xmax><ymax>108</ymax></bndbox></object><object><name>proposal</name><bndbox><xmin>270</xmin><ymin>198</ymin><xmax>436</xmax><ymax>237</ymax></bndbox></object><object><name>proposal</name><bndbox><xmin>177</xmin><ymin>132</ymin><xmax>332</xmax><ymax>288</ymax></bndbox></object><object><name>proposal</name><bndbox><xmin>166</xmin><ymin>167</ymin><xmax>340</xmax><ymax>265</ymax></bndbox></object><object><name>proposal</name><bndbox><xmin>241</xmin><ymin>334</ymin><xmax>115</xmax><ymax>82</ymax></bndbox></object><object><name>proposal</name><bndbox><xmin>296</xmin><ymin>312</ymin><xmax>117</xmax><ymax>108</ymax></bndbox></object><object><name>proposal</name><bndbox><xmin>166</xmin><ymin>167</ymin><xmax>357</xmax><ymax>265</ymax></bndbox></object><object><name>proposal</name><bndbox><xmin>191</xmin><ymin>125</ymin><xmax>278</xmax><ymax>260</ymax></bndbox></object><object><name>proposal</name><bndbox><xmin>156</xmin><ymin>198</ymin><xmax>550</xmax><ymax>265</ymax></bndbox></object><object><name>proposal</name><bndbox><xmin>66</xmin><ymin>273</ymin><xmax>428</xmax><ymax>149</ymax></bndbox></object><object><name>proposal</name><bndbox><xmin>206</xmin><ymin>313</ymin><xmax>135</xmax><ymax>99</ymax></bndbox></object><object><name>proposal</name><bndbox><xmin>66</xmin><ymin>303</ymin><xmax>440</xmax><ymax>180</ymax></bndbox></object><object><name>proposal</name><bndbox><xmin>396</xmin><ymin>285</ymin><xmax>165</xmax><ymax>116</ymax></bndbox></object><object><name>proposal</name><bndbox><xmin>64</xmin><ymin>163</ymin><xmax>464</xmax><ymax>258</ymax></bndbox></object><object><name>proposal</name><bndbox><xmin>260</xmin><ymin>334</ymin><xmax>120</xmax><ymax>92</ymax></bndbox></object><object><name>proposal</name><bndbox><xmin>241</xmin><ymin>312</ymin><xmax>140</xmax><ymax>108</ymax></bndbox></object><object><name>proposal</name><bndbox><xmin>232</xmin><ymin>249</ymin><xmax>277</xmax><ymax>171</ymax></bndbox></object><object><name>proposal</name><bndbox><xmin>304</xmin><ymin>307</ymin><xmax>107</xmax><ymax>87</ymax></bndbox></object><object><name>proposal</name><bndbox><xmin>284</xmin><ymin>321</ymin><xmax>226</xmax><ymax>99</ymax></bndbox></object><object><name>proposal</name><bndbox><xmin>357</xmin><ymin>347</ymin><xmax>126</xmax><ymax>70</ymax></bndbox></object><object><name>proposal</name><bndbox><xmin>320</xmin><ymin>316</ymin><xmax>91</xmax><ymax>73</ymax></bndbox></object><object><name>proposal</name><bndbox><xmin>362</xmin><ymin>210</ymin><xmax>184</xmax><ymax>186</ymax></bndbox></object><object><name>proposal</name><bndbox><xmin>260</xmin><ymin>334</ymin><xmax>95</xmax><ymax>79</ymax></bndbox></object><object><name>proposal</name><bndbox><xmin>334</xmin><ymin>281</ymin><xmax>175</xmax><ymax>136</ymax></bndbox></object><object><name>proposal</name><bndbox><xmin>390</xmin><ymin>277</ymin><xmax>156</xmax><ymax>135</ymax></bndbox></object><object><name>proposal</name><bndbox><xmin>359</xmin><ymin>329</ymin><xmax>147</xmax><ymax>103</ymax></bndbox></object><object><name>proposal</name><bndbox><xmin>236</xmin><ymin>312</ymin><xmax>263</xmax><ymax>172</ymax></bndbox></object><object><name>proposal</name><bndbox><xmin>237</xmin><ymin>355</ymin><xmax>143</xmax><ymax>65</ymax></bndbox></object><object><name>proposal</name><bndbox><xmin>236</xmin><ymin>324</ymin><xmax>258</xmax><ymax>96</ymax></bndbox></object><object><name>proposal</name><bndbox><xmin>0</xmin><ymin>132</ymin><xmax>538</xmax><ymax>288</ymax></bndbox></object><object><name>proposal</name><bndbox><xmin>237</xmin><ymin>324</ymin><xmax>249</xmax><ymax>93</ymax></bndbox></object><object><name>proposal</name><bndbox><xmin>241</xmin><ymin>312</ymin><xmax>265</xmax><ymax>120</ymax></bndbox></object><object><name>proposal</name><bndbox><xmin>394</xmin><ymin>272</ymin><xmax>167</xmax><ymax>189</ymax></bndbox></object><object><name>proposal</name><bndbox><xmin>236</xmin><ymin>324</ymin><xmax>263</xmax><ymax>160</ymax></bndbox></object><object><name>proposal</name><bndbox><xmin>320</xmin><ymin>312</ymin><xmax>93</xmax><ymax>108</ymax></bndbox></object><object><name>proposal</name><bndbox><xmin>260</xmin><ymin>342</ymin><xmax>120</xmax><ymax>84</ymax></bndbox></object><object><name>proposal</name><bndbox><xmin>241</xmin><ymin>312</ymin><xmax>172</xmax><ymax>171</ymax></bndbox></object><object><name>proposal</name><bndbox><xmin>281</xmin><ymin>343</ymin><xmax>97</xmax><ymax>70</ymax></bndbox></object><object><name>proposal</name><bndbox><xmin>237</xmin><ymin>355</ymin><xmax>119</xmax><ymax>58</ymax></bndbox></object><object><name>proposal</name><bndbox><xmin>232</xmin><ymin>249</ymin><xmax>404</xmax><ymax>299</ymax></bndbox></object><object><name>proposal</name><bndbox><xmin>357</xmin><ymin>347</ymin><xmax>137</xmax><ymax>70</ymax></bndbox></object><object><name>proposal</name><bndbox><xmin>280</xmin><ymin>328</ymin><xmax>100</xmax><ymax>92</ymax></bndbox></object><object><name>proposal</name><bndbox><xmin>236</xmin><ymin>324</ymin><xmax>274</xmax><ymax>96</ymax></bndbox></object><object><name>proposal</name><bndbox><xmin>185</xmin><ymin>313</ymin><xmax>197</xmax><ymax>107</ymax></bndbox></object><object><name>proposal</name><bndbox><xmin>281</xmin><ymin>312</ymin><xmax>182</xmax><ymax>117</ymax></bndbox></object><object><name>proposal</name><bndbox><xmin>0</xmin><ymin>164</ymin><xmax>494</xmax><ymax>310</ymax></bndbox></object><object><name>proposal</name><bndbox><xmin>185</xmin><ymin>303</ymin><xmax>197</xmax><ymax>117</ymax></bndbox></object><object><name>proposal</name><bndbox><xmin>85</xmin><ymin>263</ymin><xmax>414</xmax><ymax>221</ymax></bndbox></object><object><name>proposal</name><bndbox><xmin>0</xmin><ymin>273</ymin><xmax>494</xmax><ymax>149</ymax></bndbox></object><object><name>proposal</name><bndbox><xmin>311</xmin><ymin>272</ymin><xmax>250</xmax><ymax>189</ymax></bndbox></object><object><name>proposal</name><bndbox><xmin>334</xmin><ymin>323</ymin><xmax>160</xmax><ymax>94</ymax></bndbox></object><object><name>proposal</name><bndbox><xmin>281</xmin><ymin>312</ymin><xmax>229</xmax><ymax>117</ymax></bndbox></object><object><name>proposal</name><bndbox><xmin>49</xmin><ymin>274</ymin><xmax>489</xmax><ymax>205</ymax></bndbox></object><object><name>proposal</name><bndbox><xmin>311</xmin><ymin>274</ymin><xmax>227</xmax><ymax>205</ymax></bndbox></object><object><name>proposal</name><bndbox><xmin>185</xmin><ymin>281</ymin><xmax>324</xmax><ymax>139</ymax></bndbox></object><object><name>proposal</name><bndbox><xmin>284</xmin><ymin>324</ymin><xmax>210</xmax><ymax>160</ymax></bndbox></object><object><name>proposal</name><bndbox><xmin>64</xmin><ymin>291</ymin><xmax>403</xmax><ymax>129</ymax></bndbox></object><object><name>proposal</name><bndbox><xmin>248</xmin><ymin>317</ymin><xmax>133</xmax><ymax>103</ymax></bndbox></object><object><name>proposal</name><bndbox><xmin>218</xmin><ymin>177</ymin><xmax>308</xmax><ymax>188</ymax></bndbox></object><object><name>proposal</name><bndbox><xmin>118</xmin><ymin>286</ymin><xmax>379</xmax><ymax>136</ymax></bndbox></object><object><name>proposal</name><bndbox><xmin>64</xmin><ymin>268</ymin><xmax>446</xmax><ymax>161</ymax></bndbox></object><object><name>proposal</name><bndbox><xmin>117</xmin><ymin>291</ymin><xmax>350</xmax><ymax>129</ymax></bndbox></object><object><name>proposal</name><bndbox><xmin>396</xmin><ymin>285</ymin><xmax>150</xmax><ymax>116</ymax></bndbox></object><object><name>proposal</name><bndbox><xmin>64</xmin><ymin>285</ymin><xmax>403</xmax><ymax>135</ymax></bndbox></object><object><name>proposal</name><bndbox><xmin>394</xmin><ymin>274</ymin><xmax>144</xmax><ymax>205</ymax></bndbox></object><object><name>proposal</name><bndbox><xmin>296</xmin><ymin>307</ymin><xmax>190</xmax><ymax>110</ymax></bndbox></object><object><name>proposal</name><bndbox><xmin>49</xmin><ymin>284</ymin><xmax>437</xmax><ymax>136</ymax></bndbox></object><object><name>proposal</name><bndbox><xmin>241</xmin><ymin>312</ymin><xmax>242</xmax><ymax>120</ymax></bndbox></object><object><name>proposal</name><bndbox><xmin>284</xmin><ymin>324</ymin><xmax>215</xmax><ymax>160</ymax></bndbox></object><object><name>proposal</name><bndbox><xmin>281</xmin><ymin>320</ymin><xmax>229</xmax><ymax>100</ymax></bndbox></object><object><name>proposal</name><bndbox><xmin>241</xmin><ymin>272</ymin><xmax>305</xmax><ymax>189</ymax></bndbox></object><object><name>proposal</name><bndbox><xmin>284</xmin><ymin>334</ymin><xmax>96</xmax><ymax>92</ymax></bndbox></object><object><name>proposal</name><bndbox><xmin>397</xmin><ymin>292</ymin><xmax>141</xmax><ymax>109</ymax></bndbox></object><object><name>proposal</name><bndbox><xmin>172</xmin><ymin>177</ymin><xmax>374</xmax><ymax>225</ymax></bndbox></object><object><name>proposal</name><bndbox><xmin>172</xmin><ymin>177</ymin><xmax>374</xmax><ymax>307</ymax></bndbox></object><object><name>proposal</name><bndbox><xmin>280</xmin><ymin>333</ymin><xmax>100</xmax><ymax>87</ymax></bndbox></object><object><name>proposal</name><bndbox><xmin>304</xmin><ymin>324</ymin><xmax>202</xmax><ymax>108</ymax></bndbox></object><object><name>proposal</name><bndbox><xmin>236</xmin><ymin>324</ymin><xmax>258</xmax><ymax>160</ymax></bndbox></object><object><name>proposal</name><bndbox><xmin>340</xmin><ymin>324</ymin><xmax>71</xmax><ymax>96</ymax></bndbox></object><object><name>proposal</name><bndbox><xmin>241</xmin><ymin>334</ymin><xmax>114</xmax><ymax>79</ymax></bndbox></object><object><name>proposal</name><bndbox><xmin>236</xmin><ymin>324</ymin><xmax>274</xmax><ymax>105</ymax></bndbox></object><object><name>proposal</name><bndbox><xmin>237</xmin><ymin>335</ymin><xmax>119</xmax><ymax>78</ymax></bndbox></object><object><name>proposal</name><bndbox><xmin>66</xmin><ymin>303</ymin><xmax>440</xmax><ymax>172</ymax></bndbox></object><object><name>proposal</name><bndbox><xmin>241</xmin><ymin>317</ymin><xmax>265</xmax><ymax>115</ymax></bndbox></object><object><name>proposal</name><bndbox><xmin>0</xmin><ymin>164</ymin><xmax>506</xmax><ymax>268</ymax></bndbox></object><object><name>proposal</name><bndbox><xmin>166</xmin><ymin>162</ymin><xmax>357</xmax><ymax>270</ymax></bndbox></object><object><name>proposal</name><bndbox><xmin>237</xmin><ymin>333</ymin><xmax>119</xmax><ymax>80</ymax></bndbox></object><object><name>proposal</name><bndbox><xmin>241</xmin><ymin>324</ymin><xmax>242</xmax><ymax>108</ymax></bndbox></object><object><name>proposal</name><bndbox><xmin>241</xmin><ymin>338</ymin><xmax>139</xmax><ymax>145</ymax></bndbox></object><object><name>proposal</name><bndbox><xmin>278</xmin><ymin>277</ymin><xmax>357</xmax><ymax>328</ymax></bndbox></object><object><name>proposal</name><bndbox><xmin>0</xmin><ymin>125</ymin><xmax>510</xmax><ymax>304</ymax></bndbox></object><object><name>proposal</name><bndbox><xmin>296</xmin><ymin>307</ymin><xmax>157</xmax><ymax>73</ymax></bndbox></object><object><name>proposal</name><bndbox><xmin>303</xmin><ymin>312</ymin><xmax>160</xmax><ymax>61</ymax></bndbox></object><object><name>proposal</name><bndbox><xmin>77</xmin><ymin>163</ymin><xmax>449</xmax><ymax>258</ymax></bndbox></object><object><name>proposal</name><bndbox><xmin>304</xmin><ymin>323</ymin><xmax>78</xmax><ymax>97</ymax></bndbox></object><object><name>proposal</name><bndbox><xmin>64</xmin><ymin>271</ymin><xmax>403</xmax><ymax>149</ymax></bndbox></object><object><name>proposal</name><bndbox><xmin>237</xmin><ymin>324</ymin><xmax>249</xmax><ymax>96</ymax></bndbox></object><object><name>proposal</name><bndbox><xmin>303</xmin><ymin>312</ymin><xmax>110</xmax><ymax>61</ymax></bndbox></object><object><name>proposal</name><bndbox><xmin>311</xmin><ymin>324</ymin><xmax>195</xmax><ymax>108</ymax></bndbox></object><object><name>proposal</name><bndbox><xmin>249</xmin><ymin>313</ymin><xmax>133</xmax><ymax>99</ymax></bndbox></object><object><name>proposal</name><bndbox><xmin>219</xmin><ymin>177</ymin><xmax>327</xmax><ymax>330</ymax></bndbox></object><object><name>proposal</name><bndbox><xmin>357</xmin><ymin>347</ymin><xmax>152</xmax><ymax>70</ymax></bndbox></object><object><name>proposal</name><bndbox><xmin>201</xmin><ymin>303</ymin><xmax>293</xmax><ymax>114</ymax></bndbox></object><object><name>proposal</name><bndbox><xmin>218</xmin><ymin>177</ymin><xmax>198</xmax><ymax>188</ymax></bndbox></object><object><name>proposal</name><bndbox><xmin>284</xmin><ymin>312</ymin><xmax>210</xmax><ymax>117</ymax></bndbox></object><object><name>proposal</name><bndbox><xmin>49</xmin><ymin>284</ymin><xmax>404</xmax><ymax>136</ymax></bndbox></object><object><name>proposal</name><bndbox><xmin>284</xmin><ymin>321</ymin><xmax>210</xmax><ymax>163</ymax></bndbox></object><object><name>proposal</name><bndbox><xmin>340</xmin><ymin>324</ymin><xmax>166</xmax><ymax>108</ymax></bndbox></object><object><name>proposal</name><bndbox><xmin>311</xmin><ymin>324</ymin><xmax>172</xmax><ymax>108</ymax></bndbox></object><object><name>proposal</name><bndbox><xmin>359</xmin><ymin>321</ymin><xmax>147</xmax><ymax>111</ymax></bndbox></object><object><name>proposal</name><bndbox><xmin>236</xmin><ymin>307</ymin><xmax>250</xmax><ymax>113</ymax></bndbox></object><object><name>proposal</name><bndbox><xmin>0</xmin><ymin>253</ymin><xmax>494</xmax><ymax>173</ymax></bndbox></object><object><name>proposal</name><bndbox><xmin>311</xmin><ymin>324</ymin><xmax>185</xmax><ymax>108</ymax></bndbox></object><object><name>proposal</name><bndbox><xmin>166</xmin><ymin>167</ymin><xmax>357</xmax><ymax>245</ymax></bndbox></object><object><name>proposal</name><bndbox><xmin>64</xmin><ymin>274</ymin><xmax>474</xmax><ymax>143</ymax></bndbox></object><object><name>proposal</name><bndbox><xmin>280</xmin><ymin>312</ymin><xmax>173</xmax><ymax>108</ymax></bndbox></object><object><name>proposal</name><bndbox><xmin>281</xmin><ymin>324</ymin><xmax>213</xmax><ymax>96</ymax></bndbox></object><object><name>proposal</name><bndbox><xmin>280</xmin><ymin>312</ymin><xmax>139</xmax><ymax>108</ymax></bndbox></object><object><name>proposal</name><bndbox><xmin>334</xmin><ymin>323</ymin><xmax>175</xmax><ymax>94</ymax></bndbox></object><object><name>proposal</name><bndbox><xmin>260</xmin><ymin>317</ymin><xmax>121</xmax><ymax>96</ymax></bndbox></object><object><name>proposal</name><bndbox><xmin>397</xmin><ymin>292</ymin><xmax>141</xmax><ymax>187</ymax></bndbox></object><object><name>proposal</name><bndbox><xmin>303</xmin><ymin>312</ymin><xmax>110</xmax><ymax>62</ymax></bndbox></object><object><name>proposal</name><bndbox><xmin>64</xmin><ymin>159</ymin><xmax>462</xmax><ymax>262</ymax></bndbox></object><object><name>proposal</name><bndbox><xmin>316</xmin><ymin>312</ymin><xmax>137</xmax><ymax>62</ymax></bndbox></object><object><name>proposal</name><bndbox><xmin>166</xmin><ymin>167</ymin><xmax>294</xmax><ymax>245</ymax></bndbox></object><object><name>proposal</name><bndbox><xmin>236</xmin><ymin>333</ymin><xmax>120</xmax><ymax>80</ymax></bndbox></object><object><name>proposal</name><bndbox><xmin>118</xmin><ymin>286</ymin><xmax>379</xmax><ymax>140</ymax></bndbox></object><object><name>proposal</name><bndbox><xmin>334</xmin><ymin>204</ymin><xmax>212</xmax><ymax>192</ymax></bndbox></object><object><name>proposal</name><bndbox><xmin>311</xmin><ymin>272</ymin><xmax>235</xmax><ymax>160</ymax></bndbox></object><object><name>proposal</name><bndbox><xmin>64</xmin><ymin>163</ymin><xmax>482</xmax><ymax>258</ymax></bndbox></object><object><name>proposal</name><bndbox><xmin>362</xmin><ymin>204</ymin><xmax>184</xmax><ymax>192</ymax></bndbox></object><object><name>proposal</name><bndbox><xmin>241</xmin><ymin>272</ymin><xmax>320</xmax><ymax>189</ymax></bndbox></object><object><name>proposal</name><bndbox><xmin>281</xmin><ymin>332</ymin><xmax>97</xmax><ymax>81</ymax></bndbox></object><object><name>proposal</name><bndbox><xmin>236</xmin><ymin>312</ymin><xmax>274</xmax><ymax>117</ymax></bndbox></object><object><name>proposal</name><bndbox><xmin>232</xmin><ymin>249</ymin><xmax>109</xmax><ymax>163</ymax></bndbox></object><object><name>proposal</name><bndbox><xmin>284</xmin><ymin>312</ymin><xmax>215</xmax><ymax>172</ymax></bndbox></object><object><name>proposal</name><bndbox><xmin>281</xmin><ymin>317</ymin><xmax>229</xmax><ymax>112</ymax></bndbox></object><object><name>proposal</name><bndbox><xmin>280</xmin><ymin>312</ymin><xmax>100</xmax><ymax>108</ymax></bndbox></object><object><name>proposal</name><bndbox><xmin>300</xmin><ymin>324</ymin><xmax>206</xmax><ymax>108</ymax></bndbox></object><object><name>proposal</name><bndbox><xmin>237</xmin><ymin>313</ymin><xmax>104</xmax><ymax>132</ymax></bndbox></object><object><name>proposal</name><bndbox><xmin>248</xmin><ymin>317</ymin><xmax>258</xmax><ymax>115</ymax></bndbox></object><object><name>proposal</name><bndbox><xmin>284</xmin><ymin>321</ymin><xmax>215</xmax><ymax>163</ymax></bndbox></object><object><name>proposal</name><bndbox><xmin>280</xmin><ymin>312</ymin><xmax>133</xmax><ymax>108</ymax></bndbox></object><object><name>proposal</name><bndbox><xmin>281</xmin><ymin>320</ymin><xmax>213</xmax><ymax>100</ymax></bndbox></object><object><name>proposal</name><bndbox><xmin>396</xmin><ymin>280</ymin><xmax>165</xmax><ymax>121</ymax></bndbox></object><object><name>proposal</name><bndbox><xmin>394</xmin><ymin>272</ymin><xmax>167</xmax><ymax>129</ymax></bndbox></object><object><name>proposal</name><bndbox><xmin>260</xmin><ymin>324</ymin><xmax>234</xmax><ymax>160</ymax></bndbox></object><object><name>proposal</name><bndbox><xmin>284</xmin><ymin>324</ymin><xmax>210</xmax><ymax>96</ymax></bndbox></object><object><name>proposal</name><bndbox><xmin>172</xmin><ymin>163</ymin><xmax>356</xmax><ymax>231</ymax></bndbox></object><object><name>proposal</name><bndbox><xmin>236</xmin><ymin>307</ymin><xmax>217</xmax><ymax>113</ymax></bndbox></object><object><name>proposal</name><bndbox><xmin>304</xmin><ymin>307</ymin><xmax>107</xmax><ymax>113</ymax></bndbox></object><object><name>proposal</name><bndbox><xmin>241</xmin><ymin>312</ymin><xmax>265</xmax><ymax>171</ymax></bndbox></object><object><name>proposal</name><bndbox><xmin>64</xmin><ymin>159</ymin><xmax>482</xmax><ymax>262</ymax></bndbox></object><object><name>proposal</name><bndbox><xmin>284</xmin><ymin>312</ymin><xmax>226</xmax><ymax>108</ymax></bndbox></object><object><name>proposal</name><bndbox><xmin>156</xmin><ymin>313</ymin><xmax>185</xmax><ymax>155</ymax></bndbox></object><object><name>proposal</name><bndbox><xmin>304</xmin><ymin>307</ymin><xmax>179</xmax><ymax>113</ymax></bndbox></object><object><name>proposal</name><bndbox><xmin>156</xmin><ymin>303</ymin><xmax>338</xmax><ymax>160</ymax></bndbox></object><object><name>proposal</name><bndbox><xmin>0</xmin><ymin>132</ymin><xmax>538</xmax><ymax>285</ymax></bndbox></object><object><name>proposal</name><bndbox><xmin>166</xmin><ymin>162</ymin><xmax>294</xmax><ymax>250</ymax></bndbox></object><object><name>proposal</name><bndbox><xmin>0</xmin><ymin>159</ymin><xmax>546</xmax><ymax>243</ymax></bndbox></object><object><name>proposal</name><bndbox><xmin>281</xmin><ymin>312</ymin><xmax>132</xmax><ymax>101</ymax></bndbox></object><object><name>proposal</name><bndbox><xmin>241</xmin><ymin>338</ymin><xmax>114</xmax><ymax>75</ymax></bndbox></object><object><name>proposal</name><bndbox><xmin>0</xmin><ymin>136</ymin><xmax>506</xmax><ymax>296</ymax></bndbox></object><object><name>proposal</name><bndbox><xmin>284</xmin><ymin>321</ymin><xmax>210</xmax><ymax>99</ymax></bndbox></object><object><name>proposal</name><bndbox><xmin>304</xmin><ymin>307</ymin><xmax>205</xmax><ymax>113</ymax></bndbox></object><object><name>proposal</name><bndbox><xmin>191</xmin><ymin>125</ymin><xmax>319</xmax><ymax>304</ymax></bndbox></object><object><name>proposal</name><bndbox><xmin>304</xmin><ymin>307</ymin><xmax>105</xmax><ymax>113</ymax></bndbox></object><object><name>proposal</name><bndbox><xmin>320</xmin><ymin>272</ymin><xmax>241</xmax><ymax>189</ymax></bndbox></object><object><name>proposal</name><bndbox><xmin>64</xmin><ymin>269</ymin><xmax>497</xmax><ymax>192</ymax></bndbox></object><object><name>proposal</name><bndbox><xmin>296</xmin><ymin>312</ymin><xmax>117</xmax><ymax>61</ymax></bndbox></object><object><name>proposal</name><bndbox><xmin>241</xmin><ymin>335</ymin><xmax>115</xmax><ymax>81</ymax></bndbox></object><object><name>proposal</name><bndbox><xmin>241</xmin><ymin>317</ymin><xmax>140</xmax><ymax>103</ymax></bndbox></object><object><name>proposal</name><bndbox><xmin>300</xmin><ymin>317</ymin><xmax>206</xmax><ymax>115</ymax></bndbox></object><object><name>proposal</name><bndbox><xmin>180</xmin><ymin>163</ymin><xmax>346</xmax><ymax>202</ymax></bndbox></object><object><name>proposal</name><bndbox><xmin>311</xmin><ymin>324</ymin><xmax>175</xmax><ymax>93</ymax></bndbox></object><object><name>proposal</name><bndbox><xmin>281</xmin><ymin>343</ymin><xmax>99</xmax><ymax>86</ymax></bndbox></object><object><name>proposal</name><bndbox><xmin>236</xmin><ymin>317</ymin><xmax>258</xmax><ymax>167</ymax></bndbox></object><object><name>proposal</name><bndbox><xmin>66</xmin><ymin>273</ymin><xmax>428</xmax><ymax>153</ymax></bndbox></object><object><name>proposal</name><bndbox><xmin>237</xmin><ymin>274</ymin><xmax>301</xmax><ymax>143</ymax></bndbox></object><object><name>proposal</name><bndbox><xmin>260</xmin><ymin>355</ymin><xmax>120</xmax><ymax>71</ymax></bndbox></object><object><name>proposal</name><bndbox><xmin>219</xmin><ymin>177</ymin><xmax>327</xmax><ymax>219</ymax></bndbox></object><object><name>proposal</name><bndbox><xmin>66</xmin><ymin>253</ymin><xmax>428</xmax><ymax>169</ymax></bndbox></object><object><name>proposal</name><bndbox><xmin>166</xmin><ymin>162</ymin><xmax>357</xmax><ymax>250</ymax></bndbox></object><object><name>proposal</name><bndbox><xmin>64</xmin><ymin>163</ymin><xmax>462</xmax><ymax>258</ymax></bndbox></object><object><name>proposal</name><bndbox><xmin>191</xmin><ymin>125</ymin><xmax>270</xmax><ymax>260</ymax></bndbox></object><object><name>proposal</name><bndbox><xmin>284</xmin><ymin>321</ymin><xmax>210</xmax><ymax>108</ymax></bndbox></object><object><name>proposal</name><bndbox><xmin>249</xmin><ymin>313</ymin><xmax>92</xmax><ymax>99</ymax></bndbox></object><object><name>proposal</name><bndbox><xmin>241</xmin><ymin>334</ymin><xmax>139</xmax><ymax>92</ymax></bndbox></object><object><name>proposal</name><bndbox><xmin>300</xmin><ymin>321</ymin><xmax>206</xmax><ymax>111</ymax></bndbox></object><object><name>proposal</name><bndbox><xmin>247</xmin><ymin>334</ymin><xmax>133</xmax><ymax>92</ymax></bndbox></object><object><name>proposal</name><bndbox><xmin>166</xmin><ymin>167</ymin><xmax>303</xmax><ymax>245</ymax></bndbox></object><object><name>proposal</name><bndbox><xmin>236</xmin><ymin>333</ymin><xmax>144</xmax><ymax>87</ymax></bndbox></object><object><name>proposal</name><bndbox><xmin>0</xmin><ymin>159</ymin><xmax>526</xmax><ymax>262</ymax></bndbox></object><object><name>proposal</name><bndbox><xmin>334</xmin><ymin>277</ymin><xmax>212</xmax><ymax>119</ymax></bndbox></object><object><name>proposal</name><bndbox><xmin>311</xmin><ymin>280</ymin><xmax>250</xmax><ymax>181</ymax></bndbox></object><object><name>proposal</name><bndbox><xmin>64</xmin><ymin>269</ymin><xmax>316</xmax><ymax>157</ymax></bndbox></object><object><name>proposal</name><bndbox><xmin>288</xmin><ymin>324</ymin><xmax>218</xmax><ymax>159</ymax></bndbox></object><object><name>proposal</name><bndbox><xmin>281</xmin><ymin>317</ymin><xmax>229</xmax><ymax>103</ymax></bndbox></object><object><name>proposal</name><bndbox><xmin>237</xmin><ymin>324</ymin><xmax>144</xmax><ymax>89</ymax></bndbox></object><object><name>proposal</name><bndbox><xmin>394</xmin><ymin>274</ymin><xmax>144</xmax><ymax>127</ymax></bndbox></object><object><name>proposal</name><bndbox><xmin>320</xmin><ymin>272</ymin><xmax>241</xmax><ymax>129</ymax></bndbox></object><object><name>proposal</name><bndbox><xmin>311</xmin><ymin>324</ymin><xmax>202</xmax><ymax>137</ymax></bndbox></object><object><name>proposal</name><bndbox><xmin>260</xmin><ymin>317</ymin><xmax>121</xmax><ymax>103</ymax></bndbox></object><object><name>proposal</name><bndbox><xmin>0</xmin><ymin>122</ymin><xmax>486</xmax><ymax>298</ymax></bndbox></object><object><name>proposal</name><bndbox><xmin>357</xmin><ymin>327</ymin><xmax>126</xmax><ymax>90</ymax></bndbox></object><object><name>proposal</name><bndbox><xmin>241</xmin><ymin>272</ymin><xmax>305</xmax><ymax>160</ymax></bndbox></object><object><name>proposal</name><bndbox><xmin>167</xmin><ymin>164</ymin><xmax>336</xmax><ymax>268</ymax></bndbox></object><object><name>proposal</name><bndbox><xmin>185</xmin><ymin>313</ymin><xmax>156</xmax><ymax>99</ymax></bndbox></object><object><name>proposal</name><bndbox><xmin>66</xmin><ymin>253</ymin><xmax>428</xmax><ymax>173</ymax></bndbox></object><object><name>proposal</name><bndbox><xmin>260</xmin><ymin>317</ymin><xmax>246</xmax><ymax>115</ymax></bndbox></object><object><name>proposal</name><bndbox><xmin>241</xmin><ymin>312</ymin><xmax>172</xmax><ymax>108</ymax></bndbox></object><object><name>proposal</name><bndbox><xmin>311</xmin><ymin>285</ymin><xmax>235</xmax><ymax>147</ymax></bndbox></object><object><name>proposal</name><bndbox><xmin>0</xmin><ymin>253</ymin><xmax>494</xmax><ymax>169</ymax></bndbox></object><object><name>proposal</name><bndbox><xmin>180</xmin><ymin>159</ymin><xmax>346</xmax><ymax>206</ymax></bndbox></object><object><name>proposal</name><bndbox><xmin>281</xmin><ymin>312</ymin><xmax>182</xmax><ymax>101</ymax></bndbox></object><object><name>proposal</name><bndbox><xmin>314</xmin><ymin>312</ymin><xmax>149</xmax><ymax>62</ymax></bndbox></object><object><name>proposal</name><bndbox><xmin>0</xmin><ymin>152</ymin><xmax>526</xmax><ymax>269</ymax></bndbox></object><object><name>proposal</name><bndbox><xmin>311</xmin><ymin>312</ymin><xmax>172</xmax><ymax>120</ymax></bndbox></object><object><name>proposal</name><bndbox><xmin>49</xmin><ymin>274</ymin><xmax>489</xmax><ymax>143</ymax></bndbox></object></annotation>