<annotation><folder>Proposals</folder><filename>img-137.jpg</filename><size><width>720</width><height>720</height><depth>3</depth></size><object><name>proposal</name><bndbox><xmin>332</xmin><ymin>296</ymin><xmax>131</xmax><ymax>69</ymax></bndbox></object><object><name>proposal</name><bndbox><xmin>332</xmin><ymin>296</ymin><xmax>259</xmax><ymax>239</ymax></bndbox></object><object><name>proposal</name><bndbox><xmin>362</xmin><ymin>301</ymin><xmax>155</xmax><ymax>97</ymax></bndbox></object><object><name>proposal</name><bndbox><xmin>328</xmin><ymin>300</ymin><xmax>189</xmax><ymax>158</ymax></bndbox></object><object><name>proposal</name><bndbox><xmin>342</xmin><ymin>328</ymin><xmax>81</xmax><ymax>130</ymax></bndbox></object><object><name>proposal</name><bndbox><xmin>338</xmin><ymin>343</ymin><xmax>146</xmax><ymax>170</ymax></bndbox></object><object><name>proposal</name><bndbox><xmin>256</xmin><ymin>296</ymin><xmax>283</xmax><ymax>212</ymax></bndbox></object><object><name>proposal</name><bndbox><xmin>360</xmin><ymin>413</ymin><xmax>143</xmax><ymax>118</ymax></bndbox></object><object><name>proposal</name><bndbox><xmin>312</xmin><ymin>343</ymin><xmax>159</xmax><ymax>170</ymax></bndbox></object><object><name>proposal</name><bndbox><xmin>256</xmin><ymin>374</ymin><xmax>215</xmax><ymax>135</ymax></bndbox></object><object><name>proposal</name><bndbox><xmin>256</xmin><ymin>217</ymin><xmax>443</xmax><ymax>291</ymax></bndbox></object><object><name>proposal</name><bndbox><xmin>306</xmin><ymin>343</ymin><xmax>178</xmax><ymax>171</ymax></bndbox></object><object><name>proposal</name><bndbox><xmin>325</xmin><ymin>359</ymin><xmax>146</xmax><ymax>138</ymax></bndbox></object><object><name>proposal</name><bndbox><xmin>293</xmin><ymin>301</ymin><xmax>224</xmax><ymax>212</ymax></bndbox></object><object><name>proposal</name><bndbox><xmin>312</xmin><ymin>300</ymin><xmax>251</xmax><ymax>312</ymax></bndbox></object><object><name>proposal</name><bndbox><xmin>366</xmin><ymin>336</ymin><xmax>225</xmax><ymax>199</ymax></bndbox></object><object><name>proposal</name><bndbox><xmin>332</xmin><ymin>296</ymin><xmax>136</xmax><ymax>83</ymax></bndbox></object><object><name>proposal</name><bndbox><xmin>336</xmin><ymin>254</ymin><xmax>297</xmax><ymax>240</ymax></bndbox></object><object><name>proposal</name><bndbox><xmin>269</xmin><ymin>296</ymin><xmax>163</xmax><ymax>129</ymax></bndbox></object><object><name>proposal</name><bndbox><xmin>266</xmin><ymin>380</ymin><xmax>207</xmax><ymax>128</ymax></bndbox></object><object><name>proposal</name><bndbox><xmin>370</xmin><ymin>296</ymin><xmax>98</xmax><ymax>83</ymax></bndbox></object><object><name>proposal</name><bndbox><xmin>256</xmin><ymin>359</ymin><xmax>248</xmax><ymax>154</ymax></bndbox></object><object><name>proposal</name><bndbox><xmin>256</xmin><ymin>375</ymin><xmax>217</xmax><ymax>138</ymax></bndbox></object><object><name>proposal</name><bndbox><xmin>364</xmin><ymin>310</ymin><xmax>175</xmax><ymax>138</ymax></bndbox></object><object><name>proposal</name><bndbox><xmin>266</xmin><ymin>363</ymin><xmax>207</xmax><ymax>150</ymax></bndbox></object><object><name>proposal</name><bndbox><xmin>246</xmin><ymin>301</ymin><xmax>332</xmax><ymax>370</ymax></bndbox></object><object><name>proposal</name><bndbox><xmin>256</xmin><ymin>301</ymin><xmax>221</xmax><ymax>212</ymax></bndbox></object><object><name>proposal</name><bndbox><xmin>368</xmin><ymin>295</ymin><xmax>149</xmax><ymax>114</ymax></bndbox></object><object><name>proposal</name><bndbox><xmin>336</xmin><ymin>296</ymin><xmax>147</xmax><ymax>155</ymax></bndbox></object><object><name>proposal</name><bndbox><xmin>342</xmin><ymin>295</ymin><xmax>132</xmax><ymax>127</ymax></bndbox></object><object><name>proposal</name><bndbox><xmin>312</xmin><ymin>301</ymin><xmax>192</xmax><ymax>213</ymax></bndbox></object><object><name>proposal</name><bndbox><xmin>257</xmin><ymin>300</ymin><xmax>234</xmax><ymax>225</ymax></bndbox></object><object><name>proposal</name><bndbox><xmin>411</xmin><ymin>300</ymin><xmax>106</xmax><ymax>98</ymax></bndbox></object><object><name>proposal</name><bndbox><xmin>349</xmin><ymin>301</ymin><xmax>168</xmax><ymax>214</ymax></bndbox></object><object><name>proposal</name><bndbox><xmin>411</xmin><ymin>300</ymin><xmax>106</xmax><ymax>109</ymax></bndbox></object><object><name>proposal</name><bndbox><xmin>257</xmin><ymin>264</ymin><xmax>461</xmax><ymax>252</ymax></bndbox></object><object><name>proposal</name><bndbox><xmin>332</xmin><ymin>217</ymin><xmax>309</xmax><ymax>266</ymax></bndbox></object><object><name>proposal</name><bndbox><xmin>322</xmin><ymin>295</ymin><xmax>195</xmax><ymax>159</ymax></bndbox></object><object><name>proposal</name><bndbox><xmin>257</xmin><ymin>350</ymin><xmax>214</xmax><ymax>158</ymax></bndbox></object><object><name>proposal</name><bndbox><xmin>332</xmin><ymin>296</ymin><xmax>207</xmax><ymax>152</ymax></bndbox></object><object><name>proposal</name><bndbox><xmin>362</xmin><ymin>301</ymin><xmax>155</xmax><ymax>108</ymax></bndbox></object><object><name>proposal</name><bndbox><xmin>349</xmin><ymin>363</ymin><xmax>124</xmax><ymax>134</ymax></bndbox></object><object><name>proposal</name><bndbox><xmin>332</xmin><ymin>217</ymin><xmax>367</xmax><ymax>268</ymax></bndbox></object><object><name>proposal</name><bndbox><xmin>259</xmin><ymin>397</ymin><xmax>229</xmax><ymax>116</ymax></bndbox></object><object><name>proposal</name><bndbox><xmin>312</xmin><ymin>343</ymin><xmax>192</xmax><ymax>171</ymax></bndbox></object><object><name>proposal</name><bndbox><xmin>385</xmin><ymin>295</ymin><xmax>132</xmax><ymax>103</ymax></bndbox></object><object><name>proposal</name><bndbox><xmin>322</xmin><ymin>301</ymin><xmax>107</xmax><ymax>157</ymax></bndbox></object><object><name>proposal</name><bndbox><xmin>363</xmin><ymin>336</ymin><xmax>145</xmax><ymax>115</ymax></bndbox></object><object><name>proposal</name><bndbox><xmin>362</xmin><ymin>301</ymin><xmax>155</xmax><ymax>98</ymax></bndbox></object><object><name>proposal</name><bndbox><xmin>258</xmin><ymin>301</ymin><xmax>306</xmax><ymax>240</ymax></bndbox></object><object><name>proposal</name><bndbox><xmin>347</xmin><ymin>301</ymin><xmax>82</xmax><ymax>122</ymax></bndbox></object><object><name>proposal</name><bndbox><xmin>258</xmin><ymin>358</ymin><xmax>246</xmax><ymax>155</ymax></bndbox></object><object><name>proposal</name><bndbox><xmin>259</xmin><ymin>343</ymin><xmax>245</xmax><ymax>171</ymax></bndbox></object><object><name>proposal</name><bndbox><xmin>363</xmin><ymin>269</ymin><xmax>355</xmax><ymax>225</ymax></bndbox></object><object><name>proposal</name><bndbox><xmin>349</xmin><ymin>363</ymin><xmax>109</xmax><ymax>134</ymax></bndbox></object><object><name>proposal</name><bndbox><xmin>189</xmin><ymin>288</ymin><xmax>243</xmax><ymax>152</ymax></bndbox></object><object><name>proposal</name><bndbox><xmin>332</xmin><ymin>296</ymin><xmax>192</xmax><ymax>101</ymax></bndbox></object><object><name>proposal</name><bndbox><xmin>371</xmin><ymin>269</ymin><xmax>347</xmax><ymax>244</ymax></bndbox></object><object><name>proposal</name><bndbox><xmin>385</xmin><ymin>295</ymin><xmax>132</xmax><ymax>114</ymax></bndbox></object><object><name>proposal</name><bndbox><xmin>336</xmin><ymin>328</ymin><xmax>86</xmax><ymax>87</ymax></bndbox></object><object><name>proposal</name><bndbox><xmin>336</xmin><ymin>328</ymin><xmax>87</xmax><ymax>130</ymax></bndbox></object><object><name>proposal</name><bndbox><xmin>332</xmin><ymin>296</ymin><xmax>192</xmax><ymax>113</ymax></bndbox></object><object><name>proposal</name><bndbox><xmin>256</xmin><ymin>321</ymin><xmax>217</xmax><ymax>187</ymax></bndbox></object><object><name>proposal</name><bndbox><xmin>332</xmin><ymin>296</ymin><xmax>145</xmax><ymax>73</ymax></bndbox></object><object><name>proposal</name><bndbox><xmin>364</xmin><ymin>336</ymin><xmax>175</xmax><ymax>112</ymax></bndbox></object><object><name>proposal</name><bndbox><xmin>443</xmin><ymin>309</ymin><xmax>81</xmax><ymax>100</ymax></bndbox></object><object><name>proposal</name><bndbox><xmin>324</xmin><ymin>321</ymin><xmax>88</xmax><ymax>137</ymax></bndbox></object><object><name>proposal</name><bndbox><xmin>360</xmin><ymin>418</ymin><xmax>144</xmax><ymax>94</ymax></bndbox></object><object><name>proposal</name><bndbox><xmin>322</xmin><ymin>323</ymin><xmax>181</xmax><ymax>193</ymax></bndbox></object><object><name>proposal</name><bndbox><xmin>295</xmin><ymin>296</ymin><xmax>182</xmax><ymax>173</ymax></bndbox></object><object><name>proposal</name><bndbox><xmin>325</xmin><ymin>301</ymin><xmax>159</xmax><ymax>212</ymax></bndbox></object><object><name>proposal</name><bndbox><xmin>349</xmin><ymin>363</ymin><xmax>85</xmax><ymax>91</ymax></bndbox></object><object><name>proposal</name><bndbox><xmin>349</xmin><ymin>321</ymin><xmax>66</xmax><ymax>94</ymax></bndbox></object><object><name>proposal</name><bndbox><xmin>347</xmin><ymin>363</ymin><xmax>157</xmax><ymax>149</ymax></bndbox></object><object><name>proposal</name><bndbox><xmin>347</xmin><ymin>350</ymin><xmax>111</xmax><ymax>147</ymax></bndbox></object><object><name>proposal</name><bndbox><xmin>328</xmin><ymin>301</ymin><xmax>139</xmax><ymax>157</ymax></bndbox></object><object><name>proposal</name><bndbox><xmin>437</xmin><ymin>328</ymin><xmax>80</xmax><ymax>85</ymax></bndbox></object><object><name>proposal</name><bndbox><xmin>342</xmin><ymin>321</ymin><xmax>80</xmax><ymax>137</ymax></bndbox></object><object><name>proposal</name><bndbox><xmin>295</xmin><ymin>328</ymin><xmax>127</xmax><ymax>141</ymax></bndbox></object><object><name>proposal</name><bndbox><xmin>332</xmin><ymin>296</ymin><xmax>151</xmax><ymax>159</ymax></bndbox></object><object><name>proposal</name><bndbox><xmin>256</xmin><ymin>409</ymin><xmax>248</xmax><ymax>104</ymax></bndbox></object><object><name>proposal</name><bndbox><xmin>368</xmin><ymin>301</ymin><xmax>138</xmax><ymax>108</ymax></bndbox></object><object><name>proposal</name><bndbox><xmin>256</xmin><ymin>375</ymin><xmax>248</xmax><ymax>138</ymax></bndbox></object><object><name>proposal</name><bndbox><xmin>368</xmin><ymin>295</ymin><xmax>109</xmax><ymax>74</ymax></bndbox></object><object><name>proposal</name><bndbox><xmin>312</xmin><ymin>301</ymin><xmax>164</xmax><ymax>212</ymax></bndbox></object><object><name>proposal</name><bndbox><xmin>312</xmin><ymin>363</ymin><xmax>161</xmax><ymax>150</ymax></bndbox></object><object><name>proposal</name><bndbox><xmin>312</xmin><ymin>301</ymin><xmax>205</xmax><ymax>227</ymax></bndbox></object><object><name>proposal</name><bndbox><xmin>326</xmin><ymin>328</ymin><xmax>177</xmax><ymax>203</ymax></bndbox></object><object><name>proposal</name><bndbox><xmin>322</xmin><ymin>323</ymin><xmax>112</xmax><ymax>135</ymax></bndbox></object><object><name>proposal</name><bndbox><xmin>360</xmin><ymin>336</ymin><xmax>231</xmax><ymax>199</ymax></bndbox></object><object><name>proposal</name><bndbox><xmin>312</xmin><ymin>343</ymin><xmax>161</xmax><ymax>170</ymax></bndbox></object><object><name>proposal</name><bndbox><xmin>342</xmin><ymin>300</ymin><xmax>175</xmax><ymax>158</ymax></bndbox></object><object><name>proposal</name><bndbox><xmin>326</xmin><ymin>328</ymin><xmax>70</xmax><ymax>97</ymax></bndbox></object><object><name>proposal</name><bndbox><xmin>342</xmin><ymin>320</ymin><xmax>79</xmax><ymax>102</ymax></bndbox></object><object><name>proposal</name><bndbox><xmin>259</xmin><ymin>301</ymin><xmax>245</xmax><ymax>213</ymax></bndbox></object><object><name>proposal</name><bndbox><xmin>256</xmin><ymin>254</ymin><xmax>282</xmax><ymax>259</ymax></bndbox></object><object><name>proposal</name><bndbox><xmin>324</xmin><ymin>358</ymin><xmax>149</xmax><ymax>139</ymax></bndbox></object><object><name>proposal</name><bndbox><xmin>328</xmin><ymin>295</ymin><xmax>146</xmax><ymax>173</ymax></bndbox></object><object><name>proposal</name><bndbox><xmin>256</xmin><ymin>296</ymin><xmax>268</xmax><ymax>235</ymax></bndbox></object><object><name>proposal</name><bndbox><xmin>343</xmin><ymin>321</ymin><xmax>72</xmax><ymax>94</ymax></bndbox></object><object><name>proposal</name><bndbox><xmin>328</xmin><ymin>327</ymin><xmax>91</xmax><ymax>141</ymax></bndbox></object><object><name>proposal</name><bndbox><xmin>306</xmin><ymin>301</ymin><xmax>180</xmax><ymax>213</ymax></bndbox></object><object><name>proposal</name><bndbox><xmin>312</xmin><ymin>300</ymin><xmax>227</xmax><ymax>282</ymax></bndbox></object><object><name>proposal</name><bndbox><xmin>328</xmin><ymin>300</ymin><xmax>163</xmax><ymax>225</ymax></bndbox></object><object><name>proposal</name><bndbox><xmin>326</xmin><ymin>296</ymin><xmax>198</xmax><ymax>162</ymax></bndbox></object><object><name>proposal</name><bndbox><xmin>371</xmin><ymin>264</ymin><xmax>347</xmax><ymax>249</ymax></bndbox></object><object><name>proposal</name><bndbox><xmin>363</xmin><ymin>269</ymin><xmax>278</xmax><ymax>225</ymax></bndbox></object><object><name>proposal</name><bndbox><xmin>256</xmin><ymin>380</ymin><xmax>217</xmax><ymax>128</ymax></bndbox></object><object><name>proposal</name><bndbox><xmin>328</xmin><ymin>320</ymin><xmax>93</xmax><ymax>148</ymax></bndbox></object><object><name>proposal</name><bndbox><xmin>371</xmin><ymin>264</ymin><xmax>347</xmax><ymax>247</ymax></bndbox></object><object><name>proposal</name><bndbox><xmin>315</xmin><ymin>327</ymin><xmax>103</xmax><ymax>161</ymax></bndbox></object><object><name>proposal</name><bndbox><xmin>256</xmin><ymin>300</ymin><xmax>261</xmax><ymax>213</ymax></bndbox></object><object><name>proposal</name><bndbox><xmin>349</xmin><ymin>304</ymin><xmax>168</xmax><ymax>149</ymax></bndbox></object><object><name>proposal</name><bndbox><xmin>338</xmin><ymin>418</ymin><xmax>150</xmax><ymax>95</ymax></bndbox></object><object><name>proposal</name><bndbox><xmin>332</xmin><ymin>254</ymin><xmax>206</xmax><ymax>155</ymax></bndbox></object><object><name>proposal</name><bndbox><xmin>328</xmin><ymin>177</ymin><xmax>246</xmax><ymax>236</ymax></bndbox></object><object><name>proposal</name><bndbox><xmin>256</xmin><ymin>363</ymin><xmax>247</xmax><ymax>153</ymax></bndbox></object><object><name>proposal</name><bndbox><xmin>326</xmin><ymin>304</ymin><xmax>142</xmax><ymax>121</ymax></bndbox></object><object><name>proposal</name><bndbox><xmin>364</xmin><ymin>336</ymin><xmax>117</xmax><ymax>112</ymax></bndbox></object><object><name>proposal</name><bndbox><xmin>256</xmin><ymin>395</ymin><xmax>202</xmax><ymax>118</ymax></bndbox></object><object><name>proposal</name><bndbox><xmin>312</xmin><ymin>359</ymin><xmax>172</xmax><ymax>155</ymax></bndbox></object><object><name>proposal</name><bndbox><xmin>336</xmin><ymin>301</ymin><xmax>141</xmax><ymax>114</ymax></bndbox></object><object><name>proposal</name><bndbox><xmin>256</xmin><ymin>323</ymin><xmax>247</xmax><ymax>193</ymax></bndbox></object><object><name>proposal</name><bndbox><xmin>332</xmin><ymin>296</ymin><xmax>131</xmax><ymax>111</ymax></bndbox></object><object><name>proposal</name><bndbox><xmin>338</xmin><ymin>301</ymin><xmax>138</xmax><ymax>200</ymax></bndbox></object><object><name>proposal</name><bndbox><xmin>366</xmin><ymin>336</ymin><xmax>202</xmax><ymax>199</ymax></bndbox></object><object><name>proposal</name><bndbox><xmin>386</xmin><ymin>301</ymin><xmax>120</xmax><ymax>108</ymax></bndbox></object><object><name>proposal</name><bndbox><xmin>328</xmin><ymin>304</ymin><xmax>161</xmax><ymax>164</ymax></bndbox></object><object><name>proposal</name><bndbox><xmin>306</xmin><ymin>359</ymin><xmax>97</xmax><ymax>154</ymax></bndbox></object><object><name>proposal</name><bndbox><xmin>332</xmin><ymin>217</ymin><xmax>367</xmax><ymax>266</ymax></bndbox></object><object><name>proposal</name><bndbox><xmin>338</xmin><ymin>301</ymin><xmax>146</xmax><ymax>212</ymax></bndbox></object><object><name>proposal</name><bndbox><xmin>418</xmin><ymin>304</ymin><xmax>71</xmax><ymax>105</ymax></bndbox></object><object><name>proposal</name><bndbox><xmin>186</xmin><ymin>177</ymin><xmax>388</xmax><ymax>351</ymax></bndbox></object><object><name>proposal</name><bndbox><xmin>325</xmin><ymin>359</ymin><xmax>153</xmax><ymax>149</ymax></bndbox></object><object><name>proposal</name><bndbox><xmin>312</xmin><ymin>359</ymin><xmax>91</xmax><ymax>154</ymax></bndbox></object><object><name>proposal</name><bndbox><xmin>257</xmin><ymin>350</ymin><xmax>201</xmax><ymax>158</ymax></bndbox></object><object><name>proposal</name><bndbox><xmin>256</xmin><ymin>397</ymin><xmax>232</xmax><ymax>116</ymax></bndbox></object><object><name>proposal</name><bndbox><xmin>322</xmin><ymin>323</ymin><xmax>112</xmax><ymax>131</ymax></bndbox></object><object><name>proposal</name><bndbox><xmin>312</xmin><ymin>363</ymin><xmax>146</xmax><ymax>150</ymax></bndbox></object><object><name>proposal</name><bndbox><xmin>312</xmin><ymin>359</ymin><xmax>161</xmax><ymax>154</ymax></bndbox></object><object><name>proposal</name><bndbox><xmin>258</xmin><ymin>301</ymin><xmax>259</xmax><ymax>212</ymax></bndbox></object><object><name>proposal</name><bndbox><xmin>344</xmin><ymin>301</ymin><xmax>180</xmax><ymax>214</ymax></bndbox></object><object><name>proposal</name><bndbox><xmin>336</xmin><ymin>296</ymin><xmax>132</xmax><ymax>110</ymax></bndbox></object><object><name>proposal</name><bndbox><xmin>325</xmin><ymin>328</ymin><xmax>97</xmax><ymax>130</ymax></bndbox></object><object><name>proposal</name><bndbox><xmin>257</xmin><ymin>337</ymin><xmax>234</xmax><ymax>188</ymax></bndbox></object><object><name>proposal</name><bndbox><xmin>256</xmin><ymin>395</ymin><xmax>215</xmax><ymax>114</ymax></bndbox></object><object><name>proposal</name><bndbox><xmin>343</xmin><ymin>301</ymin><xmax>181</xmax><ymax>215</ymax></bndbox></object><object><name>proposal</name><bndbox><xmin>256</xmin><ymin>296</ymin><xmax>233</xmax><ymax>212</ymax></bndbox></object><object><name>proposal</name><bndbox><xmin>312</xmin><ymin>363</ymin><xmax>192</xmax><ymax>150</ymax></bndbox></object><object><name>proposal</name><bndbox><xmin>368</xmin><ymin>301</ymin><xmax>108</xmax><ymax>68</ymax></bndbox></object><object><name>proposal</name><bndbox><xmin>258</xmin><ymin>301</ymin><xmax>266</xmax><ymax>227</ymax></bndbox></object><object><name>proposal</name><bndbox><xmin>328</xmin><ymin>343</ymin><xmax>63</xmax><ymax>115</ymax></bndbox></object><object><name>proposal</name><bndbox><xmin>360</xmin><ymin>336</ymin><xmax>129</xmax><ymax>161</ymax></bndbox></object><object><name>proposal</name><bndbox><xmin>256</xmin><ymin>336</ymin><xmax>312</xmax><ymax>199</ymax></bndbox></object><object><name>proposal</name><bndbox><xmin>279</xmin><ymin>301</ymin><xmax>260</xmax><ymax>249</ymax></bndbox></object><object><name>proposal</name><bndbox><xmin>364</xmin><ymin>300</ymin><xmax>112</xmax><ymax>63</ymax></bndbox></object><object><name>proposal</name><bndbox><xmin>229</xmin><ymin>304</ymin><xmax>288</xmax><ymax>345</ymax></bndbox></object><object><name>proposal</name><bndbox><xmin>324</xmin><ymin>327</ymin><xmax>77</xmax><ymax>131</ymax></bndbox></object><object><name>proposal</name><bndbox><xmin>378</xmin><ymin>301</ymin><xmax>128</xmax><ymax>108</ymax></bndbox></object><object><name>proposal</name><bndbox><xmin>306</xmin><ymin>301</ymin><xmax>200</xmax><ymax>213</ymax></bndbox></object><object><name>proposal</name><bndbox><xmin>328</xmin><ymin>350</ymin><xmax>59</xmax><ymax>108</ymax></bndbox></object><object><name>proposal</name><bndbox><xmin>256</xmin><ymin>295</ymin><xmax>261</xmax><ymax>221</ymax></bndbox></object><object><name>proposal</name><bndbox><xmin>256</xmin><ymin>301</ymin><xmax>261</xmax><ymax>212</ymax></bndbox></object><object><name>proposal</name><bndbox><xmin>328</xmin><ymin>336</ymin><xmax>161</xmax><ymax>161</ymax></bndbox></object><object><name>proposal</name><bndbox><xmin>328</xmin><ymin>321</ymin><xmax>87</xmax><ymax>137</ymax></bndbox></object><object><name>proposal</name><bndbox><xmin>332</xmin><ymin>219</ymin><xmax>362</xmax><ymax>316</ymax></bndbox></object><object><name>proposal</name><bndbox><xmin>256</xmin><ymin>304</ymin><xmax>261</xmax><ymax>209</ymax></bndbox></object><object><name>proposal</name><bndbox><xmin>369</xmin><ymin>295</ymin><xmax>148</xmax><ymax>103</ymax></bndbox></object><object><name>proposal</name><bndbox><xmin>187</xmin><ymin>288</ymin><xmax>245</xmax><ymax>152</ymax></bndbox></object><object><name>proposal</name><bndbox><xmin>324</xmin><ymin>358</ymin><xmax>180</xmax><ymax>154</ymax></bndbox></object><object><name>proposal</name><bndbox><xmin>363</xmin><ymin>304</ymin><xmax>145</xmax><ymax>149</ymax></bndbox></object><object><name>proposal</name><bndbox><xmin>232</xmin><ymin>296</ymin><xmax>336</xmax><ymax>369</ymax></bndbox></object><object><name>proposal</name><bndbox><xmin>257</xmin><ymin>264</ymin><xmax>461</xmax><ymax>261</ymax></bndbox></object><object><name>proposal</name><bndbox><xmin>324</xmin><ymin>301</ymin><xmax>200</xmax><ymax>215</ymax></bndbox></object><object><name>proposal</name><bndbox><xmin>328</xmin><ymin>327</ymin><xmax>90</xmax><ymax>131</ymax></bndbox></object><object><name>proposal</name><bndbox><xmin>312</xmin><ymin>301</ymin><xmax>212</xmax><ymax>227</ymax></bndbox></object><object><name>proposal</name><bndbox><xmin>326</xmin><ymin>327</ymin><xmax>109</xmax><ymax>98</ymax></bndbox></object><object><name>proposal</name><bndbox><xmin>360</xmin><ymin>413</ymin><xmax>143</xmax><ymax>103</ymax></bndbox></object><object><name>proposal</name><bndbox><xmin>360</xmin><ymin>413</ymin><xmax>144</xmax><ymax>99</ymax></bndbox></object><object><name>proposal</name><bndbox><xmin>258</xmin><ymin>301</ymin><xmax>281</xmax><ymax>249</ymax></bndbox></object><object><name>proposal</name><bndbox><xmin>256</xmin><ymin>354</ymin><xmax>247</xmax><ymax>162</ymax></bndbox></object><object><name>proposal</name><bndbox><xmin>312</xmin><ymin>301</ymin><xmax>174</xmax><ymax>213</ymax></bndbox></object><object><name>proposal</name><bndbox><xmin>256</xmin><ymin>395</ymin><xmax>247</xmax><ymax>136</ymax></bndbox></object><object><name>proposal</name><bndbox><xmin>189</xmin><ymin>288</ymin><xmax>243</xmax><ymax>128</ymax></bndbox></object><object><name>proposal</name><bndbox><xmin>322</xmin><ymin>297</ymin><xmax>108</xmax><ymax>107</ymax></bndbox></object><object><name>proposal</name><bndbox><xmin>371</xmin><ymin>269</ymin><xmax>347</xmax><ymax>242</ymax></bndbox></object><object><name>proposal</name><bndbox><xmin>328</xmin><ymin>321</ymin><xmax>145</xmax><ymax>176</ymax></bndbox></object><object><name>proposal</name><bndbox><xmin>256</xmin><ymin>296</ymin><xmax>335</xmax><ymax>239</ymax></bndbox></object><object><name>proposal</name><bndbox><xmin>325</xmin><ymin>343</ymin><xmax>148</xmax><ymax>158</ymax></bndbox></object><object><name>proposal</name><bndbox><xmin>322</xmin><ymin>337</ymin><xmax>65</xmax><ymax>121</ymax></bndbox></object><object><name>proposal</name><bndbox><xmin>336</xmin><ymin>254</ymin><xmax>215</xmax><ymax>197</ymax></bndbox></object><object><name>proposal</name><bndbox><xmin>256</xmin><ymin>254</ymin><xmax>403</xmax><ymax>259</ymax></bndbox></object><object><name>proposal</name><bndbox><xmin>363</xmin><ymin>350</ymin><xmax>120</xmax><ymax>105</ymax></bndbox></object><object><name>proposal</name><bndbox><xmin>324</xmin><ymin>301</ymin><xmax>193</xmax><ymax>211</ymax></bndbox></object><object><name>proposal</name><bndbox><xmin>328</xmin><ymin>304</ymin><xmax>147</xmax><ymax>164</ymax></bndbox></object><object><name>proposal</name><bndbox><xmin>251</xmin><ymin>389</ymin><xmax>209</xmax><ymax>124</ymax></bndbox></object><object><name>proposal</name><bndbox><xmin>324</xmin><ymin>301</ymin><xmax>193</xmax><ymax>214</ymax></bndbox></object><object><name>proposal</name><bndbox><xmin>295</xmin><ymin>254</ymin><xmax>243</xmax><ymax>215</ymax></bndbox></object><object><name>proposal</name><bndbox><xmin>328</xmin><ymin>300</ymin><xmax>148</xmax><ymax>158</ymax></bndbox></object><object><name>proposal</name><bndbox><xmin>328</xmin><ymin>177</ymin><xmax>246</xmax><ymax>336</ymax></bndbox></object><object><name>proposal</name><bndbox><xmin>312</xmin><ymin>343</ymin><xmax>172</xmax><ymax>171</ymax></bndbox></object><object><name>proposal</name><bndbox><xmin>266</xmin><ymin>363</ymin><xmax>192</xmax><ymax>150</ymax></bndbox></object><object><name>proposal</name><bndbox><xmin>259</xmin><ymin>397</ymin><xmax>201</xmax><ymax>116</ymax></bndbox></object><object><name>proposal</name><bndbox><xmin>376</xmin><ymin>300</ymin><xmax>141</xmax><ymax>109</ymax></bndbox></object><object><name>proposal</name><bndbox><xmin>315</xmin><ymin>301</ymin><xmax>161</xmax><ymax>187</ymax></bndbox></object><object><name>proposal</name><bndbox><xmin>328</xmin><ymin>301</ymin><xmax>148</xmax><ymax>187</ymax></bndbox></object><object><name>proposal</name><bndbox><xmin>256</xmin><ymin>375</ymin><xmax>202</xmax><ymax>138</ymax></bndbox></object><object><name>proposal</name><bndbox><xmin>312</xmin><ymin>301</ymin><xmax>205</xmax><ymax>214</ymax></bndbox></object><object><name>proposal</name><bndbox><xmin>256</xmin><ymin>219</ymin><xmax>438</xmax><ymax>316</ymax></bndbox></object><object><name>proposal</name><bndbox><xmin>328</xmin><ymin>296</ymin><xmax>161</xmax><ymax>201</ymax></bndbox></object><object><name>proposal</name><bndbox><xmin>386</xmin><ymin>301</ymin><xmax>120</xmax><ymax>95</ymax></bndbox></object><object><name>proposal</name><bndbox><xmin>328</xmin><ymin>301</ymin><xmax>139</xmax><ymax>187</ymax></bndbox></object><object><name>proposal</name><bndbox><xmin>312</xmin><ymin>359</ymin><xmax>159</xmax><ymax>154</ymax></bndbox></object><object><name>proposal</name><bndbox><xmin>312</xmin><ymin>301</ymin><xmax>212</xmax><ymax>220</ymax></bndbox></object><object><name>proposal</name><bndbox><xmin>258</xmin><ymin>301</ymin><xmax>259</xmax><ymax>227</ymax></bndbox></object><object><name>proposal</name><bndbox><xmin>443</xmin><ymin>309</ymin><xmax>81</xmax><ymax>88</ymax></bndbox></object><object><name>proposal</name><bndbox><xmin>347</xmin><ymin>363</ymin><xmax>111</xmax><ymax>134</ymax></bndbox></object><object><name>proposal</name><bndbox><xmin>336</xmin><ymin>296</ymin><xmax>96</xmax><ymax>110</ymax></bndbox></object><object><name>proposal</name><bndbox><xmin>256</xmin><ymin>395</ymin><xmax>247</xmax><ymax>121</ymax></bndbox></object><object><name>proposal</name><bndbox><xmin>256</xmin><ymin>304</ymin><xmax>261</xmax><ymax>224</ymax></bndbox></object><object><name>proposal</name><bndbox><xmin>397</xmin><ymin>301</ymin><xmax>120</xmax><ymax>98</ymax></bndbox></object><object><name>proposal</name><bndbox><xmin>363</xmin><ymin>350</ymin><xmax>120</xmax><ymax>101</ymax></bndbox></object><object><name>proposal</name><bndbox><xmin>326</xmin><ymin>328</ymin><xmax>97</xmax><ymax>130</ymax></bndbox></object><object><name>proposal</name><bndbox><xmin>256</xmin><ymin>296</ymin><xmax>312</xmax><ymax>239</ymax></bndbox></object><object><name>proposal</name><bndbox><xmin>312</xmin><ymin>301</ymin><xmax>212</xmax><ymax>215</ymax></bndbox></object><object><name>proposal</name><bndbox><xmin>258</xmin><ymin>300</ymin><xmax>305</xmax><ymax>312</ymax></bndbox></object><object><name>proposal</name><bndbox><xmin>279</xmin><ymin>301</ymin><xmax>285</xmax><ymax>249</ymax></bndbox></object><object><name>proposal</name><bndbox><xmin>437</xmin><ymin>321</ymin><xmax>137</xmax><ymax>92</ymax></bndbox></object><object><name>proposal</name><bndbox><xmin>345</xmin><ymin>328</ymin><xmax>78</xmax><ymax>79</ymax></bndbox></object><object><name>proposal</name><bndbox><xmin>418</xmin><ymin>301</ymin><xmax>99</xmax><ymax>97</ymax></bndbox></object><object><name>proposal</name><bndbox><xmin>189</xmin><ymin>288</ymin><xmax>243</xmax><ymax>137</ymax></bndbox></object><object><name>proposal</name><bndbox><xmin>256</xmin><ymin>395</ymin><xmax>202</xmax><ymax>114</ymax></bndbox></object><object><name>proposal</name><bndbox><xmin>325</xmin><ymin>301</ymin><xmax>192</xmax><ymax>207</ymax></bndbox></object><object><name>proposal</name><bndbox><xmin>328</xmin><ymin>321</ymin><xmax>94</xmax><ymax>137</ymax></bndbox></object><object><name>proposal</name><bndbox><xmin>279</xmin><ymin>301</ymin><xmax>260</xmax><ymax>240</ymax></bndbox></object><object><name>proposal</name><bndbox><xmin>416</xmin><ymin>295</ymin><xmax>101</xmax><ymax>103</ymax></bndbox></object><object><name>proposal</name><bndbox><xmin>397</xmin><ymin>301</ymin><xmax>120</xmax><ymax>108</ymax></bndbox></object><object><name>proposal</name><bndbox><xmin>312</xmin><ymin>300</ymin><xmax>227</xmax><ymax>312</ymax></bndbox></object><object><name>proposal</name><bndbox><xmin>349</xmin><ymin>363</ymin><xmax>85</xmax><ymax>95</ymax></bndbox></object><object><name>proposal</name><bndbox><xmin>328</xmin><ymin>350</ymin><xmax>130</xmax><ymax>147</ymax></bndbox></object><object><name>proposal</name><bndbox><xmin>378</xmin><ymin>301</ymin><xmax>108</xmax><ymax>81</ymax></bndbox></object><object><name>proposal</name><bndbox><xmin>256</xmin><ymin>363</ymin><xmax>217</xmax><ymax>150</ymax></bndbox></object><object><name>proposal</name><bndbox><xmin>325</xmin><ymin>301</ymin><xmax>152</xmax><ymax>116</ymax></bndbox></object><object><name>proposal</name><bndbox><xmin>338</xmin><ymin>343</ymin><xmax>133</xmax><ymax>158</ymax></bndbox></object><object><name>proposal</name><bndbox><xmin>348</xmin><ymin>328</ymin><xmax>75</xmax><ymax>79</ymax></bndbox></object><object><name>proposal</name><bndbox><xmin>326</xmin><ymin>296</ymin><xmax>198</xmax><ymax>235</ymax></bndbox></object><object><name>proposal</name><bndbox><xmin>364</xmin><ymin>301</ymin><xmax>175</xmax><ymax>147</ymax></bndbox></object><object><name>proposal</name><bndbox><xmin>448</xmin><ymin>310</ymin><xmax>69</xmax><ymax>99</ymax></bndbox></object><object><name>proposal</name><bndbox><xmin>312</xmin><ymin>301</ymin><xmax>205</xmax><ymax>212</ymax></bndbox></object><object><name>proposal</name><bndbox><xmin>360</xmin><ymin>336</ymin><xmax>208</xmax><ymax>199</ymax></bndbox></object><object><name>proposal</name><bndbox><xmin>256</xmin><ymin>301</ymin><xmax>248</xmax><ymax>212</ymax></bndbox></object><object><name>proposal</name><bndbox><xmin>349</xmin><ymin>304</ymin><xmax>159</xmax><ymax>149</ymax></bndbox></object><object><name>proposal</name><bndbox><xmin>315</xmin><ymin>301</ymin><xmax>152</xmax><ymax>187</ymax></bndbox></object><object><name>proposal</name><bndbox><xmin>332</xmin><ymin>296</ymin><xmax>145</xmax><ymax>67</ymax></bndbox></object><object><name>proposal</name><bndbox><xmin>371</xmin><ymin>269</ymin><xmax>347</xmax><ymax>247</ymax></bndbox></object><object><name>proposal</name><bndbox><xmin>332</xmin><ymin>296</ymin><xmax>151</xmax><ymax>217</ymax></bndbox></object><object><name>proposal</name><bndbox><xmin>306</xmin><ymin>359</ymin><xmax>178</xmax><ymax>155</ymax></bndbox></object><object><name>proposal</name><bndbox><xmin>256</xmin><ymin>296</ymin><xmax>261</xmax><ymax>217</ymax></bndbox></object><object><name>proposal</name><bndbox><xmin>332</xmin><ymin>296</ymin><xmax>145</xmax><ymax>72</ymax></bndbox></object><object><name>proposal</name><bndbox><xmin>338</xmin><ymin>343</ymin><xmax>135</xmax><ymax>158</ymax></bndbox></object><object><name>proposal</name><bndbox><xmin>328</xmin><ymin>344</ymin><xmax>53</xmax><ymax>124</ymax></bndbox></object><object><name>proposal</name><bndbox><xmin>369</xmin><ymin>295</ymin><xmax>148</xmax><ymax>114</ymax></bndbox></object><object><name>proposal</name><bndbox><xmin>325</xmin><ymin>343</ymin><xmax>159</xmax><ymax>170</ymax></bndbox></object><object><name>proposal</name><bndbox><xmin>322</xmin><ymin>300</ymin><xmax>169</xmax><ymax>225</ymax></bndbox></object><object><name>proposal</name><bndbox><xmin>364</xmin><ymin>336</ymin><xmax>125</xmax><ymax>112</ymax></bndbox></object><object><name>proposal</name><bndbox><xmin>322</xmin><ymin>300</ymin><xmax>154</xmax><ymax>158</ymax></bndbox></object><object><name>proposal</name><bndbox><xmin>312</xmin><ymin>301</ymin><xmax>212</xmax><ymax>214</ymax></bndbox></object><object><name>proposal</name><bndbox><xmin>325</xmin><ymin>322</ymin><xmax>87</xmax><ymax>136</ymax></bndbox></object><object><name>proposal</name><bndbox><xmin>293</xmin><ymin>363</ymin><xmax>165</xmax><ymax>150</ymax></bndbox></object><object><name>proposal</name><bndbox><xmin>347</xmin><ymin>363</ymin><xmax>126</xmax><ymax>134</ymax></bndbox></object><object><name>proposal</name><bndbox><xmin>363</xmin><ymin>304</ymin><xmax>145</xmax><ymax>147</ymax></bndbox></object><object><name>proposal</name><bndbox><xmin>336</xmin><ymin>328</ymin><xmax>87</xmax><ymax>86</ymax></bndbox></object><object><name>proposal</name><bndbox><xmin>328</xmin><ymin>295</ymin><xmax>146</xmax><ymax>163</ymax></bndbox></object><object><name>proposal</name><bndbox><xmin>349</xmin><ymin>304</ymin><xmax>166</xmax><ymax>149</ymax></bndbox></object><object><name>proposal</name><bndbox><xmin>258</xmin><ymin>301</ymin><xmax>306</xmax><ymax>249</ymax></bndbox></object><object><name>proposal</name><bndbox><xmin>322</xmin><ymin>323</ymin><xmax>65</xmax><ymax>135</ymax></bndbox></object><object><name>proposal</name><bndbox><xmin>386</xmin><ymin>301</ymin><xmax>100</xmax><ymax>81</ymax></bndbox></object><object><name>proposal</name><bndbox><xmin>379</xmin><ymin>304</ymin><xmax>89</xmax><ymax>75</ymax></bndbox></object><object><name>proposal</name><bndbox><xmin>312</xmin><ymin>300</ymin><xmax>251</xmax><ymax>282</ymax></bndbox></object><object><name>proposal</name><bndbox><xmin>279</xmin><ymin>301</ymin><xmax>285</xmax><ymax>240</ymax></bndbox></object><object><name>proposal</name><bndbox><xmin>371</xmin><ymin>264</ymin><xmax>347</xmax><ymax>252</ymax></bndbox></object><object><name>proposal</name><bndbox><xmin>324</xmin><ymin>301</ymin><xmax>200</xmax><ymax>214</ymax></bndbox></object><object><name>proposal</name><bndbox><xmin>266</xmin><ymin>380</ymin><xmax>192</xmax><ymax>128</ymax></bndbox></object></annotation>