<annotation><folder>Proposals</folder><filename>img-114.jpg</filename><size><width>720</width><height>720</height><depth>3</depth></size><object><name>proposal</name><bndbox><xmin>278</xmin><ymin>322</ymin><xmax>178</xmax><ymax>97</ymax></bndbox></object><object><name>proposal</name><bndbox><xmin>276</xmin><ymin>279</ymin><xmax>143</xmax><ymax>128</ymax></bndbox></object><object><name>proposal</name><bndbox><xmin>270</xmin><ymin>318</ymin><xmax>182</xmax><ymax>101</ymax></bndbox></object><object><name>proposal</name><bndbox><xmin>278</xmin><ymin>280</ymin><xmax>171</xmax><ymax>130</ymax></bndbox></object><object><name>proposal</name><bndbox><xmin>278</xmin><ymin>327</ymin><xmax>117</xmax><ymax>86</ymax></bndbox></object><object><name>proposal</name><bndbox><xmin>276</xmin><ymin>266</ymin><xmax>173</xmax><ymax>144</ymax></bndbox></object><object><name>proposal</name><bndbox><xmin>276</xmin><ymin>294</ymin><xmax>173</xmax><ymax>113</ymax></bndbox></object><object><name>proposal</name><bndbox><xmin>278</xmin><ymin>330</ymin><xmax>110</xmax><ymax>87</ymax></bndbox></object><object><name>proposal</name><bndbox><xmin>270</xmin><ymin>293</ymin><xmax>182</xmax><ymax>129</ymax></bndbox></object><object><name>proposal</name><bndbox><xmin>358</xmin><ymin>322</ymin><xmax>71</xmax><ymax>78</ymax></bndbox></object><object><name>proposal</name><bndbox><xmin>290</xmin><ymin>311</ymin><xmax>64</xmax><ymax>79</ymax></bndbox></object><object><name>proposal</name><bndbox><xmin>278</xmin><ymin>293</ymin><xmax>139</xmax><ymax>124</ymax></bndbox></object><object><name>proposal</name><bndbox><xmin>358</xmin><ymin>334</ymin><xmax>94</xmax><ymax>70</ymax></bndbox></object><object><name>proposal</name><bndbox><xmin>148</xmin><ymin>246</ymin><xmax>269</xmax><ymax>129</ymax></bndbox></object><object><name>proposal</name><bndbox><xmin>270</xmin><ymin>293</ymin><xmax>147</xmax><ymax>129</ymax></bndbox></object><object><name>proposal</name><bndbox><xmin>278</xmin><ymin>322</ymin><xmax>178</xmax><ymax>101</ymax></bndbox></object><object><name>proposal</name><bndbox><xmin>246</xmin><ymin>172</ymin><xmax>288</xmax><ymax>241</ymax></bndbox></object><object><name>proposal</name><bndbox><xmin>370</xmin><ymin>322</ymin><xmax>79</xmax><ymax>77</ymax></bndbox></object><object><name>proposal</name><bndbox><xmin>246</xmin><ymin>262</ymin><xmax>171</xmax><ymax>155</ymax></bndbox></object><object><name>proposal</name><bndbox><xmin>124</xmin><ymin>246</ymin><xmax>293</xmax><ymax>129</ymax></bndbox></object><object><name>proposal</name><bndbox><xmin>340</xmin><ymin>229</ymin><xmax>293</xmax><ymax>173</ymax></bndbox></object><object><name>proposal</name><bndbox><xmin>278</xmin><ymin>292</ymin><xmax>139</xmax><ymax>121</ymax></bndbox></object><object><name>proposal</name><bndbox><xmin>276</xmin><ymin>294</ymin><xmax>143</xmax><ymax>113</ymax></bndbox></object><object><name>proposal</name><bndbox><xmin>270</xmin><ymin>178</ymin><xmax>273</xmax><ymax>241</ymax></bndbox></object><object><name>proposal</name><bndbox><xmin>358</xmin><ymin>322</ymin><xmax>91</xmax><ymax>60</ymax></bndbox></object><object><name>proposal</name><bndbox><xmin>148</xmin><ymin>265</ymin><xmax>269</xmax><ymax>110</ymax></bndbox></object><object><name>proposal</name><bndbox><xmin>270</xmin><ymin>322</ymin><xmax>186</xmax><ymax>101</ymax></bndbox></object><object><name>proposal</name><bndbox><xmin>246</xmin><ymin>261</ymin><xmax>206</xmax><ymax>156</ymax></bndbox></object><object><name>proposal</name><bndbox><xmin>278</xmin><ymin>292</ymin><xmax>174</xmax><ymax>121</ymax></bndbox></object><object><name>proposal</name><bndbox><xmin>334</xmin><ymin>213</ymin><xmax>209</xmax><ymax>195</ymax></bndbox></object><object><name>proposal</name><bndbox><xmin>358</xmin><ymin>322</ymin><xmax>71</xmax><ymax>74</ymax></bndbox></object><object><name>proposal</name><bndbox><xmin>358</xmin><ymin>322</ymin><xmax>61</xmax><ymax>78</ymax></bndbox></object><object><name>proposal</name><bndbox><xmin>360</xmin><ymin>310</ymin><xmax>92</xmax><ymax>94</ymax></bndbox></object><object><name>proposal</name><bndbox><xmin>278</xmin><ymin>266</ymin><xmax>162</xmax><ymax>146</ymax></bndbox></object><object><name>proposal</name><bndbox><xmin>370</xmin><ymin>322</ymin><xmax>86</xmax><ymax>78</ymax></bndbox></object><object><name>proposal</name><bndbox><xmin>270</xmin><ymin>293</ymin><xmax>210</xmax><ymax>157</ymax></bndbox></object><object><name>proposal</name><bndbox><xmin>178</xmin><ymin>213</ymin><xmax>292</xmax><ymax>154</ymax></bndbox></object><object><name>proposal</name><bndbox><xmin>385</xmin><ymin>318</ymin><xmax>67</xmax><ymax>84</ymax></bndbox></object><object><name>proposal</name><bndbox><xmin>276</xmin><ymin>280</ymin><xmax>173</xmax><ymax>130</ymax></bndbox></object><object><name>proposal</name><bndbox><xmin>289</xmin><ymin>311</ymin><xmax>81</xmax><ymax>81</ymax></bndbox></object><object><name>proposal</name><bndbox><xmin>171</xmin><ymin>249</ymin><xmax>285</xmax><ymax>174</ymax></bndbox></object><object><name>proposal</name><bndbox><xmin>278</xmin><ymin>292</ymin><xmax>174</xmax><ymax>125</ymax></bndbox></object><object><name>proposal</name><bndbox><xmin>358</xmin><ymin>322</ymin><xmax>70</xmax><ymax>60</ymax></bndbox></object><object><name>proposal</name><bndbox><xmin>289</xmin><ymin>293</ymin><xmax>128</xmax><ymax>129</ymax></bndbox></object><object><name>proposal</name><bndbox><xmin>370</xmin><ymin>322</ymin><xmax>86</xmax><ymax>101</ymax></bndbox></object><object><name>proposal</name><bndbox><xmin>124</xmin><ymin>246</ymin><xmax>293</xmax><ymax>126</ymax></bndbox></object><object><name>proposal</name><bndbox><xmin>148</xmin><ymin>265</ymin><xmax>269</xmax><ymax>107</ymax></bndbox></object><object><name>proposal</name><bndbox><xmin>270</xmin><ymin>319</ymin><xmax>127</xmax><ymax>103</ymax></bndbox></object><object><name>proposal</name><bndbox><xmin>278</xmin><ymin>280</ymin><xmax>171</xmax><ymax>132</ymax></bndbox></object><object><name>proposal</name><bndbox><xmin>276</xmin><ymin>266</ymin><xmax>173</xmax><ymax>146</ymax></bndbox></object><object><name>proposal</name><bndbox><xmin>278</xmin><ymin>279</ymin><xmax>171</xmax><ymax>120</ymax></bndbox></object><object><name>proposal</name><bndbox><xmin>276</xmin><ymin>266</ymin><xmax>173</xmax><ymax>141</ymax></bndbox></object><object><name>proposal</name><bndbox><xmin>282</xmin><ymin>293</ymin><xmax>170</xmax><ymax>96</ymax></bndbox></object><object><name>proposal</name><bndbox><xmin>278</xmin><ymin>293</ymin><xmax>174</xmax><ymax>120</ymax></bndbox></object><object><name>proposal</name><bndbox><xmin>148</xmin><ymin>246</ymin><xmax>304</xmax><ymax>173</ymax></bndbox></object><object><name>proposal</name><bndbox><xmin>270</xmin><ymin>311</ymin><xmax>186</xmax><ymax>112</ymax></bndbox></object><object><name>proposal</name><bndbox><xmin>270</xmin><ymin>292</ymin><xmax>182</xmax><ymax>130</ymax></bndbox></object><object><name>proposal</name><bndbox><xmin>370</xmin><ymin>322</ymin><xmax>86</xmax><ymax>74</ymax></bndbox></object><object><name>proposal</name><bndbox><xmin>279</xmin><ymin>193</ymin><xmax>191</xmax><ymax>166</ymax></bndbox></object><object><name>proposal</name><bndbox><xmin>171</xmin><ymin>249</ymin><xmax>259</xmax><ymax>170</ymax></bndbox></object><object><name>proposal</name><bndbox><xmin>246</xmin><ymin>172</ymin><xmax>288</xmax><ymax>245</ymax></bndbox></object><object><name>proposal</name><bndbox><xmin>276</xmin><ymin>279</ymin><xmax>173</xmax><ymax>128</ymax></bndbox></object><object><name>proposal</name><bndbox><xmin>334</xmin><ymin>213</ymin><xmax>209</xmax><ymax>202</ymax></bndbox></object><object><name>proposal</name><bndbox><xmin>289</xmin><ymin>293</ymin><xmax>128</xmax><ymax>66</ymax></bndbox></object><object><name>proposal</name><bndbox><xmin>278</xmin><ymin>293</ymin><xmax>174</xmax><ymax>124</ymax></bndbox></object><object><name>proposal</name><bndbox><xmin>290</xmin><ymin>311</ymin><xmax>73</xmax><ymax>79</ymax></bndbox></object><object><name>proposal</name><bndbox><xmin>126</xmin><ymin>249</ymin><xmax>326</xmax><ymax>173</ymax></bndbox></object><object><name>proposal</name><bndbox><xmin>289</xmin><ymin>292</ymin><xmax>155</xmax><ymax>67</ymax></bndbox></object><object><name>proposal</name><bndbox><xmin>292</xmin><ymin>335</ymin><xmax>105</xmax><ymax>87</ymax></bndbox></object><object><name>proposal</name><bndbox><xmin>279</xmin><ymin>249</ymin><xmax>138</xmax><ymax>110</ymax></bndbox></object><object><name>proposal</name><bndbox><xmin>278</xmin><ymin>266</ymin><xmax>171</xmax><ymax>146</ymax></bndbox></object><object><name>proposal</name><bndbox><xmin>246</xmin><ymin>172</ymin><xmax>288</xmax><ymax>244</ymax></bndbox></object><object><name>proposal</name><bndbox><xmin>358</xmin><ymin>322</ymin><xmax>91</xmax><ymax>77</ymax></bndbox></object><object><name>proposal</name><bndbox><xmin>385</xmin><ymin>318</ymin><xmax>67</xmax><ymax>77</ymax></bndbox></object><object><name>proposal</name><bndbox><xmin>124</xmin><ymin>246</ymin><xmax>328</xmax><ymax>173</ymax></bndbox></object><object><name>proposal</name><bndbox><xmin>246</xmin><ymin>261</ymin><xmax>206</xmax><ymax>128</ymax></bndbox></object><object><name>proposal</name><bndbox><xmin>259</xmin><ymin>280</ymin><xmax>190</xmax><ymax>132</ymax></bndbox></object><object><name>proposal</name><bndbox><xmin>279</xmin><ymin>249</ymin><xmax>173</xmax><ymax>155</ymax></bndbox></object><object><name>proposal</name><bndbox><xmin>222</xmin><ymin>280</ymin><xmax>227</xmax><ymax>132</ymax></bndbox></object><object><name>proposal</name><bndbox><xmin>370</xmin><ymin>322</ymin><xmax>49</xmax><ymax>78</ymax></bndbox></object><object><name>proposal</name><bndbox><xmin>289</xmin><ymin>311</ymin><xmax>82</xmax><ymax>81</ymax></bndbox></object><object><name>proposal</name><bndbox><xmin>270</xmin><ymin>193</ymin><xmax>349</xmax><ymax>257</ymax></bndbox></object><object><name>proposal</name><bndbox><xmin>278</xmin><ymin>293</ymin><xmax>174</xmax><ymax>123</ymax></bndbox></object><object><name>proposal</name><bndbox><xmin>358</xmin><ymin>300</ymin><xmax>94</xmax><ymax>104</ymax></bndbox></object><object><name>proposal</name><bndbox><xmin>279</xmin><ymin>249</ymin><xmax>165</xmax><ymax>110</ymax></bndbox></object><object><name>proposal</name><bndbox><xmin>278</xmin><ymin>280</ymin><xmax>162</xmax><ymax>132</ymax></bndbox></object><object><name>proposal</name><bndbox><xmin>270</xmin><ymin>319</ymin><xmax>210</xmax><ymax>131</ymax></bndbox></object><object><name>proposal</name><bndbox><xmin>358</xmin><ymin>322</ymin><xmax>61</xmax><ymax>67</ymax></bndbox></object><object><name>proposal</name><bndbox><xmin>281</xmin><ymin>294</ymin><xmax>168</xmax><ymax>105</ymax></bndbox></object><object><name>proposal</name><bndbox><xmin>370</xmin><ymin>300</ymin><xmax>74</xmax><ymax>59</ymax></bndbox></object><object><name>proposal</name><bndbox><xmin>358</xmin><ymin>322</ymin><xmax>94</xmax><ymax>79</ymax></bndbox></object><object><name>proposal</name><bndbox><xmin>246</xmin><ymin>262</ymin><xmax>206</xmax><ymax>151</ymax></bndbox></object><object><name>proposal</name><bndbox><xmin>382</xmin><ymin>310</ymin><xmax>70</xmax><ymax>94</ymax></bndbox></object><object><name>proposal</name><bndbox><xmin>360</xmin><ymin>300</ymin><xmax>92</xmax><ymax>101</ymax></bndbox></object><object><name>proposal</name><bndbox><xmin>303</xmin><ymin>320</ymin><xmax>59</xmax><ymax>65</ymax></bndbox></object><object><name>proposal</name><bndbox><xmin>278</xmin><ymin>327</ymin><xmax>117</xmax><ymax>90</ymax></bndbox></object><object><name>proposal</name><bndbox><xmin>314</xmin><ymin>178</ymin><xmax>229</xmax><ymax>230</ymax></bndbox></object><object><name>proposal</name><bndbox><xmin>124</xmin><ymin>261</ymin><xmax>293</xmax><ymax>114</ymax></bndbox></object><object><name>proposal</name><bndbox><xmin>276</xmin><ymin>280</ymin><xmax>173</xmax><ymax>132</ymax></bndbox></object><object><name>proposal</name><bndbox><xmin>358</xmin><ymin>334</ymin><xmax>122</xmax><ymax>116</ymax></bndbox></object><object><name>proposal</name><bndbox><xmin>278</xmin><ymin>330</ymin><xmax>137</xmax><ymax>83</ymax></bndbox></object><object><name>proposal</name><bndbox><xmin>278</xmin><ymin>330</ymin><xmax>126</xmax><ymax>89</ymax></bndbox></object><object><name>proposal</name><bndbox><xmin>278</xmin><ymin>292</ymin><xmax>139</xmax><ymax>125</ymax></bndbox></object><object><name>proposal</name><bndbox><xmin>278</xmin><ymin>293</ymin><xmax>139</xmax><ymax>120</ymax></bndbox></object><object><name>proposal</name><bndbox><xmin>246</xmin><ymin>262</ymin><xmax>206</xmax><ymax>154</ymax></bndbox></object><object><name>proposal</name><bndbox><xmin>171</xmin><ymin>249</ymin><xmax>259</xmax><ymax>132</ymax></bndbox></object><object><name>proposal</name><bndbox><xmin>278</xmin><ymin>330</ymin><xmax>110</xmax><ymax>83</ymax></bndbox></object><object><name>proposal</name><bndbox><xmin>246</xmin><ymin>172</ymin><xmax>289</xmax><ymax>245</ymax></bndbox></object><object><name>proposal</name><bndbox><xmin>370</xmin><ymin>322</ymin><xmax>79</xmax><ymax>60</ymax></bndbox></object><object><name>proposal</name><bndbox><xmin>279</xmin><ymin>319</ymin><xmax>83</xmax><ymax>66</ymax></bndbox></object><object><name>proposal</name><bndbox><xmin>358</xmin><ymin>322</ymin><xmax>91</xmax><ymax>67</ymax></bndbox></object><object><name>proposal</name><bndbox><xmin>276</xmin><ymin>266</ymin><xmax>143</xmax><ymax>141</ymax></bndbox></object><object><name>proposal</name><bndbox><xmin>270</xmin><ymin>311</ymin><xmax>134</xmax><ymax>108</ymax></bndbox></object><object><name>proposal</name><bndbox><xmin>270</xmin><ymin>335</ymin><xmax>127</xmax><ymax>87</ymax></bndbox></object><object><name>proposal</name><bndbox><xmin>382</xmin><ymin>310</ymin><xmax>70</xmax><ymax>83</ymax></bndbox></object><object><name>proposal</name><bndbox><xmin>280</xmin><ymin>293</ymin><xmax>137</xmax><ymax>85</ymax></bndbox></object><object><name>proposal</name><bndbox><xmin>382</xmin><ymin>334</ymin><xmax>70</xmax><ymax>59</ymax></bndbox></object><object><name>proposal</name><bndbox><xmin>358</xmin><ymin>300</ymin><xmax>94</xmax><ymax>101</ymax></bndbox></object><object><name>proposal</name><bndbox><xmin>341</xmin><ymin>258</ymin><xmax>278</xmax><ymax>140</ymax></bndbox></object><object><name>proposal</name><bndbox><xmin>270</xmin><ymin>311</ymin><xmax>182</xmax><ymax>108</ymax></bndbox></object><object><name>proposal</name><bndbox><xmin>360</xmin><ymin>322</ymin><xmax>92</xmax><ymax>79</ymax></bndbox></object><object><name>proposal</name><bndbox><xmin>290</xmin><ymin>311</ymin><xmax>80</xmax><ymax>79</ymax></bndbox></object><object><name>proposal</name><bndbox><xmin>289</xmin><ymin>311</ymin><xmax>68</xmax><ymax>81</ymax></bndbox></object><object><name>proposal</name><bndbox><xmin>270</xmin><ymin>292</ymin><xmax>210</xmax><ymax>158</ymax></bndbox></object><object><name>proposal</name><bndbox><xmin>289</xmin><ymin>311</ymin><xmax>74</xmax><ymax>81</ymax></bndbox></object><object><name>proposal</name><bndbox><xmin>358</xmin><ymin>322</ymin><xmax>91</xmax><ymax>78</ymax></bndbox></object><object><name>proposal</name><bndbox><xmin>270</xmin><ymin>193</ymin><xmax>210</xmax><ymax>257</ymax></bndbox></object><object><name>proposal</name><bndbox><xmin>357</xmin><ymin>325</ymin><xmax>92</xmax><ymax>74</ymax></bndbox></object><object><name>proposal</name><bndbox><xmin>246</xmin><ymin>262</ymin><xmax>206</xmax><ymax>155</ymax></bndbox></object><object><name>proposal</name><bndbox><xmin>289</xmin><ymin>292</ymin><xmax>128</xmax><ymax>67</ymax></bndbox></object><object><name>proposal</name><bndbox><xmin>270</xmin><ymin>213</ymin><xmax>273</xmax><ymax>206</ymax></bndbox></object><object><name>proposal</name><bndbox><xmin>282</xmin><ymin>293</ymin><xmax>170</xmax><ymax>106</ymax></bndbox></object><object><name>proposal</name><bndbox><xmin>278</xmin><ymin>266</ymin><xmax>141</xmax><ymax>110</ymax></bndbox></object><object><name>proposal</name><bndbox><xmin>300</xmin><ymin>311</ymin><xmax>63</xmax><ymax>74</ymax></bndbox></object><object><name>proposal</name><bndbox><xmin>371</xmin><ymin>310</ymin><xmax>81</xmax><ymax>94</ymax></bndbox></object><object><name>proposal</name><bndbox><xmin>314</xmin><ymin>178</ymin><xmax>229</xmax><ymax>237</ymax></bndbox></object><object><name>proposal</name><bndbox><xmin>358</xmin><ymin>322</ymin><xmax>70</xmax><ymax>74</ymax></bndbox></object><object><name>proposal</name><bndbox><xmin>370</xmin><ymin>322</ymin><xmax>59</xmax><ymax>78</ymax></bndbox></object><object><name>proposal</name><bndbox><xmin>270</xmin><ymin>330</ymin><xmax>134</xmax><ymax>89</ymax></bndbox></object><object><name>proposal</name><bndbox><xmin>178</xmin><ymin>193</ymin><xmax>292</xmax><ymax>174</ymax></bndbox></object><object><name>proposal</name><bndbox><xmin>278</xmin><ymin>327</ymin><xmax>138</xmax><ymax>90</ymax></bndbox></object><object><name>proposal</name><bndbox><xmin>370</xmin><ymin>318</ymin><xmax>82</xmax><ymax>84</ymax></bndbox></object><object><name>proposal</name><bndbox><xmin>288</xmin><ymin>294</ymin><xmax>161</xmax><ymax>105</ymax></bndbox></object><object><name>proposal</name><bndbox><xmin>370</xmin><ymin>322</ymin><xmax>59</xmax><ymax>63</ymax></bndbox></object><object><name>proposal</name><bndbox><xmin>270</xmin><ymin>319</ymin><xmax>92</xmax><ymax>100</ymax></bndbox></object><object><name>proposal</name><bndbox><xmin>341</xmin><ymin>217</ymin><xmax>278</xmax><ymax>181</ymax></bndbox></object><object><name>proposal</name><bndbox><xmin>270</xmin><ymin>249</ymin><xmax>182</xmax><ymax>173</ymax></bndbox></object><object><name>proposal</name><bndbox><xmin>288</xmin><ymin>294</ymin><xmax>131</xmax><ymax>82</ymax></bndbox></object><object><name>proposal</name><bndbox><xmin>148</xmin><ymin>246</ymin><xmax>269</xmax><ymax>126</ymax></bndbox></object></annotation>