<annotation><folder>Proposals</folder><filename>img-225.jpg</filename><size><width>720</width><height>720</height><depth>3</depth></size><object><name>proposal</name><bndbox><xmin>251</xmin><ymin>225</ymin><xmax>161</xmax><ymax>109</ymax></bndbox></object><object><name>proposal</name><bndbox><xmin>438</xmin><ymin>25</ymin><xmax>67</xmax><ymax>29</ymax></bndbox></object><object><name>proposal</name><bndbox><xmin>312</xmin><ymin>269</ymin><xmax>105</xmax><ymax>83</ymax></bndbox></object><object><name>proposal</name><bndbox><xmin>285</xmin><ymin>249</ymin><xmax>191</xmax><ymax>130</ymax></bndbox></object><object><name>proposal</name><bndbox><xmin>285</xmin><ymin>176</ymin><xmax>190</xmax><ymax>168</ymax></bndbox></object><object><name>proposal</name><bndbox><xmin>335</xmin><ymin>269</ymin><xmax>89</xmax><ymax>29</ymax></bndbox></object><object><name>proposal</name><bndbox><xmin>309</xmin><ymin>275</ymin><xmax>128</xmax><ymax>82</ymax></bndbox></object><object><name>proposal</name><bndbox><xmin>251</xmin><ymin>200</ymin><xmax>224</xmax><ymax>144</ymax></bndbox></object><object><name>proposal</name><bndbox><xmin>89</xmin><ymin>139</ymin><xmax>49</xmax><ymax>28</ymax></bndbox></object><object><name>proposal</name><bndbox><xmin>284</xmin><ymin>274</ymin><xmax>190</xmax><ymax>135</ymax></bndbox></object><object><name>proposal</name><bndbox><xmin>80</xmin><ymin>135</ymin><xmax>67</xmax><ymax>37</ymax></bndbox></object><object><name>proposal</name><bndbox><xmin>312</xmin><ymin>271</ymin><xmax>234</xmax><ymax>99</ymax></bndbox></object><object><name>proposal</name><bndbox><xmin>345</xmin><ymin>290</ymin><xmax>76</xmax><ymax>35</ymax></bndbox></object><object><name>proposal</name><bndbox><xmin>445</xmin><ymin>24</ymin><xmax>44</xmax><ymax>12</ymax></bndbox></object><object><name>proposal</name><bndbox><xmin>445</xmin><ymin>0</ymin><xmax>142</xmax><ymax>53</ymax></bndbox></object><object><name>proposal</name><bndbox><xmin>386</xmin><ymin>0</ymin><xmax>166</xmax><ymax>49</ymax></bndbox></object><object><name>proposal</name><bndbox><xmin>284</xmin><ymin>274</ymin><xmax>128</xmax><ymax>60</ymax></bndbox></object><object><name>proposal</name><bndbox><xmin>309</xmin><ymin>267</ymin><xmax>125</xmax><ymax>90</ymax></bndbox></object><object><name>proposal</name><bndbox><xmin>327</xmin><ymin>290</ymin><xmax>147</xmax><ymax>119</ymax></bndbox></object><object><name>proposal</name><bndbox><xmin>364</xmin><ymin>285</ymin><xmax>164</xmax><ymax>77</ymax></bndbox></object><object><name>proposal</name><bndbox><xmin>309</xmin><ymin>274</ymin><xmax>166</xmax><ymax>103</ymax></bndbox></object><object><name>proposal</name><bndbox><xmin>437</xmin><ymin>24</ymin><xmax>64</xmax><ymax>29</ymax></bndbox></object><object><name>proposal</name><bndbox><xmin>309</xmin><ymin>271</ymin><xmax>166</xmax><ymax>106</ymax></bndbox></object><object><name>proposal</name><bndbox><xmin>309</xmin><ymin>261</ymin><xmax>165</xmax><ymax>116</ymax></bndbox></object><object><name>proposal</name><bndbox><xmin>84</xmin><ymin>135</ymin><xmax>56</xmax><ymax>36</ymax></bndbox></object><object><name>proposal</name><bndbox><xmin>450</xmin><ymin>26</ymin><xmax>41</xmax><ymax>12</ymax></bndbox></object><object><name>proposal</name><bndbox><xmin>285</xmin><ymin>267</ymin><xmax>191</xmax><ymax>112</ymax></bndbox></object><object><name>proposal</name><bndbox><xmin>325</xmin><ymin>290</ymin><xmax>96</xmax><ymax>75</ymax></bndbox></object><object><name>proposal</name><bndbox><xmin>355</xmin><ymin>0</ymin><xmax>196</xmax><ymax>54</ymax></bndbox></object><object><name>proposal</name><bndbox><xmin>365</xmin><ymin>303</ymin><xmax>54</xmax><ymax>37</ymax></bndbox></object><object><name>proposal</name><bndbox><xmin>386</xmin><ymin>2</ymin><xmax>28</xmax><ymax>16</ymax></bndbox></object><object><name>proposal</name><bndbox><xmin>437</xmin><ymin>23</ymin><xmax>83</xmax><ymax>31</ymax></bndbox></object><object><name>proposal</name><bndbox><xmin>355</xmin><ymin>0</ymin><xmax>196</xmax><ymax>49</ymax></bndbox></object><object><name>proposal</name><bndbox><xmin>309</xmin><ymin>274</ymin><xmax>56</xmax><ymax>60</ymax></bndbox></object><object><name>proposal</name><bndbox><xmin>309</xmin><ymin>271</ymin><xmax>83</xmax><ymax>62</ymax></bndbox></object><object><name>proposal</name><bndbox><xmin>341</xmin><ymin>269</ymin><xmax>169</xmax><ymax>114</ymax></bndbox></object><object><name>proposal</name><bndbox><xmin>293</xmin><ymin>268</ymin><xmax>126</xmax><ymax>85</ymax></bndbox></object><object><name>proposal</name><bndbox><xmin>309</xmin><ymin>274</ymin><xmax>165</xmax><ymax>135</ymax></bndbox></object><object><name>proposal</name><bndbox><xmin>312</xmin><ymin>274</ymin><xmax>245</xmax><ymax>103</ymax></bndbox></object><object><name>proposal</name><bndbox><xmin>325</xmin><ymin>290</ymin><xmax>96</xmax><ymax>51</ymax></bndbox></object><object><name>proposal</name><bndbox><xmin>99</xmin><ymin>137</ymin><xmax>35</xmax><ymax>11</ymax></bndbox></object><object><name>proposal</name><bndbox><xmin>386</xmin><ymin>2</ymin><xmax>30</xmax><ymax>16</ymax></bndbox></object><object><name>proposal</name><bndbox><xmin>95</xmin><ymin>141</ymin><xmax>35</xmax><ymax>9</ymax></bndbox></object><object><name>proposal</name><bndbox><xmin>345</xmin><ymin>290</ymin><xmax>74</xmax><ymax>63</ymax></bndbox></object><object><name>proposal</name><bndbox><xmin>80</xmin><ymin>135</ymin><xmax>54</xmax><ymax>14</ymax></bndbox></object><object><name>proposal</name><bndbox><xmin>312</xmin><ymin>271</ymin><xmax>105</xmax><ymax>81</ymax></bndbox></object><object><name>proposal</name><bndbox><xmin>312</xmin><ymin>269</ymin><xmax>245</xmax><ymax>108</ymax></bndbox></object><object><name>proposal</name><bndbox><xmin>312</xmin><ymin>274</ymin><xmax>162</xmax><ymax>103</ymax></bndbox></object><object><name>proposal</name><bndbox><xmin>284</xmin><ymin>274</ymin><xmax>81</xmax><ymax>60</ymax></bndbox></object><object><name>proposal</name><bndbox><xmin>285</xmin><ymin>178</ymin><xmax>190</xmax><ymax>166</ymax></bndbox></object><object><name>proposal</name><bndbox><xmin>445</xmin><ymin>18</ymin><xmax>144</xmax><ymax>53</ymax></bndbox></object><object><name>proposal</name><bndbox><xmin>380</xmin><ymin>1</ymin><xmax>37</xmax><ymax>17</ymax></bndbox></object><object><name>proposal</name><bndbox><xmin>312</xmin><ymin>274</ymin><xmax>234</xmax><ymax>96</ymax></bndbox></object><object><name>proposal</name><bndbox><xmin>251</xmin><ymin>176</ymin><xmax>224</xmax><ymax>168</ymax></bndbox></object><object><name>proposal</name><bndbox><xmin>341</xmin><ymin>269</ymin><xmax>83</xmax><ymax>29</ymax></bndbox></object><object><name>proposal</name><bndbox><xmin>88</xmin><ymin>136</ymin><xmax>46</xmax><ymax>27</ymax></bndbox></object><object><name>proposal</name><bndbox><xmin>293</xmin><ymin>268</ymin><xmax>72</xmax><ymax>65</ymax></bndbox></object><object><name>proposal</name><bndbox><xmin>89</xmin><ymin>136</ymin><xmax>45</xmax><ymax>32</ymax></bndbox></object><object><name>proposal</name><bndbox><xmin>308</xmin><ymin>266</ymin><xmax>150</xmax><ymax>91</ymax></bndbox></object><object><name>proposal</name><bndbox><xmin>95</xmin><ymin>137</ymin><xmax>38</xmax><ymax>24</ymax></bndbox></object><object><name>proposal</name><bndbox><xmin>309</xmin><ymin>274</ymin><xmax>130</xmax><ymax>83</ymax></bndbox></object><object><name>proposal</name><bndbox><xmin>386</xmin><ymin>2</ymin><xmax>28</xmax><ymax>17</ymax></bndbox></object><object><name>proposal</name><bndbox><xmin>95</xmin><ymin>140</ymin><xmax>35</xmax><ymax>10</ymax></bndbox></object><object><name>proposal</name><bndbox><xmin>469</xmin><ymin>31</ymin><xmax>33</xmax><ymax>20</ymax></bndbox></object><object><name>proposal</name><bndbox><xmin>369</xmin><ymin>249</ymin><xmax>106</xmax><ymax>95</ymax></bndbox></object><object><name>proposal</name><bndbox><xmin>89</xmin><ymin>140</ymin><xmax>49</xmax><ymax>27</ymax></bndbox></object><object><name>proposal</name><bndbox><xmin>293</xmin><ymin>268</ymin><xmax>146</xmax><ymax>97</ymax></bndbox></object><object><name>proposal</name><bndbox><xmin>293</xmin><ymin>268</ymin><xmax>119</xmax><ymax>65</ymax></bndbox></object><object><name>proposal</name><bndbox><xmin>365</xmin><ymin>303</ymin><xmax>74</xmax><ymax>56</ymax></bndbox></object><object><name>proposal</name><bndbox><xmin>350</xmin><ymin>318</ymin><xmax>89</xmax><ymax>47</ymax></bndbox></object><object><name>proposal</name><bndbox><xmin>445</xmin><ymin>24</ymin><xmax>144</xmax><ymax>47</ymax></bndbox></object><object><name>proposal</name><bndbox><xmin>95</xmin><ymin>137</ymin><xmax>39</xmax><ymax>22</ymax></bndbox></object><object><name>proposal</name><bndbox><xmin>423</xmin><ymin>23</ymin><xmax>97</xmax><ymax>31</ymax></bndbox></object><object><name>proposal</name><bndbox><xmin>293</xmin><ymin>268</ymin><xmax>124</xmax><ymax>86</ymax></bndbox></object><object><name>proposal</name><bndbox><xmin>330</xmin><ymin>291</ymin><xmax>145</xmax><ymax>86</ymax></bndbox></object><object><name>proposal</name><bndbox><xmin>88</xmin><ymin>137</ymin><xmax>50</xmax><ymax>30</ymax></bndbox></object><object><name>proposal</name><bndbox><xmin>315</xmin><ymin>274</ymin><xmax>159</xmax><ymax>100</ymax></bndbox></object><object><name>proposal</name><bndbox><xmin>251</xmin><ymin>178</ymin><xmax>224</xmax><ymax>166</ymax></bndbox></object><object><name>proposal</name><bndbox><xmin>437</xmin><ymin>25</ymin><xmax>83</xmax><ymax>29</ymax></bndbox></object><object><name>proposal</name><bndbox><xmin>88</xmin><ymin>135</ymin><xmax>46</xmax><ymax>32</ymax></bndbox></object><object><name>proposal</name><bndbox><xmin>293</xmin><ymin>268</ymin><xmax>146</xmax><ymax>91</ymax></bndbox></object><object><name>proposal</name><bndbox><xmin>380</xmin><ymin>1</ymin><xmax>37</xmax><ymax>18</ymax></bndbox></object><object><name>proposal</name><bndbox><xmin>313</xmin><ymin>274</ymin><xmax>161</xmax><ymax>103</ymax></bndbox></object><object><name>proposal</name><bndbox><xmin>380</xmin><ymin>0</ymin><xmax>38</xmax><ymax>24</ymax></bndbox></object><object><name>proposal</name><bndbox><xmin>422</xmin><ymin>20</ymin><xmax>98</xmax><ymax>33</ymax></bndbox></object><object><name>proposal</name><bndbox><xmin>345</xmin><ymin>290</ymin><xmax>67</xmax><ymax>35</ymax></bndbox></object><object><name>proposal</name><bndbox><xmin>340</xmin><ymin>269</ymin><xmax>76</xmax><ymax>35</ymax></bndbox></object><object><name>proposal</name><bndbox><xmin>284</xmin><ymin>249</ymin><xmax>191</xmax><ymax>95</ymax></bndbox></object><object><name>proposal</name><bndbox><xmin>380</xmin><ymin>0</ymin><xmax>37</xmax><ymax>19</ymax></bndbox></object><object><name>proposal</name><bndbox><xmin>471</xmin><ymin>34</ymin><xmax>63</xmax><ymax>21</ymax></bndbox></object><object><name>proposal</name><bndbox><xmin>386</xmin><ymin>0</ymin><xmax>166</xmax><ymax>53</ymax></bndbox></object><object><name>proposal</name><bndbox><xmin>312</xmin><ymin>261</ymin><xmax>162</xmax><ymax>116</ymax></bndbox></object><object><name>proposal</name><bndbox><xmin>95</xmin><ymin>141</ymin><xmax>36</xmax><ymax>9</ymax></bndbox></object><object><name>proposal</name><bndbox><xmin>437</xmin><ymin>25</ymin><xmax>77</xmax><ymax>29</ymax></bndbox></object><object><name>proposal</name><bndbox><xmin>385</xmin><ymin>1</ymin><xmax>31</xmax><ymax>17</ymax></bndbox></object><object><name>proposal</name><bndbox><xmin>293</xmin><ymin>268</ymin><xmax>264</xmax><ymax>154</ymax></bndbox></object><object><name>proposal</name><bndbox><xmin>309</xmin><ymin>274</ymin><xmax>83</xmax><ymax>59</ymax></bndbox></object><object><name>proposal</name><bndbox><xmin>450</xmin><ymin>23</ymin><xmax>39</xmax><ymax>13</ymax></bndbox></object><object><name>proposal</name><bndbox><xmin>330</xmin><ymin>291</ymin><xmax>144</xmax><ymax>86</ymax></bndbox></object><object><name>proposal</name><bndbox><xmin>102</xmin><ymin>140</ymin><xmax>40</xmax><ymax>31</ymax></bndbox></object><object><name>proposal</name><bndbox><xmin>325</xmin><ymin>269</ymin><xmax>99</xmax><ymax>72</ymax></bndbox></object><object><name>proposal</name><bndbox><xmin>437</xmin><ymin>25</ymin><xmax>68</xmax><ymax>28</ymax></bndbox></object><object><name>proposal</name><bndbox><xmin>437</xmin><ymin>25</ymin><xmax>65</xmax><ymax>26</ymax></bndbox></object><object><name>proposal</name><bndbox><xmin>284</xmin><ymin>274</ymin><xmax>190</xmax><ymax>153</ymax></bndbox></object><object><name>proposal</name><bndbox><xmin>355</xmin><ymin>0</ymin><xmax>145</xmax><ymax>54</ymax></bndbox></object><object><name>proposal</name><bndbox><xmin>327</xmin><ymin>290</ymin><xmax>147</xmax><ymax>137</ymax></bndbox></object><object><name>proposal</name><bndbox><xmin>471</xmin><ymin>12</ymin><xmax>80</xmax><ymax>43</ymax></bndbox></object><object><name>proposal</name><bndbox><xmin>422</xmin><ymin>21</ymin><xmax>99</xmax><ymax>32</ymax></bndbox></object><object><name>proposal</name><bndbox><xmin>341</xmin><ymin>269</ymin><xmax>200</xmax><ymax>153</ymax></bndbox></object><object><name>proposal</name><bndbox><xmin>84</xmin><ymin>144</ymin><xmax>63</xmax><ymax>28</ymax></bndbox></object><object><name>proposal</name><bndbox><xmin>325</xmin><ymin>312</ymin><xmax>64</xmax><ymax>53</ymax></bndbox></object><object><name>proposal</name><bndbox><xmin>312</xmin><ymin>274</ymin><xmax>105</xmax><ymax>78</ymax></bndbox></object><object><name>proposal</name><bndbox><xmin>334</xmin><ymin>290</ymin><xmax>78</xmax><ymax>40</ymax></bndbox></object><object><name>proposal</name><bndbox><xmin>293</xmin><ymin>268</ymin><xmax>131</xmax><ymax>73</ymax></bndbox></object><object><name>proposal</name><bndbox><xmin>325</xmin><ymin>290</ymin><xmax>114</xmax><ymax>75</ymax></bndbox></object><object><name>proposal</name><bndbox><xmin>293</xmin><ymin>268</ymin><xmax>131</xmax><ymax>65</ymax></bndbox></object><object><name>proposal</name><bndbox><xmin>293</xmin><ymin>268</ymin><xmax>264</xmax><ymax>102</ymax></bndbox></object><object><name>proposal</name><bndbox><xmin>95</xmin><ymin>109</ymin><xmax>47</xmax><ymax>58</ymax></bndbox></object><object><name>proposal</name><bndbox><xmin>445</xmin><ymin>0</ymin><xmax>106</xmax><ymax>53</ymax></bndbox></object><object><name>proposal</name><bndbox><xmin>315</xmin><ymin>275</ymin><xmax>119</xmax><ymax>82</ymax></bndbox></object><object><name>proposal</name><bndbox><xmin>355</xmin><ymin>0</ymin><xmax>144</xmax><ymax>49</ymax></bndbox></object><object><name>proposal</name><bndbox><xmin>293</xmin><ymin>268</ymin><xmax>144</xmax><ymax>91</ymax></bndbox></object><object><name>proposal</name><bndbox><xmin>437</xmin><ymin>25</ymin><xmax>64</xmax><ymax>28</ymax></bndbox></object><object><name>proposal</name><bndbox><xmin>350</xmin><ymin>323</ymin><xmax>69</xmax><ymax>42</ymax></bndbox></object><object><name>proposal</name><bndbox><xmin>345</xmin><ymin>290</ymin><xmax>76</xmax><ymax>47</ymax></bndbox></object><object><name>proposal</name><bndbox><xmin>293</xmin><ymin>268</ymin><xmax>126</xmax><ymax>72</ymax></bndbox></object><object><name>proposal</name><bndbox><xmin>312</xmin><ymin>274</ymin><xmax>216</xmax><ymax>96</ymax></bndbox></object><object><name>proposal</name><bndbox><xmin>92</xmin><ymin>140</ymin><xmax>46</xmax><ymax>18</ymax></bndbox></object><object><name>proposal</name><bndbox><xmin>92</xmin><ymin>140</ymin><xmax>39</xmax><ymax>18</ymax></bndbox></object><object><name>proposal</name><bndbox><xmin>437</xmin><ymin>24</ymin><xmax>77</xmax><ymax>30</ymax></bndbox></object><object><name>proposal</name><bndbox><xmin>437</xmin><ymin>24</ymin><xmax>68</xmax><ymax>30</ymax></bndbox></object><object><name>proposal</name><bndbox><xmin>309</xmin><ymin>274</ymin><xmax>165</xmax><ymax>103</ymax></bndbox></object><object><name>proposal</name><bndbox><xmin>309</xmin><ymin>274</ymin><xmax>130</xmax><ymax>85</ymax></bndbox></object><object><name>proposal</name><bndbox><xmin>365</xmin><ymin>303</ymin><xmax>54</xmax><ymax>50</ymax></bndbox></object></annotation>