<annotation><folder>Proposals</folder><filename>img-410.jpg</filename><size><width>400</width><height>300</height><depth>3</depth></size><object><name>proposal</name><bndbox><xmin>501</xmin><ymin>330</ymin><xmax>183</xmax><ymax>257</ymax></bndbox></object><object><name>proposal</name><bndbox><xmin>397</xmin><ymin>363</ymin><xmax>211</xmax><ymax>245</ymax></bndbox></object><object><name>proposal</name><bndbox><xmin>413</xmin><ymin>364</ymin><xmax>240</xmax><ymax>322</ymax></bndbox></object><object><name>proposal</name><bndbox><xmin>30</xmin><ymin>340</ymin><xmax>665</xmax><ymax>460</ymax></bndbox></object><object><name>proposal</name><bndbox><xmin>0</xmin><ymin>195</ymin><xmax>800</xmax><ymax>605</ymax></bndbox></object><object><name>proposal</name><bndbox><xmin>375</xmin><ymin>154</ymin><xmax>325</xmax><ymax>374</ymax></bndbox></object><object><name>proposal</name><bndbox><xmin>394</xmin><ymin>362</ymin><xmax>251</xmax><ymax>257</ymax></bndbox></object><object><name>proposal</name><bndbox><xmin>374</xmin><ymin>362</ymin><xmax>236</xmax><ymax>260</ymax></bndbox></object><object><name>proposal</name><bndbox><xmin>186</xmin><ymin>408</ymin><xmax>299</xmax><ymax>232</ymax></bndbox></object><object><name>proposal</name><bndbox><xmin>341</xmin><ymin>261</ymin><xmax>212</xmax><ymax>238</ymax></bndbox></object><object><name>proposal</name><bndbox><xmin>289</xmin><ymin>228</ymin><xmax>286</xmax><ymax>258</ymax></bndbox></object><object><name>proposal</name><bndbox><xmin>128</xmin><ymin>337</ymin><xmax>388</xmax><ymax>463</ymax></bndbox></object><object><name>proposal</name><bndbox><xmin>369</xmin><ymin>195</ymin><xmax>388</xmax><ymax>493</ymax></bndbox></object><object><name>proposal</name><bndbox><xmin>312</xmin><ymin>424</ymin><xmax>168</xmax><ymax>267</ymax></bndbox></object><object><name>proposal</name><bndbox><xmin>501</xmin><ymin>257</ymin><xmax>184</xmax><ymax>330</ymax></bndbox></object><object><name>proposal</name><bndbox><xmin>395</xmin><ymin>363</ymin><xmax>181</xmax><ymax>244</ymax></bndbox></object><object><name>proposal</name><bndbox><xmin>397</xmin><ymin>362</ymin><xmax>256</xmax><ymax>292</ymax></bndbox></object><object><name>proposal</name><bndbox><xmin>396</xmin><ymin>364</ymin><xmax>201</xmax><ymax>247</ymax></bndbox></object><object><name>proposal</name><bndbox><xmin>516</xmin><ymin>342</ymin><xmax>191</xmax><ymax>346</ymax></bndbox></object><object><name>proposal</name><bndbox><xmin>319</xmin><ymin>419</ymin><xmax>166</xmax><ymax>302</ymax></bndbox></object><object><name>proposal</name><bndbox><xmin>335</xmin><ymin>222</ymin><xmax>318</xmax><ymax>437</ymax></bndbox></object><object><name>proposal</name><bndbox><xmin>339</xmin><ymin>212</ymin><xmax>270</xmax><ymax>412</ymax></bndbox></object><object><name>proposal</name><bndbox><xmin>374</xmin><ymin>342</ymin><xmax>310</xmax><ymax>317</ymax></bndbox></object><object><name>proposal</name><bndbox><xmin>501</xmin><ymin>192</ymin><xmax>184</xmax><ymax>462</ymax></bndbox></object><object><name>proposal</name><bndbox><xmin>215</xmin><ymin>241</ymin><xmax>493</xmax><ymax>445</ymax></bndbox></object><object><name>proposal</name><bndbox><xmin>413</xmin><ymin>136</ymin><xmax>369</xmax><ymax>410</ymax></bndbox></object><object><name>proposal</name><bndbox><xmin>0</xmin><ymin>213</ymin><xmax>575</xmax><ymax>587</ymax></bndbox></object><object><name>proposal</name><bndbox><xmin>358</xmin><ymin>259</ymin><xmax>182</xmax><ymax>171</ymax></bndbox></object><object><name>proposal</name><bndbox><xmin>374</xmin><ymin>394</ymin><xmax>234</xmax><ymax>228</ymax></bndbox></object><object><name>proposal</name><bndbox><xmin>377</xmin><ymin>362</ymin><xmax>233</xmax><ymax>260</ymax></bndbox></object><object><name>proposal</name><bndbox><xmin>397</xmin><ymin>362</ymin><xmax>179</xmax><ymax>146</ymax></bndbox></object><object><name>proposal</name><bndbox><xmin>390</xmin><ymin>0</ymin><xmax>410</xmax><ymax>800</ymax></bndbox></object><object><name>proposal</name><bndbox><xmin>413</xmin><ymin>230</ymin><xmax>251</xmax><ymax>316</ymax></bndbox></object><object><name>proposal</name><bndbox><xmin>443</xmin><ymin>407</ymin><xmax>166</xmax><ymax>201</ymax></bndbox></object><object><name>proposal</name><bndbox><xmin>394</xmin><ymin>362</ymin><xmax>261</xmax><ymax>299</ymax></bndbox></object><object><name>proposal</name><bndbox><xmin>0</xmin><ymin>0</ymin><xmax>679</xmax><ymax>800</ymax></bndbox></object><object><name>proposal</name><bndbox><xmin>0</xmin><ymin>254</ymin><xmax>703</xmax><ymax>391</ymax></bndbox></object><object><name>proposal</name><bndbox><xmin>374</xmin><ymin>334</ymin><xmax>310</xmax><ymax>325</ymax></bndbox></object><object><name>proposal</name><bndbox><xmin>346</xmin><ymin>0</ymin><xmax>229</xmax><ymax>418</ymax></bndbox></object><object><name>proposal</name><bndbox><xmin>395</xmin><ymin>368</ymin><xmax>258</xmax><ymax>291</ymax></bndbox></object><object><name>proposal</name><bndbox><xmin>128</xmin><ymin>0</ymin><xmax>447</xmax><ymax>800</ymax></bndbox></object><object><name>proposal</name><bndbox><xmin>215</xmin><ymin>241</ymin><xmax>360</xmax><ymax>275</ymax></bndbox></object><object><name>proposal</name><bndbox><xmin>0</xmin><ymin>0</ymin><xmax>800</xmax><ymax>688</ymax></bndbox></object><object><name>proposal</name><bndbox><xmin>393</xmin><ymin>362</ymin><xmax>260</xmax><ymax>297</ymax></bndbox></object><object><name>proposal</name><bndbox><xmin>397</xmin><ymin>296</ymin><xmax>210</xmax><ymax>324</ymax></bndbox></object><object><name>proposal</name><bndbox><xmin>374</xmin><ymin>362</ymin><xmax>264</xmax><ymax>248</ymax></bndbox></object><object><name>proposal</name><bndbox><xmin>310</xmin><ymin>379</ymin><xmax>175</xmax><ymax>307</ymax></bndbox></object><object><name>proposal</name><bndbox><xmin>524</xmin><ymin>188</ymin><xmax>247</xmax><ymax>462</ymax></bndbox></object><object><name>proposal</name><bndbox><xmin>404</xmin><ymin>0</ymin><xmax>396</xmax><ymax>685</ymax></bndbox></object><object><name>proposal</name><bndbox><xmin>330</xmin><ymin>335</ymin><xmax>356</xmax><ymax>297</ymax></bndbox></object><object><name>proposal</name><bndbox><xmin>480</xmin><ymin>136</ymin><xmax>320</xmax><ymax>664</ymax></bndbox></object><object><name>proposal</name><bndbox><xmin>288</xmin><ymin>251</ymin><xmax>416</xmax><ymax>447</ymax></bndbox></object><object><name>proposal</name><bndbox><xmin>412</xmin><ymin>202</ymin><xmax>292</xmax><ymax>484</ymax></bndbox></object><object><name>proposal</name><bndbox><xmin>0</xmin><ymin>0</ymin><xmax>780</xmax><ymax>800</ymax></bndbox></object><object><name>proposal</name><bndbox><xmin>395</xmin><ymin>363</ymin><xmax>179</xmax><ymax>190</ymax></bndbox></object><object><name>proposal</name><bndbox><xmin>396</xmin><ymin>362</ymin><xmax>257</xmax><ymax>293</ymax></bndbox></object><object><name>proposal</name><bndbox><xmin>473</xmin><ymin>342</ymin><xmax>227</xmax><ymax>345</ymax></bndbox></object><object><name>proposal</name><bndbox><xmin>397</xmin><ymin>362</ymin><xmax>217</xmax><ymax>299</ymax></bndbox></object><object><name>proposal</name><bndbox><xmin>381</xmin><ymin>362</ymin><xmax>227</xmax><ymax>247</ymax></bndbox></object><object><name>proposal</name><bndbox><xmin>380</xmin><ymin>363</ymin><xmax>273</xmax><ymax>297</ymax></bndbox></object><object><name>proposal</name><bndbox><xmin>330</xmin><ymin>195</ymin><xmax>425</xmax><ymax>481</ymax></bndbox></object><object><name>proposal</name><bndbox><xmin>155</xmin><ymin>254</ymin><xmax>420</xmax><ymax>262</ymax></bndbox></object><object><name>proposal</name><bndbox><xmin>468</xmin><ymin>285</ymin><xmax>332</xmax><ymax>492</ymax></bndbox></object><object><name>proposal</name><bndbox><xmin>374</xmin><ymin>362</ymin><xmax>278</xmax><ymax>303</ymax></bndbox></object><object><name>proposal</name><bndbox><xmin>528</xmin><ymin>115</ymin><xmax>272</xmax><ymax>612</ymax></bndbox></object><object><name>proposal</name><bndbox><xmin>288</xmin><ymin>0</ymin><xmax>384</xmax><ymax>723</ymax></bndbox></object><object><name>proposal</name><bndbox><xmin>513</xmin><ymin>275</ymin><xmax>173</xmax><ymax>408</ymax></bndbox></object><object><name>proposal</name><bndbox><xmin>325</xmin><ymin>0</ymin><xmax>249</xmax><ymax>632</ymax></bndbox></object><object><name>proposal</name><bndbox><xmin>397</xmin><ymin>362</ymin><xmax>217</xmax><ymax>260</ymax></bndbox></object><object><name>proposal</name><bndbox><xmin>536</xmin><ymin>342</ymin><xmax>128</xmax><ymax>204</ymax></bndbox></object><object><name>proposal</name><bndbox><xmin>550</xmin><ymin>342</ymin><xmax>153</xmax><ymax>254</ymax></bndbox></object><object><name>proposal</name><bndbox><xmin>349</xmin><ymin>296</ymin><xmax>354</xmax><ymax>390</ymax></bndbox></object><object><name>proposal</name><bndbox><xmin>349</xmin><ymin>407</ymin><xmax>304</xmax><ymax>278</ymax></bndbox></object><object><name>proposal</name><bndbox><xmin>393</xmin><ymin>363</ymin><xmax>260</xmax><ymax>293</ymax></bndbox></object><object><name>proposal</name><bndbox><xmin>339</xmin><ymin>238</ymin><xmax>237</xmax><ymax>237</ymax></bndbox></object><object><name>proposal</name><bndbox><xmin>341</xmin><ymin>261</ymin><xmax>212</xmax><ymax>214</ymax></bndbox></object><object><name>proposal</name><bndbox><xmin>394</xmin><ymin>361</ymin><xmax>181</xmax><ymax>145</ymax></bndbox></object><object><name>proposal</name><bndbox><xmin>88</xmin><ymin>308</ymin><xmax>381</xmax><ymax>332</ymax></bndbox></object><object><name>proposal</name><bndbox><xmin>341</xmin><ymin>154</ymin><xmax>359</xmax><ymax>374</ymax></bndbox></object><object><name>proposal</name><bndbox><xmin>393</xmin><ymin>363</ymin><xmax>260</xmax><ymax>297</ymax></bndbox></object><object><name>proposal</name><bndbox><xmin>332</xmin><ymin>452</ymin><xmax>153</xmax><ymax>185</ymax></bndbox></object><object><name>proposal</name><bndbox><xmin>528</xmin><ymin>115</ymin><xmax>272</xmax><ymax>662</ymax></bndbox></object><object><name>proposal</name><bndbox><xmin>395</xmin><ymin>338</ymin><xmax>212</xmax><ymax>282</ymax></bndbox></object><object><name>proposal</name><bndbox><xmin>443</xmin><ymin>407</ymin><xmax>210</xmax><ymax>252</ymax></bndbox></object><object><name>proposal</name><bndbox><xmin>404</xmin><ymin>0</ymin><xmax>396</xmax><ymax>777</ymax></bndbox></object><object><name>proposal</name><bndbox><xmin>339</xmin><ymin>136</ymin><xmax>432</xmax><ymax>549</ymax></bndbox></object><object><name>proposal</name><bndbox><xmin>468</xmin><ymin>300</ymin><xmax>204</xmax><ymax>261</ymax></bndbox></object><object><name>proposal</name><bndbox><xmin>339</xmin><ymin>227</ymin><xmax>237</xmax><ymax>272</ymax></bndbox></object><object><name>proposal</name><bndbox><xmin>412</xmin><ymin>202</ymin><xmax>291</xmax><ymax>484</ymax></bndbox></object><object><name>proposal</name><bndbox><xmin>395</xmin><ymin>368</ymin><xmax>258</xmax><ymax>289</ymax></bndbox></object><object><name>proposal</name><bndbox><xmin>394</xmin><ymin>362</ymin><xmax>220</xmax><ymax>257</ymax></bndbox></object><object><name>proposal</name><bndbox><xmin>377</xmin><ymin>213</ymin><xmax>307</xmax><ymax>414</ymax></bndbox></object><object><name>proposal</name><bndbox><xmin>310</xmin><ymin>338</ymin><xmax>393</xmax><ymax>348</ymax></bndbox></object><object><name>proposal</name><bndbox><xmin>78</xmin><ymin>0</ymin><xmax>722</xmax><ymax>800</ymax></bndbox></object><object><name>proposal</name><bndbox><xmin>434</xmin><ymin>294</ymin><xmax>366</xmax><ymax>506</ymax></bndbox></object><object><name>proposal</name><bndbox><xmin>374</xmin><ymin>330</ymin><xmax>310</xmax><ymax>292</ymax></bndbox></object><object><name>proposal</name><bndbox><xmin>394</xmin><ymin>363</ymin><xmax>251</xmax><ymax>297</ymax></bndbox></object><object><name>proposal</name><bndbox><xmin>0</xmin><ymin>0</ymin><xmax>800</xmax><ymax>686</ymax></bndbox></object><object><name>proposal</name><bndbox><xmin>528</xmin><ymin>342</ymin><xmax>172</xmax><ymax>255</ymax></bndbox></object><object><name>proposal</name><bndbox><xmin>544</xmin><ymin>251</ymin><xmax>160</xmax><ymax>368</ymax></bndbox></object><object><name>proposal</name><bndbox><xmin>502</xmin><ymin>294</ymin><xmax>176</xmax><ymax>360</ymax></bndbox></object><object><name>proposal</name><bndbox><xmin>380</xmin><ymin>362</ymin><xmax>230</xmax><ymax>257</ymax></bndbox></object><object><name>proposal</name><bndbox><xmin>394</xmin><ymin>362</ymin><xmax>259</xmax><ymax>292</ymax></bndbox></object><object><name>proposal</name><bndbox><xmin>288</xmin><ymin>240</ymin><xmax>415</xmax><ymax>446</ymax></bndbox></object><object><name>proposal</name><bndbox><xmin>340</xmin><ymin>238</ymin><xmax>223</xmax><ymax>233</ymax></bndbox></object><object><name>proposal</name><bndbox><xmin>377</xmin><ymin>213</ymin><xmax>307</xmax><ymax>441</ymax></bndbox></object><object><name>proposal</name><bndbox><xmin>339</xmin><ymin>212</ymin><xmax>237</xmax><ymax>287</ymax></bndbox></object><object><name>proposal</name><bndbox><xmin>503</xmin><ymin>140</ymin><xmax>268</xmax><ymax>454</ymax></bndbox></object><object><name>proposal</name><bndbox><xmin>544</xmin><ymin>321</ymin><xmax>159</xmax><ymax>285</ymax></bndbox></object><object><name>proposal</name><bndbox><xmin>474</xmin><ymin>296</ymin><xmax>198</xmax><ymax>216</ymax></bndbox></object><object><name>proposal</name><bndbox><xmin>497</xmin><ymin>214</ymin><xmax>203</xmax><ymax>332</ymax></bndbox></object><object><name>proposal</name><bndbox><xmin>319</xmin><ymin>419</ymin><xmax>165</xmax><ymax>302</ymax></bndbox></object><object><name>proposal</name><bndbox><xmin>443</xmin><ymin>407</ymin><xmax>166</xmax><ymax>202</ymax></bndbox></object><object><name>proposal</name><bndbox><xmin>288</xmin><ymin>202</ymin><xmax>420</xmax><ymax>521</ymax></bndbox></object><object><name>proposal</name><bndbox><xmin>0</xmin><ymin>0</ymin><xmax>800</xmax><ymax>615</ymax></bndbox></object><object><name>proposal</name><bndbox><xmin>378</xmin><ymin>469</ymin><xmax>288</xmax><ymax>219</ymax></bndbox></object><object><name>proposal</name><bndbox><xmin>332</xmin><ymin>362</ymin><xmax>245</xmax><ymax>275</ymax></bndbox></object><object><name>proposal</name><bndbox><xmin>528</xmin><ymin>330</ymin><xmax>172</xmax><ymax>267</ymax></bndbox></object><object><name>proposal</name><bndbox><xmin>288</xmin><ymin>240</ymin><xmax>287</xmax><ymax>250</ymax></bndbox></object><object><name>proposal</name><bndbox><xmin>332</xmin><ymin>362</ymin><xmax>165</xmax><ymax>275</ymax></bndbox></object><object><name>proposal</name><bndbox><xmin>332</xmin><ymin>362</ymin><xmax>279</xmax><ymax>275</ymax></bndbox></object><object><name>proposal</name><bndbox><xmin>502</xmin><ymin>342</ymin><xmax>176</xmax><ymax>245</ymax></bndbox></object><object><name>proposal</name><bndbox><xmin>404</xmin><ymin>213</ymin><xmax>193</xmax><ymax>398</ymax></bndbox></object><object><name>proposal</name><bndbox><xmin>357</xmin><ymin>362</ymin><xmax>257</xmax><ymax>260</ymax></bndbox></object><object><name>proposal</name><bndbox><xmin>377</xmin><ymin>362</ymin><xmax>276</xmax><ymax>297</ymax></bndbox></object><object><name>proposal</name><bndbox><xmin>328</xmin><ymin>340</ymin><xmax>367</xmax><ymax>460</ymax></bndbox></object><object><name>proposal</name><bndbox><xmin>528</xmin><ymin>195</ymin><xmax>227</xmax><ymax>392</ymax></bndbox></object><object><name>proposal</name><bndbox><xmin>340</xmin><ymin>0</ymin><xmax>460</xmax><ymax>650</ymax></bndbox></object><object><name>proposal</name><bndbox><xmin>339</xmin><ymin>238</ymin><xmax>249</xmax><ymax>237</ymax></bndbox></object><object><name>proposal</name><bndbox><xmin>0</xmin><ymin>338</ymin><xmax>800</xmax><ymax>462</ymax></bndbox></object><object><name>proposal</name><bndbox><xmin>380</xmin><ymin>362</ymin><xmax>228</xmax><ymax>257</ymax></bndbox></object><object><name>proposal</name><bndbox><xmin>449</xmin><ymin>362</ymin><xmax>195</xmax><ymax>250</ymax></bndbox></object><object><name>proposal</name><bndbox><xmin>552</xmin><ymin>340</ymin><xmax>152</xmax><ymax>299</ymax></bndbox></object><object><name>proposal</name><bndbox><xmin>333</xmin><ymin>213</ymin><xmax>264</xmax><ymax>436</ymax></bndbox></object><object><name>proposal</name><bndbox><xmin>330</xmin><ymin>335</ymin><xmax>356</xmax><ymax>324</ymax></bndbox></object><object><name>proposal</name><bndbox><xmin>380</xmin><ymin>362</ymin><xmax>228</xmax><ymax>247</ymax></bndbox></object><object><name>proposal</name><bndbox><xmin>378</xmin><ymin>469</ymin><xmax>252</xmax><ymax>168</ymax></bndbox></object><object><name>proposal</name><bndbox><xmin>378</xmin><ymin>302</ymin><xmax>297</xmax><ymax>324</ymax></bndbox></object><object><name>proposal</name><bndbox><xmin>344</xmin><ymin>338</ymin><xmax>141</xmax><ymax>385</ymax></bndbox></object><object><name>proposal</name><bndbox><xmin>501</xmin><ymin>257</ymin><xmax>177</xmax><ymax>330</ymax></bndbox></object><object><name>proposal</name><bndbox><xmin>443</xmin><ymin>213</ymin><xmax>264</xmax><ymax>441</ymax></bndbox></object><object><name>proposal</name><bndbox><xmin>378</xmin><ymin>469</ymin><xmax>231</xmax><ymax>168</ymax></bndbox></object><object><name>proposal</name><bndbox><xmin>330</xmin><ymin>479</ymin><xmax>186</xmax><ymax>153</ymax></bndbox></object><object><name>proposal</name><bndbox><xmin>512</xmin><ymin>382</ymin><xmax>191</xmax><ymax>303</ymax></bndbox></object><object><name>proposal</name><bndbox><xmin>503</xmin><ymin>195</ymin><xmax>254</xmax><ymax>493</ymax></bndbox></object><object><name>proposal</name><bndbox><xmin>342</xmin><ymin>394</ymin><xmax>272</xmax><ymax>225</ymax></bndbox></object><object><name>proposal</name><bndbox><xmin>412</xmin><ymin>340</ymin><xmax>195</xmax><ymax>280</ymax></bndbox></object><object><name>proposal</name><bndbox><xmin>340</xmin><ymin>237</ymin><xmax>248</xmax><ymax>267</ymax></bndbox></object><object><name>proposal</name><bndbox><xmin>349</xmin><ymin>140</ymin><xmax>422</xmax><ymax>484</ymax></bndbox></object><object><name>proposal</name><bndbox><xmin>333</xmin><ymin>0</ymin><xmax>467</xmax><ymax>688</ymax></bndbox></object><object><name>proposal</name><bndbox><xmin>479</xmin><ymin>257</ymin><xmax>199</xmax><ymax>330</ymax></bndbox></object><object><name>proposal</name><bndbox><xmin>394</xmin><ymin>362</ymin><xmax>259</xmax><ymax>297</ymax></bndbox></object><object><name>proposal</name><bndbox><xmin>374</xmin><ymin>192</ymin><xmax>311</xmax><ymax>467</ymax></bndbox></object><object><name>proposal</name><bndbox><xmin>497</xmin><ymin>340</ymin><xmax>203</xmax><ymax>206</ymax></bndbox></object><object><name>proposal</name><bndbox><xmin>318</xmin><ymin>0</ymin><xmax>482</xmax><ymax>800</ymax></bndbox></object><object><name>proposal</name><bndbox><xmin>288</xmin><ymin>241</ymin><xmax>287</xmax><ymax>335</ymax></bndbox></object><object><name>proposal</name><bndbox><xmin>443</xmin><ymin>407</ymin><xmax>165</xmax><ymax>201</ymax></bndbox></object><object><name>proposal</name><bndbox><xmin>406</xmin><ymin>398</ymin><xmax>191</xmax><ymax>210</ymax></bndbox></object><object><name>proposal</name><bndbox><xmin>0</xmin><ymin>0</ymin><xmax>574</xmax><ymax>632</ymax></bndbox></object><object><name>proposal</name><bndbox><xmin>288</xmin><ymin>0</ymin><xmax>294</xmax><ymax>576</ymax></bndbox></object><object><name>proposal</name><bndbox><xmin>339</xmin><ymin>238</ymin><xmax>237</xmax><ymax>261</ymax></bndbox></object><object><name>proposal</name><bndbox><xmin>473</xmin><ymin>195</ymin><xmax>284</xmax><ymax>492</ymax></bndbox></object><object><name>proposal</name><bndbox><xmin>393</xmin><ymin>342</ymin><xmax>314</xmax><ymax>346</ymax></bndbox></object><object><name>proposal</name><bndbox><xmin>501</xmin><ymin>257</ymin><xmax>184</xmax><ymax>402</ymax></bndbox></object><object><name>proposal</name><bndbox><xmin>515</xmin><ymin>382</ymin><xmax>188</xmax><ymax>303</ymax></bndbox></object><object><name>proposal</name><bndbox><xmin>393</xmin><ymin>362</ymin><xmax>221</xmax><ymax>247</ymax></bndbox></object><object><name>proposal</name><bndbox><xmin>349</xmin><ymin>361</ymin><xmax>304</xmax><ymax>324</ymax></bndbox></object><object><name>proposal</name><bndbox><xmin>528</xmin><ymin>275</ymin><xmax>150</xmax><ymax>312</ymax></bndbox></object><object><name>proposal</name><bndbox><xmin>288</xmin><ymin>240</ymin><xmax>287</xmax><ymax>336</ymax></bndbox></object><object><name>proposal</name><bndbox><xmin>374</xmin><ymin>362</ymin><xmax>223</xmax><ymax>262</ymax></bndbox></object><object><name>proposal</name><bndbox><xmin>280</xmin><ymin>249</ymin><xmax>178</xmax><ymax>267</ymax></bndbox></object><object><name>proposal</name><bndbox><xmin>478</xmin><ymin>294</ymin><xmax>193</xmax><ymax>189</ymax></bndbox></object><object><name>proposal</name><bndbox><xmin>396</xmin><ymin>363</ymin><xmax>178</xmax><ymax>186</ymax></bndbox></object><object><name>proposal</name><bndbox><xmin>344</xmin><ymin>395</ymin><xmax>141</xmax><ymax>296</ymax></bndbox></object><object><name>proposal</name><bndbox><xmin>510</xmin><ymin>269</ymin><xmax>193</xmax><ymax>417</ymax></bndbox></object><object><name>proposal</name><bndbox><xmin>395</xmin><ymin>368</ymin><xmax>212</xmax><ymax>239</ymax></bndbox></object><object><name>proposal</name><bndbox><xmin>339</xmin><ymin>238</ymin><xmax>224</xmax><ymax>237</ymax></bndbox></object><object><name>proposal</name><bndbox><xmin>310</xmin><ymin>296</ymin><xmax>398</xmax><ymax>390</ymax></bndbox></object><object><name>proposal</name><bndbox><xmin>443</xmin><ymin>407</ymin><xmax>210</xmax><ymax>269</ymax></bndbox></object><object><name>proposal</name><bndbox><xmin>394</xmin><ymin>362</ymin><xmax>261</xmax><ymax>298</ymax></bndbox></object><object><name>proposal</name><bndbox><xmin>374</xmin><ymin>363</ymin><xmax>234</xmax><ymax>259</ymax></bndbox></object><object><name>proposal</name><bndbox><xmin>381</xmin><ymin>362</ymin><xmax>229</xmax><ymax>257</ymax></bndbox></object><object><name>proposal</name><bndbox><xmin>393</xmin><ymin>363</ymin><xmax>221</xmax><ymax>246</ymax></bndbox></object><object><name>proposal</name><bndbox><xmin>176</xmin><ymin>259</ymin><xmax>468</xmax><ymax>353</ymax></bndbox></object><object><name>proposal</name><bndbox><xmin>395</xmin><ymin>296</ymin><xmax>313</xmax><ymax>390</ymax></bndbox></object><object><name>proposal</name><bndbox><xmin>503</xmin><ymin>342</ymin><xmax>197</xmax><ymax>346</ymax></bndbox></object><object><name>proposal</name><bndbox><xmin>0</xmin><ymin>269</ymin><xmax>800</xmax><ymax>531</ymax></bndbox></object><object><name>proposal</name><bndbox><xmin>333</xmin><ymin>379</ymin><xmax>151</xmax><ymax>258</ymax></bndbox></object><object><name>proposal</name><bndbox><xmin>332</xmin><ymin>362</ymin><xmax>165</xmax><ymax>208</ymax></bndbox></object><object><name>proposal</name><bndbox><xmin>341</xmin><ymin>236</ymin><xmax>234</xmax><ymax>235</ymax></bndbox></object><object><name>proposal</name><bndbox><xmin>528</xmin><ymin>335</ymin><xmax>150</xmax><ymax>252</ymax></bndbox></object><object><name>proposal</name><bndbox><xmin>443</xmin><ymin>395</ymin><xmax>165</xmax><ymax>206</ymax></bndbox></object><object><name>proposal</name><bndbox><xmin>349</xmin><ymin>296</ymin><xmax>451</xmax><ymax>504</ymax></bndbox></object><object><name>proposal</name><bndbox><xmin>341</xmin><ymin>136</ymin><xmax>441</xmax><ymax>392</ymax></bndbox></object><object><name>proposal</name><bndbox><xmin>512</xmin><ymin>381</ymin><xmax>191</xmax><ymax>304</ymax></bndbox></object><object><name>proposal</name><bndbox><xmin>404</xmin><ymin>213</ymin><xmax>176</xmax><ymax>272</ymax></bndbox></object><object><name>proposal</name><bndbox><xmin>378</xmin><ymin>469</ymin><xmax>288</xmax><ymax>218</ymax></bndbox></object><object><name>proposal</name><bndbox><xmin>374</xmin><ymin>362</ymin><xmax>264</xmax><ymax>257</ymax></bndbox></object><object><name>proposal</name><bndbox><xmin>550</xmin><ymin>373</ymin><xmax>154</xmax><ymax>246</ymax></bndbox></object><object><name>proposal</name><bndbox><xmin>405</xmin><ymin>0</ymin><xmax>395</xmax><ymax>777</ymax></bndbox></object><object><name>proposal</name><bndbox><xmin>339</xmin><ymin>227</ymin><xmax>249</xmax><ymax>324</ymax></bndbox></object><object><name>proposal</name><bndbox><xmin>542</xmin><ymin>294</ymin><xmax>161</xmax><ymax>302</ymax></bndbox></object><object><name>proposal</name><bndbox><xmin>310</xmin><ymin>423</ymin><xmax>170</xmax><ymax>263</ymax></bndbox></object><object><name>proposal</name><bndbox><xmin>528</xmin><ymin>335</ymin><xmax>154</xmax><ymax>252</ymax></bndbox></object><object><name>proposal</name><bndbox><xmin>552</xmin><ymin>300</ymin><xmax>152</xmax><ymax>339</ymax></bndbox></object><object><name>proposal</name><bndbox><xmin>128</xmin><ymin>0</ymin><xmax>672</xmax><ymax>800</ymax></bndbox></object><object><name>proposal</name><bndbox><xmin>393</xmin><ymin>362</ymin><xmax>181</xmax><ymax>144</ymax></bndbox></object><object><name>proposal</name><bndbox><xmin>550</xmin><ymin>296</ymin><xmax>153</xmax><ymax>300</ymax></bndbox></object><object><name>proposal</name><bndbox><xmin>393</xmin><ymin>362</ymin><xmax>234</xmax><ymax>260</ymax></bndbox></object><object><name>proposal</name><bndbox><xmin>128</xmin><ymin>338</ymin><xmax>383</xmax><ymax>462</ymax></bndbox></object><object><name>proposal</name><bndbox><xmin>288</xmin><ymin>240</ymin><xmax>391</xmax><ymax>247</ymax></bndbox></object><object><name>proposal</name><bndbox><xmin>512</xmin><ymin>381</ymin><xmax>191</xmax><ymax>305</ymax></bndbox></object><object><name>proposal</name><bndbox><xmin>380</xmin><ymin>140</ymin><xmax>391</xmax><ymax>484</ymax></bndbox></object><object><name>proposal</name><bndbox><xmin>318</xmin><ymin>0</ymin><xmax>482</xmax><ymax>430</ymax></bndbox></object><object><name>proposal</name><bndbox><xmin>496</xmin><ymin>342</ymin><xmax>179</xmax><ymax>245</ymax></bndbox></object><object><name>proposal</name><bndbox><xmin>374</xmin><ymin>362</ymin><xmax>279</xmax><ymax>292</ymax></bndbox></object><object><name>proposal</name><bndbox><xmin>272</xmin><ymin>0</ymin><xmax>281</xmax><ymax>475</ymax></bndbox></object><object><name>proposal</name><bndbox><xmin>412</xmin><ymin>143</ymin><xmax>275</xmax><ymax>468</ymax></bndbox></object><object><name>proposal</name><bndbox><xmin>374</xmin><ymin>362</ymin><xmax>234</xmax><ymax>257</ymax></bndbox></object><object><name>proposal</name><bndbox><xmin>341</xmin><ymin>379</ymin><xmax>143</xmax><ymax>258</ymax></bndbox></object><object><name>proposal</name><bndbox><xmin>374</xmin><ymin>362</ymin><xmax>234</xmax><ymax>248</ymax></bndbox></object><object><name>proposal</name><bndbox><xmin>502</xmin><ymin>302</ymin><xmax>176</xmax><ymax>285</ymax></bndbox></object><object><name>proposal</name><bndbox><xmin>344</xmin><ymin>362</ymin><xmax>320</xmax><ymax>329</ymax></bndbox></object><object><name>proposal</name><bndbox><xmin>373</xmin><ymin>363</ymin><xmax>241</xmax><ymax>259</ymax></bndbox></object><object><name>proposal</name><bndbox><xmin>315</xmin><ymin>0</ymin><xmax>238</xmax><ymax>507</ymax></bndbox></object><object><name>proposal</name><bndbox><xmin>397</xmin><ymin>342</ymin><xmax>210</xmax><ymax>278</ymax></bndbox></object><object><name>proposal</name><bndbox><xmin>450</xmin><ymin>342</ymin><xmax>234</xmax><ymax>317</ymax></bndbox></object><object><name>proposal</name><bndbox><xmin>479</xmin><ymin>302</ymin><xmax>196</xmax><ymax>304</ymax></bndbox></object><object><name>proposal</name><bndbox><xmin>394</xmin><ymin>363</ymin><xmax>251</xmax><ymax>253</ymax></bndbox></object><object><name>proposal</name><bndbox><xmin>414</xmin><ymin>143</ymin><xmax>273</xmax><ymax>343</ymax></bndbox></object><object><name>proposal</name><bndbox><xmin>441</xmin><ymin>398</ymin><xmax>169</xmax><ymax>210</ymax></bndbox></object><object><name>proposal</name><bndbox><xmin>310</xmin><ymin>294</ymin><xmax>470</xmax><ymax>483</ymax></bndbox></object><object><name>proposal</name><bndbox><xmin>393</xmin><ymin>363</ymin><xmax>221</xmax><ymax>259</ymax></bndbox></object><object><name>proposal</name><bndbox><xmin>528</xmin><ymin>275</ymin><xmax>154</xmax><ymax>312</ymax></bndbox></object><object><name>proposal</name><bndbox><xmin>443</xmin><ymin>407</ymin><xmax>210</xmax><ymax>278</ymax></bndbox></object><object><name>proposal</name><bndbox><xmin>505</xmin><ymin>140</ymin><xmax>266</xmax><ymax>447</ymax></bndbox></object><object><name>proposal</name><bndbox><xmin>373</xmin><ymin>362</ymin><xmax>237</xmax><ymax>247</ymax></bndbox></object><object><name>proposal</name><bndbox><xmin>381</xmin><ymin>362</ymin><xmax>229</xmax><ymax>247</ymax></bndbox></object><object><name>proposal</name><bndbox><xmin>349</xmin><ymin>296</ymin><xmax>261</xmax><ymax>324</ymax></bndbox></object><object><name>proposal</name><bndbox><xmin>412</xmin><ymin>202</ymin><xmax>194</xmax><ymax>409</ymax></bndbox></object><object><name>proposal</name><bndbox><xmin>325</xmin><ymin>0</ymin><xmax>475</xmax><ymax>685</ymax></bndbox></object><object><name>proposal</name><bndbox><xmin>330</xmin><ymin>363</ymin><xmax>336</xmax><ymax>320</ymax></bndbox></object><object><name>proposal</name><bndbox><xmin>333</xmin><ymin>342</ymin><xmax>374</xmax><ymax>346</ymax></bndbox></object><object><name>proposal</name><bndbox><xmin>496</xmin><ymin>334</ymin><xmax>179</xmax><ymax>253</ymax></bndbox></object><object><name>proposal</name><bndbox><xmin>501</xmin><ymin>192</ymin><xmax>184</xmax><ymax>467</ymax></bndbox></object><object><name>proposal</name><bndbox><xmin>176</xmin><ymin>259</ymin><xmax>399</xmax><ymax>311</ymax></bndbox></object><object><name>proposal</name><bndbox><xmin>380</xmin><ymin>363</ymin><xmax>286</xmax><ymax>313</ymax></bndbox></object><object><name>proposal</name><bndbox><xmin>374</xmin><ymin>192</ymin><xmax>311</xmax><ymax>462</ymax></bndbox></object><object><name>proposal</name><bndbox><xmin>349</xmin><ymin>251</ymin><xmax>355</xmax><ymax>447</ymax></bndbox></object><object><name>proposal</name><bndbox><xmin>396</xmin><ymin>362</ymin><xmax>178</xmax><ymax>187</ymax></bndbox></object><object><name>proposal</name><bndbox><xmin>396</xmin><ymin>363</ymin><xmax>218</xmax><ymax>246</ymax></bndbox></object><object><name>proposal</name><bndbox><xmin>443</xmin><ymin>407</ymin><xmax>153</xmax><ymax>201</ymax></bndbox></object><object><name>proposal</name><bndbox><xmin>374</xmin><ymin>362</ymin><xmax>279</xmax><ymax>297</ymax></bndbox></object><object><name>proposal</name><bndbox><xmin>378</xmin><ymin>362</ymin><xmax>219</xmax><ymax>260</ymax></bndbox></object><object><name>proposal</name><bndbox><xmin>342</xmin><ymin>361</ymin><xmax>153</xmax><ymax>190</ymax></bndbox></object><object><name>proposal</name><bndbox><xmin>285</xmin><ymin>254</ymin><xmax>418</xmax><ymax>342</ymax></bndbox></object><object><name>proposal</name><bndbox><xmin>414</xmin><ymin>143</ymin><xmax>192</xmax><ymax>343</ymax></bndbox></object><object><name>proposal</name><bndbox><xmin>397</xmin><ymin>363</ymin><xmax>256</xmax><ymax>296</ymax></bndbox></object><object><name>proposal</name><bndbox><xmin>394</xmin><ymin>362</ymin><xmax>259</xmax><ymax>299</ymax></bndbox></object><object><name>proposal</name><bndbox><xmin>339</xmin><ymin>227</ymin><xmax>225</xmax><ymax>272</ymax></bndbox></object><object><name>proposal</name><bndbox><xmin>176</xmin><ymin>195</ymin><xmax>581</xmax><ymax>493</ymax></bndbox></object><object><name>proposal</name><bndbox><xmin>394</xmin><ymin>362</ymin><xmax>259</xmax><ymax>293</ymax></bndbox></object><object><name>proposal</name><bndbox><xmin>406</xmin><ymin>398</ymin><xmax>191</xmax><ymax>224</ymax></bndbox></object><object><name>proposal</name><bndbox><xmin>502</xmin><ymin>257</ymin><xmax>182</xmax><ymax>330</ymax></bndbox></object><object><name>proposal</name><bndbox><xmin>374</xmin><ymin>362</ymin><xmax>272</xmax><ymax>263</ymax></bndbox></object><object><name>proposal</name><bndbox><xmin>330</xmin><ymin>362</ymin><xmax>336</xmax><ymax>321</ymax></bndbox></object><object><name>proposal</name><bndbox><xmin>288</xmin><ymin>254</ymin><xmax>415</xmax><ymax>352</ymax></bndbox></object><object><name>proposal</name><bndbox><xmin>502</xmin><ymin>213</ymin><xmax>182</xmax><ymax>374</ymax></bndbox></object><object><name>proposal</name><bndbox><xmin>510</xmin><ymin>269</ymin><xmax>193</xmax><ymax>416</ymax></bndbox></object><object><name>proposal</name><bndbox><xmin>0</xmin><ymin>285</ymin><xmax>800</xmax><ymax>515</ymax></bndbox></object><object><name>proposal</name><bndbox><xmin>377</xmin><ymin>362</ymin><xmax>220</xmax><ymax>260</ymax></bndbox></object><object><name>proposal</name><bndbox><xmin>374</xmin><ymin>398</ymin><xmax>279</xmax><ymax>261</ymax></bndbox></object><object><name>proposal</name><bndbox><xmin>288</xmin><ymin>254</ymin><xmax>415</xmax><ymax>342</ymax></bndbox></object><object><name>proposal</name><bndbox><xmin>396</xmin><ymin>362</ymin><xmax>218</xmax><ymax>257</ymax></bndbox></object><object><name>proposal</name><bndbox><xmin>479</xmin><ymin>192</ymin><xmax>199</xmax><ymax>401</ymax></bndbox></object><object><name>proposal</name><bndbox><xmin>395</xmin><ymin>368</ymin><xmax>203</xmax><ymax>239</ymax></bndbox></object><object><name>proposal</name><bndbox><xmin>325</xmin><ymin>0</ymin><xmax>263</xmax><ymax>551</ymax></bndbox></object><object><name>proposal</name><bndbox><xmin>458</xmin><ymin>214</ymin><xmax>242</xmax><ymax>332</ymax></bndbox></object><object><name>proposal</name><bndbox><xmin>543</xmin><ymin>294</ymin><xmax>134</xmax><ymax>303</ymax></bndbox></object><object><name>proposal</name><bndbox><xmin>176</xmin><ymin>0</ymin><xmax>322</xmax><ymax>579</ymax></bndbox></object><object><name>proposal</name><bndbox><xmin>528</xmin><ymin>342</ymin><xmax>154</xmax><ymax>245</ymax></bndbox></object><object><name>proposal</name><bndbox><xmin>515</xmin><ymin>382</ymin><xmax>193</xmax><ymax>304</ymax></bndbox></object><object><name>proposal</name><bndbox><xmin>502</xmin><ymin>302</ymin><xmax>173</xmax><ymax>304</ymax></bndbox></object><object><name>proposal</name><bndbox><xmin>357</xmin><ymin>362</ymin><xmax>296</xmax><ymax>299</ymax></bndbox></object><object><name>proposal</name><bndbox><xmin>395</xmin><ymin>363</ymin><xmax>144</xmax><ymax>190</ymax></bndbox></object><object><name>proposal</name><bndbox><xmin>543</xmin><ymin>296</ymin><xmax>165</xmax><ymax>300</ymax></bndbox></object><object><name>proposal</name><bndbox><xmin>394</xmin><ymin>362</ymin><xmax>216</xmax><ymax>247</ymax></bndbox></object><object><name>proposal</name><bndbox><xmin>176</xmin><ymin>0</ymin><xmax>624</xmax><ymax>688</ymax></bndbox></object><object><name>proposal</name><bndbox><xmin>332</xmin><ymin>363</ymin><xmax>279</xmax><ymax>274</ymax></bndbox></object><object><name>proposal</name><bndbox><xmin>333</xmin><ymin>360</ymin><xmax>275</xmax><ymax>299</ymax></bndbox></object><object><name>proposal</name><bndbox><xmin>288</xmin><ymin>0</ymin><xmax>512</xmax><ymax>723</ymax></bndbox></object><object><name>proposal</name><bndbox><xmin>400</xmin><ymin>362</ymin><xmax>207</xmax><ymax>258</ymax></bndbox></object><object><name>proposal</name><bndbox><xmin>176</xmin><ymin>0</ymin><xmax>606</xmax><ymax>579</ymax></bndbox></object><object><name>proposal</name><bndbox><xmin>288</xmin><ymin>254</ymin><xmax>287</xmax><ymax>469</ymax></bndbox></object><object><name>proposal</name><bndbox><xmin>0</xmin><ymin>0</ymin><xmax>800</xmax><ymax>777</ymax></bndbox></object><object><name>proposal</name><bndbox><xmin>0</xmin><ymin>0</ymin><xmax>800</xmax><ymax>650</ymax></bndbox></object><object><name>proposal</name><bndbox><xmin>516</xmin><ymin>381</ymin><xmax>187</xmax><ymax>304</ymax></bndbox></object><object><name>proposal</name><bndbox><xmin>319</xmin><ymin>356</ymin><xmax>334</xmax><ymax>365</ymax></bndbox></object><object><name>proposal</name><bndbox><xmin>574</xmin><ymin>269</ymin><xmax>130</xmax><ymax>327</ymax></bndbox></object><object><name>proposal</name><bndbox><xmin>400</xmin><ymin>0</ymin><xmax>400</xmax><ymax>685</ymax></bndbox></object><object><name>proposal</name><bndbox><xmin>341</xmin><ymin>259</ymin><xmax>234</xmax><ymax>212</ymax></bndbox></object><object><name>proposal</name><bndbox><xmin>396</xmin><ymin>363</ymin><xmax>143</xmax><ymax>186</ymax></bndbox></object><object><name>proposal</name><bndbox><xmin>395</xmin><ymin>342</ymin><xmax>308</xmax><ymax>343</ymax></bndbox></object><object><name>proposal</name><bndbox><xmin>510</xmin><ymin>373</ymin><xmax>194</xmax><ymax>313</ymax></bndbox></object><object><name>proposal</name><bndbox><xmin>552</xmin><ymin>285</ymin><xmax>248</xmax><ymax>401</ymax></bndbox></object><object><name>proposal</name><bndbox><xmin>346</xmin><ymin>0</ymin><xmax>454</xmax><ymax>418</ymax></bndbox></object><object><name>proposal</name><bndbox><xmin>288</xmin><ymin>0</ymin><xmax>287</xmax><ymax>480</ymax></bndbox></object><object><name>proposal</name><bndbox><xmin>393</xmin><ymin>362</ymin><xmax>204</xmax><ymax>246</ymax></bndbox></object><object><name>proposal</name><bndbox><xmin>288</xmin><ymin>0</ymin><xmax>512</xmax><ymax>686</ymax></bndbox></object><object><name>proposal</name><bndbox><xmin>390</xmin><ymin>296</ymin><xmax>410</xmax><ymax>504</ymax></bndbox></object><object><name>proposal</name><bndbox><xmin>326</xmin><ymin>0</ymin><xmax>353</xmax><ymax>620</ymax></bndbox></object><object><name>proposal</name><bndbox><xmin>394</xmin><ymin>363</ymin><xmax>259</xmax><ymax>297</ymax></bndbox></object><object><name>proposal</name><bndbox><xmin>396</xmin><ymin>364</ymin><xmax>211</xmax><ymax>255</ymax></bndbox></object><object><name>proposal</name><bndbox><xmin>505</xmin><ymin>332</ymin><xmax>195</xmax><ymax>255</ymax></bndbox></object><object><name>proposal</name><bndbox><xmin>502</xmin><ymin>213</ymin><xmax>176</xmax><ymax>441</ymax></bndbox></object><object><name>proposal</name><bndbox><xmin>450</xmin><ymin>330</ymin><xmax>234</xmax><ymax>329</ymax></bndbox></object><object><name>proposal</name><bndbox><xmin>396</xmin><ymin>362</ymin><xmax>259</xmax><ymax>299</ymax></bndbox></object><object><name>proposal</name><bndbox><xmin>438</xmin><ymin>230</ymin><xmax>226</xmax><ymax>316</ymax></bndbox></object><object><name>proposal</name><bndbox><xmin>370</xmin><ymin>101</ymin><xmax>309</xmax><ymax>291</ymax></bndbox></object><object><name>proposal</name><bndbox><xmin>340</xmin><ymin>0</ymin><xmax>460</xmax><ymax>502</ymax></bndbox></object><object><name>proposal</name><bndbox><xmin>524</xmin><ymin>335</ymin><xmax>154</xmax><ymax>258</ymax></bndbox></object><object><name>proposal</name><bndbox><xmin>450</xmin><ymin>334</ymin><xmax>234</xmax><ymax>325</ymax></bndbox></object><object><name>proposal</name><bndbox><xmin>332</xmin><ymin>259</ymin><xmax>245</xmax><ymax>378</ymax></bndbox></object><object><name>proposal</name><bndbox><xmin>380</xmin><ymin>363</ymin><xmax>142</xmax><ymax>261</ymax></bndbox></object><object><name>proposal</name><bndbox><xmin>480</xmin><ymin>136</ymin><xmax>302</xmax><ymax>521</ymax></bndbox></object><object><name>proposal</name><bndbox><xmin>397</xmin><ymin>362</ymin><xmax>211</xmax><ymax>246</ymax></bndbox></object><object><name>proposal</name><bndbox><xmin>412</xmin><ymin>143</ymin><xmax>388</xmax><ymax>657</ymax></bndbox></object><object><name>proposal</name><bndbox><xmin>434</xmin><ymin>420</ymin><xmax>366</xmax><ymax>380</ymax></bndbox></object><object><name>proposal</name><bndbox><xmin>392</xmin><ymin>362</ymin><xmax>185</xmax><ymax>250</ymax></bndbox></object><object><name>proposal</name><bndbox><xmin>413</xmin><ymin>340</ymin><xmax>282</xmax><ymax>319</ymax></bndbox></object><object><name>proposal</name><bndbox><xmin>373</xmin><ymin>362</ymin><xmax>280</xmax><ymax>297</ymax></bndbox></object><object><name>proposal</name><bndbox><xmin>458</xmin><ymin>340</ymin><xmax>206</xmax><ymax>206</ymax></bndbox></object><object><name>proposal</name><bndbox><xmin>443</xmin><ymin>407</ymin><xmax>165</xmax><ymax>194</ymax></bndbox></object><object><name>proposal</name><bndbox><xmin>330</xmin><ymin>394</ymin><xmax>298</xmax><ymax>238</ymax></bndbox></object><object><name>proposal</name><bndbox><xmin>373</xmin><ymin>362</ymin><xmax>280</xmax><ymax>292</ymax></bndbox></object><object><name>proposal</name><bndbox><xmin>289</xmin><ymin>0</ymin><xmax>286</xmax><ymax>486</ymax></bndbox></object><object><name>proposal</name><bndbox><xmin>413</xmin><ymin>294</ymin><xmax>167</xmax><ymax>191</ymax></bndbox></object><object><name>proposal</name><bndbox><xmin>374</xmin><ymin>330</ymin><xmax>310</xmax><ymax>329</ymax></bndbox></object><object><name>proposal</name><bndbox><xmin>393</xmin><ymin>342</ymin><xmax>314</xmax><ymax>259</ymax></bndbox></object><object><name>proposal</name><bndbox><xmin>505</xmin><ymin>195</ymin><xmax>252</xmax><ymax>493</ymax></bndbox></object><object><name>proposal</name><bndbox><xmin>288</xmin><ymin>202</ymin><xmax>294</xmax><ymax>278</ymax></bndbox></object><object><name>proposal</name><bndbox><xmin>479</xmin><ymin>192</ymin><xmax>206</xmax><ymax>401</ymax></bndbox></object><object><name>proposal</name><bndbox><xmin>310</xmin><ymin>424</ymin><xmax>170</xmax><ymax>299</ymax></bndbox></object><object><name>proposal</name><bndbox><xmin>272</xmin><ymin>0</ymin><xmax>528</xmax><ymax>475</ymax></bndbox></object><object><name>proposal</name><bndbox><xmin>520</xmin><ymin>381</ymin><xmax>188</xmax><ymax>219</ymax></bndbox></object><object><name>proposal</name><bndbox><xmin>267</xmin><ymin>236</ymin><xmax>308</xmax><ymax>235</ymax></bndbox></object><object><name>proposal</name><bndbox><xmin>325</xmin><ymin>0</ymin><xmax>475</xmax><ymax>800</ymax></bndbox></object><object><name>proposal</name><bndbox><xmin>502</xmin><ymin>302</ymin><xmax>182</xmax><ymax>285</ymax></bndbox></object><object><name>proposal</name><bndbox><xmin>325</xmin><ymin>0</ymin><xmax>475</xmax><ymax>551</ymax></bndbox></object><object><name>proposal</name><bndbox><xmin>439</xmin><ymin>362</ymin><xmax>138</xmax><ymax>250</ymax></bndbox></object><object><name>proposal</name><bndbox><xmin>393</xmin><ymin>362</ymin><xmax>260</xmax><ymax>298</ymax></bndbox></object><object><name>proposal</name><bndbox><xmin>501</xmin><ymin>213</ymin><xmax>184</xmax><ymax>374</ymax></bndbox></object><object><name>proposal</name><bndbox><xmin>441</xmin><ymin>398</ymin><xmax>156</xmax><ymax>210</ymax></bndbox></object><object><name>proposal</name><bndbox><xmin>325</xmin><ymin>0</ymin><xmax>238</xmax><ymax>504</ymax></bndbox></object><object><name>proposal</name><bndbox><xmin>333</xmin><ymin>360</ymin><xmax>291</xmax><ymax>299</ymax></bndbox></object><object><name>proposal</name><bndbox><xmin>330</xmin><ymin>238</ymin><xmax>244</xmax><ymax>394</ymax></bndbox></object><object><name>proposal</name><bndbox><xmin>349</xmin><ymin>297</ymin><xmax>354</xmax><ymax>389</ymax></bndbox></object><object><name>proposal</name><bndbox><xmin>562</xmin><ymin>261</ymin><xmax>138</xmax><ymax>267</ymax></bndbox></object><object><name>proposal</name><bndbox><xmin>413</xmin><ymin>364</ymin><xmax>201</xmax><ymax>253</ymax></bndbox></object><object><name>proposal</name><bndbox><xmin>502</xmin><ymin>213</ymin><xmax>182</xmax><ymax>441</ymax></bndbox></object><object><name>proposal</name><bndbox><xmin>376</xmin><ymin>296</ymin><xmax>332</xmax><ymax>324</ymax></bndbox></object><object><name>proposal</name><bndbox><xmin>186</xmin><ymin>154</ymin><xmax>315</xmax><ymax>486</ymax></bndbox></object><object><name>proposal</name><bndbox><xmin>442</xmin><ymin>420</ymin><xmax>239</xmax><ymax>266</ymax></bndbox></object><object><name>proposal</name><bndbox><xmin>288</xmin><ymin>241</ymin><xmax>287</xmax><ymax>246</ymax></bndbox></object><object><name>proposal</name><bndbox><xmin>373</xmin><ymin>398</ymin><xmax>280</xmax><ymax>261</ymax></bndbox></object><object><name>proposal</name><bndbox><xmin>176</xmin><ymin>0</ymin><xmax>468</xmax><ymax>637</ymax></bndbox></object><object><name>proposal</name><bndbox><xmin>528</xmin><ymin>195</ymin><xmax>224</xmax><ymax>392</ymax></bndbox></object><object><name>proposal</name><bndbox><xmin>438</xmin><ymin>407</ymin><xmax>159</xmax><ymax>201</ymax></bndbox></object><object><name>proposal</name><bndbox><xmin>53</xmin><ymin>418</ymin><xmax>747</xmax><ymax>382</ymax></bndbox></object><object><name>proposal</name><bndbox><xmin>510</xmin><ymin>373</ymin><xmax>194</xmax><ymax>246</ymax></bndbox></object><object><name>proposal</name><bndbox><xmin>516</xmin><ymin>431</ymin><xmax>165</xmax><ymax>255</ymax></bndbox></object><object><name>proposal</name><bndbox><xmin>164</xmin><ymin>240</ymin><xmax>539</xmax><ymax>446</ymax></bndbox></object><object><name>proposal</name><bndbox><xmin>524</xmin><ymin>330</ymin><xmax>176</xmax><ymax>267</ymax></bndbox></object><object><name>proposal</name><bndbox><xmin>458</xmin><ymin>340</ymin><xmax>242</xmax><ymax>206</ymax></bndbox></object><object><name>proposal</name><bndbox><xmin>288</xmin><ymin>202</ymin><xmax>420</xmax><ymax>418</ymax></bndbox></object><object><name>proposal</name><bndbox><xmin>339</xmin><ymin>238</ymin><xmax>224</xmax><ymax>261</ymax></bndbox></object><object><name>proposal</name><bndbox><xmin>332</xmin><ymin>195</ymin><xmax>425</xmax><ymax>492</ymax></bndbox></object><object><name>proposal</name><bndbox><xmin>373</xmin><ymin>362</ymin><xmax>237</xmax><ymax>257</ymax></bndbox></object><object><name>proposal</name><bndbox><xmin>289</xmin><ymin>0</ymin><xmax>511</xmax><ymax>800</ymax></bndbox></object><object><name>proposal</name><bndbox><xmin>357</xmin><ymin>362</ymin><xmax>296</xmax><ymax>293</ymax></bndbox></object><object><name>proposal</name><bndbox><xmin>393</xmin><ymin>362</ymin><xmax>217</xmax><ymax>246</ymax></bndbox></object><object><name>proposal</name><bndbox><xmin>318</xmin><ymin>0</ymin><xmax>257</xmax><ymax>430</ymax></bndbox></object><object><name>proposal</name><bndbox><xmin>312</xmin><ymin>338</ymin><xmax>173</xmax><ymax>385</ymax></bndbox></object><object><name>proposal</name><bndbox><xmin>516</xmin><ymin>431</ymin><xmax>165</xmax><ymax>186</ymax></bndbox></object><object><name>proposal</name><bndbox><xmin>285</xmin><ymin>0</ymin><xmax>295</xmax><ymax>576</ymax></bndbox></object><object><name>proposal</name><bndbox><xmin>285</xmin><ymin>0</ymin><xmax>515</xmax><ymax>777</ymax></bndbox></object><object><name>proposal</name><bndbox><xmin>344</xmin><ymin>0</ymin><xmax>456</xmax><ymax>800</ymax></bndbox></object><object><name>proposal</name><bndbox><xmin>378</xmin><ymin>257</ymin><xmax>297</xmax><ymax>369</ymax></bndbox></object><object><name>proposal</name><bndbox><xmin>528</xmin><ymin>342</ymin><xmax>158</xmax><ymax>245</ymax></bndbox></object><object><name>proposal</name><bndbox><xmin>0</xmin><ymin>0</ymin><xmax>800</xmax><ymax>685</ymax></bndbox></object><object><name>proposal</name><bndbox><xmin>501</xmin><ymin>213</ymin><xmax>184</xmax><ymax>446</ymax></bndbox></object><object><name>proposal</name><bndbox><xmin>501</xmin><ymin>192</ymin><xmax>178</xmax><ymax>462</ymax></bndbox></object><object><name>proposal</name><bndbox><xmin>373</xmin><ymin>362</ymin><xmax>272</xmax><ymax>257</ymax></bndbox></object><object><name>proposal</name><bndbox><xmin>397</xmin><ymin>362</ymin><xmax>214</xmax><ymax>260</ymax></bndbox></object><object><name>proposal</name><bndbox><xmin>512</xmin><ymin>381</ymin><xmax>196</xmax><ymax>305</ymax></bndbox></object><object><name>proposal</name><bndbox><xmin>374</xmin><ymin>362</ymin><xmax>272</xmax><ymax>252</ymax></bndbox></object><object><name>proposal</name><bndbox><xmin>373</xmin><ymin>363</ymin><xmax>280</xmax><ymax>292</ymax></bndbox></object><object><name>proposal</name><bndbox><xmin>504</xmin><ymin>335</ymin><xmax>174</xmax><ymax>258</ymax></bndbox></object></annotation>