<annotation><folder>Proposals</folder><filename>img-309.jpg</filename><size><width>533</width><height>300</height><depth>3</depth></size><object><name>proposal</name><bndbox><xmin>0</xmin><ymin>0</ymin><xmax>713</xmax><ymax>525</ymax></bndbox></object><object><name>proposal</name><bndbox><xmin>338</xmin><ymin>0</ymin><xmax>462</xmax><ymax>512</ymax></bndbox></object><object><name>proposal</name><bndbox><xmin>0</xmin><ymin>0</ymin><xmax>800</xmax><ymax>530</ymax></bndbox></object><object><name>proposal</name><bndbox><xmin>428</xmin><ymin>194</ymin><xmax>372</xmax><ymax>606</ymax></bndbox></object><object><name>proposal</name><bndbox><xmin>0</xmin><ymin>158</ymin><xmax>638</xmax><ymax>308</ymax></bndbox></object><object><name>proposal</name><bndbox><xmin>0</xmin><ymin>0</ymin><xmax>729</xmax><ymax>528</ymax></bndbox></object><object><name>proposal</name><bndbox><xmin>0</xmin><ymin>190</ymin><xmax>747</xmax><ymax>353</ymax></bndbox></object><object><name>proposal</name><bndbox><xmin>0</xmin><ymin>190</ymin><xmax>747</xmax><ymax>342</ymax></bndbox></object><object><name>proposal</name><bndbox><xmin>29</xmin><ymin>181</ymin><xmax>699</xmax><ymax>376</ymax></bndbox></object><object><name>proposal</name><bndbox><xmin>0</xmin><ymin>194</ymin><xmax>728</xmax><ymax>334</ymax></bndbox></object><object><name>proposal</name><bndbox><xmin>6</xmin><ymin>190</ymin><xmax>743</xmax><ymax>387</ymax></bndbox></object><object><name>proposal</name><bndbox><xmin>475</xmin><ymin>200</ymin><xmax>325</xmax><ymax>600</ymax></bndbox></object><object><name>proposal</name><bndbox><xmin>6</xmin><ymin>182</ymin><xmax>725</xmax><ymax>361</ymax></bndbox></object><object><name>proposal</name><bndbox><xmin>314</xmin><ymin>171</ymin><xmax>364</xmax><ymax>242</ymax></bndbox></object><object><name>proposal</name><bndbox><xmin>0</xmin><ymin>161</ymin><xmax>672</xmax><ymax>639</ymax></bndbox></object><object><name>proposal</name><bndbox><xmin>112</xmin><ymin>234</ymin><xmax>616</xmax><ymax>302</ymax></bndbox></object><object><name>proposal</name><bndbox><xmin>560</xmin><ymin>136</ymin><xmax>240</xmax><ymax>335</ymax></bndbox></object><object><name>proposal</name><bndbox><xmin>182</xmin><ymin>186</ymin><xmax>618</xmax><ymax>614</ymax></bndbox></object><object><name>proposal</name><bndbox><xmin>0</xmin><ymin>0</ymin><xmax>800</xmax><ymax>673</ymax></bndbox></object><object><name>proposal</name><bndbox><xmin>126</xmin><ymin>0</ymin><xmax>674</xmax><ymax>779</ymax></bndbox></object><object><name>proposal</name><bndbox><xmin>160</xmin><ymin>271</ymin><xmax>572</xmax><ymax>265</ymax></bndbox></object><object><name>proposal</name><bndbox><xmin>444</xmin><ymin>0</ymin><xmax>356</xmax><ymax>673</ymax></bndbox></object><object><name>proposal</name><bndbox><xmin>145</xmin><ymin>141</ymin><xmax>527</xmax><ymax>271</ymax></bndbox></object><object><name>proposal</name><bndbox><xmin>428</xmin><ymin>199</ymin><xmax>372</xmax><ymax>352</ymax></bndbox></object><object><name>proposal</name><bndbox><xmin>7</xmin><ymin>195</ymin><xmax>733</xmax><ymax>361</ymax></bndbox></object><object><name>proposal</name><bndbox><xmin>563</xmin><ymin>216</ymin><xmax>237</xmax><ymax>374</ymax></bndbox></object><object><name>proposal</name><bndbox><xmin>0</xmin><ymin>118</ymin><xmax>469</xmax><ymax>333</ymax></bndbox></object><object><name>proposal</name><bndbox><xmin>0</xmin><ymin>190</ymin><xmax>736</xmax><ymax>366</ymax></bndbox></object><object><name>proposal</name><bndbox><xmin>400</xmin><ymin>183</ymin><xmax>400</xmax><ymax>364</ymax></bndbox></object><object><name>proposal</name><bndbox><xmin>424</xmin><ymin>131</ymin><xmax>254</xmax><ymax>282</ymax></bndbox></object><object><name>proposal</name><bndbox><xmin>337</xmin><ymin>0</ymin><xmax>463</xmax><ymax>352</ymax></bndbox></object><object><name>proposal</name><bndbox><xmin>0</xmin><ymin>0</ymin><xmax>800</xmax><ymax>672</ymax></bndbox></object><object><name>proposal</name><bndbox><xmin>0</xmin><ymin>0</ymin><xmax>732</xmax><ymax>800</ymax></bndbox></object><object><name>proposal</name><bndbox><xmin>6</xmin><ymin>195</ymin><xmax>741</xmax><ymax>342</ymax></bndbox></object><object><name>proposal</name><bndbox><xmin>0</xmin><ymin>45</ymin><xmax>508</xmax><ymax>556</ymax></bndbox></object><object><name>proposal</name><bndbox><xmin>0</xmin><ymin>356</ymin><xmax>800</xmax><ymax>444</ymax></bndbox></object><object><name>proposal</name><bndbox><xmin>0</xmin><ymin>190</ymin><xmax>731</xmax><ymax>342</ymax></bndbox></object><object><name>proposal</name><bndbox><xmin>0</xmin><ymin>161</ymin><xmax>345</xmax><ymax>639</ymax></bndbox></object><object><name>proposal</name><bndbox><xmin>528</xmin><ymin>66</ymin><xmax>224</xmax><ymax>423</ymax></bndbox></object><object><name>proposal</name><bndbox><xmin>7</xmin><ymin>173</ymin><xmax>724</xmax><ymax>370</ymax></bndbox></object><object><name>proposal</name><bndbox><xmin>360</xmin><ymin>183</ymin><xmax>440</xmax><ymax>468</ymax></bndbox></object><object><name>proposal</name><bndbox><xmin>466</xmin><ymin>295</ymin><xmax>334</xmax><ymax>505</ymax></bndbox></object><object><name>proposal</name><bndbox><xmin>0</xmin><ymin>354</ymin><xmax>800</xmax><ymax>446</ymax></bndbox></object><object><name>proposal</name><bndbox><xmin>182</xmin><ymin>0</ymin><xmax>618</xmax><ymax>536</ymax></bndbox></object><object><name>proposal</name><bndbox><xmin>0</xmin><ymin>344</ymin><xmax>704</xmax><ymax>456</ymax></bndbox></object><object><name>proposal</name><bndbox><xmin>423</xmin><ymin>0</ymin><xmax>377</xmax><ymax>478</ymax></bndbox></object><object><name>proposal</name><bndbox><xmin>360</xmin><ymin>214</ymin><xmax>331</xmax><ymax>204</ymax></bndbox></object><object><name>proposal</name><bndbox><xmin>0</xmin><ymin>363</ymin><xmax>800</xmax><ymax>437</ymax></bndbox></object><object><name>proposal</name><bndbox><xmin>488</xmin><ymin>128</ymin><xmax>247</xmax><ymax>369</ymax></bndbox></object><object><name>proposal</name><bndbox><xmin>6</xmin><ymin>194</ymin><xmax>717</xmax><ymax>338</ymax></bndbox></object><object><name>proposal</name><bndbox><xmin>7</xmin><ymin>174</ymin><xmax>733</xmax><ymax>399</ymax></bndbox></object><object><name>proposal</name><bndbox><xmin>441</xmin><ymin>203</ymin><xmax>359</xmax><ymax>448</ymax></bndbox></object><object><name>proposal</name><bndbox><xmin>0</xmin><ymin>231</ymin><xmax>487</xmax><ymax>569</ymax></bndbox></object><object><name>proposal</name><bndbox><xmin>26</xmin><ymin>218</ymin><xmax>703</xmax><ymax>409</ymax></bndbox></object><object><name>proposal</name><bndbox><xmin>8</xmin><ymin>194</ymin><xmax>739</xmax><ymax>383</ymax></bndbox></object><object><name>proposal</name><bndbox><xmin>0</xmin><ymin>190</ymin><xmax>731</xmax><ymax>353</ymax></bndbox></object><object><name>proposal</name><bndbox><xmin>400</xmin><ymin>179</ymin><xmax>400</xmax><ymax>472</ymax></bndbox></object><object><name>proposal</name><bndbox><xmin>0</xmin><ymin>0</ymin><xmax>800</xmax><ymax>500</ymax></bndbox></object><object><name>proposal</name><bndbox><xmin>160</xmin><ymin>342</ymin><xmax>512</xmax><ymax>194</ymax></bndbox></object><object><name>proposal</name><bndbox><xmin>29</xmin><ymin>181</ymin><xmax>699</xmax><ymax>355</ymax></bndbox></object><object><name>proposal</name><bndbox><xmin>13</xmin><ymin>196</ymin><xmax>734</xmax><ymax>378</ymax></bndbox></object><object><name>proposal</name><bndbox><xmin>7</xmin><ymin>394</ymin><xmax>497</xmax><ymax>246</ymax></bndbox></object><object><name>proposal</name><bndbox><xmin>8</xmin><ymin>153</ymin><xmax>723</xmax><ymax>379</ymax></bndbox></object><object><name>proposal</name><bndbox><xmin>29</xmin><ymin>186</ymin><xmax>699</xmax><ymax>387</ymax></bndbox></object><object><name>proposal</name><bndbox><xmin>563</xmin><ymin>216</ymin><xmax>237</xmax><ymax>457</ymax></bndbox></object><object><name>proposal</name><bndbox><xmin>13</xmin><ymin>196</ymin><xmax>734</xmax><ymax>336</ymax></bndbox></object><object><name>proposal</name><bndbox><xmin>78</xmin><ymin>196</ymin><xmax>371</xmax><ymax>230</ymax></bndbox></object><object><name>proposal</name><bndbox><xmin>7</xmin><ymin>174</ymin><xmax>729</xmax><ymax>382</ymax></bndbox></object><object><name>proposal</name><bndbox><xmin>7</xmin><ymin>363</ymin><xmax>522</xmax><ymax>277</ymax></bndbox></object><object><name>proposal</name><bndbox><xmin>290</xmin><ymin>231</ymin><xmax>510</xmax><ymax>569</ymax></bndbox></object><object><name>proposal</name><bndbox><xmin>0</xmin><ymin>190</ymin><xmax>740</xmax><ymax>366</ymax></bndbox></object><object><name>proposal</name><bndbox><xmin>0</xmin><ymin>59</ymin><xmax>238</xmax><ymax>403</ymax></bndbox></object><object><name>proposal</name><bndbox><xmin>0</xmin><ymin>190</ymin><xmax>747</xmax><ymax>343</ymax></bndbox></object><object><name>proposal</name><bndbox><xmin>523</xmin><ymin>0</ymin><xmax>277</xmax><ymax>800</ymax></bndbox></object><object><name>proposal</name><bndbox><xmin>0</xmin><ymin>392</ymin><xmax>606</xmax><ymax>408</ymax></bndbox></object><object><name>proposal</name><bndbox><xmin>0</xmin><ymin>153</ymin><xmax>752</xmax><ymax>420</ymax></bndbox></object><object><name>proposal</name><bndbox><xmin>0</xmin><ymin>0</ymin><xmax>747</xmax><ymax>574</ymax></bndbox></object><object><name>proposal</name><bndbox><xmin>471</xmin><ymin>231</ymin><xmax>329</xmax><ymax>569</ymax></bndbox></object><object><name>proposal</name><bndbox><xmin>0</xmin><ymin>227</ymin><xmax>713</xmax><ymax>573</ymax></bndbox></object><object><name>proposal</name><bndbox><xmin>475</xmin><ymin>178</ymin><xmax>325</xmax><ymax>473</ymax></bndbox></object><object><name>proposal</name><bndbox><xmin>0</xmin><ymin>128</ymin><xmax>257</xmax><ymax>299</ymax></bndbox></object><object><name>proposal</name><bndbox><xmin>6</xmin><ymin>182</ymin><xmax>743</xmax><ymax>361</ymax></bndbox></object><object><name>proposal</name><bndbox><xmin>0</xmin><ymin>0</ymin><xmax>800</xmax><ymax>412</ymax></bndbox></object><object><name>proposal</name><bndbox><xmin>566</xmin><ymin>220</ymin><xmax>234</xmax><ymax>370</ymax></bndbox></object><object><name>proposal</name><bndbox><xmin>428</xmin><ymin>0</ymin><xmax>372</xmax><ymax>800</ymax></bndbox></object><object><name>proposal</name><bndbox><xmin>0</xmin><ymin>128</ymin><xmax>800</xmax><ymax>672</ymax></bndbox></object><object><name>proposal</name><bndbox><xmin>224</xmin><ymin>71</ymin><xmax>443</xmax><ymax>302</ymax></bndbox></object><object><name>proposal</name><bndbox><xmin>3</xmin><ymin>383</ymin><xmax>483</xmax><ymax>239</ymax></bndbox></object><object><name>proposal</name><bndbox><xmin>41</xmin><ymin>216</ymin><xmax>272</xmax><ymax>233</ymax></bndbox></object><object><name>proposal</name><bndbox><xmin>432</xmin><ymin>0</ymin><xmax>368</xmax><ymax>800</ymax></bndbox></object><object><name>proposal</name><bndbox><xmin>0</xmin><ymin>71</ymin><xmax>510</xmax><ymax>729</ymax></bndbox></object><object><name>proposal</name><bndbox><xmin>2</xmin><ymin>393</ymin><xmax>734</xmax><ymax>407</ymax></bndbox></object><object><name>proposal</name><bndbox><xmin>0</xmin><ymin>0</ymin><xmax>287</xmax><ymax>451</ymax></bndbox></object><object><name>proposal</name><bndbox><xmin>360</xmin><ymin>183</ymin><xmax>392</xmax><ymax>341</ymax></bndbox></object><object><name>proposal</name><bndbox><xmin>400</xmin><ymin>195</ymin><xmax>400</xmax><ymax>352</ymax></bndbox></object><object><name>proposal</name><bndbox><xmin>89</xmin><ymin>0</ymin><xmax>711</xmax><ymax>701</ymax></bndbox></object><object><name>proposal</name><bndbox><xmin>221</xmin><ymin>158</ymin><xmax>514</xmax><ymax>339</ymax></bndbox></object><object><name>proposal</name><bndbox><xmin>0</xmin><ymin>227</ymin><xmax>800</xmax><ymax>573</ymax></bndbox></object><object><name>proposal</name><bndbox><xmin>108</xmin><ymin>0</ymin><xmax>692</xmax><ymax>577</ymax></bndbox></object><object><name>proposal</name><bndbox><xmin>7</xmin><ymin>195</ymin><xmax>724</xmax><ymax>348</ymax></bndbox></object><object><name>proposal</name><bndbox><xmin>153</xmin><ymin>160</ymin><xmax>485</xmax><ymax>238</ymax></bndbox></object><object><name>proposal</name><bndbox><xmin>578</xmin><ymin>150</ymin><xmax>222</xmax><ymax>321</ymax></bndbox></object><object><name>proposal</name><bndbox><xmin>0</xmin><ymin>161</ymin><xmax>800</xmax><ymax>639</ymax></bndbox></object><object><name>proposal</name><bndbox><xmin>6</xmin><ymin>182</ymin><xmax>742</xmax><ymax>373</ymax></bndbox></object><object><name>proposal</name><bndbox><xmin>565</xmin><ymin>253</ymin><xmax>235</xmax><ymax>303</ymax></bndbox></object><object><name>proposal</name><bndbox><xmin>0</xmin><ymin>322</ymin><xmax>800</xmax><ymax>478</ymax></bndbox></object><object><name>proposal</name><bndbox><xmin>0</xmin><ymin>0</ymin><xmax>702</xmax><ymax>278</ymax></bndbox></object><object><name>proposal</name><bndbox><xmin>205</xmin><ymin>327</ymin><xmax>595</xmax><ymax>473</ymax></bndbox></object><object><name>proposal</name><bndbox><xmin>432</xmin><ymin>0</ymin><xmax>368</xmax><ymax>652</ymax></bndbox></object><object><name>proposal</name><bndbox><xmin>0</xmin><ymin>0</ymin><xmax>573</xmax><ymax>299</ymax></bndbox></object><object><name>proposal</name><bndbox><xmin>0</xmin><ymin>174</ymin><xmax>740</xmax><ymax>399</ymax></bndbox></object><object><name>proposal</name><bndbox><xmin>0</xmin><ymin>194</ymin><xmax>800</xmax><ymax>606</ymax></bndbox></object><object><name>proposal</name><bndbox><xmin>0</xmin><ymin>0</ymin><xmax>713</xmax><ymax>800</ymax></bndbox></object><object><name>proposal</name><bndbox><xmin>108</xmin><ymin>0</ymin><xmax>692</xmax><ymax>599</ymax></bndbox></object><object><name>proposal</name><bndbox><xmin>507</xmin><ymin>200</ymin><xmax>228</xmax><ymax>297</ymax></bndbox></object><object><name>proposal</name><bndbox><xmin>0</xmin><ymin>0</ymin><xmax>747</xmax><ymax>577</ymax></bndbox></object><object><name>proposal</name><bndbox><xmin>0</xmin><ymin>193</ymin><xmax>800</xmax><ymax>607</ymax></bndbox></object><object><name>proposal</name><bndbox><xmin>360</xmin><ymin>184</ymin><xmax>372</xmax><ymax>234</ymax></bndbox></object><object><name>proposal</name><bndbox><xmin>311</xmin><ymin>0</ymin><xmax>489</xmax><ymax>673</ymax></bndbox></object><object><name>proposal</name><bndbox><xmin>423</xmin><ymin>196</ymin><xmax>293</xmax><ymax>295</ymax></bndbox></object><object><name>proposal</name><bndbox><xmin>0</xmin><ymin>217</ymin><xmax>313</xmax><ymax>232</ymax></bndbox></object><object><name>proposal</name><bndbox><xmin>0</xmin><ymin>64</ymin><xmax>252</xmax><ymax>376</ymax></bndbox></object><object><name>proposal</name><bndbox><xmin>0</xmin><ymin>0</ymin><xmax>518</xmax><ymax>640</ymax></bndbox></object><object><name>proposal</name><bndbox><xmin>0</xmin><ymin>0</ymin><xmax>752</xmax><ymax>528</ymax></bndbox></object><object><name>proposal</name><bndbox><xmin>0</xmin><ymin>0</ymin><xmax>800</xmax><ymax>474</ymax></bndbox></object><object><name>proposal</name><bndbox><xmin>0</xmin><ymin>0</ymin><xmax>518</xmax><ymax>426</ymax></bndbox></object><object><name>proposal</name><bndbox><xmin>0</xmin><ymin>204</ymin><xmax>800</xmax><ymax>596</ymax></bndbox></object><object><name>proposal</name><bndbox><xmin>0</xmin><ymin>158</ymin><xmax>732</xmax><ymax>378</ymax></bndbox></object><object><name>proposal</name><bndbox><xmin>3</xmin><ymin>383</ymin><xmax>483</xmax><ymax>245</ymax></bndbox></object><object><name>proposal</name><bndbox><xmin>0</xmin><ymin>184</ymin><xmax>258</xmax><ymax>265</ymax></bndbox></object><object><name>proposal</name><bndbox><xmin>0</xmin><ymin>0</ymin><xmax>800</xmax><ymax>323</ymax></bndbox></object><object><name>proposal</name><bndbox><xmin>595</xmin><ymin>0</ymin><xmax>205</xmax><ymax>599</ymax></bndbox></object><object><name>proposal</name><bndbox><xmin>41</xmin><ymin>223</ymin><xmax>759</xmax><ymax>577</ymax></bndbox></object><object><name>proposal</name><bndbox><xmin>0</xmin><ymin>0</ymin><xmax>800</xmax><ymax>413</ymax></bndbox></object><object><name>proposal</name><bndbox><xmin>0</xmin><ymin>0</ymin><xmax>573</xmax><ymax>640</ymax></bndbox></object><object><name>proposal</name><bndbox><xmin>6</xmin><ymin>194</ymin><xmax>743</xmax><ymax>338</ymax></bndbox></object><object><name>proposal</name><bndbox><xmin>0</xmin><ymin>64</ymin><xmax>258</xmax><ymax>385</ymax></bndbox></object><object><name>proposal</name><bndbox><xmin>566</xmin><ymin>220</ymin><xmax>234</xmax><ymax>433</ymax></bndbox></object><object><name>proposal</name><bndbox><xmin>288</xmin><ymin>0</ymin><xmax>447</xmax><ymax>497</ymax></bndbox></object><object><name>proposal</name><bndbox><xmin>325</xmin><ymin>157</ymin><xmax>427</xmax><ymax>371</ymax></bndbox></object><object><name>proposal</name><bndbox><xmin>48</xmin><ymin>223</ymin><xmax>657</xmax><ymax>299</ymax></bndbox></object><object><name>proposal</name><bndbox><xmin>0</xmin><ymin>125</ymin><xmax>301</xmax><ymax>272</ymax></bndbox></object><object><name>proposal</name><bndbox><xmin>0</xmin><ymin>128</ymin><xmax>800</xmax><ymax>428</ymax></bndbox></object><object><name>proposal</name><bndbox><xmin>192</xmin><ymin>153</ymin><xmax>524</xmax><ymax>336</ymax></bndbox></object><object><name>proposal</name><bndbox><xmin>0</xmin><ymin>157</ymin><xmax>529</xmax><ymax>483</ymax></bndbox></object><object><name>proposal</name><bndbox><xmin>6</xmin><ymin>182</ymin><xmax>743</xmax><ymax>395</ymax></bndbox></object><object><name>proposal</name><bndbox><xmin>135</xmin><ymin>196</ymin><xmax>394</xmax><ymax>278</ymax></bndbox></object><object><name>proposal</name><bndbox><xmin>29</xmin><ymin>186</ymin><xmax>699</xmax><ymax>350</ymax></bndbox></object><object><name>proposal</name><bndbox><xmin>421</xmin><ymin>184</ymin><xmax>379</xmax><ymax>348</ymax></bndbox></object><object><name>proposal</name><bndbox><xmin>0</xmin><ymin>0</ymin><xmax>800</xmax><ymax>373</ymax></bndbox></object><object><name>proposal</name><bndbox><xmin>0</xmin><ymin>0</ymin><xmax>800</xmax><ymax>342</ymax></bndbox></object><object><name>proposal</name><bndbox><xmin>153</xmin><ymin>160</ymin><xmax>519</xmax><ymax>376</ymax></bndbox></object><object><name>proposal</name><bndbox><xmin>6</xmin><ymin>195</ymin><xmax>742</xmax><ymax>341</ymax></bndbox></object><object><name>proposal</name><bndbox><xmin>6</xmin><ymin>196</ymin><xmax>743</xmax><ymax>378</ymax></bndbox></object><object><name>proposal</name><bndbox><xmin>360</xmin><ymin>214</ymin><xmax>376</xmax><ymax>271</ymax></bndbox></object><object><name>proposal</name><bndbox><xmin>0</xmin><ymin>184</ymin><xmax>267</xmax><ymax>241</ymax></bndbox></object><object><name>proposal</name><bndbox><xmin>0</xmin><ymin>62</ymin><xmax>301</xmax><ymax>335</ymax></bndbox></object><object><name>proposal</name><bndbox><xmin>572</xmin><ymin>131</ymin><xmax>228</xmax><ymax>346</ymax></bndbox></object><object><name>proposal</name><bndbox><xmin>8</xmin><ymin>194</ymin><xmax>739</xmax><ymax>338</ymax></bndbox></object><object><name>proposal</name><bndbox><xmin>6</xmin><ymin>196</ymin><xmax>743</xmax><ymax>336</ymax></bndbox></object><object><name>proposal</name><bndbox><xmin>466</xmin><ymin>200</ymin><xmax>334</xmax><ymax>600</ymax></bndbox></object><object><name>proposal</name><bndbox><xmin>207</xmin><ymin>196</ymin><xmax>359</xmax><ymax>270</ymax></bndbox></object><object><name>proposal</name><bndbox><xmin>546</xmin><ymin>0</ymin><xmax>254</xmax><ymax>478</ymax></bndbox></object><object><name>proposal</name><bndbox><xmin>26</xmin><ymin>206</ymin><xmax>689</xmax><ymax>326</ymax></bndbox></object><object><name>proposal</name><bndbox><xmin>475</xmin><ymin>178</ymin><xmax>325</xmax><ymax>310</ymax></bndbox></object><object><name>proposal</name><bndbox><xmin>465</xmin><ymin>199</ymin><xmax>322</xmax><ymax>303</ymax></bndbox></object><object><name>proposal</name><bndbox><xmin>186</xmin><ymin>0</ymin><xmax>614</xmax><ymax>307</ymax></bndbox></object><object><name>proposal</name><bndbox><xmin>7</xmin><ymin>195</ymin><xmax>729</xmax><ymax>361</ymax></bndbox></object><object><name>proposal</name><bndbox><xmin>426</xmin><ymin>193</ymin><xmax>310</xmax><ymax>363</ymax></bndbox></object><object><name>proposal</name><bndbox><xmin>8</xmin><ymin>196</ymin><xmax>739</xmax><ymax>381</ymax></bndbox></object><object><name>proposal</name><bndbox><xmin>6</xmin><ymin>194</ymin><xmax>741</xmax><ymax>380</ymax></bndbox></object><object><name>proposal</name><bndbox><xmin>0</xmin><ymin>118</ymin><xmax>278</xmax><ymax>333</ymax></bndbox></object><object><name>proposal</name><bndbox><xmin>441</xmin><ymin>203</ymin><xmax>359</xmax><ymax>597</ymax></bndbox></object><object><name>proposal</name><bndbox><xmin>0</xmin><ymin>0</ymin><xmax>800</xmax><ymax>425</ymax></bndbox></object><object><name>proposal</name><bndbox><xmin>6</xmin><ymin>190</ymin><xmax>742</xmax><ymax>346</ymax></bndbox></object><object><name>proposal</name><bndbox><xmin>0</xmin><ymin>355</ymin><xmax>608</xmax><ymax>445</ymax></bndbox></object><object><name>proposal</name><bndbox><xmin>0</xmin><ymin>128</ymin><xmax>572</xmax><ymax>301</ymax></bndbox></object><object><name>proposal</name><bndbox><xmin>314</xmin><ymin>153</ymin><xmax>382</xmax><ymax>260</ymax></bndbox></object><object><name>proposal</name><bndbox><xmin>546</xmin><ymin>0</ymin><xmax>254</xmax><ymax>672</ymax></bndbox></object><object><name>proposal</name><bndbox><xmin>6</xmin><ymin>393</ymin><xmax>494</xmax><ymax>233</ymax></bndbox></object><object><name>proposal</name><bndbox><xmin>424</xmin><ymin>195</ymin><xmax>376</xmax><ymax>605</ymax></bndbox></object><object><name>proposal</name><bndbox><xmin>0</xmin><ymin>186</ymin><xmax>728</xmax><ymax>350</ymax></bndbox></object><object><name>proposal</name><bndbox><xmin>185</xmin><ymin>0</ymin><xmax>615</xmax><ymax>323</ymax></bndbox></object><object><name>proposal</name><bndbox><xmin>426</xmin><ymin>0</ymin><xmax>374</xmax><ymax>412</ymax></bndbox></object><object><name>proposal</name><bndbox><xmin>41</xmin><ymin>196</ymin><xmax>488</xmax><ymax>278</ymax></bndbox></object><object><name>proposal</name><bndbox><xmin>311</xmin><ymin>0</ymin><xmax>489</xmax><ymax>342</ymax></bndbox></object><object><name>proposal</name><bndbox><xmin>0</xmin><ymin>160</ymin><xmax>309</xmax><ymax>459</ymax></bndbox></object><object><name>proposal</name><bndbox><xmin>0</xmin><ymin>196</ymin><xmax>566</xmax><ymax>270</ymax></bndbox></object><object><name>proposal</name><bndbox><xmin>0</xmin><ymin>231</ymin><xmax>486</xmax><ymax>409</ymax></bndbox></object><object><name>proposal</name><bndbox><xmin>0</xmin><ymin>0</ymin><xmax>800</xmax><ymax>701</ymax></bndbox></object><object><name>proposal</name><bndbox><xmin>428</xmin><ymin>131</ymin><xmax>372</xmax><ymax>420</ymax></bndbox></object><object><name>proposal</name><bndbox><xmin>0</xmin><ymin>196</ymin><xmax>800</xmax><ymax>604</ymax></bndbox></object><object><name>proposal</name><bndbox><xmin>365</xmin><ymin>0</ymin><xmax>435</xmax><ymax>412</ymax></bndbox></object><object><name>proposal</name><bndbox><xmin>0</xmin><ymin>0</ymin><xmax>457</xmax><ymax>405</ymax></bndbox></object><object><name>proposal</name><bndbox><xmin>182</xmin><ymin>186</ymin><xmax>546</xmax><ymax>388</ymax></bndbox></object><object><name>proposal</name><bndbox><xmin>26</xmin><ymin>206</ymin><xmax>689</xmax><ymax>323</ymax></bndbox></object><object><name>proposal</name><bndbox><xmin>0</xmin><ymin>62</ymin><xmax>714</xmax><ymax>581</ymax></bndbox></object><object><name>proposal</name><bndbox><xmin>8</xmin><ymin>196</ymin><xmax>723</xmax><ymax>378</ymax></bndbox></object><object><name>proposal</name><bndbox><xmin>0</xmin><ymin>128</ymin><xmax>466</xmax><ymax>299</ymax></bndbox></object><object><name>proposal</name><bndbox><xmin>191</xmin><ymin>0</ymin><xmax>609</xmax><ymax>317</ymax></bndbox></object><object><name>proposal</name><bndbox><xmin>0</xmin><ymin>45</ymin><xmax>762</xmax><ymax>755</ymax></bndbox></object><object><name>proposal</name><bndbox><xmin>40</xmin><ymin>223</ymin><xmax>673</xmax><ymax>303</ymax></bndbox></object><object><name>proposal</name><bndbox><xmin>29</xmin><ymin>186</ymin><xmax>723</xmax><ymax>387</ymax></bndbox></object><object><name>proposal</name><bndbox><xmin>3</xmin><ymin>397</ymin><xmax>703</xmax><ymax>403</ymax></bndbox></object><object><name>proposal</name><bndbox><xmin>507</xmin><ymin>200</ymin><xmax>293</xmax><ymax>495</ymax></bndbox></object><object><name>proposal</name><bndbox><xmin>0</xmin><ymin>0</ymin><xmax>800</xmax><ymax>557</ymax></bndbox></object><object><name>proposal</name><bndbox><xmin>185</xmin><ymin>0</ymin><xmax>615</xmax><ymax>342</ymax></bndbox></object><object><name>proposal</name><bndbox><xmin>3</xmin><ymin>383</ymin><xmax>483</xmax><ymax>257</ymax></bndbox></object><object><name>proposal</name><bndbox><xmin>7</xmin><ymin>195</ymin><xmax>742</xmax><ymax>341</ymax></bndbox></object><object><name>proposal</name><bndbox><xmin>163</xmin><ymin>0</ymin><xmax>637</xmax><ymax>412</ymax></bndbox></object><object><name>proposal</name><bndbox><xmin>0</xmin><ymin>71</ymin><xmax>510</xmax><ymax>228</ymax></bndbox></object><object><name>proposal</name><bndbox><xmin>0</xmin><ymin>173</ymin><xmax>731</xmax><ymax>401</ymax></bndbox></object><object><name>proposal</name><bndbox><xmin>0</xmin><ymin>355</ymin><xmax>800</xmax><ymax>445</ymax></bndbox></object><object><name>proposal</name><bndbox><xmin>40</xmin><ymin>216</ymin><xmax>760</xmax><ymax>480</ymax></bndbox></object><object><name>proposal</name><bndbox><xmin>0</xmin><ymin>328</ymin><xmax>529</xmax><ymax>390</ymax></bndbox></object><object><name>proposal</name><bndbox><xmin>22</xmin><ymin>184</ymin><xmax>235</xmax><ymax>278</ymax></bndbox></object><object><name>proposal</name><bndbox><xmin>7</xmin><ymin>174</ymin><xmax>733</xmax><ymax>382</ymax></bndbox></object><object><name>proposal</name><bndbox><xmin>0</xmin><ymin>354</ymin><xmax>698</xmax><ymax>446</ymax></bndbox></object><object><name>proposal</name><bndbox><xmin>8</xmin><ymin>194</ymin><xmax>723</xmax><ymax>338</ymax></bndbox></object><object><name>proposal</name><bndbox><xmin>428</xmin><ymin>199</ymin><xmax>359</xmax><ymax>303</ymax></bndbox></object><object><name>proposal</name><bndbox><xmin>0</xmin><ymin>291</ymin><xmax>309</xmax><ymax>328</ymax></bndbox></object><object><name>proposal</name><bndbox><xmin>0</xmin><ymin>354</ymin><xmax>706</xmax><ymax>446</ymax></bndbox></object><object><name>proposal</name><bndbox><xmin>48</xmin><ymin>0</ymin><xmax>752</xmax><ymax>590</ymax></bndbox></object><object><name>proposal</name><bndbox><xmin>26</xmin><ymin>206</ymin><xmax>689</xmax><ymax>377</ymax></bndbox></object><object><name>proposal</name><bndbox><xmin>0</xmin><ymin>131</ymin><xmax>800</xmax><ymax>669</ymax></bndbox></object><object><name>proposal</name><bndbox><xmin>0</xmin><ymin>393</ymin><xmax>800</xmax><ymax>407</ymax></bndbox></object><object><name>proposal</name><bndbox><xmin>546</xmin><ymin>0</ymin><xmax>254</xmax><ymax>484</ymax></bndbox></object><object><name>proposal</name><bndbox><xmin>360</xmin><ymin>184</ymin><xmax>372</xmax><ymax>344</ymax></bndbox></object><object><name>proposal</name><bndbox><xmin>432</xmin><ymin>271</ymin><xmax>264</xmax><ymax>246</ymax></bndbox></object><object><name>proposal</name><bndbox><xmin>0</xmin><ymin>0</ymin><xmax>800</xmax><ymax>600</ymax></bndbox></object><object><name>proposal</name><bndbox><xmin>0</xmin><ymin>355</ymin><xmax>605</xmax><ymax>445</ymax></bndbox></object><object><name>proposal</name><bndbox><xmin>0</xmin><ymin>0</ymin><xmax>672</xmax><ymax>800</ymax></bndbox></object><object><name>proposal</name><bndbox><xmin>0</xmin><ymin>0</ymin><xmax>714</xmax><ymax>800</ymax></bndbox></object><object><name>proposal</name><bndbox><xmin>6</xmin><ymin>190</ymin><xmax>743</xmax><ymax>384</ymax></bndbox></object><object><name>proposal</name><bndbox><xmin>0</xmin><ymin>0</ymin><xmax>800</xmax><ymax>362</ymax></bndbox></object><object><name>proposal</name><bndbox><xmin>89</xmin><ymin>0</ymin><xmax>711</xmax><ymax>556</ymax></bndbox></object><object><name>proposal</name><bndbox><xmin>0</xmin><ymin>0</ymin><xmax>800</xmax><ymax>544</ymax></bndbox></object><object><name>proposal</name><bndbox><xmin>6</xmin><ymin>194</ymin><xmax>725</xmax><ymax>342</ymax></bndbox></object><object><name>proposal</name><bndbox><xmin>432</xmin><ymin>0</ymin><xmax>368</xmax><ymax>517</ymax></bndbox></object><object><name>proposal</name><bndbox><xmin>488</xmin><ymin>178</ymin><xmax>312</xmax><ymax>495</ymax></bndbox></object><object><name>proposal</name><bndbox><xmin>0</xmin><ymin>0</ymin><xmax>672</xmax><ymax>536</ymax></bndbox></object><object><name>proposal</name><bndbox><xmin>0</xmin><ymin>0</ymin><xmax>752</xmax><ymax>489</ymax></bndbox></object><object><name>proposal</name><bndbox><xmin>0</xmin><ymin>354</ymin><xmax>500</xmax><ymax>246</ymax></bndbox></object><object><name>proposal</name><bndbox><xmin>0</xmin><ymin>296</ymin><xmax>309</xmax><ymax>355</ymax></bndbox></object><object><name>proposal</name><bndbox><xmin>120</xmin><ymin>196</ymin><xmax>409</xmax><ymax>278</ymax></bndbox></object><object><name>proposal</name><bndbox><xmin>0</xmin><ymin>266</ymin><xmax>252</xmax><ymax>374</ymax></bndbox></object><object><name>proposal</name><bndbox><xmin>0</xmin><ymin>71</ymin><xmax>800</xmax><ymax>729</ymax></bndbox></object><object><name>proposal</name><bndbox><xmin>0</xmin><ymin>0</ymin><xmax>741</xmax><ymax>765</ymax></bndbox></object><object><name>proposal</name><bndbox><xmin>0</xmin><ymin>0</ymin><xmax>800</xmax><ymax>574</ymax></bndbox></object><object><name>proposal</name><bndbox><xmin>191</xmin><ymin>0</ymin><xmax>609</xmax><ymax>324</ymax></bndbox></object><object><name>proposal</name><bndbox><xmin>0</xmin><ymin>356</ymin><xmax>704</xmax><ymax>444</ymax></bndbox></object><object><name>proposal</name><bndbox><xmin>314</xmin><ymin>171</ymin><xmax>382</xmax><ymax>242</ymax></bndbox></object><object><name>proposal</name><bndbox><xmin>0</xmin><ymin>194</ymin><xmax>297</xmax><ymax>231</ymax></bndbox></object><object><name>proposal</name><bndbox><xmin>0</xmin><ymin>386</ymin><xmax>800</xmax><ymax>414</ymax></bndbox></object><object><name>proposal</name><bndbox><xmin>0</xmin><ymin>0</ymin><xmax>800</xmax><ymax>779</ymax></bndbox></object><object><name>proposal</name><bndbox><xmin>360</xmin><ymin>183</ymin><xmax>372</xmax><ymax>235</ymax></bndbox></object><object><name>proposal</name><bndbox><xmin>573</xmin><ymin>178</ymin><xmax>227</xmax><ymax>293</ymax></bndbox></object><object><name>proposal</name><bndbox><xmin>6</xmin><ymin>194</ymin><xmax>741</xmax><ymax>364</ymax></bndbox></object><object><name>proposal</name><bndbox><xmin>0</xmin><ymin>195</ymin><xmax>800</xmax><ymax>605</ymax></bndbox></object><object><name>proposal</name><bndbox><xmin>0</xmin><ymin>182</ymin><xmax>500</xmax><ymax>267</ymax></bndbox></object><object><name>proposal</name><bndbox><xmin>0</xmin><ymin>0</ymin><xmax>800</xmax><ymax>426</ymax></bndbox></object><object><name>proposal</name><bndbox><xmin>475</xmin><ymin>200</ymin><xmax>325</xmax><ymax>320</ymax></bndbox></object><object><name>proposal</name><bndbox><xmin>0</xmin><ymin>190</ymin><xmax>736</xmax><ymax>383</ymax></bndbox></object><object><name>proposal</name><bndbox><xmin>396</xmin><ymin>248</ymin><xmax>332</xmax><ymax>280</ymax></bndbox></object><object><name>proposal</name><bndbox><xmin>26</xmin><ymin>218</ymin><xmax>703</xmax><ymax>312</ymax></bndbox></object><object><name>proposal</name><bndbox><xmin>0</xmin><ymin>128</ymin><xmax>572</xmax><ymax>321</ymax></bndbox></object><object><name>proposal</name><bndbox><xmin>0</xmin><ymin>406</ymin><xmax>745</xmax><ymax>394</ymax></bndbox></object><object><name>proposal</name><bndbox><xmin>3</xmin><ymin>397</ymin><xmax>797</xmax><ymax>403</ymax></bndbox></object><object><name>proposal</name><bndbox><xmin>0</xmin><ymin>0</ymin><xmax>800</xmax><ymax>366</ymax></bndbox></object><object><name>proposal</name><bndbox><xmin>0</xmin><ymin>296</ymin><xmax>486</xmax><ymax>355</ymax></bndbox></object><object><name>proposal</name><bndbox><xmin>40</xmin><ymin>0</ymin><xmax>760</xmax><ymax>673</ymax></bndbox></object><object><name>proposal</name><bndbox><xmin>0</xmin><ymin>181</ymin><xmax>800</xmax><ymax>619</ymax></bndbox></object><object><name>proposal</name><bndbox><xmin>160</xmin><ymin>279</ymin><xmax>512</xmax><ymax>257</ymax></bndbox></object><object><name>proposal</name><bndbox><xmin>337</xmin><ymin>0</ymin><xmax>463</xmax><ymax>412</ymax></bndbox></object><object><name>proposal</name><bndbox><xmin>0</xmin><ymin>196</ymin><xmax>529</xmax><ymax>378</ymax></bndbox></object><object><name>proposal</name><bndbox><xmin>0</xmin><ymin>153</ymin><xmax>752</xmax><ymax>383</ymax></bndbox></object><object><name>proposal</name><bndbox><xmin>8</xmin><ymin>196</ymin><xmax>739</xmax><ymax>378</ymax></bndbox></object><object><name>proposal</name><bndbox><xmin>0</xmin><ymin>191</ymin><xmax>747</xmax><ymax>383</ymax></bndbox></object><object><name>proposal</name><bndbox><xmin>360</xmin><ymin>214</ymin><xmax>392</xmax><ymax>310</ymax></bndbox></object><object><name>proposal</name><bndbox><xmin>221</xmin><ymin>158</ymin><xmax>579</xmax><ymax>398</ymax></bndbox></object><object><name>proposal</name><bndbox><xmin>444</xmin><ymin>0</ymin><xmax>356</xmax><ymax>478</ymax></bndbox></object><object><name>proposal</name><bndbox><xmin>0</xmin><ymin>353</ymin><xmax>800</xmax><ymax>447</ymax></bndbox></object><object><name>proposal</name><bndbox><xmin>130</xmin><ymin>200</ymin><xmax>670</xmax><ymax>600</ymax></bndbox></object><object><name>proposal</name><bndbox><xmin>205</xmin><ymin>158</ymin><xmax>433</xmax><ymax>240</ymax></bndbox></object><object><name>proposal</name><bndbox><xmin>0</xmin><ymin>383</ymin><xmax>800</xmax><ymax>417</ymax></bndbox></object><object><name>proposal</name><bndbox><xmin>0</xmin><ymin>182</ymin><xmax>800</xmax><ymax>618</ymax></bndbox></object><object><name>proposal</name><bndbox><xmin>185</xmin><ymin>0</ymin><xmax>615</xmax><ymax>330</ymax></bndbox></object><object><name>proposal</name><bndbox><xmin>546</xmin><ymin>136</ymin><xmax>254</xmax><ymax>351</ymax></bndbox></object><object><name>proposal</name><bndbox><xmin>0</xmin><ymin>190</ymin><xmax>800</xmax><ymax>610</ymax></bndbox></object><object><name>proposal</name><bndbox><xmin>6</xmin><ymin>194</ymin><xmax>725</xmax><ymax>343</ymax></bndbox></object><object><name>proposal</name><bndbox><xmin>428</xmin><ymin>131</ymin><xmax>372</xmax><ymax>669</ymax></bndbox></object><object><name>proposal</name><bndbox><xmin>566</xmin><ymin>0</ymin><xmax>234</xmax><ymax>590</ymax></bndbox></object><object><name>proposal</name><bndbox><xmin>0</xmin><ymin>406</ymin><xmax>800</xmax><ymax>394</ymax></bndbox></object><object><name>proposal</name><bndbox><xmin>0</xmin><ymin>178</ymin><xmax>800</xmax><ymax>310</ymax></bndbox></object><object><name>proposal</name><bndbox><xmin>393</xmin><ymin>244</ymin><xmax>335</xmax><ymax>284</ymax></bndbox></object><object><name>proposal</name><bndbox><xmin>0</xmin><ymin>64</ymin><xmax>252</xmax><ymax>387</ymax></bndbox></object><object><name>proposal</name><bndbox><xmin>0</xmin><ymin>227</ymin><xmax>714</xmax><ymax>573</ymax></bndbox></object><object><name>proposal</name><bndbox><xmin>161</xmin><ymin>182</ymin><xmax>555</xmax><ymax>309</ymax></bndbox></object><object><name>proposal</name><bndbox><xmin>0</xmin><ymin>353</ymin><xmax>714</xmax><ymax>447</ymax></bndbox></object><object><name>proposal</name><bndbox><xmin>0</xmin><ymin>0</ymin><xmax>800</xmax><ymax>330</ymax></bndbox></object><object><name>proposal</name><bndbox><xmin>426</xmin><ymin>178</ymin><xmax>374</xmax><ymax>495</ymax></bndbox></object><object><name>proposal</name><bndbox><xmin>7</xmin><ymin>194</ymin><xmax>742</xmax><ymax>342</ymax></bndbox></object><object><name>proposal</name><bndbox><xmin>2</xmin><ymin>393</ymin><xmax>734</xmax><ymax>396</ymax></bndbox></object><object><name>proposal</name><bndbox><xmin>207</xmin><ymin>196</ymin><xmax>359</xmax><ymax>191</ymax></bndbox></object><object><name>proposal</name><bndbox><xmin>205</xmin><ymin>153</ymin><xmax>547</xmax><ymax>370</ymax></bndbox></object><object><name>proposal</name><bndbox><xmin>0</xmin><ymin>174</ymin><xmax>736</xmax><ymax>399</ymax></bndbox></object><object><name>proposal</name><bndbox><xmin>41</xmin><ymin>196</ymin><xmax>488</xmax><ymax>378</ymax></bndbox></object><object><name>proposal</name><bndbox><xmin>0</xmin><ymin>0</ymin><xmax>800</xmax><ymax>556</ymax></bndbox></object><object><name>proposal</name><bndbox><xmin>0</xmin><ymin>0</ymin><xmax>672</xmax><ymax>703</ymax></bndbox></object><object><name>proposal</name><bndbox><xmin>130</xmin><ymin>0</ymin><xmax>670</xmax><ymax>800</ymax></bndbox></object><object><name>proposal</name><bndbox><xmin>423</xmin><ymin>136</ymin><xmax>318</xmax><ymax>230</ymax></bndbox></object><object><name>proposal</name><bndbox><xmin>182</xmin><ymin>186</ymin><xmax>546</xmax><ymax>379</ymax></bndbox></object><object><name>proposal</name><bndbox><xmin>0</xmin><ymin>0</ymin><xmax>732</xmax><ymax>536</ymax></bndbox></object><object><name>proposal</name><bndbox><xmin>186</xmin><ymin>0</ymin><xmax>614</xmax><ymax>317</ymax></bndbox></object><object><name>proposal</name><bndbox><xmin>103</xmin><ymin>0</ymin><xmax>697</xmax><ymax>610</ymax></bndbox></object><object><name>proposal</name><bndbox><xmin>323</xmin><ymin>0</ymin><xmax>477</xmax><ymax>324</ymax></bndbox></object><object><name>proposal</name><bndbox><xmin>182</xmin><ymin>153</ymin><xmax>554</xmax><ymax>383</ymax></bndbox></object><object><name>proposal</name><bndbox><xmin>0</xmin><ymin>0</ymin><xmax>729</xmax><ymax>640</ymax></bndbox></object><object><name>proposal</name><bndbox><xmin>0</xmin><ymin>157</ymin><xmax>729</xmax><ymax>483</ymax></bndbox></object><object><name>proposal</name><bndbox><xmin>6</xmin><ymin>397</ymin><xmax>560</xmax><ymax>224</ymax></bndbox></object></annotation>