<annotation><folder>Proposals</folder><filename>img-482.jpg</filename><size><width>571</width><height>300</height><depth>3</depth></size><object><name>proposal</name><bndbox><xmin>342</xmin><ymin>550</ymin><xmax>336</xmax><ymax>214</ymax></bndbox></object><object><name>proposal</name><bndbox><xmin>0</xmin><ymin>327</ymin><xmax>430</xmax><ymax>235</ymax></bndbox></object><object><name>proposal</name><bndbox><xmin>193</xmin><ymin>304</ymin><xmax>100</xmax><ymax>33</ymax></bndbox></object><object><name>proposal</name><bndbox><xmin>379</xmin><ymin>519</ymin><xmax>223</xmax><ymax>251</ymax></bndbox></object><object><name>proposal</name><bndbox><xmin>194</xmin><ymin>379</ymin><xmax>282</xmax><ymax>125</ymax></bndbox></object><object><name>proposal</name><bndbox><xmin>335</xmin><ymin>388</ymin><xmax>116</xmax><ymax>111</ymax></bndbox></object><object><name>proposal</name><bndbox><xmin>265</xmin><ymin>308</ymin><xmax>69</xmax><ymax>38</ymax></bndbox></object><object><name>proposal</name><bndbox><xmin>186</xmin><ymin>287</ymin><xmax>130</xmax><ymax>65</ymax></bndbox></object><object><name>proposal</name><bndbox><xmin>493</xmin><ymin>514</ymin><xmax>201</xmax><ymax>286</ymax></bndbox></object><object><name>proposal</name><bndbox><xmin>137</xmin><ymin>520</ymin><xmax>237</xmax><ymax>204</ymax></bndbox></object><object><name>proposal</name><bndbox><xmin>180</xmin><ymin>383</ymin><xmax>191</xmax><ymax>160</ymax></bndbox></object><object><name>proposal</name><bndbox><xmin>53</xmin><ymin>85</ymin><xmax>747</xmax><ymax>715</ymax></bndbox></object><object><name>proposal</name><bndbox><xmin>376</xmin><ymin>595</ymin><xmax>273</xmax><ymax>169</ymax></bndbox></object><object><name>proposal</name><bndbox><xmin>379</xmin><ymin>519</ymin><xmax>327</xmax><ymax>251</ymax></bndbox></object><object><name>proposal</name><bndbox><xmin>344</xmin><ymin>384</ymin><xmax>125</xmax><ymax>156</ymax></bndbox></object><object><name>proposal</name><bndbox><xmin>243</xmin><ymin>384</ymin><xmax>312</xmax><ymax>156</ymax></bndbox></object><object><name>proposal</name><bndbox><xmin>127</xmin><ymin>526</ymin><xmax>226</xmax><ymax>255</ymax></bndbox></object><object><name>proposal</name><bndbox><xmin>328</xmin><ymin>515</ymin><xmax>370</xmax><ymax>249</ymax></bndbox></object><object><name>proposal</name><bndbox><xmin>200</xmin><ymin>475</ymin><xmax>404</xmax><ymax>325</ymax></bndbox></object><object><name>proposal</name><bndbox><xmin>144</xmin><ymin>514</ymin><xmax>193</xmax><ymax>194</ymax></bndbox></object><object><name>proposal</name><bndbox><xmin>218</xmin><ymin>514</ymin><xmax>488</xmax><ymax>286</ymax></bndbox></object><object><name>proposal</name><bndbox><xmin>323</xmin><ymin>197</ymin><xmax>113</xmax><ymax>58</ymax></bndbox></object><object><name>proposal</name><bndbox><xmin>232</xmin><ymin>519</ymin><xmax>179</xmax><ymax>213</ymax></bndbox></object><object><name>proposal</name><bndbox><xmin>324</xmin><ymin>210</ymin><xmax>39</xmax><ymax>16</ymax></bndbox></object><object><name>proposal</name><bndbox><xmin>212</xmin><ymin>528</ymin><xmax>285</xmax><ymax>214</ymax></bndbox></object><object><name>proposal</name><bndbox><xmin>194</xmin><ymin>383</ymin><xmax>435</xmax><ymax>163</ymax></bndbox></object><object><name>proposal</name><bndbox><xmin>481</xmin><ymin>512</ymin><xmax>225</xmax><ymax>288</ymax></bndbox></object><object><name>proposal</name><bndbox><xmin>138</xmin><ymin>520</ymin><xmax>560</xmax><ymax>244</ymax></bndbox></object><object><name>proposal</name><bndbox><xmin>333</xmin><ymin>298</ymin><xmax>54</xmax><ymax>38</ymax></bndbox></object><object><name>proposal</name><bndbox><xmin>420</xmin><ymin>563</ymin><xmax>266</xmax><ymax>206</ymax></bndbox></object><object><name>proposal</name><bndbox><xmin>303</xmin><ymin>520</ymin><xmax>351</xmax><ymax>181</ymax></bndbox></object><object><name>proposal</name><bndbox><xmin>143</xmin><ymin>558</ymin><xmax>338</xmax><ymax>242</ymax></bndbox></object><object><name>proposal</name><bndbox><xmin>212</xmin><ymin>528</ymin><xmax>378</xmax><ymax>241</ymax></bndbox></object><object><name>proposal</name><bndbox><xmin>180</xmin><ymin>411</ymin><xmax>246</xmax><ymax>132</ymax></bndbox></object><object><name>proposal</name><bndbox><xmin>194</xmin><ymin>382</ymin><xmax>432</xmax><ymax>181</ymax></bndbox></object><object><name>proposal</name><bndbox><xmin>243</xmin><ymin>434</ymin><xmax>183</xmax><ymax>108</ymax></bndbox></object><object><name>proposal</name><bndbox><xmin>274</xmin><ymin>592</ymin><xmax>480</xmax><ymax>208</ymax></bndbox></object><object><name>proposal</name><bndbox><xmin>338</xmin><ymin>522</ymin><xmax>169</xmax><ymax>171</ymax></bndbox></object><object><name>proposal</name><bndbox><xmin>278</xmin><ymin>391</ymin><xmax>198</xmax><ymax>121</ymax></bndbox></object><object><name>proposal</name><bndbox><xmin>292</xmin><ymin>298</ymin><xmax>95</xmax><ymax>38</ymax></bndbox></object><object><name>proposal</name><bndbox><xmin>137</xmin><ymin>520</ymin><xmax>569</xmax><ymax>243</ymax></bndbox></object><object><name>proposal</name><bndbox><xmin>297</xmin><ymin>520</ymin><xmax>226</xmax><ymax>173</ymax></bndbox></object><object><name>proposal</name><bndbox><xmin>217</xmin><ymin>381</ymin><xmax>297</xmax><ymax>135</ymax></bndbox></object><object><name>proposal</name><bndbox><xmin>137</xmin><ymin>520</ymin><xmax>216</xmax><ymax>219</ymax></bndbox></object><object><name>proposal</name><bndbox><xmin>301</xmin><ymin>519</ymin><xmax>397</xmax><ymax>178</ymax></bndbox></object><object><name>proposal</name><bndbox><xmin>286</xmin><ymin>587</ymin><xmax>514</xmax><ymax>213</ymax></bndbox></object><object><name>proposal</name><bndbox><xmin>243</xmin><ymin>476</ymin><xmax>268</xmax><ymax>161</ymax></bndbox></object><object><name>proposal</name><bndbox><xmin>155</xmin><ymin>302</ymin><xmax>115</xmax><ymax>39</ymax></bndbox></object><object><name>proposal</name><bndbox><xmin>299</xmin><ymin>383</ymin><xmax>177</xmax><ymax>114</ymax></bndbox></object><object><name>proposal</name><bndbox><xmin>301</xmin><ymin>519</ymin><xmax>397</xmax><ymax>250</ymax></bndbox></object><object><name>proposal</name><bndbox><xmin>212</xmin><ymin>514</ymin><xmax>493</xmax><ymax>286</ymax></bndbox></object><object><name>proposal</name><bndbox><xmin>0</xmin><ymin>272</ymin><xmax>800</xmax><ymax>528</ymax></bndbox></object><object><name>proposal</name><bndbox><xmin>227</xmin><ymin>298</ymin><xmax>167</xmax><ymax>48</ymax></bndbox></object><object><name>proposal</name><bndbox><xmin>362</xmin><ymin>382</ymin><xmax>114</xmax><ymax>130</ymax></bndbox></object><object><name>proposal</name><bndbox><xmin>25</xmin><ymin>286</ymin><xmax>775</xmax><ymax>514</ymax></bndbox></object><object><name>proposal</name><bndbox><xmin>416</xmin><ymin>394</ymin><xmax>290</xmax><ymax>340</ymax></bndbox></object><object><name>proposal</name><bndbox><xmin>200</xmin><ymin>512</ymin><xmax>247</xmax><ymax>269</ymax></bndbox></object><object><name>proposal</name><bndbox><xmin>138</xmin><ymin>382</ymin><xmax>495</xmax><ymax>332</ymax></bndbox></object><object><name>proposal</name><bndbox><xmin>243</xmin><ymin>383</ymin><xmax>183</xmax><ymax>115</ymax></bndbox></object><object><name>proposal</name><bndbox><xmin>198</xmin><ymin>381</ymin><xmax>430</xmax><ymax>234</ymax></bndbox></object><object><name>proposal</name><bndbox><xmin>297</xmin><ymin>520</ymin><xmax>210</xmax><ymax>218</ymax></bndbox></object><object><name>proposal</name><bndbox><xmin>137</xmin><ymin>520</ymin><xmax>237</xmax><ymax>216</ymax></bndbox></object><object><name>proposal</name><bndbox><xmin>174</xmin><ymin>287</ymin><xmax>214</xmax><ymax>65</ymax></bndbox></object><object><name>proposal</name><bndbox><xmin>301</xmin><ymin>519</ymin><xmax>365</xmax><ymax>173</ymax></bndbox></object><object><name>proposal</name><bndbox><xmin>374</xmin><ymin>589</ymin><xmax>312</xmax><ymax>174</ymax></bndbox></object><object><name>proposal</name><bndbox><xmin>362</xmin><ymin>419</ymin><xmax>114</xmax><ymax>93</ymax></bndbox></object><object><name>proposal</name><bndbox><xmin>288</xmin><ymin>520</ymin><xmax>410</xmax><ymax>221</ymax></bndbox></object><object><name>proposal</name><bndbox><xmin>275</xmin><ymin>520</ymin><xmax>525</xmax><ymax>280</ymax></bndbox></object><object><name>proposal</name><bndbox><xmin>272</xmin><ymin>378</ymin><xmax>130</xmax><ymax>118</ymax></bndbox></object><object><name>proposal</name><bndbox><xmin>243</xmin><ymin>386</ymin><xmax>202</xmax><ymax>118</ymax></bndbox></object><object><name>proposal</name><bndbox><xmin>144</xmin><ymin>514</ymin><xmax>226</xmax><ymax>214</ymax></bndbox></object><object><name>proposal</name><bndbox><xmin>141</xmin><ymin>211</ymin><xmax>659</xmax><ymax>549</ymax></bndbox></object><object><name>proposal</name><bndbox><xmin>138</xmin><ymin>519</ymin><xmax>662</xmax><ymax>281</ymax></bndbox></object><object><name>proposal</name><bndbox><xmin>399</xmin><ymin>388</ymin><xmax>163</xmax><ymax>145</ymax></bndbox></object><object><name>proposal</name><bndbox><xmin>153</xmin><ymin>513</ymin><xmax>202</xmax><ymax>162</ymax></bndbox></object><object><name>proposal</name><bndbox><xmin>423</xmin><ymin>393</ymin><xmax>146</xmax><ymax>98</ymax></bndbox></object><object><name>proposal</name><bndbox><xmin>144</xmin><ymin>514</ymin><xmax>226</xmax><ymax>194</ymax></bndbox></object><object><name>proposal</name><bndbox><xmin>198</xmin><ymin>388</ymin><xmax>294</xmax><ymax>147</ymax></bndbox></object><object><name>proposal</name><bndbox><xmin>204</xmin><ymin>384</ymin><xmax>353</xmax><ymax>114</ymax></bndbox></object><object><name>proposal</name><bndbox><xmin>403</xmin><ymin>387</ymin><xmax>147</xmax><ymax>110</ymax></bndbox></object><object><name>proposal</name><bndbox><xmin>362</xmin><ymin>382</ymin><xmax>114</xmax><ymax>116</ymax></bndbox></object><object><name>proposal</name><bndbox><xmin>299</xmin><ymin>382</ymin><xmax>177</xmax><ymax>110</ymax></bndbox></object><object><name>proposal</name><bndbox><xmin>243</xmin><ymin>464</ymin><xmax>237</xmax><ymax>228</ymax></bndbox></object><object><name>proposal</name><bndbox><xmin>373</xmin><ymin>529</ymin><xmax>211</xmax><ymax>220</ymax></bndbox></object><object><name>proposal</name><bndbox><xmin>213</xmin><ymin>628</ymin><xmax>364</xmax><ymax>172</ymax></bndbox></object><object><name>proposal</name><bndbox><xmin>0</xmin><ymin>204</ymin><xmax>394</xmax><ymax>596</ymax></bndbox></object><object><name>proposal</name><bndbox><xmin>463</xmin><ymin>526</ymin><xmax>244</xmax><ymax>238</ymax></bndbox></object><object><name>proposal</name><bndbox><xmin>339</xmin><ymin>197</ymin><xmax>70</xmax><ymax>19</ymax></bndbox></object><object><name>proposal</name><bndbox><xmin>376</xmin><ymin>533</ymin><xmax>309</xmax><ymax>231</ymax></bndbox></object><object><name>proposal</name><bndbox><xmin>0</xmin><ymin>205</ymin><xmax>800</xmax><ymax>595</ymax></bndbox></object><object><name>proposal</name><bndbox><xmin>177</xmin><ymin>98</ymin><xmax>623</xmax><ymax>702</ymax></bndbox></object><object><name>proposal</name><bndbox><xmin>199</xmin><ymin>383</ymin><xmax>363</xmax><ymax>158</ymax></bndbox></object><object><name>proposal</name><bndbox><xmin>202</xmin><ymin>281</ymin><xmax>248</xmax><ymax>87</ymax></bndbox></object><object><name>proposal</name><bndbox><xmin>424</xmin><ymin>377</ymin><xmax>251</xmax><ymax>160</ymax></bndbox></object><object><name>proposal</name><bndbox><xmin>420</xmin><ymin>589</ymin><xmax>286</xmax><ymax>174</ymax></bndbox></object><object><name>proposal</name><bndbox><xmin>144</xmin><ymin>512</ymin><xmax>187</xmax><ymax>194</ymax></bndbox></object><object><name>proposal</name><bndbox><xmin>242</xmin><ymin>307</ymin><xmax>86</xmax><ymax>32</ymax></bndbox></object><object><name>proposal</name><bndbox><xmin>400</xmin><ymin>381</ymin><xmax>148</xmax><ymax>130</ymax></bndbox></object><object><name>proposal</name><bndbox><xmin>262</xmin><ymin>308</ymin><xmax>74</xmax><ymax>28</ymax></bndbox></object><object><name>proposal</name><bndbox><xmin>212</xmin><ymin>475</ymin><xmax>493</xmax><ymax>325</ymax></bndbox></object><object><name>proposal</name><bndbox><xmin>295</xmin><ymin>381</ymin><xmax>145</xmax><ymax>123</ymax></bndbox></object><object><name>proposal</name><bndbox><xmin>207</xmin><ymin>321</ymin><xmax>121</xmax><ymax>18</ymax></bndbox></object><object><name>proposal</name><bndbox><xmin>293</xmin><ymin>383</ymin><xmax>195</xmax><ymax>129</ymax></bndbox></object><object><name>proposal</name><bndbox><xmin>373</xmin><ymin>514</ymin><xmax>333</xmax><ymax>286</ymax></bndbox></object><object><name>proposal</name><bndbox><xmin>213</xmin><ymin>581</ymin><xmax>364</xmax><ymax>219</ymax></bndbox></object><object><name>proposal</name><bndbox><xmin>199</xmin><ymin>383</ymin><xmax>351</xmax><ymax>121</ymax></bndbox></object><object><name>proposal</name><bndbox><xmin>323</xmin><ymin>514</ymin><xmax>167</xmax><ymax>196</ymax></bndbox></object><object><name>proposal</name><bndbox><xmin>180</xmin><ymin>386</ymin><xmax>289</xmax><ymax>118</ymax></bndbox></object><object><name>proposal</name><bndbox><xmin>536</xmin><ymin>498</ymin><xmax>129</xmax><ymax>253</ymax></bndbox></object><object><name>proposal</name><bndbox><xmin>293</xmin><ymin>383</ymin><xmax>195</xmax><ymax>113</ymax></bndbox></object><object><name>proposal</name><bndbox><xmin>323</xmin><ymin>206</ymin><xmax>89</xmax><ymax>53</ymax></bndbox></object><object><name>proposal</name><bndbox><xmin>297</xmin><ymin>298</ymin><xmax>97</xmax><ymax>39</ymax></bndbox></object><object><name>proposal</name><bndbox><xmin>215</xmin><ymin>545</ymin><xmax>443</xmax><ymax>255</ymax></bndbox></object><object><name>proposal</name><bndbox><xmin>379</xmin><ymin>498</ymin><xmax>286</xmax><ymax>272</ymax></bndbox></object><object><name>proposal</name><bndbox><xmin>174</xmin><ymin>287</ymin><xmax>97</xmax><ymax>51</ymax></bndbox></object><object><name>proposal</name><bndbox><xmin>203</xmin><ymin>320</ymin><xmax>125</xmax><ymax>18</ymax></bndbox></object><object><name>proposal</name><bndbox><xmin>235</xmin><ymin>303</ymin><xmax>123</xmax><ymax>17</ymax></bndbox></object><object><name>proposal</name><bndbox><xmin>138</xmin><ymin>215</ymin><xmax>662</xmax><ymax>585</ymax></bndbox></object><object><name>proposal</name><bndbox><xmin>243</xmin><ymin>459</ymin><xmax>390</xmax><ymax>232</ymax></bndbox></object><object><name>proposal</name><bndbox><xmin>204</xmin><ymin>384</ymin><xmax>464</xmax><ymax>192</ymax></bndbox></object><object><name>proposal</name><bndbox><xmin>198</xmin><ymin>388</ymin><xmax>364</xmax><ymax>185</ymax></bndbox></object><object><name>proposal</name><bndbox><xmin>377</xmin><ymin>211</ymin><xmax>35</xmax><ymax>19</ymax></bndbox></object><object><name>proposal</name><bndbox><xmin>314</xmin><ymin>395</ymin><xmax>237</xmax><ymax>133</ymax></bndbox></object><object><name>proposal</name><bndbox><xmin>292</xmin><ymin>299</ymin><xmax>96</xmax><ymax>38</ymax></bndbox></object><object><name>proposal</name><bndbox><xmin>303</xmin><ymin>514</ymin><xmax>208</xmax><ymax>179</ymax></bndbox></object><object><name>proposal</name><bndbox><xmin>194</xmin><ymin>378</ymin><xmax>356</xmax><ymax>120</ymax></bndbox></object><object><name>proposal</name><bndbox><xmin>57</xmin><ymin>327</ymin><xmax>391</xmax><ymax>226</ymax></bndbox></object><object><name>proposal</name><bndbox><xmin>425</xmin><ymin>533</ymin><xmax>159</xmax><ymax>226</ymax></bndbox></object><object><name>proposal</name><bndbox><xmin>303</xmin><ymin>520</ymin><xmax>220</xmax><ymax>173</ymax></bndbox></object><object><name>proposal</name><bndbox><xmin>133</xmin><ymin>300</ymin><xmax>276</xmax><ymax>43</ymax></bndbox></object><object><name>proposal</name><bndbox><xmin>194</xmin><ymin>378</ymin><xmax>229</xmax><ymax>120</ymax></bndbox></object><object><name>proposal</name><bndbox><xmin>554</xmin><ymin>468</ymin><xmax>246</xmax><ymax>332</ymax></bndbox></object><object><name>proposal</name><bndbox><xmin>212</xmin><ymin>623</ymin><xmax>393</xmax><ymax>177</ymax></bndbox></object><object><name>proposal</name><bndbox><xmin>199</xmin><ymin>389</ymin><xmax>172</xmax><ymax>109</ymax></bndbox></object><object><name>proposal</name><bndbox><xmin>144</xmin><ymin>514</ymin><xmax>230</xmax><ymax>214</ymax></bndbox></object><object><name>proposal</name><bndbox><xmin>242</xmin><ymin>307</ymin><xmax>94</xmax><ymax>39</ymax></bndbox></object><object><name>proposal</name><bndbox><xmin>242</xmin><ymin>295</ymin><xmax>146</xmax><ymax>42</ymax></bndbox></object><object><name>proposal</name><bndbox><xmin>420</xmin><ymin>603</ymin><xmax>287</xmax><ymax>166</ymax></bndbox></object><object><name>proposal</name><bndbox><xmin>327</xmin><ymin>206</ymin><xmax>108</xmax><ymax>53</ymax></bndbox></object><object><name>proposal</name><bndbox><xmin>252</xmin><ymin>383</ymin><xmax>119</xmax><ymax>137</ymax></bndbox></object><object><name>proposal</name><bndbox><xmin>0</xmin><ymin>408</ymin><xmax>350</xmax><ymax>392</ymax></bndbox></object><object><name>proposal</name><bndbox><xmin>493</xmin><ymin>519</ymin><xmax>201</xmax><ymax>281</ymax></bndbox></object><object><name>proposal</name><bndbox><xmin>138</xmin><ymin>349</ymin><xmax>568</xmax><ymax>415</ymax></bndbox></object><object><name>proposal</name><bndbox><xmin>232</xmin><ymin>520</ymin><xmax>140</xmax><ymax>204</ymax></bndbox></object><object><name>proposal</name><bndbox><xmin>399</xmin><ymin>391</ymin><xmax>152</xmax><ymax>137</ymax></bndbox></object><object><name>proposal</name><bndbox><xmin>400</xmin><ymin>381</ymin><xmax>137</xmax><ymax>83</ymax></bndbox></object><object><name>proposal</name><bndbox><xmin>186</xmin><ymin>257</ymin><xmax>339</xmax><ymax>184</ymax></bndbox></object><object><name>proposal</name><bndbox><xmin>138</xmin><ymin>522</ymin><xmax>269</xmax><ymax>216</ymax></bndbox></object><object><name>proposal</name><bndbox><xmin>339</xmin><ymin>384</ymin><xmax>359</xmax><ymax>380</ymax></bndbox></object><object><name>proposal</name><bndbox><xmin>262</xmin><ymin>308</ymin><xmax>75</xmax><ymax>28</ymax></bndbox></object><object><name>proposal</name><bndbox><xmin>138</xmin><ymin>382</ymin><xmax>662</xmax><ymax>418</ymax></bndbox></object><object><name>proposal</name><bndbox><xmin>362</xmin><ymin>425</ymin><xmax>126</xmax><ymax>72</ymax></bndbox></object><object><name>proposal</name><bndbox><xmin>194</xmin><ymin>378</ymin><xmax>368</xmax><ymax>120</ymax></bndbox></object><object><name>proposal</name><bndbox><xmin>194</xmin><ymin>381</ymin><xmax>279</xmax><ymax>161</ymax></bndbox></object><object><name>proposal</name><bndbox><xmin>199</xmin><ymin>389</ymin><xmax>363</xmax><ymax>152</ymax></bndbox></object><object><name>proposal</name><bndbox><xmin>302</xmin><ymin>521</ymin><xmax>178</xmax><ymax>171</ymax></bndbox></object><object><name>proposal</name><bndbox><xmin>173</xmin><ymin>520</ymin><xmax>280</xmax><ymax>245</ymax></bndbox></object><object><name>proposal</name><bndbox><xmin>186</xmin><ymin>257</ymin><xmax>363</xmax><ymax>229</ymax></bndbox></object><object><name>proposal</name><bndbox><xmin>293</xmin><ymin>383</ymin><xmax>82</xmax><ymax>113</ymax></bndbox></object><object><name>proposal</name><bndbox><xmin>0</xmin><ymin>472</ymin><xmax>800</xmax><ymax>328</ymax></bndbox></object><object><name>proposal</name><bndbox><xmin>138</xmin><ymin>522</ymin><xmax>199</xmax><ymax>214</ymax></bndbox></object><object><name>proposal</name><bndbox><xmin>144</xmin><ymin>379</ymin><xmax>562</xmax><ymax>382</ymax></bndbox></object><object><name>proposal</name><bndbox><xmin>194</xmin><ymin>198</ymin><xmax>606</xmax><ymax>562</ymax></bndbox></object><object><name>proposal</name><bndbox><xmin>251</xmin><ymin>305</ymin><xmax>143</xmax><ymax>32</ymax></bndbox></object><object><name>proposal</name><bndbox><xmin>440</xmin><ymin>529</ymin><xmax>210</xmax><ymax>187</ymax></bndbox></object><object><name>proposal</name><bndbox><xmin>180</xmin><ymin>257</ymin><xmax>231</xmax><ymax>286</ymax></bndbox></object><object><name>proposal</name><bndbox><xmin>127</xmin><ymin>514</ymin><xmax>571</xmax><ymax>267</ymax></bndbox></object><object><name>proposal</name><bndbox><xmin>119</xmin><ymin>273</ymin><xmax>262</xmax><ymax>85</ymax></bndbox></object><object><name>proposal</name><bndbox><xmin>494</xmin><ymin>498</ymin><xmax>212</xmax><ymax>236</ymax></bndbox></object><object><name>proposal</name><bndbox><xmin>186</xmin><ymin>257</ymin><xmax>184</xmax><ymax>63</ymax></bndbox></object><object><name>proposal</name><bndbox><xmin>127</xmin><ymin>525</ymin><xmax>210</xmax><ymax>219</ymax></bndbox></object><object><name>proposal</name><bndbox><xmin>290</xmin><ymin>603</ymin><xmax>404</xmax><ymax>161</ymax></bndbox></object><object><name>proposal</name><bndbox><xmin>0</xmin><ymin>196</ymin><xmax>564</xmax><ymax>604</ymax></bndbox></object><object><name>proposal</name><bndbox><xmin>194</xmin><ymin>378</ymin><xmax>282</xmax><ymax>120</ymax></bndbox></object><object><name>proposal</name><bndbox><xmin>247</xmin><ymin>398</ymin><xmax>117</xmax><ymax>106</ymax></bndbox></object><object><name>proposal</name><bndbox><xmin>205</xmin><ymin>389</ymin><xmax>350</xmax><ymax>123</ymax></bndbox></object><object><name>proposal</name><bndbox><xmin>155</xmin><ymin>544</ymin><xmax>198</xmax><ymax>184</ymax></bndbox></object><object><name>proposal</name><bndbox><xmin>212</xmin><ymin>518</ymin><xmax>189</xmax><ymax>182</ymax></bndbox></object><object><name>proposal</name><bndbox><xmin>228</xmin><ymin>307</ymin><xmax>88</xmax><ymax>39</ymax></bndbox></object><object><name>proposal</name><bndbox><xmin>257</xmin><ymin>322</ymin><xmax>154</xmax><ymax>174</ymax></bndbox></object><object><name>proposal</name><bndbox><xmin>419</xmin><ymin>392</ymin><xmax>136</xmax><ymax>122</ymax></bndbox></object><object><name>proposal</name><bndbox><xmin>265</xmin><ymin>295</ymin><xmax>144</xmax><ymax>51</ymax></bndbox></object><object><name>proposal</name><bndbox><xmin>275</xmin><ymin>581</ymin><xmax>302</xmax><ymax>219</ymax></bndbox></object><object><name>proposal</name><bndbox><xmin>169</xmin><ymin>520</ymin><xmax>155</xmax><ymax>204</ymax></bndbox></object><object><name>proposal</name><bndbox><xmin>194</xmin><ymin>378</ymin><xmax>243</xmax><ymax>120</ymax></bndbox></object><object><name>proposal</name><bndbox><xmin>324</xmin><ymin>209</ymin><xmax>87</xmax><ymax>29</ymax></bndbox></object><object><name>proposal</name><bndbox><xmin>381</xmin><ymin>498</ymin><xmax>325</xmax><ymax>236</ymax></bndbox></object><object><name>proposal</name><bndbox><xmin>33</xmin><ymin>509</ymin><xmax>258</xmax><ymax>291</ymax></bndbox></object><object><name>proposal</name><bndbox><xmin>194</xmin><ymin>382</ymin><xmax>439</xmax><ymax>181</ymax></bndbox></object><object><name>proposal</name><bndbox><xmin>494</xmin><ymin>524</ymin><xmax>171</xmax><ymax>276</ymax></bndbox></object><object><name>proposal</name><bndbox><xmin>334</xmin><ymin>197</ymin><xmax>102</xmax><ymax>58</ymax></bndbox></object><object><name>proposal</name><bndbox><xmin>325</xmin><ymin>522</ymin><xmax>182</xmax><ymax>188</ymax></bndbox></object><object><name>proposal</name><bndbox><xmin>221</xmin><ymin>574</ymin><xmax>186</xmax><ymax>162</ymax></bndbox></object><object><name>proposal</name><bndbox><xmin>419</xmin><ymin>426</ymin><xmax>136</xmax><ymax>88</ymax></bndbox></object><object><name>proposal</name><bndbox><xmin>217</xmin><ymin>640</ymin><xmax>469</xmax><ymax>123</ymax></bndbox></object><object><name>proposal</name><bndbox><xmin>516</xmin><ymin>548</ymin><xmax>142</xmax><ymax>252</ymax></bndbox></object><object><name>proposal</name><bndbox><xmin>193</xmin><ymin>298</ymin><xmax>194</xmax><ymax>61</ymax></bndbox></object><object><name>proposal</name><bndbox><xmin>293</xmin><ymin>383</ymin><xmax>77</xmax><ymax>113</ymax></bndbox></object><object><name>proposal</name><bndbox><xmin>212</xmin><ymin>514</ymin><xmax>372</xmax><ymax>218</ymax></bndbox></object><object><name>proposal</name><bndbox><xmin>362</xmin><ymin>382</ymin><xmax>200</xmax><ymax>116</ymax></bndbox></object><object><name>proposal</name><bndbox><xmin>180</xmin><ymin>322</ymin><xmax>246</xmax><ymax>221</ymax></bndbox></object><object><name>proposal</name><bndbox><xmin>172</xmin><ymin>513</ymin><xmax>338</xmax><ymax>237</ymax></bndbox></object><object><name>proposal</name><bndbox><xmin>155</xmin><ymin>384</ymin><xmax>538</xmax><ymax>380</ymax></bndbox></object><object><name>proposal</name><bndbox><xmin>0</xmin><ymin>374</ymin><xmax>373</xmax><ymax>426</ymax></bndbox></object><object><name>proposal</name><bndbox><xmin>363</xmin><ymin>383</ymin><xmax>199</xmax><ymax>158</ymax></bndbox></object><object><name>proposal</name><bndbox><xmin>155</xmin><ymin>512</ymin><xmax>198</xmax><ymax>216</ymax></bndbox></object><object><name>proposal</name><bndbox><xmin>278</xmin><ymin>403</ymin><xmax>199</xmax><ymax>109</ymax></bndbox></object><object><name>proposal</name><bndbox><xmin>277</xmin><ymin>381</ymin><xmax>234</xmax><ymax>163</ymax></bndbox></object><object><name>proposal</name><bndbox><xmin>324</xmin><ymin>206</ymin><xmax>86</xmax><ymax>37</ymax></bndbox></object><object><name>proposal</name><bndbox><xmin>379</xmin><ymin>498</ymin><xmax>327</xmax><ymax>272</ymax></bndbox></object><object><name>proposal</name><bndbox><xmin>217</xmin><ymin>632</ymin><xmax>363</xmax><ymax>168</ymax></bndbox></object><object><name>proposal</name><bndbox><xmin>415</xmin><ymin>393</ymin><xmax>135</xmax><ymax>93</ymax></bndbox></object><object><name>proposal</name><bndbox><xmin>338</xmin><ymin>455</ymin><xmax>316</xmax><ymax>238</ymax></bndbox></object><object><name>proposal</name><bndbox><xmin>415</xmin><ymin>389</ymin><xmax>147</xmax><ymax>115</ymax></bndbox></object><object><name>proposal</name><bndbox><xmin>295</xmin><ymin>381</ymin><xmax>178</xmax><ymax>155</ymax></bndbox></object><object><name>proposal</name><bndbox><xmin>299</xmin><ymin>383</ymin><xmax>177</xmax><ymax>109</ymax></bndbox></object><object><name>proposal</name><bndbox><xmin>374</xmin><ymin>615</ymin><xmax>219</xmax><ymax>148</ymax></bndbox></object><object><name>proposal</name><bndbox><xmin>449</xmin><ymin>526</ymin><xmax>249</xmax><ymax>199</ymax></bndbox></object><object><name>proposal</name><bndbox><xmin>198</xmin><ymin>388</ymin><xmax>364</xmax><ymax>147</ymax></bndbox></object><object><name>proposal</name><bndbox><xmin>216</xmin><ymin>632</ymin><xmax>442</xmax><ymax>168</ymax></bndbox></object><object><name>proposal</name><bndbox><xmin>193</xmin><ymin>304</ymin><xmax>72</xmax><ymax>35</ymax></bndbox></object><object><name>proposal</name><bndbox><xmin>180</xmin><ymin>383</ymin><xmax>289</xmax><ymax>121</ymax></bndbox></object><object><name>proposal</name><bndbox><xmin>443</xmin><ymin>603</ymin><xmax>185</xmax><ymax>160</ymax></bndbox></object><object><name>proposal</name><bndbox><xmin>137</xmin><ymin>520</ymin><xmax>216</xmax><ymax>195</ymax></bndbox></object><object><name>proposal</name><bndbox><xmin>243</xmin><ymin>381</ymin><xmax>205</xmax><ymax>111</ymax></bndbox></object><object><name>proposal</name><bndbox><xmin>155</xmin><ymin>273</ymin><xmax>115</xmax><ymax>68</ymax></bndbox></object><object><name>proposal</name><bndbox><xmin>155</xmin><ymin>520</ymin><xmax>247</xmax><ymax>204</ymax></bndbox></object><object><name>proposal</name><bndbox><xmin>217</xmin><ymin>388</ymin><xmax>234</xmax><ymax>104</ymax></bndbox></object><object><name>proposal</name><bndbox><xmin>135</xmin><ymin>298</ymin><xmax>258</xmax><ymax>41</ymax></bndbox></object><object><name>proposal</name><bndbox><xmin>264</xmin><ymin>520</ymin><xmax>252</xmax><ymax>235</ymax></bndbox></object><object><name>proposal</name><bndbox><xmin>0</xmin><ymin>493</ymin><xmax>800</xmax><ymax>307</ymax></bndbox></object><object><name>proposal</name><bndbox><xmin>198</xmin><ymin>413</ymin><xmax>224</xmax><ymax>98</ymax></bndbox></object><object><name>proposal</name><bndbox><xmin>400</xmin><ymin>377</ymin><xmax>118</xmax><ymax>79</ymax></bndbox></object><object><name>proposal</name><bndbox><xmin>447</xmin><ymin>530</ymin><xmax>219</xmax><ymax>150</ymax></bndbox></object><object><name>proposal</name><bndbox><xmin>324</xmin><ymin>198</ymin><xmax>80</xmax><ymax>29</ymax></bndbox></object><object><name>proposal</name><bndbox><xmin>276</xmin><ymin>382</ymin><xmax>200</xmax><ymax>116</ymax></bndbox></object><object><name>proposal</name><bndbox><xmin>200</xmin><ymin>512</ymin><xmax>505</xmax><ymax>288</ymax></bndbox></object><object><name>proposal</name><bndbox><xmin>225</xmin><ymin>512</ymin><xmax>222</xmax><ymax>196</ymax></bndbox></object><object><name>proposal</name><bndbox><xmin>359</xmin><ymin>386</ymin><xmax>86</xmax><ymax>105</ymax></bndbox></object><object><name>proposal</name><bndbox><xmin>139</xmin><ymin>298</ymin><xmax>254</xmax><ymax>41</ymax></bndbox></object><object><name>proposal</name><bndbox><xmin>428</xmin><ymin>295</ymin><xmax>197</xmax><ymax>198</ymax></bndbox></object><object><name>proposal</name><bndbox><xmin>215</xmin><ymin>297</ymin><xmax>115</xmax><ymax>22</ymax></bndbox></object><object><name>proposal</name><bndbox><xmin>301</xmin><ymin>498</ymin><xmax>405</xmax><ymax>250</ymax></bndbox></object><object><name>proposal</name><bndbox><xmin>363</xmin><ymin>390</ymin><xmax>187</xmax><ymax>102</ymax></bndbox></object><object><name>proposal</name><bndbox><xmin>186</xmin><ymin>287</ymin><xmax>208</xmax><ymax>65</ymax></bndbox></object><object><name>proposal</name><bndbox><xmin>233</xmin><ymin>383</ymin><xmax>181</xmax><ymax>109</ymax></bndbox></object><object><name>proposal</name><bndbox><xmin>335</xmin><ymin>395</ymin><xmax>227</xmax><ymax>117</ymax></bndbox></object><object><name>proposal</name><bndbox><xmin>207</xmin><ymin>377</ymin><xmax>499</xmax><ymax>423</ymax></bndbox></object><object><name>proposal</name><bndbox><xmin>218</xmin><ymin>476</ymin><xmax>298</xmax><ymax>279</ymax></bndbox></object><object><name>proposal</name><bndbox><xmin>212</xmin><ymin>628</ymin><xmax>368</xmax><ymax>172</ymax></bndbox></object><object><name>proposal</name><bndbox><xmin>127</xmin><ymin>413</ymin><xmax>580</xmax><ymax>368</ymax></bndbox></object><object><name>proposal</name><bndbox><xmin>228</xmin><ymin>307</ymin><xmax>100</xmax><ymax>32</ymax></bndbox></object><object><name>proposal</name><bndbox><xmin>155</xmin><ymin>384</ymin><xmax>550</xmax><ymax>380</ymax></bndbox></object><object><name>proposal</name><bndbox><xmin>420</xmin><ymin>603</ymin><xmax>266</xmax><ymax>166</ymax></bndbox></object><object><name>proposal</name><bndbox><xmin>0</xmin><ymin>294</ymin><xmax>800</xmax><ymax>506</ymax></bndbox></object><object><name>proposal</name><bndbox><xmin>314</xmin><ymin>395</ymin><xmax>314</xmax><ymax>220</ymax></bndbox></object><object><name>proposal</name><bndbox><xmin>200</xmin><ymin>512</ymin><xmax>247</xmax><ymax>229</ymax></bndbox></object><object><name>proposal</name><bndbox><xmin>374</xmin><ymin>519</ymin><xmax>331</xmax><ymax>251</ymax></bndbox></object><object><name>proposal</name><bndbox><xmin>212</xmin><ymin>514</ymin><xmax>482</xmax><ymax>250</ymax></bndbox></object><object><name>proposal</name><bndbox><xmin>135</xmin><ymin>300</ymin><xmax>274</xmax><ymax>43</ymax></bndbox></object><object><name>proposal</name><bndbox><xmin>515</xmin><ymin>563</ymin><xmax>170</xmax><ymax>201</ymax></bndbox></object><object><name>proposal</name><bndbox><xmin>138</xmin><ymin>383</ymin><xmax>552</xmax><ymax>381</ymax></bndbox></object><object><name>proposal</name><bndbox><xmin>194</xmin><ymin>381</ymin><xmax>368</xmax><ymax>191</ymax></bndbox></object><object><name>proposal</name><bndbox><xmin>338</xmin><ymin>522</ymin><xmax>316</xmax><ymax>179</ymax></bndbox></object><object><name>proposal</name><bndbox><xmin>141</xmin><ymin>264</ymin><xmax>659</xmax><ymax>496</ymax></bndbox></object><object><name>proposal</name><bndbox><xmin>194</xmin><ymin>379</ymin><xmax>275</xmax><ymax>125</ymax></bndbox></object><object><name>proposal</name><bndbox><xmin>272</xmin><ymin>198</ymin><xmax>528</xmax><ymax>550</ymax></bndbox></object><object><name>proposal</name><bndbox><xmin>286</xmin><ymin>514</ymin><xmax>234</xmax><ymax>241</ymax></bndbox></object><object><name>proposal</name><bndbox><xmin>299</xmin><ymin>383</ymin><xmax>177</xmax><ymax>115</ymax></bndbox></object><object><name>proposal</name><bndbox><xmin>318</xmin><ymin>192</ymin><xmax>117</xmax><ymax>65</ymax></bndbox></object><object><name>proposal</name><bndbox><xmin>444</xmin><ymin>640</ymin><xmax>242</xmax><ymax>123</ymax></bndbox></object><object><name>proposal</name><bndbox><xmin>127</xmin><ymin>513</ymin><xmax>392</xmax><ymax>287</ymax></bndbox></object><object><name>proposal</name><bndbox><xmin>142</xmin><ymin>382</ymin><xmax>560</xmax><ymax>367</ymax></bndbox></object><object><name>proposal</name><bndbox><xmin>57</xmin><ymin>0</ymin><xmax>743</xmax><ymax>800</ymax></bndbox></object><object><name>proposal</name><bndbox><xmin>190</xmin><ymin>273</ymin><xmax>118</xmax><ymax>47</ymax></bndbox></object><object><name>proposal</name><bndbox><xmin>127</xmin><ymin>526</ymin><xmax>162</xmax><ymax>250</ymax></bndbox></object><object><name>proposal</name><bndbox><xmin>275</xmin><ymin>665</ymin><xmax>383</xmax><ymax>135</ymax></bndbox></object><object><name>proposal</name><bndbox><xmin>453</xmin><ymin>589</ymin><xmax>233</xmax><ymax>174</ymax></bndbox></object><object><name>proposal</name><bndbox><xmin>424</xmin><ymin>178</ymin><xmax>376</xmax><ymax>557</ymax></bndbox></object><object><name>proposal</name><bndbox><xmin>236</xmin><ymin>305</ymin><xmax>98</xmax><ymax>30</ymax></bndbox></object><object><name>proposal</name><bndbox><xmin>195</xmin><ymin>382</ymin><xmax>367</xmax><ymax>130</ymax></bndbox></object><object><name>proposal</name><bndbox><xmin>194</xmin><ymin>383</ymin><xmax>486</xmax><ymax>250</ymax></bndbox></object><object><name>proposal</name><bndbox><xmin>275</xmin><ymin>640</ymin><xmax>302</xmax><ymax>160</ymax></bndbox></object><object><name>proposal</name><bndbox><xmin>324</xmin><ymin>205</ymin><xmax>112</xmax><ymax>34</ymax></bndbox></object><object><name>proposal</name><bndbox><xmin>224</xmin><ymin>294</ymin><xmax>170</xmax><ymax>58</ymax></bndbox></object><object><name>proposal</name><bndbox><xmin>447</xmin><ymin>529</ymin><xmax>251</xmax><ymax>172</ymax></bndbox></object><object><name>proposal</name><bndbox><xmin>63</xmin><ymin>513</ymin><xmax>397</xmax><ymax>287</ymax></bndbox></object><object><name>proposal</name><bndbox><xmin>137</xmin><ymin>514</ymin><xmax>569</xmax><ymax>249</ymax></bndbox></object><object><name>proposal</name><bndbox><xmin>293</xmin><ymin>383</ymin><xmax>82</xmax><ymax>121</ymax></bndbox></object><object><name>proposal</name><bndbox><xmin>242</xmin><ymin>307</ymin><xmax>95</xmax><ymax>32</ymax></bndbox></object><object><name>proposal</name><bndbox><xmin>432</xmin><ymin>556</ymin><xmax>158</xmax><ymax>213</ymax></bndbox></object><object><name>proposal</name><bndbox><xmin>251</xmin><ymin>305</ymin><xmax>143</xmax><ymax>34</ymax></bndbox></object><object><name>proposal</name><bndbox><xmin>303</xmin><ymin>520</ymin><xmax>355</xmax><ymax>181</ymax></bndbox></object><object><name>proposal</name><bndbox><xmin>416</xmin><ymin>394</ymin><xmax>146</xmax><ymax>164</ymax></bndbox></object><object><name>proposal</name><bndbox><xmin>419</xmin><ymin>455</ymin><xmax>235</xmax><ymax>224</ymax></bndbox></object><object><name>proposal</name><bndbox><xmin>428</xmin><ymin>563</ymin><xmax>258</xmax><ymax>206</ymax></bndbox></object><object><name>proposal</name><bndbox><xmin>127</xmin><ymin>513</ymin><xmax>210</xmax><ymax>268</ymax></bndbox></object><object><name>proposal</name><bndbox><xmin>515</xmin><ymin>572</ymin><xmax>183</xmax><ymax>192</ymax></bndbox></object><object><name>proposal</name><bndbox><xmin>318</xmin><ymin>209</ymin><xmax>117</xmax><ymax>34</ymax></bndbox></object><object><name>proposal</name><bndbox><xmin>335</xmin><ymin>213</ymin><xmax>75</xmax><ymax>46</ymax></bndbox></object><object><name>proposal</name><bndbox><xmin>336</xmin><ymin>395</ymin><xmax>370</xmax><ymax>359</ymax></bndbox></object><object><name>proposal</name><bndbox><xmin>334</xmin><ymin>197</ymin><xmax>93</xmax><ymax>44</ymax></bndbox></object><object><name>proposal</name><bndbox><xmin>550</xmin><ymin>556</ymin><xmax>155</xmax><ymax>195</ymax></bndbox></object><object><name>proposal</name><bndbox><xmin>0</xmin><ymin>374</ymin><xmax>480</xmax><ymax>426</ymax></bndbox></object><object><name>proposal</name><bndbox><xmin>138</xmin><ymin>354</ymin><xmax>662</xmax><ymax>446</ymax></bndbox></object><object><name>proposal</name><bndbox><xmin>155</xmin><ymin>475</ymin><xmax>551</xmax><ymax>325</ymax></bndbox></object><object><name>proposal</name><bndbox><xmin>194</xmin><ymin>422</ymin><xmax>148</xmax><ymax>76</ymax></bndbox></object><object><name>proposal</name><bndbox><xmin>373</xmin><ymin>514</ymin><xmax>333</xmax><ymax>228</ymax></bndbox></object><object><name>proposal</name><bndbox><xmin>63</xmin><ymin>513</ymin><xmax>622</xmax><ymax>287</ymax></bndbox></object><object><name>proposal</name><bndbox><xmin>204</xmin><ymin>384</ymin><xmax>353</xmax><ymax>120</ymax></bndbox></object><object><name>proposal</name><bndbox><xmin>25</xmin><ymin>286</ymin><xmax>401</xmax><ymax>245</ymax></bndbox></object><object><name>proposal</name><bndbox><xmin>144</xmin><ymin>512</ymin><xmax>230</xmax><ymax>197</ymax></bndbox></object><object><name>proposal</name><bndbox><xmin>200</xmin><ymin>512</ymin><xmax>248</xmax><ymax>229</ymax></bndbox></object><object><name>proposal</name><bndbox><xmin>323</xmin><ymin>205</ymin><xmax>113</xmax><ymax>54</ymax></bndbox></object><object><name>proposal</name><bndbox><xmin>141</xmin><ymin>512</ymin><xmax>212</xmax><ymax>202</ymax></bndbox></object><object><name>proposal</name><bndbox><xmin>428</xmin><ymin>563</ymin><xmax>258</xmax><ymax>201</ymax></bndbox></object><object><name>proposal</name><bndbox><xmin>138</xmin><ymin>519</ymin><xmax>560</xmax><ymax>250</ymax></bndbox></object><object><name>proposal</name><bndbox><xmin>199</xmin><ymin>389</ymin><xmax>172</xmax><ymax>115</ymax></bndbox></object><object><name>proposal</name><bndbox><xmin>138</xmin><ymin>349</ymin><xmax>565</xmax><ymax>415</ymax></bndbox></object><object><name>proposal</name><bndbox><xmin>257</xmin><ymin>383</ymin><xmax>114</xmax><ymax>113</ymax></bndbox></object><object><name>proposal</name><bndbox><xmin>227</xmin><ymin>514</ymin><xmax>479</xmax><ymax>286</ymax></bndbox></object><object><name>proposal</name><bndbox><xmin>0</xmin><ymin>509</ymin><xmax>519</xmax><ymax>291</ymax></bndbox></object><object><name>proposal</name><bndbox><xmin>399</xmin><ymin>395</ymin><xmax>163</xmax><ymax>133</ymax></bndbox></object><object><name>proposal</name><bndbox><xmin>419</xmin><ymin>225</ymin><xmax>381</xmax><ymax>575</ymax></bndbox></object><object><name>proposal</name><bndbox><xmin>194</xmin><ymin>381</ymin><xmax>512</xmax><ymax>353</ymax></bndbox></object><object><name>proposal</name><bndbox><xmin>432</xmin><ymin>529</ymin><xmax>222</xmax><ymax>151</ymax></bndbox></object><object><name>proposal</name><bndbox><xmin>428</xmin><ymin>563</ymin><xmax>151</xmax><ymax>197</ymax></bndbox></object><object><name>proposal</name><bndbox><xmin>214</xmin><ymin>623</ymin><xmax>391</xmax><ymax>177</ymax></bndbox></object><object><name>proposal</name><bndbox><xmin>290</xmin><ymin>520</ymin><xmax>417</xmax><ymax>244</ymax></bndbox></object><object><name>proposal</name><bndbox><xmin>362</xmin><ymin>382</ymin><xmax>107</xmax><ymax>110</ymax></bndbox></object><object><name>proposal</name><bndbox><xmin>243</xmin><ymin>413</ymin><xmax>383</xmax><ymax>150</ymax></bndbox></object><object><name>proposal</name><bndbox><xmin>142</xmin><ymin>382</ymin><xmax>560</xmax><ymax>379</ymax></bndbox></object><object><name>proposal</name><bndbox><xmin>415</xmin><ymin>383</ymin><xmax>135</xmax><ymax>103</ymax></bndbox></object><object><name>proposal</name><bndbox><xmin>138</xmin><ymin>523</ymin><xmax>200</xmax><ymax>192</ymax></bndbox></object><object><name>proposal</name><bndbox><xmin>154</xmin><ymin>512</ymin><xmax>220</xmax><ymax>206</ymax></bndbox></object><object><name>proposal</name><bndbox><xmin>275</xmin><ymin>581</ymin><xmax>525</xmax><ymax>219</ymax></bndbox></object><object><name>proposal</name><bndbox><xmin>144</xmin><ymin>379</ymin><xmax>558</xmax><ymax>382</ymax></bndbox></object><object><name>proposal</name><bndbox><xmin>334</xmin><ymin>196</ymin><xmax>77</xmax><ymax>34</ymax></bndbox></object><object><name>proposal</name><bndbox><xmin>516</xmin><ymin>545</ymin><xmax>149</xmax><ymax>255</ymax></bndbox></object><object><name>proposal</name><bndbox><xmin>362</xmin><ymin>419</ymin><xmax>114</xmax><ymax>79</ymax></bndbox></object><object><name>proposal</name><bndbox><xmin>427</xmin><ymin>529</ymin><xmax>251</xmax><ymax>135</ymax></bndbox></object><object><name>proposal</name><bndbox><xmin>155</xmin><ymin>506</ymin><xmax>247</xmax><ymax>218</ymax></bndbox></object><object><name>proposal</name><bndbox><xmin>194</xmin><ymin>379</ymin><xmax>320</xmax><ymax>162</ymax></bndbox></object><object><name>proposal</name><bndbox><xmin>290</xmin><ymin>520</ymin><xmax>364</xmax><ymax>244</ymax></bndbox></object><object><name>proposal</name><bndbox><xmin>144</xmin><ymin>498</ymin><xmax>562</xmax><ymax>263</ymax></bndbox></object><object><name>proposal</name><bndbox><xmin>155</xmin><ymin>544</ymin><xmax>267</xmax><ymax>184</ymax></bndbox></object><object><name>proposal</name><bndbox><xmin>194</xmin><ymin>383</ymin><xmax>363</xmax><ymax>162</ymax></bndbox></object><object><name>proposal</name><bndbox><xmin>206</xmin><ymin>385</ymin><xmax>349</xmax><ymax>113</ymax></bndbox></object><object><name>proposal</name><bndbox><xmin>243</xmin><ymin>386</ymin><xmax>245</xmax><ymax>118</ymax></bndbox></object><object><name>proposal</name><bndbox><xmin>424</xmin><ymin>392</ymin><xmax>125</xmax><ymax>94</ymax></bndbox></object><object><name>proposal</name><bndbox><xmin>290</xmin><ymin>520</ymin><xmax>226</xmax><ymax>235</ymax></bndbox></object><object><name>proposal</name><bndbox><xmin>222</xmin><ymin>294</ymin><xmax>152</xmax><ymax>26</ymax></bndbox></object><object><name>proposal</name><bndbox><xmin>334</xmin><ymin>197</ymin><xmax>75</xmax><ymax>36</ymax></bndbox></object><object><name>proposal</name><bndbox><xmin>88</xmin><ymin>0</ymin><xmax>712</xmax><ymax>800</ymax></bndbox></object><object><name>proposal</name><bndbox><xmin>212</xmin><ymin>518</ymin><xmax>204</xmax><ymax>214</ymax></bndbox></object><object><name>proposal</name><bndbox><xmin>138</xmin><ymin>383</ymin><xmax>569</xmax><ymax>381</ymax></bndbox></object><object><name>proposal</name><bndbox><xmin>127</xmin><ymin>515</ymin><xmax>564</xmax><ymax>266</ymax></bndbox></object><object><name>proposal</name><bndbox><xmin>292</xmin><ymin>299</ymin><xmax>102</xmax><ymax>38</ymax></bndbox></object><object><name>proposal</name><bndbox><xmin>399</xmin><ymin>388</ymin><xmax>163</xmax><ymax>140</ymax></bndbox></object><object><name>proposal</name><bndbox><xmin>227</xmin><ymin>597</ymin><xmax>357</xmax><ymax>203</ymax></bndbox></object><object><name>proposal</name><bndbox><xmin>0</xmin><ymin>203</ymin><xmax>435</xmax><ymax>597</ymax></bndbox></object><object><name>proposal</name><bndbox><xmin>194</xmin><ymin>379</ymin><xmax>368</xmax><ymax>125</ymax></bndbox></object><object><name>proposal</name><bndbox><xmin>481</xmin><ymin>514</ymin><xmax>169</xmax><ymax>169</ymax></bndbox></object><object><name>proposal</name><bndbox><xmin>243</xmin><ymin>384</ymin><xmax>245</xmax><ymax>156</ymax></bndbox></object><object><name>proposal</name><bndbox><xmin>257</xmin><ymin>308</ymin><xmax>80</xmax><ymax>44</ymax></bndbox></object><object><name>proposal</name><bndbox><xmin>195</xmin><ymin>383</ymin><xmax>175</xmax><ymax>121</ymax></bndbox></object><object><name>proposal</name><bndbox><xmin>301</xmin><ymin>519</ymin><xmax>221</xmax><ymax>173</ymax></bndbox></object><object><name>proposal</name><bndbox><xmin>194</xmin><ymin>383</ymin><xmax>363</xmax><ymax>121</ymax></bndbox></object><object><name>proposal</name><bndbox><xmin>207</xmin><ymin>298</ymin><xmax>159</xmax><ymax>40</ymax></bndbox></object><object><name>proposal</name><bndbox><xmin>194</xmin><ymin>378</ymin><xmax>182</xmax><ymax>117</ymax></bndbox></object><object><name>proposal</name><bndbox><xmin>144</xmin><ymin>514</ymin><xmax>230</xmax><ymax>194</ymax></bndbox></object><object><name>proposal</name><bndbox><xmin>518</xmin><ymin>536</ymin><xmax>188</xmax><ymax>264</ymax></bndbox></object><object><name>proposal</name><bndbox><xmin>195</xmin><ymin>382</ymin><xmax>274</xmax><ymax>110</ymax></bndbox></object><object><name>proposal</name><bndbox><xmin>179</xmin><ymin>295</ymin><xmax>209</xmax><ymax>42</ymax></bndbox></object><object><name>proposal</name><bndbox><xmin>554</xmin><ymin>549</ymin><xmax>144</xmax><ymax>215</ymax></bndbox></object><object><name>proposal</name><bndbox><xmin>193</xmin><ymin>297</ymin><xmax>155</xmax><ymax>42</ymax></bndbox></object><object><name>proposal</name><bndbox><xmin>138</xmin><ymin>514</ymin><xmax>569</xmax><ymax>255</ymax></bndbox></object><object><name>proposal</name><bndbox><xmin>243</xmin><ymin>413</ymin><xmax>390</xmax><ymax>150</ymax></bndbox></object><object><name>proposal</name><bndbox><xmin>214</xmin><ymin>662</ymin><xmax>451</xmax><ymax>138</ymax></bndbox></object><object><name>proposal</name><bndbox><xmin>190</xmin><ymin>273</ymin><xmax>219</xmax><ymax>73</ymax></bndbox></object><object><name>proposal</name><bndbox><xmin>258</xmin><ymin>211</ymin><xmax>284</xmax><ymax>232</ymax></bndbox></object><object><name>proposal</name><bndbox><xmin>243</xmin><ymin>455</ymin><xmax>372</xmax><ymax>91</ymax></bndbox></object><object><name>proposal</name><bndbox><xmin>437</xmin><ymin>523</ymin><xmax>270</xmax><ymax>241</ymax></bndbox></object><object><name>proposal</name><bndbox><xmin>423</xmin><ymin>393</ymin><xmax>139</xmax><ymax>98</ymax></bndbox></object><object><name>proposal</name><bndbox><xmin>274</xmin><ymin>603</ymin><xmax>480</xmax><ymax>197</ymax></bndbox></object><object><name>proposal</name><bndbox><xmin>363</xmin><ymin>383</ymin><xmax>199</xmax><ymax>126</ymax></bndbox></object><object><name>proposal</name><bndbox><xmin>214</xmin><ymin>295</ymin><xmax>174</xmax><ymax>42</ymax></bndbox></object><object><name>proposal</name><bndbox><xmin>206</xmin><ymin>385</ymin><xmax>349</xmax><ymax>119</ymax></bndbox></object><object><name>proposal</name><bndbox><xmin>424</xmin><ymin>377</ymin><xmax>261</xmax><ymax>387</ymax></bndbox></object><object><name>proposal</name><bndbox><xmin>155</xmin><ymin>523</ymin><xmax>183</xmax><ymax>192</ymax></bndbox></object><object><name>proposal</name><bndbox><xmin>301</xmin><ymin>519</ymin><xmax>221</xmax><ymax>172</ymax></bndbox></object><object><name>proposal</name><bndbox><xmin>144</xmin><ymin>512</ymin><xmax>230</xmax><ymax>195</ymax></bndbox></object><object><name>proposal</name><bndbox><xmin>142</xmin><ymin>511</ymin><xmax>305</xmax><ymax>226</ymax></bndbox></object><object><name>proposal</name><bndbox><xmin>194</xmin><ymin>378</ymin><xmax>234</xmax><ymax>181</ymax></bndbox></object><object><name>proposal</name><bndbox><xmin>425</xmin><ymin>533</ymin><xmax>260</xmax><ymax>231</ymax></bndbox></object><object><name>proposal</name><bndbox><xmin>400</xmin><ymin>377</ymin><xmax>230</xmax><ymax>162</ymax></bndbox></object><object><name>proposal</name><bndbox><xmin>207</xmin><ymin>377</ymin><xmax>362</xmax><ymax>156</ymax></bndbox></object><object><name>proposal</name><bndbox><xmin>138</xmin><ymin>344</ymin><xmax>662</xmax><ymax>456</ymax></bndbox></object><object><name>proposal</name><bndbox><xmin>528</xmin><ymin>514</ymin><xmax>178</xmax><ymax>249</ymax></bndbox></object><object><name>proposal</name><bndbox><xmin>347</xmin><ymin>192</ymin><xmax>58</xmax><ymax>27</ymax></bndbox></object><object><name>proposal</name><bndbox><xmin>243</xmin><ymin>392</ymin><xmax>124</xmax><ymax>112</ymax></bndbox></object><object><name>proposal</name><bndbox><xmin>217</xmin><ymin>596</ymin><xmax>363</xmax><ymax>204</ymax></bndbox></object><object><name>proposal</name><bndbox><xmin>272</xmin><ymin>377</ymin><xmax>195</xmax><ymax>107</ymax></bndbox></object><object><name>proposal</name><bndbox><xmin>243</xmin><ymin>381</ymin><xmax>197</xmax><ymax>161</ymax></bndbox></object><object><name>proposal</name><bndbox><xmin>339</xmin><ymin>384</ymin><xmax>254</xmax><ymax>375</ymax></bndbox></object><object><name>proposal</name><bndbox><xmin>210</xmin><ymin>377</ymin><xmax>238</xmax><ymax>125</ymax></bndbox></object><object><name>proposal</name><bndbox><xmin>214</xmin><ymin>624</ymin><xmax>451</xmax><ymax>176</ymax></bndbox></object><object><name>proposal</name><bndbox><xmin>215</xmin><ymin>512</ymin><xmax>301</xmax><ymax>278</ymax></bndbox></object><object><name>proposal</name><bndbox><xmin>63</xmin><ymin>513</ymin><xmax>339</xmax><ymax>287</ymax></bndbox></object><object><name>proposal</name><bndbox><xmin>425</xmin><ymin>519</ymin><xmax>163</xmax><ymax>251</ymax></bndbox></object><object><name>proposal</name><bndbox><xmin>57</xmin><ymin>327</ymin><xmax>373</xmax><ymax>213</ymax></bndbox></object><object><name>proposal</name><bndbox><xmin>417</xmin><ymin>555</ymin><xmax>162</xmax><ymax>205</ymax></bndbox></object><object><name>proposal</name><bndbox><xmin>335</xmin><ymin>195</ymin><xmax>101</xmax><ymax>64</ymax></bndbox></object><object><name>proposal</name><bndbox><xmin>0</xmin><ymin>261</ymin><xmax>800</xmax><ymax>539</ymax></bndbox></object><object><name>proposal</name><bndbox><xmin>33</xmin><ymin>405</ymin><xmax>420</xmax><ymax>395</ymax></bndbox></object><object><name>proposal</name><bndbox><xmin>227</xmin><ymin>597</ymin><xmax>388</xmax><ymax>203</ymax></bndbox></object><object><name>proposal</name><bndbox><xmin>179</xmin><ymin>295</ymin><xmax>209</xmax><ymax>44</ymax></bndbox></object><object><name>proposal</name><bndbox><xmin>272</xmin><ymin>378</ymin><xmax>130</xmax><ymax>106</ymax></bndbox></object><object><name>proposal</name><bndbox><xmin>194</xmin><ymin>381</ymin><xmax>368</xmax><ymax>123</ymax></bndbox></object><object><name>proposal</name><bndbox><xmin>141</xmin><ymin>512</ymin><xmax>193</xmax><ymax>202</ymax></bndbox></object><object><name>proposal</name><bndbox><xmin>207</xmin><ymin>295</ymin><xmax>187</xmax><ymax>44</ymax></bndbox></object><object><name>proposal</name><bndbox><xmin>242</xmin><ymin>299</ymin><xmax>152</xmax><ymax>47</ymax></bndbox></object><object><name>proposal</name><bndbox><xmin>213</xmin><ymin>519</ymin><xmax>493</xmax><ymax>281</ymax></bndbox></object><object><name>proposal</name><bndbox><xmin>206</xmin><ymin>379</ymin><xmax>270</xmax><ymax>125</ymax></bndbox></object><object><name>proposal</name><bndbox><xmin>295</xmin><ymin>329</ymin><xmax>505</xmax><ymax>283</ymax></bndbox></object><object><name>proposal</name><bndbox><xmin>138</xmin><ymin>520</ymin><xmax>378</xmax><ymax>235</ymax></bndbox></object><object><name>proposal</name><bndbox><xmin>399</xmin><ymin>391</ymin><xmax>163</xmax><ymax>142</ymax></bndbox></object><object><name>proposal</name><bndbox><xmin>194</xmin><ymin>379</ymin><xmax>368</xmax><ymax>162</ymax></bndbox></object><object><name>proposal</name><bndbox><xmin>215</xmin><ymin>559</ymin><xmax>208</xmax><ymax>170</ymax></bndbox></object><object><name>proposal</name><bndbox><xmin>199</xmin><ymin>383</ymin><xmax>351</xmax><ymax>158</ymax></bndbox></object><object><name>proposal</name><bndbox><xmin>216</xmin><ymin>514</ymin><xmax>489</xmax><ymax>286</ymax></bndbox></object><object><name>proposal</name><bndbox><xmin>180</xmin><ymin>322</ymin><xmax>231</xmax><ymax>221</ymax></bndbox></object><object><name>proposal</name><bndbox><xmin>481</xmin><ymin>512</ymin><xmax>214</xmax><ymax>221</ymax></bndbox></object><object><name>proposal</name><bndbox><xmin>290</xmin><ymin>528</ymin><xmax>207</xmax><ymax>214</ymax></bndbox></object><object><name>proposal</name><bndbox><xmin>251</xmin><ymin>305</ymin><xmax>137</xmax><ymax>32</ymax></bndbox></object><object><name>proposal</name><bndbox><xmin>257</xmin><ymin>299</ymin><xmax>137</xmax><ymax>53</ymax></bndbox></object><object><name>proposal</name><bndbox><xmin>195</xmin><ymin>382</ymin><xmax>367</xmax><ymax>122</ymax></bndbox></object><object><name>proposal</name><bndbox><xmin>49</xmin><ymin>405</ymin><xmax>404</xmax><ymax>360</ymax></bndbox></object><object><name>proposal</name><bndbox><xmin>217</xmin><ymin>413</ymin><xmax>210</xmax><ymax>86</ymax></bndbox></object><object><name>proposal</name><bndbox><xmin>180</xmin><ymin>383</ymin><xmax>293</xmax><ymax>157</ymax></bndbox></object><object><name>proposal</name><bndbox><xmin>374</xmin><ymin>589</ymin><xmax>216</xmax><ymax>172</ymax></bndbox></object><object><name>proposal</name><bndbox><xmin>138</xmin><ymin>383</ymin><xmax>560</xmax><ymax>381</ymax></bndbox></object><object><name>proposal</name><bndbox><xmin>243</xmin><ymin>384</ymin><xmax>302</xmax><ymax>156</ymax></bndbox></object><object><name>proposal</name><bndbox><xmin>426</xmin><ymin>533</ymin><xmax>191</xmax><ymax>187</ymax></bndbox></object><object><name>proposal</name><bndbox><xmin>391</xmin><ymin>377</ymin><xmax>239</xmax><ymax>182</ymax></bndbox></object><object><name>proposal</name><bndbox><xmin>400</xmin><ymin>377</ymin><xmax>230</xmax><ymax>268</ymax></bndbox></object><object><name>proposal</name><bndbox><xmin>424</xmin><ymin>300</ymin><xmax>376</xmax><ymax>464</ymax></bndbox></object><object><name>proposal</name><bndbox><xmin>303</xmin><ymin>520</ymin><xmax>395</xmax><ymax>211</ymax></bndbox></object><object><name>proposal</name><bndbox><xmin>155</xmin><ymin>475</ymin><xmax>315</xmax><ymax>262</ymax></bndbox></object><object><name>proposal</name><bndbox><xmin>303</xmin><ymin>514</ymin><xmax>387</xmax><ymax>250</ymax></bndbox></object><object><name>proposal</name><bndbox><xmin>194</xmin><ymin>382</ymin><xmax>294</xmax><ymax>116</ymax></bndbox></object><object><name>proposal</name><bndbox><xmin>202</xmin><ymin>297</ymin><xmax>114</xmax><ymax>49</ymax></bndbox></object><object><name>proposal</name><bndbox><xmin>217</xmin><ymin>403</ymin><xmax>211</xmax><ymax>97</ymax></bndbox></object><object><name>proposal</name><bndbox><xmin>138</xmin><ymin>523</ymin><xmax>189</xmax><ymax>192</ymax></bndbox></object><object><name>proposal</name><bndbox><xmin>425</xmin><ymin>519</ymin><xmax>177</xmax><ymax>251</ymax></bndbox></object><object><name>proposal</name><bndbox><xmin>447</xmin><ymin>514</ymin><xmax>207</xmax><ymax>196</ymax></bndbox></object><object><name>proposal</name><bndbox><xmin>235</xmin><ymin>303</ymin><xmax>124</xmax><ymax>17</ymax></bndbox></object><object><name>proposal</name><bndbox><xmin>267</xmin><ymin>295</ymin><xmax>114</xmax><ymax>51</ymax></bndbox></object><object><name>proposal</name><bndbox><xmin>363</xmin><ymin>390</ymin><xmax>187</xmax><ymax>101</ymax></bndbox></object><object><name>proposal</name><bndbox><xmin>484</xmin><ymin>514</ymin><xmax>221</xmax><ymax>286</ymax></bndbox></object><object><name>proposal</name><bndbox><xmin>222</xmin><ymin>295</ymin><xmax>187</xmax><ymax>51</ymax></bndbox></object><object><name>proposal</name><bndbox><xmin>297</xmin><ymin>295</ymin><xmax>112</xmax><ymax>46</ymax></bndbox></object><object><name>proposal</name><bndbox><xmin>199</xmin><ymin>389</ymin><xmax>351</xmax><ymax>115</ymax></bndbox></object><object><name>proposal</name><bndbox><xmin>275</xmin><ymin>639</ymin><xmax>383</xmax><ymax>161</ymax></bndbox></object><object><name>proposal</name><bndbox><xmin>454</xmin><ymin>595</ymin><xmax>195</xmax><ymax>169</ymax></bndbox></object><object><name>proposal</name><bndbox><xmin>400</xmin><ymin>340</ymin><xmax>400</xmax><ymax>460</ymax></bndbox></object><object><name>proposal</name><bndbox><xmin>138</xmin><ymin>524</ymin><xmax>179</xmax><ymax>190</ymax></bndbox></object><object><name>proposal</name><bndbox><xmin>264</xmin><ymin>307</ymin><xmax>70</xmax><ymax>29</ymax></bndbox></object><object><name>proposal</name><bndbox><xmin>57</xmin><ymin>327</ymin><xmax>373</xmax><ymax>232</ymax></bndbox></object><object><name>proposal</name><bndbox><xmin>138</xmin><ymin>211</ymin><xmax>662</xmax><ymax>589</ymax></bndbox></object><object><name>proposal</name><bndbox><xmin>309</xmin><ymin>195</ymin><xmax>127</xmax><ymax>64</ymax></bndbox></object><object><name>proposal</name><bndbox><xmin>155</xmin><ymin>520</ymin><xmax>230</xmax><ymax>204</ymax></bndbox></object><object><name>proposal</name><bndbox><xmin>200</xmin><ymin>512</ymin><xmax>247</xmax><ymax>188</ymax></bndbox></object><object><name>proposal</name><bndbox><xmin>137</xmin><ymin>520</ymin><xmax>216</xmax><ymax>216</ymax></bndbox></object><object><name>proposal</name><bndbox><xmin>0</xmin><ymin>204</ymin><xmax>800</xmax><ymax>596</ymax></bndbox></object><object><name>proposal</name><bndbox><xmin>419</xmin><ymin>433</ymin><xmax>136</xmax><ymax>81</ymax></bndbox></object><object><name>proposal</name><bndbox><xmin>142</xmin><ymin>382</ymin><xmax>564</xmax><ymax>379</ymax></bndbox></object><object><name>proposal</name><bndbox><xmin>466</xmin><ymin>555</ymin><xmax>162</xmax><ymax>208</ymax></bndbox></object><object><name>proposal</name><bndbox><xmin>203</xmin><ymin>305</ymin><xmax>191</xmax><ymax>34</ymax></bndbox></object><object><name>proposal</name><bndbox><xmin>0</xmin><ymin>197</ymin><xmax>800</xmax><ymax>603</ymax></bndbox></object><object><name>proposal</name><bndbox><xmin>362</xmin><ymin>419</ymin><xmax>114</xmax><ymax>78</ymax></bndbox></object><object><name>proposal</name><bndbox><xmin>138</xmin><ymin>382</ymin><xmax>560</xmax><ymax>387</ymax></bndbox></object><object><name>proposal</name><bndbox><xmin>199</xmin><ymin>389</ymin><xmax>351</xmax><ymax>152</ymax></bndbox></object><object><name>proposal</name><bndbox><xmin>301</xmin><ymin>519</ymin><xmax>405</xmax><ymax>229</ymax></bndbox></object><object><name>proposal</name><bndbox><xmin>403</xmin><ymin>387</ymin><xmax>147</xmax><ymax>104</ymax></bndbox></object><object><name>proposal</name><bndbox><xmin>252</xmin><ymin>383</ymin><xmax>118</xmax><ymax>107</ymax></bndbox></object><object><name>proposal</name><bndbox><xmin>194</xmin><ymin>377</ymin><xmax>324</xmax><ymax>125</ymax></bndbox></object><object><name>proposal</name><bndbox><xmin>153</xmin><ymin>513</ymin><xmax>300</xmax><ymax>191</ymax></bndbox></object><object><name>proposal</name><bndbox><xmin>0</xmin><ymin>0</ymin><xmax>537</xmax><ymax>800</ymax></bndbox></object><object><name>proposal</name><bndbox><xmin>198</xmin><ymin>388</ymin><xmax>407</xmax><ymax>382</ymax></bndbox></object><object><name>proposal</name><bndbox><xmin>285</xmin><ymin>448</ymin><xmax>277</xmax><ymax>93</ymax></bndbox></object><object><name>proposal</name><bndbox><xmin>198</xmin><ymin>413</ymin><xmax>224</xmax><ymax>79</ymax></bndbox></object><object><name>proposal</name><bndbox><xmin>447</xmin><ymin>529</ymin><xmax>207</xmax><ymax>172</ymax></bndbox></object><object><name>proposal</name><bndbox><xmin>202</xmin><ymin>307</ymin><xmax>135</xmax><ymax>32</ymax></bndbox></object><object><name>proposal</name><bndbox><xmin>142</xmin><ymin>381</ymin><xmax>564</xmax><ymax>379</ymax></bndbox></object><object><name>proposal</name><bndbox><xmin>549</xmin><ymin>536</ymin><xmax>146</xmax><ymax>218</ymax></bndbox></object><object><name>proposal</name><bndbox><xmin>336</xmin><ymin>395</ymin><xmax>215</xmax><ymax>133</ymax></bndbox></object><object><name>proposal</name><bndbox><xmin>437</xmin><ymin>529</ymin><xmax>217</xmax><ymax>151</ymax></bndbox></object><object><name>proposal</name><bndbox><xmin>328</xmin><ymin>515</ymin><xmax>370</xmax><ymax>210</ymax></bndbox></object><object><name>proposal</name><bndbox><xmin>198</xmin><ymin>413</ymin><xmax>229</xmax><ymax>86</ymax></bndbox></object><object><name>proposal</name><bndbox><xmin>324</xmin><ymin>209</ymin><xmax>87</xmax><ymax>33</ymax></bndbox></object><object><name>proposal</name><bndbox><xmin>301</xmin><ymin>519</ymin><xmax>401</xmax><ymax>242</ymax></bndbox></object><object><name>proposal</name><bndbox><xmin>287</xmin><ymin>298</ymin><xmax>107</xmax><ymax>39</ymax></bndbox></object><object><name>proposal</name><bndbox><xmin>194</xmin><ymin>378</ymin><xmax>208</xmax><ymax>124</ymax></bndbox></object><object><name>proposal</name><bndbox><xmin>309</xmin><ymin>192</ymin><xmax>126</xmax><ymax>65</ymax></bndbox></object><object><name>proposal</name><bndbox><xmin>144</xmin><ymin>512</ymin><xmax>187</xmax><ymax>216</ymax></bndbox></object><object><name>proposal</name><bndbox><xmin>447</xmin><ymin>529</ymin><xmax>207</xmax><ymax>151</ymax></bndbox></object><object><name>proposal</name><bndbox><xmin>303</xmin><ymin>515</ymin><xmax>276</xmax><ymax>216</ymax></bndbox></object><object><name>proposal</name><bndbox><xmin>194</xmin><ymin>383</ymin><xmax>460</xmax><ymax>310</ymax></bndbox></object><object><name>proposal</name><bndbox><xmin>303</xmin><ymin>520</ymin><xmax>395</xmax><ymax>181</ymax></bndbox></object><object><name>proposal</name><bndbox><xmin>242</xmin><ymin>307</ymin><xmax>74</xmax><ymax>39</ymax></bndbox></object><object><name>proposal</name><bndbox><xmin>449</xmin><ymin>529</ymin><xmax>249</xmax><ymax>196</ymax></bndbox></object><object><name>proposal</name><bndbox><xmin>243</xmin><ymin>386</ymin><xmax>245</xmax><ymax>154</ymax></bndbox></object><object><name>proposal</name><bndbox><xmin>373</xmin><ymin>215</ymin><xmax>63</xmax><ymax>28</ymax></bndbox></object><object><name>proposal</name><bndbox><xmin>198</xmin><ymin>388</ymin><xmax>406</xmax><ymax>412</ymax></bndbox></object><object><name>proposal</name><bndbox><xmin>416</xmin><ymin>395</ymin><xmax>135</xmax><ymax>117</ymax></bndbox></object><object><name>proposal</name><bndbox><xmin>137</xmin><ymin>520</ymin><xmax>190</xmax><ymax>195</ymax></bndbox></object><object><name>proposal</name><bndbox><xmin>324</xmin><ymin>210</ymin><xmax>80</xmax><ymax>17</ymax></bndbox></object><object><name>proposal</name><bndbox><xmin>373</xmin><ymin>514</ymin><xmax>312</xmax><ymax>261</ymax></bndbox></object><object><name>proposal</name><bndbox><xmin>424</xmin><ymin>377</ymin><xmax>251</xmax><ymax>198</ymax></bndbox></object><object><name>proposal</name><bndbox><xmin>420</xmin><ymin>603</ymin><xmax>266</xmax><ymax>161</ymax></bndbox></object><object><name>proposal</name><bndbox><xmin>376</xmin><ymin>515</ymin><xmax>309</xmax><ymax>249</ymax></bndbox></object><object><name>proposal</name><bndbox><xmin>271</xmin><ymin>418</ymin><xmax>155</xmax><ymax>113</ymax></bndbox></object><object><name>proposal</name><bndbox><xmin>303</xmin><ymin>520</ymin><xmax>403</xmax><ymax>243</ymax></bndbox></object><object><name>proposal</name><bndbox><xmin>142</xmin><ymin>511</ymin><xmax>564</xmax><ymax>289</ymax></bndbox></object><object><name>proposal</name><bndbox><xmin>415</xmin><ymin>393</ymin><xmax>147</xmax><ymax>98</ymax></bndbox></object><object><name>proposal</name><bndbox><xmin>144</xmin><ymin>512</ymin><xmax>558</xmax><ymax>249</ymax></bndbox></object><object><name>proposal</name><bndbox><xmin>301</xmin><ymin>519</ymin><xmax>406</xmax><ymax>250</ymax></bndbox></object><object><name>proposal</name><bndbox><xmin>0</xmin><ymin>196</ymin><xmax>564</xmax><ymax>335</ymax></bndbox></object><object><name>proposal</name><bndbox><xmin>258</xmin><ymin>196</ymin><xmax>464</xmax><ymax>331</ymax></bndbox></object><object><name>proposal</name><bndbox><xmin>215</xmin><ymin>640</ymin><xmax>362</xmax><ymax>160</ymax></bndbox></object><object><name>proposal</name><bndbox><xmin>217</xmin><ymin>403</ymin><xmax>211</xmax><ymax>89</ymax></bndbox></object><object><name>proposal</name><bndbox><xmin>264</xmin><ymin>651</ymin><xmax>296</xmax><ymax>108</ymax></bndbox></object><object><name>proposal</name><bndbox><xmin>194</xmin><ymin>297</ymin><xmax>606</xmax><ymax>337</ymax></bndbox></object><object><name>proposal</name><bndbox><xmin>217</xmin><ymin>640</ymin><xmax>363</xmax><ymax>160</ymax></bndbox></object><object><name>proposal</name><bndbox><xmin>403</xmin><ymin>387</ymin><xmax>159</xmax><ymax>104</ymax></bndbox></object><object><name>proposal</name><bndbox><xmin>206</xmin><ymin>379</ymin><xmax>263</xmax><ymax>118</ymax></bndbox></object><object><name>proposal</name><bndbox><xmin>447</xmin><ymin>530</ymin><xmax>251</xmax><ymax>167</ymax></bndbox></object><object><name>proposal</name><bndbox><xmin>242</xmin><ymin>307</ymin><xmax>95</xmax><ymax>39</ymax></bndbox></object><object><name>proposal</name><bndbox><xmin>141</xmin><ymin>264</ymin><xmax>659</xmax><ymax>500</ymax></bndbox></object><object><name>proposal</name><bndbox><xmin>389</xmin><ymin>382</ymin><xmax>180</xmax><ymax>109</ymax></bndbox></object><object><name>proposal</name><bndbox><xmin>554</xmin><ymin>549</ymin><xmax>173</xmax><ymax>215</ymax></bndbox></object><object><name>proposal</name><bndbox><xmin>0</xmin><ymin>235</ymin><xmax>800</xmax><ymax>565</ymax></bndbox></object><object><name>proposal</name><bndbox><xmin>243</xmin><ymin>381</ymin><xmax>271</xmax><ymax>111</ymax></bndbox></object><object><name>proposal</name><bndbox><xmin>212</xmin><ymin>523</ymin><xmax>495</xmax><ymax>246</ymax></bndbox></object><object><name>proposal</name><bndbox><xmin>303</xmin><ymin>515</ymin><xmax>177</xmax><ymax>178</ymax></bndbox></object><object><name>proposal</name><bndbox><xmin>0</xmin><ymin>508</ymin><xmax>800</xmax><ymax>292</ymax></bndbox></object><object><name>proposal</name><bndbox><xmin>0</xmin><ymin>462</ymin><xmax>605</xmax><ymax>338</ymax></bndbox></object><object><name>proposal</name><bndbox><xmin>194</xmin><ymin>382</ymin><xmax>375</xmax><ymax>116</ymax></bndbox></object><object><name>proposal</name><bndbox><xmin>198</xmin><ymin>388</ymin><xmax>507</xmax><ymax>382</ymax></bndbox></object><object><name>proposal</name><bndbox><xmin>180</xmin><ymin>383</ymin><xmax>300</xmax><ymax>326</ymax></bndbox></object><object><name>proposal</name><bndbox><xmin>207</xmin><ymin>302</ymin><xmax>186</xmax><ymax>37</ymax></bndbox></object><object><name>proposal</name><bndbox><xmin>481</xmin><ymin>514</ymin><xmax>204</xmax><ymax>261</ymax></bndbox></object><object><name>proposal</name><bndbox><xmin>254</xmin><ymin>306</ymin><xmax>94</xmax><ymax>31</ymax></bndbox></object><object><name>proposal</name><bndbox><xmin>346</xmin><ymin>195</ymin><xmax>45</xmax><ymax>25</ymax></bndbox></object><object><name>proposal</name><bndbox><xmin>374</xmin><ymin>603</ymin><xmax>227</xmax><ymax>158</ymax></bndbox></object><object><name>proposal</name><bndbox><xmin>194</xmin><ymin>383</ymin><xmax>282</xmax><ymax>115</ymax></bndbox></object><object><name>proposal</name><bndbox><xmin>301</xmin><ymin>519</ymin><xmax>221</xmax><ymax>192</ymax></bndbox></object><object><name>proposal</name><bndbox><xmin>186</xmin><ymin>257</ymin><xmax>201</xmax><ymax>102</ymax></bndbox></object></annotation>