<annotation><folder>Proposals</folder><filename>img-173.jpg</filename><size><width>720</width><height>720</height><depth>3</depth></size><object><name>proposal</name><bndbox><xmin>285</xmin><ymin>422</ymin><xmax>291</xmax><ymax>88</ymax></bndbox></object><object><name>proposal</name><bndbox><xmin>322</xmin><ymin>348</ymin><xmax>370</xmax><ymax>124</ymax></bndbox></object><object><name>proposal</name><bndbox><xmin>322</xmin><ymin>343</ymin><xmax>143</xmax><ymax>80</ymax></bndbox></object><object><name>proposal</name><bndbox><xmin>341</xmin><ymin>387</ymin><xmax>197</xmax><ymax>88</ymax></bndbox></object><object><name>proposal</name><bndbox><xmin>211</xmin><ymin>329</ymin><xmax>218</xmax><ymax>156</ymax></bndbox></object><object><name>proposal</name><bndbox><xmin>293</xmin><ymin>397</ymin><xmax>282</xmax><ymax>121</ymax></bndbox></object><object><name>proposal</name><bndbox><xmin>290</xmin><ymin>340</ymin><xmax>174</xmax><ymax>183</ymax></bndbox></object><object><name>proposal</name><bndbox><xmin>326</xmin><ymin>373</ymin><xmax>283</xmax><ymax>156</ymax></bndbox></object><object><name>proposal</name><bndbox><xmin>326</xmin><ymin>358</ymin><xmax>217</xmax><ymax>128</ymax></bndbox></object><object><name>proposal</name><bndbox><xmin>337</xmin><ymin>383</ymin><xmax>307</xmax><ymax>275</ymax></bndbox></object><object><name>proposal</name><bndbox><xmin>376</xmin><ymin>417</ymin><xmax>145</xmax><ymax>58</ymax></bndbox></object><object><name>proposal</name><bndbox><xmin>285</xmin><ymin>422</ymin><xmax>324</xmax><ymax>115</ymax></bndbox></object><object><name>proposal</name><bndbox><xmin>285</xmin><ymin>340</ymin><xmax>437</xmax><ymax>183</ymax></bndbox></object><object><name>proposal</name><bndbox><xmin>92</xmin><ymin>254</ymin><xmax>630</xmax><ymax>268</ymax></bndbox></object><object><name>proposal</name><bndbox><xmin>293</xmin><ymin>398</ymin><xmax>98</xmax><ymax>106</ymax></bndbox></object><object><name>proposal</name><bndbox><xmin>230</xmin><ymin>265</ymin><xmax>210</xmax><ymax>70</ymax></bndbox></object><object><name>proposal</name><bndbox><xmin>138</xmin><ymin>415</ymin><xmax>365</xmax><ymax>268</ymax></bndbox></object><object><name>proposal</name><bndbox><xmin>115</xmin><ymin>273</ymin><xmax>568</xmax><ymax>213</ymax></bndbox></object><object><name>proposal</name><bndbox><xmin>335</xmin><ymin>277</ymin><xmax>228</xmax><ymax>175</ymax></bndbox></object><object><name>proposal</name><bndbox><xmin>337</xmin><ymin>383</ymin><xmax>231</xmax><ymax>106</ymax></bndbox></object><object><name>proposal</name><bndbox><xmin>91</xmin><ymin>268</ymin><xmax>586</xmax><ymax>264</ymax></bndbox></object><object><name>proposal</name><bndbox><xmin>320</xmin><ymin>416</ymin><xmax>259</xmax><ymax>94</ymax></bndbox></object><object><name>proposal</name><bndbox><xmin>166</xmin><ymin>404</ymin><xmax>177</xmax><ymax>76</ymax></bndbox></object><object><name>proposal</name><bndbox><xmin>375</xmin><ymin>456</ymin><xmax>201</xmax><ymax>54</ymax></bndbox></object><object><name>proposal</name><bndbox><xmin>273</xmin><ymin>295</ymin><xmax>123</xmax><ymax>110</ymax></bndbox></object><object><name>proposal</name><bndbox><xmin>194</xmin><ymin>404</ymin><xmax>149</xmax><ymax>76</ymax></bndbox></object><object><name>proposal</name><bndbox><xmin>296</xmin><ymin>350</ymin><xmax>133</xmax><ymax>155</ymax></bndbox></object><object><name>proposal</name><bndbox><xmin>98</xmin><ymin>254</ymin><xmax>465</xmax><ymax>255</ymax></bndbox></object><object><name>proposal</name><bndbox><xmin>293</xmin><ymin>422</ymin><xmax>106</xmax><ymax>115</ymax></bndbox></object><object><name>proposal</name><bndbox><xmin>318</xmin><ymin>398</ymin><xmax>111</xmax><ymax>79</ymax></bndbox></object><object><name>proposal</name><bndbox><xmin>80</xmin><ymin>267</ymin><xmax>659</xmax><ymax>237</ymax></bndbox></object><object><name>proposal</name><bndbox><xmin>290</xmin><ymin>343</ymin><xmax>174</xmax><ymax>180</ymax></bndbox></object><object><name>proposal</name><bndbox><xmin>107</xmin><ymin>316</ymin><xmax>353</xmax><ymax>193</ymax></bndbox></object><object><name>proposal</name><bndbox><xmin>131</xmin><ymin>410</ymin><xmax>360</xmax><ymax>280</ymax></bndbox></object><object><name>proposal</name><bndbox><xmin>374</xmin><ymin>417</ymin><xmax>149</xmax><ymax>81</ymax></bndbox></object><object><name>proposal</name><bndbox><xmin>166</xmin><ymin>273</ymin><xmax>477</xmax><ymax>349</ymax></bndbox></object><object><name>proposal</name><bndbox><xmin>285</xmin><ymin>422</ymin><xmax>119</xmax><ymax>115</ymax></bndbox></object><object><name>proposal</name><bndbox><xmin>80</xmin><ymin>267</ymin><xmax>488</xmax><ymax>237</ymax></bndbox></object><object><name>proposal</name><bndbox><xmin>206</xmin><ymin>254</ymin><xmax>434</xmax><ymax>156</ymax></bndbox></object><object><name>proposal</name><bndbox><xmin>200</xmin><ymin>267</ymin><xmax>223</xmax><ymax>179</ymax></bndbox></object><object><name>proposal</name><bndbox><xmin>285</xmin><ymin>340</ymin><xmax>300</xmax><ymax>183</ymax></bndbox></object><object><name>proposal</name><bndbox><xmin>383</xmin><ymin>343</ymin><xmax>309</xmax><ymax>129</ymax></bndbox></object><object><name>proposal</name><bndbox><xmin>285</xmin><ymin>439</ymin><xmax>131</xmax><ymax>98</ymax></bndbox></object><object><name>proposal</name><bndbox><xmin>89</xmin><ymin>395</ymin><xmax>412</xmax><ymax>294</ymax></bndbox></object><object><name>proposal</name><bndbox><xmin>288</xmin><ymin>414</ymin><xmax>141</xmax><ymax>71</ymax></bndbox></object><object><name>proposal</name><bndbox><xmin>293</xmin><ymin>416</ymin><xmax>286</xmax><ymax>102</ymax></bndbox></object><object><name>proposal</name><bndbox><xmin>293</xmin><ymin>416</ymin><xmax>283</xmax><ymax>117</ymax></bndbox></object><object><name>proposal</name><bndbox><xmin>166</xmin><ymin>398</ymin><xmax>449</xmax><ymax>130</ymax></bndbox></object><object><name>proposal</name><bndbox><xmin>316</xmin><ymin>397</ymin><xmax>111</xmax><ymax>81</ymax></bndbox></object><object><name>proposal</name><bndbox><xmin>123</xmin><ymin>408</ymin><xmax>378</xmax><ymax>281</ymax></bndbox></object><object><name>proposal</name><bndbox><xmin>161</xmin><ymin>213</ymin><xmax>418</xmax><ymax>321</ymax></bndbox></object><object><name>proposal</name><bndbox><xmin>319</xmin><ymin>416</ymin><xmax>256</xmax><ymax>102</ymax></bndbox></object><object><name>proposal</name><bndbox><xmin>374</xmin><ymin>416</ymin><xmax>252</xmax><ymax>233</ymax></bndbox></object><object><name>proposal</name><bndbox><xmin>290</xmin><ymin>340</ymin><xmax>295</xmax><ymax>183</ymax></bndbox></object><object><name>proposal</name><bndbox><xmin>318</xmin><ymin>387</ymin><xmax>251</xmax><ymax>132</ymax></bndbox></object><object><name>proposal</name><bndbox><xmin>333</xmin><ymin>340</ymin><xmax>131</xmax><ymax>59</ymax></bndbox></object><object><name>proposal</name><bndbox><xmin>337</xmin><ymin>383</ymin><xmax>231</xmax><ymax>110</ymax></bndbox></object><object><name>proposal</name><bndbox><xmin>290</xmin><ymin>439</ymin><xmax>111</xmax><ymax>84</ymax></bndbox></object><object><name>proposal</name><bndbox><xmin>322</xmin><ymin>343</ymin><xmax>143</xmax><ymax>63</ymax></bndbox></object><object><name>proposal</name><bndbox><xmin>371</xmin><ymin>280</ymin><xmax>277</xmax><ymax>92</ymax></bndbox></object><object><name>proposal</name><bndbox><xmin>166</xmin><ymin>267</ymin><xmax>544</xmax><ymax>261</ymax></bndbox></object><object><name>proposal</name><bndbox><xmin>122</xmin><ymin>415</ymin><xmax>381</xmax><ymax>266</ymax></bndbox></object><object><name>proposal</name><bndbox><xmin>322</xmin><ymin>360</ymin><xmax>264</xmax><ymax>163</ymax></bndbox></object><object><name>proposal</name><bndbox><xmin>376</xmin><ymin>418</ymin><xmax>147</xmax><ymax>81</ymax></bndbox></object><object><name>proposal</name><bndbox><xmin>91</xmin><ymin>273</ymin><xmax>592</xmax><ymax>226</ymax></bndbox></object><object><name>proposal</name><bndbox><xmin>316</xmin><ymin>387</ymin><xmax>253</xmax><ymax>132</ymax></bndbox></object><object><name>proposal</name><bndbox><xmin>373</xmin><ymin>416</ymin><xmax>134</xmax><ymax>68</ymax></bndbox></object><object><name>proposal</name><bndbox><xmin>91</xmin><ymin>273</ymin><xmax>592</xmax><ymax>232</ymax></bndbox></object><object><name>proposal</name><bndbox><xmin>381</xmin><ymin>340</ymin><xmax>351</xmax><ymax>182</ymax></bndbox></object><object><name>proposal</name><bndbox><xmin>371</xmin><ymin>280</ymin><xmax>367</xmax><ymax>145</ymax></bndbox></object><object><name>proposal</name><bndbox><xmin>138</xmin><ymin>415</ymin><xmax>365</xmax><ymax>275</ymax></bndbox></object><object><name>proposal</name><bndbox><xmin>326</xmin><ymin>357</ymin><xmax>238</xmax><ymax>155</ymax></bndbox></object><object><name>proposal</name><bndbox><xmin>283</xmin><ymin>402</ymin><xmax>121</xmax><ymax>85</ymax></bndbox></object><object><name>proposal</name><bndbox><xmin>98</xmin><ymin>316</ymin><xmax>362</xmax><ymax>193</ymax></bndbox></object><object><name>proposal</name><bndbox><xmin>289</xmin><ymin>365</ymin><xmax>104</xmax><ymax>144</ymax></bndbox></object><object><name>proposal</name><bndbox><xmin>371</xmin><ymin>280</ymin><xmax>368</xmax><ymax>101</ymax></bndbox></object><object><name>proposal</name><bndbox><xmin>206</xmin><ymin>254</ymin><xmax>448</xmax><ymax>156</ymax></bndbox></object><object><name>proposal</name><bndbox><xmin>316</xmin><ymin>393</ymin><xmax>120</xmax><ymax>103</ymax></bndbox></object><object><name>proposal</name><bndbox><xmin>407</xmin><ymin>335</ymin><xmax>144</xmax><ymax>60</ymax></bndbox></object><object><name>proposal</name><bndbox><xmin>91</xmin><ymin>396</ymin><xmax>432</xmax><ymax>136</ymax></bndbox></object><object><name>proposal</name><bndbox><xmin>325</xmin><ymin>422</ymin><xmax>111</xmax><ymax>74</ymax></bndbox></object><object><name>proposal</name><bndbox><xmin>146</xmin><ymin>250</ymin><xmax>495</xmax><ymax>224</ymax></bndbox></object><object><name>proposal</name><bndbox><xmin>272</xmin><ymin>358</ymin><xmax>337</xmax><ymax>179</ymax></bndbox></object><object><name>proposal</name><bndbox><xmin>211</xmin><ymin>326</ymin><xmax>254</xmax><ymax>120</ymax></bndbox></object><object><name>proposal</name><bndbox><xmin>371</xmin><ymin>280</ymin><xmax>367</xmax><ymax>97</ymax></bndbox></object><object><name>proposal</name><bndbox><xmin>91</xmin><ymin>268</ymin><xmax>586</xmax><ymax>269</ymax></bndbox></object><object><name>proposal</name><bndbox><xmin>358</xmin><ymin>343</ymin><xmax>364</xmax><ymax>179</ymax></bndbox></object><object><name>proposal</name><bndbox><xmin>293</xmin><ymin>393</ymin><xmax>279</xmax><ymax>117</ymax></bndbox></object><object><name>proposal</name><bndbox><xmin>316</xmin><ymin>397</ymin><xmax>263</xmax><ymax>121</ymax></bndbox></object><object><name>proposal</name><bndbox><xmin>146</xmin><ymin>273</ymin><xmax>502</xmax><ymax>137</ymax></bndbox></object><object><name>proposal</name><bndbox><xmin>285</xmin><ymin>389</ymin><xmax>304</xmax><ymax>187</ymax></bndbox></object><object><name>proposal</name><bndbox><xmin>327</xmin><ymin>457</ymin><xmax>178</xmax><ymax>55</ymax></bndbox></object><object><name>proposal</name><bndbox><xmin>293</xmin><ymin>439</ymin><xmax>111</xmax><ymax>70</ymax></bndbox></object><object><name>proposal</name><bndbox><xmin>389</xmin><ymin>372</ymin><xmax>241</xmax><ymax>87</ymax></bndbox></object><object><name>proposal</name><bndbox><xmin>296</xmin><ymin>351</ymin><xmax>164</xmax><ymax>158</ymax></bndbox></object><object><name>proposal</name><bndbox><xmin>272</xmin><ymin>347</ymin><xmax>251</xmax><ymax>190</ymax></bndbox></object><object><name>proposal</name><bndbox><xmin>119</xmin><ymin>273</ymin><xmax>429</xmax><ymax>151</ymax></bndbox></object><object><name>proposal</name><bndbox><xmin>326</xmin><ymin>347</ymin><xmax>197</xmax><ymax>144</ymax></bndbox></object><object><name>proposal</name><bndbox><xmin>159</xmin><ymin>115</ymin><xmax>420</xmax><ymax>401</ymax></bndbox></object><object><name>proposal</name><bndbox><xmin>91</xmin><ymin>420</ymin><xmax>433</xmax><ymax>259</ymax></bndbox></object><object><name>proposal</name><bndbox><xmin>0</xmin><ymin>247</ymin><xmax>641</xmax><ymax>227</ymax></bndbox></object><object><name>proposal</name><bndbox><xmin>371</xmin><ymin>277</ymin><xmax>259</xmax><ymax>195</ymax></bndbox></object><object><name>proposal</name><bndbox><xmin>335</xmin><ymin>277</ymin><xmax>295</xmax><ymax>241</ymax></bndbox></object><object><name>proposal</name><bndbox><xmin>186</xmin><ymin>273</ymin><xmax>390</xmax><ymax>237</ymax></bndbox></object><object><name>proposal</name><bndbox><xmin>296</xmin><ymin>402</ymin><xmax>108</xmax><ymax>75</ymax></bndbox></object><object><name>proposal</name><bndbox><xmin>186</xmin><ymin>273</ymin><xmax>283</xmax><ymax>165</ymax></bndbox></object><object><name>proposal</name><bndbox><xmin>296</xmin><ymin>350</ymin><xmax>140</xmax><ymax>155</ymax></bndbox></object><object><name>proposal</name><bndbox><xmin>272</xmin><ymin>358</ymin><xmax>337</xmax><ymax>171</ymax></bndbox></object><object><name>proposal</name><bndbox><xmin>293</xmin><ymin>422</ymin><xmax>86</xmax><ymax>82</ymax></bndbox></object><object><name>proposal</name><bndbox><xmin>370</xmin><ymin>416</ymin><xmax>236</xmax><ymax>143</ymax></bndbox></object><object><name>proposal</name><bndbox><xmin>374</xmin><ymin>416</ymin><xmax>232</xmax><ymax>143</ymax></bndbox></object><object><name>proposal</name><bndbox><xmin>322</xmin><ymin>357</ymin><xmax>216</xmax><ymax>118</ymax></bndbox></object><object><name>proposal</name><bndbox><xmin>272</xmin><ymin>397</ymin><xmax>230</xmax><ymax>140</ymax></bndbox></object><object><name>proposal</name><bndbox><xmin>285</xmin><ymin>438</ymin><xmax>131</xmax><ymax>99</ymax></bndbox></object><object><name>proposal</name><bndbox><xmin>285</xmin><ymin>439</ymin><xmax>131</xmax><ymax>86</ymax></bndbox></object><object><name>proposal</name><bndbox><xmin>122</xmin><ymin>410</ymin><xmax>369</xmax><ymax>271</ymax></bndbox></object><object><name>proposal</name><bndbox><xmin>206</xmin><ymin>254</ymin><xmax>217</xmax><ymax>157</ymax></bndbox></object><object><name>proposal</name><bndbox><xmin>101</xmin><ymin>273</ymin><xmax>576</xmax><ymax>186</ymax></bndbox></object><object><name>proposal</name><bndbox><xmin>290</xmin><ymin>343</ymin><xmax>393</xmax><ymax>307</ymax></bndbox></object><object><name>proposal</name><bndbox><xmin>322</xmin><ymin>348</ymin><xmax>368</xmax><ymax>124</ymax></bndbox></object><object><name>proposal</name><bndbox><xmin>272</xmin><ymin>398</ymin><xmax>450</xmax><ymax>139</ymax></bndbox></object><object><name>proposal</name><bndbox><xmin>272</xmin><ymin>398</ymin><xmax>132</xmax><ymax>82</ymax></bndbox></object><object><name>proposal</name><bndbox><xmin>283</xmin><ymin>345</ymin><xmax>255</xmax><ymax>192</ymax></bndbox></object><object><name>proposal</name><bndbox><xmin>189</xmin><ymin>273</ymin><xmax>258</xmax><ymax>177</ymax></bndbox></object><object><name>proposal</name><bndbox><xmin>358</xmin><ymin>343</ymin><xmax>325</xmax><ymax>163</ymax></bndbox></object><object><name>proposal</name><bndbox><xmin>103</xmin><ymin>273</ymin><xmax>599</xmax><ymax>267</ymax></bndbox></object><object><name>proposal</name><bndbox><xmin>374</xmin><ymin>417</ymin><xmax>157</xmax><ymax>81</ymax></bndbox></object><object><name>proposal</name><bndbox><xmin>317</xmin><ymin>398</ymin><xmax>112</xmax><ymax>79</ymax></bndbox></object><object><name>proposal</name><bndbox><xmin>293</xmin><ymin>357</ymin><xmax>284</xmax><ymax>180</ymax></bndbox></object><object><name>proposal</name><bndbox><xmin>427</xmin><ymin>320</ymin><xmax>128</xmax><ymax>74</ymax></bndbox></object><object><name>proposal</name><bndbox><xmin>322</xmin><ymin>345</ymin><xmax>216</xmax><ymax>148</ymax></bndbox></object><object><name>proposal</name><bndbox><xmin>171</xmin><ymin>115</ymin><xmax>408</xmax><ymax>401</ymax></bndbox></object><object><name>proposal</name><bndbox><xmin>230</xmin><ymin>265</ymin><xmax>147</xmax><ymax>123</ymax></bndbox></object><object><name>proposal</name><bndbox><xmin>115</xmin><ymin>273</ymin><xmax>568</xmax><ymax>226</ymax></bndbox></object><object><name>proposal</name><bndbox><xmin>91</xmin><ymin>340</ymin><xmax>432</xmax><ymax>197</ymax></bndbox></object><object><name>proposal</name><bndbox><xmin>101</xmin><ymin>237</ymin><xmax>542</xmax><ymax>300</ymax></bndbox></object><object><name>proposal</name><bndbox><xmin>296</xmin><ymin>422</ymin><xmax>167</xmax><ymax>117</ymax></bndbox></object><object><name>proposal</name><bndbox><xmin>296</xmin><ymin>350</ymin><xmax>164</xmax><ymax>159</ymax></bndbox></object><object><name>proposal</name><bndbox><xmin>294</xmin><ymin>389</ymin><xmax>285</xmax><ymax>130</ymax></bndbox></object><object><name>proposal</name><bndbox><xmin>296</xmin><ymin>354</ymin><xmax>164</xmax><ymax>155</ymax></bndbox></object><object><name>proposal</name><bndbox><xmin>320</xmin><ymin>416</ymin><xmax>252</xmax><ymax>94</ymax></bndbox></object><object><name>proposal</name><bndbox><xmin>98</xmin><ymin>399</ymin><xmax>425</xmax><ymax>138</ymax></bndbox></object><object><name>proposal</name><bndbox><xmin>180</xmin><ymin>273</ymin><xmax>368</xmax><ymax>151</ymax></bndbox></object><object><name>proposal</name><bndbox><xmin>342</xmin><ymin>372</ymin><xmax>288</xmax><ymax>146</ymax></bndbox></object><object><name>proposal</name><bndbox><xmin>285</xmin><ymin>376</ymin><xmax>304</xmax><ymax>273</ymax></bndbox></object><object><name>proposal</name><bndbox><xmin>103</xmin><ymin>273</ymin><xmax>538</xmax><ymax>267</ymax></bndbox></object><object><name>proposal</name><bndbox><xmin>119</xmin><ymin>273</ymin><xmax>460</xmax><ymax>251</ymax></bndbox></object><object><name>proposal</name><bndbox><xmin>327</xmin><ymin>357</ymin><xmax>133</xmax><ymax>125</ymax></bndbox></object><object><name>proposal</name><bndbox><xmin>301</xmin><ymin>423</ymin><xmax>351</xmax><ymax>142</ymax></bndbox></object><object><name>proposal</name><bndbox><xmin>285</xmin><ymin>439</ymin><xmax>116</xmax><ymax>84</ymax></bndbox></object><object><name>proposal</name><bndbox><xmin>206</xmin><ymin>254</ymin><xmax>477</xmax><ymax>218</ymax></bndbox></object><object><name>proposal</name><bndbox><xmin>440</xmin><ymin>427</ymin><xmax>145</xmax><ymax>96</ymax></bndbox></object><object><name>proposal</name><bndbox><xmin>143</xmin><ymin>273</ymin><xmax>436</xmax><ymax>246</ymax></bndbox></object><object><name>proposal</name><bndbox><xmin>292</xmin><ymin>422</ymin><xmax>213</xmax><ymax>117</ymax></bndbox></object><object><name>proposal</name><bndbox><xmin>318</xmin><ymin>356</ymin><xmax>251</xmax><ymax>163</ymax></bndbox></object><object><name>proposal</name><bndbox><xmin>283</xmin><ymin>402</ymin><xmax>146</xmax><ymax>135</ymax></bndbox></object><object><name>proposal</name><bndbox><xmin>283</xmin><ymin>340</ymin><xmax>449</xmax><ymax>197</ymax></bndbox></object><object><name>proposal</name><bndbox><xmin>326</xmin><ymin>358</ymin><xmax>283</xmax><ymax>171</ymax></bndbox></object><object><name>proposal</name><bndbox><xmin>326</xmin><ymin>373</ymin><xmax>197</xmax><ymax>113</ymax></bndbox></object><object><name>proposal</name><bndbox><xmin>301</xmin><ymin>440</ymin><xmax>162</xmax><ymax>99</ymax></bndbox></object><object><name>proposal</name><bndbox><xmin>285</xmin><ymin>340</ymin><xmax>359</xmax><ymax>318</ymax></bndbox></object><object><name>proposal</name><bndbox><xmin>317</xmin><ymin>376</ymin><xmax>261</xmax><ymax>180</ymax></bndbox></object><object><name>proposal</name><bndbox><xmin>326</xmin><ymin>343</ymin><xmax>322</xmax><ymax>315</ymax></bndbox></object><object><name>proposal</name><bndbox><xmin>272</xmin><ymin>354</ymin><xmax>337</xmax><ymax>265</ymax></bndbox></object><object><name>proposal</name><bndbox><xmin>285</xmin><ymin>376</ymin><xmax>327</xmax><ymax>273</ymax></bndbox></object><object><name>proposal</name><bndbox><xmin>382</xmin><ymin>343</ymin><xmax>301</xmax><ymax>129</ymax></bndbox></object><object><name>proposal</name><bndbox><xmin>375</xmin><ymin>418</ymin><xmax>347</xmax><ymax>104</ymax></bndbox></object><object><name>proposal</name><bndbox><xmin>272</xmin><ymin>397</ymin><xmax>230</xmax><ymax>94</ymax></bndbox></object><object><name>proposal</name><bndbox><xmin>273</xmin><ymin>267</ymin><xmax>290</xmax><ymax>138</ymax></bndbox></object><object><name>proposal</name><bndbox><xmin>294</xmin><ymin>387</ymin><xmax>315</xmax><ymax>142</ymax></bndbox></object><object><name>proposal</name><bndbox><xmin>285</xmin><ymin>373</ymin><xmax>324</xmax><ymax>246</ymax></bndbox></object><object><name>proposal</name><bndbox><xmin>99</xmin><ymin>273</ymin><xmax>542</xmax><ymax>267</ymax></bndbox></object><object><name>proposal</name><bndbox><xmin>382</xmin><ymin>343</ymin><xmax>301</xmax><ymax>165</ymax></bndbox></object><object><name>proposal</name><bndbox><xmin>166</xmin><ymin>265</ymin><xmax>578</xmax><ymax>263</ymax></bndbox></object><object><name>proposal</name><bndbox><xmin>290</xmin><ymin>343</ymin><xmax>432</xmax><ymax>307</ymax></bndbox></object><object><name>proposal</name><bndbox><xmin>371</xmin><ymin>277</ymin><xmax>192</xmax><ymax>87</ymax></bndbox></object><object><name>proposal</name><bndbox><xmin>374</xmin><ymin>417</ymin><xmax>194</xmax><ymax>93</ymax></bndbox></object><object><name>proposal</name><bndbox><xmin>374</xmin><ymin>417</ymin><xmax>211</xmax><ymax>106</ymax></bndbox></object><object><name>proposal</name><bndbox><xmin>272</xmin><ymin>398</ymin><xmax>266</xmax><ymax>139</ymax></bndbox></object><object><name>proposal</name><bndbox><xmin>294</xmin><ymin>357</ymin><xmax>283</xmax><ymax>180</ymax></bndbox></object><object><name>proposal</name><bndbox><xmin>146</xmin><ymin>273</ymin><xmax>593</xmax><ymax>137</ymax></bndbox></object><object><name>proposal</name><bndbox><xmin>119</xmin><ymin>273</ymin><xmax>432</xmax><ymax>207</ymax></bndbox></object><object><name>proposal</name><bndbox><xmin>99</xmin><ymin>273</ymin><xmax>577</xmax><ymax>267</ymax></bndbox></object><object><name>proposal</name><bndbox><xmin>296</xmin><ymin>422</ymin><xmax>99</xmax><ymax>71</ymax></bndbox></object><object><name>proposal</name><bndbox><xmin>211</xmin><ymin>326</ymin><xmax>254</xmax><ymax>211</ymax></bndbox></object><object><name>proposal</name><bndbox><xmin>285</xmin><ymin>389</ymin><xmax>304</xmax><ymax>260</ymax></bndbox></object><object><name>proposal</name><bndbox><xmin>147</xmin><ymin>0</ymin><xmax>409</xmax><ymax>414</ymax></bndbox></object><object><name>proposal</name><bndbox><xmin>317</xmin><ymin>422</ymin><xmax>119</xmax><ymax>74</ymax></bndbox></object><object><name>proposal</name><bndbox><xmin>91</xmin><ymin>237</ymin><xmax>552</xmax><ymax>300</ymax></bndbox></object><object><name>proposal</name><bndbox><xmin>342</xmin><ymin>430</ymin><xmax>190</xmax><ymax>88</ymax></bndbox></object><object><name>proposal</name><bndbox><xmin>206</xmin><ymin>273</ymin><xmax>471</xmax><ymax>236</ymax></bndbox></object><object><name>proposal</name><bndbox><xmin>371</xmin><ymin>280</ymin><xmax>367</xmax><ymax>98</ymax></bndbox></object><object><name>proposal</name><bndbox><xmin>272</xmin><ymin>440</ymin><xmax>166</xmax><ymax>85</ymax></bndbox></object><object><name>proposal</name><bndbox><xmin>316</xmin><ymin>389</ymin><xmax>263</xmax><ymax>129</ymax></bndbox></object><object><name>proposal</name><bndbox><xmin>191</xmin><ymin>267</ymin><xmax>232</xmax><ymax>179</ymax></bndbox></object><object><name>proposal</name><bndbox><xmin>370</xmin><ymin>416</ymin><xmax>256</xmax><ymax>233</ymax></bndbox></object><object><name>proposal</name><bndbox><xmin>292</xmin><ymin>422</ymin><xmax>171</xmax><ymax>117</ymax></bndbox></object><object><name>proposal</name><bndbox><xmin>373</xmin><ymin>416</ymin><xmax>232</xmax><ymax>84</ymax></bndbox></object><object><name>proposal</name><bndbox><xmin>371</xmin><ymin>267</ymin><xmax>192</xmax><ymax>97</ymax></bndbox></object><object><name>proposal</name><bndbox><xmin>337</xmin><ymin>383</ymin><xmax>201</xmax><ymax>106</ymax></bndbox></object><object><name>proposal</name><bndbox><xmin>218</xmin><ymin>331</ymin><xmax>190</xmax><ymax>115</ymax></bndbox></object><object><name>proposal</name><bndbox><xmin>326</xmin><ymin>373</ymin><xmax>217</xmax><ymax>113</ymax></bndbox></object><object><name>proposal</name><bndbox><xmin>294</xmin><ymin>350</ymin><xmax>285</xmax><ymax>169</ymax></bndbox></object><object><name>proposal</name><bndbox><xmin>293</xmin><ymin>393</ymin><xmax>286</xmax><ymax>126</ymax></bndbox></object><object><name>proposal</name><bndbox><xmin>283</xmin><ymin>340</ymin><xmax>407</xmax><ymax>197</ymax></bndbox></object><object><name>proposal</name><bndbox><xmin>285</xmin><ymin>422</ymin><xmax>119</xmax><ymax>80</ymax></bndbox></object><object><name>proposal</name><bndbox><xmin>326</xmin><ymin>343</ymin><xmax>357</xmax><ymax>129</ymax></bndbox></object><object><name>proposal</name><bndbox><xmin>337</xmin><ymin>383</ymin><xmax>201</xmax><ymax>110</ymax></bndbox></object><object><name>proposal</name><bndbox><xmin>324</xmin><ymin>398</ymin><xmax>324</xmax><ymax>114</ymax></bndbox></object><object><name>proposal</name><bndbox><xmin>218</xmin><ymin>331</ymin><xmax>504</xmax><ymax>191</ymax></bndbox></object><object><name>proposal</name><bndbox><xmin>374</xmin><ymin>417</ymin><xmax>149</xmax><ymax>69</ymax></bndbox></object><object><name>proposal</name><bndbox><xmin>230</xmin><ymin>265</ymin><xmax>212</xmax><ymax>169</ymax></bndbox></object><object><name>proposal</name><bndbox><xmin>376</xmin><ymin>418</ymin><xmax>346</xmax><ymax>104</ymax></bndbox></object><object><name>proposal</name><bndbox><xmin>326</xmin><ymin>347</ymin><xmax>283</xmax><ymax>182</ymax></bndbox></object><object><name>proposal</name><bndbox><xmin>376</xmin><ymin>417</ymin><xmax>346</xmax><ymax>105</ymax></bndbox></object><object><name>proposal</name><bndbox><xmin>122</xmin><ymin>415</ymin><xmax>381</xmax><ymax>275</ymax></bndbox></object><object><name>proposal</name><bndbox><xmin>342</xmin><ymin>423</ymin><xmax>222</xmax><ymax>95</ymax></bndbox></object><object><name>proposal</name><bndbox><xmin>285</xmin><ymin>422</ymin><xmax>119</xmax><ymax>97</ymax></bndbox></object><object><name>proposal</name><bndbox><xmin>91</xmin><ymin>268</ymin><xmax>432</xmax><ymax>269</ymax></bndbox></object><object><name>proposal</name><bndbox><xmin>289</xmin><ymin>398</ymin><xmax>102</xmax><ymax>106</ymax></bndbox></object><object><name>proposal</name><bndbox><xmin>84</xmin><ymin>254</ymin><xmax>599</xmax><ymax>278</ymax></bndbox></object><object><name>proposal</name><bndbox><xmin>122</xmin><ymin>410</ymin><xmax>369</xmax><ymax>280</ymax></bndbox></object><object><name>proposal</name><bndbox><xmin>294</xmin><ymin>423</ymin><xmax>358</xmax><ymax>231</ymax></bndbox></object><object><name>proposal</name><bndbox><xmin>322</xmin><ymin>280</ymin><xmax>416</xmax><ymax>192</ymax></bndbox></object><object><name>proposal</name><bndbox><xmin>463</xmin><ymin>423</ymin><xmax>142</xmax><ymax>95</ymax></bndbox></object><object><name>proposal</name><bndbox><xmin>381</xmin><ymin>340</ymin><xmax>309</xmax><ymax>166</ymax></bndbox></object><object><name>proposal</name><bndbox><xmin>285</xmin><ymin>340</ymin><xmax>398</xmax><ymax>183</ymax></bndbox></object><object><name>proposal</name><bndbox><xmin>272</xmin><ymin>280</ymin><xmax>466</xmax><ymax>257</ymax></bndbox></object><object><name>proposal</name><bndbox><xmin>414</xmin><ymin>427</ymin><xmax>227</xmax><ymax>149</ymax></bndbox></object><object><name>proposal</name><bndbox><xmin>92</xmin><ymin>254</ymin><xmax>331</xmax><ymax>226</ymax></bndbox></object><object><name>proposal</name><bndbox><xmin>166</xmin><ymin>265</ymin><xmax>578</xmax><ymax>274</ymax></bndbox></object><object><name>proposal</name><bndbox><xmin>317</xmin><ymin>389</ymin><xmax>261</xmax><ymax>167</ymax></bndbox></object><object><name>proposal</name><bndbox><xmin>272</xmin><ymin>397</ymin><xmax>158</xmax><ymax>90</ymax></bndbox></object><object><name>proposal</name><bndbox><xmin>374</xmin><ymin>416</ymin><xmax>250</xmax><ymax>143</ymax></bndbox></object><object><name>proposal</name><bndbox><xmin>296</xmin><ymin>422</ymin><xmax>97</xmax><ymax>87</ymax></bndbox></object><object><name>proposal</name><bndbox><xmin>316</xmin><ymin>393</ymin><xmax>88</xmax><ymax>103</ymax></bndbox></object><object><name>proposal</name><bndbox><xmin>233</xmin><ymin>357</ymin><xmax>196</xmax><ymax>128</ymax></bndbox></object><object><name>proposal</name><bndbox><xmin>84</xmin><ymin>254</ymin><xmax>564</xmax><ymax>278</ymax></bndbox></object><object><name>proposal</name><bndbox><xmin>389</xmin><ymin>346</ymin><xmax>345</xmax><ymax>204</ymax></bndbox></object><object><name>proposal</name><bndbox><xmin>285</xmin><ymin>422</ymin><xmax>359</xmax><ymax>240</ymax></bndbox></object><object><name>proposal</name><bndbox><xmin>293</xmin><ymin>439</ymin><xmax>111</xmax><ymax>94</ymax></bndbox></object><object><name>proposal</name><bndbox><xmin>370</xmin><ymin>416</ymin><xmax>254</xmax><ymax>160</ymax></bndbox></object><object><name>proposal</name><bndbox><xmin>383</xmin><ymin>348</ymin><xmax>307</xmax><ymax>124</ymax></bndbox></object><object><name>proposal</name><bndbox><xmin>318</xmin><ymin>357</ymin><xmax>146</xmax><ymax>120</ymax></bndbox></object><object><name>proposal</name><bndbox><xmin>383</xmin><ymin>348</ymin><xmax>309</xmax><ymax>124</ymax></bndbox></object><object><name>proposal</name><bndbox><xmin>285</xmin><ymin>373</ymin><xmax>311</xmax><ymax>164</ymax></bndbox></object><object><name>proposal</name><bndbox><xmin>211</xmin><ymin>280</ymin><xmax>528</xmax><ymax>257</ymax></bndbox></object><object><name>proposal</name><bndbox><xmin>273</xmin><ymin>277</ymin><xmax>290</xmax><ymax>128</ymax></bndbox></object><object><name>proposal</name><bndbox><xmin>186</xmin><ymin>273</ymin><xmax>261</xmax><ymax>165</ymax></bndbox></object><object><name>proposal</name><bndbox><xmin>80</xmin><ymin>408</ymin><xmax>564</xmax><ymax>281</ymax></bndbox></object><object><name>proposal</name><bndbox><xmin>322</xmin><ymin>345</ymin><xmax>143</xmax><ymax>66</ymax></bndbox></object><object><name>proposal</name><bndbox><xmin>322</xmin><ymin>360</ymin><xmax>246</xmax><ymax>133</ymax></bndbox></object><object><name>proposal</name><bndbox><xmin>293</xmin><ymin>398</ymin><xmax>86</xmax><ymax>106</ymax></bndbox></object><object><name>proposal</name><bndbox><xmin>164</xmin><ymin>254</ymin><xmax>299</xmax><ymax>285</ymax></bndbox></object><object><name>proposal</name><bndbox><xmin>101</xmin><ymin>273</ymin><xmax>638</xmax><ymax>137</ymax></bndbox></object><object><name>proposal</name><bndbox><xmin>407</xmin><ymin>299</ymin><xmax>268</xmax><ymax>96</ymax></bndbox></object><object><name>proposal</name><bndbox><xmin>293</xmin><ymin>343</ymin><xmax>350</xmax><ymax>315</ymax></bndbox></object><object><name>proposal</name><bndbox><xmin>301</xmin><ymin>423</ymin><xmax>206</xmax><ymax>116</ymax></bndbox></object><object><name>proposal</name><bndbox><xmin>285</xmin><ymin>372</ymin><xmax>144</xmax><ymax>151</ymax></bndbox></object><object><name>proposal</name><bndbox><xmin>389</xmin><ymin>346</ymin><xmax>344</xmax><ymax>154</ymax></bndbox></object><object><name>proposal</name><bndbox><xmin>324</xmin><ymin>398</ymin><xmax>240</xmax><ymax>114</ymax></bndbox></object><object><name>proposal</name><bndbox><xmin>206</xmin><ymin>254</ymin><xmax>477</xmax><ymax>254</ymax></bndbox></object><object><name>proposal</name><bndbox><xmin>295</xmin><ymin>408</ymin><xmax>281</xmax><ymax>102</ymax></bndbox></object><object><name>proposal</name><bndbox><xmin>288</xmin><ymin>418</ymin><xmax>141</xmax><ymax>62</ymax></bndbox></object><object><name>proposal</name><bndbox><xmin>285</xmin><ymin>343</ymin><xmax>437</xmax><ymax>315</ymax></bndbox></object><object><name>proposal</name><bndbox><xmin>80</xmin><ymin>408</ymin><xmax>421</xmax><ymax>281</ymax></bndbox></object><object><name>proposal</name><bndbox><xmin>119</xmin><ymin>205</ymin><xmax>432</xmax><ymax>275</ymax></bndbox></object><object><name>proposal</name><bndbox><xmin>230</xmin><ymin>265</ymin><xmax>400</xmax><ymax>274</ymax></bndbox></object><object><name>proposal</name><bndbox><xmin>294</xmin><ymin>387</ymin><xmax>275</xmax><ymax>137</ymax></bndbox></object><object><name>proposal</name><bndbox><xmin>290</xmin><ymin>357</ymin><xmax>174</xmax><ymax>166</ymax></bndbox></object><object><name>proposal</name><bndbox><xmin>373</xmin><ymin>423</ymin><xmax>134</xmax><ymax>61</ymax></bndbox></object><object><name>proposal</name><bndbox><xmin>285</xmin><ymin>376</ymin><xmax>317</xmax><ymax>273</ymax></bndbox></object><object><name>proposal</name><bndbox><xmin>332</xmin><ymin>340</ymin><xmax>129</xmax><ymax>59</ymax></bndbox></object><object><name>proposal</name><bndbox><xmin>294</xmin><ymin>356</ymin><xmax>315</xmax><ymax>173</ymax></bndbox></object><object><name>proposal</name><bndbox><xmin>273</xmin><ymin>267</ymin><xmax>437</xmax><ymax>138</ymax></bndbox></object><object><name>proposal</name><bndbox><xmin>347</xmin><ymin>280</ymin><xmax>391</xmax><ymax>98</ymax></bndbox></object><object><name>proposal</name><bndbox><xmin>288</xmin><ymin>393</ymin><xmax>148</xmax><ymax>144</ymax></bndbox></object><object><name>proposal</name><bndbox><xmin>112</xmin><ymin>254</ymin><xmax>451</xmax><ymax>151</ymax></bndbox></object><object><name>proposal</name><bndbox><xmin>371</xmin><ymin>277</ymin><xmax>192</xmax><ymax>117</ymax></bndbox></object><object><name>proposal</name><bndbox><xmin>91</xmin><ymin>237</ymin><xmax>578</xmax><ymax>300</ymax></bndbox></object><object><name>proposal</name><bndbox><xmin>375</xmin><ymin>417</ymin><xmax>163</xmax><ymax>82</ymax></bndbox></object><object><name>proposal</name><bndbox><xmin>318</xmin><ymin>416</ymin><xmax>258</xmax><ymax>102</ymax></bndbox></object><object><name>proposal</name><bndbox><xmin>211</xmin><ymin>326</ymin><xmax>188</xmax><ymax>211</ymax></bndbox></object><object><name>proposal</name><bndbox><xmin>316</xmin><ymin>393</ymin><xmax>256</xmax><ymax>117</ymax></bndbox></object><object><name>proposal</name><bndbox><xmin>389</xmin><ymin>372</ymin><xmax>241</xmax><ymax>100</ymax></bndbox></object><object><name>proposal</name><bndbox><xmin>293</xmin><ymin>440</ymin><xmax>111</xmax><ymax>79</ymax></bndbox></object><object><name>proposal</name><bndbox><xmin>283</xmin><ymin>434</ymin><xmax>146</xmax><ymax>78</ymax></bndbox></object><object><name>proposal</name><bndbox><xmin>166</xmin><ymin>265</ymin><xmax>578</xmax><ymax>285</ymax></bndbox></object><object><name>proposal</name><bndbox><xmin>273</xmin><ymin>295</ymin><xmax>135</xmax><ymax>214</ymax></bndbox></object><object><name>proposal</name><bndbox><xmin>389</xmin><ymin>299</ymin><xmax>321</xmax><ymax>160</ymax></bndbox></object><object><name>proposal</name><bndbox><xmin>180</xmin><ymin>273</ymin><xmax>371</xmax><ymax>151</ymax></bndbox></object><object><name>proposal</name><bndbox><xmin>218</xmin><ymin>331</ymin><xmax>247</xmax><ymax>115</ymax></bndbox></object><object><name>proposal</name><bndbox><xmin>91</xmin><ymin>396</ymin><xmax>432</xmax><ymax>141</ymax></bndbox></object><object><name>proposal</name><bndbox><xmin>164</xmin><ymin>465</ymin><xmax>299</xmax><ymax>74</ymax></bndbox></object><object><name>proposal</name><bndbox><xmin>316</xmin><ymin>393</ymin><xmax>263</xmax><ymax>117</ymax></bndbox></object><object><name>proposal</name><bndbox><xmin>146</xmin><ymin>273</ymin><xmax>593</xmax><ymax>250</ymax></bndbox></object><object><name>proposal</name><bndbox><xmin>427</xmin><ymin>320</ymin><xmax>183</xmax><ymax>82</ymax></bndbox></object><object><name>proposal</name><bndbox><xmin>371</xmin><ymin>267</ymin><xmax>192</xmax><ymax>127</ymax></bndbox></object><object><name>proposal</name><bndbox><xmin>374</xmin><ymin>417</ymin><xmax>149</xmax><ymax>73</ymax></bndbox></object><object><name>proposal</name><bndbox><xmin>273</xmin><ymin>295</ymin><xmax>169</xmax><ymax>139</ymax></bndbox></object><object><name>proposal</name><bndbox><xmin>80</xmin><ymin>395</ymin><xmax>421</xmax><ymax>294</ymax></bndbox></object><object><name>proposal</name><bndbox><xmin>91</xmin><ymin>273</ymin><xmax>592</xmax><ymax>256</ymax></bndbox></object><object><name>proposal</name><bndbox><xmin>337</xmin><ymin>383</ymin><xmax>201</xmax><ymax>108</ymax></bndbox></object><object><name>proposal</name><bndbox><xmin>119</xmin><ymin>205</ymin><xmax>490</xmax><ymax>324</ymax></bndbox></object><object><name>proposal</name><bndbox><xmin>433</xmin><ymin>429</ymin><xmax>144</xmax><ymax>81</ymax></bndbox></object><object><name>proposal</name><bndbox><xmin>327</xmin><ymin>417</ymin><xmax>196</xmax><ymax>95</ymax></bndbox></object><object><name>proposal</name><bndbox><xmin>283</xmin><ymin>402</ymin><xmax>146</xmax><ymax>110</ymax></bndbox></object><object><name>proposal</name><bndbox><xmin>146</xmin><ymin>193</ymin><xmax>495</xmax><ymax>286</ymax></bndbox></object><object><name>proposal</name><bndbox><xmin>283</xmin><ymin>280</ymin><xmax>456</xmax><ymax>257</ymax></bndbox></object><object><name>proposal</name><bndbox><xmin>316</xmin><ymin>397</ymin><xmax>111</xmax><ymax>75</ymax></bndbox></object><object><name>proposal</name><bndbox><xmin>373</xmin><ymin>416</ymin><xmax>242</xmax><ymax>112</ymax></bndbox></object><object><name>proposal</name><bndbox><xmin>432</xmin><ymin>427</ymin><xmax>164</xmax><ymax>76</ymax></bndbox></object><object><name>proposal</name><bndbox><xmin>285</xmin><ymin>422</ymin><xmax>119</xmax><ymax>58</ymax></bndbox></object><object><name>proposal</name><bndbox><xmin>326</xmin><ymin>343</ymin><xmax>322</xmax><ymax>169</ymax></bndbox></object><object><name>proposal</name><bndbox><xmin>212</xmin><ymin>331</ymin><xmax>326</xmax><ymax>144</ymax></bndbox></object><object><name>proposal</name><bndbox><xmin>374</xmin><ymin>436</ymin><xmax>128</xmax><ymax>55</ymax></bndbox></object><object><name>proposal</name><bndbox><xmin>272</xmin><ymin>397</ymin><xmax>143</xmax><ymax>88</ymax></bndbox></object><object><name>proposal</name><bndbox><xmin>166</xmin><ymin>265</ymin><xmax>544</xmax><ymax>263</ymax></bndbox></object><object><name>proposal</name><bndbox><xmin>371</xmin><ymin>280</ymin><xmax>368</xmax><ymax>92</ymax></bndbox></object><object><name>proposal</name><bndbox><xmin>322</xmin><ymin>343</ymin><xmax>370</xmax><ymax>129</ymax></bndbox></object><object><name>proposal</name><bndbox><xmin>296</xmin><ymin>422</ymin><xmax>131</xmax><ymax>71</ymax></bndbox></object><object><name>proposal</name><bndbox><xmin>91</xmin><ymin>347</ymin><xmax>433</xmax><ymax>332</ymax></bndbox></object><object><name>proposal</name><bndbox><xmin>285</xmin><ymin>340</ymin><xmax>179</xmax><ymax>183</ymax></bndbox></object><object><name>proposal</name><bndbox><xmin>230</xmin><ymin>357</ymin><xmax>199</xmax><ymax>128</ymax></bndbox></object><object><name>proposal</name><bndbox><xmin>317</xmin><ymin>422</ymin><xmax>259</xmax><ymax>88</ymax></bndbox></object><object><name>proposal</name><bndbox><xmin>230</xmin><ymin>265</ymin><xmax>400</xmax><ymax>207</ymax></bndbox></object><object><name>proposal</name><bndbox><xmin>317</xmin><ymin>340</ymin><xmax>147</xmax><ymax>137</ymax></bndbox></object><object><name>proposal</name><bndbox><xmin>335</xmin><ymin>277</ymin><xmax>409</xmax><ymax>241</ymax></bndbox></object><object><name>proposal</name><bndbox><xmin>200</xmin><ymin>203</ymin><xmax>223</xmax><ymax>208</ymax></bndbox></object><object><name>proposal</name><bndbox><xmin>318</xmin><ymin>350</ymin><xmax>261</xmax><ymax>168</ymax></bndbox></object><object><name>proposal</name><bndbox><xmin>200</xmin><ymin>267</ymin><xmax>223</xmax><ymax>144</ymax></bndbox></object><object><name>proposal</name><bndbox><xmin>371</xmin><ymin>280</ymin><xmax>367</xmax><ymax>192</ymax></bndbox></object><object><name>proposal</name><bndbox><xmin>146</xmin><ymin>250</ymin><xmax>529</xmax><ymax>224</ymax></bndbox></object><object><name>proposal</name><bndbox><xmin>322</xmin><ymin>345</ymin><xmax>264</xmax><ymax>178</ymax></bndbox></object><object><name>proposal</name><bndbox><xmin>374</xmin><ymin>416</ymin><xmax>250</xmax><ymax>160</ymax></bndbox></object><object><name>proposal</name><bndbox><xmin>390</xmin><ymin>423</ymin><xmax>117</xmax><ymax>77</ymax></bndbox></object><object><name>proposal</name><bndbox><xmin>322</xmin><ymin>346</ymin><xmax>412</xmax><ymax>204</ymax></bndbox></object><object><name>proposal</name><bndbox><xmin>186</xmin><ymin>318</ymin><xmax>390</xmax><ymax>192</ymax></bndbox></object><object><name>proposal</name><bndbox><xmin>343</xmin><ymin>340</ymin><xmax>389</xmax><ymax>183</ymax></bndbox></object><object><name>proposal</name><bndbox><xmin>390</xmin><ymin>423</ymin><xmax>117</xmax><ymax>61</ymax></bndbox></object><object><name>proposal</name><bndbox><xmin>272</xmin><ymin>422</ymin><xmax>143</xmax><ymax>63</ymax></bndbox></object><object><name>proposal</name><bndbox><xmin>206</xmin><ymin>254</ymin><xmax>477</xmax><ymax>283</ymax></bndbox></object><object><name>proposal</name><bndbox><xmin>289</xmin><ymin>398</ymin><xmax>110</xmax><ymax>139</ymax></bndbox></object><object><name>proposal</name><bndbox><xmin>119</xmin><ymin>273</ymin><xmax>490</xmax><ymax>256</ymax></bndbox></object><object><name>proposal</name><bndbox><xmin>101</xmin><ymin>273</ymin><xmax>547</xmax><ymax>137</ymax></bndbox></object><object><name>proposal</name><bndbox><xmin>80</xmin><ymin>410</ymin><xmax>411</xmax><ymax>271</ymax></bndbox></object><object><name>proposal</name><bndbox><xmin>80</xmin><ymin>267</ymin><xmax>343</xmax><ymax>237</ymax></bndbox></object><object><name>proposal</name><bndbox><xmin>211</xmin><ymin>329</ymin><xmax>375</xmax><ymax>208</ymax></bndbox></object><object><name>proposal</name><bndbox><xmin>296</xmin><ymin>340</ymin><xmax>144</xmax><ymax>147</ymax></bndbox></object><object><name>proposal</name><bndbox><xmin>326</xmin><ymin>347</ymin><xmax>283</xmax><ymax>272</ymax></bndbox></object><object><name>proposal</name><bndbox><xmin>272</xmin><ymin>440</ymin><xmax>166</xmax><ymax>97</ymax></bndbox></object><object><name>proposal</name><bndbox><xmin>293</xmin><ymin>416</ymin><xmax>282</xmax><ymax>102</ymax></bndbox></object><object><name>proposal</name><bndbox><xmin>200</xmin><ymin>267</ymin><xmax>368</xmax><ymax>226</ymax></bndbox></object><object><name>proposal</name><bndbox><xmin>318</xmin><ymin>389</ymin><xmax>261</xmax><ymax>129</ymax></bndbox></object><object><name>proposal</name><bndbox><xmin>272</xmin><ymin>397</ymin><xmax>166</xmax><ymax>140</ymax></bndbox></object><object><name>proposal</name><bndbox><xmin>212</xmin><ymin>331</ymin><xmax>364</xmax><ymax>206</ymax></bndbox></object><object><name>proposal</name><bndbox><xmin>321</xmin><ymin>393</ymin><xmax>305</xmax><ymax>256</ymax></bndbox></object><object><name>proposal</name><bndbox><xmin>285</xmin><ymin>354</ymin><xmax>324</xmax><ymax>265</ymax></bndbox></object><object><name>proposal</name><bndbox><xmin>91</xmin><ymin>273</ymin><xmax>592</xmax><ymax>213</ymax></bndbox></object><object><name>proposal</name><bndbox><xmin>189</xmin><ymin>273</ymin><xmax>280</xmax><ymax>165</ymax></bndbox></object><object><name>proposal</name><bndbox><xmin>218</xmin><ymin>331</ymin><xmax>504</xmax><ymax>331</ymax></bndbox></object><object><name>proposal</name><bndbox><xmin>321</xmin><ymin>393</ymin><xmax>285</xmax><ymax>166</ymax></bndbox></object><object><name>proposal</name><bndbox><xmin>317</xmin><ymin>376</ymin><xmax>295</xmax><ymax>185</ymax></bndbox></object><object><name>proposal</name><bndbox><xmin>343</xmin><ymin>340</ymin><xmax>347</xmax><ymax>166</ymax></bndbox></object><object><name>proposal</name><bndbox><xmin>230</xmin><ymin>265</ymin><xmax>514</xmax><ymax>285</ymax></bndbox></object><object><name>proposal</name><bndbox><xmin>293</xmin><ymin>343</ymin><xmax>390</xmax><ymax>194</ymax></bndbox></object><object><name>proposal</name><bndbox><xmin>374</xmin><ymin>416</ymin><xmax>232</xmax><ymax>233</ymax></bndbox></object><object><name>proposal</name><bndbox><xmin>293</xmin><ymin>417</ymin><xmax>230</xmax><ymax>120</ymax></bndbox></object><object><name>proposal</name><bndbox><xmin>407</xmin><ymin>320</ymin><xmax>148</xmax><ymax>75</ymax></bndbox></object></annotation>