<annotation><folder>Proposals</folder><filename>img-269.jpg</filename><size><width>720</width><height>720</height><depth>3</depth></size><object><name>proposal</name><bndbox><xmin>634</xmin><ymin>563</ymin><xmax>68</xmax><ymax>34</ymax></bndbox></object><object><name>proposal</name><bndbox><xmin>242</xmin><ymin>280</ymin><xmax>191</xmax><ymax>215</ymax></bndbox></object><object><name>proposal</name><bndbox><xmin>634</xmin><ymin>564</ymin><xmax>103</xmax><ymax>94</ymax></bndbox></object><object><name>proposal</name><bndbox><xmin>307</xmin><ymin>356</ymin><xmax>118</xmax><ymax>112</ymax></bndbox></object><object><name>proposal</name><bndbox><xmin>249</xmin><ymin>356</ymin><xmax>179</xmax><ymax>184</ymax></bndbox></object><object><name>proposal</name><bndbox><xmin>339</xmin><ymin>364</ymin><xmax>87</xmax><ymax>61</ymax></bndbox></object><object><name>proposal</name><bndbox><xmin>269</xmin><ymin>356</ymin><xmax>365</xmax><ymax>197</ymax></bndbox></object><object><name>proposal</name><bndbox><xmin>351</xmin><ymin>372</ymin><xmax>122</xmax><ymax>67</ymax></bndbox></object><object><name>proposal</name><bndbox><xmin>658</xmin><ymin>483</ymin><xmax>142</xmax><ymax>137</ymax></bndbox></object><object><name>proposal</name><bndbox><xmin>277</xmin><ymin>356</ymin><xmax>193</xmax><ymax>93</ymax></bndbox></object><object><name>proposal</name><bndbox><xmin>265</xmin><ymin>350</ymin><xmax>182</xmax><ymax>132</ymax></bndbox></object><object><name>proposal</name><bndbox><xmin>308</xmin><ymin>357</ymin><xmax>166</xmax><ymax>138</ymax></bndbox></object><object><name>proposal</name><bndbox><xmin>332</xmin><ymin>358</ymin><xmax>115</xmax><ymax>91</ymax></bndbox></object><object><name>proposal</name><bndbox><xmin>339</xmin><ymin>364</ymin><xmax>87</xmax><ymax>62</ymax></bndbox></object><object><name>proposal</name><bndbox><xmin>631</xmin><ymin>518</ymin><xmax>113</xmax><ymax>88</ymax></bndbox></object><object><name>proposal</name><bndbox><xmin>265</xmin><ymin>350</ymin><xmax>161</xmax><ymax>118</ymax></bndbox></object><object><name>proposal</name><bndbox><xmin>289</xmin><ymin>253</ymin><xmax>137</xmax><ymax>215</ymax></bndbox></object><object><name>proposal</name><bndbox><xmin>295</xmin><ymin>315</ymin><xmax>148</xmax><ymax>167</ymax></bndbox></object><object><name>proposal</name><bndbox><xmin>338</xmin><ymin>362</ymin><xmax>109</xmax><ymax>76</ymax></bndbox></object><object><name>proposal</name><bndbox><xmin>351</xmin><ymin>372</ymin><xmax>72</xmax><ymax>47</ymax></bndbox></object><object><name>proposal</name><bndbox><xmin>338</xmin><ymin>359</ymin><xmax>297</xmax><ymax>121</ymax></bndbox></object><object><name>proposal</name><bndbox><xmin>308</xmin><ymin>351</ymin><xmax>139</xmax><ymax>83</ymax></bndbox></object><object><name>proposal</name><bndbox><xmin>634</xmin><ymin>564</ymin><xmax>103</xmax><ymax>103</ymax></bndbox></object><object><name>proposal</name><bndbox><xmin>269</xmin><ymin>364</ymin><xmax>325</xmax><ymax>141</ymax></bndbox></object><object><name>proposal</name><bndbox><xmin>634</xmin><ymin>518</ymin><xmax>139</xmax><ymax>105</ymax></bndbox></object><object><name>proposal</name><bndbox><xmin>307</xmin><ymin>356</ymin><xmax>108</xmax><ymax>112</ymax></bndbox></object><object><name>proposal</name><bndbox><xmin>242</xmin><ymin>344</ymin><xmax>232</xmax><ymax>190</ymax></bndbox></object><object><name>proposal</name><bndbox><xmin>277</xmin><ymin>356</ymin><xmax>282</xmax><ymax>146</ymax></bndbox></object><object><name>proposal</name><bndbox><xmin>650</xmin><ymin>518</ymin><xmax>104</xmax><ymax>98</ymax></bndbox></object><object><name>proposal</name><bndbox><xmin>651</xmin><ymin>521</ymin><xmax>103</xmax><ymax>95</ymax></bndbox></object><object><name>proposal</name><bndbox><xmin>265</xmin><ymin>350</ymin><xmax>162</xmax><ymax>132</ymax></bndbox></object><object><name>proposal</name><bndbox><xmin>690</xmin><ymin>548</ymin><xmax>83</xmax><ymax>75</ymax></bndbox></object><object><name>proposal</name><bndbox><xmin>634</xmin><ymin>518</ymin><xmax>94</xmax><ymax>79</ymax></bndbox></object><object><name>proposal</name><bndbox><xmin>261</xmin><ymin>355</ymin><xmax>168</xmax><ymax>127</ymax></bndbox></object><object><name>proposal</name><bndbox><xmin>638</xmin><ymin>563</ymin><xmax>109</xmax><ymax>72</ymax></bndbox></object><object><name>proposal</name><bndbox><xmin>249</xmin><ymin>280</ymin><xmax>133</xmax><ymax>254</ymax></bndbox></object><object><name>proposal</name><bndbox><xmin>236</xmin><ymin>396</ymin><xmax>206</xmax><ymax>86</ymax></bndbox></object><object><name>proposal</name><bndbox><xmin>652</xmin><ymin>522</ymin><xmax>77</xmax><ymax>57</ymax></bndbox></object><object><name>proposal</name><bndbox><xmin>298</xmin><ymin>396</ymin><xmax>107</xmax><ymax>106</ymax></bndbox></object><object><name>proposal</name><bndbox><xmin>289</xmin><ymin>253</ymin><xmax>267</xmax><ymax>215</ymax></bndbox></object><object><name>proposal</name><bndbox><xmin>269</xmin><ymin>364</ymin><xmax>235</xmax><ymax>141</ymax></bndbox></object><object><name>proposal</name><bndbox><xmin>302</xmin><ymin>344</ymin><xmax>149</xmax><ymax>142</ymax></bndbox></object><object><name>proposal</name><bndbox><xmin>658</xmin><ymin>499</ymin><xmax>142</xmax><ymax>118</ymax></bndbox></object><object><name>proposal</name><bndbox><xmin>623</xmin><ymin>537</ymin><xmax>79</xmax><ymax>60</ymax></bndbox></object><object><name>proposal</name><bndbox><xmin>308</xmin><ymin>344</ymin><xmax>87</xmax><ymax>58</ymax></bndbox></object><object><name>proposal</name><bndbox><xmin>261</xmin><ymin>355</ymin><xmax>397</xmax><ymax>127</ymax></bndbox></object><object><name>proposal</name><bndbox><xmin>240</xmin><ymin>359</ymin><xmax>191</xmax><ymax>168</ymax></bndbox></object><object><name>proposal</name><bndbox><xmin>334</xmin><ymin>392</ymin><xmax>87</xmax><ymax>52</ymax></bndbox></object><object><name>proposal</name><bndbox><xmin>690</xmin><ymin>548</ymin><xmax>38</xmax><ymax>42</ymax></bndbox></object><object><name>proposal</name><bndbox><xmin>285</xmin><ymin>355</ymin><xmax>144</xmax><ymax>120</ymax></bndbox></object><object><name>proposal</name><bndbox><xmin>308</xmin><ymin>344</ymin><xmax>104</xmax><ymax>58</ymax></bndbox></object><object><name>proposal</name><bndbox><xmin>265</xmin><ymin>230</ymin><xmax>284</xmax><ymax>252</ymax></bndbox></object><object><name>proposal</name><bndbox><xmin>621</xmin><ymin>500</ymin><xmax>162</xmax><ymax>122</ymax></bndbox></object><object><name>proposal</name><bndbox><xmin>637</xmin><ymin>500</ymin><xmax>146</xmax><ymax>122</ymax></bndbox></object><object><name>proposal</name><bndbox><xmin>652</xmin><ymin>522</ymin><xmax>77</xmax><ymax>55</ymax></bndbox></object><object><name>proposal</name><bndbox><xmin>288</xmin><ymin>227</ymin><xmax>204</xmax><ymax>224</ymax></bndbox></object><object><name>proposal</name><bndbox><xmin>355</xmin><ymin>427</ymin><xmax>77</xmax><ymax>72</ymax></bndbox></object><object><name>proposal</name><bndbox><xmin>299</xmin><ymin>282</ymin><xmax>229</xmax><ymax>157</ymax></bndbox></object><object><name>proposal</name><bndbox><xmin>632</xmin><ymin>570</ymin><xmax>110</xmax><ymax>87</ymax></bndbox></object><object><name>proposal</name><bndbox><xmin>334</xmin><ymin>364</ymin><xmax>140</xmax><ymax>80</ymax></bndbox></object><object><name>proposal</name><bndbox><xmin>308</xmin><ymin>396</ymin><xmax>107</xmax><ymax>72</ymax></bndbox></object><object><name>proposal</name><bndbox><xmin>658</xmin><ymin>495</ymin><xmax>142</xmax><ymax>122</ymax></bndbox></object><object><name>proposal</name><bndbox><xmin>298</xmin><ymin>452</ymin><xmax>134</xmax><ymax>50</ymax></bndbox></object><object><name>proposal</name><bndbox><xmin>655</xmin><ymin>563</ymin><xmax>73</xmax><ymax>54</ymax></bndbox></object><object><name>proposal</name><bndbox><xmin>240</xmin><ymin>267</ymin><xmax>192</xmax><ymax>260</ymax></bndbox></object><object><name>proposal</name><bndbox><xmin>307</xmin><ymin>356</ymin><xmax>84</xmax><ymax>58</ymax></bndbox></object><object><name>proposal</name><bndbox><xmin>249</xmin><ymin>356</ymin><xmax>221</xmax><ymax>184</ymax></bndbox></object><object><name>proposal</name><bndbox><xmin>336</xmin><ymin>358</ymin><xmax>90</xmax><ymax>71</ymax></bndbox></object><object><name>proposal</name><bndbox><xmin>338</xmin><ymin>364</ymin><xmax>109</xmax><ymax>85</ymax></bndbox></object><object><name>proposal</name><bndbox><xmin>269</xmin><ymin>396</ymin><xmax>156</xmax><ymax>109</ymax></bndbox></object><object><name>proposal</name><bndbox><xmin>653</xmin><ymin>523</ymin><xmax>91</xmax><ymax>83</ymax></bndbox></object><object><name>proposal</name><bndbox><xmin>261</xmin><ymin>355</ymin><xmax>330</xmax><ymax>198</ymax></bndbox></object><object><name>proposal</name><bndbox><xmin>338</xmin><ymin>359</ymin><xmax>85</xmax><ymax>62</ymax></bndbox></object><object><name>proposal</name><bndbox><xmin>652</xmin><ymin>522</ymin><xmax>92</xmax><ymax>87</ymax></bndbox></object><object><name>proposal</name><bndbox><xmin>242</xmin><ymin>280</ymin><xmax>165</xmax><ymax>196</ymax></bndbox></object><object><name>proposal</name><bndbox><xmin>276</xmin><ymin>350</ymin><xmax>129</xmax><ymax>118</ymax></bndbox></object><object><name>proposal</name><bndbox><xmin>339</xmin><ymin>364</ymin><xmax>131</xmax><ymax>85</ymax></bndbox></object><object><name>proposal</name><bndbox><xmin>240</xmin><ymin>371</ymin><xmax>180</xmax><ymax>156</ymax></bndbox></object><object><name>proposal</name><bndbox><xmin>242</xmin><ymin>344</ymin><xmax>232</xmax><ymax>151</ymax></bndbox></object><object><name>proposal</name><bndbox><xmin>634</xmin><ymin>522</ymin><xmax>120</xmax><ymax>94</ymax></bndbox></object><object><name>proposal</name><bndbox><xmin>299</xmin><ymin>351</ymin><xmax>129</xmax><ymax>78</ymax></bndbox></object><object><name>proposal</name><bndbox><xmin>655</xmin><ymin>570</ymin><xmax>75</xmax><ymax>58</ymax></bndbox></object><object><name>proposal</name><bndbox><xmin>339</xmin><ymin>364</ymin><xmax>112</xmax><ymax>77</ymax></bndbox></object><object><name>proposal</name><bndbox><xmin>308</xmin><ymin>339</ymin><xmax>139</xmax><ymax>94</ymax></bndbox></object><object><name>proposal</name><bndbox><xmin>339</xmin><ymin>364</ymin><xmax>84</xmax><ymax>59</ymax></bndbox></object><object><name>proposal</name><bndbox><xmin>242</xmin><ymin>344</ymin><xmax>191</xmax><ymax>151</ymax></bndbox></object><object><name>proposal</name><bndbox><xmin>351</xmin><ymin>372</ymin><xmax>77</xmax><ymax>57</ymax></bndbox></object><object><name>proposal</name><bndbox><xmin>651</xmin><ymin>522</ymin><xmax>103</xmax><ymax>101</ymax></bndbox></object><object><name>proposal</name><bndbox><xmin>634</xmin><ymin>522</ymin><xmax>94</xmax><ymax>75</ymax></bndbox></object><object><name>proposal</name><bndbox><xmin>237</xmin><ymin>256</ymin><xmax>186</xmax><ymax>226</ymax></bndbox></object><object><name>proposal</name><bndbox><xmin>289</xmin><ymin>253</ymin><xmax>116</xmax><ymax>215</ymax></bndbox></object><object><name>proposal</name><bndbox><xmin>262</xmin><ymin>344</ymin><xmax>171</xmax><ymax>151</ymax></bndbox></object><object><name>proposal</name><bndbox><xmin>336</xmin><ymin>357</ymin><xmax>111</xmax><ymax>77</ymax></bndbox></object><object><name>proposal</name><bndbox><xmin>651</xmin><ymin>521</ymin><xmax>77</xmax><ymax>58</ymax></bndbox></object><object><name>proposal</name><bndbox><xmin>269</xmin><ymin>356</ymin><xmax>163</xmax><ymax>149</ymax></bndbox></object><object><name>proposal</name><bndbox><xmin>651</xmin><ymin>522</ymin><xmax>93</xmax><ymax>87</ymax></bndbox></object><object><name>proposal</name><bndbox><xmin>270</xmin><ymin>227</ymin><xmax>222</xmax><ymax>224</ymax></bndbox></object><object><name>proposal</name><bndbox><xmin>308</xmin><ymin>396</ymin><xmax>134</xmax><ymax>72</ymax></bndbox></object><object><name>proposal</name><bndbox><xmin>351</xmin><ymin>364</ymin><xmax>96</xmax><ymax>70</ymax></bndbox></object><object><name>proposal</name><bndbox><xmin>264</xmin><ymin>344</ymin><xmax>118</xmax><ymax>173</ymax></bndbox></object><object><name>proposal</name><bndbox><xmin>339</xmin><ymin>364</ymin><xmax>84</xmax><ymax>57</ymax></bndbox></object><object><name>proposal</name><bndbox><xmin>269</xmin><ymin>387</ymin><xmax>163</xmax><ymax>118</ymax></bndbox></object><object><name>proposal</name><bndbox><xmin>292</xmin><ymin>387</ymin><xmax>140</xmax><ymax>104</ymax></bndbox></object><object><name>proposal</name><bndbox><xmin>632</xmin><ymin>570</ymin><xmax>98</xmax><ymax>64</ymax></bndbox></object><object><name>proposal</name><bndbox><xmin>242</xmin><ymin>280</ymin><xmax>184</xmax><ymax>196</ymax></bndbox></object><object><name>proposal</name><bndbox><xmin>339</xmin><ymin>364</ymin><xmax>89</xmax><ymax>66</ymax></bndbox></object><object><name>proposal</name><bndbox><xmin>302</xmin><ymin>339</ymin><xmax>145</xmax><ymax>94</ymax></bndbox></object><object><name>proposal</name><bndbox><xmin>289</xmin><ymin>253</ymin><xmax>267</xmax><ymax>229</ymax></bndbox></object><object><name>proposal</name><bndbox><xmin>339</xmin><ymin>364</ymin><xmax>123</xmax><ymax>87</ymax></bndbox></object><object><name>proposal</name><bndbox><xmin>289</xmin><ymin>253</ymin><xmax>305</xmax><ymax>229</ymax></bndbox></object><object><name>proposal</name><bndbox><xmin>334</xmin><ymin>364</ymin><xmax>113</xmax><ymax>80</ymax></bndbox></object><object><name>proposal</name><bndbox><xmin>308</xmin><ymin>396</ymin><xmax>97</xmax><ymax>72</ymax></bndbox></object><object><name>proposal</name><bndbox><xmin>302</xmin><ymin>359</ymin><xmax>149</xmax><ymax>135</ymax></bndbox></object><object><name>proposal</name><bndbox><xmin>274</xmin><ymin>344</ymin><xmax>152</xmax><ymax>132</ymax></bndbox></object><object><name>proposal</name><bndbox><xmin>337</xmin><ymin>359</ymin><xmax>90</xmax><ymax>70</ymax></bndbox></object><object><name>proposal</name><bndbox><xmin>308</xmin><ymin>396</ymin><xmax>113</xmax><ymax>70</ymax></bndbox></object><object><name>proposal</name><bndbox><xmin>338</xmin><ymin>359</ymin><xmax>109</xmax><ymax>75</ymax></bndbox></object><object><name>proposal</name><bndbox><xmin>651</xmin><ymin>521</ymin><xmax>84</xmax><ymax>58</ymax></bndbox></object><object><name>proposal</name><bndbox><xmin>269</xmin><ymin>364</ymin><xmax>163</xmax><ymax>141</ymax></bndbox></object><object><name>proposal</name><bndbox><xmin>261</xmin><ymin>355</ymin><xmax>201</xmax><ymax>127</ymax></bndbox></object><object><name>proposal</name><bndbox><xmin>289</xmin><ymin>256</ymin><xmax>162</xmax><ymax>189</ymax></bndbox></object><object><name>proposal</name><bndbox><xmin>337</xmin><ymin>359</ymin><xmax>91</xmax><ymax>70</ymax></bndbox></object><object><name>proposal</name><bndbox><xmin>653</xmin><ymin>523</ymin><xmax>75</xmax><ymax>67</ymax></bndbox></object><object><name>proposal</name><bndbox><xmin>242</xmin><ymin>280</ymin><xmax>232</xmax><ymax>254</ymax></bndbox></object><object><name>proposal</name><bndbox><xmin>298</xmin><ymin>396</ymin><xmax>150</xmax><ymax>201</ymax></bndbox></object><object><name>proposal</name><bndbox><xmin>335</xmin><ymin>356</ymin><xmax>127</xmax><ymax>95</ymax></bndbox></object><object><name>proposal</name><bndbox><xmin>338</xmin><ymin>359</ymin><xmax>109</xmax><ymax>74</ymax></bndbox></object><object><name>proposal</name><bndbox><xmin>261</xmin><ymin>355</ymin><xmax>171</xmax><ymax>136</ymax></bndbox></object><object><name>proposal</name><bndbox><xmin>335</xmin><ymin>356</ymin><xmax>88</xmax><ymax>67</ymax></bndbox></object><object><name>proposal</name><bndbox><xmin>623</xmin><ymin>518</ymin><xmax>150</xmax><ymax>105</ymax></bndbox></object><object><name>proposal</name><bndbox><xmin>302</xmin><ymin>387</ymin><xmax>103</xmax><ymax>84</ymax></bndbox></object><object><name>proposal</name><bndbox><xmin>213</xmin><ymin>347</ymin><xmax>161</xmax><ymax>201</ymax></bndbox></object><object><name>proposal</name><bndbox><xmin>242</xmin><ymin>314</ymin><xmax>140</xmax><ymax>162</ymax></bndbox></object><object><name>proposal</name><bndbox><xmin>690</xmin><ymin>548</ymin><xmax>38</xmax><ymax>31</ymax></bndbox></object><object><name>proposal</name><bndbox><xmin>652</xmin><ymin>522</ymin><xmax>77</xmax><ymax>54</ymax></bndbox></object><object><name>proposal</name><bndbox><xmin>308</xmin><ymin>344</ymin><xmax>139</xmax><ymax>93</ymax></bndbox></object><object><name>proposal</name><bndbox><xmin>339</xmin><ymin>364</ymin><xmax>88</xmax><ymax>62</ymax></bndbox></object><object><name>proposal</name><bndbox><xmin>334</xmin><ymin>396</ymin><xmax>95</xmax><ymax>55</ymax></bndbox></object><object><name>proposal</name><bndbox><xmin>638</xmin><ymin>521</ymin><xmax>97</xmax><ymax>114</ymax></bndbox></object><object><name>proposal</name><bndbox><xmin>339</xmin><ymin>364</ymin><xmax>104</xmax><ymax>67</ymax></bndbox></object><object><name>proposal</name><bndbox><xmin>336</xmin><ymin>358</ymin><xmax>111</xmax><ymax>91</ymax></bndbox></object><object><name>proposal</name><bndbox><xmin>334</xmin><ymin>359</ymin><xmax>95</xmax><ymax>92</ymax></bndbox></object><object><name>proposal</name><bndbox><xmin>353</xmin><ymin>371</ymin><xmax>94</xmax><ymax>66</ymax></bndbox></object><object><name>proposal</name><bndbox><xmin>274</xmin><ymin>344</ymin><xmax>108</xmax><ymax>132</ymax></bndbox></object><object><name>proposal</name><bndbox><xmin>663</xmin><ymin>514</ymin><xmax>120</xmax><ymax>108</ymax></bndbox></object><object><name>proposal</name><bndbox><xmin>339</xmin><ymin>364</ymin><xmax>108</xmax><ymax>85</ymax></bndbox></object><object><name>proposal</name><bndbox><xmin>638</xmin><ymin>563</ymin><xmax>90</xmax><ymax>72</ymax></bndbox></object><object><name>proposal</name><bndbox><xmin>276</xmin><ymin>317</ymin><xmax>125</xmax><ymax>101</ymax></bndbox></object><object><name>proposal</name><bndbox><xmin>651</xmin><ymin>522</ymin><xmax>122</xmax><ymax>101</ymax></bndbox></object><object><name>proposal</name><bndbox><xmin>249</xmin><ymin>280</ymin><xmax>172</xmax><ymax>254</ymax></bndbox></object><object><name>proposal</name><bndbox><xmin>690</xmin><ymin>541</ymin><xmax>38</xmax><ymax>49</ymax></bndbox></object><object><name>proposal</name><bndbox><xmin>335</xmin><ymin>356</ymin><xmax>259</xmax><ymax>95</ymax></bndbox></object><object><name>proposal</name><bndbox><xmin>248</xmin><ymin>371</ymin><xmax>183</xmax><ymax>156</ymax></bndbox></object><object><name>proposal</name><bndbox><xmin>307</xmin><ymin>356</ymin><xmax>121</xmax><ymax>74</ymax></bndbox></object><object><name>proposal</name><bndbox><xmin>276</xmin><ymin>347</ymin><xmax>115</xmax><ymax>71</ymax></bndbox></object><object><name>proposal</name><bndbox><xmin>295</xmin><ymin>315</ymin><xmax>110</xmax><ymax>153</ymax></bndbox></object><object><name>proposal</name><bndbox><xmin>338</xmin><ymin>359</ymin><xmax>136</xmax><ymax>75</ymax></bndbox></object><object><name>proposal</name><bndbox><xmin>637</xmin><ymin>505</ymin><xmax>91</xmax><ymax>85</ymax></bndbox></object><object><name>proposal</name><bndbox><xmin>338</xmin><ymin>359</ymin><xmax>74</xmax><ymax>43</ymax></bndbox></object><object><name>proposal</name><bndbox><xmin>265</xmin><ymin>350</ymin><xmax>182</xmax><ymax>118</ymax></bndbox></object><object><name>proposal</name><bndbox><xmin>292</xmin><ymin>396</ymin><xmax>133</xmax><ymax>79</ymax></bndbox></object><object><name>proposal</name><bndbox><xmin>308</xmin><ymin>392</ymin><xmax>97</xmax><ymax>79</ymax></bndbox></object><object><name>proposal</name><bndbox><xmin>262</xmin><ymin>344</ymin><xmax>164</xmax><ymax>132</ymax></bndbox></object><object><name>proposal</name><bndbox><xmin>619</xmin><ymin>494</ymin><xmax>154</xmax><ymax>129</ymax></bndbox></object><object><name>proposal</name><bndbox><xmin>651</xmin><ymin>521</ymin><xmax>93</xmax><ymax>85</ymax></bndbox></object><object><name>proposal</name><bndbox><xmin>336</xmin><ymin>357</ymin><xmax>138</xmax><ymax>93</ymax></bndbox></object><object><name>proposal</name><bndbox><xmin>338</xmin><ymin>359</ymin><xmax>109</xmax><ymax>78</ymax></bndbox></object><object><name>proposal</name><bndbox><xmin>248</xmin><ymin>371</ymin><xmax>172</xmax><ymax>156</ymax></bndbox></object><object><name>proposal</name><bndbox><xmin>651</xmin><ymin>522</ymin><xmax>103</xmax><ymax>100</ymax></bndbox></object><object><name>proposal</name><bndbox><xmin>690</xmin><ymin>548</ymin><xmax>54</xmax><ymax>58</ymax></bndbox></object><object><name>proposal</name><bndbox><xmin>650</xmin><ymin>518</ymin><xmax>86</xmax><ymax>61</ymax></bndbox></object><object><name>proposal</name><bndbox><xmin>249</xmin><ymin>398</ymin><xmax>125</xmax><ymax>129</ymax></bndbox></object><object><name>proposal</name><bndbox><xmin>295</xmin><ymin>315</ymin><xmax>132</xmax><ymax>167</ymax></bndbox></object><object><name>proposal</name><bndbox><xmin>249</xmin><ymin>280</ymin><xmax>184</xmax><ymax>254</ymax></bndbox></object><object><name>proposal</name><bndbox><xmin>651</xmin><ymin>521</ymin><xmax>96</xmax><ymax>101</ymax></bndbox></object><object><name>proposal</name><bndbox><xmin>295</xmin><ymin>315</ymin><xmax>113</xmax><ymax>153</ymax></bndbox></object><object><name>proposal</name><bndbox><xmin>658</xmin><ymin>493</ymin><xmax>142</xmax><ymax>127</ymax></bndbox></object><object><name>proposal</name><bndbox><xmin>332</xmin><ymin>358</ymin><xmax>119</xmax><ymax>84</ymax></bndbox></object><object><name>proposal</name><bndbox><xmin>240</xmin><ymin>371</ymin><xmax>192</xmax><ymax>156</ymax></bndbox></object><object><name>proposal</name><bndbox><xmin>334</xmin><ymin>364</ymin><xmax>126</xmax><ymax>80</ymax></bndbox></object><object><name>proposal</name><bndbox><xmin>651</xmin><ymin>522</ymin><xmax>77</xmax><ymax>55</ymax></bndbox></object><object><name>proposal</name><bndbox><xmin>638</xmin><ymin>563</ymin><xmax>90</xmax><ymax>54</ymax></bndbox></object><object><name>proposal</name><bndbox><xmin>338</xmin><ymin>359</ymin><xmax>88</xmax><ymax>66</ymax></bndbox></object><object><name>proposal</name><bndbox><xmin>138</xmin><ymin>347</ymin><xmax>336</xmax><ymax>179</ymax></bndbox></object><object><name>proposal</name><bndbox><xmin>651</xmin><ymin>495</ymin><xmax>149</xmax><ymax>122</ymax></bndbox></object><object><name>proposal</name><bndbox><xmin>651</xmin><ymin>522</ymin><xmax>117</xmax><ymax>100</ymax></bndbox></object><object><name>proposal</name><bndbox><xmin>700</xmin><ymin>574</ymin><xmax>54</xmax><ymax>42</ymax></bndbox></object><object><name>proposal</name><bndbox><xmin>292</xmin><ymin>387</ymin><xmax>133</xmax><ymax>88</ymax></bndbox></object><object><name>proposal</name><bndbox><xmin>302</xmin><ymin>344</ymin><xmax>149</xmax><ymax>150</ymax></bndbox></object><object><name>proposal</name><bndbox><xmin>315</xmin><ymin>344</ymin><xmax>136</xmax><ymax>105</ymax></bndbox></object><object><name>proposal</name><bndbox><xmin>332</xmin><ymin>358</ymin><xmax>119</xmax><ymax>91</ymax></bndbox></object><object><name>proposal</name><bndbox><xmin>249</xmin><ymin>352</ymin><xmax>221</xmax><ymax>188</ymax></bndbox></object><object><name>proposal</name><bndbox><xmin>651</xmin><ymin>522</ymin><xmax>96</xmax><ymax>100</ymax></bndbox></object><object><name>proposal</name><bndbox><xmin>289</xmin><ymin>256</ymin><xmax>145</xmax><ymax>189</ymax></bndbox></object><object><name>proposal</name><bndbox><xmin>242</xmin><ymin>280</ymin><xmax>191</xmax><ymax>254</ymax></bndbox></object><object><name>proposal</name><bndbox><xmin>655</xmin><ymin>570</ymin><xmax>75</xmax><ymax>64</ymax></bndbox></object><object><name>proposal</name><bndbox><xmin>236</xmin><ymin>396</ymin><xmax>206</xmax><ymax>131</ymax></bndbox></object><object><name>proposal</name><bndbox><xmin>262</xmin><ymin>396</ymin><xmax>143</xmax><ymax>86</ymax></bndbox></object><object><name>proposal</name><bndbox><xmin>651</xmin><ymin>522</ymin><xmax>103</xmax><ymax>94</ymax></bndbox></object><object><name>proposal</name><bndbox><xmin>652</xmin><ymin>522</ymin><xmax>92</xmax><ymax>90</ymax></bndbox></object><object><name>proposal</name><bndbox><xmin>269</xmin><ymin>356</ymin><xmax>325</xmax><ymax>149</ymax></bndbox></object><object><name>proposal</name><bndbox><xmin>637</xmin><ymin>505</ymin><xmax>146</xmax><ymax>117</ymax></bndbox></object><object><name>proposal</name><bndbox><xmin>298</xmin><ymin>396</ymin><xmax>134</xmax><ymax>106</ymax></bndbox></object><object><name>proposal</name><bndbox><xmin>265</xmin><ymin>350</ymin><xmax>161</xmax><ymax>127</ymax></bndbox></object><object><name>proposal</name><bndbox><xmin>651</xmin><ymin>522</ymin><xmax>85</xmax><ymax>57</ymax></bndbox></object><object><name>proposal</name><bndbox><xmin>249</xmin><ymin>398</ymin><xmax>125</xmax><ymax>142</ymax></bndbox></object><object><name>proposal</name><bndbox><xmin>261</xmin><ymin>355</ymin><xmax>258</xmax><ymax>127</ymax></bndbox></object><object><name>proposal</name><bndbox><xmin>351</xmin><ymin>372</ymin><xmax>96</xmax><ymax>62</ymax></bndbox></object><object><name>proposal</name><bndbox><xmin>308</xmin><ymin>396</ymin><xmax>97</xmax><ymax>70</ymax></bndbox></object><object><name>proposal</name><bndbox><xmin>658</xmin><ymin>492</ymin><xmax>142</xmax><ymax>131</ymax></bndbox></object><object><name>proposal</name><bndbox><xmin>651</xmin><ymin>522</ymin><xmax>77</xmax><ymax>53</ymax></bndbox></object><object><name>proposal</name><bndbox><xmin>339</xmin><ymin>364</ymin><xmax>104</xmax><ymax>85</ymax></bndbox></object><object><name>proposal</name><bndbox><xmin>651</xmin><ymin>521</ymin><xmax>117</xmax><ymax>101</ymax></bndbox></object><object><name>proposal</name><bndbox><xmin>655</xmin><ymin>563</ymin><xmax>73</xmax><ymax>72</ymax></bndbox></object><object><name>proposal</name><bndbox><xmin>357</xmin><ymin>364</ymin><xmax>90</xmax><ymax>70</ymax></bndbox></object><object><name>proposal</name><bndbox><xmin>652</xmin><ymin>522</ymin><xmax>121</xmax><ymax>101</ymax></bndbox></object><object><name>proposal</name><bndbox><xmin>264</xmin><ymin>280</ymin><xmax>118</xmax><ymax>237</ymax></bndbox></object><object><name>proposal</name><bndbox><xmin>308</xmin><ymin>396</ymin><xmax>125</xmax><ymax>99</ymax></bndbox></object><object><name>proposal</name><bndbox><xmin>650</xmin><ymin>518</ymin><xmax>123</xmax><ymax>105</ymax></bndbox></object><object><name>proposal</name><bndbox><xmin>339</xmin><ymin>364</ymin><xmax>87</xmax><ymax>65</ymax></bndbox></object><object><name>proposal</name><bndbox><xmin>307</xmin><ymin>356</ymin><xmax>118</xmax><ymax>116</ymax></bndbox></object><object><name>proposal</name><bndbox><xmin>242</xmin><ymin>280</ymin><xmax>140</xmax><ymax>196</ymax></bndbox></object><object><name>proposal</name><bndbox><xmin>289</xmin><ymin>253</ymin><xmax>138</xmax><ymax>229</ymax></bndbox></object><object><name>proposal</name><bndbox><xmin>700</xmin><ymin>574</ymin><xmax>47</xmax><ymax>48</ymax></bndbox></object><object><name>proposal</name><bndbox><xmin>315</xmin><ymin>344</ymin><xmax>136</xmax><ymax>98</ymax></bndbox></object><object><name>proposal</name><bndbox><xmin>334</xmin><ymin>392</ymin><xmax>95</xmax><ymax>59</ymax></bndbox></object><object><name>proposal</name><bndbox><xmin>302</xmin><ymin>387</ymin><xmax>124</xmax><ymax>107</ymax></bndbox></object><object><name>proposal</name><bndbox><xmin>293</xmin><ymin>274</ymin><xmax>235</xmax><ymax>165</ymax></bndbox></object><object><name>proposal</name><bndbox><xmin>658</xmin><ymin>483</ymin><xmax>142</xmax><ymax>140</ymax></bndbox></object><object><name>proposal</name><bndbox><xmin>292</xmin><ymin>356</ymin><xmax>140</xmax><ymax>135</ymax></bndbox></object><object><name>proposal</name><bndbox><xmin>308</xmin><ymin>364</ymin><xmax>118</xmax><ymax>102</ymax></bndbox></object><object><name>proposal</name><bndbox><xmin>265</xmin><ymin>350</ymin><xmax>140</xmax><ymax>118</ymax></bndbox></object><object><name>proposal</name><bndbox><xmin>650</xmin><ymin>518</ymin><xmax>78</xmax><ymax>61</ymax></bndbox></object><object><name>proposal</name><bndbox><xmin>339</xmin><ymin>364</ymin><xmax>108</xmax><ymax>69</ymax></bndbox></object><object><name>proposal</name><bndbox><xmin>332</xmin><ymin>359</ymin><xmax>119</xmax><ymax>90</ymax></bndbox></object><object><name>proposal</name><bndbox><xmin>240</xmin><ymin>371</ymin><xmax>191</xmax><ymax>156</ymax></bndbox></object><object><name>proposal</name><bndbox><xmin>302</xmin><ymin>387</ymin><xmax>124</xmax><ymax>99</ymax></bndbox></object><object><name>proposal</name><bndbox><xmin>289</xmin><ymin>256</ymin><xmax>137</xmax><ymax>189</ymax></bndbox></object><object><name>proposal</name><bndbox><xmin>651</xmin><ymin>522</ymin><xmax>77</xmax><ymax>57</ymax></bndbox></object><object><name>proposal</name><bndbox><xmin>332</xmin><ymin>359</ymin><xmax>119</xmax><ymax>83</ymax></bndbox></object><object><name>proposal</name><bndbox><xmin>655</xmin><ymin>570</ymin><xmax>87</xmax><ymax>87</ymax></bndbox></object><object><name>proposal</name><bndbox><xmin>249</xmin><ymin>387</ymin><xmax>156</xmax><ymax>153</ymax></bndbox></object><object><name>proposal</name><bndbox><xmin>262</xmin><ymin>344</ymin><xmax>120</xmax><ymax>132</ymax></bndbox></object><object><name>proposal</name><bndbox><xmin>334</xmin><ymin>364</ymin><xmax>140</xmax><ymax>87</ymax></bndbox></object><object><name>proposal</name><bndbox><xmin>336</xmin><ymin>358</ymin><xmax>115</xmax><ymax>91</ymax></bndbox></object><object><name>proposal</name><bndbox><xmin>265</xmin><ymin>230</ymin><xmax>231</xmax><ymax>252</ymax></bndbox></object><object><name>proposal</name><bndbox><xmin>334</xmin><ymin>396</ymin><xmax>87</xmax><ymax>48</ymax></bndbox></object><object><name>proposal</name><bndbox><xmin>621</xmin><ymin>523</ymin><xmax>107</xmax><ymax>74</ymax></bndbox></object><object><name>proposal</name><bndbox><xmin>271</xmin><ymin>257</ymin><xmax>157</xmax><ymax>173</ymax></bndbox></object><object><name>proposal</name><bndbox><xmin>337</xmin><ymin>359</ymin><xmax>86</xmax><ymax>59</ymax></bndbox></object><object><name>proposal</name><bndbox><xmin>651</xmin><ymin>521</ymin><xmax>110</xmax><ymax>99</ymax></bndbox></object><object><name>proposal</name><bndbox><xmin>289</xmin><ymin>253</ymin><xmax>154</xmax><ymax>229</ymax></bndbox></object><object><name>proposal</name><bndbox><xmin>334</xmin><ymin>364</ymin><xmax>89</xmax><ymax>80</ymax></bndbox></object><object><name>proposal</name><bndbox><xmin>276</xmin><ymin>350</ymin><xmax>150</xmax><ymax>118</ymax></bndbox></object><object><name>proposal</name><bndbox><xmin>351</xmin><ymin>364</ymin><xmax>72</xmax><ymax>55</ymax></bndbox></object><object><name>proposal</name><bndbox><xmin>332</xmin><ymin>358</ymin><xmax>115</xmax><ymax>76</ymax></bndbox></object><object><name>proposal</name><bndbox><xmin>274</xmin><ymin>344</ymin><xmax>131</xmax><ymax>132</ymax></bndbox></object><object><name>proposal</name><bndbox><xmin>277</xmin><ymin>356</ymin><xmax>282</xmax><ymax>241</ymax></bndbox></object><object><name>proposal</name><bndbox><xmin>652</xmin><ymin>522</ymin><xmax>76</xmax><ymax>53</ymax></bndbox></object><object><name>proposal</name><bndbox><xmin>274</xmin><ymin>314</ymin><xmax>108</xmax><ymax>162</ymax></bndbox></object><object><name>proposal</name><bndbox><xmin>638</xmin><ymin>563</ymin><xmax>128</xmax><ymax>106</ymax></bndbox></object><object><name>proposal</name><bndbox><xmin>338</xmin><ymin>364</ymin><xmax>109</xmax><ymax>70</ymax></bndbox></object></annotation>