<annotation><folder>Proposals</folder><filename>img-58.jpg</filename><size><width>720</width><height>720</height><depth>3</depth></size><object><name>proposal</name><bndbox><xmin>240</xmin><ymin>309</ymin><xmax>231</xmax><ymax>154</ymax></bndbox></object><object><name>proposal</name><bndbox><xmin>282</xmin><ymin>386</ymin><xmax>145</xmax><ymax>74</ymax></bndbox></object><object><name>proposal</name><bndbox><xmin>70</xmin><ymin>161</ymin><xmax>210</xmax><ymax>97</ymax></bndbox></object><object><name>proposal</name><bndbox><xmin>239</xmin><ymin>245</ymin><xmax>470</xmax><ymax>237</ymax></bndbox></object><object><name>proposal</name><bndbox><xmin>530</xmin><ymin>7</ymin><xmax>60</xmax><ymax>47</ymax></bndbox></object><object><name>proposal</name><bndbox><xmin>282</xmin><ymin>386</ymin><xmax>164</xmax><ymax>74</ymax></bndbox></object><object><name>proposal</name><bndbox><xmin>101</xmin><ymin>270</ymin><xmax>515</xmax><ymax>213</ymax></bndbox></object><object><name>proposal</name><bndbox><xmin>281</xmin><ymin>309</ymin><xmax>190</xmax><ymax>154</ymax></bndbox></object><object><name>proposal</name><bndbox><xmin>306</xmin><ymin>392</ymin><xmax>116</xmax><ymax>59</ymax></bndbox></object><object><name>proposal</name><bndbox><xmin>536</xmin><ymin>9</ymin><xmax>54</xmax><ymax>39</ymax></bndbox></object><object><name>proposal</name><bndbox><xmin>283</xmin><ymin>326</ymin><xmax>281</xmax><ymax>210</ymax></bndbox></object><object><name>proposal</name><bndbox><xmin>0</xmin><ymin>148</ymin><xmax>306</xmax><ymax>139</ymax></bndbox></object><object><name>proposal</name><bndbox><xmin>0</xmin><ymin>149</ymin><xmax>294</xmax><ymax>122</ymax></bndbox></object><object><name>proposal</name><bndbox><xmin>59</xmin><ymin>146</ymin><xmax>221</xmax><ymax>133</ymax></bndbox></object><object><name>proposal</name><bndbox><xmin>281</xmin><ymin>309</ymin><xmax>292</xmax><ymax>280</ymax></bndbox></object><object><name>proposal</name><bndbox><xmin>240</xmin><ymin>328</ymin><xmax>343</xmax><ymax>180</ymax></bndbox></object><object><name>proposal</name><bndbox><xmin>70</xmin><ymin>146</ymin><xmax>209</xmax><ymax>112</ymax></bndbox></object><object><name>proposal</name><bndbox><xmin>240</xmin><ymin>307</ymin><xmax>231</xmax><ymax>156</ymax></bndbox></object><object><name>proposal</name><bndbox><xmin>290</xmin><ymin>395</ymin><xmax>129</xmax><ymax>56</ymax></bndbox></object><object><name>proposal</name><bndbox><xmin>70</xmin><ymin>159</ymin><xmax>209</xmax><ymax>99</ymax></bndbox></object><object><name>proposal</name><bndbox><xmin>70</xmin><ymin>153</ymin><xmax>210</xmax><ymax>126</ymax></bndbox></object><object><name>proposal</name><bndbox><xmin>59</xmin><ymin>146</ymin><xmax>240</xmax><ymax>121</ymax></bndbox></object><object><name>proposal</name><bndbox><xmin>169</xmin><ymin>325</ymin><xmax>414</xmax><ymax>211</ymax></bndbox></object><object><name>proposal</name><bndbox><xmin>281</xmin><ymin>309</ymin><xmax>179</xmax><ymax>154</ymax></bndbox></object><object><name>proposal</name><bndbox><xmin>319</xmin><ymin>420</ymin><xmax>109</xmax><ymax>43</ymax></bndbox></object><object><name>proposal</name><bndbox><xmin>170</xmin><ymin>265</ymin><xmax>263</xmax><ymax>150</ymax></bndbox></object><object><name>proposal</name><bndbox><xmin>278</xmin><ymin>309</ymin><xmax>193</xmax><ymax>154</ymax></bndbox></object><object><name>proposal</name><bndbox><xmin>536</xmin><ymin>9</ymin><xmax>61</xmax><ymax>39</ymax></bndbox></object><object><name>proposal</name><bndbox><xmin>281</xmin><ymin>309</ymin><xmax>302</xmax><ymax>226</ymax></bndbox></object><object><name>proposal</name><bndbox><xmin>282</xmin><ymin>391</ymin><xmax>140</xmax><ymax>62</ymax></bndbox></object><object><name>proposal</name><bndbox><xmin>278</xmin><ymin>307</ymin><xmax>291</xmax><ymax>230</ymax></bndbox></object><object><name>proposal</name><bndbox><xmin>296</xmin><ymin>398</ymin><xmax>111</xmax><ymax>46</ymax></bndbox></object><object><name>proposal</name><bndbox><xmin>59</xmin><ymin>146</ymin><xmax>220</xmax><ymax>112</ymax></bndbox></object><object><name>proposal</name><bndbox><xmin>240</xmin><ymin>307</ymin><xmax>329</xmax><ymax>230</ymax></bndbox></object><object><name>proposal</name><bndbox><xmin>270</xmin><ymin>398</ymin><xmax>152</xmax><ymax>84</ymax></bndbox></object><object><name>proposal</name><bndbox><xmin>281</xmin><ymin>319</ymin><xmax>288</xmax><ymax>216</ymax></bndbox></object><object><name>proposal</name><bndbox><xmin>101</xmin><ymin>276</ymin><xmax>350</xmax><ymax>193</ymax></bndbox></object><object><name>proposal</name><bndbox><xmin>0</xmin><ymin>149</ymin><xmax>294</xmax><ymax>133</ymax></bndbox></object><object><name>proposal</name><bndbox><xmin>278</xmin><ymin>319</ymin><xmax>305</xmax><ymax>218</ymax></bndbox></object><object><name>proposal</name><bndbox><xmin>281</xmin><ymin>307</ymin><xmax>288</xmax><ymax>230</ymax></bndbox></object><object><name>proposal</name><bndbox><xmin>539</xmin><ymin>9</ymin><xmax>52</xmax><ymax>32</ymax></bndbox></object><object><name>proposal</name><bndbox><xmin>269</xmin><ymin>309</ymin><xmax>316</xmax><ymax>266</ymax></bndbox></object><object><name>proposal</name><bndbox><xmin>170</xmin><ymin>265</ymin><xmax>223</xmax><ymax>150</ymax></bndbox></object><object><name>proposal</name><bndbox><xmin>536</xmin><ymin>9</ymin><xmax>56</xmax><ymax>33</ymax></bndbox></object><object><name>proposal</name><bndbox><xmin>278</xmin><ymin>307</ymin><xmax>305</xmax><ymax>230</ymax></bndbox></object><object><name>proposal</name><bndbox><xmin>278</xmin><ymin>328</ymin><xmax>193</xmax><ymax>135</ymax></bndbox></object><object><name>proposal</name><bndbox><xmin>281</xmin><ymin>307</ymin><xmax>302</xmax><ymax>282</ymax></bndbox></object><object><name>proposal</name><bndbox><xmin>281</xmin><ymin>328</ymin><xmax>179</xmax><ymax>135</ymax></bndbox></object><object><name>proposal</name><bndbox><xmin>71</xmin><ymin>162</ymin><xmax>204</xmax><ymax>80</ymax></bndbox></object><object><name>proposal</name><bndbox><xmin>0</xmin><ymin>149</ymin><xmax>288</xmax><ymax>122</ymax></bndbox></object><object><name>proposal</name><bndbox><xmin>59</xmin><ymin>159</ymin><xmax>220</xmax><ymax>99</ymax></bndbox></object><object><name>proposal</name><bndbox><xmin>70</xmin><ymin>153</ymin><xmax>209</xmax><ymax>105</ymax></bndbox></object><object><name>proposal</name><bndbox><xmin>101</xmin><ymin>276</ymin><xmax>359</xmax><ymax>193</ymax></bndbox></object><object><name>proposal</name><bndbox><xmin>279</xmin><ymin>326</ymin><xmax>191</xmax><ymax>134</ymax></bndbox></object><object><name>proposal</name><bndbox><xmin>70</xmin><ymin>153</ymin><xmax>229</xmax><ymax>114</ymax></bndbox></object><object><name>proposal</name><bndbox><xmin>319</xmin><ymin>407</ymin><xmax>103</xmax><ymax>52</ymax></bndbox></object><object><name>proposal</name><bndbox><xmin>282</xmin><ymin>387</ymin><xmax>144</xmax><ymax>73</ymax></bndbox></object><object><name>proposal</name><bndbox><xmin>538</xmin><ymin>9</ymin><xmax>53</xmax><ymax>37</ymax></bndbox></object><object><name>proposal</name><bndbox><xmin>279</xmin><ymin>325</ymin><xmax>285</xmax><ymax>211</ymax></bndbox></object><object><name>proposal</name><bndbox><xmin>101</xmin><ymin>276</ymin><xmax>350</xmax><ymax>286</ymax></bndbox></object><object><name>proposal</name><bndbox><xmin>282</xmin><ymin>394</ymin><xmax>144</xmax><ymax>66</ymax></bndbox></object><object><name>proposal</name><bndbox><xmin>0</xmin><ymin>148</ymin><xmax>299</xmax><ymax>123</ymax></bndbox></object><object><name>proposal</name><bndbox><xmin>537</xmin><ymin>8</ymin><xmax>53</xmax><ymax>40</ymax></bndbox></object><object><name>proposal</name><bndbox><xmin>536</xmin><ymin>9</ymin><xmax>56</xmax><ymax>36</ymax></bndbox></object><object><name>proposal</name><bndbox><xmin>278</xmin><ymin>328</ymin><xmax>182</xmax><ymax>135</ymax></bndbox></object><object><name>proposal</name><bndbox><xmin>59</xmin><ymin>146</ymin><xmax>221</xmax><ymax>112</ymax></bndbox></object><object><name>proposal</name><bndbox><xmin>281</xmin><ymin>319</ymin><xmax>288</xmax><ymax>218</ymax></bndbox></object><object><name>proposal</name><bndbox><xmin>59</xmin><ymin>148</ymin><xmax>240</xmax><ymax>123</ymax></bndbox></object><object><name>proposal</name><bndbox><xmin>181</xmin><ymin>309</ymin><xmax>404</xmax><ymax>266</ymax></bndbox></object><object><name>proposal</name><bndbox><xmin>170</xmin><ymin>265</ymin><xmax>263</xmax><ymax>136</ymax></bndbox></object><object><name>proposal</name><bndbox><xmin>70</xmin><ymin>146</ymin><xmax>210</xmax><ymax>133</ymax></bndbox></object><object><name>proposal</name><bndbox><xmin>290</xmin><ymin>392</ymin><xmax>132</xmax><ymax>59</ymax></bndbox></object><object><name>proposal</name><bndbox><xmin>319</xmin><ymin>395</ymin><xmax>97</xmax><ymax>67</ymax></bndbox></object><object><name>proposal</name><bndbox><xmin>269</xmin><ymin>310</ymin><xmax>316</xmax><ymax>265</ymax></bndbox></object><object><name>proposal</name><bndbox><xmin>278</xmin><ymin>307</ymin><xmax>305</xmax><ymax>269</ymax></bndbox></object><object><name>proposal</name><bndbox><xmin>278</xmin><ymin>309</ymin><xmax>295</xmax><ymax>280</ymax></bndbox></object><object><name>proposal</name><bndbox><xmin>296</xmin><ymin>398</ymin><xmax>126</xmax><ymax>61</ymax></bndbox></object><object><name>proposal</name><bndbox><xmin>270</xmin><ymin>398</ymin><xmax>152</xmax><ymax>61</ymax></bndbox></object><object><name>proposal</name><bndbox><xmin>59</xmin><ymin>153</ymin><xmax>240</xmax><ymax>114</ymax></bndbox></object><object><name>proposal</name><bndbox><xmin>224</xmin><ymin>398</ymin><xmax>198</xmax><ymax>164</ymax></bndbox></object><object><name>proposal</name><bndbox><xmin>270</xmin><ymin>301</ymin><xmax>313</xmax><ymax>207</ymax></bndbox></object><object><name>proposal</name><bndbox><xmin>224</xmin><ymin>398</ymin><xmax>192</xmax><ymax>143</ymax></bndbox></object><object><name>proposal</name><bndbox><xmin>101</xmin><ymin>276</ymin><xmax>379</xmax><ymax>207</ymax></bndbox></object><object><name>proposal</name><bndbox><xmin>169</xmin><ymin>309</ymin><xmax>416</xmax><ymax>266</ymax></bndbox></object><object><name>proposal</name><bndbox><xmin>169</xmin><ymin>325</ymin><xmax>395</xmax><ymax>211</ymax></bndbox></object><object><name>proposal</name><bndbox><xmin>282</xmin><ymin>331</ymin><xmax>275</xmax><ymax>162</ymax></bndbox></object><object><name>proposal</name><bndbox><xmin>222</xmin><ymin>325</ymin><xmax>361</xmax><ymax>211</ymax></bndbox></object><object><name>proposal</name><bndbox><xmin>222</xmin><ymin>325</ymin><xmax>342</xmax><ymax>211</ymax></bndbox></object><object><name>proposal</name><bndbox><xmin>306</xmin><ymin>395</ymin><xmax>113</xmax><ymax>56</ymax></bndbox></object><object><name>proposal</name><bndbox><xmin>71</xmin><ymin>146</ymin><xmax>204</xmax><ymax>96</ymax></bndbox></object><object><name>proposal</name><bndbox><xmin>224</xmin><ymin>398</ymin><xmax>210</xmax><ymax>143</ymax></bndbox></object><object><name>proposal</name><bndbox><xmin>59</xmin><ymin>153</ymin><xmax>221</xmax><ymax>105</ymax></bndbox></object><object><name>proposal</name><bndbox><xmin>76</xmin><ymin>265</ymin><xmax>357</xmax><ymax>150</ymax></bndbox></object><object><name>proposal</name><bndbox><xmin>293</xmin><ymin>325</ymin><xmax>271</xmax><ymax>208</ymax></bndbox></object><object><name>proposal</name><bndbox><xmin>240</xmin><ymin>301</ymin><xmax>343</xmax><ymax>207</ymax></bndbox></object><object><name>proposal</name><bndbox><xmin>279</xmin><ymin>325</ymin><xmax>285</xmax><ymax>208</ymax></bndbox></object><object><name>proposal</name><bndbox><xmin>289</xmin><ymin>326</ymin><xmax>275</xmax><ymax>207</ymax></bndbox></object><object><name>proposal</name><bndbox><xmin>0</xmin><ymin>149</ymin><xmax>288</xmax><ymax>133</ymax></bndbox></object><object><name>proposal</name><bndbox><xmin>222</xmin><ymin>325</ymin><xmax>342</xmax><ymax>208</ymax></bndbox></object><object><name>proposal</name><bndbox><xmin>240</xmin><ymin>301</ymin><xmax>343</xmax><ymax>234</ymax></bndbox></object><object><name>proposal</name><bndbox><xmin>278</xmin><ymin>319</ymin><xmax>305</xmax><ymax>216</ymax></bndbox></object><object><name>proposal</name><bndbox><xmin>279</xmin><ymin>326</ymin><xmax>285</xmax><ymax>210</ymax></bndbox></object><object><name>proposal</name><bndbox><xmin>278</xmin><ymin>307</ymin><xmax>182</xmax><ymax>156</ymax></bndbox></object><object><name>proposal</name><bndbox><xmin>282</xmin><ymin>386</ymin><xmax>154</xmax><ymax>74</ymax></bndbox></object><object><name>proposal</name><bndbox><xmin>278</xmin><ymin>309</ymin><xmax>305</xmax><ymax>280</ymax></bndbox></object><object><name>proposal</name><bndbox><xmin>249</xmin><ymin>325</ymin><xmax>315</xmax><ymax>210</ymax></bndbox></object><object><name>proposal</name><bndbox><xmin>169</xmin><ymin>325</ymin><xmax>414</xmax><ymax>208</ymax></bndbox></object><object><name>proposal</name><bndbox><xmin>270</xmin><ymin>328</ymin><xmax>313</xmax><ymax>180</ymax></bndbox></object><object><name>proposal</name><bndbox><xmin>70</xmin><ymin>146</ymin><xmax>229</xmax><ymax>121</ymax></bndbox></object><object><name>proposal</name><bndbox><xmin>278</xmin><ymin>309</ymin><xmax>305</xmax><ymax>228</ymax></bndbox></object><object><name>proposal</name><bndbox><xmin>0</xmin><ymin>148</ymin><xmax>303</xmax><ymax>110</ymax></bndbox></object><object><name>proposal</name><bndbox><xmin>274</xmin><ymin>245</ymin><xmax>435</xmax><ymax>237</ymax></bndbox></object><object><name>proposal</name><bndbox><xmin>0</xmin><ymin>149</ymin><xmax>294</xmax><ymax>138</ymax></bndbox></object><object><name>proposal</name><bndbox><xmin>71</xmin><ymin>154</ymin><xmax>204</xmax><ymax>88</ymax></bndbox></object><object><name>proposal</name><bndbox><xmin>278</xmin><ymin>326</ymin><xmax>158</xmax><ymax>134</ymax></bndbox></object><object><name>proposal</name><bndbox><xmin>282</xmin><ymin>326</ymin><xmax>282</xmax><ymax>210</ymax></bndbox></object><object><name>proposal</name><bndbox><xmin>281</xmin><ymin>307</ymin><xmax>292</xmax><ymax>269</ymax></bndbox></object><object><name>proposal</name><bndbox><xmin>563</xmin><ymin>9</ymin><xmax>28</xmax><ymax>25</ymax></bndbox></object><object><name>proposal</name><bndbox><xmin>290</xmin><ymin>325</ymin><xmax>274</xmax><ymax>211</ymax></bndbox></object><object><name>proposal</name><bndbox><xmin>229</xmin><ymin>325</ymin><xmax>335</xmax><ymax>210</ymax></bndbox></object><object><name>proposal</name><bndbox><xmin>222</xmin><ymin>325</ymin><xmax>361</xmax><ymax>208</ymax></bndbox></object><object><name>proposal</name><bndbox><xmin>282</xmin><ymin>386</ymin><xmax>152</xmax><ymax>74</ymax></bndbox></object><object><name>proposal</name><bndbox><xmin>0</xmin><ymin>148</ymin><xmax>288</xmax><ymax>110</ymax></bndbox></object><object><name>proposal</name><bndbox><xmin>0</xmin><ymin>148</ymin><xmax>299</xmax><ymax>119</ymax></bndbox></object><object><name>proposal</name><bndbox><xmin>101</xmin><ymin>276</ymin><xmax>359</xmax><ymax>207</ymax></bndbox></object><object><name>proposal</name><bndbox><xmin>70</xmin><ymin>146</ymin><xmax>210</xmax><ymax>112</ymax></bndbox></object><object><name>proposal</name><bndbox><xmin>278</xmin><ymin>307</ymin><xmax>305</xmax><ymax>282</ymax></bndbox></object><object><name>proposal</name><bndbox><xmin>536</xmin><ymin>9</ymin><xmax>55</xmax><ymax>35</ymax></bndbox></object><object><name>proposal</name><bndbox><xmin>282</xmin><ymin>390</ymin><xmax>154</xmax><ymax>70</ymax></bndbox></object><object><name>proposal</name><bndbox><xmin>293</xmin><ymin>325</ymin><xmax>271</xmax><ymax>211</ymax></bndbox></object><object><name>proposal</name><bndbox><xmin>167</xmin><ymin>237</ymin><xmax>266</xmax><ymax>178</ymax></bndbox></object><object><name>proposal</name><bndbox><xmin>240</xmin><ymin>307</ymin><xmax>343</xmax><ymax>282</ymax></bndbox></object><object><name>proposal</name><bndbox><xmin>240</xmin><ymin>309</ymin><xmax>343</xmax><ymax>199</ymax></bndbox></object><object><name>proposal</name><bndbox><xmin>101</xmin><ymin>276</ymin><xmax>350</xmax><ymax>207</ymax></bndbox></object><object><name>proposal</name><bndbox><xmin>240</xmin><ymin>307</ymin><xmax>343</xmax><ymax>269</ymax></bndbox></object><object><name>proposal</name><bndbox><xmin>274</xmin><ymin>275</ymin><xmax>386</xmax><ymax>207</ymax></bndbox></object><object><name>proposal</name><bndbox><xmin>70</xmin><ymin>153</ymin><xmax>210</xmax><ymax>105</ymax></bndbox></object><object><name>proposal</name><bndbox><xmin>281</xmin><ymin>307</ymin><xmax>302</xmax><ymax>228</ymax></bndbox></object><object><name>proposal</name><bndbox><xmin>240</xmin><ymin>307</ymin><xmax>343</xmax><ymax>230</ymax></bndbox></object><object><name>proposal</name><bndbox><xmin>270</xmin><ymin>301</ymin><xmax>313</xmax><ymax>234</ymax></bndbox></object><object><name>proposal</name><bndbox><xmin>59</xmin><ymin>161</ymin><xmax>221</xmax><ymax>97</ymax></bndbox></object><object><name>proposal</name><bndbox><xmin>296</xmin><ymin>398</ymin><xmax>111</xmax><ymax>61</ymax></bndbox></object><object><name>proposal</name><bndbox><xmin>270</xmin><ymin>407</ymin><xmax>152</xmax><ymax>75</ymax></bndbox></object><object><name>proposal</name><bndbox><xmin>270</xmin><ymin>309</ymin><xmax>313</xmax><ymax>199</ymax></bndbox></object><object><name>proposal</name><bndbox><xmin>239</xmin><ymin>275</ymin><xmax>421</xmax><ymax>207</ymax></bndbox></object><object><name>proposal</name><bndbox><xmin>283</xmin><ymin>326</ymin><xmax>187</xmax><ymax>134</ymax></bndbox></object><object><name>proposal</name><bndbox><xmin>240</xmin><ymin>307</ymin><xmax>333</xmax><ymax>282</ymax></bndbox></object><object><name>proposal</name><bndbox><xmin>289</xmin><ymin>326</ymin><xmax>275</xmax><ymax>210</ymax></bndbox></object><object><name>proposal</name><bndbox><xmin>281</xmin><ymin>307</ymin><xmax>302</xmax><ymax>269</ymax></bndbox></object><object><name>proposal</name><bndbox><xmin>281</xmin><ymin>309</ymin><xmax>288</xmax><ymax>226</ymax></bndbox></object><object><name>proposal</name><bndbox><xmin>59</xmin><ymin>153</ymin><xmax>220</xmax><ymax>105</ymax></bndbox></object><object><name>proposal</name><bndbox><xmin>281</xmin><ymin>319</ymin><xmax>302</xmax><ymax>216</ymax></bndbox></object><object><name>proposal</name><bndbox><xmin>295</xmin><ymin>398</ymin><xmax>127</xmax><ymax>124</ymax></bndbox></object><object><name>proposal</name><bndbox><xmin>281</xmin><ymin>307</ymin><xmax>179</xmax><ymax>156</ymax></bndbox></object><object><name>proposal</name><bndbox><xmin>279</xmin><ymin>325</ymin><xmax>285</xmax><ymax>210</ymax></bndbox></object><object><name>proposal</name><bndbox><xmin>59</xmin><ymin>148</ymin><xmax>240</xmax><ymax>119</ymax></bndbox></object><object><name>proposal</name><bndbox><xmin>536</xmin><ymin>9</ymin><xmax>55</xmax><ymax>33</ymax></bndbox></object><object><name>proposal</name><bndbox><xmin>0</xmin><ymin>149</ymin><xmax>288</xmax><ymax>138</ymax></bndbox></object><object><name>proposal</name><bndbox><xmin>181</xmin><ymin>310</ymin><xmax>404</xmax><ymax>265</ymax></bndbox></object><object><name>proposal</name><bndbox><xmin>278</xmin><ymin>307</ymin><xmax>193</xmax><ymax>156</ymax></bndbox></object></annotation>