<annotation><folder>Proposals</folder><filename>img-378.jpg</filename><size><width>400</width><height>300</height><depth>3</depth></size><object><name>proposal</name><bndbox><xmin>379</xmin><ymin>538</ymin><xmax>421</xmax><ymax>262</ymax></bndbox></object><object><name>proposal</name><bndbox><xmin>391</xmin><ymin>538</ymin><xmax>409</xmax><ymax>262</ymax></bndbox></object><object><name>proposal</name><bndbox><xmin>373</xmin><ymin>416</ymin><xmax>209</xmax><ymax>214</ymax></bndbox></object><object><name>proposal</name><bndbox><xmin>537</xmin><ymin>507</ymin><xmax>125</xmax><ymax>242</ymax></bndbox></object><object><name>proposal</name><bndbox><xmin>410</xmin><ymin>509</ymin><xmax>111</xmax><ymax>179</ymax></bndbox></object><object><name>proposal</name><bndbox><xmin>517</xmin><ymin>457</ymin><xmax>169</xmax><ymax>261</ymax></bndbox></object><object><name>proposal</name><bndbox><xmin>395</xmin><ymin>472</ymin><xmax>405</xmax><ymax>328</ymax></bndbox></object><object><name>proposal</name><bndbox><xmin>479</xmin><ymin>360</ymin><xmax>269</xmax><ymax>299</ymax></bndbox></object><object><name>proposal</name><bndbox><xmin>277</xmin><ymin>336</ymin><xmax>267</xmax><ymax>429</ymax></bndbox></object><object><name>proposal</name><bndbox><xmin>379</xmin><ymin>85</ymin><xmax>421</xmax><ymax>715</ymax></bndbox></object><object><name>proposal</name><bndbox><xmin>407</xmin><ymin>382</ymin><xmax>331</xmax><ymax>223</ymax></bndbox></object><object><name>proposal</name><bndbox><xmin>479</xmin><ymin>560</ymin><xmax>148</xmax><ymax>154</ymax></bndbox></object><object><name>proposal</name><bndbox><xmin>391</xmin><ymin>85</ymin><xmax>409</xmax><ymax>715</ymax></bndbox></object><object><name>proposal</name><bndbox><xmin>535</xmin><ymin>472</ymin><xmax>203</xmax><ymax>246</ymax></bndbox></object><object><name>proposal</name><bndbox><xmin>316</xmin><ymin>360</ymin><xmax>275</xmax><ymax>337</ymax></bndbox></object><object><name>proposal</name><bndbox><xmin>438</xmin><ymin>419</ymin><xmax>170</xmax><ymax>259</ymax></bndbox></object><object><name>proposal</name><bndbox><xmin>487</xmin><ymin>478</ymin><xmax>146</xmax><ymax>152</ymax></bndbox></object><object><name>proposal</name><bndbox><xmin>403</xmin><ymin>392</ymin><xmax>278</xmax><ymax>280</ymax></bndbox></object><object><name>proposal</name><bndbox><xmin>438</xmin><ymin>437</ymin><xmax>147</xmax><ymax>241</ymax></bndbox></object><object><name>proposal</name><bndbox><xmin>548</xmin><ymin>451</ymin><xmax>131</xmax><ymax>174</ymax></bndbox></object><object><name>proposal</name><bndbox><xmin>462</xmin><ymin>401</ymin><xmax>204</xmax><ymax>159</ymax></bndbox></object><object><name>proposal</name><bndbox><xmin>532</xmin><ymin>451</ymin><xmax>206</xmax><ymax>239</ymax></bndbox></object><object><name>proposal</name><bndbox><xmin>192</xmin><ymin>348</ymin><xmax>381</xmax><ymax>298</ymax></bndbox></object><object><name>proposal</name><bndbox><xmin>268</xmin><ymin>278</ymin><xmax>428</xmax><ymax>394</ymax></bndbox></object><object><name>proposal</name><bndbox><xmin>438</xmin><ymin>419</ymin><xmax>228</xmax><ymax>259</ymax></bndbox></object><object><name>proposal</name><bndbox><xmin>370</xmin><ymin>416</ymin><xmax>184</xmax><ymax>160</ymax></bndbox></object><object><name>proposal</name><bndbox><xmin>559</xmin><ymin>413</ymin><xmax>189</xmax><ymax>179</ymax></bndbox></object><object><name>proposal</name><bndbox><xmin>487</xmin><ymin>480</ymin><xmax>140</xmax><ymax>146</ymax></bndbox></object><object><name>proposal</name><bndbox><xmin>407</xmin><ymin>401</ymin><xmax>259</xmax><ymax>178</ymax></bndbox></object><object><name>proposal</name><bndbox><xmin>373</xmin><ymin>416</ymin><xmax>227</xmax><ymax>251</ymax></bndbox></object><object><name>proposal</name><bndbox><xmin>368</xmin><ymin>400</ymin><xmax>202</xmax><ymax>272</ymax></bndbox></object><object><name>proposal</name><bndbox><xmin>407</xmin><ymin>426</ymin><xmax>217</xmax><ymax>222</ymax></bndbox></object><object><name>proposal</name><bndbox><xmin>316</xmin><ymin>358</ymin><xmax>422</xmax><ymax>432</ymax></bndbox></object><object><name>proposal</name><bndbox><xmin>474</xmin><ymin>408</ymin><xmax>274</xmax><ymax>337</ymax></bndbox></object><object><name>proposal</name><bndbox><xmin>563</xmin><ymin>460</ymin><xmax>118</xmax><ymax>177</ymax></bndbox></object><object><name>proposal</name><bndbox><xmin>487</xmin><ymin>480</ymin><xmax>146</xmax><ymax>146</ymax></bndbox></object><object><name>proposal</name><bndbox><xmin>407</xmin><ymin>405</ymin><xmax>165</xmax><ymax>160</ymax></bndbox></object><object><name>proposal</name><bndbox><xmin>533</xmin><ymin>451</ymin><xmax>168</xmax><ymax>266</ymax></bndbox></object><object><name>proposal</name><bndbox><xmin>459</xmin><ymin>375</ymin><xmax>271</xmax><ymax>249</ymax></bndbox></object><object><name>proposal</name><bndbox><xmin>487</xmin><ymin>472</ymin><xmax>200</xmax><ymax>226</ymax></bndbox></object><object><name>proposal</name><bndbox><xmin>404</xmin><ymin>401</ymin><xmax>168</xmax><ymax>178</ymax></bndbox></object><object><name>proposal</name><bndbox><xmin>517</xmin><ymin>441</ymin><xmax>186</xmax><ymax>256</ymax></bndbox></object><object><name>proposal</name><bndbox><xmin>523</xmin><ymin>515</ymin><xmax>110</xmax><ymax>184</ymax></bndbox></object><object><name>proposal</name><bndbox><xmin>380</xmin><ymin>594</ymin><xmax>420</xmax><ymax>206</ymax></bndbox></object><object><name>proposal</name><bndbox><xmin>474</xmin><ymin>460</ymin><xmax>207</xmax><ymax>285</ymax></bndbox></object><object><name>proposal</name><bndbox><xmin>507</xmin><ymin>513</ymin><xmax>231</xmax><ymax>277</ymax></bndbox></object><object><name>proposal</name><bndbox><xmin>533</xmin><ymin>451</ymin><xmax>205</xmax><ymax>239</ymax></bndbox></object><object><name>proposal</name><bndbox><xmin>277</xmin><ymin>141</ymin><xmax>404</xmax><ymax>486</ymax></bndbox></object><object><name>proposal</name><bndbox><xmin>372</xmin><ymin>91</ymin><xmax>428</xmax><ymax>496</ymax></bndbox></object><object><name>proposal</name><bndbox><xmin>210</xmin><ymin>359</ymin><xmax>372</xmax><ymax>287</ymax></bndbox></object><object><name>proposal</name><bndbox><xmin>431</xmin><ymin>390</ymin><xmax>142</xmax><ymax>357</ymax></bndbox></object><object><name>proposal</name><bndbox><xmin>475</xmin><ymin>382</ymin><xmax>221</xmax><ymax>336</ymax></bndbox></object><object><name>proposal</name><bndbox><xmin>177</xmin><ymin>523</ymin><xmax>508</xmax><ymax>277</ymax></bndbox></object><object><name>proposal</name><bndbox><xmin>316</xmin><ymin>459</ymin><xmax>346</xmax><ymax>290</ymax></bndbox></object><object><name>proposal</name><bndbox><xmin>487</xmin><ymin>478</ymin><xmax>146</xmax><ymax>191</ymax></bndbox></object><object><name>proposal</name><bndbox><xmin>278</xmin><ymin>414</ymin><xmax>522</xmax><ymax>386</ymax></bndbox></object><object><name>proposal</name><bndbox><xmin>362</xmin><ymin>416</ymin><xmax>324</xmax><ymax>302</ymax></bndbox></object><object><name>proposal</name><bndbox><xmin>192</xmin><ymin>350</ymin><xmax>374</xmax><ymax>303</ymax></bndbox></object><object><name>proposal</name><bndbox><xmin>474</xmin><ymin>425</ymin><xmax>159</xmax><ymax>202</ymax></bndbox></object><object><name>proposal</name><bndbox><xmin>316</xmin><ymin>401</ymin><xmax>350</xmax><ymax>268</ymax></bndbox></object><object><name>proposal</name><bndbox><xmin>487</xmin><ymin>480</ymin><xmax>132</xmax><ymax>185</ymax></bndbox></object><object><name>proposal</name><bndbox><xmin>316</xmin><ymin>401</ymin><xmax>422</xmax><ymax>317</ymax></bndbox></object><object><name>proposal</name><bndbox><xmin>533</xmin><ymin>457</ymin><xmax>153</xmax><ymax>241</ymax></bndbox></object><object><name>proposal</name><bndbox><xmin>277</xmin><ymin>336</ymin><xmax>295</xmax><ymax>429</ymax></bndbox></object><object><name>proposal</name><bndbox><xmin>521</xmin><ymin>468</ymin><xmax>103</xmax><ymax>180</ymax></bndbox></object><object><name>proposal</name><bndbox><xmin>448</xmin><ymin>363</ymin><xmax>246</xmax><ymax>271</ymax></bndbox></object><object><name>proposal</name><bndbox><xmin>339</xmin><ymin>593</ymin><xmax>343</xmax><ymax>207</ymax></bndbox></object><object><name>proposal</name><bndbox><xmin>474</xmin><ymin>461</ymin><xmax>123</xmax><ymax>250</ymax></bndbox></object><object><name>proposal</name><bndbox><xmin>504</xmin><ymin>360</ymin><xmax>244</xmax><ymax>245</ymax></bndbox></object><object><name>proposal</name><bndbox><xmin>507</xmin><ymin>513</ymin><xmax>231</xmax><ymax>224</ymax></bndbox></object><object><name>proposal</name><bndbox><xmin>0</xmin><ymin>326</ymin><xmax>800</xmax><ymax>474</ymax></bndbox></object><object><name>proposal</name><bndbox><xmin>448</xmin><ymin>363</ymin><xmax>281</xmax><ymax>362</ymax></bndbox></object><object><name>proposal</name><bndbox><xmin>478</xmin><ymin>512</ymin><xmax>107</xmax><ymax>166</ymax></bndbox></object><object><name>proposal</name><bndbox><xmin>527</xmin><ymin>451</ymin><xmax>158</xmax><ymax>243</ymax></bndbox></object><object><name>proposal</name><bndbox><xmin>316</xmin><ymin>375</ymin><xmax>414</xmax><ymax>342</ymax></bndbox></object><object><name>proposal</name><bndbox><xmin>368</xmin><ymin>416</ymin><xmax>186</xmax><ymax>167</ymax></bndbox></object><object><name>proposal</name><bndbox><xmin>512</xmin><ymin>508</ymin><xmax>158</xmax><ymax>203</ymax></bndbox></object><object><name>proposal</name><bndbox><xmin>286</xmin><ymin>358</ymin><xmax>514</xmax><ymax>442</ymax></bndbox></object><object><name>proposal</name><bndbox><xmin>475</xmin><ymin>480</ymin><xmax>158</xmax><ymax>185</ymax></bndbox></object><object><name>proposal</name><bndbox><xmin>398</xmin><ymin>606</ymin><xmax>284</xmax><ymax>194</ymax></bndbox></object><object><name>proposal</name><bndbox><xmin>406</xmin><ymin>425</ymin><xmax>242</xmax><ymax>202</ymax></bndbox></object><object><name>proposal</name><bndbox><xmin>392</xmin><ymin>360</ymin><xmax>356</xmax><ymax>385</ymax></bndbox></object><object><name>proposal</name><bndbox><xmin>617</xmin><ymin>460</ymin><xmax>113</xmax><ymax>199</ymax></bndbox></object><object><name>proposal</name><bndbox><xmin>487</xmin><ymin>472</ymin><xmax>200</xmax><ymax>215</ymax></bndbox></object><object><name>proposal</name><bndbox><xmin>407</xmin><ymin>426</ymin><xmax>239</xmax><ymax>140</ymax></bndbox></object><object><name>proposal</name><bndbox><xmin>192</xmin><ymin>350</ymin><xmax>414</xmax><ymax>317</ymax></bndbox></object><object><name>proposal</name><bndbox><xmin>533</xmin><ymin>451</ymin><xmax>146</xmax><ymax>239</ymax></bndbox></object><object><name>proposal</name><bndbox><xmin>486</xmin><ymin>461</ymin><xmax>138</xmax><ymax>284</ymax></bndbox></object><object><name>proposal</name><bndbox><xmin>492</xmin><ymin>409</ymin><xmax>220</xmax><ymax>263</ymax></bndbox></object><object><name>proposal</name><bndbox><xmin>62</xmin><ymin>376</ymin><xmax>620</xmax><ymax>424</ymax></bndbox></object><object><name>proposal</name><bndbox><xmin>486</xmin><ymin>408</ymin><xmax>262</xmax><ymax>337</ymax></bndbox></object><object><name>proposal</name><bndbox><xmin>433</xmin><ymin>442</ymin><xmax>157</xmax><ymax>119</ymax></bndbox></object><object><name>proposal</name><bndbox><xmin>332</xmin><ymin>415</ymin><xmax>348</xmax><ymax>302</ymax></bndbox></object><object><name>proposal</name><bndbox><xmin>492</xmin><ymin>409</ymin><xmax>220</xmax><ymax>336</ymax></bndbox></object><object><name>proposal</name><bndbox><xmin>513</xmin><ymin>423</ymin><xmax>190</xmax><ymax>294</ymax></bndbox></object><object><name>proposal</name><bndbox><xmin>475</xmin><ymin>518</ymin><xmax>124</xmax><ymax>145</ymax></bndbox></object><object><name>proposal</name><bndbox><xmin>391</xmin><ymin>91</ymin><xmax>409</xmax><ymax>709</ymax></bndbox></object><object><name>proposal</name><bndbox><xmin>316</xmin><ymin>358</ymin><xmax>380</xmax><ymax>288</ymax></bndbox></object><object><name>proposal</name><bndbox><xmin>487</xmin><ymin>472</ymin><xmax>200</xmax><ymax>246</ymax></bndbox></object><object><name>proposal</name><bndbox><xmin>470</xmin><ymin>382</ymin><xmax>224</xmax><ymax>128</ymax></bndbox></object><object><name>proposal</name><bndbox><xmin>380</xmin><ymin>94</ymin><xmax>420</xmax><ymax>706</ymax></bndbox></object><object><name>proposal</name><bndbox><xmin>190</xmin><ymin>352</ymin><xmax>392</xmax><ymax>294</ymax></bndbox></object><object><name>proposal</name><bndbox><xmin>470</xmin><ymin>382</ymin><xmax>226</xmax><ymax>128</ymax></bndbox></object><object><name>proposal</name><bndbox><xmin>436</xmin><ymin>416</ymin><xmax>250</xmax><ymax>278</ymax></bndbox></object><object><name>proposal</name><bndbox><xmin>392</xmin><ymin>360</ymin><xmax>199</xmax><ymax>187</ymax></bndbox></object><object><name>proposal</name><bndbox><xmin>192</xmin><ymin>348</ymin><xmax>388</xmax><ymax>293</ymax></bndbox></object><object><name>proposal</name><bndbox><xmin>478</xmin><ymin>414</ymin><xmax>322</xmax><ymax>386</ymax></bndbox></object><object><name>proposal</name><bndbox><xmin>517</xmin><ymin>423</ymin><xmax>186</xmax><ymax>274</ymax></bndbox></object><object><name>proposal</name><bndbox><xmin>433</xmin><ymin>406</ymin><xmax>205</xmax><ymax>261</ymax></bndbox></object><object><name>proposal</name><bndbox><xmin>541</xmin><ymin>480</ymin><xmax>140</xmax><ymax>213</ymax></bndbox></object><object><name>proposal</name><bndbox><xmin>559</xmin><ymin>413</ymin><xmax>189</xmax><ymax>246</ymax></bndbox></object><object><name>proposal</name><bndbox><xmin>523</xmin><ymin>439</ymin><xmax>123</xmax><ymax>260</ymax></bndbox></object><object><name>proposal</name><bndbox><xmin>559</xmin><ymin>408</ymin><xmax>189</xmax><ymax>264</ymax></bndbox></object><object><name>proposal</name><bndbox><xmin>0</xmin><ymin>299</ymin><xmax>748</xmax><ymax>501</ymax></bndbox></object><object><name>proposal</name><bndbox><xmin>319</xmin><ymin>416</ymin><xmax>361</xmax><ymax>301</ymax></bndbox></object><object><name>proposal</name><bndbox><xmin>474</xmin><ymin>461</ymin><xmax>119</xmax><ymax>157</ymax></bndbox></object><object><name>proposal</name><bndbox><xmin>438</xmin><ymin>437</ymin><xmax>170</xmax><ymax>241</ymax></bndbox></object><object><name>proposal</name><bndbox><xmin>388</xmin><ymin>502</ymin><xmax>157</xmax><ymax>170</ymax></bndbox></object><object><name>proposal</name><bndbox><xmin>391</xmin><ymin>440</ymin><xmax>409</xmax><ymax>360</ymax></bndbox></object><object><name>proposal</name><bndbox><xmin>414</xmin><ymin>499</ymin><xmax>194</xmax><ymax>179</ymax></bndbox></object><object><name>proposal</name><bndbox><xmin>268</xmin><ymin>91</ymin><xmax>532</xmax><ymax>709</ymax></bndbox></object><object><name>proposal</name><bndbox><xmin>370</xmin><ymin>509</ymin><xmax>152</xmax><ymax>188</ymax></bndbox></object><object><name>proposal</name><bndbox><xmin>470</xmin><ymin>382</ymin><xmax>268</xmax><ymax>223</ymax></bndbox></object><object><name>proposal</name><bndbox><xmin>437</xmin><ymin>423</ymin><xmax>201</xmax><ymax>244</ymax></bndbox></object><object><name>proposal</name><bndbox><xmin>438</xmin><ymin>419</ymin><xmax>243</xmax><ymax>299</ymax></bndbox></object><object><name>proposal</name><bndbox><xmin>373</xmin><ymin>416</ymin><xmax>227</xmax><ymax>222</ymax></bndbox></object><object><name>proposal</name><bndbox><xmin>533</xmin><ymin>451</ymin><xmax>152</xmax><ymax>239</ymax></bndbox></object><object><name>proposal</name><bndbox><xmin>517</xmin><ymin>441</ymin><xmax>186</xmax><ymax>276</ymax></bndbox></object><object><name>proposal</name><bndbox><xmin>527</xmin><ymin>451</ymin><xmax>158</xmax><ymax>266</ymax></bndbox></object><object><name>proposal</name><bndbox><xmin>406</xmin><ymin>239</ymin><xmax>288</xmax><ymax>292</ymax></bndbox></object><object><name>proposal</name><bndbox><xmin>467</xmin><ymin>390</ymin><xmax>199</xmax><ymax>223</ymax></bndbox></object><object><name>proposal</name><bndbox><xmin>513</xmin><ymin>441</ymin><xmax>190</xmax><ymax>256</ymax></bndbox></object><object><name>proposal</name><bndbox><xmin>595</xmin><ymin>414</ymin><xmax>205</xmax><ymax>386</ymax></bndbox></object><object><name>proposal</name><bndbox><xmin>388</xmin><ymin>426</ymin><xmax>258</xmax><ymax>246</ymax></bndbox></object><object><name>proposal</name><bndbox><xmin>373</xmin><ymin>416</ymin><xmax>209</xmax><ymax>234</ymax></bndbox></object><object><name>proposal</name><bndbox><xmin>388</xmin><ymin>493</ymin><xmax>236</xmax><ymax>179</ymax></bndbox></object><object><name>proposal</name><bndbox><xmin>394</xmin><ymin>414</ymin><xmax>406</xmax><ymax>386</ymax></bndbox></object><object><name>proposal</name><bndbox><xmin>433</xmin><ymin>406</ymin><xmax>268</xmax><ymax>311</ymax></bndbox></object><object><name>proposal</name><bndbox><xmin>452</xmin><ymin>375</ymin><xmax>278</xmax><ymax>252</ymax></bndbox></object><object><name>proposal</name><bndbox><xmin>319</xmin><ymin>375</ymin><xmax>411</xmax><ymax>320</ymax></bndbox></object><object><name>proposal</name><bndbox><xmin>487</xmin><ymin>472</ymin><xmax>251</xmax><ymax>246</ymax></bndbox></object><object><name>proposal</name><bndbox><xmin>190</xmin><ymin>352</ymin><xmax>384</xmax><ymax>315</ymax></bndbox></object><object><name>proposal</name><bndbox><xmin>272</xmin><ymin>336</ymin><xmax>300</xmax><ymax>429</ymax></bndbox></object><object><name>proposal</name><bndbox><xmin>328</xmin><ymin>56</ymin><xmax>472</xmax><ymax>744</ymax></bndbox></object><object><name>proposal</name><bndbox><xmin>514</xmin><ymin>517</ymin><xmax>167</xmax><ymax>155</ymax></bndbox></object><object><name>proposal</name><bndbox><xmin>316</xmin><ymin>390</ymin><xmax>350</xmax><ymax>288</ymax></bndbox></object><object><name>proposal</name><bndbox><xmin>470</xmin><ymin>358</ymin><xmax>330</xmax><ymax>442</ymax></bndbox></object><object><name>proposal</name><bndbox><xmin>277</xmin><ymin>336</ymin><xmax>389</xmax><ymax>431</ymax></bndbox></object><object><name>proposal</name><bndbox><xmin>474</xmin><ymin>461</ymin><xmax>119</xmax><ymax>250</ymax></bndbox></object><object><name>proposal</name><bndbox><xmin>438</xmin><ymin>427</ymin><xmax>200</xmax><ymax>199</ymax></bndbox></object><object><name>proposal</name><bndbox><xmin>278</xmin><ymin>376</ymin><xmax>253</xmax><ymax>365</ymax></bndbox></object><object><name>proposal</name><bndbox><xmin>521</xmin><ymin>451</ymin><xmax>127</xmax><ymax>140</ymax></bndbox></object><object><name>proposal</name><bndbox><xmin>58</xmin><ymin>278</ymin><xmax>742</xmax><ymax>522</ymax></bndbox></object><object><name>proposal</name><bndbox><xmin>517</xmin><ymin>457</ymin><xmax>169</xmax><ymax>241</ymax></bndbox></object><object><name>proposal</name><bndbox><xmin>487</xmin><ymin>440</ymin><xmax>200</xmax><ymax>278</ymax></bndbox></object><object><name>proposal</name><bndbox><xmin>479</xmin><ymin>451</ymin><xmax>200</xmax><ymax>263</ymax></bndbox></object><object><name>proposal</name><bndbox><xmin>391</xmin><ymin>594</ymin><xmax>409</xmax><ymax>206</ymax></bndbox></object><object><name>proposal</name><bndbox><xmin>474</xmin><ymin>460</ymin><xmax>132</xmax><ymax>181</ymax></bndbox></object><object><name>proposal</name><bndbox><xmin>316</xmin><ymin>352</ymin><xmax>308</xmax><ymax>320</ymax></bndbox></object><object><name>proposal</name><bndbox><xmin>190</xmin><ymin>359</ymin><xmax>384</xmax><ymax>308</ymax></bndbox></object><object><name>proposal</name><bndbox><xmin>470</xmin><ymin>358</ymin><xmax>224</xmax><ymax>379</ymax></bndbox></object><object><name>proposal</name><bndbox><xmin>388</xmin><ymin>426</ymin><xmax>350</xmax><ymax>292</ymax></bndbox></object><object><name>proposal</name><bndbox><xmin>527</xmin><ymin>451</ymin><xmax>174</xmax><ymax>243</ymax></bndbox></object><object><name>proposal</name><bndbox><xmin>192</xmin><ymin>350</ymin><xmax>511</xmax><ymax>367</ymax></bndbox></object><object><name>proposal</name><bndbox><xmin>316</xmin><ymin>352</ymin><xmax>422</xmax><ymax>320</ymax></bndbox></object><object><name>proposal</name><bndbox><xmin>531</xmin><ymin>441</ymin><xmax>172</xmax><ymax>253</ymax></bndbox></object><object><name>proposal</name><bndbox><xmin>286</xmin><ymin>81</ymin><xmax>514</xmax><ymax>719</ymax></bndbox></object><object><name>proposal</name><bndbox><xmin>531</xmin><ymin>441</ymin><xmax>172</xmax><ymax>276</ymax></bndbox></object><object><name>proposal</name><bndbox><xmin>407</xmin><ymin>426</ymin><xmax>230</xmax><ymax>222</ymax></bndbox></object><object><name>proposal</name><bndbox><xmin>373</xmin><ymin>416</ymin><xmax>198</xmax><ymax>205</ymax></bndbox></object><object><name>proposal</name><bndbox><xmin>487</xmin><ymin>440</ymin><xmax>251</xmax><ymax>278</ymax></bndbox></object><object><name>proposal</name><bndbox><xmin>535</xmin><ymin>472</ymin><xmax>152</xmax><ymax>226</ymax></bndbox></object><object><name>proposal</name><bndbox><xmin>431</xmin><ymin>390</ymin><xmax>215</xmax><ymax>357</ymax></bndbox></object><object><name>proposal</name><bndbox><xmin>181</xmin><ymin>299</ymin><xmax>619</xmax><ymax>501</ymax></bndbox></object><object><name>proposal</name><bndbox><xmin>406</xmin><ymin>425</ymin><xmax>242</xmax><ymax>244</ymax></bndbox></object><object><name>proposal</name><bndbox><xmin>531</xmin><ymin>439</ymin><xmax>135</xmax><ymax>174</ymax></bndbox></object><object><name>proposal</name><bndbox><xmin>0</xmin><ymin>336</ymin><xmax>800</xmax><ymax>464</ymax></bndbox></object><object><name>proposal</name><bndbox><xmin>533</xmin><ymin>451</ymin><xmax>168</xmax><ymax>239</ymax></bndbox></object><object><name>proposal</name><bndbox><xmin>479</xmin><ymin>560</ymin><xmax>148</xmax><ymax>177</ymax></bndbox></object><object><name>proposal</name><bndbox><xmin>316</xmin><ymin>416</ymin><xmax>238</xmax><ymax>199</ymax></bndbox></object><object><name>proposal</name><bndbox><xmin>492</xmin><ymin>409</ymin><xmax>178</xmax><ymax>263</ymax></bndbox></object><object><name>proposal</name><bndbox><xmin>373</xmin><ymin>416</ymin><xmax>198</xmax><ymax>234</ymax></bndbox></object><object><name>proposal</name><bndbox><xmin>192</xmin><ymin>348</ymin><xmax>381</xmax><ymax>292</ymax></bndbox></object><object><name>proposal</name><bndbox><xmin>368</xmin><ymin>426</ymin><xmax>202</xmax><ymax>185</ymax></bndbox></object><object><name>proposal</name><bndbox><xmin>210</xmin><ymin>352</ymin><xmax>390</xmax><ymax>294</ymax></bndbox></object><object><name>proposal</name><bndbox><xmin>437</xmin><ymin>406</ymin><xmax>264</xmax><ymax>311</ymax></bndbox></object><object><name>proposal</name><bndbox><xmin>475</xmin><ymin>451</ymin><xmax>215</xmax><ymax>239</ymax></bndbox></object><object><name>proposal</name><bndbox><xmin>407</xmin><ymin>426</ymin><xmax>232</xmax><ymax>222</ymax></bndbox></object><object><name>proposal</name><bndbox><xmin>459</xmin><ymin>375</ymin><xmax>271</xmax><ymax>342</ymax></bndbox></object><object><name>proposal</name><bndbox><xmin>448</xmin><ymin>363</ymin><xmax>246</xmax><ymax>302</ymax></bndbox></object><object><name>proposal</name><bndbox><xmin>398</xmin><ymin>416</ymin><xmax>156</xmax><ymax>156</ymax></bndbox></object><object><name>proposal</name><bndbox><xmin>406</xmin><ymin>401</ymin><xmax>242</xmax><ymax>268</ymax></bndbox></object><object><name>proposal</name><bndbox><xmin>192</xmin><ymin>348</ymin><xmax>381</xmax><ymax>293</ymax></bndbox></object><object><name>proposal</name><bndbox><xmin>334</xmin><ymin>375</ymin><xmax>396</xmax><ymax>342</ymax></bndbox></object><object><name>proposal</name><bndbox><xmin>532</xmin><ymin>451</ymin><xmax>158</xmax><ymax>239</ymax></bndbox></object><object><name>proposal</name><bndbox><xmin>431</xmin><ymin>390</ymin><xmax>369</xmax><ymax>410</ymax></bndbox></object><object><name>proposal</name><bndbox><xmin>379</xmin><ymin>105</ymin><xmax>421</xmax><ymax>695</ymax></bndbox></object><object><name>proposal</name><bndbox><xmin>316</xmin><ymin>401</ymin><xmax>484</xmax><ymax>399</ymax></bndbox></object><object><name>proposal</name><bndbox><xmin>438</xmin><ymin>414</ymin><xmax>362</xmax><ymax>386</ymax></bndbox></object><object><name>proposal</name><bndbox><xmin>373</xmin><ymin>416</ymin><xmax>209</xmax><ymax>251</ymax></bndbox></object><object><name>proposal</name><bndbox><xmin>368</xmin><ymin>358</ymin><xmax>170</xmax><ymax>389</ymax></bndbox></object><object><name>proposal</name><bndbox><xmin>487</xmin><ymin>480</ymin><xmax>132</xmax><ymax>146</ymax></bndbox></object><object><name>proposal</name><bndbox><xmin>368</xmin><ymin>437</ymin><xmax>163</xmax><ymax>200</ymax></bndbox></object><object><name>proposal</name><bndbox><xmin>368</xmin><ymin>148</ymin><xmax>342</xmax><ymax>652</ymax></bndbox></object><object><name>proposal</name><bndbox><xmin>532</xmin><ymin>451</ymin><xmax>206</xmax><ymax>267</ymax></bndbox></object><object><name>proposal</name><bndbox><xmin>331</xmin><ymin>91</ymin><xmax>469</xmax><ymax>709</ymax></bndbox></object><object><name>proposal</name><bndbox><xmin>424</xmin><ymin>58</ymin><xmax>376</xmax><ymax>742</ymax></bndbox></object><object><name>proposal</name><bndbox><xmin>533</xmin><ymin>451</ymin><xmax>205</xmax><ymax>274</ymax></bndbox></object><object><name>proposal</name><bndbox><xmin>479</xmin><ymin>360</ymin><xmax>247</xmax><ymax>299</ymax></bndbox></object><object><name>proposal</name><bndbox><xmin>513</xmin><ymin>441</ymin><xmax>179</xmax><ymax>252</ymax></bndbox></object><object><name>proposal</name><bndbox><xmin>452</xmin><ymin>375</ymin><xmax>278</xmax><ymax>374</ymax></bndbox></object><object><name>proposal</name><bndbox><xmin>391</xmin><ymin>457</ymin><xmax>409</xmax><ymax>343</ymax></bndbox></object><object><name>proposal</name><bndbox><xmin>316</xmin><ymin>459</ymin><xmax>206</xmax><ymax>238</ymax></bndbox></object><object><name>proposal</name><bndbox><xmin>368</xmin><ymin>58</ymin><xmax>432</xmax><ymax>742</ymax></bndbox></object><object><name>proposal</name><bndbox><xmin>392</xmin><ymin>409</ymin><xmax>320</xmax><ymax>336</ymax></bndbox></object><object><name>proposal</name><bndbox><xmin>531</xmin><ymin>423</ymin><xmax>172</xmax><ymax>270</ymax></bndbox></object><object><name>proposal</name><bndbox><xmin>474</xmin><ymin>461</ymin><xmax>119</xmax><ymax>180</ymax></bndbox></object><object><name>proposal</name><bndbox><xmin>407</xmin><ymin>400</ymin><xmax>163</xmax><ymax>166</ymax></bndbox></object><object><name>proposal</name><bndbox><xmin>459</xmin><ymin>375</ymin><xmax>271</xmax><ymax>252</ymax></bndbox></object><object><name>proposal</name><bndbox><xmin>475</xmin><ymin>451</ymin><xmax>215</xmax><ymax>267</ymax></bndbox></object><object><name>proposal</name><bndbox><xmin>362</xmin><ymin>416</ymin><xmax>438</xmax><ymax>384</ymax></bndbox></object><object><name>proposal</name><bndbox><xmin>559</xmin><ymin>408</ymin><xmax>189</xmax><ymax>251</ymax></bndbox></object><object><name>proposal</name><bndbox><xmin>190</xmin><ymin>359</ymin><xmax>384</xmax><ymax>287</ymax></bndbox></object><object><name>proposal</name><bndbox><xmin>438</xmin><ymin>425</ymin><xmax>195</xmax><ymax>202</ymax></bndbox></object><object><name>proposal</name><bndbox><xmin>388</xmin><ymin>493</ymin><xmax>236</xmax><ymax>170</ymax></bndbox></object><object><name>proposal</name><bndbox><xmin>316</xmin><ymin>375</ymin><xmax>414</xmax><ymax>374</ymax></bndbox></object><object><name>proposal</name><bndbox><xmin>395</xmin><ymin>538</ymin><xmax>405</xmax><ymax>262</ymax></bndbox></object><object><name>proposal</name><bndbox><xmin>316</xmin><ymin>401</ymin><xmax>256</xmax><ymax>214</ymax></bndbox></object><object><name>proposal</name><bndbox><xmin>316</xmin><ymin>401</ymin><xmax>350</xmax><ymax>214</ymax></bndbox></object><object><name>proposal</name><bndbox><xmin>535</xmin><ymin>472</ymin><xmax>152</xmax><ymax>246</ymax></bndbox></object><object><name>proposal</name><bndbox><xmin>334</xmin><ymin>375</ymin><xmax>396</xmax><ymax>320</ymax></bndbox></object><object><name>proposal</name><bndbox><xmin>403</xmin><ymin>416</ymin><xmax>151</xmax><ymax>160</ymax></bndbox></object><object><name>proposal</name><bndbox><xmin>581</xmin><ymin>513</ymin><xmax>219</xmax><ymax>287</ymax></bndbox></object><object><name>proposal</name><bndbox><xmin>431</xmin><ymin>509</ymin><xmax>142</xmax><ymax>238</ymax></bndbox></object><object><name>proposal</name><bndbox><xmin>470</xmin><ymin>363</ymin><xmax>226</xmax><ymax>271</ymax></bndbox></object><object><name>proposal</name><bndbox><xmin>492</xmin><ymin>409</ymin><xmax>156</xmax><ymax>182</ymax></bndbox></object><object><name>proposal</name><bndbox><xmin>487</xmin><ymin>478</ymin><xmax>146</xmax><ymax>149</ymax></bndbox></object><object><name>proposal</name><bndbox><xmin>517</xmin><ymin>451</ymin><xmax>173</xmax><ymax>267</ymax></bndbox></object><object><name>proposal</name><bndbox><xmin>479</xmin><ymin>451</ymin><xmax>259</xmax><ymax>339</ymax></bndbox></object><object><name>proposal</name><bndbox><xmin>418</xmin><ymin>94</ymin><xmax>382</xmax><ymax>534</ymax></bndbox></object><object><name>proposal</name><bndbox><xmin>373</xmin><ymin>416</ymin><xmax>227</xmax><ymax>234</ymax></bndbox></object><object><name>proposal</name><bndbox><xmin>316</xmin><ymin>352</ymin><xmax>422</xmax><ymax>366</ymax></bndbox></object><object><name>proposal</name><bndbox><xmin>190</xmin><ymin>352</ymin><xmax>410</xmax><ymax>294</ymax></bndbox></object><object><name>proposal</name><bndbox><xmin>559</xmin><ymin>408</ymin><xmax>189</xmax><ymax>197</ymax></bndbox></object><object><name>proposal</name><bndbox><xmin>487</xmin><ymin>480</ymin><xmax>140</xmax><ymax>185</ymax></bndbox></object><object><name>proposal</name><bndbox><xmin>407</xmin><ymin>426</ymin><xmax>163</xmax><ymax>140</ymax></bndbox></object><object><name>proposal</name><bndbox><xmin>0</xmin><ymin>327</ymin><xmax>800</xmax><ymax>473</ymax></bndbox></object><object><name>proposal</name><bndbox><xmin>474</xmin><ymin>460</ymin><xmax>119</xmax><ymax>181</ymax></bndbox></object><object><name>proposal</name><bndbox><xmin>332</xmin><ymin>416</ymin><xmax>348</xmax><ymax>301</ymax></bndbox></object><object><name>proposal</name><bndbox><xmin>521</xmin><ymin>451</ymin><xmax>158</xmax><ymax>174</ymax></bndbox></object><object><name>proposal</name><bndbox><xmin>407</xmin><ymin>401</ymin><xmax>165</xmax><ymax>164</ymax></bndbox></object><object><name>proposal</name><bndbox><xmin>192</xmin><ymin>348</ymin><xmax>388</xmax><ymax>298</ymax></bndbox></object><object><name>proposal</name><bndbox><xmin>575</xmin><ymin>414</ymin><xmax>225</xmax><ymax>304</ymax></bndbox></object><object><name>proposal</name><bndbox><xmin>438</xmin><ymin>419</ymin><xmax>210</xmax><ymax>259</ymax></bndbox></object><object><name>proposal</name><bndbox><xmin>438</xmin><ymin>416</ymin><xmax>200</xmax><ymax>249</ymax></bndbox></object><object><name>proposal</name><bndbox><xmin>62</xmin><ymin>376</ymin><xmax>738</xmax><ymax>424</ymax></bndbox></object><object><name>proposal</name><bndbox><xmin>210</xmin><ymin>359</ymin><xmax>364</xmax><ymax>308</ymax></bndbox></object><object><name>proposal</name><bndbox><xmin>277</xmin><ymin>91</ymin><xmax>523</xmax><ymax>709</ymax></bndbox></object><object><name>proposal</name><bndbox><xmin>362</xmin><ymin>94</ymin><xmax>438</xmax><ymax>706</ymax></bndbox></object><object><name>proposal</name><bndbox><xmin>410</xmin><ymin>509</ymin><xmax>214</xmax><ymax>236</ymax></bndbox></object><object><name>proposal</name><bndbox><xmin>407</xmin><ymin>426</ymin><xmax>192</xmax><ymax>222</ymax></bndbox></object><object><name>proposal</name><bndbox><xmin>513</xmin><ymin>441</ymin><xmax>179</xmax><ymax>253</ymax></bndbox></object><object><name>proposal</name><bndbox><xmin>316</xmin><ymin>416</ymin><xmax>238</xmax><ymax>211</ymax></bndbox></object><object><name>proposal</name><bndbox><xmin>433</xmin><ymin>423</ymin><xmax>205</xmax><ymax>244</ymax></bndbox></object><object><name>proposal</name><bndbox><xmin>474</xmin><ymin>460</ymin><xmax>196</xmax><ymax>251</ymax></bndbox></object><object><name>proposal</name><bndbox><xmin>436</xmin><ymin>416</ymin><xmax>202</xmax><ymax>144</ymax></bndbox></object><object><name>proposal</name><bndbox><xmin>370</xmin><ymin>416</ymin><xmax>184</xmax><ymax>156</ymax></bndbox></object><object><name>proposal</name><bndbox><xmin>407</xmin><ymin>401</ymin><xmax>165</xmax><ymax>178</ymax></bndbox></object><object><name>proposal</name><bndbox><xmin>316</xmin><ymin>359</ymin><xmax>385</xmax><ymax>358</ymax></bndbox></object><object><name>proposal</name><bndbox><xmin>436</xmin><ymin>416</ymin><xmax>202</xmax><ymax>150</ymax></bndbox></object><object><name>proposal</name><bndbox><xmin>391</xmin><ymin>105</ymin><xmax>409</xmax><ymax>695</ymax></bndbox></object><object><name>proposal</name><bndbox><xmin>414</xmin><ymin>509</ymin><xmax>194</xmax><ymax>169</ymax></bndbox></object><object><name>proposal</name><bndbox><xmin>452</xmin><ymin>375</ymin><xmax>278</xmax><ymax>249</ymax></bndbox></object><object><name>proposal</name><bndbox><xmin>277</xmin><ymin>336</ymin><xmax>267</xmax><ymax>431</ymax></bndbox></object><object><name>proposal</name><bndbox><xmin>328</xmin><ymin>81</ymin><xmax>472</xmax><ymax>561</ymax></bndbox></object><object><name>proposal</name><bndbox><xmin>436</xmin><ymin>416</ymin><xmax>202</xmax><ymax>249</ymax></bndbox></object><object><name>proposal</name><bndbox><xmin>531</xmin><ymin>439</ymin><xmax>150</xmax><ymax>345</ymax></bndbox></object><object><name>proposal</name><bndbox><xmin>316</xmin><ymin>359</ymin><xmax>322</xmax><ymax>308</ymax></bndbox></object><object><name>proposal</name><bndbox><xmin>575</xmin><ymin>460</ymin><xmax>225</xmax><ymax>258</ymax></bndbox></object><object><name>proposal</name><bndbox><xmin>478</xmin><ymin>439</ymin><xmax>203</xmax><ymax>345</ymax></bndbox></object><object><name>proposal</name><bndbox><xmin>421</xmin><ymin>509</ymin><xmax>117</xmax><ymax>238</ymax></bndbox></object><object><name>proposal</name><bndbox><xmin>190</xmin><ymin>352</ymin><xmax>410</xmax><ymax>315</ymax></bndbox></object><object><name>proposal</name><bndbox><xmin>575</xmin><ymin>414</ymin><xmax>225</xmax><ymax>386</ymax></bndbox></object><object><name>proposal</name><bndbox><xmin>470</xmin><ymin>358</ymin><xmax>226</xmax><ymax>379</ymax></bndbox></object><object><name>proposal</name><bndbox><xmin>319</xmin><ymin>375</ymin><xmax>411</xmax><ymax>342</ymax></bndbox></object><object><name>proposal</name><bndbox><xmin>268</xmin><ymin>278</ymin><xmax>470</xmax><ymax>440</ymax></bndbox></object><object><name>proposal</name><bndbox><xmin>570</xmin><ymin>451</ymin><xmax>156</xmax><ymax>208</ymax></bndbox></object><object><name>proposal</name><bndbox><xmin>181</xmin><ymin>299</ymin><xmax>567</xmax><ymax>450</ymax></bndbox></object><object><name>proposal</name><bndbox><xmin>316</xmin><ymin>352</ymin><xmax>254</xmax><ymax>259</ymax></bndbox></object><object><name>proposal</name><bndbox><xmin>278</xmin><ymin>437</ymin><xmax>253</xmax><ymax>304</ymax></bndbox></object><object><name>proposal</name><bndbox><xmin>36</xmin><ymin>360</ymin><xmax>712</xmax><ymax>405</ymax></bndbox></object><object><name>proposal</name><bndbox><xmin>470</xmin><ymin>358</ymin><xmax>268</xmax><ymax>379</ymax></bndbox></object><object><name>proposal</name><bndbox><xmin>475</xmin><ymin>457</ymin><xmax>211</xmax><ymax>237</ymax></bndbox></object><object><name>proposal</name><bndbox><xmin>541</xmin><ymin>414</ymin><xmax>259</xmax><ymax>386</ymax></bndbox></object><object><name>proposal</name><bndbox><xmin>438</xmin><ymin>425</ymin><xmax>210</xmax><ymax>202</ymax></bndbox></object><object><name>proposal</name><bndbox><xmin>436</xmin><ymin>427</ymin><xmax>202</xmax><ymax>133</ymax></bndbox></object><object><name>proposal</name><bndbox><xmin>316</xmin><ymin>81</ymin><xmax>484</xmax><ymax>709</ymax></bndbox></object><object><name>proposal</name><bndbox><xmin>328</xmin><ymin>56</ymin><xmax>472</xmax><ymax>586</ymax></bndbox></object><object><name>proposal</name><bndbox><xmin>406</xmin><ymin>401</ymin><xmax>332</xmax><ymax>317</ymax></bndbox></object><object><name>proposal</name><bndbox><xmin>316</xmin><ymin>105</ymin><xmax>484</xmax><ymax>695</ymax></bndbox></object><object><name>proposal</name><bndbox><xmin>531</xmin><ymin>441</ymin><xmax>161</xmax><ymax>276</ymax></bndbox></object><object><name>proposal</name><bndbox><xmin>531</xmin><ymin>439</ymin><xmax>150</xmax><ymax>198</ymax></bndbox></object><object><name>proposal</name><bndbox><xmin>210</xmin><ymin>352</ymin><xmax>372</xmax><ymax>294</ymax></bndbox></object><object><name>proposal</name><bndbox><xmin>316</xmin><ymin>459</ymin><xmax>205</xmax><ymax>229</ymax></bndbox></object><object><name>proposal</name><bndbox><xmin>475</xmin><ymin>382</ymin><xmax>263</xmax><ymax>336</ymax></bndbox></object><object><name>proposal</name><bndbox><xmin>189</xmin><ymin>350</ymin><xmax>514</xmax><ymax>367</ymax></bndbox></object><object><name>proposal</name><bndbox><xmin>407</xmin><ymin>426</ymin><xmax>239</xmax><ymax>222</ymax></bndbox></object><object><name>proposal</name><bndbox><xmin>192</xmin><ymin>348</ymin><xmax>408</xmax><ymax>319</ymax></bndbox></object><object><name>proposal</name><bndbox><xmin>438</xmin><ymin>427</ymin><xmax>200</xmax><ymax>133</ymax></bndbox></object><object><name>proposal</name><bndbox><xmin>475</xmin><ymin>468</ymin><xmax>149</xmax><ymax>195</ymax></bndbox></object><object><name>proposal</name><bndbox><xmin>316</xmin><ymin>352</ymin><xmax>254</xmax><ymax>320</ymax></bndbox></object><object><name>proposal</name><bndbox><xmin>572</xmin><ymin>487</ymin><xmax>176</xmax><ymax>185</ymax></bndbox></object><object><name>proposal</name><bndbox><xmin>487</xmin><ymin>457</ymin><xmax>199</xmax><ymax>261</ymax></bndbox></object><object><name>proposal</name><bndbox><xmin>190</xmin><ymin>359</ymin><xmax>410</xmax><ymax>308</ymax></bndbox></object><object><name>proposal</name><bndbox><xmin>459</xmin><ymin>375</ymin><xmax>271</xmax><ymax>374</ymax></bndbox></object><object><name>proposal</name><bndbox><xmin>402</xmin><ymin>416</ymin><xmax>152</xmax><ymax>156</ymax></bndbox></object><object><name>proposal</name><bndbox><xmin>277</xmin><ymin>336</ymin><xmax>523</xmax><ymax>464</ymax></bndbox></object><object><name>proposal</name><bndbox><xmin>612</xmin><ymin>460</ymin><xmax>188</xmax><ymax>195</ymax></bndbox></object><object><name>proposal</name><bndbox><xmin>517</xmin><ymin>451</ymin><xmax>221</xmax><ymax>246</ymax></bndbox></object><object><name>proposal</name><bndbox><xmin>507</xmin><ymin>580</ymin><xmax>175</xmax><ymax>157</ymax></bndbox></object><object><name>proposal</name><bndbox><xmin>470</xmin><ymin>358</ymin><xmax>226</xmax><ymax>276</ymax></bndbox></object><object><name>proposal</name><bndbox><xmin>210</xmin><ymin>352</ymin><xmax>364</xmax><ymax>294</ymax></bndbox></object><object><name>proposal</name><bndbox><xmin>177</xmin><ymin>315</ymin><xmax>508</xmax><ymax>485</ymax></bndbox></object><object><name>proposal</name><bndbox><xmin>531</xmin><ymin>441</ymin><xmax>172</xmax><ymax>252</ymax></bndbox></object><object><name>proposal</name><bndbox><xmin>475</xmin><ymin>451</ymin><xmax>215</xmax><ymax>246</ymax></bndbox></object><object><name>proposal</name><bndbox><xmin>517</xmin><ymin>423</ymin><xmax>186</xmax><ymax>294</ymax></bndbox></object><object><name>proposal</name><bndbox><xmin>193</xmin><ymin>315</ymin><xmax>473</xmax><ymax>363</ymax></bndbox></object><object><name>proposal</name><bndbox><xmin>448</xmin><ymin>363</ymin><xmax>246</xmax><ymax>283</ymax></bndbox></object><object><name>proposal</name><bndbox><xmin>442</xmin><ymin>390</ymin><xmax>124</xmax><ymax>271</ymax></bndbox></object><object><name>proposal</name><bndbox><xmin>527</xmin><ymin>451</ymin><xmax>174</xmax><ymax>266</ymax></bndbox></object></annotation>