<annotation><folder>Proposals</folder><filename>img-238.jpg</filename><size><width>720</width><height>720</height><depth>3</depth></size><object><name>proposal</name><bndbox><xmin>362</xmin><ymin>357</ymin><xmax>118</xmax><ymax>121</ymax></bndbox></object><object><name>proposal</name><bndbox><xmin>270</xmin><ymin>337</ymin><xmax>147</xmax><ymax>128</ymax></bndbox></object><object><name>proposal</name><bndbox><xmin>344</xmin><ymin>357</ymin><xmax>171</xmax><ymax>122</ymax></bndbox></object><object><name>proposal</name><bndbox><xmin>182</xmin><ymin>337</ymin><xmax>379</xmax><ymax>164</ymax></bndbox></object><object><name>proposal</name><bndbox><xmin>300</xmin><ymin>343</ymin><xmax>216</xmax><ymax>110</ymax></bndbox></object><object><name>proposal</name><bndbox><xmin>362</xmin><ymin>365</ymin><xmax>151</xmax><ymax>151</ymax></bndbox></object><object><name>proposal</name><bndbox><xmin>225</xmin><ymin>250</ymin><xmax>575</xmax><ymax>297</ymax></bndbox></object><object><name>proposal</name><bndbox><xmin>362</xmin><ymin>365</ymin><xmax>192</xmax><ymax>99</ymax></bndbox></object><object><name>proposal</name><bndbox><xmin>219</xmin><ymin>394</ymin><xmax>161</xmax><ymax>103</ymax></bndbox></object><object><name>proposal</name><bndbox><xmin>356</xmin><ymin>357</ymin><xmax>163</xmax><ymax>166</ymax></bndbox></object><object><name>proposal</name><bndbox><xmin>143</xmin><ymin>340</ymin><xmax>411</xmax><ymax>140</ymax></bndbox></object><object><name>proposal</name><bndbox><xmin>409</xmin><ymin>376</ymin><xmax>145</xmax><ymax>88</ymax></bndbox></object><object><name>proposal</name><bndbox><xmin>143</xmin><ymin>337</ymin><xmax>373</xmax><ymax>187</ymax></bndbox></object><object><name>proposal</name><bndbox><xmin>182</xmin><ymin>343</ymin><xmax>379</xmax><ymax>163</ymax></bndbox></object><object><name>proposal</name><bndbox><xmin>270</xmin><ymin>337</ymin><xmax>110</xmax><ymax>98</ymax></bndbox></object><object><name>proposal</name><bndbox><xmin>163</xmin><ymin>337</ymin><xmax>391</xmax><ymax>186</ymax></bndbox></object><object><name>proposal</name><bndbox><xmin>219</xmin><ymin>386</ymin><xmax>300</xmax><ymax>146</ymax></bndbox></object><object><name>proposal</name><bndbox><xmin>367</xmin><ymin>381</ymin><xmax>180</xmax><ymax>101</ymax></bndbox></object><object><name>proposal</name><bndbox><xmin>57</xmin><ymin>241</ymin><xmax>443</xmax><ymax>199</ymax></bndbox></object><object><name>proposal</name><bndbox><xmin>189</xmin><ymin>337</ymin><xmax>262</xmax><ymax>269</ymax></bndbox></object><object><name>proposal</name><bndbox><xmin>171</xmin><ymin>337</ymin><xmax>367</xmax><ymax>173</ymax></bndbox></object><object><name>proposal</name><bndbox><xmin>163</xmin><ymin>226</ymin><xmax>637</xmax><ymax>321</ymax></bndbox></object><object><name>proposal</name><bndbox><xmin>388</xmin><ymin>374</ymin><xmax>127</xmax><ymax>86</ymax></bndbox></object><object><name>proposal</name><bndbox><xmin>225</xmin><ymin>248</ymin><xmax>575</xmax><ymax>299</ymax></bndbox></object><object><name>proposal</name><bndbox><xmin>334</xmin><ymin>356</ymin><xmax>204</xmax><ymax>126</ymax></bndbox></object><object><name>proposal</name><bndbox><xmin>381</xmin><ymin>376</ymin><xmax>173</xmax><ymax>102</ymax></bndbox></object><object><name>proposal</name><bndbox><xmin>143</xmin><ymin>340</ymin><xmax>249</xmax><ymax>140</ymax></bndbox></object><object><name>proposal</name><bndbox><xmin>324</xmin><ymin>356</ymin><xmax>212</xmax><ymax>120</ymax></bndbox></object><object><name>proposal</name><bndbox><xmin>362</xmin><ymin>365</ymin><xmax>153</xmax><ymax>114</ymax></bndbox></object><object><name>proposal</name><bndbox><xmin>315</xmin><ymin>353</ymin><xmax>223</xmax><ymax>125</ymax></bndbox></object><object><name>proposal</name><bndbox><xmin>270</xmin><ymin>337</ymin><xmax>146</xmax><ymax>128</ymax></bndbox></object><object><name>proposal</name><bndbox><xmin>362</xmin><ymin>365</ymin><xmax>176</xmax><ymax>97</ymax></bndbox></object><object><name>proposal</name><bndbox><xmin>370</xmin><ymin>357</ymin><xmax>184</xmax><ymax>121</ymax></bndbox></object><object><name>proposal</name><bndbox><xmin>243</xmin><ymin>343</ymin><xmax>145</xmax><ymax>92</ymax></bndbox></object><object><name>proposal</name><bndbox><xmin>230</xmin><ymin>255</ymin><xmax>438</xmax><ymax>157</ymax></bndbox></object><object><name>proposal</name><bndbox><xmin>362</xmin><ymin>357</ymin><xmax>192</xmax><ymax>109</ymax></bndbox></object><object><name>proposal</name><bndbox><xmin>209</xmin><ymin>337</ymin><xmax>329</xmax><ymax>173</ymax></bndbox></object><object><name>proposal</name><bndbox><xmin>324</xmin><ymin>356</ymin><xmax>214</xmax><ymax>126</ymax></bndbox></object><object><name>proposal</name><bndbox><xmin>0</xmin><ymin>209</ymin><xmax>526</xmax><ymax>267</ymax></bndbox></object><object><name>proposal</name><bndbox><xmin>344</xmin><ymin>356</ymin><xmax>217</xmax><ymax>145</ymax></bndbox></object><object><name>proposal</name><bndbox><xmin>230</xmin><ymin>255</ymin><xmax>438</xmax><ymax>261</ymax></bndbox></object><object><name>proposal</name><bndbox><xmin>143</xmin><ymin>340</ymin><xmax>411</xmax><ymax>160</ymax></bndbox></object><object><name>proposal</name><bndbox><xmin>206</xmin><ymin>386</ymin><xmax>159</xmax><ymax>97</ymax></bndbox></object><object><name>proposal</name><bndbox><xmin>381</xmin><ymin>374</ymin><xmax>173</xmax><ymax>150</ymax></bndbox></object><object><name>proposal</name><bndbox><xmin>265</xmin><ymin>187</ymin><xmax>535</xmax><ymax>308</ymax></bndbox></object><object><name>proposal</name><bndbox><xmin>432</xmin><ymin>374</ymin><xmax>106</xmax><ymax>88</ymax></bndbox></object><object><name>proposal</name><bndbox><xmin>432</xmin><ymin>376</ymin><xmax>122</xmax><ymax>88</ymax></bndbox></object><object><name>proposal</name><bndbox><xmin>89</xmin><ymin>343</ymin><xmax>252</xmax><ymax>140</ymax></bndbox></object><object><name>proposal</name><bndbox><xmin>213</xmin><ymin>340</ymin><xmax>179</xmax><ymax>140</ymax></bndbox></object><object><name>proposal</name><bndbox><xmin>178</xmin><ymin>340</ymin><xmax>369</xmax><ymax>152</ymax></bndbox></object><object><name>proposal</name><bndbox><xmin>344</xmin><ymin>357</ymin><xmax>217</xmax><ymax>122</ymax></bndbox></object><object><name>proposal</name><bndbox><xmin>78</xmin><ymin>241</ymin><xmax>422</xmax><ymax>199</ymax></bndbox></object><object><name>proposal</name><bndbox><xmin>340</xmin><ymin>343</ymin><xmax>221</xmax><ymax>152</ymax></bndbox></object><object><name>proposal</name><bndbox><xmin>181</xmin><ymin>226</ymin><xmax>619</xmax><ymax>321</ymax></bndbox></object><object><name>proposal</name><bndbox><xmin>362</xmin><ymin>357</ymin><xmax>95</xmax><ymax>95</ymax></bndbox></object><object><name>proposal</name><bndbox><xmin>432</xmin><ymin>374</ymin><xmax>122</xmax><ymax>92</ymax></bndbox></object><object><name>proposal</name><bndbox><xmin>238</xmin><ymin>349</ymin><xmax>309</xmax><ymax>133</ymax></bndbox></object><object><name>proposal</name><bndbox><xmin>163</xmin><ymin>339</ymin><xmax>391</xmax><ymax>171</ymax></bndbox></object><object><name>proposal</name><bndbox><xmin>314</xmin><ymin>412</ymin><xmax>166</xmax><ymax>111</ymax></bndbox></object><object><name>proposal</name><bndbox><xmin>290</xmin><ymin>337</ymin><xmax>223</xmax><ymax>141</ymax></bndbox></object><object><name>proposal</name><bndbox><xmin>163</xmin><ymin>340</ymin><xmax>637</xmax><ymax>263</ymax></bndbox></object><object><name>proposal</name><bndbox><xmin>362</xmin><ymin>365</ymin><xmax>185</xmax><ymax>114</ymax></bndbox></object><object><name>proposal</name><bndbox><xmin>189</xmin><ymin>255</ymin><xmax>377</xmax><ymax>351</ymax></bndbox></object><object><name>proposal</name><bndbox><xmin>0</xmin><ymin>209</ymin><xmax>487</xmax><ymax>267</ymax></bndbox></object><object><name>proposal</name><bndbox><xmin>381</xmin><ymin>374</ymin><xmax>135</xmax><ymax>150</ymax></bndbox></object><object><name>proposal</name><bndbox><xmin>270</xmin><ymin>337</ymin><xmax>284</xmax><ymax>141</ymax></bndbox></object><object><name>proposal</name><bndbox><xmin>314</xmin><ymin>357</ymin><xmax>240</xmax><ymax>166</ymax></bndbox></object><object><name>proposal</name><bndbox><xmin>0</xmin><ymin>199</ymin><xmax>566</xmax><ymax>352</ymax></bndbox></object><object><name>proposal</name><bndbox><xmin>78</xmin><ymin>241</ymin><xmax>409</xmax><ymax>199</ymax></bndbox></object><object><name>proposal</name><bndbox><xmin>381</xmin><ymin>376</ymin><xmax>135</xmax><ymax>148</ymax></bndbox></object><object><name>proposal</name><bndbox><xmin>410</xmin><ymin>374</ymin><xmax>128</xmax><ymax>90</ymax></bndbox></object><object><name>proposal</name><bndbox><xmin>367</xmin><ymin>387</ymin><xmax>113</xmax><ymax>92</ymax></bndbox></object><object><name>proposal</name><bndbox><xmin>344</xmin><ymin>412</ymin><xmax>127</xmax><ymax>67</ymax></bndbox></object><object><name>proposal</name><bndbox><xmin>290</xmin><ymin>337</ymin><xmax>126</xmax><ymax>128</ymax></bndbox></object><object><name>proposal</name><bndbox><xmin>143</xmin><ymin>337</ymin><xmax>274</xmax><ymax>143</ymax></bndbox></object><object><name>proposal</name><bndbox><xmin>163</xmin><ymin>337</ymin><xmax>316</xmax><ymax>194</ymax></bndbox></object><object><name>proposal</name><bndbox><xmin>219</xmin><ymin>386</ymin><xmax>122</xmax><ymax>97</ymax></bndbox></object><object><name>proposal</name><bndbox><xmin>356</xmin><ymin>381</ymin><xmax>234</xmax><ymax>182</ymax></bndbox></object><object><name>proposal</name><bndbox><xmin>298</xmin><ymin>343</ymin><xmax>218</xmax><ymax>110</ymax></bndbox></object><object><name>proposal</name><bndbox><xmin>381</xmin><ymin>376</ymin><xmax>125</xmax><ymax>102</ymax></bndbox></object><object><name>proposal</name><bndbox><xmin>367</xmin><ymin>357</ymin><xmax>148</xmax><ymax>82</ymax></bndbox></object><object><name>proposal</name><bndbox><xmin>163</xmin><ymin>340</ymin><xmax>384</xmax><ymax>152</ymax></bndbox></object><object><name>proposal</name><bndbox><xmin>362</xmin><ymin>357</ymin><xmax>192</xmax><ymax>121</ymax></bndbox></object><object><name>proposal</name><bndbox><xmin>182</xmin><ymin>394</ymin><xmax>170</xmax><ymax>103</ymax></bndbox></object><object><name>proposal</name><bndbox><xmin>143</xmin><ymin>254</ymin><xmax>411</xmax><ymax>246</ymax></bndbox></object><object><name>proposal</name><bndbox><xmin>0</xmin><ymin>287</ymin><xmax>451</xmax><ymax>319</ymax></bndbox></object><object><name>proposal</name><bndbox><xmin>163</xmin><ymin>337</ymin><xmax>251</xmax><ymax>127</ymax></bndbox></object><object><name>proposal</name><bndbox><xmin>78</xmin><ymin>241</ymin><xmax>460</xmax><ymax>269</ymax></bndbox></object><object><name>proposal</name><bndbox><xmin>178</xmin><ymin>340</ymin><xmax>236</xmax><ymax>152</ymax></bndbox></object><object><name>proposal</name><bndbox><xmin>163</xmin><ymin>339</ymin><xmax>316</xmax><ymax>171</ymax></bndbox></object><object><name>proposal</name><bndbox><xmin>410</xmin><ymin>374</ymin><xmax>106</xmax><ymax>83</ymax></bndbox></object><object><name>proposal</name><bndbox><xmin>415</xmin><ymin>380</ymin><xmax>139</xmax><ymax>84</ymax></bndbox></object><object><name>proposal</name><bndbox><xmin>324</xmin><ymin>357</ymin><xmax>214</xmax><ymax>119</ymax></bndbox></object><object><name>proposal</name><bndbox><xmin>291</xmin><ymin>337</ymin><xmax>148</xmax><ymax>102</ymax></bndbox></object><object><name>proposal</name><bndbox><xmin>219</xmin><ymin>386</ymin><xmax>252</xmax><ymax>124</ymax></bndbox></object><object><name>proposal</name><bndbox><xmin>147</xmin><ymin>247</ymin><xmax>419</xmax><ymax>254</ymax></bndbox></object><object><name>proposal</name><bndbox><xmin>381</xmin><ymin>380</ymin><xmax>125</xmax><ymax>98</ymax></bndbox></object><object><name>proposal</name><bndbox><xmin>57</xmin><ymin>241</ymin><xmax>481</xmax><ymax>269</ymax></bndbox></object><object><name>proposal</name><bndbox><xmin>163</xmin><ymin>337</ymin><xmax>317</xmax><ymax>186</ymax></bndbox></object><object><name>proposal</name><bndbox><xmin>290</xmin><ymin>390</ymin><xmax>229</xmax><ymax>142</ymax></bndbox></object><object><name>proposal</name><bndbox><xmin>163</xmin><ymin>337</ymin><xmax>391</xmax><ymax>194</ymax></bndbox></object><object><name>proposal</name><bndbox><xmin>221</xmin><ymin>248</ymin><xmax>317</xmax><ymax>230</ymax></bndbox></object><object><name>proposal</name><bndbox><xmin>226</xmin><ymin>254</ymin><xmax>574</xmax><ymax>293</ymax></bndbox></object><object><name>proposal</name><bndbox><xmin>340</xmin><ymin>343</ymin><xmax>99</xmax><ymax>96</ymax></bndbox></object><object><name>proposal</name><bndbox><xmin>219</xmin><ymin>386</ymin><xmax>161</xmax><ymax>111</ymax></bndbox></object><object><name>proposal</name><bndbox><xmin>362</xmin><ymin>357</ymin><xmax>185</xmax><ymax>125</ymax></bndbox></object><object><name>proposal</name><bndbox><xmin>334</xmin><ymin>357</ymin><xmax>204</xmax><ymax>119</ymax></bndbox></object><object><name>proposal</name><bndbox><xmin>270</xmin><ymin>337</ymin><xmax>249</xmax><ymax>195</ymax></bndbox></object><object><name>proposal</name><bndbox><xmin>229</xmin><ymin>248</ymin><xmax>571</xmax><ymax>299</ymax></bndbox></object><object><name>proposal</name><bndbox><xmin>362</xmin><ymin>357</ymin><xmax>156</xmax><ymax>82</ymax></bndbox></object><object><name>proposal</name><bndbox><xmin>362</xmin><ymin>356</ymin><xmax>176</xmax><ymax>122</ymax></bndbox></object><object><name>proposal</name><bndbox><xmin>356</xmin><ymin>408</ymin><xmax>234</xmax><ymax>115</ymax></bndbox></object><object><name>proposal</name><bndbox><xmin>0</xmin><ymin>209</ymin><xmax>526</xmax><ymax>327</ymax></bndbox></object><object><name>proposal</name><bndbox><xmin>362</xmin><ymin>379</ymin><xmax>109</xmax><ymax>81</ymax></bndbox></object><object><name>proposal</name><bndbox><xmin>163</xmin><ymin>340</ymin><xmax>251</xmax><ymax>152</ymax></bndbox></object><object><name>proposal</name><bndbox><xmin>143</xmin><ymin>333</ymin><xmax>395</xmax><ymax>163</ymax></bndbox></object><object><name>proposal</name><bndbox><xmin>300</xmin><ymin>343</ymin><xmax>155</xmax><ymax>96</ymax></bndbox></object><object><name>proposal</name><bndbox><xmin>163</xmin><ymin>337</ymin><xmax>391</xmax><ymax>187</ymax></bndbox></object><object><name>proposal</name><bndbox><xmin>413</xmin><ymin>380</ymin><xmax>141</xmax><ymax>98</ymax></bndbox></object><object><name>proposal</name><bndbox><xmin>382</xmin><ymin>387</ymin><xmax>98</xmax><ymax>95</ymax></bndbox></object><object><name>proposal</name><bndbox><xmin>219</xmin><ymin>343</ymin><xmax>342</xmax><ymax>154</ymax></bndbox></object><object><name>proposal</name><bndbox><xmin>356</xmin><ymin>357</ymin><xmax>234</xmax><ymax>206</ymax></bndbox></object><object><name>proposal</name><bndbox><xmin>0</xmin><ymin>209</ymin><xmax>526</xmax><ymax>283</ymax></bndbox></object><object><name>proposal</name><bndbox><xmin>163</xmin><ymin>337</ymin><xmax>316</xmax><ymax>187</ymax></bndbox></object><object><name>proposal</name><bndbox><xmin>270</xmin><ymin>337</ymin><xmax>169</xmax><ymax>102</ymax></bndbox></object><object><name>proposal</name><bndbox><xmin>89</xmin><ymin>343</ymin><xmax>430</xmax><ymax>189</ymax></bndbox></object><object><name>proposal</name><bndbox><xmin>340</xmin><ymin>356</ymin><xmax>196</xmax><ymax>120</ymax></bndbox></object><object><name>proposal</name><bndbox><xmin>367</xmin><ymin>381</ymin><xmax>180</xmax><ymax>98</ymax></bndbox></object><object><name>proposal</name><bndbox><xmin>143</xmin><ymin>333</ymin><xmax>336</xmax><ymax>163</ymax></bndbox></object><object><name>proposal</name><bndbox><xmin>340</xmin><ymin>357</ymin><xmax>198</xmax><ymax>125</ymax></bndbox></object><object><name>proposal</name><bndbox><xmin>238</xmin><ymin>350</ymin><xmax>300</xmax><ymax>132</ymax></bndbox></object><object><name>proposal</name><bndbox><xmin>270</xmin><ymin>337</ymin><xmax>243</xmax><ymax>141</ymax></bndbox></object><object><name>proposal</name><bndbox><xmin>362</xmin><ymin>356</ymin><xmax>192</xmax><ymax>168</ymax></bndbox></object><object><name>proposal</name><bndbox><xmin>119</xmin><ymin>248</ymin><xmax>681</xmax><ymax>299</ymax></bndbox></object><object><name>proposal</name><bndbox><xmin>238</xmin><ymin>349</ymin><xmax>300</xmax><ymax>133</ymax></bndbox></object><object><name>proposal</name><bndbox><xmin>206</xmin><ymin>386</ymin><xmax>135</xmax><ymax>97</ymax></bndbox></object><object><name>proposal</name><bndbox><xmin>362</xmin><ymin>379</ymin><xmax>153</xmax><ymax>81</ymax></bndbox></object><object><name>proposal</name><bndbox><xmin>229</xmin><ymin>250</ymin><xmax>571</xmax><ymax>297</ymax></bndbox></object><object><name>proposal</name><bndbox><xmin>339</xmin><ymin>412</ymin><xmax>140</xmax><ymax>67</ymax></bndbox></object><object><name>proposal</name><bndbox><xmin>300</xmin><ymin>343</ymin><xmax>155</xmax><ymax>110</ymax></bndbox></object><object><name>proposal</name><bndbox><xmin>290</xmin><ymin>337</ymin><xmax>216</xmax><ymax>141</ymax></bndbox></object><object><name>proposal</name><bndbox><xmin>164</xmin><ymin>340</ymin><xmax>383</xmax><ymax>152</ymax></bndbox></object><object><name>proposal</name><bndbox><xmin>322</xmin><ymin>412</ymin><xmax>158</xmax><ymax>111</ymax></bndbox></object><object><name>proposal</name><bndbox><xmin>219</xmin><ymin>386</ymin><xmax>174</xmax><ymax>111</ymax></bndbox></object><object><name>proposal</name><bndbox><xmin>362</xmin><ymin>356</ymin><xmax>154</xmax><ymax>101</ymax></bndbox></object><object><name>proposal</name><bndbox><xmin>89</xmin><ymin>337</ymin><xmax>465</xmax><ymax>146</ymax></bndbox></object><object><name>proposal</name><bndbox><xmin>270</xmin><ymin>337</ymin><xmax>243</xmax><ymax>179</ymax></bndbox></object><object><name>proposal</name><bndbox><xmin>182</xmin><ymin>343</ymin><xmax>379</xmax><ymax>154</ymax></bndbox></object><object><name>proposal</name><bndbox><xmin>362</xmin><ymin>357</ymin><xmax>116</xmax><ymax>143</ymax></bndbox></object><object><name>proposal</name><bndbox><xmin>270</xmin><ymin>337</ymin><xmax>291</xmax><ymax>179</ymax></bndbox></object><object><name>proposal</name><bndbox><xmin>219</xmin><ymin>386</ymin><xmax>233</xmax><ymax>111</ymax></bndbox></object><object><name>proposal</name><bndbox><xmin>164</xmin><ymin>340</ymin><xmax>250</xmax><ymax>152</ymax></bndbox></object><object><name>proposal</name><bndbox><xmin>57</xmin><ymin>241</ymin><xmax>423</xmax><ymax>269</ymax></bndbox></object><object><name>proposal</name><bndbox><xmin>362</xmin><ymin>357</ymin><xmax>153</xmax><ymax>82</ymax></bndbox></object><object><name>proposal</name><bndbox><xmin>362</xmin><ymin>357</ymin><xmax>121</xmax><ymax>125</ymax></bndbox></object><object><name>proposal</name><bndbox><xmin>238</xmin><ymin>349</ymin><xmax>288</xmax><ymax>133</ymax></bndbox></object><object><name>proposal</name><bndbox><xmin>182</xmin><ymin>343</ymin><xmax>206</xmax><ymax>154</ymax></bndbox></object><object><name>proposal</name><bndbox><xmin>163</xmin><ymin>339</ymin><xmax>316</xmax><ymax>162</ymax></bndbox></object><object><name>proposal</name><bndbox><xmin>339</xmin><ymin>412</ymin><xmax>140</xmax><ymax>98</ymax></bndbox></object><object><name>proposal</name><bndbox><xmin>209</xmin><ymin>337</ymin><xmax>271</xmax><ymax>173</ymax></bndbox></object><object><name>proposal</name><bndbox><xmin>226</xmin><ymin>251</ymin><xmax>574</xmax><ymax>296</ymax></bndbox></object><object><name>proposal</name><bndbox><xmin>238</xmin><ymin>349</ymin><xmax>279</xmax><ymax>133</ymax></bndbox></object><object><name>proposal</name><bndbox><xmin>382</xmin><ymin>387</ymin><xmax>98</xmax><ymax>92</ymax></bndbox></object><object><name>proposal</name><bndbox><xmin>340</xmin><ymin>343</ymin><xmax>143</xmax><ymax>68</ymax></bndbox></object><object><name>proposal</name><bndbox><xmin>163</xmin><ymin>248</ymin><xmax>637</xmax><ymax>299</ymax></bndbox></object><object><name>proposal</name><bndbox><xmin>219</xmin><ymin>343</ymin><xmax>297</xmax><ymax>154</ymax></bndbox></object><object><name>proposal</name><bndbox><xmin>339</xmin><ymin>412</ymin><xmax>201</xmax><ymax>104</ymax></bndbox></object><object><name>proposal</name><bndbox><xmin>209</xmin><ymin>248</ymin><xmax>329</xmax><ymax>262</ymax></bndbox></object><object><name>proposal</name><bndbox><xmin>163</xmin><ymin>250</ymin><xmax>637</xmax><ymax>297</ymax></bndbox></object><object><name>proposal</name><bndbox><xmin>89</xmin><ymin>337</ymin><xmax>465</xmax><ymax>195</ymax></bndbox></object><object><name>proposal</name><bndbox><xmin>206</xmin><ymin>337</ymin><xmax>210</xmax><ymax>146</ymax></bndbox></object><object><name>proposal</name><bndbox><xmin>206</xmin><ymin>337</ymin><xmax>348</xmax><ymax>195</ymax></bndbox></object><object><name>proposal</name><bndbox><xmin>287</xmin><ymin>343</ymin><xmax>229</xmax><ymax>110</ymax></bndbox></object><object><name>proposal</name><bndbox><xmin>143</xmin><ymin>340</ymin><xmax>372</xmax><ymax>140</ymax></bndbox></object><object><name>proposal</name><bndbox><xmin>382</xmin><ymin>381</ymin><xmax>133</xmax><ymax>98</ymax></bndbox></object><object><name>proposal</name><bndbox><xmin>362</xmin><ymin>365</ymin><xmax>117</xmax><ymax>85</ymax></bndbox></object><object><name>proposal</name><bndbox><xmin>339</xmin><ymin>372</ymin><xmax>332</xmax><ymax>161</ymax></bndbox></object><object><name>proposal</name><bndbox><xmin>206</xmin><ymin>337</ymin><xmax>348</xmax><ymax>146</ymax></bndbox></object><object><name>proposal</name><bndbox><xmin>362</xmin><ymin>365</ymin><xmax>176</xmax><ymax>87</ymax></bndbox></object><object><name>proposal</name><bndbox><xmin>143</xmin><ymin>337</ymin><xmax>411</xmax><ymax>187</ymax></bndbox></object><object><name>proposal</name><bndbox><xmin>171</xmin><ymin>337</ymin><xmax>309</xmax><ymax>173</ymax></bndbox></object><object><name>proposal</name><bndbox><xmin>219</xmin><ymin>337</ymin><xmax>220</xmax><ymax>160</ymax></bndbox></object><object><name>proposal</name><bndbox><xmin>207</xmin><ymin>343</ymin><xmax>354</xmax><ymax>154</ymax></bndbox></object><object><name>proposal</name><bndbox><xmin>8</xmin><ymin>343</ymin><xmax>463</xmax><ymax>208</ymax></bndbox></object><object><name>proposal</name><bndbox><xmin>362</xmin><ymin>357</ymin><xmax>153</xmax><ymax>125</ymax></bndbox></object><object><name>proposal</name><bndbox><xmin>287</xmin><ymin>343</ymin><xmax>229</xmax><ymax>112</ymax></bndbox></object><object><name>proposal</name><bndbox><xmin>382</xmin><ymin>381</ymin><xmax>133</xmax><ymax>101</ymax></bndbox></object><object><name>proposal</name><bndbox><xmin>143</xmin><ymin>248</ymin><xmax>411</xmax><ymax>252</ymax></bndbox></object><object><name>proposal</name><bndbox><xmin>381</xmin><ymin>380</ymin><xmax>99</xmax><ymax>98</ymax></bndbox></object><object><name>proposal</name><bndbox><xmin>182</xmin><ymin>337</ymin><xmax>206</xmax><ymax>160</ymax></bndbox></object><object><name>proposal</name><bndbox><xmin>219</xmin><ymin>386</ymin><xmax>134</xmax><ymax>111</ymax></bndbox></object><object><name>proposal</name><bndbox><xmin>340</xmin><ymin>343</ymin><xmax>158</xmax><ymax>62</ymax></bndbox></object><object><name>proposal</name><bndbox><xmin>209</xmin><ymin>337</ymin><xmax>307</xmax><ymax>173</ymax></bndbox></object><object><name>proposal</name><bndbox><xmin>362</xmin><ymin>357</ymin><xmax>153</xmax><ymax>103</ymax></bndbox></object><object><name>proposal</name><bndbox><xmin>238</xmin><ymin>350</ymin><xmax>300</xmax><ymax>126</ymax></bndbox></object><object><name>proposal</name><bndbox><xmin>339</xmin><ymin>345</ymin><xmax>447</xmax><ymax>188</ymax></bndbox></object><object><name>proposal</name><bndbox><xmin>356</xmin><ymin>357</ymin><xmax>163</xmax><ymax>206</ymax></bndbox></object><object><name>proposal</name><bndbox><xmin>324</xmin><ymin>357</ymin><xmax>214</xmax><ymax>125</ymax></bndbox></object><object><name>proposal</name><bndbox><xmin>344</xmin><ymin>356</ymin><xmax>217</xmax><ymax>123</ymax></bndbox></object><object><name>proposal</name><bndbox><xmin>8</xmin><ymin>343</ymin><xmax>463</xmax><ymax>337</ymax></bndbox></object><object><name>proposal</name><bndbox><xmin>270</xmin><ymin>343</ymin><xmax>110</xmax><ymax>92</ymax></bndbox></object><object><name>proposal</name><bndbox><xmin>163</xmin><ymin>339</ymin><xmax>316</xmax><ymax>185</ymax></bndbox></object><object><name>proposal</name><bndbox><xmin>0</xmin><ymin>209</ymin><xmax>487</xmax><ymax>283</ymax></bndbox></object><object><name>proposal</name><bndbox><xmin>432</xmin><ymin>374</ymin><xmax>122</xmax><ymax>90</ymax></bndbox></object><object><name>proposal</name><bndbox><xmin>143</xmin><ymin>337</ymin><xmax>376</xmax><ymax>187</ymax></bndbox></object><object><name>proposal</name><bndbox><xmin>362</xmin><ymin>357</ymin><xmax>192</xmax><ymax>107</ymax></bndbox></object><object><name>proposal</name><bndbox><xmin>163</xmin><ymin>346</ymin><xmax>397</xmax><ymax>155</ymax></bndbox></object><object><name>proposal</name><bndbox><xmin>219</xmin><ymin>394</ymin><xmax>133</xmax><ymax>103</ymax></bndbox></object><object><name>proposal</name><bndbox><xmin>362</xmin><ymin>356</ymin><xmax>154</xmax><ymax>168</ymax></bndbox></object><object><name>proposal</name><bndbox><xmin>339</xmin><ymin>372</ymin><xmax>222</xmax><ymax>144</ymax></bndbox></object><object><name>proposal</name><bndbox><xmin>270</xmin><ymin>337</ymin><xmax>284</xmax><ymax>195</ymax></bndbox></object><object><name>proposal</name><bndbox><xmin>226</xmin><ymin>248</ymin><xmax>574</xmax><ymax>299</ymax></bndbox></object><object><name>proposal</name><bndbox><xmin>410</xmin><ymin>374</ymin><xmax>128</xmax><ymax>104</ymax></bndbox></object><object><name>proposal</name><bndbox><xmin>164</xmin><ymin>337</ymin><xmax>253</xmax><ymax>143</ymax></bndbox></object><object><name>proposal</name><bndbox><xmin>432</xmin><ymin>376</ymin><xmax>122</xmax><ymax>90</ymax></bndbox></object><object><name>proposal</name><bndbox><xmin>163</xmin><ymin>339</ymin><xmax>391</xmax><ymax>162</ymax></bndbox></object><object><name>proposal</name><bndbox><xmin>238</xmin><ymin>353</ymin><xmax>300</xmax><ymax>129</ymax></bndbox></object><object><name>proposal</name><bndbox><xmin>362</xmin><ymin>356</ymin><xmax>176</xmax><ymax>108</ymax></bndbox></object><object><name>proposal</name><bndbox><xmin>163</xmin><ymin>339</ymin><xmax>391</xmax><ymax>185</ymax></bndbox></object><object><name>proposal</name><bndbox><xmin>413</xmin><ymin>380</ymin><xmax>141</xmax><ymax>84</ymax></bndbox></object><object><name>proposal</name><bndbox><xmin>362</xmin><ymin>357</ymin><xmax>192</xmax><ymax>143</ymax></bndbox></object><object><name>proposal</name><bndbox><xmin>163</xmin><ymin>340</ymin><xmax>320</xmax><ymax>152</ymax></bndbox></object><object><name>proposal</name><bndbox><xmin>219</xmin><ymin>386</ymin><xmax>146</xmax><ymax>97</ymax></bndbox></object><object><name>proposal</name><bndbox><xmin>381</xmin><ymin>376</ymin><xmax>173</xmax><ymax>148</ymax></bndbox></object><object><name>proposal</name><bndbox><xmin>163</xmin><ymin>346</ymin><xmax>352</xmax><ymax>155</ymax></bndbox></object><object><name>proposal</name><bndbox><xmin>410</xmin><ymin>374</ymin><xmax>106</xmax><ymax>104</ymax></bndbox></object><object><name>proposal</name><bndbox><xmin>243</xmin><ymin>343</ymin><xmax>145</xmax><ymax>101</ymax></bndbox></object><object><name>proposal</name><bndbox><xmin>410</xmin><ymin>376</ymin><xmax>106</xmax><ymax>81</ymax></bndbox></object></annotation>