<annotation><folder>Proposals</folder><filename>img-414.jpg</filename><size><width>439</width><height>300</height><depth>3</depth></size><object><name>proposal</name><bndbox><xmin>145</xmin><ymin>382</ymin><xmax>401</xmax><ymax>273</ymax></bndbox></object><object><name>proposal</name><bndbox><xmin>148</xmin><ymin>359</ymin><xmax>387</xmax><ymax>267</ymax></bndbox></object><object><name>proposal</name><bndbox><xmin>0</xmin><ymin>296</ymin><xmax>218</xmax><ymax>413</ymax></bndbox></object><object><name>proposal</name><bndbox><xmin>125</xmin><ymin>361</ymin><xmax>441</xmax><ymax>299</ymax></bndbox></object><object><name>proposal</name><bndbox><xmin>0</xmin><ymin>276</ymin><xmax>272</xmax><ymax>257</ymax></bndbox></object><object><name>proposal</name><bndbox><xmin>224</xmin><ymin>467</ymin><xmax>360</xmax><ymax>333</ymax></bndbox></object><object><name>proposal</name><bndbox><xmin>106</xmin><ymin>363</ymin><xmax>448</xmax><ymax>270</ymax></bndbox></object><object><name>proposal</name><bndbox><xmin>0</xmin><ymin>363</ymin><xmax>800</xmax><ymax>437</ymax></bndbox></object><object><name>proposal</name><bndbox><xmin>0</xmin><ymin>276</ymin><xmax>403</xmax><ymax>524</ymax></bndbox></object><object><name>proposal</name><bndbox><xmin>106</xmin><ymin>401</ymin><xmax>297</xmax><ymax>251</ymax></bndbox></object><object><name>proposal</name><bndbox><xmin>0</xmin><ymin>349</ymin><xmax>800</xmax><ymax>451</ymax></bndbox></object><object><name>proposal</name><bndbox><xmin>122</xmin><ymin>366</ymin><xmax>335</xmax><ymax>259</ymax></bndbox></object><object><name>proposal</name><bndbox><xmin>145</xmin><ymin>380</ymin><xmax>404</xmax><ymax>280</ymax></bndbox></object><object><name>proposal</name><bndbox><xmin>0</xmin><ymin>0</ymin><xmax>601</xmax><ymax>496</ymax></bndbox></object><object><name>proposal</name><bndbox><xmin>137</xmin><ymin>380</ymin><xmax>412</xmax><ymax>253</ymax></bndbox></object><object><name>proposal</name><bndbox><xmin>144</xmin><ymin>361</ymin><xmax>422</xmax><ymax>272</ymax></bndbox></object><object><name>proposal</name><bndbox><xmin>145</xmin><ymin>380</ymin><xmax>404</xmax><ymax>274</ymax></bndbox></object><object><name>proposal</name><bndbox><xmin>0</xmin><ymin>0</ymin><xmax>800</xmax><ymax>667</ymax></bndbox></object><object><name>proposal</name><bndbox><xmin>148</xmin><ymin>359</ymin><xmax>406</xmax><ymax>298</ymax></bndbox></object><object><name>proposal</name><bndbox><xmin>237</xmin><ymin>288</ymin><xmax>386</xmax><ymax>236</ymax></bndbox></object><object><name>proposal</name><bndbox><xmin>145</xmin><ymin>382</ymin><xmax>401</xmax><ymax>246</ymax></bndbox></object><object><name>proposal</name><bndbox><xmin>84</xmin><ymin>366</ymin><xmax>435</xmax><ymax>259</ymax></bndbox></object><object><name>proposal</name><bndbox><xmin>0</xmin><ymin>467</ymin><xmax>584</xmax><ymax>333</ymax></bndbox></object><object><name>proposal</name><bndbox><xmin>135</xmin><ymin>361</ymin><xmax>431</xmax><ymax>272</ymax></bndbox></object><object><name>proposal</name><bndbox><xmin>144</xmin><ymin>379</ymin><xmax>406</xmax><ymax>276</ymax></bndbox></object><object><name>proposal</name><bndbox><xmin>0</xmin><ymin>363</ymin><xmax>520</xmax><ymax>437</ymax></bndbox></object><object><name>proposal</name><bndbox><xmin>135</xmin><ymin>361</ymin><xmax>388</xmax><ymax>269</ymax></bndbox></object><object><name>proposal</name><bndbox><xmin>123</xmin><ymin>363</ymin><xmax>421</xmax><ymax>288</ymax></bndbox></object><object><name>proposal</name><bndbox><xmin>0</xmin><ymin>371</ymin><xmax>800</xmax><ymax>429</ymax></bndbox></object><object><name>proposal</name><bndbox><xmin>138</xmin><ymin>363</ymin><xmax>408</xmax><ymax>268</ymax></bndbox></object><object><name>proposal</name><bndbox><xmin>56</xmin><ymin>312</ymin><xmax>744</xmax><ymax>488</ymax></bndbox></object><object><name>proposal</name><bndbox><xmin>142</xmin><ymin>359</ymin><xmax>412</xmax><ymax>298</ymax></bndbox></object><object><name>proposal</name><bndbox><xmin>144</xmin><ymin>325</ymin><xmax>656</xmax><ymax>360</ymax></bndbox></object><object><name>proposal</name><bndbox><xmin>0</xmin><ymin>296</ymin><xmax>218</xmax><ymax>451</ymax></bndbox></object><object><name>proposal</name><bndbox><xmin>90</xmin><ymin>467</ymin><xmax>494</xmax><ymax>333</ymax></bndbox></object><object><name>proposal</name><bndbox><xmin>136</xmin><ymin>238</ymin><xmax>247</xmax><ymax>409</ymax></bndbox></object><object><name>proposal</name><bndbox><xmin>0</xmin><ymin>0</ymin><xmax>800</xmax><ymax>625</ymax></bndbox></object><object><name>proposal</name><bndbox><xmin>144</xmin><ymin>364</ymin><xmax>406</xmax><ymax>264</ymax></bndbox></object><object><name>proposal</name><bndbox><xmin>0</xmin><ymin>277</ymin><xmax>216</xmax><ymax>309</ymax></bndbox></object><object><name>proposal</name><bndbox><xmin>145</xmin><ymin>363</ymin><xmax>421</xmax><ymax>292</ymax></bndbox></object><object><name>proposal</name><bndbox><xmin>144</xmin><ymin>380</ymin><xmax>400</xmax><ymax>253</ymax></bndbox></object><object><name>proposal</name><bndbox><xmin>29</xmin><ymin>371</ymin><xmax>187</xmax><ymax>280</ymax></bndbox></object><object><name>proposal</name><bndbox><xmin>0</xmin><ymin>296</ymin><xmax>566</xmax><ymax>451</ymax></bndbox></object><object><name>proposal</name><bndbox><xmin>143</xmin><ymin>363</ymin><xmax>423</xmax><ymax>292</ymax></bndbox></object><object><name>proposal</name><bndbox><xmin>106</xmin><ymin>383</ymin><xmax>297</xmax><ymax>269</ymax></bndbox></object><object><name>proposal</name><bndbox><xmin>0</xmin><ymin>277</ymin><xmax>800</xmax><ymax>523</ymax></bndbox></object><object><name>proposal</name><bndbox><xmin>136</xmin><ymin>361</ymin><xmax>418</xmax><ymax>264</ymax></bndbox></object><object><name>proposal</name><bndbox><xmin>123</xmin><ymin>363</ymin><xmax>344</xmax><ymax>262</ymax></bndbox></object><object><name>proposal</name><bndbox><xmin>144</xmin><ymin>370</ymin><xmax>406</xmax><ymax>285</ymax></bndbox></object><object><name>proposal</name><bndbox><xmin>144</xmin><ymin>380</ymin><xmax>407</xmax><ymax>248</ymax></bndbox></object><object><name>proposal</name><bndbox><xmin>0</xmin><ymin>289</ymin><xmax>272</xmax><ymax>276</ymax></bndbox></object><object><name>proposal</name><bndbox><xmin>0</xmin><ymin>303</ymin><xmax>272</xmax><ymax>230</ymax></bndbox></object><object><name>proposal</name><bndbox><xmin>145</xmin><ymin>380</ymin><xmax>404</xmax><ymax>246</ymax></bndbox></object><object><name>proposal</name><bndbox><xmin>0</xmin><ymin>54</ymin><xmax>348</xmax><ymax>442</ymax></bndbox></object><object><name>proposal</name><bndbox><xmin>0</xmin><ymin>277</ymin><xmax>216</xmax><ymax>523</ymax></bndbox></object><object><name>proposal</name><bndbox><xmin>202</xmin><ymin>295</ymin><xmax>254</xmax><ymax>217</ymax></bndbox></object><object><name>proposal</name><bndbox><xmin>84</xmin><ymin>366</ymin><xmax>373</xmax><ymax>259</ymax></bndbox></object><object><name>proposal</name><bndbox><xmin>230</xmin><ymin>467</ymin><xmax>354</xmax><ymax>280</ymax></bndbox></object><object><name>proposal</name><bndbox><xmin>0</xmin><ymin>431</ymin><xmax>317</xmax><ymax>369</ymax></bndbox></object><object><name>proposal</name><bndbox><xmin>123</xmin><ymin>363</ymin><xmax>421</xmax><ymax>264</ymax></bndbox></object><object><name>proposal</name><bndbox><xmin>144</xmin><ymin>380</ymin><xmax>400</xmax><ymax>280</ymax></bndbox></object><object><name>proposal</name><bndbox><xmin>78</xmin><ymin>361</ymin><xmax>722</xmax><ymax>439</ymax></bndbox></object><object><name>proposal</name><bndbox><xmin>0</xmin><ymin>277</ymin><xmax>523</xmax><ymax>523</ymax></bndbox></object><object><name>proposal</name><bndbox><xmin>123</xmin><ymin>367</ymin><xmax>428</xmax><ymax>261</ymax></bndbox></object><object><name>proposal</name><bndbox><xmin>0</xmin><ymin>321</ymin><xmax>218</xmax><ymax>397</ymax></bndbox></object><object><name>proposal</name><bndbox><xmin>144</xmin><ymin>370</ymin><xmax>409</xmax><ymax>258</ymax></bndbox></object><object><name>proposal</name><bndbox><xmin>123</xmin><ymin>367</ymin><xmax>424</xmax><ymax>261</ymax></bndbox></object><object><name>proposal</name><bndbox><xmin>0</xmin><ymin>321</ymin><xmax>218</xmax><ymax>426</ymax></bndbox></object><object><name>proposal</name><bndbox><xmin>106</xmin><ymin>363</ymin><xmax>413</xmax><ymax>267</ymax></bndbox></object><object><name>proposal</name><bndbox><xmin>0</xmin><ymin>0</ymin><xmax>503</xmax><ymax>481</ymax></bndbox></object><object><name>proposal</name><bndbox><xmin>0</xmin><ymin>277</ymin><xmax>210</xmax><ymax>523</ymax></bndbox></object><object><name>proposal</name><bndbox><xmin>0</xmin><ymin>134</ymin><xmax>800</xmax><ymax>666</ymax></bndbox></object><object><name>proposal</name><bndbox><xmin>136</xmin><ymin>238</ymin><xmax>397</xmax><ymax>409</ymax></bndbox></object><object><name>proposal</name><bndbox><xmin>0</xmin><ymin>467</ymin><xmax>800</xmax><ymax>333</ymax></bndbox></object><object><name>proposal</name><bndbox><xmin>204</xmin><ymin>361</ymin><xmax>319</xmax><ymax>147</ymax></bndbox></object><object><name>proposal</name><bndbox><xmin>0</xmin><ymin>289</ymin><xmax>272</xmax><ymax>244</ymax></bndbox></object><object><name>proposal</name><bndbox><xmin>136</xmin><ymin>361</ymin><xmax>418</xmax><ymax>286</ymax></bndbox></object><object><name>proposal</name><bndbox><xmin>60</xmin><ymin>382</ymin><xmax>473</xmax><ymax>243</ymax></bndbox></object><object><name>proposal</name><bndbox><xmin>148</xmin><ymin>285</ymin><xmax>425</xmax><ymax>340</ymax></bndbox></object><object><name>proposal</name><bndbox><xmin>0</xmin><ymin>276</ymin><xmax>272</xmax><ymax>524</ymax></bndbox></object><object><name>proposal</name><bndbox><xmin>60</xmin><ymin>288</ymin><xmax>563</xmax><ymax>337</ymax></bndbox></object><object><name>proposal</name><bndbox><xmin>140</xmin><ymin>363</ymin><xmax>413</xmax><ymax>293</ymax></bndbox></object><object><name>proposal</name><bndbox><xmin>0</xmin><ymin>312</ymin><xmax>800</xmax><ymax>488</ymax></bndbox></object><object><name>proposal</name><bndbox><xmin>144</xmin><ymin>379</ymin><xmax>409</xmax><ymax>249</ymax></bndbox></object><object><name>proposal</name><bndbox><xmin>106</xmin><ymin>363</ymin><xmax>414</xmax><ymax>266</ymax></bndbox></object><object><name>proposal</name><bndbox><xmin>144</xmin><ymin>364</ymin><xmax>409</xmax><ymax>290</ymax></bndbox></object><object><name>proposal</name><bndbox><xmin>0</xmin><ymin>0</ymin><xmax>610</xmax><ymax>800</ymax></bndbox></object><object><name>proposal</name><bndbox><xmin>0</xmin><ymin>276</ymin><xmax>272</xmax><ymax>279</ymax></bndbox></object><object><name>proposal</name><bndbox><xmin>29</xmin><ymin>361</ymin><xmax>515</xmax><ymax>265</ymax></bndbox></object><object><name>proposal</name><bndbox><xmin>0</xmin><ymin>277</ymin><xmax>544</xmax><ymax>523</ymax></bndbox></object><object><name>proposal</name><bndbox><xmin>0</xmin><ymin>383</ymin><xmax>403</xmax><ymax>269</ymax></bndbox></object><object><name>proposal</name><bndbox><xmin>0</xmin><ymin>0</ymin><xmax>601</xmax><ymax>481</ymax></bndbox></object><object><name>proposal</name><bndbox><xmin>123</xmin><ymin>367</ymin><xmax>334</xmax><ymax>258</ymax></bndbox></object><object><name>proposal</name><bndbox><xmin>145</xmin><ymin>363</ymin><xmax>421</xmax><ymax>268</ymax></bndbox></object><object><name>proposal</name><bndbox><xmin>144</xmin><ymin>361</ymin><xmax>400</xmax><ymax>265</ymax></bndbox></object><object><name>proposal</name><bndbox><xmin>126</xmin><ymin>0</ymin><xmax>475</xmax><ymax>625</ymax></bndbox></object><object><name>proposal</name><bndbox><xmin>138</xmin><ymin>361</ymin><xmax>385</xmax><ymax>236</ymax></bndbox></object><object><name>proposal</name><bndbox><xmin>0</xmin><ymin>0</ymin><xmax>800</xmax><ymax>800</ymax></bndbox></object><object><name>proposal</name><bndbox><xmin>148</xmin><ymin>380</ymin><xmax>406</xmax><ymax>246</ymax></bndbox></object><object><name>proposal</name><bndbox><xmin>224</xmin><ymin>410</ymin><xmax>492</xmax><ymax>390</ymax></bndbox></object><object><name>proposal</name><bndbox><xmin>145</xmin><ymin>380</ymin><xmax>407</xmax><ymax>274</ymax></bndbox></object><object><name>proposal</name><bndbox><xmin>56</xmin><ymin>362</ymin><xmax>744</xmax><ymax>438</ymax></bndbox></object><object><name>proposal</name><bndbox><xmin>0</xmin><ymin>112</ymin><xmax>800</xmax><ymax>688</ymax></bndbox></object><object><name>proposal</name><bndbox><xmin>144</xmin><ymin>379</ymin><xmax>406</xmax><ymax>249</ymax></bndbox></object><object><name>proposal</name><bndbox><xmin>144</xmin><ymin>361</ymin><xmax>422</xmax><ymax>294</ymax></bndbox></object><object><name>proposal</name><bndbox><xmin>144</xmin><ymin>380</ymin><xmax>400</xmax><ymax>246</ymax></bndbox></object><object><name>proposal</name><bndbox><xmin>0</xmin><ymin>0</ymin><xmax>602</xmax><ymax>550</ymax></bndbox></object><object><name>proposal</name><bndbox><xmin>0</xmin><ymin>91</ymin><xmax>348</xmax><ymax>390</ymax></bndbox></object><object><name>proposal</name><bndbox><xmin>0</xmin><ymin>0</ymin><xmax>800</xmax><ymax>473</ymax></bndbox></object><object><name>proposal</name><bndbox><xmin>237</xmin><ymin>218</ymin><xmax>290</xmax><ymax>244</ymax></bndbox></object><object><name>proposal</name><bndbox><xmin>106</xmin><ymin>366</ymin><xmax>351</xmax><ymax>252</ymax></bndbox></object><object><name>proposal</name><bndbox><xmin>0</xmin><ymin>54</ymin><xmax>348</xmax><ymax>496</ymax></bndbox></object><object><name>proposal</name><bndbox><xmin>125</xmin><ymin>361</ymin><xmax>398</xmax><ymax>269</ymax></bndbox></object><object><name>proposal</name><bndbox><xmin>0</xmin><ymin>0</ymin><xmax>800</xmax><ymax>488</ymax></bndbox></object><object><name>proposal</name><bndbox><xmin>0</xmin><ymin>277</ymin><xmax>216</xmax><ymax>279</ymax></bndbox></object><object><name>proposal</name><bndbox><xmin>148</xmin><ymin>382</ymin><xmax>385</xmax><ymax>243</ymax></bndbox></object><object><name>proposal</name><bndbox><xmin>0</xmin><ymin>294</ymin><xmax>272</xmax><ymax>239</ymax></bndbox></object><object><name>proposal</name><bndbox><xmin>106</xmin><ymin>363</ymin><xmax>447</xmax><ymax>299</ymax></bndbox></object><object><name>proposal</name><bndbox><xmin>125</xmin><ymin>364</ymin><xmax>428</xmax><ymax>290</ymax></bndbox></object><object><name>proposal</name><bndbox><xmin>106</xmin><ymin>363</ymin><xmax>448</xmax><ymax>291</ymax></bndbox></object><object><name>proposal</name><bndbox><xmin>145</xmin><ymin>380</ymin><xmax>407</xmax><ymax>246</ymax></bndbox></object><object><name>proposal</name><bndbox><xmin>145</xmin><ymin>380</ymin><xmax>404</xmax><ymax>253</ymax></bndbox></object><object><name>proposal</name><bndbox><xmin>33</xmin><ymin>218</ymin><xmax>494</xmax><ymax>347</ymax></bndbox></object><object><name>proposal</name><bndbox><xmin>136</xmin><ymin>410</ymin><xmax>247</xmax><ymax>237</ymax></bndbox></object><object><name>proposal</name><bndbox><xmin>0</xmin><ymin>322</ymin><xmax>218</xmax><ymax>379</ymax></bndbox></object><object><name>proposal</name><bndbox><xmin>137</xmin><ymin>380</ymin><xmax>417</xmax><ymax>253</ymax></bndbox></object><object><name>proposal</name><bndbox><xmin>300</xmin><ymin>311</ymin><xmax>500</xmax><ymax>489</ymax></bndbox></object><object><name>proposal</name><bndbox><xmin>148</xmin><ymin>359</ymin><xmax>406</xmax><ymax>267</ymax></bndbox></object><object><name>proposal</name><bndbox><xmin>137</xmin><ymin>380</ymin><xmax>417</xmax><ymax>280</ymax></bndbox></object><object><name>proposal</name><bndbox><xmin>0</xmin><ymin>0</ymin><xmax>623</xmax><ymax>625</ymax></bndbox></object><object><name>proposal</name><bndbox><xmin>144</xmin><ymin>364</ymin><xmax>409</xmax><ymax>264</ymax></bndbox></object><object><name>proposal</name><bndbox><xmin>0</xmin><ymin>294</ymin><xmax>272</xmax><ymax>271</ymax></bndbox></object><object><name>proposal</name><bndbox><xmin>84</xmin><ymin>366</ymin><xmax>469</xmax><ymax>289</ymax></bndbox></object><object><name>proposal</name><bndbox><xmin>145</xmin><ymin>379</ymin><xmax>399</xmax><ymax>248</ymax></bndbox></object><object><name>proposal</name><bndbox><xmin>0</xmin><ymin>322</ymin><xmax>218</xmax><ymax>425</ymax></bndbox></object><object><name>proposal</name><bndbox><xmin>144</xmin><ymin>380</ymin><xmax>400</xmax><ymax>275</ymax></bndbox></object><object><name>proposal</name><bndbox><xmin>136</xmin><ymin>238</ymin><xmax>320</xmax><ymax>409</ymax></bndbox></object><object><name>proposal</name><bndbox><xmin>144</xmin><ymin>379</ymin><xmax>409</xmax><ymax>276</ymax></bndbox></object><object><name>proposal</name><bndbox><xmin>0</xmin><ymin>322</ymin><xmax>218</xmax><ymax>387</ymax></bndbox></object><object><name>proposal</name><bndbox><xmin>148</xmin><ymin>380</ymin><xmax>387</xmax><ymax>246</ymax></bndbox></object><object><name>proposal</name><bndbox><xmin>144</xmin><ymin>370</ymin><xmax>409</xmax><ymax>285</ymax></bndbox></object><object><name>proposal</name><bndbox><xmin>138</xmin><ymin>363</ymin><xmax>415</xmax><ymax>299</ymax></bndbox></object><object><name>proposal</name><bndbox><xmin>0</xmin><ymin>321</ymin><xmax>218</xmax><ymax>380</ymax></bndbox></object><object><name>proposal</name><bndbox><xmin>33</xmin><ymin>218</ymin><xmax>540</xmax><ymax>347</ymax></bndbox></object><object><name>proposal</name><bndbox><xmin>0</xmin><ymin>276</ymin><xmax>554</xmax><ymax>524</ymax></bndbox></object><object><name>proposal</name><bndbox><xmin>300</xmin><ymin>311</ymin><xmax>323</xmax><ymax>213</ymax></bndbox></object><object><name>proposal</name><bndbox><xmin>144</xmin><ymin>380</ymin><xmax>403</xmax><ymax>248</ymax></bndbox></object><object><name>proposal</name><bndbox><xmin>144</xmin><ymin>361</ymin><xmax>422</xmax><ymax>299</ymax></bndbox></object><object><name>proposal</name><bndbox><xmin>0</xmin><ymin>277</ymin><xmax>226</xmax><ymax>266</ymax></bndbox></object><object><name>proposal</name><bndbox><xmin>145</xmin><ymin>379</ymin><xmax>399</xmax><ymax>272</ymax></bndbox></object><object><name>proposal</name><bndbox><xmin>138</xmin><ymin>363</ymin><xmax>415</xmax><ymax>293</ymax></bndbox></object><object><name>proposal</name><bndbox><xmin>144</xmin><ymin>370</ymin><xmax>406</xmax><ymax>258</ymax></bndbox></object><object><name>proposal</name><bndbox><xmin>203</xmin><ymin>366</ymin><xmax>316</xmax><ymax>144</ymax></bndbox></object><object><name>proposal</name><bndbox><xmin>145</xmin><ymin>382</ymin><xmax>401</xmax><ymax>249</ymax></bndbox></object><object><name>proposal</name><bndbox><xmin>0</xmin><ymin>0</ymin><xmax>361</xmax><ymax>496</ymax></bndbox></object><object><name>proposal</name><bndbox><xmin>140</xmin><ymin>363</ymin><xmax>413</xmax><ymax>299</ymax></bndbox></object><object><name>proposal</name><bndbox><xmin>137</xmin><ymin>380</ymin><xmax>417</xmax><ymax>274</ymax></bndbox></object><object><name>proposal</name><bndbox><xmin>0</xmin><ymin>0</ymin><xmax>800</xmax><ymax>747</ymax></bndbox></object><object><name>proposal</name><bndbox><xmin>106</xmin><ymin>363</ymin><xmax>448</xmax><ymax>297</ymax></bndbox></object><object><name>proposal</name><bndbox><xmin>143</xmin><ymin>363</ymin><xmax>403</xmax><ymax>268</ymax></bndbox></object><object><name>proposal</name><bndbox><xmin>145</xmin><ymin>380</ymin><xmax>409</xmax><ymax>280</ymax></bndbox></object><object><name>proposal</name><bndbox><xmin>90</xmin><ymin>467</ymin><xmax>520</xmax><ymax>333</ymax></bndbox></object><object><name>proposal</name><bndbox><xmin>106</xmin><ymin>363</ymin><xmax>446</xmax><ymax>267</ymax></bndbox></object><object><name>proposal</name><bndbox><xmin>136</xmin><ymin>361</ymin><xmax>418</xmax><ymax>251</ymax></bndbox></object><object><name>proposal</name><bndbox><xmin>144</xmin><ymin>361</ymin><xmax>400</xmax><ymax>294</ymax></bndbox></object><object><name>proposal</name><bndbox><xmin>29</xmin><ymin>361</ymin><xmax>494</xmax><ymax>290</ymax></bndbox></object><object><name>proposal</name><bndbox><xmin>144</xmin><ymin>380</ymin><xmax>422</xmax><ymax>253</ymax></bndbox></object><object><name>proposal</name><bndbox><xmin>300</xmin><ymin>361</ymin><xmax>323</xmax><ymax>163</ymax></bndbox></object><object><name>proposal</name><bndbox><xmin>0</xmin><ymin>238</ymin><xmax>533</xmax><ymax>562</ymax></bndbox></object><object><name>proposal</name><bndbox><xmin>180</xmin><ymin>363</ymin><xmax>340</xmax><ymax>147</ymax></bndbox></object><object><name>proposal</name><bndbox><xmin>125</xmin><ymin>366</ymin><xmax>332</xmax><ymax>259</ymax></bndbox></object><object><name>proposal</name><bndbox><xmin>33</xmin><ymin>59</ymin><xmax>540</xmax><ymax>588</ymax></bndbox></object><object><name>proposal</name><bndbox><xmin>0</xmin><ymin>362</ymin><xmax>800</xmax><ymax>438</ymax></bndbox></object><object><name>proposal</name><bndbox><xmin>224</xmin><ymin>311</ymin><xmax>576</xmax><ymax>489</ymax></bndbox></object><object><name>proposal</name><bndbox><xmin>144</xmin><ymin>380</ymin><xmax>422</xmax><ymax>280</ymax></bndbox></object><object><name>proposal</name><bndbox><xmin>0</xmin><ymin>277</ymin><xmax>523</xmax><ymax>374</ymax></bndbox></object><object><name>proposal</name><bndbox><xmin>180</xmin><ymin>361</ymin><xmax>343</xmax><ymax>147</ymax></bndbox></object><object><name>proposal</name><bndbox><xmin>138</xmin><ymin>367</ymin><xmax>319</xmax><ymax>230</ymax></bndbox></object><object><name>proposal</name><bndbox><xmin>144</xmin><ymin>361</ymin><xmax>400</xmax><ymax>324</ymax></bndbox></object><object><name>proposal</name><bndbox><xmin>0</xmin><ymin>300</ymin><xmax>800</xmax><ymax>500</ymax></bndbox></object><object><name>proposal</name><bndbox><xmin>0</xmin><ymin>276</ymin><xmax>272</xmax><ymax>289</ymax></bndbox></object><object><name>proposal</name><bndbox><xmin>143</xmin><ymin>363</ymin><xmax>377</xmax><ymax>182</ymax></bndbox></object><object><name>proposal</name><bndbox><xmin>0</xmin><ymin>320</ymin><xmax>216</xmax><ymax>266</ymax></bndbox></object><object><name>proposal</name><bndbox><xmin>0</xmin><ymin>321</ymin><xmax>218</xmax><ymax>388</ymax></bndbox></object><object><name>proposal</name><bndbox><xmin>145</xmin><ymin>382</ymin><xmax>421</xmax><ymax>273</ymax></bndbox></object><object><name>proposal</name><bndbox><xmin>300</xmin><ymin>311</ymin><xmax>490</xmax><ymax>225</ymax></bndbox></object><object><name>proposal</name><bndbox><xmin>0</xmin><ymin>322</ymin><xmax>218</xmax><ymax>396</ymax></bndbox></object><object><name>proposal</name><bndbox><xmin>0</xmin><ymin>0</ymin><xmax>800</xmax><ymax>560</ymax></bndbox></object><object><name>proposal</name><bndbox><xmin>0</xmin><ymin>379</ymin><xmax>610</xmax><ymax>421</ymax></bndbox></object><object><name>proposal</name><bndbox><xmin>33</xmin><ymin>59</ymin><xmax>540</xmax><ymax>506</ymax></bndbox></object><object><name>proposal</name><bndbox><xmin>56</xmin><ymin>134</ymin><xmax>744</xmax><ymax>666</ymax></bndbox></object><object><name>proposal</name><bndbox><xmin>0</xmin><ymin>0</ymin><xmax>601</xmax><ymax>625</ymax></bndbox></object><object><name>proposal</name><bndbox><xmin>0</xmin><ymin>363</ymin><xmax>566</xmax><ymax>437</ymax></bndbox></object><object><name>proposal</name><bndbox><xmin>78</xmin><ymin>416</ymin><xmax>722</xmax><ymax>384</ymax></bndbox></object><object><name>proposal</name><bndbox><xmin>136</xmin><ymin>400</ymin><xmax>283</xmax><ymax>212</ymax></bndbox></object><object><name>proposal</name><bndbox><xmin>202</xmin><ymin>285</ymin><xmax>371</xmax><ymax>239</ymax></bndbox></object><object><name>proposal</name><bndbox><xmin>122</xmin><ymin>366</ymin><xmax>431</xmax><ymax>289</ymax></bndbox></object><object><name>proposal</name><bndbox><xmin>0</xmin><ymin>296</ymin><xmax>218</xmax><ymax>422</ymax></bndbox></object><object><name>proposal</name><bndbox><xmin>145</xmin><ymin>363</ymin><xmax>409</xmax><ymax>270</ymax></bndbox></object><object><name>proposal</name><bndbox><xmin>146</xmin><ymin>362</ymin><xmax>311</xmax><ymax>180</ymax></bndbox></object><object><name>proposal</name><bndbox><xmin>136</xmin><ymin>313</ymin><xmax>247</xmax><ymax>334</ymax></bndbox></object><object><name>proposal</name><bndbox><xmin>0</xmin><ymin>54</ymin><xmax>348</xmax><ymax>489</ymax></bndbox></object><object><name>proposal</name><bndbox><xmin>33</xmin><ymin>313</ymin><xmax>291</xmax><ymax>252</ymax></bndbox></object><object><name>proposal</name><bndbox><xmin>0</xmin><ymin>0</ymin><xmax>800</xmax><ymax>675</ymax></bndbox></object><object><name>proposal</name><bndbox><xmin>144</xmin><ymin>112</ymin><xmax>656</xmax><ymax>573</ymax></bndbox></object><object><name>proposal</name><bndbox><xmin>135</xmin><ymin>361</ymin><xmax>431</xmax><ymax>299</ymax></bndbox></object><object><name>proposal</name><bndbox><xmin>145</xmin><ymin>380</ymin><xmax>409</xmax><ymax>253</ymax></bndbox></object><object><name>proposal</name><bndbox><xmin>29</xmin><ymin>361</ymin><xmax>494</xmax><ymax>195</ymax></bndbox></object><object><name>proposal</name><bndbox><xmin>144</xmin><ymin>380</ymin><xmax>400</xmax><ymax>305</ymax></bndbox></object><object><name>proposal</name><bndbox><xmin>300</xmin><ymin>311</ymin><xmax>500</xmax><ymax>356</ymax></bndbox></object><object><name>proposal</name><bndbox><xmin>145</xmin><ymin>363</ymin><xmax>407</xmax><ymax>263</ymax></bndbox></object><object><name>proposal</name><bndbox><xmin>145</xmin><ymin>382</ymin><xmax>421</xmax><ymax>249</ymax></bndbox></object><object><name>proposal</name><bndbox><xmin>0</xmin><ymin>383</ymin><xmax>403</xmax><ymax>417</ymax></bndbox></object><object><name>proposal</name><bndbox><xmin>106</xmin><ymin>363</ymin><xmax>413</xmax><ymax>255</ymax></bndbox></object><object><name>proposal</name><bndbox><xmin>106</xmin><ymin>366</ymin><xmax>351</xmax><ymax>258</ymax></bndbox></object><object><name>proposal</name><bndbox><xmin>0</xmin><ymin>303</ymin><xmax>272</xmax><ymax>262</ymax></bndbox></object><object><name>proposal</name><bndbox><xmin>106</xmin><ymin>363</ymin><xmax>446</xmax><ymax>291</ymax></bndbox></object><object><name>proposal</name><bndbox><xmin>0</xmin><ymin>521</ymin><xmax>550</xmax><ymax>279</ymax></bndbox></object></annotation>