<annotation><folder>Proposals</folder><filename>img-216.jpg</filename><size><width>720</width><height>720</height><depth>3</depth></size><object><name>proposal</name><bndbox><xmin>342</xmin><ymin>234</ymin><xmax>233</xmax><ymax>167</ymax></bndbox></object><object><name>proposal</name><bndbox><xmin>88</xmin><ymin>90</ymin><xmax>349</xmax><ymax>180</ymax></bndbox></object><object><name>proposal</name><bndbox><xmin>342</xmin><ymin>234</ymin><xmax>325</xmax><ymax>167</ymax></bndbox></object><object><name>proposal</name><bndbox><xmin>283</xmin><ymin>119</ymin><xmax>204</xmax><ymax>112</ymax></bndbox></object><object><name>proposal</name><bndbox><xmin>522</xmin><ymin>501</ymin><xmax>117</xmax><ymax>67</ymax></bndbox></object><object><name>proposal</name><bndbox><xmin>399</xmin><ymin>231</ymin><xmax>203</xmax><ymax>178</ymax></bndbox></object><object><name>proposal</name><bndbox><xmin>182</xmin><ymin>154</ymin><xmax>261</xmax><ymax>116</ymax></bndbox></object><object><name>proposal</name><bndbox><xmin>236</xmin><ymin>209</ymin><xmax>379</xmax><ymax>220</ymax></bndbox></object><object><name>proposal</name><bndbox><xmin>437</xmin><ymin>359</ymin><xmax>86</xmax><ymax>52</ymax></bndbox></object><object><name>proposal</name><bndbox><xmin>263</xmin><ymin>120</ymin><xmax>204</xmax><ymax>143</ymax></bndbox></object><object><name>proposal</name><bndbox><xmin>88</xmin><ymin>90</ymin><xmax>349</xmax><ymax>166</ymax></bndbox></object><object><name>proposal</name><bndbox><xmin>263</xmin><ymin>85</ymin><xmax>337</xmax><ymax>145</ymax></bndbox></object><object><name>proposal</name><bndbox><xmin>290</xmin><ymin>119</ymin><xmax>177</xmax><ymax>67</ymax></bndbox></object><object><name>proposal</name><bndbox><xmin>232</xmin><ymin>103</ymin><xmax>267</xmax><ymax>152</ymax></bndbox></object><object><name>proposal</name><bndbox><xmin>231</xmin><ymin>103</ymin><xmax>250</xmax><ymax>135</ymax></bndbox></object><object><name>proposal</name><bndbox><xmin>90</xmin><ymin>154</ymin><xmax>365</xmax><ymax>116</ymax></bndbox></object><object><name>proposal</name><bndbox><xmin>522</xmin><ymin>494</ymin><xmax>106</xmax><ymax>78</ymax></bndbox></object><object><name>proposal</name><bndbox><xmin>295</xmin><ymin>159</ymin><xmax>163</xmax><ymax>73</ymax></bndbox></object><object><name>proposal</name><bndbox><xmin>329</xmin><ymin>312</ymin><xmax>204</xmax><ymax>99</ymax></bndbox></object><object><name>proposal</name><bndbox><xmin>376</xmin><ymin>319</ymin><xmax>120</xmax><ymax>51</ymax></bndbox></object><object><name>proposal</name><bndbox><xmin>88</xmin><ymin>90</ymin><xmax>349</xmax><ymax>173</ymax></bndbox></object><object><name>proposal</name><bndbox><xmin>523</xmin><ymin>494</ymin><xmax>96</xmax><ymax>55</ymax></bndbox></object><object><name>proposal</name><bndbox><xmin>322</xmin><ymin>184</ymin><xmax>126</xmax><ymax>79</ymax></bndbox></object><object><name>proposal</name><bndbox><xmin>333</xmin><ymin>321</ymin><xmax>199</xmax><ymax>97</ymax></bndbox></object><object><name>proposal</name><bndbox><xmin>346</xmin><ymin>274</ymin><xmax>384</xmax><ymax>238</ymax></bndbox></object><object><name>proposal</name><bndbox><xmin>88</xmin><ymin>90</ymin><xmax>450</xmax><ymax>154</ymax></bndbox></object><object><name>proposal</name><bndbox><xmin>182</xmin><ymin>90</ymin><xmax>405</xmax><ymax>180</ymax></bndbox></object><object><name>proposal</name><bndbox><xmin>322</xmin><ymin>184</ymin><xmax>126</xmax><ymax>73</ymax></bndbox></object><object><name>proposal</name><bndbox><xmin>329</xmin><ymin>245</ymin><xmax>273</xmax><ymax>164</ymax></bndbox></object><object><name>proposal</name><bndbox><xmin>295</xmin><ymin>159</ymin><xmax>147</xmax><ymax>73</ymax></bndbox></object><object><name>proposal</name><bndbox><xmin>295</xmin><ymin>119</ymin><xmax>192</xmax><ymax>112</ymax></bndbox></object><object><name>proposal</name><bndbox><xmin>532</xmin><ymin>494</ymin><xmax>92</xmax><ymax>74</ymax></bndbox></object><object><name>proposal</name><bndbox><xmin>287</xmin><ymin>148</ymin><xmax>178</xmax><ymax>110</ymax></bndbox></object><object><name>proposal</name><bndbox><xmin>288</xmin><ymin>119</ymin><xmax>179</xmax><ymax>113</ymax></bndbox></object><object><name>proposal</name><bndbox><xmin>329</xmin><ymin>310</ymin><xmax>204</xmax><ymax>101</ymax></bndbox></object><object><name>proposal</name><bndbox><xmin>377</xmin><ymin>322</ymin><xmax>146</xmax><ymax>59</ymax></bndbox></object><object><name>proposal</name><bndbox><xmin>263</xmin><ymin>138</ymin><xmax>198</xmax><ymax>79</ymax></bndbox></object><object><name>proposal</name><bndbox><xmin>329</xmin><ymin>322</ymin><xmax>203</xmax><ymax>89</ymax></bndbox></object><object><name>proposal</name><bndbox><xmin>88</xmin><ymin>90</ymin><xmax>355</xmax><ymax>171</ymax></bndbox></object><object><name>proposal</name><bndbox><xmin>342</xmin><ymin>245</ymin><xmax>325</xmax><ymax>156</ymax></bndbox></object><object><name>proposal</name><bndbox><xmin>400</xmin><ymin>322</ymin><xmax>132</xmax><ymax>59</ymax></bndbox></object><object><name>proposal</name><bndbox><xmin>71</xmin><ymin>90</ymin><xmax>372</xmax><ymax>173</ymax></bndbox></object><object><name>proposal</name><bndbox><xmin>288</xmin><ymin>147</ymin><xmax>154</xmax><ymax>82</ymax></bndbox></object><object><name>proposal</name><bndbox><xmin>342</xmin><ymin>245</ymin><xmax>273</xmax><ymax>165</ymax></bndbox></object><object><name>proposal</name><bndbox><xmin>287</xmin><ymin>119</ymin><xmax>212</xmax><ymax>113</ymax></bndbox></object><object><name>proposal</name><bndbox><xmin>329</xmin><ymin>262</ymin><xmax>471</xmax><ymax>192</ymax></bndbox></object><object><name>proposal</name><bndbox><xmin>295</xmin><ymin>159</ymin><xmax>132</xmax><ymax>41</ymax></bndbox></object><object><name>proposal</name><bndbox><xmin>262</xmin><ymin>155</ymin><xmax>99</xmax><ymax>45</ymax></bndbox></object><object><name>proposal</name><bndbox><xmin>283</xmin><ymin>88</ymin><xmax>317</xmax><ymax>150</ymax></bndbox></object><object><name>proposal</name><bndbox><xmin>316</xmin><ymin>322</ymin><xmax>217</xmax><ymax>104</ymax></bndbox></object><object><name>proposal</name><bndbox><xmin>34</xmin><ymin>274</ymin><xmax>558</xmax><ymax>155</ymax></bndbox></object><object><name>proposal</name><bndbox><xmin>283</xmin><ymin>119</ymin><xmax>184</xmax><ymax>83</ymax></bndbox></object><object><name>proposal</name><bndbox><xmin>506</xmin><ymin>493</ymin><xmax>123</xmax><ymax>79</ymax></bndbox></object><object><name>proposal</name><bndbox><xmin>263</xmin><ymin>119</ymin><xmax>236</xmax><ymax>119</ymax></bndbox></object><object><name>proposal</name><bndbox><xmin>242</xmin><ymin>90</ymin><xmax>244</xmax><ymax>250</ymax></bndbox></object><object><name>proposal</name><bndbox><xmin>287</xmin><ymin>151</ymin><xmax>175</xmax><ymax>87</ymax></bndbox></object><object><name>proposal</name><bndbox><xmin>410</xmin><ymin>359</ymin><xmax>123</xmax><ymax>52</ymax></bndbox></object><object><name>proposal</name><bndbox><xmin>287</xmin><ymin>119</ymin><xmax>180</xmax><ymax>113</ymax></bndbox></object><object><name>proposal</name><bndbox><xmin>71</xmin><ymin>90</ymin><xmax>347</xmax><ymax>159</ymax></bndbox></object><object><name>proposal</name><bndbox><xmin>287</xmin><ymin>147</ymin><xmax>161</xmax><ymax>84</ymax></bndbox></object><object><name>proposal</name><bndbox><xmin>287</xmin><ymin>147</ymin><xmax>128</xmax><ymax>72</ymax></bndbox></object><object><name>proposal</name><bndbox><xmin>192</xmin><ymin>155</ymin><xmax>377</xmax><ymax>148</ymax></bndbox></object><object><name>proposal</name><bndbox><xmin>236</xmin><ymin>209</ymin><xmax>207</xmax><ymax>220</ymax></bndbox></object><object><name>proposal</name><bndbox><xmin>264</xmin><ymin>142</ymin><xmax>199</xmax><ymax>89</ymax></bndbox></object><object><name>proposal</name><bndbox><xmin>310</xmin><ymin>151</ymin><xmax>95</xmax><ymax>40</ymax></bndbox></object><object><name>proposal</name><bndbox><xmin>333</xmin><ymin>234</ymin><xmax>282</xmax><ymax>171</ymax></bndbox></object><object><name>proposal</name><bndbox><xmin>283</xmin><ymin>134</ymin><xmax>174</xmax><ymax>45</ymax></bndbox></object><object><name>proposal</name><bndbox><xmin>289</xmin><ymin>166</ymin><xmax>173</xmax><ymax>72</ymax></bndbox></object><object><name>proposal</name><bndbox><xmin>362</xmin><ymin>184</ymin><xmax>103</xmax><ymax>53</ymax></bndbox></object><object><name>proposal</name><bndbox><xmin>295</xmin><ymin>159</ymin><xmax>168</xmax><ymax>70</ymax></bndbox></object><object><name>proposal</name><bndbox><xmin>287</xmin><ymin>119</ymin><xmax>180</xmax><ymax>109</ymax></bndbox></object><object><name>proposal</name><bndbox><xmin>84</xmin><ymin>90</ymin><xmax>415</xmax><ymax>159</ymax></bndbox></object><object><name>proposal</name><bndbox><xmin>288</xmin><ymin>159</ymin><xmax>175</xmax><ymax>70</ymax></bndbox></object><object><name>proposal</name><bndbox><xmin>524</xmin><ymin>497</ymin><xmax>95</xmax><ymax>50</ymax></bndbox></object><object><name>proposal</name><bndbox><xmin>368</xmin><ymin>139</ymin><xmax>118</xmax><ymax>98</ymax></bndbox></object><object><name>proposal</name><bndbox><xmin>313</xmin><ymin>85</ymin><xmax>275</xmax><ymax>145</ymax></bndbox></object><object><name>proposal</name><bndbox><xmin>121</xmin><ymin>102</ymin><xmax>378</xmax><ymax>136</ymax></bndbox></object><object><name>proposal</name><bndbox><xmin>262</xmin><ymin>90</ymin><xmax>224</xmax><ymax>147</ymax></bndbox></object><object><name>proposal</name><bndbox><xmin>324</xmin><ymin>184</ymin><xmax>124</xmax><ymax>73</ymax></bndbox></object><object><name>proposal</name><bndbox><xmin>333</xmin><ymin>234</ymin><xmax>269</xmax><ymax>177</ymax></bndbox></object><object><name>proposal</name><bndbox><xmin>329</xmin><ymin>328</ymin><xmax>136</xmax><ymax>89</ymax></bndbox></object><object><name>proposal</name><bndbox><xmin>333</xmin><ymin>231</ymin><xmax>269</xmax><ymax>187</ymax></bndbox></object><object><name>proposal</name><bndbox><xmin>399</xmin><ymin>245</ymin><xmax>203</xmax><ymax>164</ymax></bndbox></object><object><name>proposal</name><bndbox><xmin>506</xmin><ymin>493</ymin><xmax>123</xmax><ymax>78</ymax></bndbox></object><object><name>proposal</name><bndbox><xmin>281</xmin><ymin>86</ymin><xmax>319</xmax><ymax>135</ymax></bndbox></object><object><name>proposal</name><bndbox><xmin>290</xmin><ymin>138</ymin><xmax>137</xmax><ymax>79</ymax></bndbox></object><object><name>proposal</name><bndbox><xmin>287</xmin><ymin>121</ymin><xmax>180</xmax><ymax>111</ymax></bndbox></object><object><name>proposal</name><bndbox><xmin>288</xmin><ymin>138</ymin><xmax>139</xmax><ymax>79</ymax></bndbox></object><object><name>proposal</name><bndbox><xmin>377</xmin><ymin>321</ymin><xmax>155</xmax><ymax>60</ymax></bndbox></object><object><name>proposal</name><bndbox><xmin>296</xmin><ymin>148</ymin><xmax>169</xmax><ymax>110</ymax></bndbox></object><object><name>proposal</name><bndbox><xmin>45</xmin><ymin>90</ymin><xmax>398</xmax><ymax>180</ymax></bndbox></object><object><name>proposal</name><bndbox><xmin>376</xmin><ymin>319</ymin><xmax>152</xmax><ymax>67</ymax></bndbox></object><object><name>proposal</name><bndbox><xmin>239</xmin><ymin>120</ymin><xmax>231</xmax><ymax>112</ymax></bndbox></object><object><name>proposal</name><bndbox><xmin>176</xmin><ymin>102</ymin><xmax>297</xmax><ymax>136</ymax></bndbox></object><object><name>proposal</name><bndbox><xmin>522</xmin><ymin>493</ymin><xmax>117</xmax><ymax>75</ymax></bndbox></object><object><name>proposal</name><bndbox><xmin>264</xmin><ymin>121</ymin><xmax>203</xmax><ymax>111</ymax></bndbox></object><object><name>proposal</name><bndbox><xmin>283</xmin><ymin>119</ymin><xmax>216</xmax><ymax>67</ymax></bndbox></object><object><name>proposal</name><bndbox><xmin>437</xmin><ymin>359</ymin><xmax>96</xmax><ymax>52</ymax></bndbox></object><object><name>proposal</name><bndbox><xmin>202</xmin><ymin>279</ymin><xmax>288</xmax><ymax>152</ymax></bndbox></object><object><name>proposal</name><bndbox><xmin>263</xmin><ymin>134</ymin><xmax>218</xmax><ymax>104</ymax></bndbox></object><object><name>proposal</name><bndbox><xmin>376</xmin><ymin>319</ymin><xmax>152</xmax><ymax>81</ymax></bndbox></object><object><name>proposal</name><bndbox><xmin>231</xmin><ymin>103</ymin><xmax>268</xmax><ymax>135</ymax></bndbox></object><object><name>proposal</name><bndbox><xmin>408</xmin><ymin>245</ymin><xmax>198</xmax><ymax>133</ymax></bndbox></object><object><name>proposal</name><bndbox><xmin>84</xmin><ymin>87</ymin><xmax>415</xmax><ymax>162</ymax></bndbox></object><object><name>proposal</name><bndbox><xmin>506</xmin><ymin>490</ymin><xmax>133</xmax><ymax>86</ymax></bndbox></object><object><name>proposal</name><bndbox><xmin>342</xmin><ymin>234</ymin><xmax>273</xmax><ymax>166</ymax></bndbox></object><object><name>proposal</name><bndbox><xmin>287</xmin><ymin>120</ymin><xmax>180</xmax><ymax>112</ymax></bndbox></object><object><name>proposal</name><bndbox><xmin>283</xmin><ymin>139</ymin><xmax>178</xmax><ymax>63</ymax></bndbox></object><object><name>proposal</name><bndbox><xmin>313</xmin><ymin>151</ymin><xmax>124</xmax><ymax>50</ymax></bndbox></object><object><name>proposal</name><bndbox><xmin>287</xmin><ymin>119</ymin><xmax>195</xmax><ymax>113</ymax></bndbox></object><object><name>proposal</name><bndbox><xmin>231</xmin><ymin>147</ymin><xmax>233</xmax><ymax>91</ymax></bndbox></object><object><name>proposal</name><bndbox><xmin>262</xmin><ymin>151</ymin><xmax>143</xmax><ymax>74</ymax></bndbox></object><object><name>proposal</name><bndbox><xmin>346</xmin><ymin>284</ymin><xmax>186</xmax><ymax>97</ymax></bndbox></object><object><name>proposal</name><bndbox><xmin>287</xmin><ymin>158</ymin><xmax>155</xmax><ymax>73</ymax></bndbox></object><object><name>proposal</name><bndbox><xmin>329</xmin><ymin>231</ymin><xmax>273</xmax><ymax>178</ymax></bndbox></object><object><name>proposal</name><bndbox><xmin>329</xmin><ymin>284</ymin><xmax>203</xmax><ymax>127</ymax></bndbox></object><object><name>proposal</name><bndbox><xmin>73</xmin><ymin>89</ymin><xmax>416</xmax><ymax>169</ymax></bndbox></object><object><name>proposal</name><bndbox><xmin>333</xmin><ymin>245</ymin><xmax>269</xmax><ymax>166</ymax></bndbox></object><object><name>proposal</name><bndbox><xmin>522</xmin><ymin>494</ymin><xmax>106</xmax><ymax>74</ymax></bndbox></object><object><name>proposal</name><bndbox><xmin>192</xmin><ymin>152</ymin><xmax>383</xmax><ymax>175</ymax></bndbox></object><object><name>proposal</name><bndbox><xmin>84</xmin><ymin>90</ymin><xmax>334</xmax><ymax>159</ymax></bndbox></object><object><name>proposal</name><bndbox><xmin>522</xmin><ymin>501</ymin><xmax>106</xmax><ymax>71</ymax></bndbox></object><object><name>proposal</name><bndbox><xmin>329</xmin><ymin>184</ymin><xmax>119</xmax><ymax>79</ymax></bndbox></object><object><name>proposal</name><bndbox><xmin>260</xmin><ymin>119</ymin><xmax>238</xmax><ymax>113</ymax></bndbox></object><object><name>proposal</name><bndbox><xmin>288</xmin><ymin>147</ymin><xmax>166</xmax><ymax>61</ymax></bndbox></object><object><name>proposal</name><bndbox><xmin>176</xmin><ymin>89</ymin><xmax>373</xmax><ymax>166</ymax></bndbox></object><object><name>proposal</name><bndbox><xmin>346</xmin><ymin>284</ymin><xmax>121</xmax><ymax>76</ymax></bndbox></object><object><name>proposal</name><bndbox><xmin>80</xmin><ymin>92</ymin><xmax>368</xmax><ymax>171</ymax></bndbox></object><object><name>proposal</name><bndbox><xmin>408</xmin><ymin>274</ymin><xmax>184</xmax><ymax>104</ymax></bndbox></object><object><name>proposal</name><bndbox><xmin>290</xmin><ymin>119</ymin><xmax>209</xmax><ymax>67</ymax></bndbox></object><object><name>proposal</name><bndbox><xmin>88</xmin><ymin>90</ymin><xmax>355</xmax><ymax>180</ymax></bndbox></object><object><name>proposal</name><bndbox><xmin>287</xmin><ymin>166</ymin><xmax>175</xmax><ymax>72</ymax></bndbox></object><object><name>proposal</name><bndbox><xmin>333</xmin><ymin>234</ymin><xmax>269</xmax><ymax>173</ymax></bndbox></object><object><name>proposal</name><bndbox><xmin>329</xmin><ymin>327</ymin><xmax>203</xmax><ymax>84</ymax></bndbox></object><object><name>proposal</name><bndbox><xmin>295</xmin><ymin>149</ymin><xmax>147</xmax><ymax>80</ymax></bndbox></object><object><name>proposal</name><bndbox><xmin>329</xmin><ymin>328</ymin><xmax>136</xmax><ymax>79</ymax></bndbox></object><object><name>proposal</name><bndbox><xmin>288</xmin><ymin>147</ymin><xmax>170</xmax><ymax>85</ymax></bndbox></object><object><name>proposal</name><bndbox><xmin>263</xmin><ymin>90</ymin><xmax>337</xmax><ymax>140</ymax></bndbox></object><object><name>proposal</name><bndbox><xmin>262</xmin><ymin>151</ymin><xmax>194</xmax><ymax>75</ymax></bndbox></object><object><name>proposal</name><bndbox><xmin>90</xmin><ymin>139</ymin><xmax>371</xmax><ymax>131</ymax></bndbox></object><object><name>proposal</name><bndbox><xmin>236</xmin><ymin>249</ymin><xmax>202</xmax><ymax>180</ymax></bndbox></object><object><name>proposal</name><bndbox><xmin>506</xmin><ymin>493</ymin><xmax>122</xmax><ymax>79</ymax></bndbox></object><object><name>proposal</name><bndbox><xmin>290</xmin><ymin>147</ymin><xmax>168</xmax><ymax>85</ymax></bndbox></object><object><name>proposal</name><bndbox><xmin>377</xmin><ymin>322</ymin><xmax>112</xmax><ymax>38</ymax></bndbox></object><object><name>proposal</name><bndbox><xmin>233</xmin><ymin>120</ymin><xmax>252</xmax><ymax>223</ymax></bndbox></object><object><name>proposal</name><bndbox><xmin>376</xmin><ymin>319</ymin><xmax>152</xmax><ymax>76</ymax></bndbox></object><object><name>proposal</name><bndbox><xmin>377</xmin><ymin>231</ymin><xmax>225</xmax><ymax>150</ymax></bndbox></object><object><name>proposal</name><bndbox><xmin>316</xmin><ymin>327</ymin><xmax>150</xmax><ymax>99</ymax></bndbox></object><object><name>proposal</name><bndbox><xmin>288</xmin><ymin>159</ymin><xmax>173</xmax><ymax>41</ymax></bndbox></object><object><name>proposal</name><bndbox><xmin>234</xmin><ymin>327</ymin><xmax>232</xmax><ymax>151</ymax></bndbox></object><object><name>proposal</name><bndbox><xmin>420</xmin><ymin>274</ymin><xmax>186</xmax><ymax>104</ymax></bndbox></object><object><name>proposal</name><bndbox><xmin>522</xmin><ymin>493</ymin><xmax>107</xmax><ymax>78</ymax></bndbox></object><object><name>proposal</name><bndbox><xmin>260</xmin><ymin>120</ymin><xmax>207</xmax><ymax>112</ymax></bndbox></object><object><name>proposal</name><bndbox><xmin>222</xmin><ymin>103</ymin><xmax>265</xmax><ymax>152</ymax></bndbox></object><object><name>proposal</name><bndbox><xmin>234</xmin><ymin>314</ymin><xmax>299</xmax><ymax>164</ymax></bndbox></object><object><name>proposal</name><bndbox><xmin>532</xmin><ymin>497</ymin><xmax>92</xmax><ymax>71</ymax></bndbox></object><object><name>proposal</name><bndbox><xmin>283</xmin><ymin>120</ymin><xmax>212</xmax><ymax>112</ymax></bndbox></object><object><name>proposal</name><bndbox><xmin>283</xmin><ymin>139</ymin><xmax>159</xmax><ymax>92</ymax></bndbox></object><object><name>proposal</name><bndbox><xmin>263</xmin><ymin>119</ymin><xmax>218</xmax><ymax>119</ymax></bndbox></object><object><name>proposal</name><bndbox><xmin>335</xmin><ymin>185</ymin><xmax>83</xmax><ymax>41</ymax></bndbox></object><object><name>proposal</name><bndbox><xmin>342</xmin><ymin>234</ymin><xmax>273</xmax><ymax>175</ymax></bndbox></object><object><name>proposal</name><bndbox><xmin>329</xmin><ymin>184</ymin><xmax>119</xmax><ymax>73</ymax></bndbox></object><object><name>proposal</name><bndbox><xmin>287</xmin><ymin>120</ymin><xmax>183</xmax><ymax>112</ymax></bndbox></object><object><name>proposal</name><bndbox><xmin>329</xmin><ymin>231</ymin><xmax>273</xmax><ymax>186</ymax></bndbox></object><object><name>proposal</name><bndbox><xmin>231</xmin><ymin>101</ymin><xmax>264</xmax><ymax>137</ymax></bndbox></object><object><name>proposal</name><bndbox><xmin>288</xmin><ymin>159</ymin><xmax>139</xmax><ymax>41</ymax></bndbox></object><object><name>proposal</name><bndbox><xmin>548</xmin><ymin>494</ymin><xmax>66</xmax><ymax>34</ymax></bndbox></object><object><name>proposal</name><bndbox><xmin>90</xmin><ymin>139</ymin><xmax>396</xmax><ymax>105</ymax></bndbox></object><object><name>proposal</name><bndbox><xmin>287</xmin><ymin>139</ymin><xmax>199</xmax><ymax>98</ymax></bndbox></object><object><name>proposal</name><bndbox><xmin>342</xmin><ymin>290</ymin><xmax>273</xmax><ymax>119</ymax></bndbox></object><object><name>proposal</name><bndbox><xmin>264</xmin><ymin>119</ymin><xmax>203</xmax><ymax>113</ymax></bndbox></object><object><name>proposal</name><bndbox><xmin>192</xmin><ymin>155</ymin><xmax>383</xmax><ymax>172</ymax></bndbox></object><object><name>proposal</name><bndbox><xmin>295</xmin><ymin>159</ymin><xmax>166</xmax><ymax>41</ymax></bndbox></object><object><name>proposal</name><bndbox><xmin>288</xmin><ymin>147</ymin><xmax>175</xmax><ymax>85</ymax></bndbox></object><object><name>proposal</name><bndbox><xmin>329</xmin><ymin>314</ymin><xmax>136</xmax><ymax>103</ymax></bndbox></object><object><name>proposal</name><bndbox><xmin>262</xmin><ymin>151</ymin><xmax>143</xmax><ymax>62</ymax></bndbox></object><object><name>proposal</name><bndbox><xmin>283</xmin><ymin>119</ymin><xmax>216</xmax><ymax>112</ymax></bndbox></object><object><name>proposal</name><bndbox><xmin>262</xmin><ymin>155</ymin><xmax>143</xmax><ymax>45</ymax></bndbox></object><object><name>proposal</name><bndbox><xmin>121</xmin><ymin>102</ymin><xmax>378</xmax><ymax>112</ymax></bndbox></object><object><name>proposal</name><bndbox><xmin>295</xmin><ymin>158</ymin><xmax>147</xmax><ymax>73</ymax></bndbox></object><object><name>proposal</name><bndbox><xmin>262</xmin><ymin>139</ymin><xmax>224</xmax><ymax>98</ymax></bndbox></object><object><name>proposal</name><bndbox><xmin>80</xmin><ymin>105</ymin><xmax>368</xmax><ymax>158</ymax></bndbox></object><object><name>proposal</name><bndbox><xmin>333</xmin><ymin>245</ymin><xmax>269</xmax><ymax>162</ymax></bndbox></object><object><name>proposal</name><bndbox><xmin>182</xmin><ymin>110</ymin><xmax>260</xmax><ymax>160</ymax></bndbox></object><object><name>proposal</name><bndbox><xmin>550</xmin><ymin>497</ymin><xmax>67</xmax><ymax>50</ymax></bndbox></object><object><name>proposal</name><bndbox><xmin>283</xmin><ymin>139</ymin><xmax>178</xmax><ymax>69</ymax></bndbox></object><object><name>proposal</name><bndbox><xmin>271</xmin><ymin>184</ymin><xmax>207</xmax><ymax>147</ymax></bndbox></object><object><name>proposal</name><bndbox><xmin>88</xmin><ymin>90</ymin><xmax>355</xmax><ymax>173</ymax></bndbox></object><object><name>proposal</name><bndbox><xmin>376</xmin><ymin>318</ymin><xmax>152</xmax><ymax>77</ymax></bndbox></object><object><name>proposal</name><bndbox><xmin>295</xmin><ymin>158</ymin><xmax>153</xmax><ymax>73</ymax></bndbox></object><object><name>proposal</name><bndbox><xmin>287</xmin><ymin>147</ymin><xmax>161</xmax><ymax>72</ymax></bndbox></object><object><name>proposal</name><bndbox><xmin>263</xmin><ymin>90</ymin><xmax>325</xmax><ymax>140</ymax></bndbox></object><object><name>proposal</name><bndbox><xmin>290</xmin><ymin>138</ymin><xmax>137</xmax><ymax>62</ymax></bndbox></object><object><name>proposal</name><bndbox><xmin>290</xmin><ymin>147</ymin><xmax>152</xmax><ymax>82</ymax></bndbox></object><object><name>proposal</name><bndbox><xmin>182</xmin><ymin>154</ymin><xmax>273</xmax><ymax>116</ymax></bndbox></object><object><name>proposal</name><bndbox><xmin>350</xmin><ymin>319</ymin><xmax>178</xmax><ymax>81</ymax></bndbox></object><object><name>proposal</name><bndbox><xmin>533</xmin><ymin>497</ymin><xmax>86</xmax><ymax>52</ymax></bndbox></object><object><name>proposal</name><bndbox><xmin>71</xmin><ymin>90</ymin><xmax>366</xmax><ymax>173</ymax></bndbox></object><object><name>proposal</name><bndbox><xmin>288</xmin><ymin>86</ymin><xmax>312</xmax><ymax>146</ymax></bndbox></object><object><name>proposal</name><bndbox><xmin>182</xmin><ymin>154</ymin><xmax>260</xmax><ymax>116</ymax></bndbox></object><object><name>proposal</name><bndbox><xmin>532</xmin><ymin>497</ymin><xmax>92</xmax><ymax>72</ymax></bndbox></object><object><name>proposal</name><bndbox><xmin>329</xmin><ymin>328</ymin><xmax>161</xmax><ymax>89</ymax></bndbox></object><object><name>proposal</name><bndbox><xmin>71</xmin><ymin>90</ymin><xmax>372</xmax><ymax>180</ymax></bndbox></object><object><name>proposal</name><bndbox><xmin>263</xmin><ymin>120</ymin><xmax>204</xmax><ymax>80</ymax></bndbox></object><object><name>proposal</name><bndbox><xmin>329</xmin><ymin>314</ymin><xmax>161</xmax><ymax>103</ymax></bndbox></object><object><name>proposal</name><bndbox><xmin>232</xmin><ymin>147</ymin><xmax>233</xmax><ymax>108</ymax></bndbox></object><object><name>proposal</name><bndbox><xmin>262</xmin><ymin>154</ymin><xmax>143</xmax><ymax>46</ymax></bndbox></object><object><name>proposal</name><bndbox><xmin>342</xmin><ymin>234</ymin><xmax>273</xmax><ymax>176</ymax></bndbox></object><object><name>proposal</name><bndbox><xmin>263</xmin><ymin>156</ymin><xmax>202</xmax><ymax>82</ymax></bndbox></object><object><name>proposal</name><bndbox><xmin>295</xmin><ymin>132</ymin><xmax>192</xmax><ymax>99</ymax></bndbox></object><object><name>proposal</name><bndbox><xmin>287</xmin><ymin>142</ymin><xmax>176</xmax><ymax>89</ymax></bndbox></object><object><name>proposal</name><bndbox><xmin>368</xmin><ymin>168</ymin><xmax>97</xmax><ymax>69</ymax></bndbox></object><object><name>proposal</name><bndbox><xmin>287</xmin><ymin>147</ymin><xmax>128</xmax><ymax>84</ymax></bndbox></object><object><name>proposal</name><bndbox><xmin>551</xmin><ymin>497</ymin><xmax>66</xmax><ymax>50</ymax></bndbox></object><object><name>proposal</name><bndbox><xmin>313</xmin><ymin>90</ymin><xmax>275</xmax><ymax>140</ymax></bndbox></object><object><name>proposal</name><bndbox><xmin>287</xmin><ymin>191</ymin><xmax>97</xmax><ymax>34</ymax></bndbox></object><object><name>proposal</name><bndbox><xmin>287</xmin><ymin>132</ymin><xmax>184</xmax><ymax>106</ymax></bndbox></object><object><name>proposal</name><bndbox><xmin>283</xmin><ymin>88</ymin><xmax>308</xmax><ymax>150</ymax></bndbox></object><object><name>proposal</name><bndbox><xmin>532</xmin><ymin>495</ymin><xmax>85</xmax><ymax>54</ymax></bndbox></object><object><name>proposal</name><bndbox><xmin>350</xmin><ymin>319</ymin><xmax>146</xmax><ymax>51</ymax></bndbox></object><object><name>proposal</name><bndbox><xmin>368</xmin><ymin>189</ymin><xmax>97</xmax><ymax>48</ymax></bndbox></object><object><name>proposal</name><bndbox><xmin>289</xmin><ymin>145</ymin><xmax>182</xmax><ymax>93</ymax></bndbox></object><object><name>proposal</name><bndbox><xmin>71</xmin><ymin>87</ymin><xmax>428</xmax><ymax>162</ymax></bndbox></object><object><name>proposal</name><bndbox><xmin>329</xmin><ymin>327</ymin><xmax>194</xmax><ymax>84</ymax></bndbox></object><object><name>proposal</name><bndbox><xmin>310</xmin><ymin>139</ymin><xmax>176</xmax><ymax>54</ymax></bndbox></object><object><name>proposal</name><bndbox><xmin>329</xmin><ymin>328</ymin><xmax>161</xmax><ymax>79</ymax></bndbox></object><object><name>proposal</name><bndbox><xmin>329</xmin><ymin>312</ymin><xmax>194</xmax><ymax>99</ymax></bndbox></object><object><name>proposal</name><bndbox><xmin>342</xmin><ymin>245</ymin><xmax>233</xmax><ymax>156</ymax></bndbox></object><object><name>proposal</name><bndbox><xmin>310</xmin><ymin>139</ymin><xmax>176</xmax><ymax>98</ymax></bndbox></object><object><name>proposal</name><bndbox><xmin>408</xmin><ymin>274</ymin><xmax>198</xmax><ymax>104</ymax></bndbox></object><object><name>proposal</name><bndbox><xmin>313</xmin><ymin>90</ymin><xmax>279</xmax><ymax>140</ymax></bndbox></object><object><name>proposal</name><bndbox><xmin>232</xmin><ymin>102</ymin><xmax>255</xmax><ymax>136</ymax></bndbox></object><object><name>proposal</name><bndbox><xmin>329</xmin><ymin>322</ymin><xmax>204</xmax><ymax>89</ymax></bndbox></object><object><name>proposal</name><bndbox><xmin>45</xmin><ymin>90</ymin><xmax>398</xmax><ymax>173</ymax></bndbox></object><object><name>proposal</name><bndbox><xmin>400</xmin><ymin>322</ymin><xmax>104</xmax><ymax>47</ymax></bndbox></object><object><name>proposal</name><bndbox><xmin>386</xmin><ymin>160</ymin><xmax>79</xmax><ymax>69</ymax></bndbox></object><object><name>proposal</name><bndbox><xmin>262</xmin><ymin>151</ymin><xmax>143</xmax><ymax>49</ymax></bndbox></object><object><name>proposal</name><bndbox><xmin>506</xmin><ymin>493</ymin><xmax>122</xmax><ymax>75</ymax></bndbox></object><object><name>proposal</name><bndbox><xmin>271</xmin><ymin>184</ymin><xmax>214</xmax><ymax>159</ymax></bndbox></object><object><name>proposal</name><bndbox><xmin>329</xmin><ymin>322</ymin><xmax>199</xmax><ymax>89</ymax></bndbox></object><object><name>proposal</name><bndbox><xmin>520</xmin><ymin>492</ymin><xmax>109</xmax><ymax>79</ymax></bndbox></object><object><name>proposal</name><bndbox><xmin>71</xmin><ymin>90</ymin><xmax>362</xmax><ymax>159</ymax></bndbox></object><object><name>proposal</name><bndbox><xmin>528</xmin><ymin>494</ymin><xmax>89</xmax><ymax>53</ymax></bndbox></object><object><name>proposal</name><bndbox><xmin>377</xmin><ymin>297</ymin><xmax>225</xmax><ymax>84</ymax></bndbox></object><object><name>proposal</name><bndbox><xmin>176</xmin><ymin>102</ymin><xmax>297</xmax><ymax>112</ymax></bndbox></object><object><name>proposal</name><bndbox><xmin>176</xmin><ymin>102</ymin><xmax>323</xmax><ymax>136</ymax></bndbox></object><object><name>proposal</name><bndbox><xmin>342</xmin><ymin>307</ymin><xmax>273</xmax><ymax>102</ymax></bndbox></object><object><name>proposal</name><bndbox><xmin>264</xmin><ymin>120</ymin><xmax>203</xmax><ymax>112</ymax></bndbox></object><object><name>proposal</name><bndbox><xmin>288</xmin><ymin>159</ymin><xmax>173</xmax><ymax>104</ymax></bndbox></object><object><name>proposal</name><bndbox><xmin>90</xmin><ymin>154</ymin><xmax>352</xmax><ymax>116</ymax></bndbox></object><object><name>proposal</name><bndbox><xmin>262</xmin><ymin>151</ymin><xmax>194</xmax><ymax>86</ymax></bndbox></object><object><name>proposal</name><bndbox><xmin>287</xmin><ymin>185</ymin><xmax>151</xmax><ymax>41</ymax></bndbox></object><object><name>proposal</name><bndbox><xmin>506</xmin><ymin>490</ymin><xmax>159</xmax><ymax>86</ymax></bndbox></object><object><name>proposal</name><bndbox><xmin>287</xmin><ymin>119</ymin><xmax>183</xmax><ymax>113</ymax></bndbox></object><object><name>proposal</name><bndbox><xmin>333</xmin><ymin>324</ymin><xmax>194</xmax><ymax>94</ymax></bndbox></object><object><name>proposal</name><bndbox><xmin>522</xmin><ymin>493</ymin><xmax>143</xmax><ymax>83</ymax></bndbox></object><object><name>proposal</name><bndbox><xmin>262</xmin><ymin>102</ymin><xmax>159</xmax><ymax>98</ymax></bndbox></object><object><name>proposal</name><bndbox><xmin>262</xmin><ymin>154</ymin><xmax>203</xmax><ymax>83</ymax></bndbox></object><object><name>proposal</name><bndbox><xmin>313</xmin><ymin>90</ymin><xmax>275</xmax><ymax>167</ymax></bndbox></object><object><name>proposal</name><bndbox><xmin>329</xmin><ymin>327</ymin><xmax>199</xmax><ymax>84</ymax></bndbox></object><object><name>proposal</name><bndbox><xmin>71</xmin><ymin>87</ymin><xmax>362</xmax><ymax>162</ymax></bndbox></object><object><name>proposal</name><bndbox><xmin>73</xmin><ymin>89</ymin><xmax>416</xmax><ymax>151</ymax></bndbox></object><object><name>proposal</name><bndbox><xmin>281</xmin><ymin>90</ymin><xmax>306</xmax><ymax>131</ymax></bndbox></object><object><name>proposal</name><bndbox><xmin>364</xmin><ymin>139</ymin><xmax>122</xmax><ymax>98</ymax></bndbox></object><object><name>proposal</name><bndbox><xmin>343</xmin><ymin>284</ymin><xmax>190</xmax><ymax>127</ymax></bndbox></object><object><name>proposal</name><bndbox><xmin>88</xmin><ymin>90</ymin><xmax>374</xmax><ymax>154</ymax></bndbox></object><object><name>proposal</name><bndbox><xmin>377</xmin><ymin>321</ymin><xmax>146</xmax><ymax>60</ymax></bndbox></object><object><name>proposal</name><bndbox><xmin>262</xmin><ymin>155</ymin><xmax>156</xmax><ymax>71</ymax></bndbox></object><object><name>proposal</name><bndbox><xmin>287</xmin><ymin>120</ymin><xmax>211</xmax><ymax>112</ymax></bndbox></object><object><name>proposal</name><bndbox><xmin>288</xmin><ymin>147</ymin><xmax>166</xmax><ymax>62</ymax></bndbox></object><object><name>proposal</name><bndbox><xmin>343</xmin><ymin>274</ymin><xmax>249</xmax><ymax>137</ymax></bndbox></object><object><name>proposal</name><bndbox><xmin>295</xmin><ymin>159</ymin><xmax>147</xmax><ymax>70</ymax></bndbox></object><object><name>proposal</name><bndbox><xmin>295</xmin><ymin>119</ymin><xmax>204</xmax><ymax>112</ymax></bndbox></object><object><name>proposal</name><bndbox><xmin>313</xmin><ymin>85</ymin><xmax>287</xmax><ymax>145</ymax></bndbox></object><object><name>proposal</name><bndbox><xmin>263</xmin><ymin>120</ymin><xmax>204</xmax><ymax>112</ymax></bndbox></object><object><name>proposal</name><bndbox><xmin>281</xmin><ymin>90</ymin><xmax>186</xmax><ymax>118</ymax></bndbox></object><object><name>proposal</name><bndbox><xmin>234</xmin><ymin>314</ymin><xmax>299</xmax><ymax>115</ymax></bndbox></object><object><name>proposal</name><bndbox><xmin>316</xmin><ymin>310</ymin><xmax>217</xmax><ymax>116</ymax></bndbox></object><object><name>proposal</name><bndbox><xmin>263</xmin><ymin>90</ymin><xmax>329</xmax><ymax>140</ymax></bndbox></object><object><name>proposal</name><bndbox><xmin>232</xmin><ymin>152</ymin><xmax>233</xmax><ymax>103</ymax></bndbox></object><object><name>proposal</name><bndbox><xmin>283</xmin><ymin>119</ymin><xmax>212</xmax><ymax>113</ymax></bndbox></object><object><name>proposal</name><bndbox><xmin>295</xmin><ymin>159</ymin><xmax>163</xmax><ymax>70</ymax></bndbox></object><object><name>proposal</name><bndbox><xmin>263</xmin><ymin>138</ymin><xmax>148</xmax><ymax>45</ymax></bndbox></object><object><name>proposal</name><bndbox><xmin>288</xmin><ymin>159</ymin><xmax>173</xmax><ymax>58</ymax></bndbox></object><object><name>proposal</name><bndbox><xmin>342</xmin><ymin>245</ymin><xmax>273</xmax><ymax>155</ymax></bndbox></object><object><name>proposal</name><bndbox><xmin>532</xmin><ymin>494</ymin><xmax>92</xmax><ymax>75</ymax></bndbox></object><object><name>proposal</name><bndbox><xmin>232</xmin><ymin>103</ymin><xmax>255</xmax><ymax>152</ymax></bndbox></object><object><name>proposal</name><bndbox><xmin>522</xmin><ymin>501</ymin><xmax>117</xmax><ymax>75</ymax></bndbox></object><object><name>proposal</name><bndbox><xmin>271</xmin><ymin>184</ymin><xmax>214</xmax><ymax>147</ymax></bndbox></object><object><name>proposal</name><bndbox><xmin>288</xmin><ymin>147</ymin><xmax>154</xmax><ymax>85</ymax></bndbox></object><object><name>proposal</name><bndbox><xmin>538</xmin><ymin>495</ymin><xmax>75</xmax><ymax>36</ymax></bndbox></object><object><name>proposal</name><bndbox><xmin>263</xmin><ymin>120</ymin><xmax>204</xmax><ymax>63</ymax></bndbox></object><object><name>proposal</name><bndbox><xmin>333</xmin><ymin>321</ymin><xmax>199</xmax><ymax>86</ymax></bndbox></object><object><name>proposal</name><bndbox><xmin>260</xmin><ymin>120</ymin><xmax>238</xmax><ymax>112</ymax></bndbox></object><object><name>proposal</name><bndbox><xmin>287</xmin><ymin>119</ymin><xmax>211</xmax><ymax>113</ymax></bndbox></object><object><name>proposal</name><bndbox><xmin>313</xmin><ymin>85</ymin><xmax>279</xmax><ymax>145</ymax></bndbox></object><object><name>proposal</name><bndbox><xmin>288</xmin><ymin>147</ymin><xmax>166</xmax><ymax>84</ymax></bndbox></object><object><name>proposal</name><bndbox><xmin>263</xmin><ymin>138</ymin><xmax>164</xmax><ymax>62</ymax></bndbox></object><object><name>proposal</name><bndbox><xmin>263</xmin><ymin>139</ymin><xmax>202</xmax><ymax>99</ymax></bndbox></object><object><name>proposal</name><bndbox><xmin>329</xmin><ymin>245</ymin><xmax>286</xmax><ymax>166</ymax></bndbox></object><object><name>proposal</name><bndbox><xmin>287</xmin><ymin>121</ymin><xmax>180</xmax><ymax>107</ymax></bndbox></object><object><name>proposal</name><bndbox><xmin>283</xmin><ymin>122</ymin><xmax>204</xmax><ymax>109</ymax></bndbox></object><object><name>proposal</name><bndbox><xmin>262</xmin><ymin>154</ymin><xmax>156</xmax><ymax>83</ymax></bndbox></object><object><name>proposal</name><bndbox><xmin>333</xmin><ymin>324</ymin><xmax>194</xmax><ymax>83</ymax></bndbox></object><object><name>proposal</name><bndbox><xmin>287</xmin><ymin>185</ymin><xmax>131</xmax><ymax>52</ymax></bndbox></object><object><name>proposal</name><bndbox><xmin>222</xmin><ymin>103</ymin><xmax>277</xmax><ymax>152</ymax></bndbox></object><object><name>proposal</name><bndbox><xmin>233</xmin><ymin>184</ymin><xmax>252</xmax><ymax>159</ymax></bndbox></object><object><name>proposal</name><bndbox><xmin>107</xmin><ymin>90</ymin><xmax>355</xmax><ymax>154</ymax></bndbox></object><object><name>proposal</name><bndbox><xmin>239</xmin><ymin>119</ymin><xmax>231</xmax><ymax>113</ymax></bndbox></object><object><name>proposal</name><bndbox><xmin>295</xmin><ymin>145</ymin><xmax>192</xmax><ymax>86</ymax></bndbox></object><object><name>proposal</name><bndbox><xmin>262</xmin><ymin>151</ymin><xmax>156</xmax><ymax>75</ymax></bndbox></object><object><name>proposal</name><bndbox><xmin>84</xmin><ymin>90</ymin><xmax>381</xmax><ymax>159</ymax></bndbox></object><object><name>proposal</name><bndbox><xmin>522</xmin><ymin>501</ymin><xmax>106</xmax><ymax>67</ymax></bndbox></object><object><name>proposal</name><bndbox><xmin>333</xmin><ymin>321</ymin><xmax>194</xmax><ymax>97</ymax></bndbox></object><object><name>proposal</name><bndbox><xmin>333</xmin><ymin>327</ymin><xmax>194</xmax><ymax>80</ymax></bndbox></object><object><name>proposal</name><bndbox><xmin>260</xmin><ymin>119</ymin><xmax>207</xmax><ymax>113</ymax></bndbox></object><object><name>proposal</name><bndbox><xmin>522</xmin><ymin>501</ymin><xmax>143</xmax><ymax>75</ymax></bndbox></object><object><name>proposal</name><bndbox><xmin>343</xmin><ymin>284</ymin><xmax>161</xmax><ymax>85</ymax></bndbox></object><object><name>proposal</name><bndbox><xmin>538</xmin><ymin>494</ymin><xmax>79</xmax><ymax>53</ymax></bndbox></object><object><name>proposal</name><bndbox><xmin>350</xmin><ymin>319</ymin><xmax>178</xmax><ymax>67</ymax></bndbox></object><object><name>proposal</name><bndbox><xmin>113</xmin><ymin>89</ymin><xmax>436</xmax><ymax>166</ymax></bndbox></object><object><name>proposal</name><bndbox><xmin>232</xmin><ymin>102</ymin><xmax>267</xmax><ymax>136</ymax></bndbox></object><object><name>proposal</name><bndbox><xmin>368</xmin><ymin>190</ymin><xmax>70</xmax><ymax>47</ymax></bndbox></object><object><name>proposal</name><bndbox><xmin>520</xmin><ymin>493</ymin><xmax>109</xmax><ymax>78</ymax></bndbox></object><object><name>proposal</name><bndbox><xmin>90</xmin><ymin>154</ymin><xmax>353</xmax><ymax>116</ymax></bndbox></object><object><name>proposal</name><bndbox><xmin>263</xmin><ymin>138</ymin><xmax>164</xmax><ymax>79</ymax></bndbox></object><object><name>proposal</name><bndbox><xmin>376</xmin><ymin>319</ymin><xmax>152</xmax><ymax>62</ymax></bndbox></object><object><name>proposal</name><bndbox><xmin>287</xmin><ymin>158</ymin><xmax>176</xmax><ymax>73</ymax></bndbox></object><object><name>proposal</name><bndbox><xmin>239</xmin><ymin>119</ymin><xmax>260</xmax><ymax>113</ymax></bndbox></object><object><name>proposal</name><bndbox><xmin>84</xmin><ymin>90</ymin><xmax>349</xmax><ymax>159</ymax></bndbox></object><object><name>proposal</name><bndbox><xmin>264</xmin><ymin>119</ymin><xmax>231</xmax><ymax>113</ymax></bndbox></object><object><name>proposal</name><bndbox><xmin>288</xmin><ymin>147</ymin><xmax>175</xmax><ymax>67</ymax></bndbox></object><object><name>proposal</name><bndbox><xmin>222</xmin><ymin>102</ymin><xmax>265</xmax><ymax>136</ymax></bndbox></object><object><name>proposal</name><bndbox><xmin>283</xmin><ymin>119</ymin><xmax>184</xmax><ymax>89</ymax></bndbox></object><object><name>proposal</name><bndbox><xmin>288</xmin><ymin>159</ymin><xmax>154</xmax><ymax>73</ymax></bndbox></object><object><name>proposal</name><bndbox><xmin>329</xmin><ymin>322</ymin><xmax>138</xmax><ymax>85</ymax></bndbox></object><object><name>proposal</name><bndbox><xmin>263</xmin><ymin>119</ymin><xmax>204</xmax><ymax>113</ymax></bndbox></object><object><name>proposal</name><bndbox><xmin>523</xmin><ymin>493</ymin><xmax>94</xmax><ymax>56</ymax></bndbox></object><object><name>proposal</name><bndbox><xmin>400</xmin><ymin>322</ymin><xmax>133</xmax><ymax>89</ymax></bndbox></object><object><name>proposal</name><bndbox><xmin>176</xmin><ymin>102</ymin><xmax>323</xmax><ymax>112</ymax></bndbox></object><object><name>proposal</name><bndbox><xmin>534</xmin><ymin>497</ymin><xmax>83</xmax><ymax>52</ymax></bndbox></object><object><name>proposal</name><bndbox><xmin>222</xmin><ymin>152</ymin><xmax>243</xmax><ymax>103</ymax></bndbox></object><object><name>proposal</name><bndbox><xmin>329</xmin><ymin>322</ymin><xmax>194</xmax><ymax>89</ymax></bndbox></object><object><name>proposal</name><bndbox><xmin>324</xmin><ymin>185</ymin><xmax>94</xmax><ymax>52</ymax></bndbox></object><object><name>proposal</name><bndbox><xmin>333</xmin><ymin>322</ymin><xmax>194</xmax><ymax>96</ymax></bndbox></object><object><name>proposal</name><bndbox><xmin>121</xmin><ymin>102</ymin><xmax>352</xmax><ymax>136</ymax></bndbox></object><object><name>proposal</name><bndbox><xmin>222</xmin><ymin>102</ymin><xmax>277</xmax><ymax>136</ymax></bndbox></object><object><name>proposal</name><bndbox><xmin>288</xmin><ymin>159</ymin><xmax>175</xmax><ymax>73</ymax></bndbox></object><object><name>proposal</name><bndbox><xmin>522</xmin><ymin>493</ymin><xmax>117</xmax><ymax>83</ymax></bndbox></object><object><name>proposal</name><bndbox><xmin>508</xmin><ymin>492</ymin><xmax>121</xmax><ymax>71</ymax></bndbox></object><object><name>proposal</name><bndbox><xmin>288</xmin><ymin>147</ymin><xmax>175</xmax><ymax>61</ymax></bndbox></object><object><name>proposal</name><bndbox><xmin>329</xmin><ymin>327</ymin><xmax>137</xmax><ymax>80</ymax></bndbox></object><object><name>proposal</name><bndbox><xmin>283</xmin><ymin>88</ymin><xmax>305</xmax><ymax>150</ymax></bndbox></object><object><name>proposal</name><bndbox><xmin>333</xmin><ymin>322</ymin><xmax>194</xmax><ymax>85</ymax></bndbox></object><object><name>proposal</name><bndbox><xmin>324</xmin><ymin>185</ymin><xmax>114</xmax><ymax>41</ymax></bndbox></object><object><name>proposal</name><bndbox><xmin>88</xmin><ymin>90</ymin><xmax>377</xmax><ymax>154</ymax></bndbox></object><object><name>proposal</name><bndbox><xmin>420</xmin><ymin>274</ymin><xmax>172</xmax><ymax>104</ymax></bndbox></object><object><name>proposal</name><bndbox><xmin>329</xmin><ymin>245</ymin><xmax>277</xmax><ymax>166</ymax></bndbox></object><object><name>proposal</name><bndbox><xmin>239</xmin><ymin>120</ymin><xmax>260</xmax><ymax>112</ymax></bndbox></object><object><name>proposal</name><bndbox><xmin>346</xmin><ymin>310</ymin><xmax>121</xmax><ymax>50</ymax></bndbox></object><object><name>proposal</name><bndbox><xmin>313</xmin><ymin>151</ymin><xmax>96</xmax><ymax>50</ymax></bndbox></object><object><name>proposal</name><bndbox><xmin>107</xmin><ymin>105</ymin><xmax>341</xmax><ymax>158</ymax></bndbox></object></annotation>