<annotation><folder>Proposals</folder><filename>img-196.jpg</filename><size><width>720</width><height>720</height><depth>3</depth></size><object><name>proposal</name><bndbox><xmin>252</xmin><ymin>204</ymin><xmax>394</xmax><ymax>243</ymax></bndbox></object><object><name>proposal</name><bndbox><xmin>420</xmin><ymin>334</ymin><xmax>133</xmax><ymax>108</ymax></bndbox></object><object><name>proposal</name><bndbox><xmin>274</xmin><ymin>242</ymin><xmax>234</xmax><ymax>109</ymax></bndbox></object><object><name>proposal</name><bndbox><xmin>392</xmin><ymin>334</ymin><xmax>161</xmax><ymax>110</ymax></bndbox></object><object><name>proposal</name><bndbox><xmin>206</xmin><ymin>320</ymin><xmax>330</xmax><ymax>204</ymax></bndbox></object><object><name>proposal</name><bndbox><xmin>319</xmin><ymin>334</ymin><xmax>234</xmax><ymax>124</ymax></bndbox></object><object><name>proposal</name><bndbox><xmin>257</xmin><ymin>207</ymin><xmax>376</xmax><ymax>285</ymax></bndbox></object><object><name>proposal</name><bndbox><xmin>423</xmin><ymin>320</ymin><xmax>130</xmax><ymax>95</ymax></bndbox></object><object><name>proposal</name><bndbox><xmin>320</xmin><ymin>295</ymin><xmax>100</xmax><ymax>45</ymax></bndbox></object><object><name>proposal</name><bndbox><xmin>377</xmin><ymin>255</ymin><xmax>131</xmax><ymax>70</ymax></bndbox></object><object><name>proposal</name><bndbox><xmin>206</xmin><ymin>320</ymin><xmax>330</xmax><ymax>141</ymax></bndbox></object><object><name>proposal</name><bndbox><xmin>252</xmin><ymin>219</ymin><xmax>394</xmax><ymax>228</ymax></bndbox></object><object><name>proposal</name><bndbox><xmin>338</xmin><ymin>371</ymin><xmax>151</xmax><ymax>88</ymax></bndbox></object><object><name>proposal</name><bndbox><xmin>302</xmin><ymin>376</ymin><xmax>154</xmax><ymax>116</ymax></bndbox></object><object><name>proposal</name><bndbox><xmin>295</xmin><ymin>221</ymin><xmax>159</xmax><ymax>101</ymax></bndbox></object><object><name>proposal</name><bndbox><xmin>210</xmin><ymin>334</ymin><xmax>253</xmax><ymax>175</ymax></bndbox></object><object><name>proposal</name><bndbox><xmin>303</xmin><ymin>337</ymin><xmax>246</xmax><ymax>130</ymax></bndbox></object><object><name>proposal</name><bndbox><xmin>222</xmin><ymin>224</ymin><xmax>411</xmax><ymax>217</ymax></bndbox></object><object><name>proposal</name><bndbox><xmin>302</xmin><ymin>337</ymin><xmax>246</xmax><ymax>134</ymax></bndbox></object><object><name>proposal</name><bndbox><xmin>377</xmin><ymin>256</ymin><xmax>125</xmax><ymax>75</ymax></bndbox></object><object><name>proposal</name><bndbox><xmin>301</xmin><ymin>371</ymin><xmax>150</xmax><ymax>90</ymax></bndbox></object><object><name>proposal</name><bndbox><xmin>294</xmin><ymin>256</ymin><xmax>218</xmax><ymax>95</ymax></bndbox></object><object><name>proposal</name><bndbox><xmin>449</xmin><ymin>334</ymin><xmax>88</xmax><ymax>120</ymax></bndbox></object><object><name>proposal</name><bndbox><xmin>206</xmin><ymin>345</ymin><xmax>201</xmax><ymax>102</ymax></bndbox></object><object><name>proposal</name><bndbox><xmin>262</xmin><ymin>221</ymin><xmax>371</xmax><ymax>282</ymax></bndbox></object><object><name>proposal</name><bndbox><xmin>222</xmin><ymin>225</ymin><xmax>411</xmax><ymax>216</ymax></bndbox></object><object><name>proposal</name><bndbox><xmin>262</xmin><ymin>209</ymin><xmax>371</xmax><ymax>197</ymax></bndbox></object><object><name>proposal</name><bndbox><xmin>325</xmin><ymin>345</ymin><xmax>152</xmax><ymax>122</ymax></bndbox></object><object><name>proposal</name><bndbox><xmin>503</xmin><ymin>198</ymin><xmax>127</xmax><ymax>89</ymax></bndbox></object><object><name>proposal</name><bndbox><xmin>210</xmin><ymin>225</ymin><xmax>427</xmax><ymax>291</ymax></bndbox></object><object><name>proposal</name><bndbox><xmin>447</xmin><ymin>383</ymin><xmax>101</xmax><ymax>71</ymax></bndbox></object><object><name>proposal</name><bndbox><xmin>302</xmin><ymin>339</ymin><xmax>246</xmax><ymax>127</ymax></bndbox></object><object><name>proposal</name><bndbox><xmin>384</xmin><ymin>318</ymin><xmax>164</xmax><ymax>141</ymax></bndbox></object><object><name>proposal</name><bndbox><xmin>438</xmin><ymin>334</ymin><xmax>115</xmax><ymax>120</ymax></bndbox></object><object><name>proposal</name><bndbox><xmin>554</xmin><ymin>229</ymin><xmax>31</xmax><ymax>29</ymax></bndbox></object><object><name>proposal</name><bndbox><xmin>336</xmin><ymin>256</ymin><xmax>176</xmax><ymax>84</ymax></bndbox></object><object><name>proposal</name><bndbox><xmin>331</xmin><ymin>253</ymin><xmax>181</xmax><ymax>87</ymax></bndbox></object><object><name>proposal</name><bndbox><xmin>322</xmin><ymin>255</ymin><xmax>186</xmax><ymax>85</ymax></bndbox></object><object><name>proposal</name><bndbox><xmin>539</xmin><ymin>198</ymin><xmax>91</xmax><ymax>80</ymax></bndbox></object><object><name>proposal</name><bndbox><xmin>452</xmin><ymin>334</ymin><xmax>93</xmax><ymax>77</ymax></bndbox></object><object><name>proposal</name><bndbox><xmin>303</xmin><ymin>337</ymin><xmax>246</xmax><ymax>126</ymax></bndbox></object><object><name>proposal</name><bndbox><xmin>262</xmin><ymin>227</ymin><xmax>371</xmax><ymax>179</ymax></bndbox></object><object><name>proposal</name><bndbox><xmin>333</xmin><ymin>351</ymin><xmax>136</xmax><ymax>102</ymax></bndbox></object><object><name>proposal</name><bndbox><xmin>447</xmin><ymin>347</ymin><xmax>61</xmax><ymax>107</ymax></bndbox></object><object><name>proposal</name><bndbox><xmin>330</xmin><ymin>352</ymin><xmax>113</xmax><ymax>68</ymax></bndbox></object><object><name>proposal</name><bndbox><xmin>210</xmin><ymin>225</ymin><xmax>402</xmax><ymax>216</ymax></bndbox></object><object><name>proposal</name><bndbox><xmin>210</xmin><ymin>207</ymin><xmax>423</xmax><ymax>245</ymax></bndbox></object><object><name>proposal</name><bndbox><xmin>393</xmin><ymin>320</ymin><xmax>288</xmax><ymax>205</ymax></bndbox></object><object><name>proposal</name><bndbox><xmin>301</xmin><ymin>352</ymin><xmax>155</xmax><ymax>172</ymax></bndbox></object><object><name>proposal</name><bndbox><xmin>326</xmin><ymin>351</ymin><xmax>223</xmax><ymax>106</ymax></bndbox></object><object><name>proposal</name><bndbox><xmin>338</xmin><ymin>371</ymin><xmax>113</xmax><ymax>88</ymax></bndbox></object><object><name>proposal</name><bndbox><xmin>392</xmin><ymin>335</ymin><xmax>71</xmax><ymax>95</ymax></bndbox></object><object><name>proposal</name><bndbox><xmin>427</xmin><ymin>334</ymin><xmax>118</xmax><ymax>120</ymax></bndbox></object><object><name>proposal</name><bndbox><xmin>338</xmin><ymin>373</ymin><xmax>125</xmax><ymax>123</ymax></bndbox></object><object><name>proposal</name><bndbox><xmin>262</xmin><ymin>221</ymin><xmax>192</xmax><ymax>122</ymax></bndbox></object><object><name>proposal</name><bndbox><xmin>301</xmin><ymin>320</ymin><xmax>235</xmax><ymax>141</ymax></bndbox></object><object><name>proposal</name><bndbox><xmin>210</xmin><ymin>224</ymin><xmax>423</xmax><ymax>285</ymax></bndbox></object><object><name>proposal</name><bndbox><xmin>262</xmin><ymin>198</ymin><xmax>368</xmax><ymax>157</ymax></bndbox></object><object><name>proposal</name><bndbox><xmin>449</xmin><ymin>318</ymin><xmax>99</xmax><ymax>126</ymax></bndbox></object><object><name>proposal</name><bndbox><xmin>302</xmin><ymin>339</ymin><xmax>246</xmax><ymax>132</ymax></bndbox></object><object><name>proposal</name><bndbox><xmin>393</xmin><ymin>332</ymin><xmax>138</xmax><ymax>110</ymax></bndbox></object><object><name>proposal</name><bndbox><xmin>301</xmin><ymin>320</ymin><xmax>235</xmax><ymax>183</ymax></bndbox></object><object><name>proposal</name><bndbox><xmin>210</xmin><ymin>224</ymin><xmax>427</xmax><ymax>223</ymax></bndbox></object><object><name>proposal</name><bndbox><xmin>302</xmin><ymin>373</ymin><xmax>182</xmax><ymax>143</ymax></bndbox></object><object><name>proposal</name><bndbox><xmin>210</xmin><ymin>207</ymin><xmax>423</xmax><ymax>285</ymax></bndbox></object><object><name>proposal</name><bndbox><xmin>325</xmin><ymin>345</ymin><xmax>224</xmax><ymax>122</ymax></bndbox></object><object><name>proposal</name><bndbox><xmin>295</xmin><ymin>227</ymin><xmax>159</xmax><ymax>95</ymax></bndbox></object><object><name>proposal</name><bndbox><xmin>309</xmin><ymin>337</ymin><xmax>239</xmax><ymax>130</ymax></bndbox></object><object><name>proposal</name><bndbox><xmin>302</xmin><ymin>383</ymin><xmax>106</xmax><ymax>133</ymax></bndbox></object><object><name>proposal</name><bndbox><xmin>385</xmin><ymin>335</ymin><xmax>78</xmax><ymax>88</ymax></bndbox></object><object><name>proposal</name><bndbox><xmin>274</xmin><ymin>256</ymin><xmax>238</xmax><ymax>95</ymax></bndbox></object><object><name>proposal</name><bndbox><xmin>444</xmin><ymin>198</ymin><xmax>186</xmax><ymax>80</ymax></bndbox></object><object><name>proposal</name><bndbox><xmin>377</xmin><ymin>256</ymin><xmax>125</xmax><ymax>59</ymax></bndbox></object><object><name>proposal</name><bndbox><xmin>338</xmin><ymin>373</ymin><xmax>146</xmax><ymax>85</ymax></bndbox></object><object><name>proposal</name><bndbox><xmin>309</xmin><ymin>337</ymin><xmax>239</xmax><ymax>126</ymax></bndbox></object><object><name>proposal</name><bndbox><xmin>294</xmin><ymin>255</ymin><xmax>218</xmax><ymax>96</ymax></bndbox></object><object><name>proposal</name><bndbox><xmin>392</xmin><ymin>335</ymin><xmax>84</xmax><ymax>86</ymax></bndbox></object><object><name>proposal</name><bndbox><xmin>301</xmin><ymin>334</ymin><xmax>236</xmax><ymax>181</ymax></bndbox></object><object><name>proposal</name><bndbox><xmin>252</xmin><ymin>219</ymin><xmax>385</xmax><ymax>272</ymax></bndbox></object><object><name>proposal</name><bndbox><xmin>444</xmin><ymin>209</ymin><xmax>184</xmax><ymax>78</ymax></bndbox></object><object><name>proposal</name><bndbox><xmin>376</xmin><ymin>256</ymin><xmax>132</xmax><ymax>59</ymax></bndbox></object><object><name>proposal</name><bndbox><xmin>320</xmin><ymin>295</ymin><xmax>100</xmax><ymax>56</ymax></bndbox></object><object><name>proposal</name><bndbox><xmin>318</xmin><ymin>334</ymin><xmax>235</xmax><ymax>125</ymax></bndbox></object><object><name>proposal</name><bndbox><xmin>295</xmin><ymin>221</ymin><xmax>217</xmax><ymax>101</ymax></bndbox></object><object><name>proposal</name><bndbox><xmin>363</xmin><ymin>382</ymin><xmax>144</xmax><ymax>77</ymax></bndbox></object><object><name>proposal</name><bndbox><xmin>206</xmin><ymin>198</ymin><xmax>427</xmax><ymax>326</ymax></bndbox></object><object><name>proposal</name><bndbox><xmin>210</xmin><ymin>225</ymin><xmax>423</xmax><ymax>216</ymax></bndbox></object><object><name>proposal</name><bndbox><xmin>301</xmin><ymin>335</ymin><xmax>162</xmax><ymax>180</ymax></bndbox></object><object><name>proposal</name><bndbox><xmin>385</xmin><ymin>320</ymin><xmax>151</xmax><ymax>134</ymax></bndbox></object><object><name>proposal</name><bndbox><xmin>339</xmin><ymin>335</ymin><xmax>124</xmax><ymax>123</ymax></bndbox></object><object><name>proposal</name><bndbox><xmin>553</xmin><ymin>230</ymin><xmax>31</xmax><ymax>28</ymax></bndbox></object><object><name>proposal</name><bndbox><xmin>252</xmin><ymin>204</ymin><xmax>385</xmax><ymax>287</ymax></bndbox></object><object><name>proposal</name><bndbox><xmin>325</xmin><ymin>352</ymin><xmax>150</xmax><ymax>105</ymax></bndbox></object><object><name>proposal</name><bndbox><xmin>555</xmin><ymin>219</ymin><xmax>75</xmax><ymax>39</ymax></bndbox></object><object><name>proposal</name><bndbox><xmin>325</xmin><ymin>354</ymin><xmax>156</xmax><ymax>113</ymax></bndbox></object><object><name>proposal</name><bndbox><xmin>252</xmin><ymin>219</ymin><xmax>385</xmax><ymax>228</ymax></bndbox></object><object><name>proposal</name><bndbox><xmin>294</xmin><ymin>253</ymin><xmax>218</xmax><ymax>98</ymax></bndbox></object><object><name>proposal</name><bndbox><xmin>206</xmin><ymin>345</ymin><xmax>200</xmax><ymax>179</ymax></bndbox></object><object><name>proposal</name><bndbox><xmin>210</xmin><ymin>225</ymin><xmax>427</xmax><ymax>222</ymax></bndbox></object><object><name>proposal</name><bndbox><xmin>532</xmin><ymin>228</ymin><xmax>54</xmax><ymax>30</ymax></bndbox></object><object><name>proposal</name><bndbox><xmin>451</xmin><ymin>362</ymin><xmax>102</xmax><ymax>80</ymax></bndbox></object><object><name>proposal</name><bndbox><xmin>252</xmin><ymin>219</ymin><xmax>394</xmax><ymax>272</ymax></bndbox></object><object><name>proposal</name><bndbox><xmin>262</xmin><ymin>209</ymin><xmax>366</xmax><ymax>134</ymax></bndbox></object><object><name>proposal</name><bndbox><xmin>393</xmin><ymin>320</ymin><xmax>143</xmax><ymax>122</ymax></bndbox></object><object><name>proposal</name><bndbox><xmin>274</xmin><ymin>253</ymin><xmax>238</xmax><ymax>98</ymax></bndbox></object><object><name>proposal</name><bndbox><xmin>326</xmin><ymin>354</ymin><xmax>158</xmax><ymax>103</ymax></bndbox></object><object><name>proposal</name><bndbox><xmin>385</xmin><ymin>335</ymin><xmax>78</xmax><ymax>95</ymax></bndbox></object><object><name>proposal</name><bndbox><xmin>302</xmin><ymin>335</ymin><xmax>161</xmax><ymax>174</ymax></bndbox></object><object><name>proposal</name><bndbox><xmin>376</xmin><ymin>256</ymin><xmax>126</xmax><ymax>59</ymax></bndbox></object><object><name>proposal</name><bndbox><xmin>302</xmin><ymin>334</ymin><xmax>245</xmax><ymax>157</ymax></bndbox></object><object><name>proposal</name><bndbox><xmin>533</xmin><ymin>229</ymin><xmax>39</xmax><ymax>20</ymax></bndbox></object><object><name>proposal</name><bndbox><xmin>302</xmin><ymin>373</ymin><xmax>161</xmax><ymax>143</ymax></bndbox></object><object><name>proposal</name><bndbox><xmin>262</xmin><ymin>227</ymin><xmax>350</xmax><ymax>179</ymax></bndbox></object><object><name>proposal</name><bndbox><xmin>206</xmin><ymin>256</ymin><xmax>427</xmax><ymax>268</ymax></bndbox></object><object><name>proposal</name><bndbox><xmin>262</xmin><ymin>227</ymin><xmax>192</xmax><ymax>116</ymax></bndbox></object><object><name>proposal</name><bndbox><xmin>555</xmin><ymin>223</ymin><xmax>66</xmax><ymax>35</ymax></bndbox></object><object><name>proposal</name><bndbox><xmin>302</xmin><ymin>334</ymin><xmax>246</xmax><ymax>137</ymax></bndbox></object><object><name>proposal</name><bndbox><xmin>416</xmin><ymin>383</ymin><xmax>92</xmax><ymax>71</ymax></bndbox></object><object><name>proposal</name><bndbox><xmin>438</xmin><ymin>318</ymin><xmax>110</xmax><ymax>141</ymax></bndbox></object><object><name>proposal</name><bndbox><xmin>333</xmin><ymin>351</ymin><xmax>143</xmax><ymax>102</ymax></bndbox></object><object><name>proposal</name><bndbox><xmin>397</xmin><ymin>334</ymin><xmax>140</xmax><ymax>110</ymax></bndbox></object><object><name>proposal</name><bndbox><xmin>326</xmin><ymin>351</ymin><xmax>143</xmax><ymax>102</ymax></bndbox></object><object><name>proposal</name><bndbox><xmin>374</xmin><ymin>335</ymin><xmax>89</xmax><ymax>95</ymax></bndbox></object><object><name>proposal</name><bndbox><xmin>348</xmin><ymin>253</ymin><xmax>164</xmax><ymax>87</ymax></bndbox></object><object><name>proposal</name><bndbox><xmin>374</xmin><ymin>335</ymin><xmax>89</xmax><ymax>88</ymax></bndbox></object><object><name>proposal</name><bndbox><xmin>396</xmin><ymin>256</ymin><xmax>106</xmax><ymax>69</ymax></bndbox></object><object><name>proposal</name><bndbox><xmin>339</xmin><ymin>334</ymin><xmax>208</xmax><ymax>124</ymax></bndbox></object><object><name>proposal</name><bndbox><xmin>252</xmin><ymin>204</ymin><xmax>385</xmax><ymax>243</ymax></bndbox></object><object><name>proposal</name><bndbox><xmin>393</xmin><ymin>320</ymin><xmax>143</xmax><ymax>134</ymax></bndbox></object><object><name>proposal</name><bndbox><xmin>461</xmin><ymin>334</ymin><xmax>92</xmax><ymax>83</ymax></bndbox></object><object><name>proposal</name><bndbox><xmin>385</xmin><ymin>334</ymin><xmax>168</xmax><ymax>120</ymax></bndbox></object><object><name>proposal</name><bndbox><xmin>516</xmin><ymin>224</ymin><xmax>76</xmax><ymax>40</ymax></bndbox></object><object><name>proposal</name><bndbox><xmin>325</xmin><ymin>345</ymin><xmax>224</xmax><ymax>112</ymax></bndbox></object><object><name>proposal</name><bndbox><xmin>539</xmin><ymin>233</ymin><xmax>89</xmax><ymax>45</ymax></bndbox></object><object><name>proposal</name><bndbox><xmin>309</xmin><ymin>339</ymin><xmax>239</xmax><ymax>124</ymax></bndbox></object><object><name>proposal</name><bndbox><xmin>336</xmin><ymin>295</ymin><xmax>84</xmax><ymax>56</ymax></bndbox></object><object><name>proposal</name><bndbox><xmin>385</xmin><ymin>334</ymin><xmax>162</xmax><ymax>120</ymax></bndbox></object><object><name>proposal</name><bndbox><xmin>503</xmin><ymin>233</ymin><xmax>125</xmax><ymax>54</ymax></bndbox></object><object><name>proposal</name><bndbox><xmin>553</xmin><ymin>224</ymin><xmax>60</xmax><ymax>33</ymax></bndbox></object><object><name>proposal</name><bndbox><xmin>541</xmin><ymin>229</ymin><xmax>45</xmax><ymax>29</ymax></bndbox></object><object><name>proposal</name><bndbox><xmin>295</xmin><ymin>198</ymin><xmax>335</xmax><ymax>124</ymax></bndbox></object><object><name>proposal</name><bndbox><xmin>377</xmin><ymin>256</ymin><xmax>127</xmax><ymax>59</ymax></bndbox></object><object><name>proposal</name><bndbox><xmin>319</xmin><ymin>373</ymin><xmax>144</xmax><ymax>85</ymax></bndbox></object><object><name>proposal</name><bndbox><xmin>553</xmin><ymin>230</ymin><xmax>57</xmax><ymax>21</ymax></bndbox></object><object><name>proposal</name><bndbox><xmin>257</xmin><ymin>207</ymin><xmax>376</xmax><ymax>245</ymax></bndbox></object><object><name>proposal</name><bndbox><xmin>326</xmin><ymin>357</ymin><xmax>81</xmax><ymax>82</ymax></bndbox></object><object><name>proposal</name><bndbox><xmin>336</xmin><ymin>256</ymin><xmax>176</xmax><ymax>95</ymax></bndbox></object><object><name>proposal</name><bndbox><xmin>319</xmin><ymin>335</ymin><xmax>165</xmax><ymax>123</ymax></bndbox></object><object><name>proposal</name><bndbox><xmin>302</xmin><ymin>334</ymin><xmax>246</xmax><ymax>132</ymax></bndbox></object><object><name>proposal</name><bndbox><xmin>301</xmin><ymin>326</ymin><xmax>235</xmax><ymax>135</ymax></bndbox></object><object><name>proposal</name><bndbox><xmin>302</xmin><ymin>334</ymin><xmax>251</xmax><ymax>182</ymax></bndbox></object><object><name>proposal</name><bndbox><xmin>553</xmin><ymin>230</ymin><xmax>31</xmax><ymax>20</ymax></bndbox></object><object><name>proposal</name><bndbox><xmin>377</xmin><ymin>256</ymin><xmax>131</xmax><ymax>59</ymax></bndbox></object><object><name>proposal</name><bndbox><xmin>210</xmin><ymin>224</ymin><xmax>427</xmax><ymax>292</ymax></bndbox></object><object><name>proposal</name><bndbox><xmin>268</xmin><ymin>256</ymin><xmax>344</xmax><ymax>150</ymax></bndbox></object><object><name>proposal</name><bndbox><xmin>416</xmin><ymin>334</ymin><xmax>137</xmax><ymax>120</ymax></bndbox></object><object><name>proposal</name><bndbox><xmin>553</xmin><ymin>224</ymin><xmax>60</xmax><ymax>26</ymax></bndbox></object><object><name>proposal</name><bndbox><xmin>325</xmin><ymin>354</ymin><xmax>156</xmax><ymax>103</ymax></bndbox></object><object><name>proposal</name><bndbox><xmin>393</xmin><ymin>320</ymin><xmax>160</xmax><ymax>176</ymax></bndbox></object><object><name>proposal</name><bndbox><xmin>319</xmin><ymin>352</ymin><xmax>165</xmax><ymax>106</ymax></bndbox></object><object><name>proposal</name><bndbox><xmin>357</xmin><ymin>253</ymin><xmax>155</xmax><ymax>87</ymax></bndbox></object><object><name>proposal</name><bndbox><xmin>222</xmin><ymin>225</ymin><xmax>390</xmax><ymax>216</ymax></bndbox></object><object><name>proposal</name><bndbox><xmin>262</xmin><ymin>221</ymin><xmax>250</xmax><ymax>134</ymax></bndbox></object><object><name>proposal</name><bndbox><xmin>252</xmin><ymin>224</ymin><xmax>385</xmax><ymax>223</ymax></bndbox></object><object><name>proposal</name><bndbox><xmin>503</xmin><ymin>228</ymin><xmax>125</xmax><ymax>59</ymax></bndbox></object><object><name>proposal</name><bndbox><xmin>377</xmin><ymin>255</ymin><xmax>131</xmax><ymax>61</ymax></bndbox></object><object><name>proposal</name><bndbox><xmin>518</xmin><ymin>228</ymin><xmax>70</xmax><ymax>30</ymax></bndbox></object><object><name>proposal</name><bndbox><xmin>206</xmin><ymin>345</ymin><xmax>250</xmax><ymax>179</ymax></bndbox></object><object><name>proposal</name><bndbox><xmin>210</xmin><ymin>225</ymin><xmax>423</xmax><ymax>284</ymax></bndbox></object><object><name>proposal</name><bndbox><xmin>392</xmin><ymin>335</ymin><xmax>116</xmax><ymax>109</ymax></bndbox></object><object><name>proposal</name><bndbox><xmin>303</xmin><ymin>339</ymin><xmax>246</xmax><ymax>124</ymax></bndbox></object><object><name>proposal</name><bndbox><xmin>326</xmin><ymin>337</ymin><xmax>158</xmax><ymax>130</ymax></bndbox></object><object><name>proposal</name><bndbox><xmin>395</xmin><ymin>253</ymin><xmax>117</xmax><ymax>62</ymax></bndbox></object><object><name>proposal</name><bndbox><xmin>274</xmin><ymin>220</ymin><xmax>234</xmax><ymax>131</ymax></bndbox></object><object><name>proposal</name><bndbox><xmin>407</xmin><ymin>332</ymin><xmax>66</xmax><ymax>109</ymax></bndbox></object><object><name>proposal</name><bndbox><xmin>262</xmin><ymin>221</ymin><xmax>350</xmax><ymax>185</ymax></bndbox></object><object><name>proposal</name><bndbox><xmin>451</xmin><ymin>334</ymin><xmax>102</xmax><ymax>108</ymax></bndbox></object><object><name>proposal</name><bndbox><xmin>210</xmin><ymin>224</ymin><xmax>423</xmax><ymax>217</ymax></bndbox></object><object><name>proposal</name><bndbox><xmin>302</xmin><ymin>335</ymin><xmax>161</xmax><ymax>157</ymax></bndbox></object><object><name>proposal</name><bndbox><xmin>300</xmin><ymin>253</ymin><xmax>212</xmax><ymax>102</ymax></bndbox></object><object><name>proposal</name><bndbox><xmin>338</xmin><ymin>373</ymin><xmax>125</xmax><ymax>85</ymax></bndbox></object><object><name>proposal</name><bndbox><xmin>393</xmin><ymin>332</ymin><xmax>138</xmax><ymax>84</ymax></bndbox></object><object><name>proposal</name><bndbox><xmin>392</xmin><ymin>334</ymin><xmax>161</xmax><ymax>87</ymax></bndbox></object><object><name>proposal</name><bndbox><xmin>333</xmin><ymin>351</ymin><xmax>143</xmax><ymax>112</ymax></bndbox></object><object><name>proposal</name><bndbox><xmin>423</xmin><ymin>332</ymin><xmax>108</xmax><ymax>83</ymax></bndbox></object><object><name>proposal</name><bndbox><xmin>350</xmin><ymin>253</ymin><xmax>162</xmax><ymax>98</ymax></bndbox></object><object><name>proposal</name><bndbox><xmin>518</xmin><ymin>228</ymin><xmax>92</xmax><ymax>30</ymax></bndbox></object><object><name>proposal</name><bndbox><xmin>416</xmin><ymin>334</ymin><xmax>129</xmax><ymax>120</ymax></bndbox></object><object><name>proposal</name><bndbox><xmin>336</xmin><ymin>295</ymin><xmax>84</xmax><ymax>45</ymax></bndbox></object><object><name>proposal</name><bndbox><xmin>533</xmin><ymin>224</ymin><xmax>59</xmax><ymax>39</ymax></bndbox></object><object><name>proposal</name><bndbox><xmin>301</xmin><ymin>367</ymin><xmax>150</xmax><ymax>136</ymax></bndbox></object><object><name>proposal</name><bndbox><xmin>262</xmin><ymin>221</ymin><xmax>371</xmax><ymax>185</ymax></bndbox></object><object><name>proposal</name><bndbox><xmin>302</xmin><ymin>334</ymin><xmax>251</xmax><ymax>158</ymax></bndbox></object><object><name>proposal</name><bndbox><xmin>444</xmin><ymin>209</ymin><xmax>184</xmax><ymax>69</ymax></bndbox></object><object><name>proposal</name><bndbox><xmin>457</xmin><ymin>346</ymin><xmax>74</xmax><ymax>96</ymax></bndbox></object><object><name>proposal</name><bndbox><xmin>447</xmin><ymin>334</ymin><xmax>100</xmax><ymax>120</ymax></bndbox></object><object><name>proposal</name><bndbox><xmin>318</xmin><ymin>378</ymin><xmax>230</xmax><ymax>81</ymax></bndbox></object><object><name>proposal</name><bndbox><xmin>395</xmin><ymin>256</ymin><xmax>117</xmax><ymax>59</ymax></bndbox></object><object><name>proposal</name><bndbox><xmin>302</xmin><ymin>334</ymin><xmax>246</xmax><ymax>149</ymax></bndbox></object><object><name>proposal</name><bndbox><xmin>518</xmin><ymin>228</ymin><xmax>53</xmax><ymax>19</ymax></bndbox></object><object><name>proposal</name><bndbox><xmin>447</xmin><ymin>334</ymin><xmax>106</xmax><ymax>120</ymax></bndbox></object><object><name>proposal</name><bndbox><xmin>326</xmin><ymin>337</ymin><xmax>158</xmax><ymax>119</ymax></bndbox></object><object><name>proposal</name><bndbox><xmin>252</xmin><ymin>224</ymin><xmax>385</xmax><ymax>267</ymax></bndbox></object><object><name>proposal</name><bndbox><xmin>301</xmin><ymin>357</ymin><xmax>150</xmax><ymax>146</ymax></bndbox></object><object><name>proposal</name><bndbox><xmin>451</xmin><ymin>334</ymin><xmax>96</xmax><ymax>108</ymax></bndbox></object><object><name>proposal</name><bndbox><xmin>374</xmin><ymin>334</ymin><xmax>179</xmax><ymax>120</ymax></bndbox></object><object><name>proposal</name><bndbox><xmin>361</xmin><ymin>334</ymin><xmax>192</xmax><ymax>120</ymax></bndbox></object><object><name>proposal</name><bndbox><xmin>339</xmin><ymin>334</ymin><xmax>214</xmax><ymax>124</ymax></bndbox></object><object><name>proposal</name><bndbox><xmin>222</xmin><ymin>225</ymin><xmax>415</xmax><ymax>222</ymax></bndbox></object><object><name>proposal</name><bndbox><xmin>302</xmin><ymin>337</ymin><xmax>246</xmax><ymax>130</ymax></bndbox></object><object><name>proposal</name><bndbox><xmin>393</xmin><ymin>326</ymin><xmax>143</xmax><ymax>101</ymax></bndbox></object><object><name>proposal</name><bndbox><xmin>302</xmin><ymin>334</ymin><xmax>245</xmax><ymax>175</ymax></bndbox></object><object><name>proposal</name><bndbox><xmin>451</xmin><ymin>337</ymin><xmax>102</xmax><ymax>105</ymax></bndbox></object><object><name>proposal</name><bndbox><xmin>451</xmin><ymin>334</ymin><xmax>86</xmax><ymax>110</ymax></bndbox></object><object><name>proposal</name><bndbox><xmin>301</xmin><ymin>334</ymin><xmax>252</xmax><ymax>181</ymax></bndbox></object><object><name>proposal</name><bndbox><xmin>319</xmin><ymin>334</ymin><xmax>234</xmax><ymax>162</ymax></bndbox></object><object><name>proposal</name><bndbox><xmin>376</xmin><ymin>256</ymin><xmax>126</xmax><ymax>69</ymax></bndbox></object><object><name>proposal</name><bndbox><xmin>319</xmin><ymin>373</ymin><xmax>165</xmax><ymax>85</ymax></bndbox></object><object><name>proposal</name><bndbox><xmin>518</xmin><ymin>198</ymin><xmax>112</xmax><ymax>60</ymax></bndbox></object><object><name>proposal</name><bndbox><xmin>510</xmin><ymin>224</ymin><xmax>76</xmax><ymax>40</ymax></bndbox></object><object><name>proposal</name><bndbox><xmin>222</xmin><ymin>224</ymin><xmax>390</xmax><ymax>217</ymax></bndbox></object><object><name>proposal</name><bndbox><xmin>354</xmin><ymin>255</ymin><xmax>154</xmax><ymax>82</ymax></bndbox></object><object><name>proposal</name><bndbox><xmin>300</xmin><ymin>256</ymin><xmax>212</xmax><ymax>99</ymax></bndbox></object><object><name>proposal</name><bndbox><xmin>222</xmin><ymin>224</ymin><xmax>415</xmax><ymax>223</ymax></bndbox></object><object><name>proposal</name><bndbox><xmin>210</xmin><ymin>224</ymin><xmax>402</xmax><ymax>217</ymax></bndbox></object><object><name>proposal</name><bndbox><xmin>555</xmin><ymin>235</ymin><xmax>33</xmax><ymax>23</ymax></bndbox></object><object><name>proposal</name><bndbox><xmin>274</xmin><ymin>255</ymin><xmax>238</xmax><ymax>96</ymax></bndbox></object><object><name>proposal</name><bndbox><xmin>325</xmin><ymin>351</ymin><xmax>151</xmax><ymax>112</ymax></bndbox></object><object><name>proposal</name><bndbox><xmin>262</xmin><ymin>198</ymin><xmax>538</xmax><ymax>256</ymax></bndbox></object><object><name>proposal</name><bndbox><xmin>392</xmin><ymin>335</ymin><xmax>161</xmax><ymax>109</ymax></bndbox></object><object><name>proposal</name><bndbox><xmin>449</xmin><ymin>334</ymin><xmax>98</xmax><ymax>108</ymax></bndbox></object><object><name>proposal</name><bndbox><xmin>302</xmin><ymin>335</ymin><xmax>176</xmax><ymax>156</ymax></bndbox></object><object><name>proposal</name><bndbox><xmin>326</xmin><ymin>337</ymin><xmax>158</xmax><ymax>120</ymax></bndbox></object><object><name>proposal</name><bndbox><xmin>276</xmin><ymin>253</ymin><xmax>236</xmax><ymax>102</ymax></bndbox></object><object><name>proposal</name><bndbox><xmin>330</xmin><ymin>320</ymin><xmax>223</xmax><ymax>139</ymax></bndbox></object><object><name>proposal</name><bndbox><xmin>325</xmin><ymin>352</ymin><xmax>150</xmax><ymax>115</ymax></bndbox></object><object><name>proposal</name><bndbox><xmin>533</xmin><ymin>224</ymin><xmax>80</xmax><ymax>33</ymax></bndbox></object><object><name>proposal</name><bndbox><xmin>301</xmin><ymin>371</ymin><xmax>188</xmax><ymax>90</ymax></bndbox></object><object><name>proposal</name><bndbox><xmin>262</xmin><ymin>256</ymin><xmax>250</xmax><ymax>99</ymax></bndbox></object><object><name>proposal</name><bndbox><xmin>318</xmin><ymin>376</ymin><xmax>138</xmax><ymax>83</ymax></bndbox></object><object><name>proposal</name><bndbox><xmin>376</xmin><ymin>256</ymin><xmax>128</xmax><ymax>59</ymax></bndbox></object><object><name>proposal</name><bndbox><xmin>326</xmin><ymin>354</ymin><xmax>158</xmax><ymax>113</ymax></bndbox></object><object><name>proposal</name><bndbox><xmin>339</xmin><ymin>334</ymin><xmax>198</xmax><ymax>124</ymax></bndbox></object><object><name>proposal</name><bndbox><xmin>539</xmin><ymin>230</ymin><xmax>89</xmax><ymax>48</ymax></bndbox></object><object><name>proposal</name><bndbox><xmin>325</xmin><ymin>345</ymin><xmax>152</xmax><ymax>112</ymax></bndbox></object><object><name>proposal</name><bndbox><xmin>336</xmin><ymin>253</ymin><xmax>176</xmax><ymax>87</ymax></bndbox></object><object><name>proposal</name><bndbox><xmin>252</xmin><ymin>204</ymin><xmax>394</xmax><ymax>287</ymax></bndbox></object><object><name>proposal</name><bndbox><xmin>393</xmin><ymin>382</ymin><xmax>114</xmax><ymax>114</ymax></bndbox></object><object><name>proposal</name><bndbox><xmin>376</xmin><ymin>256</ymin><xmax>132</xmax><ymax>69</ymax></bndbox></object><object><name>proposal</name><bndbox><xmin>318</xmin><ymin>378</ymin><xmax>138</xmax><ymax>81</ymax></bndbox></object><object><name>proposal</name><bndbox><xmin>330</xmin><ymin>352</ymin><xmax>177</xmax><ymax>107</ymax></bndbox></object><object><name>proposal</name><bndbox><xmin>326</xmin><ymin>354</ymin><xmax>158</xmax><ymax>102</ymax></bndbox></object><object><name>proposal</name><bndbox><xmin>206</xmin><ymin>320</ymin><xmax>475</xmax><ymax>205</ymax></bndbox></object><object><name>proposal</name><bndbox><xmin>210</xmin><ymin>224</ymin><xmax>423</xmax><ymax>291</ymax></bndbox></object><object><name>proposal</name><bndbox><xmin>361</xmin><ymin>334</ymin><xmax>184</xmax><ymax>120</ymax></bndbox></object><object><name>proposal</name><bndbox><xmin>301</xmin><ymin>383</ymin><xmax>105</xmax><ymax>141</ymax></bndbox></object><object><name>proposal</name><bndbox><xmin>268</xmin><ymin>256</ymin><xmax>365</xmax><ymax>150</ymax></bndbox></object><object><name>proposal</name><bndbox><xmin>326</xmin><ymin>351</ymin><xmax>150</xmax><ymax>102</ymax></bndbox></object><object><name>proposal</name><bndbox><xmin>407</xmin><ymin>332</ymin><xmax>124</xmax><ymax>110</ymax></bndbox></object></annotation>