<annotation><folder>Proposals</folder><filename>img-218.jpg</filename><size><width>720</width><height>720</height><depth>3</depth></size><object><name>proposal</name><bndbox><xmin>287</xmin><ymin>273</ymin><xmax>197</xmax><ymax>127</ymax></bndbox></object><object><name>proposal</name><bndbox><xmin>369</xmin><ymin>273</ymin><xmax>115</xmax><ymax>96</ymax></bndbox></object><object><name>proposal</name><bndbox><xmin>280</xmin><ymin>290</ymin><xmax>218</xmax><ymax>226</ymax></bndbox></object><object><name>proposal</name><bndbox><xmin>692</xmin><ymin>116</ymin><xmax>108</xmax><ymax>16</ymax></bndbox></object><object><name>proposal</name><bndbox><xmin>332</xmin><ymin>402</ymin><xmax>123</xmax><ymax>115</ymax></bndbox></object><object><name>proposal</name><bndbox><xmin>290</xmin><ymin>290</ymin><xmax>194</xmax><ymax>190</ymax></bndbox></object><object><name>proposal</name><bndbox><xmin>298</xmin><ymin>307</ymin><xmax>186</xmax><ymax>172</ymax></bndbox></object><object><name>proposal</name><bndbox><xmin>742</xmin><ymin>82</ymin><xmax>58</xmax><ymax>34</ymax></bndbox></object><object><name>proposal</name><bndbox><xmin>280</xmin><ymin>290</ymin><xmax>218</xmax><ymax>158</ymax></bndbox></object><object><name>proposal</name><bndbox><xmin>327</xmin><ymin>401</ymin><xmax>103</xmax><ymax>114</ymax></bndbox></object><object><name>proposal</name><bndbox><xmin>707</xmin><ymin>82</ymin><xmax>93</xmax><ymax>50</ymax></bndbox></object><object><name>proposal</name><bndbox><xmin>718</xmin><ymin>97</ymin><xmax>66</xmax><ymax>23</ymax></bndbox></object><object><name>proposal</name><bndbox><xmin>310</xmin><ymin>321</ymin><xmax>133</xmax><ymax>95</ymax></bndbox></object><object><name>proposal</name><bndbox><xmin>714</xmin><ymin>90</ymin><xmax>86</xmax><ymax>31</ymax></bndbox></object><object><name>proposal</name><bndbox><xmin>280</xmin><ymin>294</ymin><xmax>192</xmax><ymax>226</ymax></bndbox></object><object><name>proposal</name><bndbox><xmin>590</xmin><ymin>58</ymin><xmax>210</xmax><ymax>62</ymax></bndbox></object><object><name>proposal</name><bndbox><xmin>298</xmin><ymin>293</ymin><xmax>186</xmax><ymax>195</ymax></bndbox></object><object><name>proposal</name><bndbox><xmin>295</xmin><ymin>294</ymin><xmax>177</xmax><ymax>154</ymax></bndbox></object><object><name>proposal</name><bndbox><xmin>707</xmin><ymin>95</ymin><xmax>93</xmax><ymax>30</ymax></bndbox></object><object><name>proposal</name><bndbox><xmin>298</xmin><ymin>296</ymin><xmax>186</xmax><ymax>192</ymax></bndbox></object><object><name>proposal</name><bndbox><xmin>296</xmin><ymin>293</ymin><xmax>178</xmax><ymax>224</ymax></bndbox></object><object><name>proposal</name><bndbox><xmin>289</xmin><ymin>285</ymin><xmax>203</xmax><ymax>230</ymax></bndbox></object><object><name>proposal</name><bndbox><xmin>718</xmin><ymin>97</ymin><xmax>82</xmax><ymax>23</ymax></bndbox></object><object><name>proposal</name><bndbox><xmin>697</xmin><ymin>82</ymin><xmax>103</xmax><ymax>49</ymax></bndbox></object><object><name>proposal</name><bndbox><xmin>290</xmin><ymin>290</ymin><xmax>194</xmax><ymax>158</ymax></bndbox></object><object><name>proposal</name><bndbox><xmin>692</xmin><ymin>75</ymin><xmax>108</xmax><ymax>45</ymax></bndbox></object><object><name>proposal</name><bndbox><xmin>295</xmin><ymin>321</ymin><xmax>148</xmax><ymax>127</ymax></bndbox></object><object><name>proposal</name><bndbox><xmin>698</xmin><ymin>82</ymin><xmax>102</xmax><ymax>38</ymax></bndbox></object><object><name>proposal</name><bndbox><xmin>280</xmin><ymin>290</ymin><xmax>218</xmax><ymax>167</ymax></bndbox></object><object><name>proposal</name><bndbox><xmin>280</xmin><ymin>273</ymin><xmax>280</xmax><ymax>247</ymax></bndbox></object><object><name>proposal</name><bndbox><xmin>296</xmin><ymin>290</ymin><xmax>202</xmax><ymax>225</ymax></bndbox></object><object><name>proposal</name><bndbox><xmin>309</xmin><ymin>336</ymin><xmax>146</xmax><ymax>120</ymax></bndbox></object><object><name>proposal</name><bndbox><xmin>748</xmin><ymin>90</ymin><xmax>52</xmax><ymax>30</ymax></bndbox></object><object><name>proposal</name><bndbox><xmin>339</xmin><ymin>273</ymin><xmax>145</xmax><ymax>148</ymax></bndbox></object><object><name>proposal</name><bndbox><xmin>290</xmin><ymin>290</ymin><xmax>208</xmax><ymax>226</ymax></bndbox></object><object><name>proposal</name><bndbox><xmin>696</xmin><ymin>94</ymin><xmax>104</xmax><ymax>37</ymax></bndbox></object><object><name>proposal</name><bndbox><xmin>460</xmin><ymin>62</ymin><xmax>340</xmax><ymax>70</ymax></bndbox></object><object><name>proposal</name><bndbox><xmin>298</xmin><ymin>293</ymin><xmax>186</xmax><ymax>186</ymax></bndbox></object><object><name>proposal</name><bndbox><xmin>296</xmin><ymin>293</ymin><xmax>178</xmax><ymax>155</ymax></bndbox></object><object><name>proposal</name><bndbox><xmin>369</xmin><ymin>297</ymin><xmax>100</xmax><ymax>72</ymax></bndbox></object><object><name>proposal</name><bndbox><xmin>280</xmin><ymin>290</ymin><xmax>204</xmax><ymax>158</ymax></bndbox></object><object><name>proposal</name><bndbox><xmin>327</xmin><ymin>386</ymin><xmax>137</xmax><ymax>129</ymax></bndbox></object><object><name>proposal</name><bndbox><xmin>295</xmin><ymin>294</ymin><xmax>177</xmax><ymax>192</ymax></bndbox></object><object><name>proposal</name><bndbox><xmin>280</xmin><ymin>321</ymin><xmax>174</xmax><ymax>127</ymax></bndbox></object><object><name>proposal</name><bndbox><xmin>296</xmin><ymin>336</ymin><xmax>173</xmax><ymax>112</ymax></bndbox></object><object><name>proposal</name><bndbox><xmin>692</xmin><ymin>87</ymin><xmax>108</xmax><ymax>45</ymax></bndbox></object><object><name>proposal</name><bndbox><xmin>590</xmin><ymin>58</ymin><xmax>210</xmax><ymax>74</ymax></bndbox></object><object><name>proposal</name><bndbox><xmin>298</xmin><ymin>296</ymin><xmax>161</xmax><ymax>206</ymax></bndbox></object><object><name>proposal</name><bndbox><xmin>460</xmin><ymin>58</ymin><xmax>340</xmax><ymax>74</ymax></bndbox></object><object><name>proposal</name><bndbox><xmin>280</xmin><ymin>321</ymin><xmax>172</xmax><ymax>127</ymax></bndbox></object><object><name>proposal</name><bndbox><xmin>347</xmin><ymin>402</ymin><xmax>114</xmax><ymax>84</ymax></bndbox></object><object><name>proposal</name><bndbox><xmin>310</xmin><ymin>336</ymin><xmax>145</xmax><ymax>120</ymax></bndbox></object><object><name>proposal</name><bndbox><xmin>289</xmin><ymin>285</ymin><xmax>209</xmax><ymax>230</ymax></bndbox></object><object><name>proposal</name><bndbox><xmin>280</xmin><ymin>321</ymin><xmax>181</xmax><ymax>199</ymax></bndbox></object><object><name>proposal</name><bndbox><xmin>280</xmin><ymin>273</ymin><xmax>280</xmax><ymax>334</ymax></bndbox></object><object><name>proposal</name><bndbox><xmin>280</xmin><ymin>294</ymin><xmax>192</xmax><ymax>192</ymax></bndbox></object><object><name>proposal</name><bndbox><xmin>725</xmin><ymin>94</ymin><xmax>75</xmax><ymax>26</ymax></bndbox></object><object><name>proposal</name><bndbox><xmin>339</xmin><ymin>340</ymin><xmax>115</xmax><ymax>81</ymax></bndbox></object><object><name>proposal</name><bndbox><xmin>298</xmin><ymin>321</ymin><xmax>161</xmax><ymax>158</ymax></bndbox></object><object><name>proposal</name><bndbox><xmin>696</xmin><ymin>79</ymin><xmax>104</xmax><ymax>52</ymax></bndbox></object><object><name>proposal</name><bndbox><xmin>714</xmin><ymin>93</ymin><xmax>57</xmax><ymax>22</ymax></bndbox></object><object><name>proposal</name><bndbox><xmin>370</xmin><ymin>316</ymin><xmax>114</xmax><ymax>137</ymax></bndbox></object><object><name>proposal</name><bndbox><xmin>339</xmin><ymin>340</ymin><xmax>104</xmax><ymax>66</ymax></bndbox></object><object><name>proposal</name><bndbox><xmin>309</xmin><ymin>336</ymin><xmax>143</xmax><ymax>120</ymax></bndbox></object><object><name>proposal</name><bndbox><xmin>714</xmin><ymin>93</ymin><xmax>76</xmax><ymax>32</ymax></bndbox></object><object><name>proposal</name><bndbox><xmin>280</xmin><ymin>377</ymin><xmax>184</xmax><ymax>82</ymax></bndbox></object><object><name>proposal</name><bndbox><xmin>694</xmin><ymin>75</ymin><xmax>106</xmax><ymax>57</ymax></bndbox></object><object><name>proposal</name><bndbox><xmin>696</xmin><ymin>79</ymin><xmax>94</xmax><ymax>47</ymax></bndbox></object><object><name>proposal</name><bndbox><xmin>298</xmin><ymin>307</ymin><xmax>171</xmax><ymax>172</ymax></bndbox></object><object><name>proposal</name><bndbox><xmin>287</xmin><ymin>285</ymin><xmax>105</xmax><ymax>115</ymax></bndbox></object><object><name>proposal</name><bndbox><xmin>296</xmin><ymin>290</ymin><xmax>177</xmax><ymax>225</ymax></bndbox></object><object><name>proposal</name><bndbox><xmin>280</xmin><ymin>276</ymin><xmax>112</xmax><ymax>172</ymax></bndbox></object><object><name>proposal</name><bndbox><xmin>310</xmin><ymin>336</ymin><xmax>142</xmax><ymax>120</ymax></bndbox></object><object><name>proposal</name><bndbox><xmin>280</xmin><ymin>377</ymin><xmax>184</xmax><ymax>138</ymax></bndbox></object><object><name>proposal</name><bndbox><xmin>296</xmin><ymin>377</ymin><xmax>91</xmax><ymax>80</ymax></bndbox></object><object><name>proposal</name><bndbox><xmin>692</xmin><ymin>90</ymin><xmax>108</xmax><ymax>35</ymax></bndbox></object><object><name>proposal</name><bndbox><xmin>280</xmin><ymin>273</ymin><xmax>204</xmax><ymax>175</ymax></bndbox></object><object><name>proposal</name><bndbox><xmin>351</xmin><ymin>399</ymin><xmax>115</xmax><ymax>81</ymax></bndbox></object><object><name>proposal</name><bndbox><xmin>692</xmin><ymin>104</ymin><xmax>98</xmax><ymax>21</ymax></bndbox></object><object><name>proposal</name><bndbox><xmin>692</xmin><ymin>75</ymin><xmax>108</xmax><ymax>36</ymax></bndbox></object><object><name>proposal</name><bndbox><xmin>280</xmin><ymin>273</ymin><xmax>280</xmax><ymax>175</ymax></bndbox></object><object><name>proposal</name><bndbox><xmin>310</xmin><ymin>340</ymin><xmax>133</xmax><ymax>76</ymax></bndbox></object><object><name>proposal</name><bndbox><xmin>290</xmin><ymin>290</ymin><xmax>208</xmax><ymax>190</ymax></bndbox></object><object><name>proposal</name><bndbox><xmin>289</xmin><ymin>285</ymin><xmax>203</xmax><ymax>163</ymax></bndbox></object><object><name>proposal</name><bndbox><xmin>696</xmin><ymin>82</ymin><xmax>104</xmax><ymax>49</ymax></bndbox></object><object><name>proposal</name><bndbox><xmin>695</xmin><ymin>96</ymin><xmax>105</xmax><ymax>34</ymax></bndbox></object><object><name>proposal</name><bndbox><xmin>588</xmin><ymin>58</ymin><xmax>212</xmax><ymax>74</ymax></bndbox></object><object><name>proposal</name><bndbox><xmin>310</xmin><ymin>379</ymin><xmax>94</xmax><ymax>78</ymax></bndbox></object><object><name>proposal</name><bndbox><xmin>298</xmin><ymin>293</ymin><xmax>171</xmax><ymax>186</ymax></bndbox></object><object><name>proposal</name><bndbox><xmin>280</xmin><ymin>276</ymin><xmax>192</xmax><ymax>244</ymax></bndbox></object><object><name>proposal</name><bndbox><xmin>298</xmin><ymin>296</ymin><xmax>163</xmax><ymax>206</ymax></bndbox></object><object><name>proposal</name><bndbox><xmin>298</xmin><ymin>318</ymin><xmax>186</xmax><ymax>161</ymax></bndbox></object><object><name>proposal</name><bndbox><xmin>332</xmin><ymin>312</ymin><xmax>194</xmax><ymax>205</ymax></bndbox></object><object><name>proposal</name><bndbox><xmin>296</xmin><ymin>295</ymin><xmax>178</xmax><ymax>153</ymax></bndbox></object><object><name>proposal</name><bndbox><xmin>296</xmin><ymin>295</ymin><xmax>178</xmax><ymax>222</ymax></bndbox></object><object><name>proposal</name><bndbox><xmin>296</xmin><ymin>293</ymin><xmax>230</xmax><ymax>155</ymax></bndbox></object><object><name>proposal</name><bndbox><xmin>696</xmin><ymin>94</ymin><xmax>94</xmax><ymax>32</ymax></bndbox></object><object><name>proposal</name><bndbox><xmin>707</xmin><ymin>82</ymin><xmax>93</xmax><ymax>38</ymax></bndbox></object><object><name>proposal</name><bndbox><xmin>344</xmin><ymin>290</ymin><xmax>154</xmax><ymax>79</ymax></bndbox></object><object><name>proposal</name><bndbox><xmin>692</xmin><ymin>82</ymin><xmax>108</xmax><ymax>42</ymax></bndbox></object><object><name>proposal</name><bndbox><xmin>445</xmin><ymin>53</ymin><xmax>355</xmax><ymax>74</ymax></bndbox></object><object><name>proposal</name><bndbox><xmin>296</xmin><ymin>290</ymin><xmax>177</xmax><ymax>158</ymax></bndbox></object><object><name>proposal</name><bndbox><xmin>707</xmin><ymin>82</ymin><xmax>93</xmax><ymax>39</ymax></bndbox></object><object><name>proposal</name><bndbox><xmin>280</xmin><ymin>340</ymin><xmax>163</xmax><ymax>117</ymax></bndbox></object><object><name>proposal</name><bndbox><xmin>296</xmin><ymin>293</ymin><xmax>230</xmax><ymax>224</ymax></bndbox></object><object><name>proposal</name><bndbox><xmin>289</xmin><ymin>285</ymin><xmax>209</xmax><ymax>163</ymax></bndbox></object><object><name>proposal</name><bndbox><xmin>339</xmin><ymin>290</ymin><xmax>133</xmax><ymax>121</ymax></bndbox></object><object><name>proposal</name><bndbox><xmin>296</xmin><ymin>336</ymin><xmax>173</xmax><ymax>179</ymax></bndbox></object><object><name>proposal</name><bndbox><xmin>296</xmin><ymin>290</ymin><xmax>202</xmax><ymax>158</ymax></bndbox></object><object><name>proposal</name><bndbox><xmin>298</xmin><ymin>293</ymin><xmax>171</xmax><ymax>195</ymax></bndbox></object><object><name>proposal</name><bndbox><xmin>407</xmin><ymin>62</ymin><xmax>393</xmax><ymax>70</ymax></bndbox></object><object><name>proposal</name><bndbox><xmin>694</xmin><ymin>75</ymin><xmax>106</xmax><ymax>45</ymax></bndbox></object><object><name>proposal</name><bndbox><xmin>370</xmin><ymin>341</ymin><xmax>99</xmax><ymax>118</ymax></bndbox></object><object><name>proposal</name><bndbox><xmin>695</xmin><ymin>94</ymin><xmax>105</xmax><ymax>38</ymax></bndbox></object><object><name>proposal</name><bndbox><xmin>694</xmin><ymin>75</ymin><xmax>106</xmax><ymax>32</ymax></bndbox></object><object><name>proposal</name><bndbox><xmin>310</xmin><ymin>336</ymin><xmax>149</xmax><ymax>124</ymax></bndbox></object><object><name>proposal</name><bndbox><xmin>339</xmin><ymin>340</ymin><xmax>130</xmax><ymax>66</ymax></bndbox></object><object><name>proposal</name><bndbox><xmin>327</xmin><ymin>389</ymin><xmax>137</xmax><ymax>126</ymax></bndbox></object><object><name>proposal</name><bndbox><xmin>692</xmin><ymin>82</ymin><xmax>108</xmax><ymax>50</ymax></bndbox></object><object><name>proposal</name><bndbox><xmin>327</xmin><ymin>341</ymin><xmax>142</xmax><ymax>174</ymax></bndbox></object><object><name>proposal</name><bndbox><xmin>692</xmin><ymin>109</ymin><xmax>108</xmax><ymax>15</ymax></bndbox></object><object><name>proposal</name><bndbox><xmin>327</xmin><ymin>399</ymin><xmax>139</xmax><ymax>117</ymax></bndbox></object><object><name>proposal</name><bndbox><xmin>330</xmin><ymin>336</ymin><xmax>115</xmax><ymax>75</ymax></bndbox></object><object><name>proposal</name><bndbox><xmin>701</xmin><ymin>95</ymin><xmax>99</xmax><ymax>30</ymax></bndbox></object><object><name>proposal</name><bndbox><xmin>290</xmin><ymin>290</ymin><xmax>208</xmax><ymax>158</ymax></bndbox></object><object><name>proposal</name><bndbox><xmin>695</xmin><ymin>95</ymin><xmax>105</xmax><ymax>35</ymax></bndbox></object><object><name>proposal</name><bndbox><xmin>696</xmin><ymin>92</ymin><xmax>104</xmax><ymax>38</ymax></bndbox></object><object><name>proposal</name><bndbox><xmin>714</xmin><ymin>90</ymin><xmax>86</xmax><ymax>30</ymax></bndbox></object><object><name>proposal</name><bndbox><xmin>696</xmin><ymin>82</ymin><xmax>104</xmax><ymax>44</ymax></bndbox></object><object><name>proposal</name><bndbox><xmin>287</xmin><ymin>273</ymin><xmax>197</xmax><ymax>180</ymax></bndbox></object><object><name>proposal</name><bndbox><xmin>280</xmin><ymin>276</ymin><xmax>280</xmax><ymax>331</ymax></bndbox></object><object><name>proposal</name><bndbox><xmin>697</xmin><ymin>109</ymin><xmax>103</xmax><ymax>22</ymax></bndbox></object><object><name>proposal</name><bndbox><xmin>714</xmin><ymin>93</ymin><xmax>70</xmax><ymax>26</ymax></bndbox></object><object><name>proposal</name><bndbox><xmin>369</xmin><ymin>273</ymin><xmax>115</xmax><ymax>180</ymax></bndbox></object><object><name>proposal</name><bndbox><xmin>730</xmin><ymin>90</ymin><xmax>70</xmax><ymax>42</ymax></bndbox></object><object><name>proposal</name><bndbox><xmin>310</xmin><ymin>337</ymin><xmax>146</xmax><ymax>123</ymax></bndbox></object><object><name>proposal</name><bndbox><xmin>695</xmin><ymin>109</ymin><xmax>105</xmax><ymax>23</ymax></bndbox></object><object><name>proposal</name><bndbox><xmin>287</xmin><ymin>276</ymin><xmax>105</xmax><ymax>124</ymax></bndbox></object><object><name>proposal</name><bndbox><xmin>370</xmin><ymin>386</ymin><xmax>94</xmax><ymax>73</ymax></bndbox></object><object><name>proposal</name><bndbox><xmin>298</xmin><ymin>296</ymin><xmax>186</xmax><ymax>183</ymax></bndbox></object><object><name>proposal</name><bndbox><xmin>725</xmin><ymin>94</ymin><xmax>75</xmax><ymax>38</ymax></bndbox></object><object><name>proposal</name><bndbox><xmin>692</xmin><ymin>90</ymin><xmax>108</xmax><ymax>42</ymax></bndbox></object><object><name>proposal</name><bndbox><xmin>280</xmin><ymin>273</ymin><xmax>204</xmax><ymax>247</ymax></bndbox></object><object><name>proposal</name><bndbox><xmin>692</xmin><ymin>93</ymin><xmax>98</xmax><ymax>32</ymax></bndbox></object><object><name>proposal</name><bndbox><xmin>692</xmin><ymin>82</ymin><xmax>108</xmax><ymax>43</ymax></bndbox></object><object><name>proposal</name><bndbox><xmin>681</xmin><ymin>90</ymin><xmax>119</xmax><ymax>33</ymax></bndbox></object><object><name>proposal</name><bndbox><xmin>695</xmin><ymin>82</ymin><xmax>105</xmax><ymax>49</ymax></bndbox></object><object><name>proposal</name><bndbox><xmin>331</xmin><ymin>402</ymin><xmax>130</xmax><ymax>118</ymax></bndbox></object><object><name>proposal</name><bndbox><xmin>696</xmin><ymin>87</ymin><xmax>104</xmax><ymax>45</ymax></bndbox></object><object><name>proposal</name><bndbox><xmin>695</xmin><ymin>92</ymin><xmax>105</xmax><ymax>38</ymax></bndbox></object><object><name>proposal</name><bndbox><xmin>344</xmin><ymin>290</ymin><xmax>128</xmax><ymax>79</ymax></bndbox></object><object><name>proposal</name><bndbox><xmin>298</xmin><ymin>318</ymin><xmax>171</xmax><ymax>161</ymax></bndbox></object><object><name>proposal</name><bndbox><xmin>280</xmin><ymin>379</ymin><xmax>124</xmax><ymax>78</ymax></bndbox></object><object><name>proposal</name><bndbox><xmin>692</xmin><ymin>87</ymin><xmax>50</xmax><ymax>24</ymax></bndbox></object><object><name>proposal</name><bndbox><xmin>692</xmin><ymin>75</ymin><xmax>108</xmax><ymax>57</ymax></bndbox></object><object><name>proposal</name><bndbox><xmin>280</xmin><ymin>321</ymin><xmax>181</xmax><ymax>136</ymax></bndbox></object><object><name>proposal</name><bndbox><xmin>280</xmin><ymin>290</ymin><xmax>218</xmax><ymax>225</ymax></bndbox></object><object><name>proposal</name><bndbox><xmin>692</xmin><ymin>87</ymin><xmax>108</xmax><ymax>33</ymax></bndbox></object><object><name>proposal</name><bndbox><xmin>379</xmin><ymin>364</ymin><xmax>82</xmax><ymax>89</ymax></bndbox></object><object><name>proposal</name><bndbox><xmin>295</xmin><ymin>321</ymin><xmax>157</xmax><ymax>127</ymax></bndbox></object><object><name>proposal</name><bndbox><xmin>692</xmin><ymin>109</ymin><xmax>108</xmax><ymax>23</ymax></bndbox></object><object><name>proposal</name><bndbox><xmin>696</xmin><ymin>79</ymin><xmax>104</xmax><ymax>47</ymax></bndbox></object><object><name>proposal</name><bndbox><xmin>310</xmin><ymin>321</ymin><xmax>149</xmax><ymax>156</ymax></bndbox></object><object><name>proposal</name><bndbox><xmin>298</xmin><ymin>296</ymin><xmax>171</xmax><ymax>192</ymax></bndbox></object><object><name>proposal</name><bndbox><xmin>339</xmin><ymin>336</ymin><xmax>106</xmax><ymax>75</ymax></bndbox></object><object><name>proposal</name><bndbox><xmin>280</xmin><ymin>340</ymin><xmax>163</xmax><ymax>180</ymax></bndbox></object><object><name>proposal</name><bndbox><xmin>696</xmin><ymin>82</ymin><xmax>104</xmax><ymax>48</ymax></bndbox></object><object><name>proposal</name><bndbox><xmin>696</xmin><ymin>95</ymin><xmax>104</xmax><ymax>30</ymax></bndbox></object><object><name>proposal</name><bndbox><xmin>729</xmin><ymin>95</ymin><xmax>71</xmax><ymax>30</ymax></bndbox></object><object><name>proposal</name><bndbox><xmin>280</xmin><ymin>380</ymin><xmax>107</xmax><ymax>77</ymax></bndbox></object><object><name>proposal</name><bndbox><xmin>347</xmin><ymin>364</ymin><xmax>108</xmax><ymax>92</ymax></bndbox></object><object><name>proposal</name><bndbox><xmin>280</xmin><ymin>377</ymin><xmax>107</xmax><ymax>80</ymax></bndbox></object><object><name>proposal</name><bndbox><xmin>339</xmin><ymin>290</ymin><xmax>159</xmax><ymax>121</ymax></bndbox></object><object><name>proposal</name><bndbox><xmin>310</xmin><ymin>321</ymin><xmax>149</xmax><ymax>158</ymax></bndbox></object><object><name>proposal</name><bndbox><xmin>354</xmin><ymin>402</ymin><xmax>107</xmax><ymax>84</ymax></bndbox></object><object><name>proposal</name><bndbox><xmin>742</xmin><ymin>82</ymin><xmax>58</xmax><ymax>38</ymax></bndbox></object><object><name>proposal</name><bndbox><xmin>339</xmin><ymin>294</ymin><xmax>133</xmax><ymax>112</ymax></bndbox></object><object><name>proposal</name><bndbox><xmin>696</xmin><ymin>95</ymin><xmax>104</xmax><ymax>31</ymax></bndbox></object><object><name>proposal</name><bndbox><xmin>280</xmin><ymin>336</ymin><xmax>165</xmax><ymax>121</ymax></bndbox></object><object><name>proposal</name><bndbox><xmin>714</xmin><ymin>90</ymin><xmax>86</xmax><ymax>42</ymax></bndbox></object><object><name>proposal</name><bndbox><xmin>681</xmin><ymin>90</ymin><xmax>119</xmax><ymax>42</ymax></bndbox></object><object><name>proposal</name><bndbox><xmin>298</xmin><ymin>296</ymin><xmax>171</xmax><ymax>183</ymax></bndbox></object><object><name>proposal</name><bndbox><xmin>695</xmin><ymin>82</ymin><xmax>105</xmax><ymax>50</ymax></bndbox></object><object><name>proposal</name><bndbox><xmin>692</xmin><ymin>87</ymin><xmax>92</xmax><ymax>33</ymax></bndbox></object><object><name>proposal</name><bndbox><xmin>339</xmin><ymin>336</ymin><xmax>130</xmax><ymax>75</ymax></bndbox></object><object><name>proposal</name><bndbox><xmin>698</xmin><ymin>97</ymin><xmax>86</xmax><ymax>23</ymax></bndbox></object></annotation>