<annotation><folder>Proposals</folder><filename>img-631.jpg</filename><size><width>452</width><height>300</height><depth>3</depth></size><object><name>proposal</name><bndbox><xmin>254</xmin><ymin>406</ymin><xmax>546</xmax><ymax>339</ymax></bndbox></object><object><name>proposal</name><bndbox><xmin>0</xmin><ymin>0</ymin><xmax>800</xmax><ymax>406</ymax></bndbox></object><object><name>proposal</name><bndbox><xmin>135</xmin><ymin>246</ymin><xmax>86</xmax><ymax>95</ymax></bndbox></object><object><name>proposal</name><bndbox><xmin>336</xmin><ymin>394</ymin><xmax>411</xmax><ymax>346</ymax></bndbox></object><object><name>proposal</name><bndbox><xmin>374</xmin><ymin>269</ymin><xmax>317</xmax><ymax>293</ymax></bndbox></object><object><name>proposal</name><bndbox><xmin>0</xmin><ymin>70</ymin><xmax>800</xmax><ymax>730</ymax></bndbox></object><object><name>proposal</name><bndbox><xmin>624</xmin><ymin>77</ymin><xmax>176</xmax><ymax>144</ymax></bndbox></object><object><name>proposal</name><bndbox><xmin>237</xmin><ymin>530</ymin><xmax>563</xmax><ymax>270</ymax></bndbox></object><object><name>proposal</name><bndbox><xmin>622</xmin><ymin>109</ymin><xmax>106</xmax><ymax>100</ymax></bndbox></object><object><name>proposal</name><bndbox><xmin>160</xmin><ymin>376</ymin><xmax>271</xmax><ymax>329</ymax></bndbox></object><object><name>proposal</name><bndbox><xmin>489</xmin><ymin>70</ymin><xmax>292</xmax><ymax>109</ymax></bndbox></object><object><name>proposal</name><bndbox><xmin>693</xmin><ymin>23</ymin><xmax>107</xmax><ymax>207</ymax></bndbox></object><object><name>proposal</name><bndbox><xmin>597</xmin><ymin>73</ymin><xmax>203</xmax><ymax>143</ymax></bndbox></object><object><name>proposal</name><bndbox><xmin>633</xmin><ymin>68</ymin><xmax>128</xmax><ymax>50</ymax></bndbox></object><object><name>proposal</name><bndbox><xmin>164</xmin><ymin>179</ymin><xmax>636</xmax><ymax>560</ymax></bndbox></object><object><name>proposal</name><bndbox><xmin>132</xmin><ymin>186</ymin><xmax>145</xmax><ymax>107</ymax></bndbox></object><object><name>proposal</name><bndbox><xmin>707</xmin><ymin>105</ymin><xmax>93</xmax><ymax>111</ymax></bndbox></object><object><name>proposal</name><bndbox><xmin>158</xmin><ymin>342</ymin><xmax>589</xmax><ymax>298</ymax></bndbox></object><object><name>proposal</name><bndbox><xmin>304</xmin><ymin>595</ymin><xmax>496</xmax><ymax>205</ymax></bndbox></object><object><name>proposal</name><bndbox><xmin>251</xmin><ymin>128</ymin><xmax>549</xmax><ymax>672</ymax></bndbox></object><object><name>proposal</name><bndbox><xmin>0</xmin><ymin>0</ymin><xmax>800</xmax><ymax>510</ymax></bndbox></object><object><name>proposal</name><bndbox><xmin>604</xmin><ymin>83</ymin><xmax>168</xmax><ymax>100</ymax></bndbox></object><object><name>proposal</name><bndbox><xmin>690</xmin><ymin>73</ymin><xmax>110</xmax><ymax>189</ymax></bndbox></object><object><name>proposal</name><bndbox><xmin>180</xmin><ymin>254</ymin><xmax>116</xmax><ymax>99</ymax></bndbox></object><object><name>proposal</name><bndbox><xmin>250</xmin><ymin>188</ymin><xmax>65</xmax><ymax>86</ymax></bndbox></object><object><name>proposal</name><bndbox><xmin>266</xmin><ymin>239</ymin><xmax>534</xmax><ymax>465</ymax></bndbox></object><object><name>proposal</name><bndbox><xmin>0</xmin><ymin>188</ymin><xmax>412</xmax><ymax>479</ymax></bndbox></object><object><name>proposal</name><bndbox><xmin>258</xmin><ymin>570</ymin><xmax>542</xmax><ymax>230</ymax></bndbox></object><object><name>proposal</name><bndbox><xmin>0</xmin><ymin>223</ymin><xmax>323</xmax><ymax>438</ymax></bndbox></object><object><name>proposal</name><bndbox><xmin>0</xmin><ymin>260</ymin><xmax>458</xmax><ymax>281</ymax></bndbox></object><object><name>proposal</name><bndbox><xmin>148</xmin><ymin>243</ymin><xmax>88</xmax><ymax>47</ymax></bndbox></object><object><name>proposal</name><bndbox><xmin>304</xmin><ymin>597</ymin><xmax>496</xmax><ymax>203</ymax></bndbox></object><object><name>proposal</name><bndbox><xmin>634</xmin><ymin>70</ymin><xmax>147</xmax><ymax>45</ymax></bndbox></object><object><name>proposal</name><bndbox><xmin>304</xmin><ymin>496</ymin><xmax>496</xmax><ymax>304</ymax></bndbox></object><object><name>proposal</name><bndbox><xmin>0</xmin><ymin>165</ymin><xmax>800</xmax><ymax>635</ymax></bndbox></object><object><name>proposal</name><bndbox><xmin>668</xmin><ymin>148</ymin><xmax>132</xmax><ymax>91</ymax></bndbox></object><object><name>proposal</name><bndbox><xmin>0</xmin><ymin>243</ymin><xmax>253</xmax><ymax>409</ymax></bndbox></object><object><name>proposal</name><bndbox><xmin>0</xmin><ymin>395</ymin><xmax>379</xmax><ymax>359</ymax></bndbox></object><object><name>proposal</name><bndbox><xmin>668</xmin><ymin>111</ymin><xmax>80</xmax><ymax>128</ymax></bndbox></object><object><name>proposal</name><bndbox><xmin>163</xmin><ymin>242</ymin><xmax>83</xmax><ymax>48</ymax></bndbox></object><object><name>proposal</name><bndbox><xmin>0</xmin><ymin>225</ymin><xmax>562</xmax><ymax>377</ymax></bndbox></object><object><name>proposal</name><bndbox><xmin>0</xmin><ymin>259</ymin><xmax>303</xmax><ymax>304</ymax></bndbox></object><object><name>proposal</name><bndbox><xmin>628</xmin><ymin>113</ymin><xmax>172</xmax><ymax>126</ymax></bndbox></object><object><name>proposal</name><bndbox><xmin>635</xmin><ymin>68</ymin><xmax>165</xmax><ymax>150</ymax></bndbox></object><object><name>proposal</name><bndbox><xmin>173</xmin><ymin>372</ymin><xmax>453</xmax><ymax>225</ymax></bndbox></object><object><name>proposal</name><bndbox><xmin>148</xmin><ymin>226</ymin><xmax>105</xmax><ymax>66</ymax></bndbox></object><object><name>proposal</name><bndbox><xmin>705</xmin><ymin>111</ymin><xmax>95</xmax><ymax>193</ymax></bndbox></object><object><name>proposal</name><bndbox><xmin>174</xmin><ymin>374</ymin><xmax>426</xmax><ymax>213</ymax></bndbox></object><object><name>proposal</name><bndbox><xmin>0</xmin><ymin>258</ymin><xmax>800</xmax><ymax>542</ymax></bndbox></object><object><name>proposal</name><bndbox><xmin>148</xmin><ymin>225</ymin><xmax>163</xmax><ymax>67</ymax></bndbox></object><object><name>proposal</name><bndbox><xmin>123</xmin><ymin>474</ymin><xmax>338</xmax><ymax>280</ymax></bndbox></object><object><name>proposal</name><bndbox><xmin>219</xmin><ymin>226</ymin><xmax>92</xmax><ymax>48</ymax></bndbox></object><object><name>proposal</name><bndbox><xmin>259</xmin><ymin>306</ymin><xmax>359</xmax><ymax>283</ymax></bndbox></object><object><name>proposal</name><bndbox><xmin>174</xmin><ymin>375</ymin><xmax>426</xmax><ymax>217</ymax></bndbox></object><object><name>proposal</name><bndbox><xmin>148</xmin><ymin>226</ymin><xmax>113</xmax><ymax>66</ymax></bndbox></object><object><name>proposal</name><bndbox><xmin>240</xmin><ymin>223</ymin><xmax>75</xmax><ymax>65</ymax></bndbox></object><object><name>proposal</name><bndbox><xmin>0</xmin><ymin>404</ymin><xmax>800</xmax><ymax>396</ymax></bndbox></object><object><name>proposal</name><bndbox><xmin>132</xmin><ymin>247</ymin><xmax>110</xmax><ymax>46</ymax></bndbox></object><object><name>proposal</name><bndbox><xmin>0</xmin><ymin>213</ymin><xmax>346</xmax><ymax>333</ymax></bndbox></object><object><name>proposal</name><bndbox><xmin>725</xmin><ymin>86</ymin><xmax>75</xmax><ymax>92</ymax></bndbox></object><object><name>proposal</name><bndbox><xmin>0</xmin><ymin>242</ymin><xmax>322</xmax><ymax>558</ymax></bndbox></object><object><name>proposal</name><bndbox><xmin>0</xmin><ymin>396</ymin><xmax>800</xmax><ymax>404</ymax></bndbox></object><object><name>proposal</name><bndbox><xmin>251</xmin><ymin>289</ymin><xmax>368</xmax><ymax>357</ymax></bndbox></object><object><name>proposal</name><bndbox><xmin>0</xmin><ymin>209</ymin><xmax>348</xmax><ymax>326</ymax></bndbox></object><object><name>proposal</name><bndbox><xmin>42</xmin><ymin>71</ymin><xmax>758</xmax><ymax>365</ymax></bndbox></object><object><name>proposal</name><bndbox><xmin>174</xmin><ymin>375</ymin><xmax>573</xmax><ymax>210</ymax></bndbox></object><object><name>proposal</name><bndbox><xmin>639</xmin><ymin>108</ymin><xmax>90</xmax><ymax>89</ymax></bndbox></object><object><name>proposal</name><bndbox><xmin>439</xmin><ymin>184</ymin><xmax>361</xmax><ymax>378</ymax></bndbox></object><object><name>proposal</name><bndbox><xmin>0</xmin><ymin>186</ymin><xmax>800</xmax><ymax>614</ymax></bndbox></object><object><name>proposal</name><bndbox><xmin>409</xmin><ymin>165</ymin><xmax>391</xmax><ymax>395</ymax></bndbox></object><object><name>proposal</name><bndbox><xmin>234</xmin><ymin>179</ymin><xmax>566</xmax><ymax>412</ymax></bndbox></object><object><name>proposal</name><bndbox><xmin>0</xmin><ymin>351</ymin><xmax>800</xmax><ymax>449</ymax></bndbox></object><object><name>proposal</name><bndbox><xmin>236</xmin><ymin>184</ymin><xmax>79</xmax><ymax>104</ymax></bndbox></object><object><name>proposal</name><bndbox><xmin>0</xmin><ymin>259</ymin><xmax>253</xmax><ymax>393</ymax></bndbox></object><object><name>proposal</name><bndbox><xmin>0</xmin><ymin>72</ymin><xmax>800</xmax><ymax>637</ymax></bndbox></object><object><name>proposal</name><bndbox><xmin>0</xmin><ymin>259</ymin><xmax>341</xmax><ymax>367</ymax></bndbox></object><object><name>proposal</name><bndbox><xmin>193</xmin><ymin>259</ymin><xmax>113</xmax><ymax>81</ymax></bndbox></object><object><name>proposal</name><bndbox><xmin>629</xmin><ymin>23</ymin><xmax>171</xmax><ymax>195</ymax></bndbox></object><object><name>proposal</name><bndbox><xmin>219</xmin><ymin>225</ymin><xmax>92</xmax><ymax>67</ymax></bndbox></object><object><name>proposal</name><bndbox><xmin>141</xmin><ymin>238</ymin><xmax>86</xmax><ymax>42</ymax></bndbox></object><object><name>proposal</name><bndbox><xmin>0</xmin><ymin>106</ymin><xmax>800</xmax><ymax>694</ymax></bndbox></object><object><name>proposal</name><bndbox><xmin>181</xmin><ymin>260</ymin><xmax>109</xmax><ymax>91</ymax></bndbox></object><object><name>proposal</name><bndbox><xmin>141</xmin><ymin>213</ymin><xmax>171</xmax><ymax>77</ymax></bndbox></object><object><name>proposal</name><bndbox><xmin>504</xmin><ymin>84</ymin><xmax>209</xmax><ymax>104</ymax></bndbox></object><object><name>proposal</name><bndbox><xmin>0</xmin><ymin>105</ymin><xmax>300</xmax><ymax>191</ymax></bndbox></object><object><name>proposal</name><bndbox><xmin>193</xmin><ymin>209</ymin><xmax>127</xmax><ymax>164</ymax></bndbox></object><object><name>proposal</name><bndbox><xmin>250</xmin><ymin>188</ymin><xmax>65</xmax><ymax>93</ymax></bndbox></object><object><name>proposal</name><bndbox><xmin>148</xmin><ymin>243</ymin><xmax>98</xmax><ymax>47</ymax></bndbox></object><object><name>proposal</name><bndbox><xmin>175</xmin><ymin>238</ymin><xmax>70</xmax><ymax>42</ymax></bndbox></object><object><name>proposal</name><bndbox><xmin>161</xmin><ymin>211</ymin><xmax>107</xmax><ymax>81</ymax></bndbox></object><object><name>proposal</name><bndbox><xmin>0</xmin><ymin>474</ymin><xmax>800</xmax><ymax>326</ymax></bndbox></object><object><name>proposal</name><bndbox><xmin>489</xmin><ymin>70</ymin><xmax>275</xmax><ymax>109</ymax></bndbox></object><object><name>proposal</name><bndbox><xmin>0</xmin><ymin>234</ymin><xmax>800</xmax><ymax>566</ymax></bndbox></object><object><name>proposal</name><bndbox><xmin>0</xmin><ymin>186</ymin><xmax>320</xmax><ymax>412</ymax></bndbox></object><object><name>proposal</name><bndbox><xmin>265</xmin><ymin>23</ymin><xmax>535</xmax><ymax>524</ymax></bndbox></object><object><name>proposal</name><bndbox><xmin>0</xmin><ymin>259</ymin><xmax>327</xmax><ymax>468</ymax></bndbox></object><object><name>proposal</name><bndbox><xmin>125</xmin><ymin>333</ymin><xmax>477</xmax><ymax>236</ymax></bndbox></object><object><name>proposal</name><bndbox><xmin>0</xmin><ymin>0</ymin><xmax>800</xmax><ymax>626</ymax></bndbox></object><object><name>proposal</name><bndbox><xmin>181</xmin><ymin>256</ymin><xmax>123</xmax><ymax>99</ymax></bndbox></object><object><name>proposal</name><bndbox><xmin>618</xmin><ymin>162</ymin><xmax>157</xmax><ymax>192</ymax></bndbox></object><object><name>proposal</name><bndbox><xmin>207</xmin><ymin>232</ymin><xmax>48</xmax><ymax>63</ymax></bndbox></object><object><name>proposal</name><bndbox><xmin>253</xmin><ymin>351</ymin><xmax>547</xmax><ymax>350</ymax></bndbox></object><object><name>proposal</name><bndbox><xmin>65</xmin><ymin>128</ymin><xmax>714</xmax><ymax>276</ymax></bndbox></object><object><name>proposal</name><bndbox><xmin>151</xmin><ymin>184</ymin><xmax>164</xmax><ymax>167</ymax></bndbox></object><object><name>proposal</name><bndbox><xmin>693</xmin><ymin>23</ymin><xmax>107</xmax><ymax>204</ymax></bndbox></object><object><name>proposal</name><bndbox><xmin>623</xmin><ymin>108</ymin><xmax>106</xmax><ymax>90</ymax></bndbox></object><object><name>proposal</name><bndbox><xmin>141</xmin><ymin>236</ymin><xmax>106</xmax><ymax>54</ymax></bndbox></object><object><name>proposal</name><bndbox><xmin>0</xmin><ymin>225</ymin><xmax>602</xmax><ymax>529</ymax></bndbox></object><object><name>proposal</name><bndbox><xmin>0</xmin><ymin>0</ymin><xmax>369</xmax><ymax>800</ymax></bndbox></object><object><name>proposal</name><bndbox><xmin>0</xmin><ymin>188</ymin><xmax>800</xmax><ymax>612</ymax></bndbox></object><object><name>proposal</name><bndbox><xmin>603</xmin><ymin>108</ymin><xmax>108</xmax><ymax>71</ymax></bndbox></object><object><name>proposal</name><bndbox><xmin>707</xmin><ymin>86</ymin><xmax>93</xmax><ymax>93</ymax></bndbox></object><object><name>proposal</name><bndbox><xmin>0</xmin><ymin>0</ymin><xmax>800</xmax><ymax>438</ymax></bndbox></object><object><name>proposal</name><bndbox><xmin>0</xmin><ymin>225</ymin><xmax>311</xmax><ymax>141</ymax></bndbox></object><object><name>proposal</name><bndbox><xmin>132</xmin><ymin>237</ymin><xmax>73</xmax><ymax>56</ymax></bndbox></object><object><name>proposal</name><bndbox><xmin>631</xmin><ymin>87</ymin><xmax>169</xmax><ymax>141</ymax></bndbox></object><object><name>proposal</name><bndbox><xmin>639</xmin><ymin>109</ymin><xmax>161</xmax><ymax>112</ymax></bndbox></object><object><name>proposal</name><bndbox><xmin>274</xmin><ymin>365</ymin><xmax>526</xmax><ymax>228</ymax></bndbox></object><object><name>proposal</name><bndbox><xmin>62</xmin><ymin>70</ymin><xmax>738</xmax><ymax>478</ymax></bndbox></object><object><name>proposal</name><bndbox><xmin>135</xmin><ymin>0</ymin><xmax>665</xmax><ymax>430</ymax></bndbox></object><object><name>proposal</name><bndbox><xmin>304</xmin><ymin>393</ymin><xmax>496</xmax><ymax>407</ymax></bndbox></object><object><name>proposal</name><bndbox><xmin>395</xmin><ymin>0</ymin><xmax>405</xmax><ymax>182</ymax></bndbox></object><object><name>proposal</name><bndbox><xmin>700</xmin><ymin>143</ymin><xmax>100</xmax><ymax>94</ymax></bndbox></object><object><name>proposal</name><bndbox><xmin>121</xmin><ymin>474</ymin><xmax>340</xmax><ymax>280</ymax></bndbox></object><object><name>proposal</name><bndbox><xmin>419</xmin><ymin>23</ymin><xmax>381</xmax><ymax>214</ymax></bndbox></object><object><name>proposal</name><bndbox><xmin>0</xmin><ymin>206</ymin><xmax>800</xmax><ymax>594</ymax></bndbox></object><object><name>proposal</name><bndbox><xmin>604</xmin><ymin>0</ymin><xmax>196</xmax><ymax>198</ymax></bndbox></object><object><name>proposal</name><bndbox><xmin>174</xmin><ymin>369</ymin><xmax>539</xmax><ymax>211</ymax></bndbox></object><object><name>proposal</name><bndbox><xmin>213</xmin><ymin>197</ymin><xmax>86</xmax><ymax>72</ymax></bndbox></object><object><name>proposal</name><bndbox><xmin>0</xmin><ymin>0</ymin><xmax>800</xmax><ymax>754</ymax></bndbox></object><object><name>proposal</name><bndbox><xmin>161</xmin><ymin>211</ymin><xmax>62</xmax><ymax>60</ymax></bndbox></object><object><name>proposal</name><bndbox><xmin>392</xmin><ymin>372</ymin><xmax>408</xmax><ymax>269</ymax></bndbox></object><object><name>proposal</name><bndbox><xmin>0</xmin><ymin>259</ymin><xmax>386</xmax><ymax>322</ymax></bndbox></object><object><name>proposal</name><bndbox><xmin>308</xmin><ymin>468</ymin><xmax>492</xmax><ymax>234</ymax></bndbox></object><object><name>proposal</name><bndbox><xmin>220</xmin><ymin>213</ymin><xmax>67</xmax><ymax>59</ymax></bndbox></object><object><name>proposal</name><bndbox><xmin>631</xmin><ymin>108</ymin><xmax>98</xmax><ymax>89</ymax></bndbox></object><object><name>proposal</name><bndbox><xmin>151</xmin><ymin>184</ymin><xmax>164</xmax><ymax>104</ymax></bndbox></object><object><name>proposal</name><bndbox><xmin>158</xmin><ymin>342</ymin><xmax>533</xmax><ymax>290</ymax></bndbox></object><object><name>proposal</name><bndbox><xmin>474</xmin><ymin>73</ymin><xmax>326</xmax><ymax>281</ymax></bndbox></object><object><name>proposal</name><bndbox><xmin>0</xmin><ymin>330</ymin><xmax>245</xmax><ymax>428</ymax></bndbox></object><object><name>proposal</name><bndbox><xmin>0</xmin><ymin>432</ymin><xmax>369</xmax><ymax>368</ymax></bndbox></object><object><name>proposal</name><bndbox><xmin>0</xmin><ymin>401</ymin><xmax>299</xmax><ymax>399</ymax></bndbox></object><object><name>proposal</name><bndbox><xmin>43</xmin><ymin>342</ymin><xmax>394</xmax><ymax>458</ymax></bndbox></object><object><name>proposal</name><bndbox><xmin>231</xmin><ymin>223</ymin><xmax>84</xmax><ymax>65</ymax></bndbox></object><object><name>proposal</name><bndbox><xmin>151</xmin><ymin>211</ymin><xmax>94</xmax><ymax>43</ymax></bndbox></object><object><name>proposal</name><bndbox><xmin>210</xmin><ymin>534</ymin><xmax>590</xmax><ymax>266</ymax></bndbox></object><object><name>proposal</name><bndbox><xmin>132</xmin><ymin>219</ymin><xmax>136</xmax><ymax>74</ymax></bndbox></object><object><name>proposal</name><bndbox><xmin>671</xmin><ymin>148</ymin><xmax>76</xmax><ymax>91</ymax></bndbox></object><object><name>proposal</name><bndbox><xmin>198</xmin><ymin>494</ymin><xmax>319</xmax><ymax>306</ymax></bndbox></object><object><name>proposal</name><bndbox><xmin>302</xmin><ymin>289</ymin><xmax>498</xmax><ymax>383</ymax></bndbox></object><object><name>proposal</name><bndbox><xmin>0</xmin><ymin>486</ymin><xmax>800</xmax><ymax>314</ymax></bndbox></object><object><name>proposal</name><bndbox><xmin>167</xmin><ymin>219</ymin><xmax>78</xmax><ymax>61</ymax></bndbox></object><object><name>proposal</name><bndbox><xmin>135</xmin><ymin>246</ymin><xmax>84</xmax><ymax>93</ymax></bndbox></object><object><name>proposal</name><bndbox><xmin>0</xmin><ymin>23</ymin><xmax>800</xmax><ymax>499</ymax></bndbox></object><object><name>proposal</name><bndbox><xmin>300</xmin><ymin>298</ymin><xmax>500</xmax><ymax>502</ymax></bndbox></object><object><name>proposal</name><bndbox><xmin>42</xmin><ymin>298</ymin><xmax>426</xmax><ymax>232</ymax></bndbox></object><object><name>proposal</name><bndbox><xmin>0</xmin><ymin>450</ymin><xmax>369</xmax><ymax>350</ymax></bndbox></object><object><name>proposal</name><bndbox><xmin>725</xmin><ymin>85</ymin><xmax>75</xmax><ymax>95</ymax></bndbox></object><object><name>proposal</name><bndbox><xmin>423</xmin><ymin>23</ymin><xmax>377</xmax><ymax>281</ymax></bndbox></object><object><name>proposal</name><bndbox><xmin>253</xmin><ymin>406</ymin><xmax>547</xmax><ymax>339</ymax></bndbox></object><object><name>proposal</name><bndbox><xmin>0</xmin><ymin>395</ymin><xmax>392</xmax><ymax>405</ymax></bndbox></object><object><name>proposal</name><bndbox><xmin>0</xmin><ymin>179</ymin><xmax>800</xmax><ymax>560</ymax></bndbox></object><object><name>proposal</name><bndbox><xmin>0</xmin><ymin>183</ymin><xmax>800</xmax><ymax>571</ymax></bndbox></object><object><name>proposal</name><bndbox><xmin>434</xmin><ymin>179</ymin><xmax>366</xmax><ymax>453</ymax></bndbox></object><object><name>proposal</name><bndbox><xmin>280</xmin><ymin>374</ymin><xmax>338</xmax><ymax>272</ymax></bndbox></object><object><name>proposal</name><bndbox><xmin>336</xmin><ymin>350</ymin><xmax>411</xmax><ymax>390</ymax></bndbox></object><object><name>proposal</name><bndbox><xmin>708</xmin><ymin>130</ymin><xmax>92</xmax><ymax>94</ymax></bndbox></object><object><name>proposal</name><bndbox><xmin>0</xmin><ymin>343</ymin><xmax>369</xmax><ymax>457</ymax></bndbox></object><object><name>proposal</name><bndbox><xmin>169</xmin><ymin>376</ymin><xmax>631</xmax><ymax>424</ymax></bndbox></object><object><name>proposal</name><bndbox><xmin>517</xmin><ymin>84</ymin><xmax>283</xmax><ymax>284</ymax></bndbox></object><object><name>proposal</name><bndbox><xmin>155</xmin><ymin>213</ymin><xmax>156</xmax><ymax>97</ymax></bndbox></object><object><name>proposal</name><bndbox><xmin>692</xmin><ymin>23</ymin><xmax>108</xmax><ymax>207</ymax></bndbox></object><object><name>proposal</name><bndbox><xmin>152</xmin><ymin>85</ymin><xmax>282</xmax><ymax>214</ymax></bndbox></object><object><name>proposal</name><bndbox><xmin>668</xmin><ymin>111</ymin><xmax>80</xmax><ymax>93</ymax></bndbox></object><object><name>proposal</name><bndbox><xmin>147</xmin><ymin>197</ymin><xmax>161</xmax><ymax>262</ymax></bndbox></object><object><name>proposal</name><bndbox><xmin>174</xmin><ymin>232</ymin><xmax>81</xmax><ymax>60</ymax></bndbox></object><object><name>proposal</name><bndbox><xmin>155</xmin><ymin>184</ymin><xmax>132</xmax><ymax>105</ymax></bndbox></object><object><name>proposal</name><bndbox><xmin>181</xmin><ymin>255</ymin><xmax>114</xmax><ymax>99</ymax></bndbox></object><object><name>proposal</name><bndbox><xmin>625</xmin><ymin>109</ymin><xmax>175</xmax><ymax>115</ymax></bndbox></object><object><name>proposal</name><bndbox><xmin>174</xmin><ymin>419</ymin><xmax>554</xmax><ymax>257</ymax></bndbox></object><object><name>proposal</name><bndbox><xmin>188</xmin><ymin>352</ymin><xmax>592</xmax><ymax>388</ymax></bndbox></object><object><name>proposal</name><bndbox><xmin>0</xmin><ymin>350</ymin><xmax>800</xmax><ymax>450</ymax></bndbox></object><object><name>proposal</name><bndbox><xmin>61</xmin><ymin>188</ymin><xmax>254</xmax><ymax>180</ymax></bndbox></object><object><name>proposal</name><bndbox><xmin>0</xmin><ymin>213</ymin><xmax>312</xmax><ymax>133</ymax></bndbox></object><object><name>proposal</name><bndbox><xmin>603</xmin><ymin>106</ymin><xmax>130</xmax><ymax>73</ymax></bndbox></object><object><name>proposal</name><bndbox><xmin>0</xmin><ymin>234</ymin><xmax>327</xmax><ymax>493</ymax></bndbox></object><object><name>proposal</name><bndbox><xmin>524</xmin><ymin>206</ymin><xmax>276</xmax><ymax>502</ymax></bndbox></object><object><name>proposal</name><bndbox><xmin>0</xmin><ymin>0</ymin><xmax>800</xmax><ymax>709</ymax></bndbox></object><object><name>proposal</name><bndbox><xmin>706</xmin><ymin>112</ymin><xmax>94</xmax><ymax>106</ymax></bndbox></object><object><name>proposal</name><bndbox><xmin>395</xmin><ymin>0</ymin><xmax>405</xmax><ymax>202</ymax></bndbox></object><object><name>proposal</name><bndbox><xmin>148</xmin><ymin>226</ymin><xmax>163</xmax><ymax>66</ymax></bndbox></object><object><name>proposal</name><bndbox><xmin>173</xmin><ymin>365</ymin><xmax>627</xmax><ymax>232</ymax></bndbox></object><object><name>proposal</name><bndbox><xmin>0</xmin><ymin>213</ymin><xmax>800</xmax><ymax>455</ymax></bndbox></object><object><name>proposal</name><bndbox><xmin>627</xmin><ymin>162</ymin><xmax>173</xmax><ymax>192</ymax></bndbox></object><object><name>proposal</name><bndbox><xmin>118</xmin><ymin>185</ymin><xmax>117</xmax><ymax>86</ymax></bndbox></object><object><name>proposal</name><bndbox><xmin>174</xmin><ymin>165</ymin><xmax>626</xmax><ymax>419</ymax></bndbox></object><object><name>proposal</name><bndbox><xmin>645</xmin><ymin>23</ymin><xmax>155</xmax><ymax>214</ymax></bndbox></object><object><name>proposal</name><bndbox><xmin>725</xmin><ymin>74</ymin><xmax>75</xmax><ymax>144</ymax></bndbox></object><object><name>proposal</name><bndbox><xmin>618</xmin><ymin>73</ymin><xmax>182</xmax><ymax>281</ymax></bndbox></object><object><name>proposal</name><bndbox><xmin>113</xmin><ymin>0</ymin><xmax>687</xmax><ymax>800</ymax></bndbox></object><object><name>proposal</name><bndbox><xmin>231</xmin><ymin>213</ymin><xmax>80</xmax><ymax>64</ymax></bndbox></object><object><name>proposal</name><bndbox><xmin>625</xmin><ymin>81</ymin><xmax>175</xmax><ymax>158</ymax></bndbox></object><object><name>proposal</name><bndbox><xmin>113</xmin><ymin>0</ymin><xmax>687</xmax><ymax>546</ymax></bndbox></object><object><name>proposal</name><bndbox><xmin>219</xmin><ymin>225</ymin><xmax>92</xmax><ymax>49</ymax></bndbox></object><object><name>proposal</name><bndbox><xmin>683</xmin><ymin>23</ymin><xmax>117</xmax><ymax>195</ymax></bndbox></object><object><name>proposal</name><bndbox><xmin>188</xmin><ymin>352</ymin><xmax>612</xmax><ymax>393</ymax></bndbox></object><object><name>proposal</name><bndbox><xmin>325</xmin><ymin>298</ymin><xmax>475</xmax><ymax>484</ymax></bndbox></object><object><name>proposal</name><bndbox><xmin>147</xmin><ymin>225</ymin><xmax>164</xmax><ymax>128</ymax></bndbox></object><object><name>proposal</name><bndbox><xmin>625</xmin><ymin>23</ymin><xmax>175</xmax><ymax>281</ymax></bndbox></object><object><name>proposal</name><bndbox><xmin>0</xmin><ymin>385</ymin><xmax>448</xmax><ymax>415</ymax></bndbox></object><object><name>proposal</name><bndbox><xmin>174</xmin><ymin>350</ymin><xmax>626</xmax><ymax>229</ymax></bndbox></object><object><name>proposal</name><bndbox><xmin>141</xmin><ymin>238</ymin><xmax>104</xmax><ymax>42</ymax></bndbox></object><object><name>proposal</name><bndbox><xmin>62</xmin><ymin>186</ymin><xmax>264</xmax><ymax>160</ymax></bndbox></object><object><name>proposal</name><bndbox><xmin>174</xmin><ymin>369</ymin><xmax>626</xmax><ymax>334</ymax></bndbox></object><object><name>proposal</name><bndbox><xmin>0</xmin><ymin>225</ymin><xmax>341</xmax><ymax>354</ymax></bndbox></object><object><name>proposal</name><bndbox><xmin>195</xmin><ymin>473</ymin><xmax>605</xmax><ymax>279</ymax></bndbox></object><object><name>proposal</name><bndbox><xmin>0</xmin><ymin>396</ymin><xmax>605</xmax><ymax>404</ymax></bndbox></object><object><name>proposal</name><bndbox><xmin>0</xmin><ymin>106</ymin><xmax>618</xmax><ymax>520</ymax></bndbox></object><object><name>proposal</name><bndbox><xmin>219</xmin><ymin>200</ymin><xmax>92</xmax><ymax>92</ymax></bndbox></object><object><name>proposal</name><bndbox><xmin>652</xmin><ymin>108</ymin><xmax>105</xmax><ymax>117</ymax></bndbox></object><object><name>proposal</name><bndbox><xmin>155</xmin><ymin>184</ymin><xmax>156</xmax><ymax>126</ymax></bndbox></object><object><name>proposal</name><bndbox><xmin>700</xmin><ymin>73</ymin><xmax>100</xmax><ymax>189</ymax></bndbox></object><object><name>proposal</name><bndbox><xmin>481</xmin><ymin>83</ymin><xmax>267</xmax><ymax>178</ymax></bndbox></object><object><name>proposal</name><bndbox><xmin>300</xmin><ymin>405</ymin><xmax>500</xmax><ymax>334</ymax></bndbox></object><object><name>proposal</name><bndbox><xmin>0</xmin><ymin>469</ymin><xmax>800</xmax><ymax>331</ymax></bndbox></object><object><name>proposal</name><bndbox><xmin>255</xmin><ymin>209</ymin><xmax>57</xmax><ymax>65</ymax></bndbox></object><object><name>proposal</name><bndbox><xmin>296</xmin><ymin>289</ymin><xmax>324</xmax><ymax>363</ymax></bndbox></object><object><name>proposal</name><bndbox><xmin>453</xmin><ymin>330</ymin><xmax>347</xmax><ymax>302</ymax></bndbox></object><object><name>proposal</name><bndbox><xmin>328</xmin><ymin>286</ymin><xmax>472</xmax><ymax>260</ymax></bndbox></object><object><name>proposal</name><bndbox><xmin>151</xmin><ymin>219</ymin><xmax>94</xmax><ymax>61</ymax></bndbox></object><object><name>proposal</name><bndbox><xmin>148</xmin><ymin>237</ymin><xmax>95</xmax><ymax>55</ymax></bndbox></object><object><name>proposal</name><bndbox><xmin>652</xmin><ymin>150</ymin><xmax>105</xmax><ymax>75</ymax></bndbox></object><object><name>proposal</name><bndbox><xmin>0</xmin><ymin>106</ymin><xmax>308</xmax><ymax>555</ymax></bndbox></object><object><name>proposal</name><bndbox><xmin>302</xmin><ymin>286</ymin><xmax>318</xmax><ymax>276</ymax></bndbox></object><object><name>proposal</name><bndbox><xmin>116</xmin><ymin>225</ymin><xmax>195</xmax><ymax>236</ymax></bndbox></object><object><name>proposal</name><bndbox><xmin>155</xmin><ymin>184</ymin><xmax>105</xmax><ymax>106</ymax></bndbox></object><object><name>proposal</name><bndbox><xmin>308</xmin><ymin>468</ymin><xmax>492</xmax><ymax>203</ymax></bndbox></object><object><name>proposal</name><bndbox><xmin>570</xmin><ymin>58</ymin><xmax>190</xmax><ymax>105</ymax></bndbox></object><object><name>proposal</name><bndbox><xmin>648</xmin><ymin>0</ymin><xmax>152</xmax><ymax>262</ymax></bndbox></object><object><name>proposal</name><bndbox><xmin>236</xmin><ymin>434</ymin><xmax>564</xmax><ymax>306</ymax></bndbox></object><object><name>proposal</name><bndbox><xmin>0</xmin><ymin>243</ymin><xmax>800</xmax><ymax>496</ymax></bndbox></object><object><name>proposal</name><bndbox><xmin>148</xmin><ymin>200</ymin><xmax>163</xmax><ymax>155</ymax></bndbox></object><object><name>proposal</name><bndbox><xmin>517</xmin><ymin>23</ymin><xmax>283</xmax><ymax>345</ymax></bndbox></object><object><name>proposal</name><bndbox><xmin>179</xmin><ymin>186</ymin><xmax>128</xmax><ymax>108</ymax></bndbox></object><object><name>proposal</name><bndbox><xmin>174</xmin><ymin>375</ymin><xmax>592</xmax><ymax>217</ymax></bndbox></object><object><name>proposal</name><bndbox><xmin>211</xmin><ymin>23</ymin><xmax>589</xmax><ymax>731</ymax></bndbox></object><object><name>proposal</name><bndbox><xmin>155</xmin><ymin>237</ymin><xmax>68</xmax><ymax>52</ymax></bndbox></object><object><name>proposal</name><bndbox><xmin>524</xmin><ymin>365</ymin><xmax>276</xmax><ymax>343</ymax></bndbox></object><object><name>proposal</name><bndbox><xmin>174</xmin><ymin>393</ymin><xmax>592</xmax><ymax>183</ymax></bndbox></object><object><name>proposal</name><bndbox><xmin>636</xmin><ymin>108</ymin><xmax>164</xmax><ymax>191</ymax></bndbox></object><object><name>proposal</name><bndbox><xmin>645</xmin><ymin>23</ymin><xmax>155</xmax><ymax>195</ymax></bndbox></object><object><name>proposal</name><bndbox><xmin>307</xmin><ymin>466</ymin><xmax>493</xmax><ymax>235</ymax></bndbox></object><object><name>proposal</name><bndbox><xmin>0</xmin><ymin>225</ymin><xmax>469</xmax><ymax>354</ymax></bndbox></object><object><name>proposal</name><bndbox><xmin>0</xmin><ymin>106</ymin><xmax>327</xmax><ymax>694</ymax></bndbox></object><object><name>proposal</name><bndbox><xmin>147</xmin><ymin>197</ymin><xmax>161</xmax><ymax>95</ymax></bndbox></object><object><name>proposal</name><bndbox><xmin>0</xmin><ymin>480</ymin><xmax>800</xmax><ymax>320</ymax></bndbox></object><object><name>proposal</name><bndbox><xmin>0</xmin><ymin>206</ymin><xmax>800</xmax><ymax>521</ymax></bndbox></object><object><name>proposal</name><bndbox><xmin>0</xmin><ymin>184</ymin><xmax>412</xmax><ymax>301</ymax></bndbox></object><object><name>proposal</name><bndbox><xmin>0</xmin><ymin>225</ymin><xmax>311</xmax><ymax>163</ymax></bndbox></object><object><name>proposal</name><bndbox><xmin>652</xmin><ymin>143</ymin><xmax>148</xmax><ymax>94</ymax></bndbox></object><object><name>proposal</name><bndbox><xmin>693</xmin><ymin>23</ymin><xmax>107</xmax><ymax>139</ymax></bndbox></object><object><name>proposal</name><bndbox><xmin>0</xmin><ymin>225</ymin><xmax>311</xmax><ymax>161</ymax></bndbox></object><object><name>proposal</name><bndbox><xmin>0</xmin><ymin>405</ymin><xmax>800</xmax><ymax>395</ymax></bndbox></object><object><name>proposal</name><bndbox><xmin>0</xmin><ymin>106</ymin><xmax>323</xmax><ymax>555</ymax></bndbox></object><object><name>proposal</name><bndbox><xmin>148</xmin><ymin>197</ymin><xmax>163</xmax><ymax>157</ymax></bndbox></object><object><name>proposal</name><bndbox><xmin>253</xmin><ymin>365</ymin><xmax>547</xmax><ymax>195</ymax></bndbox></object><object><name>proposal</name><bndbox><xmin>727</xmin><ymin>73</ymin><xmax>73</xmax><ymax>106</ymax></bndbox></object><object><name>proposal</name><bndbox><xmin>0</xmin><ymin>225</ymin><xmax>800</xmax><ymax>575</ymax></bndbox></object><object><name>proposal</name><bndbox><xmin>254</xmin><ymin>406</ymin><xmax>526</xmax><ymax>334</ymax></bndbox></object><object><name>proposal</name><bndbox><xmin>163</xmin><ymin>242</ymin><xmax>77</xmax><ymax>48</ymax></bndbox></object><object><name>proposal</name><bndbox><xmin>0</xmin><ymin>234</ymin><xmax>431</xmax><ymax>345</ymax></bndbox></object><object><name>proposal</name><bndbox><xmin>732</xmin><ymin>73</ymin><xmax>68</xmax><ymax>106</ymax></bndbox></object><object><name>proposal</name><bndbox><xmin>256</xmin><ymin>227</ymin><xmax>59</xmax><ymax>47</ymax></bndbox></object><object><name>proposal</name><bndbox><xmin>265</xmin><ymin>128</ymin><xmax>535</xmax><ymax>419</ymax></bndbox></object><object><name>proposal</name><bndbox><xmin>292</xmin><ymin>304</ymin><xmax>508</xmax><ymax>272</ymax></bndbox></object><object><name>proposal</name><bndbox><xmin>181</xmin><ymin>237</ymin><xmax>87</xmax><ymax>55</ymax></bndbox></object><object><name>proposal</name><bndbox><xmin>148</xmin><ymin>197</ymin><xmax>163</xmax><ymax>95</ymax></bndbox></object><object><name>proposal</name><bndbox><xmin>0</xmin><ymin>193</ymin><xmax>311</xmax><ymax>149</ymax></bndbox></object><object><name>proposal</name><bndbox><xmin>236</xmin><ymin>455</ymin><xmax>508</xmax><ymax>285</ymax></bndbox></object><object><name>proposal</name><bndbox><xmin>434</xmin><ymin>528</ymin><xmax>366</xmax><ymax>272</ymax></bndbox></object><object><name>proposal</name><bndbox><xmin>224</xmin><ymin>394</ymin><xmax>291</xmax><ymax>406</ymax></bndbox></object><object><name>proposal</name><bndbox><xmin>140</xmin><ymin>184</ymin><xmax>175</xmax><ymax>182</ymax></bndbox></object><object><name>proposal</name><bndbox><xmin>676</xmin><ymin>73</ymin><xmax>124</xmax><ymax>106</ymax></bndbox></object><object><name>proposal</name><bndbox><xmin>689</xmin><ymin>23</ymin><xmax>111</xmax><ymax>195</ymax></bndbox></object><object><name>proposal</name><bndbox><xmin>65</xmin><ymin>249</ymin><xmax>231</xmax><ymax>104</ymax></bndbox></object><object><name>proposal</name><bndbox><xmin>578</xmin><ymin>23</ymin><xmax>222</xmax><ymax>214</ymax></bndbox></object><object><name>proposal</name><bndbox><xmin>304</xmin><ymin>557</ymin><xmax>496</xmax><ymax>243</ymax></bndbox></object><object><name>proposal</name><bndbox><xmin>302</xmin><ymin>473</ymin><xmax>498</xmax><ymax>199</ymax></bndbox></object><object><name>proposal</name><bndbox><xmin>253</xmin><ymin>365</ymin><xmax>547</xmax><ymax>306</ymax></bndbox></object><object><name>proposal</name><bndbox><xmin>0</xmin><ymin>315</ymin><xmax>290</xmax><ymax>352</ymax></bndbox></object><object><name>proposal</name><bndbox><xmin>169</xmin><ymin>396</ymin><xmax>611</xmax><ymax>344</ymax></bndbox></object><object><name>proposal</name><bndbox><xmin>231</xmin><ymin>184</ymin><xmax>84</xmax><ymax>104</ymax></bndbox></object><object><name>proposal</name><bndbox><xmin>152</xmin><ymin>213</ymin><xmax>118</xmax><ymax>76</ymax></bndbox></object><object><name>proposal</name><bndbox><xmin>434</xmin><ymin>179</ymin><xmax>366</xmax><ymax>362</ymax></bndbox></object><object><name>proposal</name><bndbox><xmin>152</xmin><ymin>213</ymin><xmax>106</xmax><ymax>66</ymax></bndbox></object><object><name>proposal</name><bndbox><xmin>132</xmin><ymin>209</ymin><xmax>188</xmax><ymax>164</ymax></bndbox></object><object><name>proposal</name><bndbox><xmin>147</xmin><ymin>223</ymin><xmax>161</xmax><ymax>69</ymax></bndbox></object><object><name>proposal</name><bndbox><xmin>307</xmin><ymin>466</ymin><xmax>493</xmax><ymax>224</ymax></bndbox></object><object><name>proposal</name><bndbox><xmin>231</xmin><ymin>223</ymin><xmax>77</xmax><ymax>51</ymax></bndbox></object><object><name>proposal</name><bndbox><xmin>211</xmin><ymin>585</ymin><xmax>589</xmax><ymax>186</ymax></bndbox></object><object><name>proposal</name><bndbox><xmin>681</xmin><ymin>128</ymin><xmax>119</xmax><ymax>100</ymax></bndbox></object><object><name>proposal</name><bndbox><xmin>549</xmin><ymin>393</ymin><xmax>251</xmax><ymax>407</ymax></bndbox></object><object><name>proposal</name><bndbox><xmin>465</xmin><ymin>289</ymin><xmax>335</xmax><ymax>511</ymax></bndbox></object><object><name>proposal</name><bndbox><xmin>0</xmin><ymin>394</ymin><xmax>800</xmax><ymax>406</ymax></bndbox></object><object><name>proposal</name><bndbox><xmin>263</xmin><ymin>611</ymin><xmax>537</xmax><ymax>189</ymax></bndbox></object><object><name>proposal</name><bndbox><xmin>148</xmin><ymin>200</ymin><xmax>168</xmax><ymax>188</ymax></bndbox></object><object><name>proposal</name><bndbox><xmin>639</xmin><ymin>85</ymin><xmax>161</xmax><ymax>139</ymax></bndbox></object><object><name>proposal</name><bndbox><xmin>152</xmin><ymin>211</ymin><xmax>57</xmax><ymax>80</ymax></bndbox></object><object><name>proposal</name><bndbox><xmin>707</xmin><ymin>105</ymin><xmax>93</xmax><ymax>74</ymax></bndbox></object><object><name>proposal</name><bndbox><xmin>259</xmin><ymin>286</ymin><xmax>343</xmax><ymax>373</ymax></bndbox></object><object><name>proposal</name><bndbox><xmin>169</xmin><ymin>352</ymin><xmax>631</xmax><ymax>448</ymax></bndbox></object><object><name>proposal</name><bndbox><xmin>689</xmin><ymin>74</ymin><xmax>111</xmax><ymax>144</ymax></bndbox></object><object><name>proposal</name><bndbox><xmin>259</xmin><ymin>311</ymin><xmax>454</xmax><ymax>249</ymax></bndbox></object><object><name>proposal</name><bndbox><xmin>0</xmin><ymin>236</ymin><xmax>290</xmax><ymax>431</ymax></bndbox></object><object><name>proposal</name><bndbox><xmin>0</xmin><ymin>71</ymin><xmax>800</xmax><ymax>364</ymax></bndbox></object><object><name>proposal</name><bndbox><xmin>158</xmin><ymin>286</ymin><xmax>642</xmax><ymax>514</ymax></bndbox></object><object><name>proposal</name><bndbox><xmin>701</xmin><ymin>23</ymin><xmax>99</xmax><ymax>195</ymax></bndbox></object><object><name>proposal</name><bndbox><xmin>627</xmin><ymin>23</ymin><xmax>173</xmax><ymax>275</ymax></bndbox></object><object><name>proposal</name><bndbox><xmin>608</xmin><ymin>70</ymin><xmax>173</xmax><ymax>109</ymax></bndbox></object><object><name>proposal</name><bndbox><xmin>147</xmin><ymin>237</ymin><xmax>80</xmax><ymax>53</ymax></bndbox></object><object><name>proposal</name><bndbox><xmin>180</xmin><ymin>254</ymin><xmax>126</xmax><ymax>130</ymax></bndbox></object><object><name>proposal</name><bndbox><xmin>416</xmin><ymin>68</ymin><xmax>345</xmax><ymax>146</ymax></bndbox></object><object><name>proposal</name><bndbox><xmin>157</xmin><ymin>357</ymin><xmax>443</xmax><ymax>210</ymax></bndbox></object><object><name>proposal</name><bndbox><xmin>317</xmin><ymin>286</ymin><xmax>254</xmax><ymax>351</ymax></bndbox></object><object><name>proposal</name><bndbox><xmin>0</xmin><ymin>501</ymin><xmax>508</xmax><ymax>299</ymax></bndbox></object><object><name>proposal</name><bndbox><xmin>447</xmin><ymin>165</ymin><xmax>353</xmax><ymax>376</ymax></bndbox></object><object><name>proposal</name><bndbox><xmin>570</xmin><ymin>23</ymin><xmax>230</xmax><ymax>140</ymax></bndbox></object><object><name>proposal</name><bndbox><xmin>208</xmin><ymin>226</ymin><xmax>79</xmax><ymax>43</ymax></bndbox></object><object><name>proposal</name><bndbox><xmin>223</xmin><ymin>600</ymin><xmax>577</xmax><ymax>200</ymax></bndbox></object><object><name>proposal</name><bndbox><xmin>625</xmin><ymin>23</ymin><xmax>175</xmax><ymax>275</ymax></bndbox></object><object><name>proposal</name><bndbox><xmin>233</xmin><ymin>200</ymin><xmax>78</xmax><ymax>92</ymax></bndbox></object><object><name>proposal</name><bndbox><xmin>0</xmin><ymin>0</ymin><xmax>764</xmax><ymax>510</ymax></bndbox></object><object><name>proposal</name><bndbox><xmin>474</xmin><ymin>183</ymin><xmax>326</xmax><ymax>368</ymax></bndbox></object><object><name>proposal</name><bndbox><xmin>677</xmin><ymin>67</ymin><xmax>95</xmax><ymax>65</ymax></bndbox></object><object><name>proposal</name><bndbox><xmin>300</xmin><ymin>298</ymin><xmax>500</xmax><ymax>283</ymax></bndbox></object><object><name>proposal</name><bndbox><xmin>259</xmin><ymin>183</ymin><xmax>541</xmax><ymax>569</ymax></bndbox></object><object><name>proposal</name><bndbox><xmin>438</xmin><ymin>179</ymin><xmax>362</xmax><ymax>367</ymax></bndbox></object><object><name>proposal</name><bndbox><xmin>627</xmin><ymin>162</ymin><xmax>148</xmax><ymax>192</ymax></bndbox></object><object><name>proposal</name><bndbox><xmin>0</xmin><ymin>0</ymin><xmax>322</xmax><ymax>800</ymax></bndbox></object><object><name>proposal</name><bndbox><xmin>174</xmin><ymin>375</ymin><xmax>573</xmax><ymax>217</ymax></bndbox></object><object><name>proposal</name><bndbox><xmin>65</xmin><ymin>213</ymin><xmax>247</xmax><ymax>140</ymax></bndbox></object><object><name>proposal</name><bndbox><xmin>306</xmin><ymin>405</ymin><xmax>494</xmax><ymax>334</ymax></bndbox></object><object><name>proposal</name><bndbox><xmin>0</xmin><ymin>385</ymin><xmax>448</xmax><ymax>294</ymax></bndbox></object><object><name>proposal</name><bndbox><xmin>0</xmin><ymin>184</ymin><xmax>311</xmax><ymax>202</ymax></bndbox></object><object><name>proposal</name><bndbox><xmin>622</xmin><ymin>77</ymin><xmax>178</xmax><ymax>151</ymax></bndbox></object><object><name>proposal</name><bndbox><xmin>333</xmin><ymin>289</ymin><xmax>467</xmax><ymax>258</ymax></bndbox></object><object><name>proposal</name><bndbox><xmin>625</xmin><ymin>67</ymin><xmax>147</xmax><ymax>51</ymax></bndbox></object><object><name>proposal</name><bndbox><xmin>578</xmin><ymin>97</ymin><xmax>144</xmax><ymax>68</ymax></bndbox></object><object><name>proposal</name><bndbox><xmin>140</xmin><ymin>253</ymin><xmax>97</xmax><ymax>51</ymax></bndbox></object><object><name>proposal</name><bndbox><xmin>147</xmin><ymin>237</ymin><xmax>58</xmax><ymax>55</ymax></bndbox></object><object><name>proposal</name><bndbox><xmin>181</xmin><ymin>255</ymin><xmax>125</xmax><ymax>99</ymax></bndbox></object><object><name>proposal</name><bndbox><xmin>174</xmin><ymin>375</ymin><xmax>626</xmax><ymax>217</ymax></bndbox></object><object><name>proposal</name><bndbox><xmin>622</xmin><ymin>77</ymin><xmax>171</xmax><ymax>99</ymax></bndbox></object><object><name>proposal</name><bndbox><xmin>148</xmin><ymin>232</ymin><xmax>113</xmax><ymax>60</ymax></bndbox></object><object><name>proposal</name><bndbox><xmin>0</xmin><ymin>209</ymin><xmax>800</xmax><ymax>591</ymax></bndbox></object><object><name>proposal</name><bndbox><xmin>0</xmin><ymin>501</ymin><xmax>800</xmax><ymax>299</ymax></bndbox></object><object><name>proposal</name><bndbox><xmin>0</xmin><ymin>0</ymin><xmax>320</xmax><ymax>598</ymax></bndbox></object><object><name>proposal</name><bndbox><xmin>701</xmin><ymin>81</ymin><xmax>99</xmax><ymax>137</ymax></bndbox></object><object><name>proposal</name><bndbox><xmin>219</xmin><ymin>197</ymin><xmax>86</xmax><ymax>65</ymax></bndbox></object><object><name>proposal</name><bndbox><xmin>435</xmin><ymin>183</ymin><xmax>365</xmax><ymax>358</ymax></bndbox></object><object><name>proposal</name><bndbox><xmin>627</xmin><ymin>108</ymin><xmax>86</xmax><ymax>71</ymax></bndbox></object><object><name>proposal</name><bndbox><xmin>0</xmin><ymin>259</ymin><xmax>800</xmax><ymax>541</ymax></bndbox></object><object><name>proposal</name><bndbox><xmin>608</xmin><ymin>70</ymin><xmax>156</xmax><ymax>109</ymax></bndbox></object><object><name>proposal</name><bndbox><xmin>256</xmin><ymin>223</ymin><xmax>59</xmax><ymax>51</ymax></bndbox></object><object><name>proposal</name><bndbox><xmin>683</xmin><ymin>74</ymin><xmax>117</xmax><ymax>144</ymax></bndbox></object><object><name>proposal</name><bndbox><xmin>155</xmin><ymin>250</ymin><xmax>69</xmax><ymax>39</ymax></bndbox></object><object><name>proposal</name><bndbox><xmin>174</xmin><ymin>375</ymin><xmax>592</xmax><ymax>201</ymax></bndbox></object><object><name>proposal</name><bndbox><xmin>0</xmin><ymin>262</ymin><xmax>326</xmax><ymax>538</ymax></bndbox></object><object><name>proposal</name><bndbox><xmin>213</xmin><ymin>223</ymin><xmax>95</xmax><ymax>69</ymax></bndbox></object><object><name>proposal</name><bndbox><xmin>259</xmin><ymin>383</ymin><xmax>541</xmax><ymax>369</ymax></bndbox></object><object><name>proposal</name><bndbox><xmin>237</xmin><ymin>456</ymin><xmax>563</xmax><ymax>267</ymax></bndbox></object><object><name>proposal</name><bndbox><xmin>578</xmin><ymin>97</ymin><xmax>144</xmax><ymax>82</ymax></bndbox></object><object><name>proposal</name><bndbox><xmin>65</xmin><ymin>254</ymin><xmax>241</xmax><ymax>101</ymax></bndbox></object><object><name>proposal</name><bndbox><xmin>388</xmin><ymin>544</ymin><xmax>412</xmax><ymax>256</ymax></bndbox></object><object><name>proposal</name><bndbox><xmin>0</xmin><ymin>474</ymin><xmax>299</xmax><ymax>326</ymax></bndbox></object><object><name>proposal</name><bndbox><xmin>140</xmin><ymin>184</ymin><xmax>175</xmax><ymax>120</ymax></bndbox></object><object><name>proposal</name><bndbox><xmin>603</xmin><ymin>108</ymin><xmax>130</xmax><ymax>71</ymax></bndbox></object><object><name>proposal</name><bndbox><xmin>207</xmin><ymin>260</ymin><xmax>88</xmax><ymax>62</ymax></bndbox></object><object><name>proposal</name><bndbox><xmin>265</xmin><ymin>128</ymin><xmax>535</xmax><ymax>544</ymax></bndbox></object><object><name>proposal</name><bndbox><xmin>625</xmin><ymin>87</ymin><xmax>175</xmax><ymax>134</ymax></bndbox></object><object><name>proposal</name><bndbox><xmin>487</xmin><ymin>268</ymin><xmax>313</xmax><ymax>375</ymax></bndbox></object><object><name>proposal</name><bndbox><xmin>0</xmin><ymin>470</ymin><xmax>526</xmax><ymax>330</ymax></bndbox></object><object><name>proposal</name><bndbox><xmin>661</xmin><ymin>148</ymin><xmax>139</xmax><ymax>156</ymax></bndbox></object><object><name>proposal</name><bndbox><xmin>225</xmin><ymin>610</ymin><xmax>575</xmax><ymax>190</ymax></bndbox></object><object><name>proposal</name><bndbox><xmin>604</xmin><ymin>0</ymin><xmax>196</xmax><ymax>262</ymax></bndbox></object><object><name>proposal</name><bndbox><xmin>263</xmin><ymin>477</ymin><xmax>537</xmax><ymax>323</ymax></bndbox></object><object><name>proposal</name><bndbox><xmin>652</xmin><ymin>108</ymin><xmax>148</xmax><ymax>191</ymax></bndbox></object><object><name>proposal</name><bndbox><xmin>595</xmin><ymin>87</ymin><xmax>121</xmax><ymax>92</ymax></bndbox></object><object><name>proposal</name><bndbox><xmin>633</xmin><ymin>70</ymin><xmax>131</xmax><ymax>45</ymax></bndbox></object><object><name>proposal</name><bndbox><xmin>419</xmin><ymin>68</ymin><xmax>342</xmax><ymax>145</ymax></bndbox></object><object><name>proposal</name><bndbox><xmin>693</xmin><ymin>74</ymin><xmax>107</xmax><ymax>156</ymax></bndbox></object><object><name>proposal</name><bndbox><xmin>326</xmin><ymin>352</ymin><xmax>474</xmax><ymax>388</ymax></bndbox></object><object><name>proposal</name><bndbox><xmin>0</xmin><ymin>259</ymin><xmax>341</xmax><ymax>313</ymax></bndbox></object><object><name>proposal</name><bndbox><xmin>724</xmin><ymin>23</ymin><xmax>76</xmax><ymax>292</ymax></bndbox></object><object><name>proposal</name><bndbox><xmin>661</xmin><ymin>23</ymin><xmax>139</xmax><ymax>214</ymax></bndbox></object><object><name>proposal</name><bndbox><xmin>0</xmin><ymin>184</ymin><xmax>800</xmax><ymax>616</ymax></bndbox></object><object><name>proposal</name><bndbox><xmin>434</xmin><ymin>477</ymin><xmax>366</xmax><ymax>323</ymax></bndbox></object><object><name>proposal</name><bndbox><xmin>0</xmin><ymin>279</ymin><xmax>254</xmax><ymax>465</ymax></bndbox></object><object><name>proposal</name><bndbox><xmin>0</xmin><ymin>258</ymin><xmax>575</xmax><ymax>496</ymax></bndbox></object><object><name>proposal</name><bndbox><xmin>329</xmin><ymin>423</ymin><xmax>471</xmax><ymax>348</ymax></bndbox></object><object><name>proposal</name><bndbox><xmin>148</xmin><ymin>197</ymin><xmax>157</xmax><ymax>83</ymax></bndbox></object><object><name>proposal</name><bndbox><xmin>0</xmin><ymin>106</ymin><xmax>348</xmax><ymax>429</ymax></bndbox></object><object><name>proposal</name><bndbox><xmin>154</xmin><ymin>241</ymin><xmax>70</xmax><ymax>52</ymax></bndbox></object><object><name>proposal</name><bndbox><xmin>42</xmin><ymin>141</ymin><xmax>735</xmax><ymax>261</ymax></bndbox></object><object><name>proposal</name><bndbox><xmin>100</xmin><ymin>186</ymin><xmax>142</xmax><ymax>135</ymax></bndbox></object><object><name>proposal</name><bndbox><xmin>0</xmin><ymin>225</ymin><xmax>800</xmax><ymax>372</ymax></bndbox></object><object><name>proposal</name><bndbox><xmin>0</xmin><ymin>432</ymin><xmax>291</xmax><ymax>368</ymax></bndbox></object><object><name>proposal</name><bndbox><xmin>661</xmin><ymin>23</ymin><xmax>139</xmax><ymax>281</ymax></bndbox></object><object><name>proposal</name><bndbox><xmin>625</xmin><ymin>83</ymin><xmax>123</xmax><ymax>121</ymax></bndbox></object><object><name>proposal</name><bndbox><xmin>42</xmin><ymin>74</ymin><xmax>758</xmax><ymax>332</ymax></bndbox></object><object><name>proposal</name><bndbox><xmin>0</xmin><ymin>259</ymin><xmax>341</xmax><ymax>312</ymax></bndbox></object><object><name>proposal</name><bndbox><xmin>148</xmin><ymin>197</ymin><xmax>157</xmax><ymax>95</ymax></bndbox></object><object><name>proposal</name><bndbox><xmin>263</xmin><ymin>599</ymin><xmax>537</xmax><ymax>201</ymax></bndbox></object><object><name>proposal</name><bndbox><xmin>632</xmin><ymin>109</ymin><xmax>96</xmax><ymax>89</ymax></bndbox></object><object><name>proposal</name><bndbox><xmin>623</xmin><ymin>108</ymin><xmax>111</xmax><ymax>117</ymax></bndbox></object><object><name>proposal</name><bndbox><xmin>240</xmin><ymin>223</ymin><xmax>68</xmax><ymax>51</ymax></bndbox></object><object><name>proposal</name><bndbox><xmin>193</xmin><ymin>262</ymin><xmax>113</xmax><ymax>78</ymax></bndbox></object><object><name>proposal</name><bndbox><xmin>671</xmin><ymin>148</ymin><xmax>129</xmax><ymax>91</ymax></bndbox></object><object><name>proposal</name><bndbox><xmin>42</xmin><ymin>132</ymin><xmax>735</xmax><ymax>270</ymax></bndbox></object><object><name>proposal</name><bndbox><xmin>597</xmin><ymin>80</ymin><xmax>192</xmax><ymax>145</ymax></bndbox></object><object><name>proposal</name><bndbox><xmin>29</xmin><ymin>186</ymin><xmax>291</xmax><ymax>187</ymax></bndbox></object><object><name>proposal</name><bndbox><xmin>636</xmin><ymin>108</ymin><xmax>92</xmax><ymax>67</ymax></bndbox></object><object><name>proposal</name><bndbox><xmin>0</xmin><ymin>183</ymin><xmax>800</xmax><ymax>617</ymax></bndbox></object><object><name>proposal</name><bndbox><xmin>208</xmin><ymin>213</ymin><xmax>104</xmax><ymax>56</ymax></bndbox></object><object><name>proposal</name><bndbox><xmin>0</xmin><ymin>234</ymin><xmax>800</xmax><ymax>318</ymax></bndbox></object><object><name>proposal</name><bndbox><xmin>629</xmin><ymin>87</ymin><xmax>171</xmax><ymax>134</ymax></bndbox></object><object><name>proposal</name><bndbox><xmin>517</xmin><ymin>84</ymin><xmax>196</xmax><ymax>96</ymax></bndbox></object><object><name>proposal</name><bndbox><xmin>0</xmin><ymin>213</ymin><xmax>406</xmax><ymax>587</ymax></bndbox></object><object><name>proposal</name><bndbox><xmin>173</xmin><ymin>304</ymin><xmax>389</xmax><ymax>298</ymax></bndbox></object><object><name>proposal</name><bndbox><xmin>157</xmin><ymin>342</ymin><xmax>443</xmax><ymax>225</ymax></bndbox></object><object><name>proposal</name><bndbox><xmin>100</xmin><ymin>186</ymin><xmax>124</xmax><ymax>135</ymax></bndbox></object><object><name>proposal</name><bndbox><xmin>62</xmin><ymin>110</ymin><xmax>237</xmax><ymax>232</ymax></bndbox></object><object><name>proposal</name><bndbox><xmin>0</xmin><ymin>74</ymin><xmax>800</xmax><ymax>332</ymax></bndbox></object><object><name>proposal</name><bndbox><xmin>0</xmin><ymin>240</ymin><xmax>468</xmax><ymax>341</ymax></bndbox></object><object><name>proposal</name><bndbox><xmin>416</xmin><ymin>23</ymin><xmax>384</xmax><ymax>206</ymax></bndbox></object><object><name>proposal</name><bndbox><xmin>302</xmin><ymin>309</ymin><xmax>498</xmax><ymax>363</ymax></bndbox></object><object><name>proposal</name><bndbox><xmin>0</xmin><ymin>403</ymin><xmax>289</xmax><ymax>397</ymax></bndbox></object><object><name>proposal</name><bndbox><xmin>382</xmin><ymin>23</ymin><xmax>418</xmax><ymax>192</ymax></bndbox></object><object><name>proposal</name><bndbox><xmin>625</xmin><ymin>83</ymin><xmax>88</xmax><ymax>99</ymax></bndbox></object><object><name>proposal</name><bndbox><xmin>65</xmin><ymin>227</ymin><xmax>238</xmax><ymax>126</ymax></bndbox></object><object><name>proposal</name><bndbox><xmin>263</xmin><ymin>608</ymin><xmax>537</xmax><ymax>192</ymax></bndbox></object><object><name>proposal</name><bndbox><xmin>603</xmin><ymin>108</ymin><xmax>114</xmax><ymax>71</ymax></bndbox></object><object><name>proposal</name><bndbox><xmin>481</xmin><ymin>80</ymin><xmax>291</xmax><ymax>61</ymax></bndbox></object><object><name>proposal</name><bndbox><xmin>122</xmin><ymin>352</ymin><xmax>678</xmax><ymax>388</ymax></bndbox></object><object><name>proposal</name><bndbox><xmin>0</xmin><ymin>352</ymin><xmax>800</xmax><ymax>448</ymax></bndbox></object><object><name>proposal</name><bndbox><xmin>140</xmin><ymin>238</ymin><xmax>105</xmax><ymax>66</ymax></bndbox></object><object><name>proposal</name><bndbox><xmin>304</xmin><ymin>395</ymin><xmax>393</xmax><ymax>405</ymax></bndbox></object><object><name>proposal</name><bndbox><xmin>149</xmin><ymin>243</ymin><xmax>87</xmax><ymax>49</ymax></bndbox></object><object><name>proposal</name><bndbox><xmin>0</xmin><ymin>0</ymin><xmax>800</xmax><ymax>560</ymax></bndbox></object><object><name>proposal</name><bndbox><xmin>434</xmin><ymin>269</ymin><xmax>366</xmax><ymax>272</ymax></bndbox></object><object><name>proposal</name><bndbox><xmin>260</xmin><ymin>570</ymin><xmax>540</xmax><ymax>230</ymax></bndbox></object><object><name>proposal</name><bndbox><xmin>62</xmin><ymin>106</ymin><xmax>246</xmax><ymax>249</ymax></bndbox></object><object><name>proposal</name><bndbox><xmin>300</xmin><ymin>405</ymin><xmax>413</xmax><ymax>232</ymax></bndbox></object><object><name>proposal</name><bndbox><xmin>57</xmin><ymin>152</ymin><xmax>198</xmax><ymax>169</ymax></bndbox></object><object><name>proposal</name><bndbox><xmin>259</xmin><ymin>183</ymin><xmax>541</xmax><ymax>368</ymax></bndbox></object><object><name>proposal</name><bndbox><xmin>0</xmin><ymin>501</ymin><xmax>369</xmax><ymax>299</ymax></bndbox></object><object><name>proposal</name><bndbox><xmin>661</xmin><ymin>111</ymin><xmax>139</xmax><ymax>193</ymax></bndbox></object><object><name>proposal</name><bndbox><xmin>0</xmin><ymin>385</ymin><xmax>448</xmax><ymax>374</ymax></bndbox></object><object><name>proposal</name><bndbox><xmin>265</xmin><ymin>70</ymin><xmax>535</xmax><ymax>562</ymax></bndbox></object><object><name>proposal</name><bndbox><xmin>0</xmin><ymin>213</ymin><xmax>346</xmax><ymax>587</ymax></bndbox></object><object><name>proposal</name><bndbox><xmin>169</xmin><ymin>376</ymin><xmax>631</xmax><ymax>364</ymax></bndbox></object><object><name>proposal</name><bndbox><xmin>320</xmin><ymin>413</ymin><xmax>480</xmax><ymax>259</ymax></bndbox></object><object><name>proposal</name><bndbox><xmin>608</xmin><ymin>67</ymin><xmax>164</xmax><ymax>103</ymax></bndbox></object><object><name>proposal</name><bndbox><xmin>363</xmin><ymin>306</ymin><xmax>437</xmax><ymax>245</ymax></bndbox></object><object><name>proposal</name><bndbox><xmin>423</xmin><ymin>23</ymin><xmax>377</xmax><ymax>275</ymax></bndbox></object><object><name>proposal</name><bndbox><xmin>692</xmin><ymin>23</ymin><xmax>108</xmax><ymax>204</ymax></bndbox></object><object><name>proposal</name><bndbox><xmin>0</xmin><ymin>259</ymin><xmax>386</xmax><ymax>333</ymax></bndbox></object><object><name>proposal</name><bndbox><xmin>296</xmin><ymin>402</ymin><xmax>395</xmax><ymax>230</ymax></bndbox></object><object><name>proposal</name><bndbox><xmin>0</xmin><ymin>0</ymin><xmax>800</xmax><ymax>408</ymax></bndbox></object><object><name>proposal</name><bndbox><xmin>0</xmin><ymin>225</ymin><xmax>409</xmax><ymax>529</ymax></bndbox></object><object><name>proposal</name><bndbox><xmin>578</xmin><ymin>68</ymin><xmax>183</xmax><ymax>111</ymax></bndbox></object><object><name>proposal</name><bndbox><xmin>0</xmin><ymin>0</ymin><xmax>800</xmax><ymax>436</ymax></bndbox></object><object><name>proposal</name><bndbox><xmin>0</xmin><ymin>343</ymin><xmax>800</xmax><ymax>457</ymax></bndbox></object><object><name>proposal</name><bndbox><xmin>474</xmin><ymin>183</ymin><xmax>326</xmax><ymax>358</ymax></bndbox></object><object><name>proposal</name><bndbox><xmin>0</xmin><ymin>470</ymin><xmax>800</xmax><ymax>330</ymax></bndbox></object><object><name>proposal</name><bndbox><xmin>188</xmin><ymin>403</ymin><xmax>612</xmax><ymax>342</ymax></bndbox></object><object><name>proposal</name><bndbox><xmin>0</xmin><ymin>0</ymin><xmax>800</xmax><ymax>584</ymax></bndbox></object><object><name>proposal</name><bndbox><xmin>163</xmin><ymin>213</ymin><xmax>148</xmax><ymax>97</ymax></bndbox></object><object><name>proposal</name><bndbox><xmin>0</xmin><ymin>169</ymin><xmax>339</xmax><ymax>412</ymax></bndbox></object><object><name>proposal</name><bndbox><xmin>661</xmin><ymin>148</ymin><xmax>139</xmax><ymax>110</ymax></bndbox></object><object><name>proposal</name><bndbox><xmin>597</xmin><ymin>80</ymin><xmax>192</xmax><ymax>81</ymax></bndbox></object><object><name>proposal</name><bndbox><xmin>608</xmin><ymin>74</ymin><xmax>192</xmax><ymax>163</ymax></bndbox></object><object><name>proposal</name><bndbox><xmin>416</xmin><ymin>23</ymin><xmax>384</xmax><ymax>195</ymax></bndbox></object><object><name>proposal</name><bndbox><xmin>0</xmin><ymin>254</ymin><xmax>306</xmax><ymax>414</ymax></bndbox></object><object><name>proposal</name><bndbox><xmin>302</xmin><ymin>506</ymin><xmax>498</xmax><ymax>294</ymax></bndbox></object><object><name>proposal</name><bndbox><xmin>179</xmin><ymin>186</ymin><xmax>147</xmax><ymax>113</ymax></bndbox></object><object><name>proposal</name><bndbox><xmin>635</xmin><ymin>23</ymin><xmax>165</xmax><ymax>195</ymax></bndbox></object><object><name>proposal</name><bndbox><xmin>0</xmin><ymin>223</ymin><xmax>323</xmax><ymax>429</ymax></bndbox></object><object><name>proposal</name><bndbox><xmin>0</xmin><ymin>0</ymin><xmax>800</xmax><ymax>611</ymax></bndbox></object><object><name>proposal</name><bndbox><xmin>304</xmin><ymin>599</ymin><xmax>496</xmax><ymax>201</ymax></bndbox></object><object><name>proposal</name><bndbox><xmin>625</xmin><ymin>81</ymin><xmax>163</xmax><ymax>101</ymax></bndbox></object><object><name>proposal</name><bndbox><xmin>578</xmin><ymin>68</ymin><xmax>222</xmax><ymax>169</ymax></bndbox></object><object><name>proposal</name><bndbox><xmin>0</xmin><ymin>184</ymin><xmax>311</xmax><ymax>158</ymax></bndbox></object><object><name>proposal</name><bndbox><xmin>439</xmin><ymin>372</ymin><xmax>361</xmax><ymax>260</ymax></bndbox></object><object><name>proposal</name><bndbox><xmin>0</xmin><ymin>468</ymin><xmax>800</xmax><ymax>332</ymax></bndbox></object><object><name>proposal</name><bndbox><xmin>625</xmin><ymin>81</ymin><xmax>175</xmax><ymax>327</ymax></bndbox></object><object><name>proposal</name><bndbox><xmin>0</xmin><ymin>240</ymin><xmax>800</xmax><ymax>560</ymax></bndbox></object><object><name>proposal</name><bndbox><xmin>652</xmin><ymin>108</ymin><xmax>76</xmax><ymax>92</ymax></bndbox></object><object><name>proposal</name><bndbox><xmin>428</xmin><ymin>275</ymin><xmax>372</xmax><ymax>266</ymax></bndbox></object><object><name>proposal</name><bndbox><xmin>140</xmin><ymin>223</ymin><xmax>175</xmax><ymax>81</ymax></bndbox></object><object><name>proposal</name><bndbox><xmin>157</xmin><ymin>23</ymin><xmax>643</xmax><ymax>777</ymax></bndbox></object></annotation>