<annotation><folder>Proposals</folder><filename>img-544.jpg</filename><size><width>400</width><height>300</height><depth>3</depth></size><object><name>proposal</name><bndbox><xmin>192</xmin><ymin>531</ymin><xmax>447</xmax><ymax>269</ymax></bndbox></object><object><name>proposal</name><bndbox><xmin>489</xmin><ymin>457</ymin><xmax>211</xmax><ymax>190</ymax></bndbox></object><object><name>proposal</name><bndbox><xmin>253</xmin><ymin>531</ymin><xmax>283</xmax><ymax>141</ymax></bndbox></object><object><name>proposal</name><bndbox><xmin>258</xmin><ymin>531</ymin><xmax>250</xmax><ymax>150</ymax></bndbox></object><object><name>proposal</name><bndbox><xmin>348</xmin><ymin>374</ymin><xmax>452</xmax><ymax>381</ymax></bndbox></object><object><name>proposal</name><bndbox><xmin>184</xmin><ymin>429</ymin><xmax>616</xmax><ymax>323</ymax></bndbox></object><object><name>proposal</name><bndbox><xmin>259</xmin><ymin>529</ymin><xmax>383</xmax><ymax>172</ymax></bndbox></object><object><name>proposal</name><bndbox><xmin>267</xmin><ymin>480</ymin><xmax>211</xmax><ymax>200</ymax></bndbox></object><object><name>proposal</name><bndbox><xmin>398</xmin><ymin>411</ymin><xmax>190</xmax><ymax>44</ymax></bndbox></object><object><name>proposal</name><bndbox><xmin>257</xmin><ymin>477</ymin><xmax>543</xmax><ymax>323</ymax></bndbox></object><object><name>proposal</name><bndbox><xmin>181</xmin><ymin>393</ymin><xmax>619</xmax><ymax>257</ymax></bndbox></object><object><name>proposal</name><bndbox><xmin>247</xmin><ymin>531</ymin><xmax>250</xmax><ymax>130</ymax></bndbox></object><object><name>proposal</name><bndbox><xmin>250</xmin><ymin>531</ymin><xmax>417</xmax><ymax>160</ymax></bndbox></object><object><name>proposal</name><bndbox><xmin>114</xmin><ymin>393</ymin><xmax>334</xmax><ymax>274</ymax></bndbox></object><object><name>proposal</name><bndbox><xmin>271</xmin><ymin>410</ymin><xmax>467</xmax><ymax>270</ymax></bndbox></object><object><name>proposal</name><bndbox><xmin>467</xmin><ymin>437</ymin><xmax>333</xmax><ymax>213</ymax></bndbox></object><object><name>proposal</name><bndbox><xmin>181</xmin><ymin>393</ymin><xmax>600</xmax><ymax>236</ymax></bndbox></object><object><name>proposal</name><bndbox><xmin>181</xmin><ymin>376</ymin><xmax>605</xmax><ymax>325</ymax></bndbox></object><object><name>proposal</name><bndbox><xmin>477</xmin><ymin>439</ymin><xmax>77</xmax><ymax>63</ymax></bndbox></object><object><name>proposal</name><bndbox><xmin>251</xmin><ymin>531</ymin><xmax>392</xmax><ymax>162</ymax></bndbox></object><object><name>proposal</name><bndbox><xmin>442</xmin><ymin>387</ymin><xmax>245</xmax><ymax>85</ymax></bndbox></object><object><name>proposal</name><bndbox><xmin>325</xmin><ymin>510</ymin><xmax>187</xmax><ymax>137</ymax></bndbox></object><object><name>proposal</name><bndbox><xmin>0</xmin><ymin>262</ymin><xmax>800</xmax><ymax>538</ymax></bndbox></object><object><name>proposal</name><bndbox><xmin>181</xmin><ymin>376</ymin><xmax>600</xmax><ymax>253</ymax></bndbox></object><object><name>proposal</name><bndbox><xmin>257</xmin><ymin>455</ymin><xmax>543</xmax><ymax>331</ymax></bndbox></object><object><name>proposal</name><bndbox><xmin>332</xmin><ymin>543</ymin><xmax>301</xmax><ymax>158</ymax></bndbox></object><object><name>proposal</name><bndbox><xmin>398</xmin><ymin>411</ymin><xmax>141</xmax><ymax>67</ymax></bndbox></object><object><name>proposal</name><bndbox><xmin>30</xmin><ymin>435</ymin><xmax>770</xmax><ymax>365</ymax></bndbox></object><object><name>proposal</name><bndbox><xmin>398</xmin><ymin>402</ymin><xmax>218</xmax><ymax>102</ymax></bndbox></object><object><name>proposal</name><bndbox><xmin>298</xmin><ymin>435</ymin><xmax>262</xmax><ymax>166</ymax></bndbox></object><object><name>proposal</name><bndbox><xmin>0</xmin><ymin>476</ymin><xmax>800</xmax><ymax>324</ymax></bndbox></object><object><name>proposal</name><bndbox><xmin>271</xmin><ymin>410</ymin><xmax>472</xmax><ymax>270</ymax></bndbox></object><object><name>proposal</name><bndbox><xmin>325</xmin><ymin>437</ymin><xmax>303</xmax><ymax>139</ymax></bndbox></object><object><name>proposal</name><bndbox><xmin>250</xmin><ymin>435</ymin><xmax>310</xmax><ymax>261</ymax></bndbox></object><object><name>proposal</name><bndbox><xmin>442</xmin><ymin>414</ymin><xmax>358</xmax><ymax>98</ymax></bndbox></object><object><name>proposal</name><bndbox><xmin>75</xmin><ymin>439</ymin><xmax>288</xmax><ymax>213</ymax></bndbox></object><object><name>proposal</name><bndbox><xmin>0</xmin><ymin>340</ymin><xmax>800</xmax><ymax>351</ymax></bndbox></object><object><name>proposal</name><bndbox><xmin>449</xmin><ymin>387</ymin><xmax>138</xmax><ymax>47</ymax></bndbox></object><object><name>proposal</name><bndbox><xmin>318</xmin><ymin>384</ymin><xmax>482</xmax><ymax>217</ymax></bndbox></object><object><name>proposal</name><bndbox><xmin>0</xmin><ymin>227</ymin><xmax>800</xmax><ymax>374</ymax></bndbox></object><object><name>proposal</name><bndbox><xmin>259</xmin><ymin>536</ymin><xmax>377</xmax><ymax>165</ymax></bndbox></object><object><name>proposal</name><bndbox><xmin>142</xmin><ymin>373</ymin><xmax>304</xmax><ymax>263</ymax></bndbox></object><object><name>proposal</name><bndbox><xmin>228</xmin><ymin>392</ymin><xmax>298</xmax><ymax>203</ymax></bndbox></object><object><name>proposal</name><bndbox><xmin>258</xmin><ymin>531</ymin><xmax>246</xmax><ymax>151</ymax></bndbox></object><object><name>proposal</name><bndbox><xmin>389</xmin><ymin>323</ymin><xmax>411</xmax><ymax>284</ymax></bndbox></object><object><name>proposal</name><bndbox><xmin>328</xmin><ymin>551</ymin><xmax>184</xmax><ymax>140</ymax></bndbox></object><object><name>proposal</name><bndbox><xmin>252</xmin><ymin>531</ymin><xmax>252</xmax><ymax>151</ymax></bndbox></object><object><name>proposal</name><bndbox><xmin>258</xmin><ymin>531</ymin><xmax>385</xmax><ymax>162</ymax></bndbox></object><object><name>proposal</name><bndbox><xmin>0</xmin><ymin>93</ymin><xmax>800</xmax><ymax>707</ymax></bndbox></object><object><name>proposal</name><bndbox><xmin>398</xmin><ymin>411</ymin><xmax>246</xmax><ymax>93</ymax></bndbox></object><object><name>proposal</name><bndbox><xmin>54</xmin><ymin>373</ymin><xmax>425</xmax><ymax>253</ymax></bndbox></object><object><name>proposal</name><bndbox><xmin>0</xmin><ymin>435</ymin><xmax>800</xmax><ymax>365</ymax></bndbox></object><object><name>proposal</name><bndbox><xmin>340</xmin><ymin>504</ymin><xmax>460</xmax><ymax>296</ymax></bndbox></object><object><name>proposal</name><bndbox><xmin>247</xmin><ymin>531</ymin><xmax>296</xmax><ymax>149</ymax></bndbox></object><object><name>proposal</name><bndbox><xmin>30</xmin><ymin>531</ymin><xmax>637</xmax><ymax>269</ymax></bndbox></object><object><name>proposal</name><bndbox><xmin>115</xmin><ymin>329</ymin><xmax>678</xmax><ymax>329</ymax></bndbox></object><object><name>proposal</name><bndbox><xmin>75</xmin><ymin>480</ymin><xmax>431</xmax><ymax>200</ymax></bndbox></object><object><name>proposal</name><bndbox><xmin>501</xmin><ymin>374</ymin><xmax>299</xmax><ymax>277</ymax></bndbox></object><object><name>proposal</name><bndbox><xmin>142</xmin><ymin>0</ymin><xmax>658</xmax><ymax>755</ymax></bndbox></object><object><name>proposal</name><bndbox><xmin>0</xmin><ymin>329</ymin><xmax>793</xmax><ymax>471</ymax></bndbox></object><object><name>proposal</name><bndbox><xmin>286</xmin><ymin>535</ymin><xmax>381</xmax><ymax>137</ymax></bndbox></object><object><name>proposal</name><bndbox><xmin>511</xmin><ymin>423</ymin><xmax>221</xmax><ymax>180</ymax></bndbox></object><object><name>proposal</name><bndbox><xmin>30</xmin><ymin>578</ymin><xmax>610</xmax><ymax>222</ymax></bndbox></object><object><name>proposal</name><bndbox><xmin>442</xmin><ymin>405</ymin><xmax>144</xmax><ymax>53</ymax></bndbox></object><object><name>proposal</name><bndbox><xmin>0</xmin><ymin>349</ymin><xmax>800</xmax><ymax>451</ymax></bndbox></object><object><name>proposal</name><bndbox><xmin>247</xmin><ymin>435</ymin><xmax>250</xmax><ymax>231</ymax></bndbox></object><object><name>proposal</name><bndbox><xmin>184</xmin><ymin>415</ymin><xmax>376</xmax><ymax>221</ymax></bndbox></object><object><name>proposal</name><bndbox><xmin>0</xmin><ymin>578</ymin><xmax>641</xmax><ymax>222</ymax></bndbox></object><object><name>proposal</name><bndbox><xmin>325</xmin><ymin>411</ymin><xmax>289</xmax><ymax>175</ymax></bndbox></object><object><name>proposal</name><bndbox><xmin>286</xmin><ymin>535</ymin><xmax>208</xmax><ymax>161</ymax></bndbox></object><object><name>proposal</name><bndbox><xmin>441</xmin><ymin>405</ymin><xmax>157</xmax><ymax>36</ymax></bndbox></object><object><name>proposal</name><bndbox><xmin>258</xmin><ymin>531</ymin><xmax>246</xmax><ymax>150</ymax></bndbox></object><object><name>proposal</name><bndbox><xmin>271</xmin><ymin>531</ymin><xmax>233</xmax><ymax>151</ymax></bndbox></object><object><name>proposal</name><bndbox><xmin>247</xmin><ymin>435</ymin><xmax>250</xmax><ymax>226</ymax></bndbox></object><object><name>proposal</name><bndbox><xmin>398</xmin><ymin>349</ymin><xmax>189</xmax><ymax>100</ymax></bndbox></object><object><name>proposal</name><bndbox><xmin>231</xmin><ymin>531</ymin><xmax>219</xmax><ymax>127</ymax></bndbox></object><object><name>proposal</name><bndbox><xmin>193</xmin><ymin>384</ymin><xmax>367</xmax><ymax>312</ymax></bndbox></object><object><name>proposal</name><bndbox><xmin>441</xmin><ymin>415</ymin><xmax>168</xmax><ymax>65</ymax></bndbox></object><object><name>proposal</name><bndbox><xmin>54</xmin><ymin>373</ymin><xmax>746</xmax><ymax>253</ymax></bndbox></object><object><name>proposal</name><bndbox><xmin>75</xmin><ymin>354</ymin><xmax>308</xmax><ymax>298</ymax></bndbox></object><object><name>proposal</name><bndbox><xmin>258</xmin><ymin>437</ymin><xmax>370</xmax><ymax>254</ymax></bndbox></object><object><name>proposal</name><bndbox><xmin>318</xmin><ymin>439</ymin><xmax>482</xmax><ymax>162</ymax></bndbox></object><object><name>proposal</name><bndbox><xmin>260</xmin><ymin>531</ymin><xmax>276</xmax><ymax>165</ymax></bndbox></object><object><name>proposal</name><bndbox><xmin>54</xmin><ymin>373</ymin><xmax>483</xmax><ymax>253</ymax></bndbox></object><object><name>proposal</name><bndbox><xmin>0</xmin><ymin>347</ymin><xmax>603</xmax><ymax>453</ymax></bndbox></object><object><name>proposal</name><bndbox><xmin>258</xmin><ymin>531</ymin><xmax>278</xmax><ymax>165</ymax></bndbox></object><object><name>proposal</name><bndbox><xmin>498</xmin><ymin>455</ymin><xmax>302</xmax><ymax>331</ymax></bndbox></object><object><name>proposal</name><bndbox><xmin>280</xmin><ymin>551</ymin><xmax>232</xmax><ymax>140</ymax></bndbox></object><object><name>proposal</name><bndbox><xmin>467</xmin><ymin>439</ymin><xmax>79</xmax><ymax>56</ymax></bndbox></object><object><name>proposal</name><bndbox><xmin>258</xmin><ymin>0</ymin><xmax>542</xmax><ymax>800</ymax></bndbox></object><object><name>proposal</name><bndbox><xmin>478</xmin><ymin>492</ymin><xmax>322</xmax><ymax>260</ymax></bndbox></object><object><name>proposal</name><bndbox><xmin>0</xmin><ymin>392</ymin><xmax>800</xmax><ymax>408</ymax></bndbox></object><object><name>proposal</name><bndbox><xmin>258</xmin><ymin>531</ymin><xmax>382</xmax><ymax>170</ymax></bndbox></object><object><name>proposal</name><bndbox><xmin>398</xmin><ymin>410</ymin><xmax>281</xmax><ymax>155</ymax></bndbox></object><object><name>proposal</name><bndbox><xmin>142</xmin><ymin>384</ymin><xmax>304</xmax><ymax>252</ymax></bndbox></object><object><name>proposal</name><bndbox><xmin>318</xmin><ymin>402</ymin><xmax>298</xmax><ymax>121</ymax></bndbox></object><object><name>proposal</name><bndbox><xmin>257</xmin><ymin>531</ymin><xmax>386</xmax><ymax>232</ymax></bndbox></object><object><name>proposal</name><bndbox><xmin>252</xmin><ymin>530</ymin><xmax>256</xmax><ymax>152</ymax></bndbox></object><object><name>proposal</name><bndbox><xmin>395</xmin><ymin>531</ymin><xmax>405</xmax><ymax>269</ymax></bndbox></object><object><name>proposal</name><bndbox><xmin>348</xmin><ymin>538</ymin><xmax>318</xmax><ymax>163</ymax></bndbox></object><object><name>proposal</name><bndbox><xmin>0</xmin><ymin>382</ymin><xmax>800</xmax><ymax>418</ymax></bndbox></object><object><name>proposal</name><bndbox><xmin>501</xmin><ymin>381</ymin><xmax>299</xmax><ymax>270</ymax></bndbox></object><object><name>proposal</name><bndbox><xmin>250</xmin><ymin>531</ymin><xmax>286</xmax><ymax>165</ymax></bndbox></object><object><name>proposal</name><bndbox><xmin>0</xmin><ymin>99</ymin><xmax>800</xmax><ymax>573</ymax></bndbox></object><object><name>proposal</name><bndbox><xmin>304</xmin><ymin>387</ymin><xmax>384</xmax><ymax>214</ymax></bndbox></object><object><name>proposal</name><bndbox><xmin>267</xmin><ymin>555</ymin><xmax>269</xmax><ymax>125</ymax></bndbox></object><object><name>proposal</name><bndbox><xmin>318</xmin><ymin>295</ymin><xmax>482</xmax><ymax>306</ymax></bndbox></object><object><name>proposal</name><bndbox><xmin>441</xmin><ymin>411</ymin><xmax>147</xmax><ymax>44</ymax></bndbox></object><object><name>proposal</name><bndbox><xmin>252</xmin><ymin>531</ymin><xmax>256</xmax><ymax>147</ymax></bndbox></object><object><name>proposal</name><bndbox><xmin>325</xmin><ymin>411</ymin><xmax>263</xmax><ymax>236</ymax></bndbox></object><object><name>proposal</name><bndbox><xmin>442</xmin><ymin>384</ymin><xmax>232</xmax><ymax>94</ymax></bndbox></object><object><name>proposal</name><bndbox><xmin>467</xmin><ymin>439</ymin><xmax>72</xmax><ymax>38</ymax></bndbox></object><object><name>proposal</name><bndbox><xmin>252</xmin><ymin>531</ymin><xmax>252</xmax><ymax>150</ymax></bndbox></object><object><name>proposal</name><bndbox><xmin>271</xmin><ymin>531</ymin><xmax>237</xmax><ymax>147</ymax></bndbox></object><object><name>proposal</name><bndbox><xmin>0</xmin><ymin>138</ymin><xmax>800</xmax><ymax>662</ymax></bndbox></object><object><name>proposal</name><bndbox><xmin>442</xmin><ymin>414</ymin><xmax>165</xmax><ymax>64</ymax></bndbox></object><object><name>proposal</name><bndbox><xmin>30</xmin><ymin>504</ymin><xmax>770</xmax><ymax>296</ymax></bndbox></object><object><name>proposal</name><bndbox><xmin>0</xmin><ymin>205</ymin><xmax>800</xmax><ymax>595</ymax></bndbox></object><object><name>proposal</name><bndbox><xmin>441</xmin><ymin>411</ymin><xmax>85</xmax><ymax>44</ymax></bndbox></object><object><name>proposal</name><bndbox><xmin>75</xmin><ymin>354</ymin><xmax>513</xmax><ymax>326</ymax></bndbox></object><object><name>proposal</name><bndbox><xmin>30</xmin><ymin>480</ymin><xmax>770</xmax><ymax>320</ymax></bndbox></object><object><name>proposal</name><bndbox><xmin>49</xmin><ymin>491</ymin><xmax>617</xmax><ymax>210</ymax></bndbox></object><object><name>proposal</name><bndbox><xmin>325</xmin><ymin>472</ymin><xmax>235</xmax><ymax>104</ymax></bndbox></object><object><name>proposal</name><bndbox><xmin>49</xmin><ymin>392</ymin><xmax>617</xmax><ymax>309</ymax></bndbox></object><object><name>proposal</name><bndbox><xmin>398</xmin><ymin>410</ymin><xmax>281</xmax><ymax>127</ymax></bndbox></object><object><name>proposal</name><bndbox><xmin>250</xmin><ymin>531</ymin><xmax>417</xmax><ymax>141</ymax></bndbox></object><object><name>proposal</name><bndbox><xmin>398</xmin><ymin>400</ymin><xmax>188</xmax><ymax>49</ymax></bndbox></object><object><name>proposal</name><bndbox><xmin>441</xmin><ymin>382</ymin><xmax>223</xmax><ymax>93</ymax></bndbox></object><object><name>proposal</name><bndbox><xmin>193</xmin><ymin>349</ymin><xmax>607</xmax><ymax>451</ymax></bndbox></object><object><name>proposal</name><bndbox><xmin>395</xmin><ymin>418</ymin><xmax>405</xmax><ymax>382</ymax></bndbox></object><object><name>proposal</name><bndbox><xmin>348</xmin><ymin>445</ymin><xmax>322</xmax><ymax>256</ymax></bndbox></object><object><name>proposal</name><bndbox><xmin>30</xmin><ymin>440</ymin><xmax>770</xmax><ymax>360</ymax></bndbox></object><object><name>proposal</name><bndbox><xmin>492</xmin><ymin>440</ymin><xmax>152</xmax><ymax>64</ymax></bndbox></object><object><name>proposal</name><bndbox><xmin>467</xmin><ymin>439</ymin><xmax>93</xmax><ymax>56</ymax></bndbox></object><object><name>proposal</name><bndbox><xmin>325</xmin><ymin>485</ymin><xmax>226</xmax><ymax>116</ymax></bndbox></object><object><name>proposal</name><bndbox><xmin>479</xmin><ymin>367</ymin><xmax>321</xmax><ymax>280</ymax></bndbox></object><object><name>proposal</name><bndbox><xmin>478</xmin><ymin>492</ymin><xmax>222</xmax><ymax>155</ymax></bndbox></object><object><name>proposal</name><bndbox><xmin>260</xmin><ymin>531</ymin><xmax>237</xmax><ymax>130</ymax></bndbox></object><object><name>proposal</name><bndbox><xmin>306</xmin><ymin>368</ymin><xmax>446</xmax><ymax>218</ymax></bndbox></object><object><name>proposal</name><bndbox><xmin>304</xmin><ymin>387</ymin><xmax>362</xmax><ymax>214</ymax></bndbox></object><object><name>proposal</name><bndbox><xmin>0</xmin><ymin>152</ymin><xmax>800</xmax><ymax>469</ymax></bndbox></object><object><name>proposal</name><bndbox><xmin>257</xmin><ymin>531</ymin><xmax>255</xmax><ymax>160</ymax></bndbox></object><object><name>proposal</name><bndbox><xmin>258</xmin><ymin>410</ymin><xmax>480</xmax><ymax>270</ymax></bndbox></object><object><name>proposal</name><bndbox><xmin>0</xmin><ymin>393</ymin><xmax>800</xmax><ymax>407</ymax></bndbox></object><object><name>proposal</name><bndbox><xmin>0</xmin><ymin>354</ymin><xmax>800</xmax><ymax>446</ymax></bndbox></object><object><name>proposal</name><bndbox><xmin>0</xmin><ymin>354</ymin><xmax>643</xmax><ymax>446</ymax></bndbox></object><object><name>proposal</name><bndbox><xmin>317</xmin><ymin>510</ymin><xmax>195</xmax><ymax>170</ymax></bndbox></object><object><name>proposal</name><bndbox><xmin>0</xmin><ymin>357</ymin><xmax>639</xmax><ymax>443</ymax></bndbox></object><object><name>proposal</name><bndbox><xmin>267</xmin><ymin>557</ymin><xmax>269</xmax><ymax>123</ymax></bndbox></object><object><name>proposal</name><bndbox><xmin>60</xmin><ymin>432</ymin><xmax>301</xmax><ymax>226</ymax></bndbox></object><object><name>proposal</name><bndbox><xmin>0</xmin><ymin>494</ymin><xmax>640</xmax><ymax>306</ymax></bndbox></object><object><name>proposal</name><bndbox><xmin>49</xmin><ymin>508</ymin><xmax>339</xmax><ymax>170</ymax></bndbox></object><object><name>proposal</name><bndbox><xmin>258</xmin><ymin>531</ymin><xmax>167</xmax><ymax>160</ymax></bndbox></object><object><name>proposal</name><bndbox><xmin>451</xmin><ymin>540</ymin><xmax>216</xmax><ymax>132</ymax></bndbox></object><object><name>proposal</name><bndbox><xmin>75</xmin><ymin>373</ymin><xmax>446</xmax><ymax>307</ymax></bndbox></object><object><name>proposal</name><bndbox><xmin>348</xmin><ymin>533</ymin><xmax>322</xmax><ymax>168</ymax></bndbox></object><object><name>proposal</name><bndbox><xmin>222</xmin><ymin>491</ymin><xmax>445</xmax><ymax>192</ymax></bndbox></object><object><name>proposal</name><bndbox><xmin>340</xmin><ymin>540</ymin><xmax>344</xmax><ymax>260</ymax></bndbox></object><object><name>proposal</name><bndbox><xmin>30</xmin><ymin>579</ymin><xmax>573</xmax><ymax>221</ymax></bndbox></object><object><name>proposal</name><bndbox><xmin>470</xmin><ymin>410</ymin><xmax>116</xmax><ymax>24</ymax></bndbox></object><object><name>proposal</name><bndbox><xmin>16</xmin><ymin>480</ymin><xmax>490</xmax><ymax>200</ymax></bndbox></object><object><name>proposal</name><bndbox><xmin>479</xmin><ymin>494</ymin><xmax>221</xmax><ymax>279</ymax></bndbox></object><object><name>proposal</name><bndbox><xmin>250</xmin><ymin>373</ymin><xmax>414</xmax><ymax>102</ymax></bndbox></object><object><name>proposal</name><bndbox><xmin>228</xmin><ymin>392</ymin><xmax>378</xmax><ymax>203</ymax></bndbox></object><object><name>proposal</name><bndbox><xmin>267</xmin><ymin>480</ymin><xmax>183</xmax><ymax>146</ymax></bndbox></object><object><name>proposal</name><bndbox><xmin>325</xmin><ymin>411</ymin><xmax>352</xmax><ymax>290</ymax></bndbox></object><object><name>proposal</name><bndbox><xmin>49</xmin><ymin>392</ymin><xmax>751</xmax><ymax>363</ymax></bndbox></object><object><name>proposal</name><bndbox><xmin>258</xmin><ymin>507</ymin><xmax>413</xmax><ymax>176</ymax></bndbox></object><object><name>proposal</name><bndbox><xmin>250</xmin><ymin>366</ymin><xmax>414</xmax><ymax>109</ymax></bndbox></object><object><name>proposal</name><bndbox><xmin>193</xmin><ymin>384</ymin><xmax>253</xmax><ymax>252</ymax></bndbox></object><object><name>proposal</name><bndbox><xmin>317</xmin><ymin>439</ymin><xmax>243</xmax><ymax>137</ymax></bndbox></object><object><name>proposal</name><bndbox><xmin>340</xmin><ymin>538</ymin><xmax>330</xmax><ymax>163</ymax></bndbox></object><object><name>proposal</name><bndbox><xmin>318</xmin><ymin>435</ymin><xmax>214</xmax><ymax>135</ymax></bndbox></object><object><name>proposal</name><bndbox><xmin>477</xmin><ymin>439</ymin><xmax>77</xmax><ymax>53</ymax></bndbox></object><object><name>proposal</name><bndbox><xmin>258</xmin><ymin>536</ymin><xmax>378</xmax><ymax>165</ymax></bndbox></object><object><name>proposal</name><bndbox><xmin>0</xmin><ymin>354</ymin><xmax>612</xmax><ymax>446</ymax></bndbox></object><object><name>proposal</name><bndbox><xmin>0</xmin><ymin>205</ymin><xmax>800</xmax><ymax>550</ymax></bndbox></object><object><name>proposal</name><bndbox><xmin>280</xmin><ymin>551</ymin><xmax>228</xmax><ymax>127</ymax></bndbox></object><object><name>proposal</name><bndbox><xmin>258</xmin><ymin>530</ymin><xmax>250</xmax><ymax>152</ymax></bndbox></object><object><name>proposal</name><bndbox><xmin>250</xmin><ymin>535</ymin><xmax>392</xmax><ymax>166</ymax></bndbox></object><object><name>proposal</name><bndbox><xmin>0</xmin><ymin>354</ymin><xmax>639</xmax><ymax>446</ymax></bndbox></object><object><name>proposal</name><bndbox><xmin>317</xmin><ymin>510</ymin><xmax>243</xmax><ymax>170</ymax></bndbox></object><object><name>proposal</name><bndbox><xmin>389</xmin><ymin>323</ymin><xmax>411</xmax><ymax>477</ymax></bndbox></object><object><name>proposal</name><bndbox><xmin>0</xmin><ymin>262</ymin><xmax>639</xmax><ymax>538</ymax></bndbox></object><object><name>proposal</name><bndbox><xmin>260</xmin><ymin>531</ymin><xmax>244</xmax><ymax>127</ymax></bndbox></object><object><name>proposal</name><bndbox><xmin>332</xmin><ymin>551</ymin><xmax>204</xmax><ymax>131</ymax></bndbox></object><object><name>proposal</name><bndbox><xmin>460</xmin><ymin>437</ymin><xmax>154</xmax><ymax>67</ymax></bndbox></object><object><name>proposal</name><bndbox><xmin>257</xmin><ymin>462</ymin><xmax>376</xmax><ymax>221</ymax></bndbox></object><object><name>proposal</name><bndbox><xmin>467</xmin><ymin>439</ymin><xmax>93</xmax><ymax>78</ymax></bndbox></object><object><name>proposal</name><bndbox><xmin>0</xmin><ymin>418</ymin><xmax>800</xmax><ymax>382</ymax></bndbox></object><object><name>proposal</name><bndbox><xmin>280</xmin><ymin>551</ymin><xmax>225</xmax><ymax>121</ymax></bndbox></object><object><name>proposal</name><bndbox><xmin>312</xmin><ymin>387</ymin><xmax>221</xmax><ymax>179</ymax></bndbox></object><object><name>proposal</name><bndbox><xmin>261</xmin><ymin>397</ymin><xmax>539</xmax><ymax>162</ymax></bndbox></object></annotation>