<annotation><folder>Proposals</folder><filename>img-570.jpg</filename><size><width>533</width><height>300</height><depth>3</depth></size><object><name>proposal</name><bndbox><xmin>371</xmin><ymin>331</ymin><xmax>209</xmax><ymax>189</ymax></bndbox></object><object><name>proposal</name><bndbox><xmin>578</xmin><ymin>549</ymin><xmax>168</xmax><ymax>110</ymax></bndbox></object><object><name>proposal</name><bndbox><xmin>185</xmin><ymin>630</ymin><xmax>166</xmax><ymax>170</ymax></bndbox></object><object><name>proposal</name><bndbox><xmin>203</xmin><ymin>744</ymin><xmax>90</xmax><ymax>56</ymax></bndbox></object><object><name>proposal</name><bndbox><xmin>498</xmin><ymin>40</ymin><xmax>105</xmax><ymax>215</ymax></bndbox></object><object><name>proposal</name><bndbox><xmin>390</xmin><ymin>414</ymin><xmax>168</xmax><ymax>175</ymax></bndbox></object><object><name>proposal</name><bndbox><xmin>188</xmin><ymin>726</ymin><xmax>83</xmax><ymax>74</ymax></bndbox></object><object><name>proposal</name><bndbox><xmin>518</xmin><ymin>86</ymin><xmax>99</xmax><ymax>97</ymax></bndbox></object><object><name>proposal</name><bndbox><xmin>235</xmin><ymin>693</ymin><xmax>86</xmax><ymax>107</ymax></bndbox></object><object><name>proposal</name><bndbox><xmin>223</xmin><ymin>678</ymin><xmax>93</xmax><ymax>98</ymax></bndbox></object><object><name>proposal</name><bndbox><xmin>196</xmin><ymin>723</ymin><xmax>97</xmax><ymax>77</ymax></bndbox></object><object><name>proposal</name><bndbox><xmin>320</xmin><ymin>328</ymin><xmax>210</xmax><ymax>137</ymax></bndbox></object><object><name>proposal</name><bndbox><xmin>189</xmin><ymin>643</ymin><xmax>172</xmax><ymax>157</ymax></bndbox></object><object><name>proposal</name><bndbox><xmin>407</xmin><ymin>491</ymin><xmax>147</xmax><ymax>98</ymax></bndbox></object><object><name>proposal</name><bndbox><xmin>292</xmin><ymin>445</ymin><xmax>219</xmax><ymax>145</ymax></bndbox></object><object><name>proposal</name><bndbox><xmin>600</xmin><ymin>490</ymin><xmax>106</xmax><ymax>136</ymax></bndbox></object><object><name>proposal</name><bndbox><xmin>341</xmin><ymin>452</ymin><xmax>208</xmax><ymax>153</ymax></bndbox></object><object><name>proposal</name><bndbox><xmin>373</xmin><ymin>344</ymin><xmax>166</xmax><ymax>168</ymax></bndbox></object><object><name>proposal</name><bndbox><xmin>528</xmin><ymin>120</ymin><xmax>65</xmax><ymax>63</ymax></bndbox></object><object><name>proposal</name><bndbox><xmin>558</xmin><ymin>549</ymin><xmax>148</xmax><ymax>104</ymax></bndbox></object><object><name>proposal</name><bndbox><xmin>428</xmin><ymin>350</ymin><xmax>129</xmax><ymax>112</ymax></bndbox></object><object><name>proposal</name><bndbox><xmin>271</xmin><ymin>682</ymin><xmax>74</xmax><ymax>118</ymax></bndbox></object><object><name>proposal</name><bndbox><xmin>616</xmin><ymin>569</ymin><xmax>94</xmax><ymax>73</ymax></bndbox></object><object><name>proposal</name><bndbox><xmin>237</xmin><ymin>717</ymin><xmax>42</xmax><ymax>51</ymax></bndbox></object><object><name>proposal</name><bndbox><xmin>189</xmin><ymin>717</ymin><xmax>104</xmax><ymax>83</ymax></bndbox></object><object><name>proposal</name><bndbox><xmin>209</xmin><ymin>693</ymin><xmax>112</xmax><ymax>107</ymax></bndbox></object><object><name>proposal</name><bndbox><xmin>518</xmin><ymin>126</ymin><xmax>81</xmax><ymax>57</ymax></bndbox></object><object><name>proposal</name><bndbox><xmin>616</xmin><ymin>572</ymin><xmax>87</xmax><ymax>54</ymax></bndbox></object><object><name>proposal</name><bndbox><xmin>385</xmin><ymin>486</ymin><xmax>162</xmax><ymax>103</ymax></bndbox></object><object><name>proposal</name><bndbox><xmin>285</xmin><ymin>719</ymin><xmax>53</xmax><ymax>81</ymax></bndbox></object><object><name>proposal</name><bndbox><xmin>364</xmin><ymin>516</ymin><xmax>50</xmax><ymax>69</ymax></bndbox></object><object><name>proposal</name><bndbox><xmin>542</xmin><ymin>146</ymin><xmax>46</xmax><ymax>57</ymax></bndbox></object><object><name>proposal</name><bndbox><xmin>220</xmin><ymin>726</ymin><xmax>52</xmax><ymax>58</ymax></bndbox></object><object><name>proposal</name><bndbox><xmin>189</xmin><ymin>687</ymin><xmax>115</xmax><ymax>113</ymax></bndbox></object><object><name>proposal</name><bndbox><xmin>341</xmin><ymin>480</ymin><xmax>137</xmax><ymax>98</ymax></bndbox></object><object><name>proposal</name><bndbox><xmin>386</xmin><ymin>483</ymin><xmax>56</xmax><ymax>60</ymax></bndbox></object><object><name>proposal</name><bndbox><xmin>280</xmin><ymin>694</ymin><xmax>36</xmax><ymax>58</ymax></bndbox></object><object><name>proposal</name><bndbox><xmin>559</xmin><ymin>131</ymin><xmax>40</xmax><ymax>48</ymax></bndbox></object><object><name>proposal</name><bndbox><xmin>498</xmin><ymin>149</ymin><xmax>97</xmax><ymax>106</ymax></bndbox></object><object><name>proposal</name><bndbox><xmin>196</xmin><ymin>619</ymin><xmax>163</xmax><ymax>181</ymax></bndbox></object><object><name>proposal</name><bndbox><xmin>558</xmin><ymin>496</ymin><xmax>146</xmax><ymax>149</ymax></bndbox></object><object><name>proposal</name><bndbox><xmin>586</xmin><ymin>589</ymin><xmax>170</xmax><ymax>106</ymax></bndbox></object><object><name>proposal</name><bndbox><xmin>558</xmin><ymin>567</ymin><xmax>158</xmax><ymax>88</ymax></bndbox></object><object><name>proposal</name><bndbox><xmin>498</xmin><ymin>90</ymin><xmax>119</xmax><ymax>176</ymax></bndbox></object><object><name>proposal</name><bndbox><xmin>244</xmin><ymin>723</ymin><xmax>51</xmax><ymax>40</ymax></bndbox></object><object><name>proposal</name><bndbox><xmin>603</xmin><ymin>498</ymin><xmax>113</xmax><ymax>155</ymax></bndbox></object><object><name>proposal</name><bndbox><xmin>498</xmin><ymin>40</ymin><xmax>131</xmax><ymax>118</ymax></bndbox></object><object><name>proposal</name><bndbox><xmin>189</xmin><ymin>726</ymin><xmax>120</xmax><ymax>74</ymax></bndbox></object><object><name>proposal</name><bndbox><xmin>189</xmin><ymin>643</ymin><xmax>170</xmax><ymax>157</ymax></bndbox></object><object><name>proposal</name><bndbox><xmin>604</xmin><ymin>569</ymin><xmax>121</xmax><ymax>90</ymax></bndbox></object><object><name>proposal</name><bndbox><xmin>427</xmin><ymin>339</ymin><xmax>127</xmax><ymax>106</ymax></bndbox></object><object><name>proposal</name><bndbox><xmin>586</xmin><ymin>572</ymin><xmax>114</xmax><ymax>113</ymax></bndbox></object><object><name>proposal</name><bndbox><xmin>415</xmin><ymin>331</ymin><xmax>249</xmax><ymax>258</ymax></bndbox></object><object><name>proposal</name><bndbox><xmin>529</xmin><ymin>90</ymin><xmax>88</xmax><ymax>70</ymax></bndbox></object><object><name>proposal</name><bndbox><xmin>604</xmin><ymin>477</ymin><xmax>119</xmax><ymax>157</ymax></bndbox></object><object><name>proposal</name><bndbox><xmin>386</xmin><ymin>483</ymin><xmax>220</xmax><ymax>137</ymax></bndbox></object><object><name>proposal</name><bndbox><xmin>386</xmin><ymin>477</ymin><xmax>78</xmax><ymax>66</ymax></bndbox></object><object><name>proposal</name><bndbox><xmin>321</xmin><ymin>416</ymin><xmax>117</xmax><ymax>163</ymax></bndbox></object><object><name>proposal</name><bndbox><xmin>654</xmin><ymin>590</ymin><xmax>89</xmax><ymax>90</ymax></bndbox></object><object><name>proposal</name><bndbox><xmin>481</xmin><ymin>347</ymin><xmax>99</xmax><ymax>122</ymax></bndbox></object><object><name>proposal</name><bndbox><xmin>343</xmin><ymin>486</ymin><xmax>135</xmax><ymax>98</ymax></bndbox></object><object><name>proposal</name><bndbox><xmin>189</xmin><ymin>608</ymin><xmax>198</xmax><ymax>192</ymax></bndbox></object><object><name>proposal</name><bndbox><xmin>341</xmin><ymin>451</ymin><xmax>61</xmax><ymax>133</ymax></bndbox></object><object><name>proposal</name><bndbox><xmin>271</xmin><ymin>693</ymin><xmax>46</xmax><ymax>59</ymax></bndbox></object><object><name>proposal</name><bndbox><xmin>431</xmin><ymin>491</ymin><xmax>123</xmax><ymax>94</ymax></bndbox></object><object><name>proposal</name><bndbox><xmin>639</xmin><ymin>569</ymin><xmax>107</xmax><ymax>111</ymax></bndbox></object><object><name>proposal</name><bndbox><xmin>616</xmin><ymin>549</ymin><xmax>94</xmax><ymax>77</ymax></bndbox></object><object><name>proposal</name><bndbox><xmin>667</xmin><ymin>569</ymin><xmax>76</xmax><ymax>90</ymax></bndbox></object><object><name>proposal</name><bndbox><xmin>492</xmin><ymin>356</ymin><xmax>80</xmax><ymax>106</ymax></bndbox></object><object><name>proposal</name><bndbox><xmin>595</xmin><ymin>497</ymin><xmax>109</xmax><ymax>148</ymax></bndbox></object><object><name>proposal</name><bndbox><xmin>189</xmin><ymin>697</ymin><xmax>128</xmax><ymax>103</ymax></bndbox></object><object><name>proposal</name><bndbox><xmin>604</xmin><ymin>569</ymin><xmax>121</xmax><ymax>73</ymax></bndbox></object><object><name>proposal</name><bndbox><xmin>623</xmin><ymin>568</ymin><xmax>74</xmax><ymax>21</ymax></bndbox></object><object><name>proposal</name><bndbox><xmin>385</xmin><ymin>477</ymin><xmax>117</xmax><ymax>111</ymax></bndbox></object><object><name>proposal</name><bndbox><xmin>220</xmin><ymin>653</ymin><xmax>147</xmax><ymax>133</ymax></bndbox></object><object><name>proposal</name><bndbox><xmin>390</xmin><ymin>414</ymin><xmax>149</xmax><ymax>100</ymax></bndbox></object><object><name>proposal</name><bndbox><xmin>616</xmin><ymin>569</ymin><xmax>107</xmax><ymax>57</ymax></bndbox></object><object><name>proposal</name><bndbox><xmin>620</xmin><ymin>574</ymin><xmax>37</xmax><ymax>39</ymax></bndbox></object><object><name>proposal</name><bndbox><xmin>220</xmin><ymin>697</ymin><xmax>97</xmax><ymax>87</ymax></bndbox></object><object><name>proposal</name><bndbox><xmin>196</xmin><ymin>630</ymin><xmax>155</xmax><ymax>170</ymax></bndbox></object><object><name>proposal</name><bndbox><xmin>536</xmin><ymin>141</ymin><xmax>53</xmax><ymax>86</ymax></bndbox></object><object><name>proposal</name><bndbox><xmin>341</xmin><ymin>506</ymin><xmax>69</xmax><ymax>60</ymax></bndbox></object><object><name>proposal</name><bndbox><xmin>445</xmin><ymin>379</ymin><xmax>94</xmax><ymax>88</ymax></bndbox></object><object><name>proposal</name><bndbox><xmin>522</xmin><ymin>95</ymin><xmax>70</xmax><ymax>94</ymax></bndbox></object><object><name>proposal</name><bndbox><xmin>536</xmin><ymin>159</ymin><xmax>46</xmax><ymax>69</ymax></bndbox></object><object><name>proposal</name><bndbox><xmin>429</xmin><ymin>485</ymin><xmax>129</xmax><ymax>104</ymax></bndbox></object><object><name>proposal</name><bndbox><xmin>459</xmin><ymin>81</ymin><xmax>107</xmax><ymax>90</ymax></bndbox></object><object><name>proposal</name><bndbox><xmin>518</xmin><ymin>90</ymin><xmax>99</xmax><ymax>83</ymax></bndbox></object><object><name>proposal</name><bndbox><xmin>615</xmin><ymin>569</ymin><xmax>95</xmax><ymax>74</ymax></bndbox></object><object><name>proposal</name><bndbox><xmin>385</xmin><ymin>459</ymin><xmax>164</xmax><ymax>130</ymax></bndbox></object><object><name>proposal</name><bndbox><xmin>428</xmin><ymin>344</ymin><xmax>102</xmax><ymax>98</ymax></bndbox></object><object><name>proposal</name><bndbox><xmin>356</xmin><ymin>486</ymin><xmax>163</xmax><ymax>119</ymax></bndbox></object><object><name>proposal</name><bndbox><xmin>639</xmin><ymin>589</ymin><xmax>107</xmax><ymax>128</ymax></bndbox></object><object><name>proposal</name><bndbox><xmin>341</xmin><ymin>506</ymin><xmax>52</xmax><ymax>75</ymax></bndbox></object><object><name>proposal</name><bndbox><xmin>523</xmin><ymin>94</ymin><xmax>68</xmax><ymax>95</ymax></bndbox></object><object><name>proposal</name><bndbox><xmin>494</xmin><ymin>149</ymin><xmax>101</xmax><ymax>106</ymax></bndbox></object><object><name>proposal</name><bndbox><xmin>223</xmin><ymin>697</ymin><xmax>86</xmax><ymax>79</ymax></bndbox></object><object><name>proposal</name><bndbox><xmin>470</xmin><ymin>133</ymin><xmax>122</xmax><ymax>132</ymax></bndbox></object><object><name>proposal</name><bndbox><xmin>498</xmin><ymin>150</ymin><xmax>95</xmax><ymax>106</ymax></bndbox></object><object><name>proposal</name><bndbox><xmin>345</xmin><ymin>400</ymin><xmax>198</xmax><ymax>114</ymax></bndbox></object><object><name>proposal</name><bndbox><xmin>196</xmin><ymin>726</ymin><xmax>75</xmax><ymax>74</ymax></bndbox></object><object><name>proposal</name><bndbox><xmin>388</xmin><ymin>491</ymin><xmax>159</xmax><ymax>87</ymax></bndbox></object><object><name>proposal</name><bndbox><xmin>519</xmin><ymin>126</ymin><xmax>69</xmax><ymax>57</ymax></bndbox></object><object><name>proposal</name><bndbox><xmin>292</xmin><ymin>445</ymin><xmax>287</xmax><ymax>155</ymax></bndbox></object><object><name>proposal</name><bndbox><xmin>414</xmin><ymin>344</ymin><xmax>59</xmax><ymax>70</ymax></bndbox></object><object><name>proposal</name><bndbox><xmin>386</xmin><ymin>458</ymin><xmax>172</xmax><ymax>131</ymax></bndbox></object><object><name>proposal</name><bndbox><xmin>341</xmin><ymin>506</ymin><xmax>165</xmax><ymax>75</ymax></bndbox></object><object><name>proposal</name><bndbox><xmin>235</xmin><ymin>682</ymin><xmax>110</xmax><ymax>118</ymax></bndbox></object><object><name>proposal</name><bndbox><xmin>429</xmin><ymin>499</ymin><xmax>51</xmax><ymax>63</ymax></bndbox></object><object><name>proposal</name><bndbox><xmin>595</xmin><ymin>516</ymin><xmax>78</xmax><ymax>103</ymax></bndbox></object><object><name>proposal</name><bndbox><xmin>639</xmin><ymin>569</ymin><xmax>116</xmax><ymax>111</ymax></bndbox></object><object><name>proposal</name><bndbox><xmin>237</xmin><ymin>697</ymin><xmax>63</xmax><ymax>71</ymax></bndbox></object><object><name>proposal</name><bndbox><xmin>429</xmin><ymin>340</ymin><xmax>159</xmax><ymax>129</ymax></bndbox></object><object><name>proposal</name><bndbox><xmin>438</xmin><ymin>343</ymin><xmax>90</xmax><ymax>91</ymax></bndbox></object><object><name>proposal</name><bndbox><xmin>311</xmin><ymin>340</ymin><xmax>273</xmax><ymax>247</ymax></bndbox></object><object><name>proposal</name><bndbox><xmin>616</xmin><ymin>572</ymin><xmax>140</xmax><ymax>95</ymax></bndbox></object><object><name>proposal</name><bndbox><xmin>341</xmin><ymin>486</ymin><xmax>165</xmax><ymax>99</ymax></bndbox></object><object><name>proposal</name><bndbox><xmin>645</xmin><ymin>589</ymin><xmax>101</xmax><ymax>128</ymax></bndbox></object><object><name>proposal</name><bndbox><xmin>616</xmin><ymin>569</ymin><xmax>87</xmax><ymax>74</ymax></bndbox></object><object><name>proposal</name><bndbox><xmin>616</xmin><ymin>567</ymin><xmax>125</xmax><ymax>67</ymax></bndbox></object><object><name>proposal</name><bndbox><xmin>391</xmin><ymin>394</ymin><xmax>154</xmax><ymax>117</ymax></bndbox></object><object><name>proposal</name><bndbox><xmin>518</xmin><ymin>40</ymin><xmax>97</xmax><ymax>136</ymax></bndbox></object><object><name>proposal</name><bndbox><xmin>615</xmin><ymin>569</ymin><xmax>110</xmax><ymax>74</ymax></bndbox></object><object><name>proposal</name><bndbox><xmin>638</xmin><ymin>569</ymin><xmax>84</xmax><ymax>49</ymax></bndbox></object><object><name>proposal</name><bndbox><xmin>327</xmin><ymin>452</ymin><xmax>175</xmax><ymax>153</ymax></bndbox></object><object><name>proposal</name><bndbox><xmin>391</xmin><ymin>414</ymin><xmax>148</xmax><ymax>98</ymax></bndbox></object><object><name>proposal</name><bndbox><xmin>558</xmin><ymin>549</ymin><xmax>167</xmax><ymax>110</ymax></bndbox></object><object><name>proposal</name><bndbox><xmin>654</xmin><ymin>590</ymin><xmax>89</xmax><ymax>104</ymax></bndbox></object><object><name>proposal</name><bndbox><xmin>616</xmin><ymin>549</ymin><xmax>94</xmax><ymax>93</ymax></bndbox></object><object><name>proposal</name><bndbox><xmin>558</xmin><ymin>569</ymin><xmax>152</xmax><ymax>73</ymax></bndbox></object><object><name>proposal</name><bndbox><xmin>432</xmin><ymin>501</ymin><xmax>79</xmax><ymax>71</ymax></bndbox></object><object><name>proposal</name><bndbox><xmin>412</xmin><ymin>344</ymin><xmax>61</xmax><ymax>69</ymax></bndbox></object><object><name>proposal</name><bndbox><xmin>149</xmin><ymin>307</ymin><xmax>411</xmax><ymax>136</ymax></bndbox></object><object><name>proposal</name><bndbox><xmin>529</xmin><ymin>92</ymin><xmax>88</xmax><ymax>81</ymax></bndbox></object><object><name>proposal</name><bndbox><xmin>616</xmin><ymin>569</ymin><xmax>107</xmax><ymax>74</ymax></bndbox></object><object><name>proposal</name><bndbox><xmin>385</xmin><ymin>486</ymin><xmax>56</xmax><ymax>74</ymax></bndbox></object><object><name>proposal</name><bndbox><xmin>394</xmin><ymin>262</ymin><xmax>186</xmax><ymax>207</ymax></bndbox></object><object><name>proposal</name><bndbox><xmin>518</xmin><ymin>40</ymin><xmax>85</xmax><ymax>123</ymax></bndbox></object><object><name>proposal</name><bndbox><xmin>600</xmin><ymin>490</ymin><xmax>116</xmax><ymax>163</ymax></bndbox></object><object><name>proposal</name><bndbox><xmin>610</xmin><ymin>549</ymin><xmax>95</xmax><ymax>77</ymax></bndbox></object><object><name>proposal</name><bndbox><xmin>428</xmin><ymin>272</ymin><xmax>200</xmax><ymax>197</ymax></bndbox></object><object><name>proposal</name><bndbox><xmin>428</xmin><ymin>340</ymin><xmax>160</xmax><ymax>149</ymax></bndbox></object><object><name>proposal</name><bndbox><xmin>595</xmin><ymin>477</ymin><xmax>151</xmax><ymax>168</ymax></bndbox></object><object><name>proposal</name><bndbox><xmin>427</xmin><ymin>320</ymin><xmax>161</xmax><ymax>152</ymax></bndbox></object><object><name>proposal</name><bndbox><xmin>481</xmin><ymin>379</ymin><xmax>58</xmax><ymax>88</ymax></bndbox></object><object><name>proposal</name><bndbox><xmin>398</xmin><ymin>517</ymin><xmax>80</xmax><ymax>63</ymax></bndbox></object><object><name>proposal</name><bndbox><xmin>432</xmin><ymin>501</ymin><xmax>46</xmax><ymax>56</ymax></bndbox></object><object><name>proposal</name><bndbox><xmin>558</xmin><ymin>549</ymin><xmax>158</xmax><ymax>104</ymax></bndbox></object><object><name>proposal</name><bndbox><xmin>196</xmin><ymin>630</ymin><xmax>163</xmax><ymax>170</ymax></bndbox></object><object><name>proposal</name><bndbox><xmin>667</xmin><ymin>569</ymin><xmax>76</xmax><ymax>125</ymax></bndbox></object><object><name>proposal</name><bndbox><xmin>578</xmin><ymin>549</ymin><xmax>168</xmax><ymax>131</ymax></bndbox></object><object><name>proposal</name><bndbox><xmin>306</xmin><ymin>445</ymin><xmax>176</xmax><ymax>136</ymax></bndbox></object><object><name>proposal</name><bndbox><xmin>328</xmin><ymin>410</ymin><xmax>113</xmax><ymax>171</ymax></bndbox></object><object><name>proposal</name><bndbox><xmin>304</xmin><ymin>322</ymin><xmax>224</xmax><ymax>128</ymax></bndbox></object><object><name>proposal</name><bndbox><xmin>616</xmin><ymin>569</ymin><xmax>94</xmax><ymax>57</ymax></bndbox></object><object><name>proposal</name><bndbox><xmin>415</xmin><ymin>331</ymin><xmax>267</xmax><ymax>258</ymax></bndbox></object><object><name>proposal</name><bndbox><xmin>196</xmin><ymin>619</ymin><xmax>155</xmax><ymax>181</ymax></bndbox></object><object><name>proposal</name><bndbox><xmin>460</xmin><ymin>343</ymin><xmax>73</xmax><ymax>46</ymax></bndbox></object><object><name>proposal</name><bndbox><xmin>328</xmin><ymin>410</ymin><xmax>91</xmax><ymax>148</ymax></bndbox></object><object><name>proposal</name><bndbox><xmin>385</xmin><ymin>486</ymin><xmax>93</xmax><ymax>94</ymax></bndbox></object><object><name>proposal</name><bndbox><xmin>494</xmin><ymin>120</ymin><xmax>169</xmax><ymax>146</ymax></bndbox></object><object><name>proposal</name><bndbox><xmin>615</xmin><ymin>569</ymin><xmax>95</xmax><ymax>90</ymax></bndbox></object><object><name>proposal</name><bndbox><xmin>390</xmin><ymin>341</ymin><xmax>253</xmax><ymax>258</ymax></bndbox></object><object><name>proposal</name><bndbox><xmin>292</xmin><ymin>460</ymin><xmax>287</xmax><ymax>140</ymax></bndbox></object><object><name>proposal</name><bndbox><xmin>371</xmin><ymin>339</ymin><xmax>209</xmax><ymax>181</ymax></bndbox></object><object><name>proposal</name><bndbox><xmin>636</xmin><ymin>561</ymin><xmax>80</xmax><ymax>50</ymax></bndbox></object><object><name>proposal</name><bndbox><xmin>494</xmin><ymin>120</ymin><xmax>99</xmax><ymax>146</ymax></bndbox></object><object><name>proposal</name><bndbox><xmin>620</xmin><ymin>553</ymin><xmax>96</xmax><ymax>114</ymax></bndbox></object><object><name>proposal</name><bndbox><xmin>522</xmin><ymin>95</ymin><xmax>65</xmax><ymax>133</ymax></bndbox></object><object><name>proposal</name><bndbox><xmin>220</xmin><ymin>643</ymin><xmax>138</xmax><ymax>157</ymax></bndbox></object><object><name>proposal</name><bndbox><xmin>586</xmin><ymin>589</ymin><xmax>155</xmax><ymax>106</ymax></bndbox></object><object><name>proposal</name><bndbox><xmin>271</xmin><ymin>686</ymin><xmax>56</xmax><ymax>66</ymax></bndbox></object><object><name>proposal</name><bndbox><xmin>425</xmin><ymin>523</ymin><xmax>55</xmax><ymax>40</ymax></bndbox></object><object><name>proposal</name><bndbox><xmin>578</xmin><ymin>572</ymin><xmax>128</xmax><ymax>95</ymax></bndbox></object><object><name>proposal</name><bndbox><xmin>359</xmin><ymin>336</ymin><xmax>142</xmax><ymax>79</ymax></bndbox></object><object><name>proposal</name><bndbox><xmin>389</xmin><ymin>414</ymin><xmax>155</xmax><ymax>99</ymax></bndbox></object><object><name>proposal</name><bndbox><xmin>527</xmin><ymin>129</ymin><xmax>72</xmax><ymax>54</ymax></bndbox></object><object><name>proposal</name><bndbox><xmin>328</xmin><ymin>506</ymin><xmax>65</xmax><ymax>75</ymax></bndbox></object><object><name>proposal</name><bndbox><xmin>188</xmin><ymin>693</ymin><xmax>150</xmax><ymax>107</ymax></bndbox></object><object><name>proposal</name><bndbox><xmin>615</xmin><ymin>549</ymin><xmax>110</xmax><ymax>110</ymax></bndbox></object><object><name>proposal</name><bndbox><xmin>595</xmin><ymin>497</ymin><xmax>111</xmax><ymax>148</ymax></bndbox></object><object><name>proposal</name><bndbox><xmin>586</xmin><ymin>488</ymin><xmax>119</xmax><ymax>205</ymax></bndbox></object><object><name>proposal</name><bndbox><xmin>526</xmin><ymin>139</ymin><xmax>62</xmax><ymax>44</ymax></bndbox></object><object><name>proposal</name><bndbox><xmin>558</xmin><ymin>569</ymin><xmax>147</xmax><ymax>84</ymax></bndbox></object><object><name>proposal</name><bndbox><xmin>558</xmin><ymin>489</ymin><xmax>188</xmax><ymax>156</ymax></bndbox></object><object><name>proposal</name><bndbox><xmin>188</xmin><ymin>630</ymin><xmax>173</xmax><ymax>170</ymax></bndbox></object><object><name>proposal</name><bndbox><xmin>360</xmin><ymin>262</ymin><xmax>220</xmax><ymax>207</ymax></bndbox></object><object><name>proposal</name><bndbox><xmin>567</xmin><ymin>572</ymin><xmax>136</xmax><ymax>82</ymax></bndbox></object><object><name>proposal</name><bndbox><xmin>237</xmin><ymin>639</ymin><xmax>121</xmax><ymax>129</ymax></bndbox></object><object><name>proposal</name><bndbox><xmin>616</xmin><ymin>567</ymin><xmax>94</xmax><ymax>59</ymax></bndbox></object><object><name>proposal</name><bndbox><xmin>292</xmin><ymin>480</ymin><xmax>210</xmax><ymax>190</ymax></bndbox></object><object><name>proposal</name><bndbox><xmin>603</xmin><ymin>549</ymin><xmax>103</xmax><ymax>104</ymax></bndbox></object><object><name>proposal</name><bndbox><xmin>608</xmin><ymin>496</ymin><xmax>96</xmax><ymax>149</ymax></bndbox></object><object><name>proposal</name><bndbox><xmin>481</xmin><ymin>397</ymin><xmax>58</xmax><ymax>70</ymax></bndbox></object><object><name>proposal</name><bndbox><xmin>220</xmin><ymin>722</ymin><xmax>92</xmax><ymax>62</ymax></bndbox></object><object><name>proposal</name><bndbox><xmin>616</xmin><ymin>569</ymin><xmax>107</xmax><ymax>73</ymax></bndbox></object><object><name>proposal</name><bndbox><xmin>570</xmin><ymin>572</ymin><xmax>173</xmax><ymax>108</ymax></bndbox></object><object><name>proposal</name><bndbox><xmin>373</xmin><ymin>336</ymin><xmax>100</xmax><ymax>129</ymax></bndbox></object><object><name>proposal</name><bndbox><xmin>196</xmin><ymin>609</ymin><xmax>172</xmax><ymax>191</ymax></bndbox></object><object><name>proposal</name><bndbox><xmin>237</xmin><ymin>717</ymin><xmax>38</xmax><ymax>51</ymax></bndbox></object><object><name>proposal</name><bndbox><xmin>328</xmin><ymin>464</ymin><xmax>75</xmax><ymax>94</ymax></bndbox></object><object><name>proposal</name><bndbox><xmin>616</xmin><ymin>572</ymin><xmax>140</xmax><ymax>109</ymax></bndbox></object><object><name>proposal</name><bndbox><xmin>432</xmin><ymin>501</ymin><xmax>50</xmax><ymax>56</ymax></bndbox></object><object><name>proposal</name><bndbox><xmin>304</xmin><ymin>331</ymin><xmax>271</xmax><ymax>205</ymax></bndbox></object><object><name>proposal</name><bndbox><xmin>402</xmin><ymin>467</ymin><xmax>166</xmax><ymax>132</ymax></bndbox></object><object><name>proposal</name><bndbox><xmin>188</xmin><ymin>642</ymin><xmax>171</xmax><ymax>158</ymax></bndbox></object><object><name>proposal</name><bndbox><xmin>570</xmin><ymin>572</ymin><xmax>173</xmax><ymax>87</ymax></bndbox></object><object><name>proposal</name><bndbox><xmin>265</xmin><ymin>697</ymin><xmax>47</xmax><ymax>60</ymax></bndbox></object><object><name>proposal</name><bndbox><xmin>518</xmin><ymin>95</ymin><xmax>64</xmax><ymax>133</ymax></bndbox></object><object><name>proposal</name><bndbox><xmin>522</xmin><ymin>95</ymin><xmax>71</xmax><ymax>88</ymax></bndbox></object><object><name>proposal</name><bndbox><xmin>316</xmin><ymin>286</ymin><xmax>264</xmax><ymax>172</ymax></bndbox></object><object><name>proposal</name><bndbox><xmin>413</xmin><ymin>323</ymin><xmax>60</xmax><ymax>99</ymax></bndbox></object><object><name>proposal</name><bndbox><xmin>412</xmin><ymin>337</ymin><xmax>90</xmax><ymax>85</ymax></bndbox></object><object><name>proposal</name><bndbox><xmin>188</xmin><ymin>630</ymin><xmax>163</xmax><ymax>170</ymax></bndbox></object><object><name>proposal</name><bndbox><xmin>526</xmin><ymin>139</ymin><xmax>57</xmax><ymax>44</ymax></bndbox></object><object><name>proposal</name><bndbox><xmin>385</xmin><ymin>516</ymin><xmax>121</xmax><ymax>64</ymax></bndbox></object><object><name>proposal</name><bndbox><xmin>189</xmin><ymin>742</ymin><xmax>134</xmax><ymax>58</ymax></bndbox></object><object><name>proposal</name><bndbox><xmin>223</xmin><ymin>697</ymin><xmax>76</xmax><ymax>79</ymax></bndbox></object><object><name>proposal</name><bndbox><xmin>604</xmin><ymin>569</ymin><xmax>112</xmax><ymax>84</ymax></bndbox></object><object><name>proposal</name><bndbox><xmin>196</xmin><ymin>723</ymin><xmax>127</xmax><ymax>77</ymax></bndbox></object><object><name>proposal</name><bndbox><xmin>572</xmin><ymin>548</ymin><xmax>105</xmax><ymax>130</ymax></bndbox></object><object><name>proposal</name><bndbox><xmin>386</xmin><ymin>337</ymin><xmax>194</xmax><ymax>252</ymax></bndbox></object><object><name>proposal</name><bndbox><xmin>439</xmin><ymin>352</ymin><xmax>89</xmax><ymax>82</ymax></bndbox></object><object><name>proposal</name><bndbox><xmin>385</xmin><ymin>426</ymin><xmax>166</xmax><ymax>163</ymax></bndbox></object><object><name>proposal</name><bndbox><xmin>306</xmin><ymin>464</ymin><xmax>174</xmax><ymax>98</ymax></bndbox></object><object><name>proposal</name><bndbox><xmin>616</xmin><ymin>549</ymin><xmax>94</xmax><ymax>110</ymax></bndbox></object><object><name>proposal</name><bndbox><xmin>203</xmin><ymin>672</ymin><xmax>164</xmax><ymax>128</ymax></bndbox></object><object><name>proposal</name><bndbox><xmin>608</xmin><ymin>498</ymin><xmax>96</xmax><ymax>147</ymax></bndbox></object><object><name>proposal</name><bndbox><xmin>292</xmin><ymin>416</ymin><xmax>155</xmax><ymax>174</ymax></bndbox></object><object><name>proposal</name><bndbox><xmin>536</xmin><ymin>139</ymin><xmax>52</xmax><ymax>44</ymax></bndbox></object><object><name>proposal</name><bndbox><xmin>558</xmin><ymin>549</ymin><xmax>152</xmax><ymax>93</ymax></bndbox></object><object><name>proposal</name><bndbox><xmin>341</xmin><ymin>480</ymin><xmax>106</xmax><ymax>105</ymax></bndbox></object><object><name>proposal</name><bndbox><xmin>220</xmin><ymin>722</ymin><xmax>86</xmax><ymax>62</ymax></bndbox></object><object><name>proposal</name><bndbox><xmin>429</xmin><ymin>341</ymin><xmax>151</xmax><ymax>117</ymax></bndbox></object><object><name>proposal</name><bndbox><xmin>385</xmin><ymin>414</ymin><xmax>164</xmax><ymax>175</ymax></bndbox></object><object><name>proposal</name><bndbox><xmin>512</xmin><ymin>338</ymin><xmax>68</xmax><ymax>120</ymax></bndbox></object><object><name>proposal</name><bndbox><xmin>320</xmin><ymin>267</ymin><xmax>210</xmax><ymax>198</ymax></bndbox></object><object><name>proposal</name><bndbox><xmin>586</xmin><ymin>567</ymin><xmax>160</xmax><ymax>150</ymax></bndbox></object><object><name>proposal</name><bndbox><xmin>188</xmin><ymin>719</ymin><xmax>150</xmax><ymax>81</ymax></bndbox></object><object><name>proposal</name><bndbox><xmin>351</xmin><ymin>486</ymin><xmax>168</xmax><ymax>98</ymax></bndbox></object><object><name>proposal</name><bndbox><xmin>608</xmin><ymin>477</ymin><xmax>95</xmax><ymax>168</ymax></bndbox></object><object><name>proposal</name><bndbox><xmin>636</xmin><ymin>561</ymin><xmax>110</xmax><ymax>71</ymax></bndbox></object><object><name>proposal</name><bndbox><xmin>638</xmin><ymin>569</ymin><xmax>65</xmax><ymax>49</ymax></bndbox></object><object><name>proposal</name><bndbox><xmin>604</xmin><ymin>569</ymin><xmax>106</xmax><ymax>73</ymax></bndbox></object><object><name>proposal</name><bndbox><xmin>306</xmin><ymin>416</ymin><xmax>132</xmax><ymax>164</ymax></bndbox></object><object><name>proposal</name><bndbox><xmin>470</xmin><ymin>126</ymin><xmax>129</xmax><ymax>129</ymax></bndbox></object><object><name>proposal</name><bndbox><xmin>639</xmin><ymin>569</ymin><xmax>64</xmax><ymax>47</ymax></bndbox></object><object><name>proposal</name><bndbox><xmin>341</xmin><ymin>480</ymin><xmax>106</xmax><ymax>98</ymax></bndbox></object><object><name>proposal</name><bndbox><xmin>577</xmin><ymin>469</ymin><xmax>141</xmax><ymax>187</ymax></bndbox></object><object><name>proposal</name><bndbox><xmin>526</xmin><ymin>139</ymin><xmax>41</xmax><ymax>44</ymax></bndbox></object><object><name>proposal</name><bndbox><xmin>391</xmin><ymin>306</ymin><xmax>189</xmax><ymax>205</ymax></bndbox></object><object><name>proposal</name><bndbox><xmin>599</xmin><ymin>568</ymin><xmax>147</xmax><ymax>91</ymax></bndbox></object><object><name>proposal</name><bndbox><xmin>428</xmin><ymin>338</ymin><xmax>160</xmax><ymax>151</ymax></bndbox></object><object><name>proposal</name><bndbox><xmin>644</xmin><ymin>568</ymin><xmax>79</xmax><ymax>49</ymax></bndbox></object><object><name>proposal</name><bndbox><xmin>412</xmin><ymin>337</ymin><xmax>168</xmax><ymax>132</ymax></bndbox></object><object><name>proposal</name><bndbox><xmin>189</xmin><ymin>691</ymin><xmax>126</xmax><ymax>109</ymax></bndbox></object><object><name>proposal</name><bndbox><xmin>296</xmin><ymin>477</ymin><xmax>236</xmax><ymax>113</ymax></bndbox></object><object><name>proposal</name><bndbox><xmin>185</xmin><ymin>619</ymin><xmax>174</xmax><ymax>181</ymax></bndbox></object><object><name>proposal</name><bndbox><xmin>209</xmin><ymin>726</ymin><xmax>62</xmax><ymax>60</ymax></bndbox></object><object><name>proposal</name><bndbox><xmin>518</xmin><ymin>40</ymin><xmax>102</xmax><ymax>145</ymax></bndbox></object><object><name>proposal</name><bndbox><xmin>292</xmin><ymin>480</ymin><xmax>155</xmax><ymax>110</ymax></bndbox></object><object><name>proposal</name><bndbox><xmin>428</xmin><ymin>259</ymin><xmax>207</xmax><ymax>199</ymax></bndbox></object><object><name>proposal</name><bndbox><xmin>578</xmin><ymin>572</ymin><xmax>125</xmax><ymax>95</ymax></bndbox></object><object><name>proposal</name><bndbox><xmin>220</xmin><ymin>697</ymin><xmax>86</xmax><ymax>87</ymax></bndbox></object><object><name>proposal</name><bndbox><xmin>498</xmin><ymin>152</ymin><xmax>80</xmax><ymax>103</ymax></bndbox></object><object><name>proposal</name><bndbox><xmin>341</xmin><ymin>451</ymin><xmax>178</xmax><ymax>109</ymax></bndbox></object><object><name>proposal</name><bndbox><xmin>518</xmin><ymin>120</ymin><xmax>145</xmax><ymax>131</ymax></bndbox></object><object><name>proposal</name><bndbox><xmin>604</xmin><ymin>549</ymin><xmax>102</xmax><ymax>104</ymax></bndbox></object><object><name>proposal</name><bndbox><xmin>604</xmin><ymin>569</ymin><xmax>102</xmax><ymax>84</ymax></bndbox></object><object><name>proposal</name><bndbox><xmin>558</xmin><ymin>549</ymin><xmax>147</xmax><ymax>104</ymax></bndbox></object><object><name>proposal</name><bndbox><xmin>390</xmin><ymin>414</ymin><xmax>153</xmax><ymax>100</ymax></bndbox></object><object><name>proposal</name><bndbox><xmin>460</xmin><ymin>320</ymin><xmax>134</xmax><ymax>69</ymax></bndbox></object><object><name>proposal</name><bndbox><xmin>428</xmin><ymin>340</ymin><xmax>137</xmax><ymax>103</ymax></bndbox></object><object><name>proposal</name><bndbox><xmin>558</xmin><ymin>498</ymin><xmax>158</xmax><ymax>155</ymax></bndbox></object><object><name>proposal</name><bndbox><xmin>196</xmin><ymin>631</ymin><xmax>155</xmax><ymax>169</ymax></bndbox></object><object><name>proposal</name><bndbox><xmin>412</xmin><ymin>337</ymin><xmax>65</xmax><ymax>85</ymax></bndbox></object><object><name>proposal</name><bndbox><xmin>615</xmin><ymin>549</ymin><xmax>95</xmax><ymax>94</ymax></bndbox></object><object><name>proposal</name><bndbox><xmin>616</xmin><ymin>569</ymin><xmax>94</xmax><ymax>74</ymax></bndbox></object><object><name>proposal</name><bndbox><xmin>321</xmin><ymin>416</ymin><xmax>117</xmax><ymax>164</ymax></bndbox></object><object><name>proposal</name><bndbox><xmin>663</xmin><ymin>563</ymin><xmax>137</xmax><ymax>87</ymax></bndbox></object><object><name>proposal</name><bndbox><xmin>610</xmin><ymin>549</ymin><xmax>100</xmax><ymax>87</ymax></bndbox></object><object><name>proposal</name><bndbox><xmin>402</xmin><ymin>336</ymin><xmax>71</xmax><ymax>114</ymax></bndbox></object><object><name>proposal</name><bndbox><xmin>604</xmin><ymin>549</ymin><xmax>118</xmax><ymax>104</ymax></bndbox></object><object><name>proposal</name><bndbox><xmin>645</xmin><ymin>587</ymin><xmax>77</xmax><ymax>66</ymax></bndbox></object><object><name>proposal</name><bndbox><xmin>342</xmin><ymin>258</ymin><xmax>286</xmax><ymax>233</ymax></bndbox></object><object><name>proposal</name><bndbox><xmin>242</xmin><ymin>697</ymin><xmax>67</xmax><ymax>67</ymax></bndbox></object><object><name>proposal</name><bndbox><xmin>512</xmin><ymin>347</ymin><xmax>68</xmax><ymax>125</ymax></bndbox></object><object><name>proposal</name><bndbox><xmin>518</xmin><ymin>95</ymin><xmax>57</xmax><ymax>76</ymax></bndbox></object><object><name>proposal</name><bndbox><xmin>616</xmin><ymin>569</ymin><xmax>107</xmax><ymax>90</ymax></bndbox></object><object><name>proposal</name><bndbox><xmin>292</xmin><ymin>480</ymin><xmax>190</xmax><ymax>110</ymax></bndbox></object><object><name>proposal</name><bndbox><xmin>604</xmin><ymin>549</ymin><xmax>101</xmax><ymax>104</ymax></bndbox></object><object><name>proposal</name><bndbox><xmin>371</xmin><ymin>400</ymin><xmax>191</xmax><ymax>119</ymax></bndbox></object><object><name>proposal</name><bndbox><xmin>189</xmin><ymin>611</ymin><xmax>157</xmax><ymax>189</ymax></bndbox></object><object><name>proposal</name><bndbox><xmin>306</xmin><ymin>400</ymin><xmax>243</xmax><ymax>205</ymax></bndbox></object><object><name>proposal</name><bndbox><xmin>209</xmin><ymin>659</ymin><xmax>137</xmax><ymax>141</ymax></bndbox></object><object><name>proposal</name><bndbox><xmin>522</xmin><ymin>86</ymin><xmax>98</xmax><ymax>141</ymax></bndbox></object><object><name>proposal</name><bndbox><xmin>572</xmin><ymin>586</ymin><xmax>114</xmax><ymax>109</ymax></bndbox></object><object><name>proposal</name><bndbox><xmin>518</xmin><ymin>104</ymin><xmax>50</xmax><ymax>72</ymax></bndbox></object><object><name>proposal</name><bndbox><xmin>386</xmin><ymin>477</ymin><xmax>78</xmax><ymax>56</ymax></bndbox></object><object><name>proposal</name><bndbox><xmin>279</xmin><ymin>227</ymin><xmax>278</xmax><ymax>237</ymax></bndbox></object><object><name>proposal</name><bndbox><xmin>189</xmin><ymin>611</ymin><xmax>109</xmax><ymax>189</ymax></bndbox></object><object><name>proposal</name><bndbox><xmin>351</xmin><ymin>486</ymin><xmax>127</xmax><ymax>98</ymax></bndbox></object><object><name>proposal</name><bndbox><xmin>527</xmin><ymin>145</ymin><xmax>62</xmax><ymax>40</ymax></bndbox></object><object><name>proposal</name><bndbox><xmin>242</xmin><ymin>697</ymin><xmax>58</xmax><ymax>67</ymax></bndbox></object><object><name>proposal</name><bndbox><xmin>438</xmin><ymin>343</ymin><xmax>71</xmax><ymax>64</ymax></bndbox></object><object><name>proposal</name><bndbox><xmin>496</xmin><ymin>320</ymin><xmax>98</xmax><ymax>142</ymax></bndbox></object><object><name>proposal</name><bndbox><xmin>595</xmin><ymin>488</ymin><xmax>110</xmax><ymax>130</ymax></bndbox></object><object><name>proposal</name><bndbox><xmin>296</xmin><ymin>506</ymin><xmax>106</xmax><ymax>84</ymax></bndbox></object><object><name>proposal</name><bndbox><xmin>586</xmin><ymin>572</ymin><xmax>170</xmax><ymax>123</ymax></bndbox></object><object><name>proposal</name><bndbox><xmin>578</xmin><ymin>549</ymin><xmax>168</xmax><ymax>144</ymax></bndbox></object><object><name>proposal</name><bndbox><xmin>522</xmin><ymin>86</ymin><xmax>98</xmax><ymax>99</ymax></bndbox></object><object><name>proposal</name><bndbox><xmin>189</xmin><ymin>687</ymin><xmax>117</xmax><ymax>113</ymax></bndbox></object><object><name>proposal</name><bndbox><xmin>360</xmin><ymin>262</ymin><xmax>286</xmax><ymax>207</ymax></bndbox></object><object><name>proposal</name><bndbox><xmin>371</xmin><ymin>335</ymin><xmax>223</xmax><ymax>254</ymax></bndbox></object><object><name>proposal</name><bndbox><xmin>541</xmin><ymin>141</ymin><xmax>48</xmax><ymax>44</ymax></bndbox></object><object><name>proposal</name><bndbox><xmin>321</xmin><ymin>416</ymin><xmax>232</xmax><ymax>170</ymax></bndbox></object><object><name>proposal</name><bndbox><xmin>341</xmin><ymin>477</ymin><xmax>161</xmax><ymax>111</ymax></bndbox></object><object><name>proposal</name><bndbox><xmin>373</xmin><ymin>272</ymin><xmax>268</xmax><ymax>240</ymax></bndbox></object><object><name>proposal</name><bndbox><xmin>527</xmin><ymin>130</ymin><xmax>64</xmax><ymax>55</ymax></bndbox></object><object><name>proposal</name><bndbox><xmin>486</xmin><ymin>133</ymin><xmax>97</xmax><ymax>122</ymax></bndbox></object><object><name>proposal</name><bndbox><xmin>654</xmin><ymin>589</ymin><xmax>92</xmax><ymax>78</ymax></bndbox></object><object><name>proposal</name><bndbox><xmin>390</xmin><ymin>320</ymin><xmax>198</xmax><ymax>269</ymax></bndbox></object><object><name>proposal</name><bndbox><xmin>189</xmin><ymin>697</ymin><xmax>152</xmax><ymax>103</ymax></bndbox></object><object><name>proposal</name><bndbox><xmin>265</xmin><ymin>719</ymin><xmax>47</xmax><ymax>38</ymax></bndbox></object><object><name>proposal</name><bndbox><xmin>304</xmin><ymin>312</ymin><xmax>235</xmax><ymax>204</ymax></bndbox></object><object><name>proposal</name><bndbox><xmin>498</xmin><ymin>150</ymin><xmax>95</xmax><ymax>107</ymax></bndbox></object><object><name>proposal</name><bndbox><xmin>311</xmin><ymin>340</ymin><xmax>273</xmax><ymax>249</ymax></bndbox></object><object><name>proposal</name><bndbox><xmin>558</xmin><ymin>549</ymin><xmax>188</xmax><ymax>144</ymax></bndbox></object><object><name>proposal</name><bndbox><xmin>285</xmin><ymin>723</ymin><xmax>45</xmax><ymax>77</ymax></bndbox></object><object><name>proposal</name><bndbox><xmin>341</xmin><ymin>499</ymin><xmax>61</xmax><ymax>80</ymax></bndbox></object><object><name>proposal</name><bndbox><xmin>235</xmin><ymin>697</ymin><xmax>106</xmax><ymax>103</ymax></bndbox></object><object><name>proposal</name><bndbox><xmin>273</xmin><ymin>693</ymin><xmax>48</xmax><ymax>70</ymax></bndbox></object><object><name>proposal</name><bndbox><xmin>600</xmin><ymin>496</ymin><xmax>103</xmax><ymax>130</ymax></bndbox></object><object><name>proposal</name><bndbox><xmin>304</xmin><ymin>213</ymin><xmax>254</xmax><ymax>231</ymax></bndbox></object><object><name>proposal</name><bndbox><xmin>415</xmin><ymin>331</ymin><xmax>267</xmax><ymax>268</ymax></bndbox></object><object><name>proposal</name><bndbox><xmin>328</xmin><ymin>453</ymin><xmax>240</xmax><ymax>146</ymax></bndbox></object><object><name>proposal</name><bndbox><xmin>371</xmin><ymin>400</ymin><xmax>168</xmax><ymax>119</ymax></bndbox></object><object><name>proposal</name><bndbox><xmin>558</xmin><ymin>568</ymin><xmax>143</xmax><ymax>87</ymax></bndbox></object><object><name>proposal</name><bndbox><xmin>639</xmin><ymin>579</ymin><xmax>119</xmax><ymax>92</ymax></bndbox></object><object><name>proposal</name><bndbox><xmin>438</xmin><ymin>352</ymin><xmax>98</xmax><ymax>104</ymax></bndbox></object><object><name>proposal</name><bndbox><xmin>639</xmin><ymin>569</ymin><xmax>107</xmax><ymax>167</ymax></bndbox></object><object><name>proposal</name><bndbox><xmin>237</xmin><ymin>659</ymin><xmax>109</xmax><ymax>109</ymax></bndbox></object><object><name>proposal</name><bndbox><xmin>364</xmin><ymin>414</ymin><xmax>194</xmax><ymax>163</ymax></bndbox></object><object><name>proposal</name><bndbox><xmin>616</xmin><ymin>567</ymin><xmax>156</xmax><ymax>104</ymax></bndbox></object><object><name>proposal</name><bndbox><xmin>390</xmin><ymin>331</ymin><xmax>194</xmax><ymax>188</ymax></bndbox></object><object><name>proposal</name><bndbox><xmin>620</xmin><ymin>553</ymin><xmax>96</xmax><ymax>66</ymax></bndbox></object><object><name>proposal</name><bndbox><xmin>427</xmin><ymin>340</ymin><xmax>133</xmax><ymax>103</ymax></bndbox></object><object><name>proposal</name><bndbox><xmin>567</xmin><ymin>572</ymin><xmax>176</xmax><ymax>122</ymax></bndbox></object><object><name>proposal</name><bndbox><xmin>519</xmin><ymin>126</ymin><xmax>80</xmax><ymax>57</ymax></bndbox></object><object><name>proposal</name><bndbox><xmin>337</xmin><ymin>451</ymin><xmax>91</xmax><ymax>219</ymax></bndbox></object><object><name>proposal</name><bndbox><xmin>439</xmin><ymin>340</ymin><xmax>126</xmax><ymax>94</ymax></bndbox></object><object><name>proposal</name><bndbox><xmin>343</xmin><ymin>486</ymin><xmax>135</xmax><ymax>119</ymax></bndbox></object><object><name>proposal</name><bndbox><xmin>265</xmin><ymin>722</ymin><xmax>47</xmax><ymax>35</ymax></bndbox></object><object><name>proposal</name><bndbox><xmin>541</xmin><ymin>514</ymin><xmax>169</xmax><ymax>106</ymax></bndbox></object><object><name>proposal</name><bndbox><xmin>663</xmin><ymin>567</ymin><xmax>95</xmax><ymax>83</ymax></bndbox></object><object><name>proposal</name><bndbox><xmin>188</xmin><ymin>619</ymin><xmax>163</xmax><ymax>181</ymax></bndbox></object><object><name>proposal</name><bndbox><xmin>242</xmin><ymin>640</ymin><xmax>116</xmax><ymax>124</ymax></bndbox></object><object><name>proposal</name><bndbox><xmin>570</xmin><ymin>563</ymin><xmax>230</xmax><ymax>96</ymax></bndbox></object><object><name>proposal</name><bndbox><xmin>329</xmin><ymin>480</ymin><xmax>149</xmax><ymax>98</ymax></bndbox></object><object><name>proposal</name><bndbox><xmin>189</xmin><ymin>687</ymin><xmax>125</xmax><ymax>113</ymax></bndbox></object><object><name>proposal</name><bndbox><xmin>390</xmin><ymin>414</ymin><xmax>155</xmax><ymax>98</ymax></bndbox></object><object><name>proposal</name><bndbox><xmin>518</xmin><ymin>86</ymin><xmax>99</xmax><ymax>74</ymax></bndbox></object><object><name>proposal</name><bndbox><xmin>498</xmin><ymin>40</ymin><xmax>131</xmax><ymax>143</ymax></bndbox></object><object><name>proposal</name><bndbox><xmin>496</xmin><ymin>356</ymin><xmax>61</xmax><ymax>106</ymax></bndbox></object><object><name>proposal</name><bndbox><xmin>494</xmin><ymin>147</ymin><xmax>88</xmax><ymax>119</ymax></bndbox></object><object><name>proposal</name><bndbox><xmin>408</xmin><ymin>501</ymin><xmax>66</xmax><ymax>32</ymax></bndbox></object><object><name>proposal</name><bndbox><xmin>220</xmin><ymin>719</ymin><xmax>86</xmax><ymax>65</ymax></bndbox></object><object><name>proposal</name><bndbox><xmin>428</xmin><ymin>403</ymin><xmax>76</xmax><ymax>40</ymax></bndbox></object><object><name>proposal</name><bndbox><xmin>431</xmin><ymin>491</ymin><xmax>116</xmax><ymax>98</ymax></bndbox></object><object><name>proposal</name><bndbox><xmin>513</xmin><ymin>80</ymin><xmax>61</xmax><ymax>58</ymax></bndbox></object><object><name>proposal</name><bndbox><xmin>371</xmin><ymin>486</ymin><xmax>107</xmax><ymax>98</ymax></bndbox></object><object><name>proposal</name><bndbox><xmin>311</xmin><ymin>340</ymin><xmax>273</xmax><ymax>241</ymax></bndbox></object><object><name>proposal</name><bndbox><xmin>343</xmin><ymin>486</ymin><xmax>214</xmax><ymax>119</ymax></bndbox></object><object><name>proposal</name><bndbox><xmin>389</xmin><ymin>414</ymin><xmax>150</xmax><ymax>99</ymax></bndbox></object><object><name>proposal</name><bndbox><xmin>428</xmin><ymin>340</ymin><xmax>160</xmax><ymax>129</ymax></bndbox></object><object><name>proposal</name><bndbox><xmin>428</xmin><ymin>341</ymin><xmax>126</xmax><ymax>102</ymax></bndbox></object><object><name>proposal</name><bndbox><xmin>586</xmin><ymin>567</ymin><xmax>170</xmax><ymax>169</ymax></bndbox></object><object><name>proposal</name><bndbox><xmin>396</xmin><ymin>490</ymin><xmax>84</xmax><ymax>72</ymax></bndbox></object><object><name>proposal</name><bndbox><xmin>518</xmin><ymin>95</ymin><xmax>57</xmax><ymax>81</ymax></bndbox></object><object><name>proposal</name><bndbox><xmin>341</xmin><ymin>356</ymin><xmax>234</xmax><ymax>160</ymax></bndbox></object><object><name>proposal</name><bndbox><xmin>599</xmin><ymin>572</ymin><xmax>107</xmax><ymax>95</ymax></bndbox></object><object><name>proposal</name><bndbox><xmin>244</xmin><ymin>643</ymin><xmax>114</xmax><ymax>120</ymax></bndbox></object><object><name>proposal</name><bndbox><xmin>481</xmin><ymin>340</ymin><xmax>117</xmax><ymax>129</ymax></bndbox></object><object><name>proposal</name><bndbox><xmin>242</xmin><ymin>697</ymin><xmax>57</xmax><ymax>67</ymax></bndbox></object><object><name>proposal</name><bndbox><xmin>188</xmin><ymin>609</ymin><xmax>180</xmax><ymax>191</ymax></bndbox></object><object><name>proposal</name><bndbox><xmin>654</xmin><ymin>589</ymin><xmax>92</xmax><ymax>91</ymax></bndbox></object><object><name>proposal</name><bndbox><xmin>512</xmin><ymin>336</ymin><xmax>76</xmax><ymax>144</ymax></bndbox></object><object><name>proposal</name><bndbox><xmin>189</xmin><ymin>726</ymin><xmax>82</xmax><ymax>74</ymax></bndbox></object><object><name>proposal</name><bndbox><xmin>574</xmin><ymin>572</ymin><xmax>129</xmax><ymax>121</ymax></bndbox></object><object><name>proposal</name><bndbox><xmin>523</xmin><ymin>124</ymin><xmax>68</xmax><ymax>65</ymax></bndbox></object><object><name>proposal</name><bndbox><xmin>223</xmin><ymin>697</ymin><xmax>77</xmax><ymax>79</ymax></bndbox></object><object><name>proposal</name><bndbox><xmin>371</xmin><ymin>400</ymin><xmax>201</xmax><ymax>119</ymax></bndbox></object><object><name>proposal</name><bndbox><xmin>519</xmin><ymin>24</ymin><xmax>147</xmax><ymax>159</ymax></bndbox></object><object><name>proposal</name><bndbox><xmin>292</xmin><ymin>416</ymin><xmax>146</xmax><ymax>174</ymax></bndbox></object><object><name>proposal</name><bndbox><xmin>341</xmin><ymin>480</ymin><xmax>137</xmax><ymax>101</ymax></bndbox></object><object><name>proposal</name><bndbox><xmin>306</xmin><ymin>341</ymin><xmax>251</xmax><ymax>264</ymax></bndbox></object><object><name>proposal</name><bndbox><xmin>287</xmin><ymin>744</ymin><xmax>38</xmax><ymax>56</ymax></bndbox></object><object><name>proposal</name><bndbox><xmin>512</xmin><ymin>349</ymin><xmax>69</xmax><ymax>113</ymax></bndbox></object><object><name>proposal</name><bndbox><xmin>247</xmin><ymin>697</ymin><xmax>39</xmax><ymax>60</ymax></bndbox></object><object><name>proposal</name><bndbox><xmin>586</xmin><ymin>553</ymin><xmax>130</xmax><ymax>140</ymax></bndbox></object><object><name>proposal</name><bndbox><xmin>620</xmin><ymin>548</ymin><xmax>57</xmax><ymax>50</ymax></bndbox></object><object><name>proposal</name><bndbox><xmin>341</xmin><ymin>499</ymin><xmax>61</xmax><ymax>85</ymax></bndbox></object><object><name>proposal</name><bndbox><xmin>223</xmin><ymin>608</ymin><xmax>145</xmax><ymax>168</ymax></bndbox></object><object><name>proposal</name><bndbox><xmin>371</xmin><ymin>400</ymin><xmax>201</xmax><ymax>189</ymax></bndbox></object><object><name>proposal</name><bndbox><xmin>235</xmin><ymin>744</ymin><xmax>58</xmax><ymax>56</ymax></bndbox></object><object><name>proposal</name><bndbox><xmin>402</xmin><ymin>517</ymin><xmax>76</xmax><ymax>63</ymax></bndbox></object><object><name>proposal</name><bndbox><xmin>188</xmin><ymin>619</ymin><xmax>173</xmax><ymax>181</ymax></bndbox></object><object><name>proposal</name><bndbox><xmin>371</xmin><ymin>336</ymin><xmax>223</xmax><ymax>183</ymax></bndbox></object><object><name>proposal</name><bndbox><xmin>481</xmin><ymin>272</ymin><xmax>146</xmax><ymax>197</ymax></bndbox></object><object><name>proposal</name><bndbox><xmin>523</xmin><ymin>94</ymin><xmax>70</xmax><ymax>95</ymax></bndbox></object><object><name>proposal</name><bndbox><xmin>429</xmin><ymin>340</ymin><xmax>131</xmax><ymax>103</ymax></bndbox></object><object><name>proposal</name><bndbox><xmin>390</xmin><ymin>340</ymin><xmax>194</xmax><ymax>245</ymax></bndbox></object><object><name>proposal</name><bndbox><xmin>654</xmin><ymin>569</ymin><xmax>106</xmax><ymax>90</ymax></bndbox></object><object><name>proposal</name><bndbox><xmin>663</xmin><ymin>567</ymin><xmax>63</xmax><ymax>35</ymax></bndbox></object><object><name>proposal</name><bndbox><xmin>644</xmin><ymin>567</ymin><xmax>66</xmax><ymax>23</ymax></bndbox></object><object><name>proposal</name><bndbox><xmin>270</xmin><ymin>232</ymin><xmax>287</xmax><ymax>232</ymax></bndbox></object><object><name>proposal</name><bndbox><xmin>511</xmin><ymin>347</ymin><xmax>69</xmax><ymax>122</ymax></bndbox></object><object><name>proposal</name><bndbox><xmin>654</xmin><ymin>590</ymin><xmax>106</xmax><ymax>69</ymax></bndbox></object><object><name>proposal</name><bndbox><xmin>595</xmin><ymin>516</ymin><xmax>115</xmax><ymax>110</ymax></bndbox></object><object><name>proposal</name><bndbox><xmin>321</xmin><ymin>403</ymin><xmax>232</xmax><ymax>183</ymax></bndbox></object><object><name>proposal</name><bndbox><xmin>331</xmin><ymin>277</ymin><xmax>158</xmax><ymax>308</ymax></bndbox></object><object><name>proposal</name><bndbox><xmin>639</xmin><ymin>589</ymin><xmax>107</xmax><ymax>78</ymax></bndbox></object><object><name>proposal</name><bndbox><xmin>536</xmin><ymin>149</ymin><xmax>46</xmax><ymax>79</ymax></bndbox></object><object><name>proposal</name><bndbox><xmin>541</xmin><ymin>571</ymin><xmax>162</xmax><ymax>96</ymax></bndbox></object><object><name>proposal</name><bndbox><xmin>308</xmin><ymin>494</ymin><xmax>94</xmax><ymax>91</ymax></bndbox></object><object><name>proposal</name><bndbox><xmin>306</xmin><ymin>464</ymin><xmax>124</xmax><ymax>79</ymax></bndbox></object><object><name>proposal</name><bndbox><xmin>292</xmin><ymin>445</ymin><xmax>190</xmax><ymax>145</ymax></bndbox></object><object><name>proposal</name><bndbox><xmin>414</xmin><ymin>336</ymin><xmax>87</xmax><ymax>78</ymax></bndbox></object><object><name>proposal</name><bndbox><xmin>414</xmin><ymin>336</ymin><xmax>116</xmax><ymax>106</ymax></bndbox></object><object><name>proposal</name><bndbox><xmin>268</xmin><ymin>375</ymin><xmax>200</xmax><ymax>213</ymax></bndbox></object><object><name>proposal</name><bndbox><xmin>189</xmin><ymin>687</ymin><xmax>134</xmax><ymax>113</ymax></bndbox></object><object><name>proposal</name><bndbox><xmin>400</xmin><ymin>517</ymin><xmax>78</xmax><ymax>63</ymax></bndbox></object><object><name>proposal</name><bndbox><xmin>582</xmin><ymin>548</ymin><xmax>95</xmax><ymax>65</ymax></bndbox></object><object><name>proposal</name><bndbox><xmin>413</xmin><ymin>227</ymin><xmax>205</xmax><ymax>195</ymax></bndbox></object><object><name>proposal</name><bndbox><xmin>356</xmin><ymin>486</ymin><xmax>201</xmax><ymax>119</ymax></bndbox></object><object><name>proposal</name><bndbox><xmin>438</xmin><ymin>352</ymin><xmax>71</xmax><ymax>55</ymax></bndbox></object><object><name>proposal</name><bndbox><xmin>595</xmin><ymin>515</ymin><xmax>78</xmax><ymax>103</ymax></bndbox></object><object><name>proposal</name><bndbox><xmin>373</xmin><ymin>268</ymin><xmax>268</xmax><ymax>244</ymax></bndbox></object><object><name>proposal</name><bndbox><xmin>529</xmin><ymin>90</ymin><xmax>88</xmax><ymax>83</ymax></bndbox></object><object><name>proposal</name><bndbox><xmin>498</xmin><ymin>126</ymin><xmax>101</xmax><ymax>129</ymax></bndbox></object><object><name>proposal</name><bndbox><xmin>497</xmin><ymin>328</ymin><xmax>83</xmax><ymax>167</ymax></bndbox></object><object><name>proposal</name><bndbox><xmin>341</xmin><ymin>480</ymin><xmax>141</xmax><ymax>101</ymax></bndbox></object><object><name>proposal</name><bndbox><xmin>578</xmin><ymin>549</ymin><xmax>168</xmax><ymax>168</ymax></bndbox></object><object><name>proposal</name><bndbox><xmin>188</xmin><ymin>654</ymin><xmax>176</xmax><ymax>146</ymax></bndbox></object><object><name>proposal</name><bndbox><xmin>481</xmin><ymin>339</ymin><xmax>99</xmax><ymax>130</ymax></bndbox></object><object><name>proposal</name><bndbox><xmin>586</xmin><ymin>567</ymin><xmax>170</xmax><ymax>128</ymax></bndbox></object><object><name>proposal</name><bndbox><xmin>620</xmin><ymin>569</ymin><xmax>152</xmax><ymax>167</ymax></bndbox></object><object><name>proposal</name><bndbox><xmin>577</xmin><ymin>516</ymin><xmax>99</xmax><ymax>139</ymax></bndbox></object><object><name>proposal</name><bndbox><xmin>541</xmin><ymin>141</ymin><xmax>47</xmax><ymax>44</ymax></bndbox></object><object><name>proposal</name><bndbox><xmin>385</xmin><ymin>477</ymin><xmax>147</xmax><ymax>111</ymax></bndbox></object><object><name>proposal</name><bndbox><xmin>189</xmin><ymin>687</ymin><xmax>128</xmax><ymax>113</ymax></bndbox></object><object><name>proposal</name><bndbox><xmin>407</xmin><ymin>491</ymin><xmax>147</xmax><ymax>95</ymax></bndbox></object><object><name>proposal</name><bndbox><xmin>208</xmin><ymin>611</ymin><xmax>90</xmax><ymax>173</ymax></bndbox></object><object><name>proposal</name><bndbox><xmin>498</xmin><ymin>40</ymin><xmax>101</xmax><ymax>143</ymax></bndbox></object><object><name>proposal</name><bndbox><xmin>386</xmin><ymin>273</ymin><xmax>256</xmax><ymax>270</ymax></bndbox></object><object><name>proposal</name><bndbox><xmin>431</xmin><ymin>491</ymin><xmax>124</xmax><ymax>95</ymax></bndbox></object><object><name>proposal</name><bndbox><xmin>189</xmin><ymin>742</ymin><xmax>104</xmax><ymax>58</ymax></bndbox></object><object><name>proposal</name><bndbox><xmin>429</xmin><ymin>340</ymin><xmax>151</xmax><ymax>129</ymax></bndbox></object><object><name>proposal</name><bndbox><xmin>235</xmin><ymin>677</ymin><xmax>121</xmax><ymax>123</ymax></bndbox></object><object><name>proposal</name><bndbox><xmin>496</xmin><ymin>356</ymin><xmax>76</xmax><ymax>106</ymax></bndbox></object><object><name>proposal</name><bndbox><xmin>604</xmin><ymin>569</ymin><xmax>106</xmax><ymax>90</ymax></bndbox></object><object><name>proposal</name><bndbox><xmin>604</xmin><ymin>557</ymin><xmax>112</xmax><ymax>96</ymax></bndbox></object><object><name>proposal</name><bndbox><xmin>361</xmin><ymin>328</ymin><xmax>169</xmax><ymax>114</ymax></bndbox></object><object><name>proposal</name><bndbox><xmin>328</xmin><ymin>506</ymin><xmax>74</xmax><ymax>79</ymax></bndbox></object><object><name>proposal</name><bndbox><xmin>386</xmin><ymin>477</ymin><xmax>133</xmax><ymax>83</ymax></bndbox></object><object><name>proposal</name><bndbox><xmin>189</xmin><ymin>687</ymin><xmax>120</xmax><ymax>113</ymax></bndbox></object><object><name>proposal</name><bndbox><xmin>518</xmin><ymin>40</ymin><xmax>84</xmax><ymax>123</ymax></bndbox></object><object><name>proposal</name><bndbox><xmin>235</xmin><ymin>714</ymin><xmax>74</xmax><ymax>86</ymax></bndbox></object><object><name>proposal</name><bndbox><xmin>388</xmin><ymin>493</ymin><xmax>77</xmax><ymax>48</ymax></bndbox></object><object><name>proposal</name><bndbox><xmin>616</xmin><ymin>549</ymin><xmax>87</xmax><ymax>94</ymax></bndbox></object><object><name>proposal</name><bndbox><xmin>604</xmin><ymin>477</ymin><xmax>101</xmax><ymax>157</ymax></bndbox></object><object><name>proposal</name><bndbox><xmin>498</xmin><ymin>150</ymin><xmax>95</xmax><ymax>116</ymax></bndbox></object><object><name>proposal</name><bndbox><xmin>620</xmin><ymin>569</ymin><xmax>83</xmax><ymax>50</ymax></bndbox></object><object><name>proposal</name><bndbox><xmin>492</xmin><ymin>355</ymin><xmax>88</xmax><ymax>103</ymax></bndbox></object><object><name>proposal</name><bndbox><xmin>518</xmin><ymin>40</ymin><xmax>84</xmax><ymax>145</ymax></bndbox></object><object><name>proposal</name><bndbox><xmin>391</xmin><ymin>340</ymin><xmax>189</xmax><ymax>171</ymax></bndbox></object><object><name>proposal</name><bndbox><xmin>341</xmin><ymin>400</ymin><xmax>208</xmax><ymax>205</ymax></bndbox></object><object><name>proposal</name><bndbox><xmin>359</xmin><ymin>336</ymin><xmax>180</xmax><ymax>131</ymax></bndbox></object><object><name>proposal</name><bndbox><xmin>265</xmin><ymin>687</ymin><xmax>52</xmax><ymax>70</ymax></bndbox></object><object><name>proposal</name><bndbox><xmin>428</xmin><ymin>491</ymin><xmax>125</xmax><ymax>95</ymax></bndbox></object><object><name>proposal</name><bndbox><xmin>188</xmin><ymin>723</ymin><xmax>142</xmax><ymax>77</ymax></bndbox></object><object><name>proposal</name><bndbox><xmin>320</xmin><ymin>286</ymin><xmax>229</xmax><ymax>319</ymax></bndbox></object><object><name>proposal</name><bndbox><xmin>558</xmin><ymin>567</ymin><xmax>188</xmax><ymax>150</ymax></bndbox></object><object><name>proposal</name><bndbox><xmin>527</xmin><ymin>139</ymin><xmax>62</xmax><ymax>46</ymax></bndbox></object><object><name>proposal</name><bndbox><xmin>526</xmin><ymin>133</ymin><xmax>57</xmax><ymax>50</ymax></bndbox></object><object><name>proposal</name><bndbox><xmin>639</xmin><ymin>587</ymin><xmax>61</xmax><ymax>80</ymax></bndbox></object><object><name>proposal</name><bndbox><xmin>526</xmin><ymin>130</ymin><xmax>73</xmax><ymax>53</ymax></bndbox></object><object><name>proposal</name><bndbox><xmin>203</xmin><ymin>611</ymin><xmax>82</xmax><ymax>189</ymax></bndbox></object><object><name>proposal</name><bndbox><xmin>599</xmin><ymin>567</ymin><xmax>117</xmax><ymax>59</ymax></bndbox></object><object><name>proposal</name><bndbox><xmin>616</xmin><ymin>567</ymin><xmax>110</xmax><ymax>59</ymax></bndbox></object><object><name>proposal</name><bndbox><xmin>360</xmin><ymin>249</ymin><xmax>286</xmax><ymax>220</ymax></bndbox></object><object><name>proposal</name><bndbox><xmin>359</xmin><ymin>262</ymin><xmax>221</xmax><ymax>207</ymax></bndbox></object><object><name>proposal</name><bndbox><xmin>428</xmin><ymin>350</ymin><xmax>78</xmax><ymax>91</ymax></bndbox></object><object><name>proposal</name><bndbox><xmin>390</xmin><ymin>340</ymin><xmax>170</xmax><ymax>172</ymax></bndbox></object><object><name>proposal</name><bndbox><xmin>616</xmin><ymin>572</ymin><xmax>87</xmax><ymax>99</ymax></bndbox></object><object><name>proposal</name><bndbox><xmin>447</xmin><ymin>81</ymin><xmax>135</xmax><ymax>147</ymax></bndbox></object><object><name>proposal</name><bndbox><xmin>342</xmin><ymin>336</ymin><xmax>223</xmax><ymax>155</ymax></bndbox></object><object><name>proposal</name><bndbox><xmin>354</xmin><ymin>336</ymin><xmax>140</xmax><ymax>205</ymax></bndbox></object><object><name>proposal</name><bndbox><xmin>492</xmin><ymin>320</ymin><xmax>96</xmax><ymax>152</ymax></bndbox></object><object><name>proposal</name><bndbox><xmin>604</xmin><ymin>569</ymin><xmax>118</xmax><ymax>84</ymax></bndbox></object><object><name>proposal</name><bndbox><xmin>541</xmin><ymin>141</ymin><xmax>48</xmax><ymax>62</ymax></bndbox></object><object><name>proposal</name><bndbox><xmin>208</xmin><ymin>611</ymin><xmax>77</xmax><ymax>173</ymax></bndbox></object><object><name>proposal</name><bndbox><xmin>188</xmin><ymin>723</ymin><xmax>118</xmax><ymax>77</ymax></bndbox></object><object><name>proposal</name><bndbox><xmin>391</xmin><ymin>410</ymin><xmax>154</xmax><ymax>101</ymax></bndbox></object><object><name>proposal</name><bndbox><xmin>522</xmin><ymin>86</ymin><xmax>98</xmax><ymax>97</ymax></bndbox></object><object><name>proposal</name><bndbox><xmin>522</xmin><ymin>94</ymin><xmax>70</xmax><ymax>134</ymax></bndbox></object><object><name>proposal</name><bndbox><xmin>615</xmin><ymin>549</ymin><xmax>95</xmax><ymax>110</ymax></bndbox></object><object><name>proposal</name><bndbox><xmin>414</xmin><ymin>344</ymin><xmax>59</xmax><ymax>69</ymax></bndbox></object><object><name>proposal</name><bndbox><xmin>189</xmin><ymin>691</ymin><xmax>128</xmax><ymax>109</ymax></bndbox></object><object><name>proposal</name><bndbox><xmin>320</xmin><ymin>334</ymin><xmax>225</xmax><ymax>182</ymax></bndbox></object><object><name>proposal</name><bndbox><xmin>527</xmin><ymin>139</ymin><xmax>61</xmax><ymax>44</ymax></bndbox></object><object><name>proposal</name><bndbox><xmin>639</xmin><ymin>569</ymin><xmax>64</xmax><ymax>50</ymax></bndbox></object><object><name>proposal</name><bndbox><xmin>292</xmin><ymin>403</ymin><xmax>261</xmax><ymax>187</ymax></bndbox></object><object><name>proposal</name><bndbox><xmin>271</xmin><ymin>659</ymin><xmax>75</xmax><ymax>141</ymax></bndbox></object><object><name>proposal</name><bndbox><xmin>620</xmin><ymin>569</ymin><xmax>96</xmax><ymax>50</ymax></bndbox></object><object><name>proposal</name><bndbox><xmin>486</xmin><ymin>133</ymin><xmax>106</xmax><ymax>132</ymax></bndbox></object><object><name>proposal</name><bndbox><xmin>540</xmin><ymin>40</ymin><xmax>63</xmax><ymax>118</ymax></bndbox></object><object><name>proposal</name><bndbox><xmin>540</xmin><ymin>40</ymin><xmax>59</xmax><ymax>118</ymax></bndbox></object><object><name>proposal</name><bndbox><xmin>296</xmin><ymin>500</ymin><xmax>206</xmax><ymax>90</ymax></bndbox></object><object><name>proposal</name><bndbox><xmin>427</xmin><ymin>346</ymin><xmax>103</xmax><ymax>96</ymax></bndbox></object><object><name>proposal</name><bndbox><xmin>390</xmin><ymin>340</ymin><xmax>190</xmax><ymax>172</ymax></bndbox></object><object><name>proposal</name><bndbox><xmin>188</xmin><ymin>723</ymin><xmax>105</xmax><ymax>77</ymax></bndbox></object><object><name>proposal</name><bndbox><xmin>518</xmin><ymin>40</ymin><xmax>97</xmax><ymax>130</ymax></bndbox></object><object><name>proposal</name><bndbox><xmin>518</xmin><ymin>24</ymin><xmax>145</xmax><ymax>149</ymax></bndbox></object><object><name>proposal</name><bndbox><xmin>498</xmin><ymin>147</ymin><xmax>81</xmax><ymax>119</ymax></bndbox></object><object><name>proposal</name><bndbox><xmin>357</xmin><ymin>427</ymin><xmax>211</xmax><ymax>212</ymax></bndbox></object><object><name>proposal</name><bndbox><xmin>373</xmin><ymin>331</ymin><xmax>211</xmax><ymax>258</ymax></bndbox></object><object><name>proposal</name><bndbox><xmin>470</xmin><ymin>149</ymin><xmax>125</xmax><ymax>106</ymax></bndbox></object><object><name>proposal</name><bndbox><xmin>654</xmin><ymin>590</ymin><xmax>62</xmax><ymax>63</ymax></bndbox></object><object><name>proposal</name><bndbox><xmin>203</xmin><ymin>677</ymin><xmax>153</xmax><ymax>123</ymax></bndbox></object><object><name>proposal</name><bndbox><xmin>620</xmin><ymin>549</ymin><xmax>103</xmax><ymax>68</ymax></bndbox></object><object><name>proposal</name><bndbox><xmin>351</xmin><ymin>486</ymin><xmax>206</xmax><ymax>103</ymax></bndbox></object><object><name>proposal</name><bndbox><xmin>359</xmin><ymin>228</ymin><xmax>246</xmax><ymax>241</ymax></bndbox></object><object><name>proposal</name><bndbox><xmin>427</xmin><ymin>346</ymin><xmax>112</xmax><ymax>121</ymax></bndbox></object><object><name>proposal</name><bndbox><xmin>386</xmin><ymin>477</ymin><xmax>56</xmax><ymax>66</ymax></bndbox></object><object><name>proposal</name><bndbox><xmin>572</xmin><ymin>567</ymin><xmax>169</xmax><ymax>128</ymax></bndbox></object><object><name>proposal</name><bndbox><xmin>654</xmin><ymin>569</ymin><xmax>89</xmax><ymax>125</ymax></bndbox></object><object><name>proposal</name><bndbox><xmin>518</xmin><ymin>40</ymin><xmax>97</xmax><ymax>163</ymax></bndbox></object><object><name>proposal</name><bndbox><xmin>225</xmin><ymin>698</ymin><xmax>89</xmax><ymax>78</ymax></bndbox></object><object><name>proposal</name><bndbox><xmin>639</xmin><ymin>569</ymin><xmax>77</xmax><ymax>47</ymax></bndbox></object><object><name>proposal</name><bndbox><xmin>541</xmin><ymin>571</ymin><xmax>165</xmax><ymax>122</ymax></bndbox></object><object><name>proposal</name><bndbox><xmin>526</xmin><ymin>40</ymin><xmax>73</xmax><ymax>143</ymax></bndbox></object><object><name>proposal</name><bndbox><xmin>529</xmin><ymin>92</ymin><xmax>88</xmax><ymax>68</ymax></bndbox></object><object><name>proposal</name><bndbox><xmin>580</xmin><ymin>488</ymin><xmax>136</xmax><ymax>132</ymax></bndbox></object><object><name>proposal</name><bndbox><xmin>371</xmin><ymin>486</ymin><xmax>148</xmax><ymax>98</ymax></bndbox></object><object><name>proposal</name><bndbox><xmin>498</xmin><ymin>126</ymin><xmax>81</xmax><ymax>140</ymax></bndbox></object><object><name>proposal</name><bndbox><xmin>328</xmin><ymin>506</ymin><xmax>65</xmax><ymax>60</ymax></bndbox></object><object><name>proposal</name><bndbox><xmin>616</xmin><ymin>549</ymin><xmax>107</xmax><ymax>94</ymax></bndbox></object><object><name>proposal</name><bndbox><xmin>364</xmin><ymin>494</ymin><xmax>130</xmax><ymax>91</ymax></bndbox></object><object><name>proposal</name><bndbox><xmin>518</xmin><ymin>120</ymin><xmax>75</xmax><ymax>63</ymax></bndbox></object><object><name>proposal</name><bndbox><xmin>280</xmin><ymin>693</ymin><xmax>36</xmax><ymax>59</ymax></bndbox></object><object><name>proposal</name><bndbox><xmin>492</xmin><ymin>338</ymin><xmax>88</xmax><ymax>120</ymax></bndbox></object><object><name>proposal</name><bndbox><xmin>185</xmin><ymin>631</ymin><xmax>166</xmax><ymax>169</ymax></bndbox></object><object><name>proposal</name><bndbox><xmin>540</xmin><ymin>40</ymin><xmax>89</xmax><ymax>118</ymax></bndbox></object><object><name>proposal</name><bndbox><xmin>522</xmin><ymin>124</ymin><xmax>70</xmax><ymax>65</ymax></bndbox></object><object><name>proposal</name><bndbox><xmin>357</xmin><ymin>494</ymin><xmax>137</xmax><ymax>145</ymax></bndbox></object><object><name>proposal</name><bndbox><xmin>636</xmin><ymin>561</ymin><xmax>74</xmax><ymax>29</ymax></bndbox></object><object><name>proposal</name><bndbox><xmin>404</xmin><ymin>499</ymin><xmax>60</xmax><ymax>44</ymax></bndbox></object><object><name>proposal</name><bndbox><xmin>518</xmin><ymin>90</ymin><xmax>99</xmax><ymax>70</ymax></bndbox></object><object><name>proposal</name><bndbox><xmin>388</xmin><ymin>491</ymin><xmax>165</xmax><ymax>92</ymax></bndbox></object><object><name>proposal</name><bndbox><xmin>414</xmin><ymin>336</ymin><xmax>59</xmax><ymax>84</ymax></bndbox></object><object><name>proposal</name><bndbox><xmin>595</xmin><ymin>516</ymin><xmax>81</xmax><ymax>103</ymax></bndbox></object><object><name>proposal</name><bndbox><xmin>439</xmin><ymin>356</ymin><xmax>89</xmax><ymax>78</ymax></bndbox></object><object><name>proposal</name><bndbox><xmin>523</xmin><ymin>124</ymin><xmax>68</xmax><ymax>104</ymax></bndbox></object><object><name>proposal</name><bndbox><xmin>604</xmin><ymin>557</ymin><xmax>101</xmax><ymax>96</ymax></bndbox></object><object><name>proposal</name><bndbox><xmin>415</xmin><ymin>343</ymin><xmax>119</xmax><ymax>167</ymax></bndbox></object><object><name>proposal</name><bndbox><xmin>320</xmin><ymin>286</ymin><xmax>181</xmax><ymax>202</ymax></bndbox></object><object><name>proposal</name><bndbox><xmin>271</xmin><ymin>693</ymin><xmax>45</xmax><ymax>59</ymax></bndbox></object><object><name>proposal</name><bndbox><xmin>608</xmin><ymin>489</ymin><xmax>101</xmax><ymax>156</ymax></bndbox></object><object><name>proposal</name><bndbox><xmin>287</xmin><ymin>744</ymin><xmax>54</xmax><ymax>56</ymax></bndbox></object><object><name>proposal</name><bndbox><xmin>577</xmin><ymin>515</ymin><xmax>96</xmax><ymax>141</ymax></bndbox></object><object><name>proposal</name><bndbox><xmin>536</xmin><ymin>129</ymin><xmax>63</xmax><ymax>54</ymax></bndbox></object><object><name>proposal</name><bndbox><xmin>432</xmin><ymin>40</ymin><xmax>167</xmax><ymax>159</ymax></bndbox></object><object><name>proposal</name><bndbox><xmin>518</xmin><ymin>40</ymin><xmax>102</xmax><ymax>123</ymax></bndbox></object><object><name>proposal</name><bndbox><xmin>578</xmin><ymin>488</ymin><xmax>125</xmax><ymax>179</ymax></bndbox></object><object><name>proposal</name><bndbox><xmin>518</xmin><ymin>40</ymin><xmax>148</xmax><ymax>145</ymax></bndbox></object><object><name>proposal</name><bndbox><xmin>298</xmin><ymin>340</ymin><xmax>286</xmax><ymax>241</ymax></bndbox></object><object><name>proposal</name><bndbox><xmin>189</xmin><ymin>697</ymin><xmax>117</xmax><ymax>103</ymax></bndbox></object><object><name>proposal</name><bndbox><xmin>439</xmin><ymin>356</ymin><xmax>136</xmax><ymax>113</ymax></bndbox></object><object><name>proposal</name><bndbox><xmin>343</xmin><ymin>486</ymin><xmax>214</xmax><ymax>103</ymax></bndbox></object><object><name>proposal</name><bndbox><xmin>616</xmin><ymin>572</ymin><xmax>142</xmax><ymax>78</ymax></bndbox></object><object><name>proposal</name><bndbox><xmin>220</xmin><ymin>699</ymin><xmax>97</xmax><ymax>85</ymax></bndbox></object><object><name>proposal</name><bndbox><xmin>615</xmin><ymin>569</ymin><xmax>110</xmax><ymax>90</ymax></bndbox></object><object><name>proposal</name><bndbox><xmin>428</xmin><ymin>491</ymin><xmax>125</xmax><ymax>98</ymax></bndbox></object><object><name>proposal</name><bndbox><xmin>341</xmin><ymin>414</ymin><xmax>208</xmax><ymax>163</ymax></bndbox></object><object><name>proposal</name><bndbox><xmin>428</xmin><ymin>485</ymin><xmax>126</xmax><ymax>100</ymax></bndbox></object><object><name>proposal</name><bndbox><xmin>518</xmin><ymin>40</ymin><xmax>148</xmax><ymax>123</ymax></bndbox></object><object><name>proposal</name><bndbox><xmin>189</xmin><ymin>726</ymin><xmax>117</xmax><ymax>74</ymax></bndbox></object><object><name>proposal</name><bndbox><xmin>327</xmin><ymin>477</ymin><xmax>205</xmax><ymax>111</ymax></bndbox></object><object><name>proposal</name><bndbox><xmin>428</xmin><ymin>339</ymin><xmax>152</xmax><ymax>156</ymax></bndbox></object><object><name>proposal</name><bndbox><xmin>304</xmin><ymin>225</ymin><xmax>226</xmax><ymax>240</ymax></bndbox></object><object><name>proposal</name><bndbox><xmin>616</xmin><ymin>549</ymin><xmax>107</xmax><ymax>110</ymax></bndbox></object><object><name>proposal</name><bndbox><xmin>271</xmin><ymin>462</ymin><xmax>209</xmax><ymax>128</ymax></bndbox></object><object><name>proposal</name><bndbox><xmin>189</xmin><ymin>726</ymin><xmax>134</xmax><ymax>74</ymax></bndbox></object><object><name>proposal</name><bndbox><xmin>399</xmin><ymin>494</ymin><xmax>95</xmax><ymax>47</ymax></bndbox></object><object><name>proposal</name><bndbox><xmin>603</xmin><ymin>464</ymin><xmax>100</xmax><ymax>162</ymax></bndbox></object><object><name>proposal</name><bndbox><xmin>414</xmin><ymin>336</ymin><xmax>59</xmax><ymax>78</ymax></bndbox></object><object><name>proposal</name><bndbox><xmin>223</xmin><ymin>640</ymin><xmax>135</xmax><ymax>136</ymax></bndbox></object><object><name>proposal</name><bndbox><xmin>281</xmin><ymin>416</ymin><xmax>273</xmax><ymax>184</ymax></bndbox></object><object><name>proposal</name><bndbox><xmin>603</xmin><ymin>498</ymin><xmax>100</xmax><ymax>128</ymax></bndbox></object><object><name>proposal</name><bndbox><xmin>616</xmin><ymin>572</ymin><xmax>143</xmax><ymax>108</ymax></bndbox></object><object><name>proposal</name><bndbox><xmin>518</xmin><ymin>86</ymin><xmax>99</xmax><ymax>87</ymax></bndbox></object><object><name>proposal</name><bndbox><xmin>604</xmin><ymin>549</ymin><xmax>112</xmax><ymax>104</ymax></bndbox></object><object><name>proposal</name><bndbox><xmin>341</xmin><ymin>477</ymin><xmax>191</xmax><ymax>111</ymax></bndbox></object><object><name>proposal</name><bndbox><xmin>391</xmin><ymin>143</ymin><xmax>189</xmax><ymax>326</ymax></bndbox></object><object><name>proposal</name><bndbox><xmin>595</xmin><ymin>493</ymin><xmax>110</xmax><ymax>126</ymax></bndbox></object><object><name>proposal</name><bndbox><xmin>390</xmin><ymin>340</ymin><xmax>194</xmax><ymax>179</ymax></bndbox></object><object><name>proposal</name><bndbox><xmin>639</xmin><ymin>569</ymin><xmax>123</xmax><ymax>167</ymax></bndbox></object><object><name>proposal</name><bndbox><xmin>492</xmin><ymin>356</ymin><xmax>65</xmax><ymax>106</ymax></bndbox></object><object><name>proposal</name><bndbox><xmin>188</xmin><ymin>608</ymin><xmax>180</xmax><ymax>192</ymax></bndbox></object><object><name>proposal</name><bndbox><xmin>185</xmin><ymin>619</ymin><xmax>166</xmax><ymax>181</ymax></bndbox></object><object><name>proposal</name><bndbox><xmin>414</xmin><ymin>336</ymin><xmax>59</xmax><ymax>77</ymax></bndbox></object><object><name>proposal</name><bndbox><xmin>558</xmin><ymin>568</ymin><xmax>143</xmax><ymax>58</ymax></bndbox></object><object><name>proposal</name><bndbox><xmin>577</xmin><ymin>516</ymin><xmax>96</xmax><ymax>139</ymax></bndbox></object><object><name>proposal</name><bndbox><xmin>341</xmin><ymin>453</ymin><xmax>137</xmax><ymax>127</ymax></bndbox></object><object><name>proposal</name><bndbox><xmin>526</xmin><ymin>124</ymin><xmax>66</xmax><ymax>65</ymax></bndbox></object></annotation>