<annotation><folder>Proposals</folder><filename>img-495.jpg</filename><size><width>544</width><height>300</height><depth>3</depth></size><object><name>proposal</name><bndbox><xmin>0</xmin><ymin>584</ymin><xmax>651</xmax><ymax>216</ymax></bndbox></object><object><name>proposal</name><bndbox><xmin>350</xmin><ymin>322</ymin><xmax>397</xmax><ymax>478</ymax></bndbox></object><object><name>proposal</name><bndbox><xmin>390</xmin><ymin>241</ymin><xmax>410</xmax><ymax>559</ymax></bndbox></object><object><name>proposal</name><bndbox><xmin>0</xmin><ymin>0</ymin><xmax>671</xmax><ymax>800</ymax></bndbox></object><object><name>proposal</name><bndbox><xmin>638</xmin><ymin>250</ymin><xmax>162</xmax><ymax>550</ymax></bndbox></object><object><name>proposal</name><bndbox><xmin>285</xmin><ymin>0</ymin><xmax>515</xmax><ymax>344</ymax></bndbox></object><object><name>proposal</name><bndbox><xmin>398</xmin><ymin>357</ymin><xmax>351</xmax><ymax>443</ymax></bndbox></object><object><name>proposal</name><bndbox><xmin>0</xmin><ymin>341</ymin><xmax>800</xmax><ymax>459</ymax></bndbox></object><object><name>proposal</name><bndbox><xmin>285</xmin><ymin>474</ymin><xmax>368</xmax><ymax>270</ymax></bndbox></object><object><name>proposal</name><bndbox><xmin>307</xmin><ymin>337</ymin><xmax>442</xmax><ymax>463</ymax></bndbox></object><object><name>proposal</name><bndbox><xmin>0</xmin><ymin>326</ymin><xmax>662</xmax><ymax>403</ymax></bndbox></object><object><name>proposal</name><bndbox><xmin>433</xmin><ymin>48</ymin><xmax>315</xmax><ymax>417</ymax></bndbox></object><object><name>proposal</name><bndbox><xmin>290</xmin><ymin>241</ymin><xmax>510</xmax><ymax>559</ymax></bndbox></object><object><name>proposal</name><bndbox><xmin>307</xmin><ymin>415</ymin><xmax>344</xmax><ymax>306</ymax></bndbox></object><object><name>proposal</name><bndbox><xmin>307</xmin><ymin>559</ymin><xmax>364</xmax><ymax>241</ymax></bndbox></object><object><name>proposal</name><bndbox><xmin>298</xmin><ymin>0</ymin><xmax>502</xmax><ymax>411</ymax></bndbox></object><object><name>proposal</name><bndbox><xmin>106</xmin><ymin>582</ymin><xmax>582</xmax><ymax>218</ymax></bndbox></object><object><name>proposal</name><bndbox><xmin>128</xmin><ymin>416</ymin><xmax>619</xmax><ymax>384</ymax></bndbox></object><object><name>proposal</name><bndbox><xmin>106</xmin><ymin>407</ymin><xmax>582</xmax><ymax>393</ymax></bndbox></object><object><name>proposal</name><bndbox><xmin>638</xmin><ymin>279</ymin><xmax>162</xmax><ymax>521</ymax></bndbox></object><object><name>proposal</name><bndbox><xmin>386</xmin><ymin>335</ymin><xmax>359</xmax><ymax>465</ymax></bndbox></object><object><name>proposal</name><bndbox><xmin>68</xmin><ymin>625</ymin><xmax>604</xmax><ymax>175</ymax></bndbox></object><object><name>proposal</name><bndbox><xmin>83</xmin><ymin>335</ymin><xmax>664</xmax><ymax>465</ymax></bndbox></object><object><name>proposal</name><bndbox><xmin>89</xmin><ymin>365</ymin><xmax>443</xmax><ymax>274</ymax></bndbox></object><object><name>proposal</name><bndbox><xmin>71</xmin><ymin>358</ymin><xmax>591</xmax><ymax>400</ymax></bndbox></object><object><name>proposal</name><bndbox><xmin>307</xmin><ymin>418</ymin><xmax>344</xmax><ymax>249</ymax></bndbox></object><object><name>proposal</name><bndbox><xmin>97</xmin><ymin>389</ymin><xmax>554</xmax><ymax>252</ymax></bndbox></object><object><name>proposal</name><bndbox><xmin>387</xmin><ymin>357</ymin><xmax>358</xmax><ymax>443</ymax></bndbox></object><object><name>proposal</name><bndbox><xmin>0</xmin><ymin>415</ymin><xmax>672</xmax><ymax>385</ymax></bndbox></object><object><name>proposal</name><bndbox><xmin>387</xmin><ymin>335</ymin><xmax>360</xmax><ymax>465</ymax></bndbox></object><object><name>proposal</name><bndbox><xmin>87</xmin><ymin>407</ymin><xmax>597</xmax><ymax>393</ymax></bndbox></object><object><name>proposal</name><bndbox><xmin>439</xmin><ymin>425</ymin><xmax>306</xmax><ymax>375</ymax></bndbox></object><object><name>proposal</name><bndbox><xmin>526</xmin><ymin>375</ymin><xmax>274</xmax><ymax>425</ymax></bndbox></object><object><name>proposal</name><bndbox><xmin>291</xmin><ymin>352</ymin><xmax>314</xmax><ymax>287</ymax></bndbox></object><object><name>proposal</name><bndbox><xmin>312</xmin><ymin>145</ymin><xmax>428</xmax><ymax>495</ymax></bndbox></object><object><name>proposal</name><bndbox><xmin>90</xmin><ymin>415</ymin><xmax>562</xmax><ymax>343</ymax></bndbox></object><object><name>proposal</name><bndbox><xmin>0</xmin><ymin>0</ymin><xmax>800</xmax><ymax>632</ymax></bndbox></object><object><name>proposal</name><bndbox><xmin>312</xmin><ymin>324</ymin><xmax>280</xmax><ymax>303</ymax></bndbox></object><object><name>proposal</name><bndbox><xmin>89</xmin><ymin>536</ymin><xmax>578</xmax><ymax>222</ymax></bndbox></object><object><name>proposal</name><bndbox><xmin>0</xmin><ymin>427</ymin><xmax>671</xmax><ymax>373</ymax></bndbox></object><object><name>proposal</name><bndbox><xmin>448</xmin><ymin>0</ymin><xmax>352</xmax><ymax>800</ymax></bndbox></object><object><name>proposal</name><bndbox><xmin>263</xmin><ymin>153</ymin><xmax>337</xmax><ymax>345</ymax></bndbox></object><object><name>proposal</name><bndbox><xmin>357</xmin><ymin>359</ymin><xmax>391</xmax><ymax>441</ymax></bndbox></object><object><name>proposal</name><bndbox><xmin>89</xmin><ymin>326</ymin><xmax>711</xmax><ymax>474</ymax></bndbox></object><object><name>proposal</name><bndbox><xmin>198</xmin><ymin>181</ymin><xmax>300</xmax><ymax>319</ymax></bndbox></object><object><name>proposal</name><bndbox><xmin>307</xmin><ymin>415</ymin><xmax>364</xmax><ymax>385</ymax></bndbox></object><object><name>proposal</name><bndbox><xmin>357</xmin><ymin>335</ymin><xmax>391</xmax><ymax>465</ymax></bndbox></object><object><name>proposal</name><bndbox><xmin>390</xmin><ymin>359</ymin><xmax>354</xmax><ymax>441</ymax></bndbox></object><object><name>proposal</name><bndbox><xmin>386</xmin><ymin>359</ymin><xmax>359</xmax><ymax>441</ymax></bndbox></object><object><name>proposal</name><bndbox><xmin>566</xmin><ymin>250</ymin><xmax>179</xmax><ymax>550</ymax></bndbox></object><object><name>proposal</name><bndbox><xmin>301</xmin><ymin>224</ymin><xmax>388</xmax><ymax>545</ymax></bndbox></object><object><name>proposal</name><bndbox><xmin>0</xmin><ymin>515</ymin><xmax>651</xmax><ymax>285</ymax></bndbox></object><object><name>proposal</name><bndbox><xmin>0</xmin><ymin>0</ymin><xmax>618</xmax><ymax>800</ymax></bndbox></object><object><name>proposal</name><bndbox><xmin>350</xmin><ymin>351</ymin><xmax>308</xmax><ymax>285</ymax></bndbox></object><object><name>proposal</name><bndbox><xmin>290</xmin><ymin>110</ymin><xmax>423</xmax><ymax>258</ymax></bndbox></object><object><name>proposal</name><bndbox><xmin>299</xmin><ymin>199</ymin><xmax>286</xmax><ymax>299</ymax></bndbox></object><object><name>proposal</name><bndbox><xmin>273</xmin><ymin>326</ymin><xmax>389</xmax><ymax>316</ymax></bndbox></object><object><name>proposal</name><bndbox><xmin>350</xmin><ymin>359</ymin><xmax>450</xmax><ymax>441</ymax></bndbox></object><object><name>proposal</name><bndbox><xmin>0</xmin><ymin>0</ymin><xmax>718</xmax><ymax>584</ymax></bndbox></object><object><name>proposal</name><bndbox><xmin>541</xmin><ymin>267</ymin><xmax>259</xmax><ymax>533</ymax></bndbox></object><object><name>proposal</name><bndbox><xmin>71</xmin><ymin>589</ymin><xmax>600</xmax><ymax>211</ymax></bndbox></object><object><name>proposal</name><bndbox><xmin>0</xmin><ymin>584</ymin><xmax>671</xmax><ymax>216</ymax></bndbox></object><object><name>proposal</name><bndbox><xmin>0</xmin><ymin>352</ymin><xmax>497</xmax><ymax>448</ymax></bndbox></object><object><name>proposal</name><bndbox><xmin>0</xmin><ymin>341</ymin><xmax>592</xmax><ymax>378</ymax></bndbox></object><object><name>proposal</name><bndbox><xmin>299</xmin><ymin>145</ymin><xmax>501</xmax><ymax>360</ymax></bndbox></object><object><name>proposal</name><bndbox><xmin>0</xmin><ymin>485</ymin><xmax>649</xmax><ymax>315</ymax></bndbox></object><object><name>proposal</name><bndbox><xmin>527</xmin><ymin>375</ymin><xmax>273</xmax><ymax>425</ymax></bndbox></object><object><name>proposal</name><bndbox><xmin>68</xmin><ymin>582</ymin><xmax>604</xmax><ymax>218</ymax></bndbox></object><object><name>proposal</name><bndbox><xmin>0</xmin><ymin>0</ymin><xmax>525</xmax><ymax>507</ymax></bndbox></object><object><name>proposal</name><bndbox><xmin>100</xmin><ymin>385</ymin><xmax>453</xmax><ymax>255</ymax></bndbox></object><object><name>proposal</name><bndbox><xmin>0</xmin><ymin>440</ymin><xmax>648</xmax><ymax>360</ymax></bndbox></object><object><name>proposal</name><bndbox><xmin>350</xmin><ymin>335</ymin><xmax>397</xmax><ymax>465</ymax></bndbox></object><object><name>proposal</name><bndbox><xmin>90</xmin><ymin>591</ymin><xmax>582</xmax><ymax>209</ymax></bndbox></object><object><name>proposal</name><bndbox><xmin>0</xmin><ymin>0</ymin><xmax>718</xmax><ymax>800</ymax></bndbox></object><object><name>proposal</name><bndbox><xmin>290</xmin><ymin>0</ymin><xmax>510</xmax><ymax>368</ymax></bndbox></object><object><name>proposal</name><bndbox><xmin>87</xmin><ymin>415</ymin><xmax>580</xmax><ymax>343</ymax></bndbox></object><object><name>proposal</name><bndbox><xmin>353</xmin><ymin>359</ymin><xmax>392</xmax><ymax>441</ymax></bndbox></object><object><name>proposal</name><bndbox><xmin>89</xmin><ymin>566</ymin><xmax>482</xmax><ymax>234</ymax></bndbox></object><object><name>proposal</name><bndbox><xmin>290</xmin><ymin>415</ymin><xmax>361</xmax><ymax>226</ymax></bndbox></object><object><name>proposal</name><bndbox><xmin>51</xmin><ymin>0</ymin><xmax>549</xmax><ymax>502</ymax></bndbox></object><object><name>proposal</name><bndbox><xmin>261</xmin><ymin>416</ymin><xmax>390</xmax><ymax>224</ymax></bndbox></object><object><name>proposal</name><bndbox><xmin>0</xmin><ymin>407</ymin><xmax>547</xmax><ymax>361</ymax></bndbox></object><object><name>proposal</name><bndbox><xmin>0</xmin><ymin>282</ymin><xmax>547</xmax><ymax>486</ymax></bndbox></object><object><name>proposal</name><bndbox><xmin>394</xmin><ymin>358</ymin><xmax>341</xmax><ymax>319</ymax></bndbox></object><object><name>proposal</name><bndbox><xmin>398</xmin><ymin>357</ymin><xmax>347</xmax><ymax>443</ymax></bndbox></object><object><name>proposal</name><bndbox><xmin>225</xmin><ymin>0</ymin><xmax>575</xmax><ymax>400</ymax></bndbox></object><object><name>proposal</name><bndbox><xmin>404</xmin><ymin>359</ymin><xmax>285</xmax><ymax>383</ymax></bndbox></object><object><name>proposal</name><bndbox><xmin>312</xmin><ymin>352</ymin><xmax>293</xmax><ymax>287</ymax></bndbox></object><object><name>proposal</name><bndbox><xmin>350</xmin><ymin>344</ymin><xmax>286</xmax><ymax>289</ymax></bndbox></object><object><name>proposal</name><bndbox><xmin>312</xmin><ymin>180</ymin><xmax>488</xmax><ymax>447</ymax></bndbox></object><object><name>proposal</name><bndbox><xmin>218</xmin><ymin>82</ymin><xmax>303</xmax><ymax>408</ymax></bndbox></object><object><name>proposal</name><bndbox><xmin>443</xmin><ymin>310</ymin><xmax>302</xmax><ymax>398</ymax></bndbox></object><object><name>proposal</name><bndbox><xmin>387</xmin><ymin>335</ymin><xmax>361</xmax><ymax>465</ymax></bndbox></object><object><name>proposal</name><bndbox><xmin>0</xmin><ymin>205</ymin><xmax>472</xmax><ymax>595</ymax></bndbox></object><object><name>proposal</name><bndbox><xmin>0</xmin><ymin>551</ymin><xmax>649</xmax><ymax>249</ymax></bndbox></object><object><name>proposal</name><bndbox><xmin>263</xmin><ymin>140</ymin><xmax>537</xmax><ymax>660</ymax></bndbox></object><object><name>proposal</name><bndbox><xmin>566</xmin><ymin>157</ymin><xmax>234</xmax><ymax>643</ymax></bndbox></object><object><name>proposal</name><bndbox><xmin>380</xmin><ymin>315</ymin><xmax>365</xmax><ymax>485</ymax></bndbox></object><object><name>proposal</name><bndbox><xmin>380</xmin><ymin>335</ymin><xmax>367</xmax><ymax>465</ymax></bndbox></object><object><name>proposal</name><bndbox><xmin>543</xmin><ymin>395</ymin><xmax>257</xmax><ymax>405</ymax></bndbox></object><object><name>proposal</name><bndbox><xmin>404</xmin><ymin>77</ymin><xmax>396</xmax><ymax>723</ymax></bndbox></object><object><name>proposal</name><bndbox><xmin>543</xmin><ymin>366</ymin><xmax>257</xmax><ymax>434</ymax></bndbox></object><object><name>proposal</name><bndbox><xmin>362</xmin><ymin>298</ymin><xmax>327</xmax><ymax>471</ymax></bndbox></object><object><name>proposal</name><bndbox><xmin>0</xmin><ymin>427</ymin><xmax>672</xmax><ymax>373</ymax></bndbox></object><object><name>proposal</name><bndbox><xmin>400</xmin><ymin>322</ymin><xmax>400</xmax><ymax>478</ymax></bndbox></object><object><name>proposal</name><bndbox><xmin>291</xmin><ymin>416</ymin><xmax>360</xmax><ymax>223</ymax></bndbox></object><object><name>proposal</name><bndbox><xmin>90</xmin><ymin>625</ymin><xmax>582</xmax><ymax>175</ymax></bndbox></object><object><name>proposal</name><bndbox><xmin>89</xmin><ymin>603</ymin><xmax>583</xmax><ymax>197</ymax></bndbox></object><object><name>proposal</name><bndbox><xmin>111</xmin><ymin>415</ymin><xmax>557</xmax><ymax>267</ymax></bndbox></object><object><name>proposal</name><bndbox><xmin>350</xmin><ymin>315</ymin><xmax>308</xmax><ymax>324</ymax></bndbox></object><object><name>proposal</name><bndbox><xmin>553</xmin><ymin>180</ymin><xmax>247</xmax><ymax>620</ymax></bndbox></object><object><name>proposal</name><bndbox><xmin>84</xmin><ymin>0</ymin><xmax>716</xmax><ymax>639</ymax></bndbox></object><object><name>proposal</name><bndbox><xmin>355</xmin><ymin>359</ymin><xmax>393</xmax><ymax>441</ymax></bndbox></object><object><name>proposal</name><bndbox><xmin>398</xmin><ymin>250</ymin><xmax>402</xmax><ymax>550</ymax></bndbox></object><object><name>proposal</name><bndbox><xmin>291</xmin><ymin>0</ymin><xmax>509</xmax><ymax>368</ymax></bndbox></object><object><name>proposal</name><bndbox><xmin>0</xmin><ymin>0</ymin><xmax>721</xmax><ymax>768</ymax></bndbox></object><object><name>proposal</name><bndbox><xmin>42</xmin><ymin>501</ymin><xmax>517</xmax><ymax>299</ymax></bndbox></object><object><name>proposal</name><bndbox><xmin>0</xmin><ymin>159</ymin><xmax>800</xmax><ymax>641</ymax></bndbox></object><object><name>proposal</name><bndbox><xmin>0</xmin><ymin>388</ymin><xmax>671</xmax><ymax>412</ymax></bndbox></object><object><name>proposal</name><bndbox><xmin>353</xmin><ymin>353</ymin><xmax>395</xmax><ymax>447</ymax></bndbox></object><object><name>proposal</name><bndbox><xmin>501</xmin><ymin>0</ymin><xmax>299</xmax><ymax>502</ymax></bndbox></object><object><name>proposal</name><bndbox><xmin>0</xmin><ymin>322</ymin><xmax>800</xmax><ymax>478</ymax></bndbox></object><object><name>proposal</name><bndbox><xmin>265</xmin><ymin>160</ymin><xmax>347</xmax><ymax>338</ymax></bndbox></object><object><name>proposal</name><bndbox><xmin>551</xmin><ymin>157</ymin><xmax>249</xmax><ymax>643</ymax></bndbox></object><object><name>proposal</name><bndbox><xmin>0</xmin><ymin>558</ymin><xmax>649</xmax><ymax>242</ymax></bndbox></object><object><name>proposal</name><bndbox><xmin>95</xmin><ymin>324</ymin><xmax>581</xmax><ymax>317</ymax></bndbox></object><object><name>proposal</name><bndbox><xmin>63</xmin><ymin>0</ymin><xmax>737</xmax><ymax>350</ymax></bndbox></object><object><name>proposal</name><bndbox><xmin>42</xmin><ymin>224</ymin><xmax>647</xmax><ymax>576</ymax></bndbox></object><object><name>proposal</name><bndbox><xmin>404</xmin><ymin>249</ymin><xmax>396</xmax><ymax>551</ymax></bndbox></object><object><name>proposal</name><bndbox><xmin>97</xmin><ymin>324</ymin><xmax>569</xmax><ymax>317</ymax></bndbox></object><object><name>proposal</name><bndbox><xmin>0</xmin><ymin>523</ymin><xmax>671</xmax><ymax>277</ymax></bndbox></object><object><name>proposal</name><bndbox><xmin>273</xmin><ymin>418</ymin><xmax>379</xmax><ymax>318</ymax></bndbox></object><object><name>proposal</name><bndbox><xmin>312</xmin><ymin>326</ymin><xmax>354</xmax><ymax>315</ymax></bndbox></object><object><name>proposal</name><bndbox><xmin>635</xmin><ymin>175</ymin><xmax>165</xmax><ymax>625</ymax></bndbox></object><object><name>proposal</name><bndbox><xmin>95</xmin><ymin>352</ymin><xmax>402</xmax><ymax>289</ymax></bndbox></object><object><name>proposal</name><bndbox><xmin>266</xmin><ymin>145</ymin><xmax>534</xmax><ymax>353</ymax></bndbox></object><object><name>proposal</name><bndbox><xmin>0</xmin><ymin>107</ymin><xmax>800</xmax><ymax>693</ymax></bndbox></object><object><name>proposal</name><bndbox><xmin>312</xmin><ymin>324</ymin><xmax>354</xmax><ymax>312</ymax></bndbox></object><object><name>proposal</name><bndbox><xmin>404</xmin><ymin>357</ymin><xmax>279</xmax><ymax>428</ymax></bndbox></object><object><name>proposal</name><bndbox><xmin>409</xmin><ymin>358</ymin><xmax>307</xmax><ymax>280</ymax></bndbox></object><object><name>proposal</name><bndbox><xmin>0</xmin><ymin>125</ymin><xmax>740</xmax><ymax>675</ymax></bndbox></object><object><name>proposal</name><bndbox><xmin>0</xmin><ymin>341</ymin><xmax>592</xmax><ymax>459</ymax></bndbox></object><object><name>proposal</name><bndbox><xmin>82</xmin><ymin>392</ymin><xmax>450</xmax><ymax>257</ymax></bndbox></object><object><name>proposal</name><bndbox><xmin>350</xmin><ymin>326</ymin><xmax>292</xmax><ymax>313</ymax></bndbox></object><object><name>proposal</name><bndbox><xmin>218</xmin><ymin>50</ymin><xmax>318</xmax><ymax>452</ymax></bndbox></object><object><name>proposal</name><bndbox><xmin>0</xmin><ymin>0</ymin><xmax>800</xmax><ymax>634</ymax></bndbox></object><object><name>proposal</name><bndbox><xmin>0</xmin><ymin>300</ymin><xmax>665</xmax><ymax>332</ymax></bndbox></object><object><name>proposal</name><bndbox><xmin>390</xmin><ymin>357</ymin><xmax>354</xmax><ymax>443</ymax></bndbox></object><object><name>proposal</name><bndbox><xmin>273</xmin><ymin>408</ymin><xmax>389</xmax><ymax>234</ymax></bndbox></object><object><name>proposal</name><bndbox><xmin>387</xmin><ymin>361</ymin><xmax>361</xmax><ymax>439</ymax></bndbox></object><object><name>proposal</name><bndbox><xmin>566</xmin><ymin>180</ymin><xmax>178</xmax><ymax>620</ymax></bndbox></object><object><name>proposal</name><bndbox><xmin>380</xmin><ymin>335</ymin><xmax>370</xmax><ymax>465</ymax></bndbox></object><object><name>proposal</name><bndbox><xmin>0</xmin><ymin>90</ymin><xmax>740</xmax><ymax>551</ymax></bndbox></object><object><name>proposal</name><bndbox><xmin>37</xmin><ymin>485</ymin><xmax>539</xmax><ymax>250</ymax></bndbox></object><object><name>proposal</name><bndbox><xmin>0</xmin><ymin>515</ymin><xmax>671</xmax><ymax>285</ymax></bndbox></object><object><name>proposal</name><bndbox><xmin>290</xmin><ymin>416</ymin><xmax>361</xmax><ymax>225</ymax></bndbox></object><object><name>proposal</name><bndbox><xmin>0</xmin><ymin>0</ymin><xmax>800</xmax><ymax>456</ymax></bndbox></object><object><name>proposal</name><bndbox><xmin>26</xmin><ymin>0</ymin><xmax>774</xmax><ymax>500</ymax></bndbox></object><object><name>proposal</name><bndbox><xmin>510</xmin><ymin>31</ymin><xmax>290</xmax><ymax>608</ymax></bndbox></object><object><name>proposal</name><bndbox><xmin>0</xmin><ymin>0</ymin><xmax>486</xmax><ymax>800</ymax></bndbox></object><object><name>proposal</name><bndbox><xmin>90</xmin><ymin>408</ymin><xmax>588</xmax><ymax>350</ymax></bndbox></object><object><name>proposal</name><bndbox><xmin>0</xmin><ymin>0</ymin><xmax>800</xmax><ymax>706</ymax></bndbox></object><object><name>proposal</name><bndbox><xmin>87</xmin><ymin>335</ymin><xmax>662</xmax><ymax>465</ymax></bndbox></object><object><name>proposal</name><bndbox><xmin>0</xmin><ymin>485</ymin><xmax>672</xmax><ymax>315</ymax></bndbox></object><object><name>proposal</name><bndbox><xmin>350</xmin><ymin>337</ymin><xmax>397</xmax><ymax>463</ymax></bndbox></object><object><name>proposal</name><bndbox><xmin>87</xmin><ymin>590</ymin><xmax>585</xmax><ymax>210</ymax></bndbox></object><object><name>proposal</name><bndbox><xmin>75</xmin><ymin>324</ymin><xmax>596</xmax><ymax>476</ymax></bndbox></object><object><name>proposal</name><bndbox><xmin>262</xmin><ymin>190</ymin><xmax>323</xmax><ymax>308</ymax></bndbox></object><object><name>proposal</name><bndbox><xmin>398</xmin><ymin>267</ymin><xmax>402</xmax><ymax>372</ymax></bndbox></object><object><name>proposal</name><bndbox><xmin>394</xmin><ymin>358</ymin><xmax>353</xmax><ymax>442</ymax></bndbox></object><object><name>proposal</name><bndbox><xmin>0</xmin><ymin>458</ymin><xmax>650</xmax><ymax>271</ymax></bndbox></object><object><name>proposal</name><bndbox><xmin>355</xmin><ymin>335</ymin><xmax>392</xmax><ymax>465</ymax></bndbox></object><object><name>proposal</name><bndbox><xmin>676</xmin><ymin>77</ymin><xmax>124</xmax><ymax>723</ymax></bndbox></object><object><name>proposal</name><bndbox><xmin>0</xmin><ymin>0</ymin><xmax>800</xmax><ymax>411</ymax></bndbox></object><object><name>proposal</name><bndbox><xmin>543</xmin><ymin>408</ymin><xmax>201</xmax><ymax>392</ymax></bndbox></object><object><name>proposal</name><bndbox><xmin>0</xmin><ymin>335</ymin><xmax>750</xmax><ymax>465</ymax></bndbox></object><object><name>proposal</name><bndbox><xmin>311</xmin><ymin>82</ymin><xmax>410</xmax><ymax>557</ymax></bndbox></object><object><name>proposal</name><bndbox><xmin>0</xmin><ymin>590</ymin><xmax>631</xmax><ymax>210</ymax></bndbox></object><object><name>proposal</name><bndbox><xmin>350</xmin><ymin>337</ymin><xmax>399</xmax><ymax>463</ymax></bndbox></object><object><name>proposal</name><bndbox><xmin>0</xmin><ymin>315</ymin><xmax>800</xmax><ymax>485</ymax></bndbox></object><object><name>proposal</name><bndbox><xmin>350</xmin><ymin>315</ymin><xmax>293</xmax><ymax>288</ymax></bndbox></object><object><name>proposal</name><bndbox><xmin>0</xmin><ymin>0</ymin><xmax>650</xmax><ymax>800</ymax></bndbox></object><object><name>proposal</name><bndbox><xmin>87</xmin><ymin>359</ymin><xmax>661</xmax><ymax>441</ymax></bndbox></object><object><name>proposal</name><bndbox><xmin>285</xmin><ymin>416</ymin><xmax>367</xmax><ymax>225</ymax></bndbox></object><object><name>proposal</name><bndbox><xmin>311</xmin><ymin>153</ymin><xmax>289</xmax><ymax>345</ymax></bndbox></object><object><name>proposal</name><bndbox><xmin>51</xmin><ymin>0</ymin><xmax>749</xmax><ymax>800</ymax></bndbox></object><object><name>proposal</name><bndbox><xmin>0</xmin><ymin>190</ymin><xmax>424</xmax><ymax>442</ymax></bndbox></object><object><name>proposal</name><bndbox><xmin>0</xmin><ymin>341</ymin><xmax>671</xmax><ymax>459</ymax></bndbox></object><object><name>proposal</name><bndbox><xmin>71</xmin><ymin>408</ymin><xmax>591</xmax><ymax>323</ymax></bndbox></object><object><name>proposal</name><bndbox><xmin>90</xmin><ymin>417</ymin><xmax>592</xmax><ymax>351</ymax></bndbox></object><object><name>proposal</name><bndbox><xmin>380</xmin><ymin>337</ymin><xmax>369</xmax><ymax>463</ymax></bndbox></object><object><name>proposal</name><bndbox><xmin>0</xmin><ymin>0</ymin><xmax>716</xmax><ymax>391</ymax></bndbox></object><object><name>proposal</name><bndbox><xmin>71</xmin><ymin>443</ymin><xmax>591</xmax><ymax>288</ymax></bndbox></object><object><name>proposal</name><bndbox><xmin>89</xmin><ymin>582</ymin><xmax>599</xmax><ymax>218</ymax></bndbox></object><object><name>proposal</name><bndbox><xmin>0</xmin><ymin>350</ymin><xmax>651</xmax><ymax>450</ymax></bndbox></object><object><name>proposal</name><bndbox><xmin>553</xmin><ymin>168</ymin><xmax>247</xmax><ymax>632</ymax></bndbox></object><object><name>proposal</name><bndbox><xmin>566</xmin><ymin>166</ymin><xmax>234</xmax><ymax>634</ymax></bndbox></object><object><name>proposal</name><bndbox><xmin>0</xmin><ymin>458</ymin><xmax>648</xmax><ymax>342</ymax></bndbox></object><object><name>proposal</name><bndbox><xmin>0</xmin><ymin>534</ymin><xmax>651</xmax><ymax>266</ymax></bndbox></object><object><name>proposal</name><bndbox><xmin>394</xmin><ymin>358</ymin><xmax>406</xmax><ymax>442</ymax></bndbox></object><object><name>proposal</name><bndbox><xmin>0</xmin><ymin>0</ymin><xmax>800</xmax><ymax>725</ymax></bndbox></object><object><name>proposal</name><bndbox><xmin>307</xmin><ymin>175</ymin><xmax>493</xmax><ymax>625</ymax></bndbox></object><object><name>proposal</name><bndbox><xmin>44</xmin><ymin>326</ymin><xmax>641</xmax><ymax>474</ymax></bndbox></object><object><name>proposal</name><bndbox><xmin>0</xmin><ymin>458</ymin><xmax>678</xmax><ymax>342</ymax></bndbox></object><object><name>proposal</name><bndbox><xmin>89</xmin><ymin>310</ymin><xmax>711</xmax><ymax>490</ymax></bndbox></object><object><name>proposal</name><bndbox><xmin>0</xmin><ymin>407</ymin><xmax>684</xmax><ymax>393</ymax></bndbox></object><object><name>proposal</name><bndbox><xmin>263</xmin><ymin>145</ymin><xmax>537</xmax><ymax>655</ymax></bndbox></object><object><name>proposal</name><bndbox><xmin>90</xmin><ymin>443</ymin><xmax>577</xmax><ymax>315</ymax></bndbox></object><object><name>proposal</name><bndbox><xmin>350</xmin><ymin>315</ymin><xmax>450</xmax><ymax>485</ymax></bndbox></object><object><name>proposal</name><bndbox><xmin>0</xmin><ymin>490</ymin><xmax>560</xmax><ymax>310</ymax></bndbox></object></annotation>