<annotation><folder>Proposals</folder><filename>img-247.jpg</filename><size><width>720</width><height>720</height><depth>3</depth></size><object><name>proposal</name><bndbox><xmin>110</xmin><ymin>320</ymin><xmax>415</xmax><ymax>133</ymax></bndbox></object><object><name>proposal</name><bndbox><xmin>321</xmin><ymin>282</ymin><xmax>139</xmax><ymax>153</ymax></bndbox></object><object><name>proposal</name><bndbox><xmin>295</xmin><ymin>302</ymin><xmax>56</xmax><ymax>151</ymax></bndbox></object><object><name>proposal</name><bndbox><xmin>287</xmin><ymin>295</ymin><xmax>235</xmax><ymax>158</ymax></bndbox></object><object><name>proposal</name><bndbox><xmin>176</xmin><ymin>114</ymin><xmax>342</xmax><ymax>341</ymax></bndbox></object><object><name>proposal</name><bndbox><xmin>109</xmin><ymin>295</ymin><xmax>324</xmax><ymax>217</ymax></bndbox></object><object><name>proposal</name><bndbox><xmin>397</xmin><ymin>368</ymin><xmax>115</xmax><ymax>107</ymax></bndbox></object><object><name>proposal</name><bndbox><xmin>295</xmin><ymin>348</ymin><xmax>138</xmax><ymax>85</ymax></bndbox></object><object><name>proposal</name><bndbox><xmin>381</xmin><ymin>337</ymin><xmax>133</xmax><ymax>139</ymax></bndbox></object><object><name>proposal</name><bndbox><xmin>109</xmin><ymin>300</ymin><xmax>424</xmax><ymax>191</ymax></bndbox></object><object><name>proposal</name><bndbox><xmin>305</xmin><ymin>311</ymin><xmax>182</xmax><ymax>95</ymax></bndbox></object><object><name>proposal</name><bndbox><xmin>389</xmin><ymin>300</ymin><xmax>127</xmax><ymax>72</ymax></bndbox></object><object><name>proposal</name><bndbox><xmin>399</xmin><ymin>349</ymin><xmax>134</xmax><ymax>124</ymax></bndbox></object><object><name>proposal</name><bndbox><xmin>109</xmin><ymin>302</ymin><xmax>330</xmax><ymax>167</ymax></bndbox></object><object><name>proposal</name><bndbox><xmin>109</xmin><ymin>295</ymin><xmax>458</xmax><ymax>226</ymax></bndbox></object><object><name>proposal</name><bndbox><xmin>284</xmin><ymin>321</ymin><xmax>68</xmax><ymax>190</ymax></bndbox></object><object><name>proposal</name><bndbox><xmin>409</xmin><ymin>317</ymin><xmax>130</xmax><ymax>89</ymax></bndbox></object><object><name>proposal</name><bndbox><xmin>316</xmin><ymin>376</ymin><xmax>144</xmax><ymax>135</ymax></bndbox></object><object><name>proposal</name><bndbox><xmin>294</xmin><ymin>295</ymin><xmax>107</xmax><ymax>70</ymax></bndbox></object><object><name>proposal</name><bndbox><xmin>244</xmin><ymin>342</ymin><xmax>195</xmax><ymax>92</ymax></bndbox></object><object><name>proposal</name><bndbox><xmin>298</xmin><ymin>333</ymin><xmax>269</xmax><ymax>137</ymax></bndbox></object><object><name>proposal</name><bndbox><xmin>304</xmin><ymin>302</ymin><xmax>191</xmax><ymax>126</ymax></bndbox></object><object><name>proposal</name><bndbox><xmin>133</xmin><ymin>298</ymin><xmax>400</xmax><ymax>175</ymax></bndbox></object><object><name>proposal</name><bndbox><xmin>75</xmin><ymin>295</ymin><xmax>326</xmax><ymax>125</ymax></bndbox></object><object><name>proposal</name><bndbox><xmin>288</xmin><ymin>372</ymin><xmax>151</xmax><ymax>62</ymax></bndbox></object><object><name>proposal</name><bndbox><xmin>175</xmin><ymin>302</ymin><xmax>201</xmax><ymax>164</ymax></bndbox></object><object><name>proposal</name><bndbox><xmin>255</xmin><ymin>368</ymin><xmax>200</xmax><ymax>169</ymax></bndbox></object><object><name>proposal</name><bndbox><xmin>287</xmin><ymin>333</ymin><xmax>128</xmax><ymax>120</ymax></bndbox></object><object><name>proposal</name><bndbox><xmin>381</xmin><ymin>295</ymin><xmax>186</xmax><ymax>179</ymax></bndbox></object><object><name>proposal</name><bndbox><xmin>328</xmin><ymin>312</ymin><xmax>116</xmax><ymax>78</ymax></bndbox></object><object><name>proposal</name><bndbox><xmin>321</xmin><ymin>295</ymin><xmax>246</xmax><ymax>196</ymax></bndbox></object><object><name>proposal</name><bndbox><xmin>294</xmin><ymin>300</ymin><xmax>223</xmax><ymax>106</ymax></bndbox></object><object><name>proposal</name><bndbox><xmin>339</xmin><ymin>372</ymin><xmax>142</xmax><ymax>91</ymax></bndbox></object><object><name>proposal</name><bndbox><xmin>233</xmin><ymin>333</ymin><xmax>177</xmax><ymax>136</ymax></bndbox></object><object><name>proposal</name><bndbox><xmin>234</xmin><ymin>317</ymin><xmax>147</xmax><ymax>136</ymax></bndbox></object><object><name>proposal</name><bndbox><xmin>292</xmin><ymin>357</ymin><xmax>83</xmax><ymax>76</ymax></bndbox></object><object><name>proposal</name><bndbox><xmin>379</xmin><ymin>359</ymin><xmax>154</xmax><ymax>115</ymax></bndbox></object><object><name>proposal</name><bndbox><xmin>247</xmin><ymin>350</ymin><xmax>193</xmax><ymax>103</ymax></bndbox></object><object><name>proposal</name><bndbox><xmin>133</xmin><ymin>298</ymin><xmax>362</xmax><ymax>155</ymax></bndbox></object><object><name>proposal</name><bndbox><xmin>324</xmin><ymin>295</ymin><xmax>198</xmax><ymax>95</ymax></bndbox></object><object><name>proposal</name><bndbox><xmin>288</xmin><ymin>300</ymin><xmax>207</xmax><ymax>169</ymax></bndbox></object><object><name>proposal</name><bndbox><xmin>100</xmin><ymin>342</ymin><xmax>317</xmax><ymax>124</ymax></bndbox></object><object><name>proposal</name><bndbox><xmin>397</xmin><ymin>337</ymin><xmax>94</xmax><ymax>100</ymax></bndbox></object><object><name>proposal</name><bndbox><xmin>399</xmin><ymin>359</ymin><xmax>134</xmax><ymax>94</ymax></bndbox></object><object><name>proposal</name><bndbox><xmin>374</xmin><ymin>315</ymin><xmax>165</xmax><ymax>65</ymax></bndbox></object><object><name>proposal</name><bndbox><xmin>316</xmin><ymin>376</ymin><xmax>144</xmax><ymax>59</ymax></bndbox></object><object><name>proposal</name><bndbox><xmin>75</xmin><ymin>295</ymin><xmax>447</xmax><ymax>168</ymax></bndbox></object><object><name>proposal</name><bndbox><xmin>295</xmin><ymin>326</ymin><xmax>138</xmax><ymax>107</ymax></bndbox></object><object><name>proposal</name><bndbox><xmin>304</xmin><ymin>298</ymin><xmax>191</xmax><ymax>130</ymax></bndbox></object><object><name>proposal</name><bndbox><xmin>379</xmin><ymin>348</ymin><xmax>154</xmax><ymax>126</ymax></bndbox></object><object><name>proposal</name><bndbox><xmin>328</xmin><ymin>312</ymin><xmax>195</xmax><ymax>125</ymax></bndbox></object><object><name>proposal</name><bndbox><xmin>244</xmin><ymin>333</ymin><xmax>166</xmax><ymax>120</ymax></bndbox></object><object><name>proposal</name><bndbox><xmin>328</xmin><ymin>298</ymin><xmax>158</xmax><ymax>108</ymax></bndbox></object><object><name>proposal</name><bndbox><xmin>248</xmin><ymin>348</ymin><xmax>185</xmax><ymax>85</ymax></bndbox></object><object><name>proposal</name><bndbox><xmin>399</xmin><ymin>359</ymin><xmax>134</xmax><ymax>106</ymax></bndbox></object><object><name>proposal</name><bndbox><xmin>255</xmin><ymin>300</ymin><xmax>278</xmax><ymax>237</ymax></bndbox></object><object><name>proposal</name><bndbox><xmin>397</xmin><ymin>337</ymin><xmax>126</xmax><ymax>100</ymax></bndbox></object><object><name>proposal</name><bndbox><xmin>233</xmin><ymin>317</ymin><xmax>207</xmax><ymax>147</ymax></bndbox></object><object><name>proposal</name><bndbox><xmin>306</xmin><ymin>312</ymin><xmax>189</xmax><ymax>123</ymax></bndbox></object><object><name>proposal</name><bndbox><xmin>233</xmin><ymin>295</ymin><xmax>253</xmax><ymax>128</ymax></bndbox></object><object><name>proposal</name><bndbox><xmin>318</xmin><ymin>282</ymin><xmax>142</xmax><ymax>247</ymax></bndbox></object><object><name>proposal</name><bndbox><xmin>292</xmin><ymin>321</ymin><xmax>60</xmax><ymax>112</ymax></bndbox></object><object><name>proposal</name><bndbox><xmin>399</xmin><ymin>359</ymin><xmax>134</xmax><ymax>114</ymax></bndbox></object><object><name>proposal</name><bndbox><xmin>75</xmin><ymin>295</ymin><xmax>448</xmax><ymax>168</ymax></bndbox></object><object><name>proposal</name><bndbox><xmin>92</xmin><ymin>331</ymin><xmax>325</xmax><ymax>135</ymax></bndbox></object><object><name>proposal</name><bndbox><xmin>109</xmin><ymin>295</ymin><xmax>458</xmax><ymax>217</ymax></bndbox></object><object><name>proposal</name><bndbox><xmin>304</xmin><ymin>303</ymin><xmax>191</xmax><ymax>125</ymax></bndbox></object><object><name>proposal</name><bndbox><xmin>289</xmin><ymin>348</ymin><xmax>195</xmax><ymax>143</ymax></bndbox></object><object><name>proposal</name><bndbox><xmin>149</xmin><ymin>282</ymin><xmax>297</xmax><ymax>112</ymax></bndbox></object><object><name>proposal</name><bndbox><xmin>397</xmin><ymin>317</ymin><xmax>142</xmax><ymax>158</ymax></bndbox></object><object><name>proposal</name><bndbox><xmin>295</xmin><ymin>298</ymin><xmax>200</xmax><ymax>155</ymax></bndbox></object><object><name>proposal</name><bndbox><xmin>409</xmin><ymin>317</ymin><xmax>165</xmax><ymax>135</ymax></bndbox></object><object><name>proposal</name><bndbox><xmin>175</xmin><ymin>302</ymin><xmax>239</xmax><ymax>164</ymax></bndbox></object><object><name>proposal</name><bndbox><xmin>409</xmin><ymin>324</ymin><xmax>165</xmax><ymax>128</ymax></bndbox></object><object><name>proposal</name><bndbox><xmin>249</xmin><ymin>372</ymin><xmax>184</xmax><ymax>81</ymax></bndbox></object><object><name>proposal</name><bndbox><xmin>340</xmin><ymin>359</ymin><xmax>193</xmax><ymax>106</ymax></bndbox></object><object><name>proposal</name><bndbox><xmin>244</xmin><ymin>342</ymin><xmax>195</xmax><ymax>127</ymax></bndbox></object><object><name>proposal</name><bndbox><xmin>339</xmin><ymin>367</ymin><xmax>121</xmax><ymax>68</ymax></bndbox></object><object><name>proposal</name><bndbox><xmin>209</xmin><ymin>282</ymin><xmax>244</xmax><ymax>108</ymax></bndbox></object><object><name>proposal</name><bndbox><xmin>92</xmin><ymin>331</ymin><xmax>415</xmax><ymax>206</ymax></bndbox></object><object><name>proposal</name><bndbox><xmin>304</xmin><ymin>311</ymin><xmax>191</xmax><ymax>117</ymax></bndbox></object><object><name>proposal</name><bndbox><xmin>0</xmin><ymin>255</ymin><xmax>453</xmax><ymax>164</ymax></bndbox></object><object><name>proposal</name><bndbox><xmin>109</xmin><ymin>302</ymin><xmax>424</xmax><ymax>189</ymax></bndbox></object><object><name>proposal</name><bndbox><xmin>249</xmin><ymin>302</ymin><xmax>235</xmax><ymax>171</ymax></bndbox></object><object><name>proposal</name><bndbox><xmin>339</xmin><ymin>376</ymin><xmax>142</xmax><ymax>87</ymax></bndbox></object><object><name>proposal</name><bndbox><xmin>287</xmin><ymin>333</ymin><xmax>123</xmax><ymax>120</ymax></bndbox></object><object><name>proposal</name><bndbox><xmin>318</xmin><ymin>271</ymin><xmax>226</xmax><ymax>258</ymax></bndbox></object><object><name>proposal</name><bndbox><xmin>299</xmin><ymin>303</ymin><xmax>196</xmax><ymax>132</ymax></bndbox></object><object><name>proposal</name><bndbox><xmin>289</xmin><ymin>359</ymin><xmax>244</xmax><ymax>168</ymax></bndbox></object><object><name>proposal</name><bndbox><xmin>295</xmin><ymin>295</ymin><xmax>191</xmax><ymax>111</ymax></bndbox></object><object><name>proposal</name><bndbox><xmin>244</xmin><ymin>302</ymin><xmax>195</xmax><ymax>167</ymax></bndbox></object><object><name>proposal</name><bndbox><xmin>321</xmin><ymin>282</ymin><xmax>132</xmax><ymax>104</ymax></bndbox></object><object><name>proposal</name><bndbox><xmin>381</xmin><ymin>337</ymin><xmax>186</xmax><ymax>139</ymax></bndbox></object><object><name>proposal</name><bndbox><xmin>247</xmin><ymin>350</ymin><xmax>163</xmax><ymax>114</ymax></bndbox></object><object><name>proposal</name><bndbox><xmin>295</xmin><ymin>298</ymin><xmax>238</xmax><ymax>175</ymax></bndbox></object><object><name>proposal</name><bndbox><xmin>389</xmin><ymin>300</ymin><xmax>128</xmax><ymax>72</ymax></bndbox></object><object><name>proposal</name><bndbox><xmin>292</xmin><ymin>311</ymin><xmax>154</xmax><ymax>122</ymax></bndbox></object><object><name>proposal</name><bndbox><xmin>137</xmin><ymin>282</ymin><xmax>309</xmax><ymax>112</ymax></bndbox></object><object><name>proposal</name><bndbox><xmin>247</xmin><ymin>350</ymin><xmax>193</xmax><ymax>114</ymax></bndbox></object><object><name>proposal</name><bndbox><xmin>287</xmin><ymin>333</ymin><xmax>128</xmax><ymax>99</ymax></bndbox></object><object><name>proposal</name><bndbox><xmin>109</xmin><ymin>295</ymin><xmax>377</xmax><ymax>226</ymax></bndbox></object><object><name>proposal</name><bndbox><xmin>288</xmin><ymin>321</ymin><xmax>64</xmax><ymax>148</ymax></bndbox></object><object><name>proposal</name><bndbox><xmin>328</xmin><ymin>311</ymin><xmax>118</xmax><ymax>75</ymax></bndbox></object><object><name>proposal</name><bndbox><xmin>110</xmin><ymin>320</ymin><xmax>382</xmax><ymax>133</ymax></bndbox></object><object><name>proposal</name><bndbox><xmin>298</xmin><ymin>333</ymin><xmax>112</xmax><ymax>99</ymax></bndbox></object><object><name>proposal</name><bndbox><xmin>133</xmin><ymin>302</ymin><xmax>400</xmax><ymax>171</ymax></bndbox></object><object><name>proposal</name><bndbox><xmin>374</xmin><ymin>315</ymin><xmax>260</xmax><ymax>65</ymax></bndbox></object><object><name>proposal</name><bndbox><xmin>100</xmin><ymin>331</ymin><xmax>407</xmax><ymax>206</ymax></bndbox></object><object><name>proposal</name><bndbox><xmin>340</xmin><ymin>368</ymin><xmax>144</xmax><ymax>105</ymax></bndbox></object><object><name>proposal</name><bndbox><xmin>233</xmin><ymin>317</ymin><xmax>177</xmax><ymax>152</ymax></bndbox></object><object><name>proposal</name><bndbox><xmin>75</xmin><ymin>295</ymin><xmax>448</xmax><ymax>242</ymax></bndbox></object><object><name>proposal</name><bndbox><xmin>368</xmin><ymin>359</ymin><xmax>165</xmax><ymax>132</ymax></bndbox></object><object><name>proposal</name><bndbox><xmin>397</xmin><ymin>337</ymin><xmax>170</xmax><ymax>112</ymax></bndbox></object><object><name>proposal</name><bndbox><xmin>220</xmin><ymin>302</ymin><xmax>313</xmax><ymax>189</ymax></bndbox></object><object><name>proposal</name><bndbox><xmin>287</xmin><ymin>333</ymin><xmax>123</xmax><ymax>99</ymax></bndbox></object><object><name>proposal</name><bndbox><xmin>399</xmin><ymin>349</ymin><xmax>134</xmax><ymax>104</ymax></bndbox></object><object><name>proposal</name><bndbox><xmin>321</xmin><ymin>295</ymin><xmax>165</xmax><ymax>111</ymax></bndbox></object><object><name>proposal</name><bndbox><xmin>298</xmin><ymin>333</ymin><xmax>269</xmax><ymax>204</ymax></bndbox></object><object><name>proposal</name><bndbox><xmin>294</xmin><ymin>295</ymin><xmax>228</xmax><ymax>80</ymax></bndbox></object><object><name>proposal</name><bndbox><xmin>294</xmin><ymin>303</ymin><xmax>201</xmax><ymax>132</ymax></bndbox></object><object><name>proposal</name><bndbox><xmin>306</xmin><ymin>300</ymin><xmax>227</xmax><ymax>191</ymax></bndbox></object><object><name>proposal</name><bndbox><xmin>397</xmin><ymin>337</ymin><xmax>117</xmax><ymax>133</ymax></bndbox></object><object><name>proposal</name><bndbox><xmin>39</xmin><ymin>316</ymin><xmax>411</xmax><ymax>213</ymax></bndbox></object><object><name>proposal</name><bndbox><xmin>92</xmin><ymin>342</ymin><xmax>415</xmax><ymax>195</ymax></bndbox></object><object><name>proposal</name><bndbox><xmin>61</xmin><ymin>282</ymin><xmax>392</xmax><ymax>125</ymax></bndbox></object><object><name>proposal</name><bndbox><xmin>289</xmin><ymin>348</ymin><xmax>144</xmax><ymax>121</ymax></bndbox></object><object><name>proposal</name><bndbox><xmin>288</xmin><ymin>368</ymin><xmax>151</xmax><ymax>101</ymax></bndbox></object><object><name>proposal</name><bndbox><xmin>248</xmin><ymin>326</ymin><xmax>185</xmax><ymax>143</ymax></bndbox></object><object><name>proposal</name><bndbox><xmin>305</xmin><ymin>300</ymin><xmax>228</xmax><ymax>173</ymax></bndbox></object><object><name>proposal</name><bndbox><xmin>248</xmin><ymin>348</ymin><xmax>185</xmax><ymax>121</ymax></bndbox></object><object><name>proposal</name><bndbox><xmin>233</xmin><ymin>348</ymin><xmax>200</xmax><ymax>85</ymax></bndbox></object><object><name>proposal</name><bndbox><xmin>292</xmin><ymin>311</ymin><xmax>158</xmax><ymax>218</ymax></bndbox></object><object><name>proposal</name><bndbox><xmin>249</xmin><ymin>317</ymin><xmax>325</xmax><ymax>194</ymax></bndbox></object><object><name>proposal</name><bndbox><xmin>334</xmin><ymin>368</ymin><xmax>105</xmax><ymax>57</ymax></bndbox></object><object><name>proposal</name><bndbox><xmin>294</xmin><ymin>295</ymin><xmax>150</xmax><ymax>95</ymax></bndbox></object><object><name>proposal</name><bndbox><xmin>296</xmin><ymin>372</ymin><xmax>137</xmax><ymax>81</ymax></bndbox></object><object><name>proposal</name><bndbox><xmin>289</xmin><ymin>368</ymin><xmax>166</xmax><ymax>169</ymax></bndbox></object><object><name>proposal</name><bndbox><xmin>386</xmin><ymin>318</ymin><xmax>153</xmax><ymax>62</ymax></bndbox></object><object><name>proposal</name><bndbox><xmin>294</xmin><ymin>302</ymin><xmax>193</xmax><ymax>104</ymax></bndbox></object><object><name>proposal</name><bndbox><xmin>233</xmin><ymin>350</ymin><xmax>177</xmax><ymax>103</ymax></bndbox></object><object><name>proposal</name><bndbox><xmin>409</xmin><ymin>271</ymin><xmax>135</xmax><ymax>135</ymax></bndbox></object><object><name>proposal</name><bndbox><xmin>110</xmin><ymin>302</ymin><xmax>415</xmax><ymax>151</ymax></bndbox></object><object><name>proposal</name><bndbox><xmin>375</xmin><ymin>300</ymin><xmax>141</xmax><ymax>72</ymax></bndbox></object><object><name>proposal</name><bndbox><xmin>244</xmin><ymin>333</ymin><xmax>166</xmax><ymax>136</ymax></bndbox></object><object><name>proposal</name><bndbox><xmin>288</xmin><ymin>370</ymin><xmax>122</xmax><ymax>99</ymax></bndbox></object><object><name>proposal</name><bndbox><xmin>288</xmin><ymin>300</ymin><xmax>245</xmax><ymax>191</ymax></bndbox></object><object><name>proposal</name><bndbox><xmin>247</xmin><ymin>350</ymin><xmax>163</xmax><ymax>103</ymax></bndbox></object><object><name>proposal</name><bndbox><xmin>92</xmin><ymin>309</ymin><xmax>325</xmax><ymax>157</ymax></bndbox></object><object><name>proposal</name><bndbox><xmin>289</xmin><ymin>295</ymin><xmax>278</xmax><ymax>196</ymax></bndbox></object><object><name>proposal</name><bndbox><xmin>233</xmin><ymin>350</ymin><xmax>177</xmax><ymax>114</ymax></bndbox></object><object><name>proposal</name><bndbox><xmin>175</xmin><ymin>340</ymin><xmax>280</xmax><ymax>197</ymax></bndbox></object><object><name>proposal</name><bndbox><xmin>391</xmin><ymin>295</ymin><xmax>176</xmax><ymax>164</ymax></bndbox></object><object><name>proposal</name><bndbox><xmin>324</xmin><ymin>295</ymin><xmax>198</xmax><ymax>80</ymax></bndbox></object><object><name>proposal</name><bndbox><xmin>92</xmin><ymin>342</ymin><xmax>325</xmax><ymax>124</ymax></bndbox></object><object><name>proposal</name><bndbox><xmin>397</xmin><ymin>337</ymin><xmax>117</xmax><ymax>112</ymax></bndbox></object><object><name>proposal</name><bndbox><xmin>233</xmin><ymin>295</ymin><xmax>126</xmax><ymax>128</ymax></bndbox></object><object><name>proposal</name><bndbox><xmin>110</xmin><ymin>302</ymin><xmax>382</xmax><ymax>151</ymax></bndbox></object><object><name>proposal</name><bndbox><xmin>100</xmin><ymin>331</ymin><xmax>317</xmax><ymax>135</ymax></bndbox></object><object><name>proposal</name><bndbox><xmin>292</xmin><ymin>357</ymin><xmax>122</xmax><ymax>76</ymax></bndbox></object><object><name>proposal</name><bndbox><xmin>133</xmin><ymin>308</ymin><xmax>300</xmax><ymax>145</ymax></bndbox></object><object><name>proposal</name><bndbox><xmin>288</xmin><ymin>372</ymin><xmax>151</xmax><ymax>97</ymax></bndbox></object><object><name>proposal</name><bndbox><xmin>249</xmin><ymin>376</ymin><xmax>232</xmax><ymax>135</ymax></bndbox></object><object><name>proposal</name><bndbox><xmin>305</xmin><ymin>300</ymin><xmax>212</xmax><ymax>106</ymax></bndbox></object><object><name>proposal</name><bndbox><xmin>316</xmin><ymin>376</ymin><xmax>165</xmax><ymax>135</ymax></bndbox></object><object><name>proposal</name><bndbox><xmin>374</xmin><ymin>295</ymin><xmax>193</xmax><ymax>179</ymax></bndbox></object><object><name>proposal</name><bndbox><xmin>328</xmin><ymin>282</ymin><xmax>163</xmax><ymax>124</ymax></bndbox></object><object><name>proposal</name><bndbox><xmin>249</xmin><ymin>302</ymin><xmax>284</xmax><ymax>171</ymax></bndbox></object><object><name>proposal</name><bndbox><xmin>287</xmin><ymin>295</ymin><xmax>280</xmax><ymax>181</ymax></bndbox></object><object><name>proposal</name><bndbox><xmin>328</xmin><ymin>298</ymin><xmax>155</xmax><ymax>108</ymax></bndbox></object><object><name>proposal</name><bndbox><xmin>409</xmin><ymin>317</ymin><xmax>130</xmax><ymax>138</ymax></bndbox></object><object><name>proposal</name><bndbox><xmin>389</xmin><ymin>272</ymin><xmax>231</xmax><ymax>181</ymax></bndbox></object><object><name>proposal</name><bndbox><xmin>100</xmin><ymin>342</ymin><xmax>407</xmax><ymax>195</ymax></bndbox></object><object><name>proposal</name><bndbox><xmin>244</xmin><ymin>342</ymin><xmax>289</xmax><ymax>149</ymax></bndbox></object><object><name>proposal</name><bndbox><xmin>409</xmin><ymin>271</ymin><xmax>135</xmax><ymax>204</ymax></bndbox></object><object><name>proposal</name><bndbox><xmin>233</xmin><ymin>295</ymin><xmax>334</xmax><ymax>196</ymax></bndbox></object><object><name>proposal</name><bndbox><xmin>294</xmin><ymin>295</ymin><xmax>228</xmax><ymax>95</ymax></bndbox></object><object><name>proposal</name><bndbox><xmin>287</xmin><ymin>295</ymin><xmax>280</xmax><ymax>158</ymax></bndbox></object><object><name>proposal</name><bndbox><xmin>75</xmin><ymin>295</ymin><xmax>335</xmax><ymax>168</ymax></bndbox></object><object><name>proposal</name><bndbox><xmin>287</xmin><ymin>333</ymin><xmax>280</xmax><ymax>120</ymax></bndbox></object><object><name>proposal</name><bndbox><xmin>391</xmin><ymin>295</ymin><xmax>131</xmax><ymax>80</ymax></bndbox></object><object><name>proposal</name><bndbox><xmin>306</xmin><ymin>303</ymin><xmax>189</xmax><ymax>132</ymax></bndbox></object><object><name>proposal</name><bndbox><xmin>304</xmin><ymin>255</ymin><xmax>496</xmax><ymax>218</ymax></bndbox></object><object><name>proposal</name><bndbox><xmin>304</xmin><ymin>255</ymin><xmax>316</xmax><ymax>173</ymax></bndbox></object><object><name>proposal</name><bndbox><xmin>298</xmin><ymin>333</ymin><xmax>216</xmax><ymax>137</ymax></bndbox></object><object><name>proposal</name><bndbox><xmin>288</xmin><ymin>368</ymin><xmax>151</xmax><ymax>66</ymax></bndbox></object><object><name>proposal</name><bndbox><xmin>294</xmin><ymin>300</ymin><xmax>239</xmax><ymax>173</ymax></bndbox></object><object><name>proposal</name><bndbox><xmin>92</xmin><ymin>309</ymin><xmax>415</xmax><ymax>228</ymax></bndbox></object><object><name>proposal</name><bndbox><xmin>288</xmin><ymin>348</ymin><xmax>245</xmax><ymax>143</ymax></bndbox></object><object><name>proposal</name><bndbox><xmin>368</xmin><ymin>295</ymin><xmax>199</xmax><ymax>196</ymax></bndbox></object><object><name>proposal</name><bndbox><xmin>220</xmin><ymin>302</ymin><xmax>132</xmax><ymax>127</ymax></bndbox></object><object><name>proposal</name><bndbox><xmin>249</xmin><ymin>372</ymin><xmax>232</xmax><ymax>139</ymax></bndbox></object><object><name>proposal</name><bndbox><xmin>220</xmin><ymin>302</ymin><xmax>219</xmax><ymax>167</ymax></bndbox></object><object><name>proposal</name><bndbox><xmin>110</xmin><ymin>333</ymin><xmax>300</xmax><ymax>130</ymax></bndbox></object><object><name>proposal</name><bndbox><xmin>409</xmin><ymin>324</ymin><xmax>123</xmax><ymax>73</ymax></bndbox></object><object><name>proposal</name><bndbox><xmin>234</xmin><ymin>302</ymin><xmax>142</xmax><ymax>111</ymax></bndbox></object><object><name>proposal</name><bndbox><xmin>249</xmin><ymin>317</ymin><xmax>325</xmax><ymax>212</ymax></bndbox></object><object><name>proposal</name><bndbox><xmin>368</xmin><ymin>348</ymin><xmax>165</xmax><ymax>143</ymax></bndbox></object><object><name>proposal</name><bndbox><xmin>375</xmin><ymin>300</ymin><xmax>158</xmax><ymax>173</ymax></bndbox></object><object><name>proposal</name><bndbox><xmin>409</xmin><ymin>337</ymin><xmax>119</xmax><ymax>115</ymax></bndbox></object><object><name>proposal</name><bndbox><xmin>409</xmin><ymin>337</ymin><xmax>82</xmax><ymax>69</ymax></bndbox></object><object><name>proposal</name><bndbox><xmin>109</xmin><ymin>295</ymin><xmax>377</xmax><ymax>138</ymax></bndbox></object><object><name>proposal</name><bndbox><xmin>255</xmin><ymin>359</ymin><xmax>278</xmax><ymax>168</ymax></bndbox></object><object><name>proposal</name><bndbox><xmin>220</xmin><ymin>300</ymin><xmax>313</xmax><ymax>191</ymax></bndbox></object><object><name>proposal</name><bndbox><xmin>304</xmin><ymin>255</ymin><xmax>496</xmax><ymax>204</ymax></bndbox></object><object><name>proposal</name><bndbox><xmin>292</xmin><ymin>368</ymin><xmax>122</xmax><ymax>85</ymax></bndbox></object><object><name>proposal</name><bndbox><xmin>129</xmin><ymin>302</ymin><xmax>285</xmax><ymax>164</ymax></bndbox></object><object><name>proposal</name><bndbox><xmin>340</xmin><ymin>359</ymin><xmax>193</xmax><ymax>94</ymax></bndbox></object><object><name>proposal</name><bndbox><xmin>306</xmin><ymin>300</ymin><xmax>189</xmax><ymax>135</ymax></bndbox></object><object><name>proposal</name><bndbox><xmin>255</xmin><ymin>300</ymin><xmax>278</xmax><ymax>227</ymax></bndbox></object><object><name>proposal</name><bndbox><xmin>324</xmin><ymin>295</ymin><xmax>120</xmax><ymax>95</ymax></bndbox></object><object><name>proposal</name><bndbox><xmin>137</xmin><ymin>295</ymin><xmax>349</xmax><ymax>128</ymax></bndbox></object><object><name>proposal</name><bndbox><xmin>375</xmin><ymin>300</ymin><xmax>142</xmax><ymax>72</ymax></bndbox></object><object><name>proposal</name><bndbox><xmin>328</xmin><ymin>282</ymin><xmax>118</xmax><ymax>104</ymax></bndbox></object><object><name>proposal</name><bndbox><xmin>287</xmin><ymin>295</ymin><xmax>280</xmax><ymax>242</ymax></bndbox></object><object><name>proposal</name><bndbox><xmin>233</xmin><ymin>295</ymin><xmax>253</xmax><ymax>138</ymax></bndbox></object><object><name>proposal</name><bndbox><xmin>233</xmin><ymin>326</ymin><xmax>200</xmax><ymax>143</ymax></bndbox></object><object><name>proposal</name><bndbox><xmin>292</xmin><ymin>370</ymin><xmax>118</xmax><ymax>83</ymax></bndbox></object><object><name>proposal</name><bndbox><xmin>298</xmin><ymin>295</ymin><xmax>269</xmax><ymax>242</ymax></bndbox></object><object><name>proposal</name><bndbox><xmin>233</xmin><ymin>350</ymin><xmax>207</xmax><ymax>114</ymax></bndbox></object><object><name>proposal</name><bndbox><xmin>61</xmin><ymin>282</ymin><xmax>385</xmax><ymax>184</ymax></bndbox></object><object><name>proposal</name><bndbox><xmin>375</xmin><ymin>300</ymin><xmax>150</xmax><ymax>80</ymax></bndbox></object><object><name>proposal</name><bndbox><xmin>75</xmin><ymin>295</ymin><xmax>492</xmax><ymax>242</ymax></bndbox></object><object><name>proposal</name><bndbox><xmin>289</xmin><ymin>368</ymin><xmax>166</xmax><ymax>143</ymax></bndbox></object><object><name>proposal</name><bndbox><xmin>249</xmin><ymin>302</ymin><xmax>129</xmax><ymax>151</ymax></bndbox></object></annotation>