<annotation><folder>Proposals</folder><filename>img-567.jpg</filename><size><width>450</width><height>300</height><depth>3</depth></size><object><name>proposal</name><bndbox><xmin>0</xmin><ymin>0</ymin><xmax>527</xmax><ymax>800</ymax></bndbox></object><object><name>proposal</name><bndbox><xmin>386</xmin><ymin>231</ymin><xmax>272</xmax><ymax>292</ymax></bndbox></object><object><name>proposal</name><bndbox><xmin>194</xmin><ymin>129</ymin><xmax>516</xmax><ymax>470</ymax></bndbox></object><object><name>proposal</name><bndbox><xmin>0</xmin><ymin>0</ymin><xmax>304</xmax><ymax>752</ymax></bndbox></object><object><name>proposal</name><bndbox><xmin>111</xmin><ymin>353</ymin><xmax>337</xmax><ymax>447</ymax></bndbox></object><object><name>proposal</name><bndbox><xmin>192</xmin><ymin>208</ymin><xmax>376</xmax><ymax>359</ymax></bndbox></object><object><name>proposal</name><bndbox><xmin>0</xmin><ymin>230</ymin><xmax>327</xmax><ymax>570</ymax></bndbox></object><object><name>proposal</name><bndbox><xmin>93</xmin><ymin>35</ymin><xmax>483</xmax><ymax>533</ymax></bndbox></object><object><name>proposal</name><bndbox><xmin>220</xmin><ymin>166</ymin><xmax>519</xmax><ymax>457</ymax></bndbox></object><object><name>proposal</name><bndbox><xmin>0</xmin><ymin>0</ymin><xmax>800</xmax><ymax>450</ymax></bndbox></object><object><name>proposal</name><bndbox><xmin>50</xmin><ymin>230</ymin><xmax>277</xmax><ymax>570</ymax></bndbox></object><object><name>proposal</name><bndbox><xmin>127</xmin><ymin>347</ymin><xmax>411</xmax><ymax>404</ymax></bndbox></object><object><name>proposal</name><bndbox><xmin>46</xmin><ymin>103</ymin><xmax>258</xmax><ymax>508</ymax></bndbox></object><object><name>proposal</name><bndbox><xmin>540</xmin><ymin>256</ymin><xmax>170</xmax><ymax>437</ymax></bndbox></object><object><name>proposal</name><bndbox><xmin>0</xmin><ymin>466</ymin><xmax>522</xmax><ymax>334</ymax></bndbox></object><object><name>proposal</name><bndbox><xmin>201</xmin><ymin>213</ymin><xmax>336</xmax><ymax>277</ymax></bndbox></object><object><name>proposal</name><bndbox><xmin>235</xmin><ymin>123</ymin><xmax>475</xmax><ymax>221</ymax></bndbox></object><object><name>proposal</name><bndbox><xmin>226</xmin><ymin>521</ymin><xmax>574</xmax><ymax>279</ymax></bndbox></object><object><name>proposal</name><bndbox><xmin>93</xmin><ymin>208</ymin><xmax>395</xmax><ymax>395</ymax></bndbox></object><object><name>proposal</name><bndbox><xmin>261</xmin><ymin>479</ymin><xmax>367</xmax><ymax>274</ymax></bndbox></object><object><name>proposal</name><bndbox><xmin>250</xmin><ymin>327</ymin><xmax>550</xmax><ymax>473</ymax></bndbox></object><object><name>proposal</name><bndbox><xmin>230</xmin><ymin>354</ymin><xmax>218</xmax><ymax>446</ymax></bndbox></object><object><name>proposal</name><bndbox><xmin>185</xmin><ymin>165</ymin><xmax>365</xmax><ymax>285</ymax></bndbox></object><object><name>proposal</name><bndbox><xmin>375</xmin><ymin>324</ymin><xmax>284</xmax><ymax>340</ymax></bndbox></object><object><name>proposal</name><bndbox><xmin>114</xmin><ymin>424</ymin><xmax>263</xmax><ymax>287</ymax></bndbox></object><object><name>proposal</name><bndbox><xmin>111</xmin><ymin>293</ymin><xmax>689</xmax><ymax>507</ymax></bndbox></object><object><name>proposal</name><bndbox><xmin>0</xmin><ymin>208</ymin><xmax>549</xmax><ymax>592</ymax></bndbox></object><object><name>proposal</name><bndbox><xmin>0</xmin><ymin>0</ymin><xmax>628</xmax><ymax>800</ymax></bndbox></object><object><name>proposal</name><bndbox><xmin>229</xmin><ymin>213</ymin><xmax>293</xmax><ymax>286</ymax></bndbox></object><object><name>proposal</name><bndbox><xmin>274</xmin><ymin>193</ymin><xmax>360</xmax><ymax>607</ymax></bndbox></object><object><name>proposal</name><bndbox><xmin>143</xmin><ymin>248</ymin><xmax>657</xmax><ymax>552</ymax></bndbox></object><object><name>proposal</name><bndbox><xmin>111</xmin><ymin>362</ymin><xmax>301</xmax><ymax>268</ymax></bndbox></object><object><name>proposal</name><bndbox><xmin>202</xmin><ymin>115</ymin><xmax>598</xmax><ymax>685</ymax></bndbox></object><object><name>proposal</name><bndbox><xmin>414</xmin><ymin>0</ymin><xmax>386</xmax><ymax>431</ymax></bndbox></object><object><name>proposal</name><bndbox><xmin>236</xmin><ymin>128</ymin><xmax>471</xmax><ymax>216</ymax></bndbox></object><object><name>proposal</name><bndbox><xmin>314</xmin><ymin>337</ymin><xmax>379</xmax><ymax>382</ymax></bndbox></object><object><name>proposal</name><bndbox><xmin>93</xmin><ymin>128</ymin><xmax>616</xmax><ymax>409</ymax></bndbox></object><object><name>proposal</name><bndbox><xmin>0</xmin><ymin>0</ymin><xmax>800</xmax><ymax>800</ymax></bndbox></object><object><name>proposal</name><bndbox><xmin>481</xmin><ymin>88</ymin><xmax>306</xmax><ymax>576</ymax></bndbox></object><object><name>proposal</name><bndbox><xmin>209</xmin><ymin>213</ymin><xmax>500</xmax><ymax>341</ymax></bndbox></object><object><name>proposal</name><bndbox><xmin>326</xmin><ymin>457</ymin><xmax>302</xmax><ymax>343</ymax></bndbox></object><object><name>proposal</name><bndbox><xmin>201</xmin><ymin>213</ymin><xmax>337</xmax><ymax>277</ymax></bndbox></object><object><name>proposal</name><bndbox><xmin>237</xmin><ymin>129</ymin><xmax>471</xmax><ymax>218</ymax></bndbox></object><object><name>proposal</name><bndbox><xmin>316</xmin><ymin>208</ymin><xmax>354</xmax><ymax>369</ymax></bndbox></object><object><name>proposal</name><bndbox><xmin>326</xmin><ymin>396</ymin><xmax>333</xmax><ymax>404</ymax></bndbox></object><object><name>proposal</name><bndbox><xmin>245</xmin><ymin>352</ymin><xmax>555</xmax><ymax>448</ymax></bndbox></object><object><name>proposal</name><bndbox><xmin>237</xmin><ymin>127</ymin><xmax>471</xmax><ymax>277</ymax></bndbox></object><object><name>proposal</name><bndbox><xmin>102</xmin><ymin>41</ymin><xmax>466</xmax><ymax>644</ymax></bndbox></object><object><name>proposal</name><bndbox><xmin>18</xmin><ymin>215</ymin><xmax>782</xmax><ymax>585</ymax></bndbox></object><object><name>proposal</name><bndbox><xmin>220</xmin><ymin>38</ymin><xmax>520</xmax><ymax>547</ymax></bndbox></object><object><name>proposal</name><bndbox><xmin>227</xmin><ymin>165</ymin><xmax>316</xmax><ymax>228</ymax></bndbox></object><object><name>proposal</name><bndbox><xmin>220</xmin><ymin>129</ymin><xmax>489</xmax><ymax>394</ymax></bndbox></object><object><name>proposal</name><bndbox><xmin>93</xmin><ymin>222</ymin><xmax>386</xmax><ymax>348</ymax></bndbox></object><object><name>proposal</name><bndbox><xmin>411</xmin><ymin>464</ymin><xmax>341</xmax><ymax>336</ymax></bndbox></object><object><name>proposal</name><bndbox><xmin>180</xmin><ymin>0</ymin><xmax>620</xmax><ymax>313</ymax></bndbox></object><object><name>proposal</name><bndbox><xmin>357</xmin><ymin>0</ymin><xmax>443</xmax><ymax>697</ymax></bndbox></object><object><name>proposal</name><bndbox><xmin>0</xmin><ymin>224</ymin><xmax>800</xmax><ymax>576</ymax></bndbox></object><object><name>proposal</name><bndbox><xmin>93</xmin><ymin>208</ymin><xmax>456</xmax><ymax>284</ymax></bndbox></object><object><name>proposal</name><bndbox><xmin>326</xmin><ymin>457</ymin><xmax>474</xmax><ymax>343</ymax></bndbox></object><object><name>proposal</name><bndbox><xmin>0</xmin><ymin>208</ymin><xmax>800</xmax><ymax>592</ymax></bndbox></object><object><name>proposal</name><bndbox><xmin>267</xmin><ymin>239</ymin><xmax>463</xmax><ymax>561</ymax></bndbox></object><object><name>proposal</name><bndbox><xmin>111</xmin><ymin>216</ymin><xmax>368</xmax><ymax>416</ymax></bndbox></object><object><name>proposal</name><bndbox><xmin>110</xmin><ymin>353</ymin><xmax>338</xmax><ymax>447</ymax></bndbox></object><object><name>proposal</name><bndbox><xmin>203</xmin><ymin>273</ymin><xmax>392</xmax><ymax>310</ymax></bndbox></object><object><name>proposal</name><bndbox><xmin>0</xmin><ymin>0</ymin><xmax>800</xmax><ymax>411</ymax></bndbox></object><object><name>proposal</name><bndbox><xmin>93</xmin><ymin>331</ymin><xmax>475</xmax><ymax>333</ymax></bndbox></object><object><name>proposal</name><bndbox><xmin>262</xmin><ymin>320</ymin><xmax>307</xmax><ymax>376</ymax></bndbox></object><object><name>proposal</name><bndbox><xmin>274</xmin><ymin>193</ymin><xmax>350</xmax><ymax>444</ymax></bndbox></object><object><name>proposal</name><bndbox><xmin>237</xmin><ymin>166</ymin><xmax>467</xmax><ymax>204</ymax></bndbox></object><object><name>proposal</name><bndbox><xmin>201</xmin><ymin>223</ymin><xmax>336</xmax><ymax>267</ymax></bndbox></object><object><name>proposal</name><bndbox><xmin>111</xmin><ymin>0</ymin><xmax>689</xmax><ymax>354</ymax></bndbox></object><object><name>proposal</name><bndbox><xmin>322</xmin><ymin>457</ymin><xmax>307</xmax><ymax>343</ymax></bndbox></object><object><name>proposal</name><bndbox><xmin>219</xmin><ymin>0</ymin><xmax>581</xmax><ymax>391</ymax></bndbox></object><object><name>proposal</name><bndbox><xmin>0</xmin><ymin>166</ymin><xmax>520</xmax><ymax>634</ymax></bndbox></object><object><name>proposal</name><bndbox><xmin>0</xmin><ymin>338</ymin><xmax>595</xmax><ymax>462</ymax></bndbox></object><object><name>proposal</name><bndbox><xmin>93</xmin><ymin>165</ymin><xmax>613</xmax><ymax>327</ymax></bndbox></object><object><name>proposal</name><bndbox><xmin>0</xmin><ymin>0</ymin><xmax>707</xmax><ymax>800</ymax></bndbox></object><object><name>proposal</name><bndbox><xmin>185</xmin><ymin>0</ymin><xmax>615</xmax><ymax>800</ymax></bndbox></object><object><name>proposal</name><bndbox><xmin>111</xmin><ymin>230</ymin><xmax>426</xmax><ymax>570</ymax></bndbox></object><object><name>proposal</name><bndbox><xmin>359</xmin><ymin>464</ymin><xmax>371</xmax><ymax>336</ymax></bndbox></object><object><name>proposal</name><bndbox><xmin>217</xmin><ymin>56</ymin><xmax>583</xmax><ymax>744</ymax></bndbox></object><object><name>proposal</name><bndbox><xmin>209</xmin><ymin>220</ymin><xmax>500</xmax><ymax>334</ymax></bndbox></object><object><name>proposal</name><bndbox><xmin>106</xmin><ymin>338</ymin><xmax>489</xmax><ymax>358</ymax></bndbox></object><object><name>proposal</name><bndbox><xmin>18</xmin><ymin>471</ymin><xmax>498</xmax><ymax>329</ymax></bndbox></object><object><name>proposal</name><bndbox><xmin>236</xmin><ymin>165</ymin><xmax>474</xmax><ymax>414</ymax></bndbox></object><object><name>proposal</name><bndbox><xmin>143</xmin><ymin>327</ymin><xmax>502</xmax><ymax>473</ymax></bndbox></object><object><name>proposal</name><bndbox><xmin>251</xmin><ymin>396</ymin><xmax>317</xmax><ymax>404</ymax></bndbox></object><object><name>proposal</name><bndbox><xmin>215</xmin><ymin>292</ymin><xmax>585</xmax><ymax>508</ymax></bndbox></object><object><name>proposal</name><bndbox><xmin>0</xmin><ymin>0</ymin><xmax>595</xmax><ymax>475</ymax></bndbox></object><object><name>proposal</name><bndbox><xmin>236</xmin><ymin>166</ymin><xmax>472</xmax><ymax>419</ymax></bndbox></object><object><name>proposal</name><bndbox><xmin>53</xmin><ymin>213</ymin><xmax>441</xmax><ymax>587</ymax></bndbox></object><object><name>proposal</name><bndbox><xmin>512</xmin><ymin>241</ymin><xmax>288</xmax><ymax>559</ymax></bndbox></object><object><name>proposal</name><bndbox><xmin>237</xmin><ymin>0</ymin><xmax>563</xmax><ymax>800</ymax></bndbox></object><object><name>proposal</name><bndbox><xmin>0</xmin><ymin>115</ymin><xmax>561</xmax><ymax>685</ymax></bndbox></object><object><name>proposal</name><bndbox><xmin>358</xmin><ymin>475</ymin><xmax>335</xmax><ymax>244</ymax></bndbox></object><object><name>proposal</name><bndbox><xmin>237</xmin><ymin>129</ymin><xmax>469</xmax><ymax>272</ymax></bndbox></object><object><name>proposal</name><bndbox><xmin>358</xmin><ymin>339</ymin><xmax>325</xmax><ymax>461</ymax></bndbox></object><object><name>proposal</name><bndbox><xmin>118</xmin><ymin>304</ymin><xmax>284</xmax><ymax>329</ymax></bndbox></object><object><name>proposal</name><bndbox><xmin>291</xmin><ymin>0</ymin><xmax>509</xmax><ymax>800</ymax></bndbox></object><object><name>proposal</name><bndbox><xmin>506</xmin><ymin>245</ymin><xmax>294</xmax><ymax>555</ymax></bndbox></object><object><name>proposal</name><bndbox><xmin>111</xmin><ymin>0</ymin><xmax>689</xmax><ymax>800</ymax></bndbox></object><object><name>proposal</name><bndbox><xmin>0</xmin><ymin>0</ymin><xmax>474</xmax><ymax>800</ymax></bndbox></object><object><name>proposal</name><bndbox><xmin>0</xmin><ymin>88</ymin><xmax>787</xmax><ymax>712</ymax></bndbox></object><object><name>proposal</name><bndbox><xmin>93</xmin><ymin>0</ymin><xmax>707</xmax><ymax>567</ymax></bndbox></object><object><name>proposal</name><bndbox><xmin>106</xmin><ymin>419</ymin><xmax>273</xmax><ymax>324</ymax></bndbox></object><object><name>proposal</name><bndbox><xmin>0</xmin><ymin>41</ymin><xmax>704</xmax><ymax>759</ymax></bndbox></object><object><name>proposal</name><bndbox><xmin>225</xmin><ymin>165</ymin><xmax>318</xmax><ymax>228</ymax></bndbox></object><object><name>proposal</name><bndbox><xmin>490</xmin><ymin>251</ymin><xmax>239</xmax><ymax>412</ymax></bndbox></object><object><name>proposal</name><bndbox><xmin>143</xmin><ymin>0</ymin><xmax>635</xmax><ymax>412</ymax></bndbox></object><object><name>proposal</name><bndbox><xmin>256</xmin><ymin>0</ymin><xmax>544</xmax><ymax>314</ymax></bndbox></object><object><name>proposal</name><bndbox><xmin>231</xmin><ymin>70</ymin><xmax>476</xmax><ymax>282</ymax></bndbox></object><object><name>proposal</name><bndbox><xmin>0</xmin><ymin>451</ymin><xmax>602</xmax><ymax>349</ymax></bndbox></object><object><name>proposal</name><bndbox><xmin>93</xmin><ymin>0</ymin><xmax>707</xmax><ymax>492</ymax></bndbox></object><object><name>proposal</name><bndbox><xmin>0</xmin><ymin>255</ymin><xmax>581</xmax><ymax>545</ymax></bndbox></object><object><name>proposal</name><bndbox><xmin>237</xmin><ymin>154</ymin><xmax>470</xmax><ymax>247</ymax></bndbox></object><object><name>proposal</name><bndbox><xmin>201</xmin><ymin>223</ymin><xmax>278</xmax><ymax>267</ymax></bndbox></object><object><name>proposal</name><bndbox><xmin>203</xmin><ymin>128</ymin><xmax>506</xmax><ymax>426</ymax></bndbox></object><object><name>proposal</name><bndbox><xmin>43</xmin><ymin>256</ymin><xmax>355</xmax><ymax>544</ymax></bndbox></object><object><name>proposal</name><bndbox><xmin>262</xmin><ymin>213</ymin><xmax>448</xmax><ymax>252</ymax></bndbox></object><object><name>proposal</name><bndbox><xmin>251</xmin><ymin>327</ymin><xmax>383</xmax><ymax>473</ymax></bndbox></object><object><name>proposal</name><bndbox><xmin>237</xmin><ymin>0</ymin><xmax>563</xmax><ymax>354</ymax></bndbox></object><object><name>proposal</name><bndbox><xmin>224</xmin><ymin>70</ymin><xmax>521</xmax><ymax>509</ymax></bndbox></object><object><name>proposal</name><bndbox><xmin>0</xmin><ymin>329</ymin><xmax>800</xmax><ymax>471</ymax></bndbox></object><object><name>proposal</name><bndbox><xmin>27</xmin><ymin>224</ymin><xmax>372</xmax><ymax>576</ymax></bndbox></object><object><name>proposal</name><bndbox><xmin>185</xmin><ymin>166</ymin><xmax>522</xmax><ymax>405</ymax></bndbox></object><object><name>proposal</name><bndbox><xmin>458</xmin><ymin>44</ymin><xmax>252</xmax><ymax>445</ymax></bndbox></object><object><name>proposal</name><bndbox><xmin>112</xmin><ymin>0</ymin><xmax>331</xmax><ymax>408</ymax></bndbox></object><object><name>proposal</name><bndbox><xmin>419</xmin><ymin>138</ymin><xmax>278</xmax><ymax>332</ymax></bndbox></object><object><name>proposal</name><bndbox><xmin>0</xmin><ymin>0</ymin><xmax>581</xmax><ymax>800</ymax></bndbox></object><object><name>proposal</name><bndbox><xmin>55</xmin><ymin>269</ymin><xmax>543</xmax><ymax>414</ymax></bndbox></object><object><name>proposal</name><bndbox><xmin>192</xmin><ymin>238</ymin><xmax>357</xmax><ymax>227</ymax></bndbox></object><object><name>proposal</name><bndbox><xmin>214</xmin><ymin>231</ymin><xmax>538</xmax><ymax>569</ymax></bndbox></object><object><name>proposal</name><bndbox><xmin>350</xmin><ymin>338</ymin><xmax>245</xmax><ymax>358</ymax></bndbox></object><object><name>proposal</name><bndbox><xmin>0</xmin><ymin>0</ymin><xmax>595</xmax><ymax>800</ymax></bndbox></object><object><name>proposal</name><bndbox><xmin>420</xmin><ymin>0</ymin><xmax>380</xmax><ymax>641</ymax></bndbox></object><object><name>proposal</name><bndbox><xmin>214</xmin><ymin>70</ymin><xmax>538</xmax><ymax>730</ymax></bndbox></object><object><name>proposal</name><bndbox><xmin>110</xmin><ymin>361</ymin><xmax>270</xmax><ymax>339</ymax></bndbox></object><object><name>proposal</name><bndbox><xmin>315</xmin><ymin>237</ymin><xmax>381</xmax><ymax>308</ymax></bndbox></object><object><name>proposal</name><bndbox><xmin>111</xmin><ymin>213</ymin><xmax>368</xmax><ymax>419</ymax></bndbox></object><object><name>proposal</name><bndbox><xmin>164</xmin><ymin>376</ymin><xmax>636</xmax><ymax>424</ymax></bndbox></object><object><name>proposal</name><bndbox><xmin>127</xmin><ymin>277</ymin><xmax>513</xmax><ymax>523</ymax></bndbox></object><object><name>proposal</name><bndbox><xmin>0</xmin><ymin>215</ymin><xmax>659</xmax><ymax>585</ymax></bndbox></object><object><name>proposal</name><bndbox><xmin>278</xmin><ymin>278</ymin><xmax>362</xmax><ymax>290</ymax></bndbox></object><object><name>proposal</name><bndbox><xmin>0</xmin><ymin>0</ymin><xmax>645</xmax><ymax>800</ymax></bndbox></object><object><name>proposal</name><bndbox><xmin>351</xmin><ymin>114</ymin><xmax>449</xmax><ymax>550</ymax></bndbox></object><object><name>proposal</name><bndbox><xmin>227</xmin><ymin>88</ymin><xmax>560</xmax><ymax>576</ymax></bndbox></object><object><name>proposal</name><bndbox><xmin>388</xmin><ymin>351</ymin><xmax>272</xmax><ymax>305</ymax></bndbox></object><object><name>proposal</name><bndbox><xmin>89</xmin><ymin>142</ymin><xmax>238</xmax><ymax>395</ymax></bndbox></object><object><name>proposal</name><bndbox><xmin>200</xmin><ymin>208</ymin><xmax>433</xmax><ymax>394</ymax></bndbox></object><object><name>proposal</name><bndbox><xmin>225</xmin><ymin>81</ymin><xmax>482</xmax><ymax>418</ymax></bndbox></object><object><name>proposal</name><bndbox><xmin>0</xmin><ymin>173</ymin><xmax>430</xmax><ymax>627</ymax></bndbox></object><object><name>proposal</name><bndbox><xmin>267</xmin><ymin>239</ymin><xmax>313</xmax><ymax>457</ymax></bndbox></object><object><name>proposal</name><bndbox><xmin>111</xmin><ymin>213</ymin><xmax>529</xmax><ymax>587</ymax></bndbox></object><object><name>proposal</name><bndbox><xmin>411</xmin><ymin>464</ymin><xmax>319</xmax><ymax>336</ymax></bndbox></object><object><name>proposal</name><bndbox><xmin>237</xmin><ymin>166</ymin><xmax>470</xmax><ymax>186</ymax></bndbox></object><object><name>proposal</name><bndbox><xmin>18</xmin><ymin>278</ymin><xmax>782</xmax><ymax>522</ymax></bndbox></object><object><name>proposal</name><bndbox><xmin>370</xmin><ymin>0</ymin><xmax>430</xmax><ymax>800</ymax></bndbox></object><object><name>proposal</name><bndbox><xmin>143</xmin><ymin>339</ymin><xmax>502</xmax><ymax>461</ymax></bndbox></object><object><name>proposal</name><bndbox><xmin>317</xmin><ymin>418</ymin><xmax>329</xmax><ymax>382</ymax></bndbox></object><object><name>proposal</name><bndbox><xmin>186</xmin><ymin>483</ymin><xmax>442</xmax><ymax>317</ymax></bndbox></object><object><name>proposal</name><bndbox><xmin>251</xmin><ymin>424</ymin><xmax>368</xmax><ymax>376</ymax></bndbox></object><object><name>proposal</name><bndbox><xmin>481</xmin><ymin>240</ymin><xmax>241</xmax><ymax>491</ymax></bndbox></object><object><name>proposal</name><bndbox><xmin>380</xmin><ymin>0</ymin><xmax>420</xmax><ymax>400</ymax></bndbox></object><object><name>proposal</name><bndbox><xmin>237</xmin><ymin>166</ymin><xmax>473</xmax><ymax>299</ymax></bndbox></object><object><name>proposal</name><bndbox><xmin>262</xmin><ymin>239</ymin><xmax>396</xmax><ymax>340</ymax></bndbox></object><object><name>proposal</name><bndbox><xmin>113</xmin><ymin>233</ymin><xmax>687</xmax><ymax>567</ymax></bndbox></object><object><name>proposal</name><bndbox><xmin>0</xmin><ymin>408</ymin><xmax>435</xmax><ymax>392</ymax></bndbox></object><object><name>proposal</name><bndbox><xmin>93</xmin><ymin>35</ymin><xmax>450</xmax><ymax>326</ymax></bndbox></object><object><name>proposal</name><bndbox><xmin>0</xmin><ymin>0</ymin><xmax>704</xmax><ymax>800</ymax></bndbox></object><object><name>proposal</name><bndbox><xmin>0</xmin><ymin>0</ymin><xmax>443</xmax><ymax>426</ymax></bndbox></object><object><name>proposal</name><bndbox><xmin>210</xmin><ymin>216</ymin><xmax>340</xmax><ymax>249</ymax></bndbox></object><object><name>proposal</name><bndbox><xmin>557</xmin><ymin>103</ymin><xmax>243</xmax><ymax>600</ymax></bndbox></object><object><name>proposal</name><bndbox><xmin>269</xmin><ymin>114</ymin><xmax>531</xmax><ymax>473</ymax></bndbox></object><object><name>proposal</name><bndbox><xmin>111</xmin><ymin>233</ymin><xmax>689</xmax><ymax>567</ymax></bndbox></object><object><name>proposal</name><bndbox><xmin>18</xmin><ymin>361</ymin><xmax>362</xmax><ymax>439</ymax></bndbox></object><object><name>proposal</name><bndbox><xmin>485</xmin><ymin>0</ymin><xmax>315</xmax><ymax>800</ymax></bndbox></object><object><name>proposal</name><bndbox><xmin>0</xmin><ymin>0</ymin><xmax>440</xmax><ymax>760</ymax></bndbox></object><object><name>proposal</name><bndbox><xmin>209</xmin><ymin>128</ymin><xmax>500</xmax><ymax>426</ymax></bndbox></object><object><name>proposal</name><bndbox><xmin>234</xmin><ymin>129</ymin><xmax>476</xmax><ymax>448</ymax></bndbox></object><object><name>proposal</name><bndbox><xmin>134</xmin><ymin>166</ymin><xmax>578</xmax><ymax>634</ymax></bndbox></object><object><name>proposal</name><bndbox><xmin>283</xmin><ymin>232</ymin><xmax>418</xmax><ymax>313</ymax></bndbox></object><object><name>proposal</name><bndbox><xmin>491</xmin><ymin>248</ymin><xmax>211</xmax><ymax>416</ymax></bndbox></object><object><name>proposal</name><bndbox><xmin>217</xmin><ymin>116</ymin><xmax>495</xmax><ymax>684</ymax></bndbox></object><object><name>proposal</name><bndbox><xmin>237</xmin><ymin>166</ymin><xmax>470</xmax><ymax>326</ymax></bndbox></object><object><name>proposal</name><bndbox><xmin>165</xmin><ymin>475</ymin><xmax>635</xmax><ymax>325</ymax></bndbox></object><object><name>proposal</name><bndbox><xmin>237</xmin><ymin>129</ymin><xmax>470</xmax><ymax>272</ymax></bndbox></object><object><name>proposal</name><bndbox><xmin>18</xmin><ymin>360</ymin><xmax>362</xmax><ymax>440</ymax></bndbox></object><object><name>proposal</name><bndbox><xmin>279</xmin><ymin>338</ymin><xmax>316</xmax><ymax>237</ymax></bndbox></object><object><name>proposal</name><bndbox><xmin>426</xmin><ymin>239</ymin><xmax>234</xmax><ymax>298</ymax></bndbox></object><object><name>proposal</name><bndbox><xmin>203</xmin><ymin>457</ymin><xmax>435</xmax><ymax>343</ymax></bndbox></object><object><name>proposal</name><bndbox><xmin>85</xmin><ymin>0</ymin><xmax>715</xmax><ymax>457</ymax></bndbox></object><object><name>proposal</name><bndbox><xmin>459</xmin><ymin>88</ymin><xmax>341</xmax><ymax>712</ymax></bndbox></object><object><name>proposal</name><bndbox><xmin>113</xmin><ymin>396</ymin><xmax>607</xmax><ymax>404</ymax></bndbox></object><object><name>proposal</name><bndbox><xmin>130</xmin><ymin>230</ymin><xmax>508</xmax><ymax>570</ymax></bndbox></object><object><name>proposal</name><bndbox><xmin>475</xmin><ymin>218</ymin><xmax>234</xmax><ymax>336</ymax></bndbox></object><object><name>proposal</name><bndbox><xmin>215</xmin><ymin>327</ymin><xmax>418</xmax><ymax>473</ymax></bndbox></object><object><name>proposal</name><bndbox><xmin>237</xmin><ymin>87</ymin><xmax>563</xmax><ymax>508</ymax></bndbox></object><object><name>proposal</name><bndbox><xmin>93</xmin><ymin>0</ymin><xmax>707</xmax><ymax>537</ymax></bndbox></object><object><name>proposal</name><bndbox><xmin>388</xmin><ymin>324</ymin><xmax>412</xmax><ymax>425</ymax></bndbox></object><object><name>proposal</name><bndbox><xmin>0</xmin><ymin>288</ymin><xmax>520</xmax><ymax>512</ymax></bndbox></object><object><name>proposal</name><bndbox><xmin>505</xmin><ymin>237</ymin><xmax>295</xmax><ymax>563</ymax></bndbox></object><object><name>proposal</name><bndbox><xmin>235</xmin><ymin>0</ymin><xmax>565</xmax><ymax>344</ymax></bndbox></object><object><name>proposal</name><bndbox><xmin>203</xmin><ymin>394</ymin><xmax>597</xmax><ymax>406</ymax></bndbox></object><object><name>proposal</name><bndbox><xmin>0</xmin><ymin>288</ymin><xmax>375</xmax><ymax>512</ymax></bndbox></object><object><name>proposal</name><bndbox><xmin>55</xmin><ymin>269</ymin><xmax>286</xmax><ymax>407</ymax></bndbox></object><object><name>proposal</name><bndbox><xmin>194</xmin><ymin>129</ymin><xmax>606</xmax><ymax>671</ymax></bndbox></object><object><name>proposal</name><bndbox><xmin>18</xmin><ymin>363</ymin><xmax>406</xmax><ymax>437</ymax></bndbox></object><object><name>proposal</name><bndbox><xmin>0</xmin><ymin>0</ymin><xmax>800</xmax><ymax>355</ymax></bndbox></object><object><name>proposal</name><bndbox><xmin>262</xmin><ymin>239</ymin><xmax>396</xmax><ymax>457</ymax></bndbox></object><object><name>proposal</name><bndbox><xmin>251</xmin><ymin>353</ymin><xmax>382</xmax><ymax>447</ymax></bndbox></object><object><name>proposal</name><bndbox><xmin>0</xmin><ymin>0</ymin><xmax>602</xmax><ymax>800</ymax></bndbox></object><object><name>proposal</name><bndbox><xmin>236</xmin><ymin>38</ymin><xmax>472</xmax><ymax>547</ymax></bndbox></object><object><name>proposal</name><bndbox><xmin>0</xmin><ymin>120</ymin><xmax>398</xmax><ymax>680</ymax></bndbox></object><object><name>proposal</name><bndbox><xmin>133</xmin><ymin>239</ymin><xmax>366</xmax><ymax>445</ymax></bndbox></object><object><name>proposal</name><bndbox><xmin>348</xmin><ymin>409</ymin><xmax>345</xmax><ymax>254</ymax></bndbox></object><object><name>proposal</name><bndbox><xmin>111</xmin><ymin>213</ymin><xmax>368</xmax><ymax>427</ymax></bndbox></object><object><name>proposal</name><bndbox><xmin>53</xmin><ymin>213</ymin><xmax>747</xmax><ymax>587</ymax></bndbox></object><object><name>proposal</name><bndbox><xmin>201</xmin><ymin>128</ymin><xmax>506</xmax><ymax>362</ymax></bndbox></object><object><name>proposal</name><bndbox><xmin>111</xmin><ymin>166</ymin><xmax>689</xmax><ymax>634</ymax></bndbox></object><object><name>proposal</name><bndbox><xmin>0</xmin><ymin>0</ymin><xmax>475</xmax><ymax>479</ymax></bndbox></object><object><name>proposal</name><bndbox><xmin>269</xmin><ymin>166</ymin><xmax>439</xmax><ymax>299</ymax></bndbox></object><object><name>proposal</name><bndbox><xmin>111</xmin><ymin>0</ymin><xmax>484</xmax><ymax>475</ymax></bndbox></object><object><name>proposal</name><bndbox><xmin>256</xmin><ymin>337</ymin><xmax>544</xmax><ymax>463</ymax></bndbox></object><object><name>proposal</name><bndbox><xmin>251</xmin><ymin>424</ymin><xmax>351</xmax><ymax>376</ymax></bndbox></object><object><name>proposal</name><bndbox><xmin>0</xmin><ymin>253</ymin><xmax>538</xmax><ymax>547</ymax></bndbox></object><object><name>proposal</name><bndbox><xmin>138</xmin><ymin>273</ymin><xmax>457</xmax><ymax>527</ymax></bndbox></object><object><name>proposal</name><bndbox><xmin>111</xmin><ymin>90</ymin><xmax>596</xmax><ymax>710</ymax></bndbox></object><object><name>proposal</name><bndbox><xmin>192</xmin><ymin>213</ymin><xmax>346</xmax><ymax>284</ymax></bndbox></object></annotation>