<annotation><folder>Proposals</folder><filename>img-517.jpg</filename><size><width>533</width><height>300</height><depth>3</depth></size><object><name>proposal</name><bndbox><xmin>501</xmin><ymin>376</ymin><xmax>88</xmax><ymax>73</ymax></bndbox></object><object><name>proposal</name><bndbox><xmin>244</xmin><ymin>0</ymin><xmax>556</xmax><ymax>800</ymax></bndbox></object><object><name>proposal</name><bndbox><xmin>494</xmin><ymin>363</ymin><xmax>196</xmax><ymax>172</ymax></bndbox></object><object><name>proposal</name><bndbox><xmin>176</xmin><ymin>314</ymin><xmax>246</xmax><ymax>347</ymax></bndbox></object><object><name>proposal</name><bndbox><xmin>580</xmin><ymin>559</ymin><xmax>182</xmax><ymax>188</ymax></bndbox></object><object><name>proposal</name><bndbox><xmin>536</xmin><ymin>517</ymin><xmax>190</xmax><ymax>204</ymax></bndbox></object><object><name>proposal</name><bndbox><xmin>404</xmin><ymin>390</ymin><xmax>141</xmax><ymax>119</ymax></bndbox></object><object><name>proposal</name><bndbox><xmin>211</xmin><ymin>515</ymin><xmax>274</xmax><ymax>178</ymax></bndbox></object><object><name>proposal</name><bndbox><xmin>441</xmin><ymin>477</ymin><xmax>146</xmax><ymax>244</ymax></bndbox></object><object><name>proposal</name><bndbox><xmin>491</xmin><ymin>315</ymin><xmax>276</xmax><ymax>485</ymax></bndbox></object><object><name>proposal</name><bndbox><xmin>336</xmin><ymin>0</ymin><xmax>464</xmax><ymax>800</ymax></bndbox></object><object><name>proposal</name><bndbox><xmin>520</xmin><ymin>376</ymin><xmax>105</xmax><ymax>90</ymax></bndbox></object><object><name>proposal</name><bndbox><xmin>580</xmin><ymin>550</ymin><xmax>182</xmax><ymax>197</ymax></bndbox></object><object><name>proposal</name><bndbox><xmin>466</xmin><ymin>504</ymin><xmax>296</xmax><ymax>243</ymax></bndbox></object><object><name>proposal</name><bndbox><xmin>166</xmin><ymin>511</ymin><xmax>186</xmax><ymax>289</ymax></bndbox></object><object><name>proposal</name><bndbox><xmin>380</xmin><ymin>313</ymin><xmax>219</xmax><ymax>226</ymax></bndbox></object><object><name>proposal</name><bndbox><xmin>452</xmin><ymin>393</ymin><xmax>94</xmax><ymax>132</ymax></bndbox></object><object><name>proposal</name><bndbox><xmin>437</xmin><ymin>279</ymin><xmax>176</xmax><ymax>218</ymax></bndbox></object><object><name>proposal</name><bndbox><xmin>452</xmin><ymin>377</ymin><xmax>127</xmax><ymax>107</ymax></bndbox></object><object><name>proposal</name><bndbox><xmin>455</xmin><ymin>71</ymin><xmax>345</xmax><ymax>663</ymax></bndbox></object><object><name>proposal</name><bndbox><xmin>459</xmin><ymin>448</ymin><xmax>341</xmax><ymax>352</ymax></bndbox></object><object><name>proposal</name><bndbox><xmin>172</xmin><ymin>336</ymin><xmax>245</xmax><ymax>335</ymax></bndbox></object><object><name>proposal</name><bndbox><xmin>540</xmin><ymin>472</ymin><xmax>260</xmax><ymax>328</ymax></bndbox></object><object><name>proposal</name><bndbox><xmin>521</xmin><ymin>377</ymin><xmax>81</xmax><ymax>85</ymax></bndbox></object><object><name>proposal</name><bndbox><xmin>518</xmin><ymin>426</ymin><xmax>282</xmax><ymax>374</ymax></bndbox></object><object><name>proposal</name><bndbox><xmin>415</xmin><ymin>233</ymin><xmax>137</xmax><ymax>264</ymax></bndbox></object><object><name>proposal</name><bndbox><xmin>536</xmin><ymin>517</ymin><xmax>190</xmax><ymax>252</ymax></bndbox></object><object><name>proposal</name><bndbox><xmin>490</xmin><ymin>317</ymin><xmax>80</xmax><ymax>101</ymax></bndbox></object><object><name>proposal</name><bndbox><xmin>418</xmin><ymin>282</ymin><xmax>382</xmax><ymax>518</ymax></bndbox></object><object><name>proposal</name><bndbox><xmin>244</xmin><ymin>628</ymin><xmax>374</xmax><ymax>172</ymax></bndbox></object><object><name>proposal</name><bndbox><xmin>481</xmin><ymin>295</ymin><xmax>128</xmax><ymax>127</ymax></bndbox></object><object><name>proposal</name><bndbox><xmin>4</xmin><ymin>544</ymin><xmax>452</xmax><ymax>256</ymax></bndbox></object><object><name>proposal</name><bndbox><xmin>404</xmin><ymin>333</ymin><xmax>236</xmax><ymax>198</ymax></bndbox></object><object><name>proposal</name><bndbox><xmin>470</xmin><ymin>484</ymin><xmax>256</xmax><ymax>239</ymax></bndbox></object><object><name>proposal</name><bndbox><xmin>374</xmin><ymin>333</ymin><xmax>215</xmax><ymax>196</ymax></bndbox></object><object><name>proposal</name><bndbox><xmin>544</xmin><ymin>524</ymin><xmax>176</xmax><ymax>211</ymax></bndbox></object><object><name>proposal</name><bndbox><xmin>452</xmin><ymin>390</ymin><xmax>127</xmax><ymax>94</ymax></bndbox></object><object><name>proposal</name><bndbox><xmin>412</xmin><ymin>302</ymin><xmax>125</xmax><ymax>143</ymax></bndbox></object><object><name>proposal</name><bndbox><xmin>424</xmin><ymin>302</ymin><xmax>176</xmax><ymax>410</ymax></bndbox></object><object><name>proposal</name><bndbox><xmin>182</xmin><ymin>641</ymin><xmax>436</xmax><ymax>159</ymax></bndbox></object><object><name>proposal</name><bndbox><xmin>228</xmin><ymin>472</ymin><xmax>572</xmax><ymax>328</ymax></bndbox></object><object><name>proposal</name><bndbox><xmin>541</xmin><ymin>524</ymin><xmax>221</xmax><ymax>223</ymax></bndbox></object><object><name>proposal</name><bndbox><xmin>176</xmin><ymin>426</ymin><xmax>323</xmax><ymax>188</ymax></bndbox></object><object><name>proposal</name><bndbox><xmin>0</xmin><ymin>516</ymin><xmax>485</xmax><ymax>284</ymax></bndbox></object><object><name>proposal</name><bndbox><xmin>341</xmin><ymin>328</ymin><xmax>378</xmax><ymax>414</ymax></bndbox></object><object><name>proposal</name><bndbox><xmin>374</xmin><ymin>304</ymin><xmax>426</xmax><ymax>496</ymax></bndbox></object><object><name>proposal</name><bndbox><xmin>404</xmin><ymin>385</ymin><xmax>117</xmax><ymax>157</ymax></bndbox></object><object><name>proposal</name><bndbox><xmin>459</xmin><ymin>502</ymin><xmax>109</xmax><ymax>223</ymax></bndbox></object><object><name>proposal</name><bndbox><xmin>315</xmin><ymin>643</ymin><xmax>380</xmax><ymax>157</ymax></bndbox></object><object><name>proposal</name><bndbox><xmin>214</xmin><ymin>511</ymin><xmax>271</xmax><ymax>173</ymax></bndbox></object><object><name>proposal</name><bndbox><xmin>4</xmin><ymin>292</ymin><xmax>796</xmax><ymax>508</ymax></bndbox></object><object><name>proposal</name><bndbox><xmin>514</xmin><ymin>520</ymin><xmax>203</xmax><ymax>280</ymax></bndbox></object><object><name>proposal</name><bndbox><xmin>172</xmin><ymin>505</ymin><xmax>422</xmax><ymax>295</ymax></bndbox></object><object><name>proposal</name><bndbox><xmin>215</xmin><ymin>511</ymin><xmax>272</xmax><ymax>173</ymax></bndbox></object><object><name>proposal</name><bndbox><xmin>0</xmin><ymin>263</ymin><xmax>594</xmax><ymax>537</ymax></bndbox></object><object><name>proposal</name><bndbox><xmin>541</xmin><ymin>517</ymin><xmax>133</xmax><ymax>197</ymax></bndbox></object><object><name>proposal</name><bndbox><xmin>481</xmin><ymin>302</ymin><xmax>152</xmax><ymax>223</ymax></bndbox></object><object><name>proposal</name><bndbox><xmin>491</xmin><ymin>315</ymin><xmax>101</xmax><ymax>151</ymax></bndbox></object><object><name>proposal</name><bndbox><xmin>372</xmin><ymin>317</ymin><xmax>428</xmax><ymax>483</ymax></bndbox></object><object><name>proposal</name><bndbox><xmin>541</xmin><ymin>517</ymin><xmax>133</xmax><ymax>204</ymax></bndbox></object><object><name>proposal</name><bndbox><xmin>4</xmin><ymin>491</ymin><xmax>710</xmax><ymax>309</ymax></bndbox></object><object><name>proposal</name><bndbox><xmin>536</xmin><ymin>517</ymin><xmax>179</xmax><ymax>206</ymax></bndbox></object><object><name>proposal</name><bndbox><xmin>217</xmin><ymin>491</ymin><xmax>379</xmax><ymax>309</ymax></bndbox></object><object><name>proposal</name><bndbox><xmin>213</xmin><ymin>509</ymin><xmax>303</xmax><ymax>177</ymax></bndbox></object><object><name>proposal</name><bndbox><xmin>502</xmin><ymin>317</ymin><xmax>124</xmax><ymax>217</ymax></bndbox></object><object><name>proposal</name><bndbox><xmin>188</xmin><ymin>511</ymin><xmax>140</xmax><ymax>241</ymax></bndbox></object><object><name>proposal</name><bndbox><xmin>228</xmin><ymin>403</ymin><xmax>572</xmax><ymax>397</ymax></bndbox></object><object><name>proposal</name><bndbox><xmin>309</xmin><ymin>0</ymin><xmax>491</xmax><ymax>746</ymax></bndbox></object><object><name>proposal</name><bndbox><xmin>405</xmin><ymin>157</ymin><xmax>395</xmax><ymax>643</ymax></bndbox></object><object><name>proposal</name><bndbox><xmin>436</xmin><ymin>251</ymin><xmax>258</xmax><ymax>247</ymax></bndbox></object><object><name>proposal</name><bndbox><xmin>495</xmin><ymin>382</ymin><xmax>145</xmax><ymax>149</ymax></bndbox></object><object><name>proposal</name><bndbox><xmin>0</xmin><ymin>444</ymin><xmax>716</xmax><ymax>356</ymax></bndbox></object><object><name>proposal</name><bndbox><xmin>502</xmin><ymin>317</ymin><xmax>124</xmax><ymax>151</ymax></bndbox></object><object><name>proposal</name><bndbox><xmin>293</xmin><ymin>302</ymin><xmax>507</xmax><ymax>498</ymax></bndbox></object><object><name>proposal</name><bndbox><xmin>213</xmin><ymin>515</ymin><xmax>272</xmax><ymax>177</ymax></bndbox></object><object><name>proposal</name><bndbox><xmin>217</xmin><ymin>511</ymin><xmax>302</xmax><ymax>177</ymax></bndbox></object><object><name>proposal</name><bndbox><xmin>454</xmin><ymin>505</ymin><xmax>293</xmax><ymax>295</ymax></bndbox></object><object><name>proposal</name><bndbox><xmin>0</xmin><ymin>544</ymin><xmax>456</xmax><ymax>256</ymax></bndbox></object><object><name>proposal</name><bndbox><xmin>130</xmin><ymin>0</ymin><xmax>670</xmax><ymax>800</ymax></bndbox></object><object><name>proposal</name><bndbox><xmin>46</xmin><ymin>551</ymin><xmax>359</xmax><ymax>249</ymax></bndbox></object><object><name>proposal</name><bndbox><xmin>434</xmin><ymin>502</ymin><xmax>184</xmax><ymax>298</ymax></bndbox></object><object><name>proposal</name><bndbox><xmin>544</xmin><ymin>482</ymin><xmax>256</xmax><ymax>318</ymax></bndbox></object><object><name>proposal</name><bndbox><xmin>341</xmin><ymin>340</ymin><xmax>238</xmax><ymax>351</ymax></bndbox></object><object><name>proposal</name><bndbox><xmin>172</xmin><ymin>511</ymin><xmax>333</xmax><ymax>289</ymax></bndbox></object><object><name>proposal</name><bndbox><xmin>0</xmin><ymin>528</ymin><xmax>595</xmax><ymax>272</ymax></bndbox></object><object><name>proposal</name><bndbox><xmin>340</xmin><ymin>376</ymin><xmax>253</xmax><ymax>168</ymax></bndbox></object><object><name>proposal</name><bndbox><xmin>374</xmin><ymin>631</ymin><xmax>321</xmax><ymax>169</ymax></bndbox></object><object><name>proposal</name><bndbox><xmin>494</xmin><ymin>376</ymin><xmax>187</xmax><ymax>159</ymax></bndbox></object><object><name>proposal</name><bndbox><xmin>244</xmin><ymin>482</ymin><xmax>556</xmax><ymax>318</ymax></bndbox></object><object><name>proposal</name><bndbox><xmin>514</xmin><ymin>473</ymin><xmax>286</xmax><ymax>327</ymax></bndbox></object><object><name>proposal</name><bndbox><xmin>0</xmin><ymin>515</ymin><xmax>652</xmax><ymax>285</ymax></bndbox></object><object><name>proposal</name><bndbox><xmin>442</xmin><ymin>373</ymin><xmax>147</xmax><ymax>156</ymax></bndbox></object><object><name>proposal</name><bndbox><xmin>251</xmin><ymin>643</ymin><xmax>364</xmax><ymax>157</ymax></bndbox></object><object><name>proposal</name><bndbox><xmin>209</xmin><ymin>528</ymin><xmax>132</xmax><ymax>200</ymax></bndbox></object><object><name>proposal</name><bndbox><xmin>459</xmin><ymin>496</ymin><xmax>123</xmax><ymax>229</ymax></bndbox></object><object><name>proposal</name><bndbox><xmin>459</xmin><ymin>448</ymin><xmax>267</xmax><ymax>280</ymax></bndbox></object><object><name>proposal</name><bndbox><xmin>341</xmin><ymin>340</ymin><xmax>413</xmax><ymax>460</ymax></bndbox></object><object><name>proposal</name><bndbox><xmin>291</xmin><ymin>240</ymin><xmax>509</xmax><ymax>442</ymax></bndbox></object><object><name>proposal</name><bndbox><xmin>4</xmin><ymin>414</ymin><xmax>539</xmax><ymax>386</ymax></bndbox></object><object><name>proposal</name><bndbox><xmin>404</xmin><ymin>502</ymin><xmax>195</xmax><ymax>298</ymax></bndbox></object><object><name>proposal</name><bndbox><xmin>130</xmin><ymin>516</ymin><xmax>355</xmax><ymax>170</ymax></bndbox></object><object><name>proposal</name><bndbox><xmin>436</xmin><ymin>502</ymin><xmax>326</xmax><ymax>244</ymax></bndbox></object><object><name>proposal</name><bndbox><xmin>340</xmin><ymin>304</ymin><xmax>290</xmax><ymax>239</ymax></bndbox></object><object><name>proposal</name><bndbox><xmin>426</xmin><ymin>491</ymin><xmax>142</xmax><ymax>230</ymax></bndbox></object><object><name>proposal</name><bndbox><xmin>400</xmin><ymin>461</ymin><xmax>156</xmax><ymax>214</ymax></bndbox></object><object><name>proposal</name><bndbox><xmin>209</xmin><ymin>515</ymin><xmax>281</xmax><ymax>173</ymax></bndbox></object><object><name>proposal</name><bndbox><xmin>436</xmin><ymin>502</ymin><xmax>164</xmax><ymax>189</ymax></bndbox></object><object><name>proposal</name><bndbox><xmin>47</xmin><ymin>556</ymin><xmax>358</xmax><ymax>244</ymax></bndbox></object><object><name>proposal</name><bndbox><xmin>503</xmin><ymin>312</ymin><xmax>130</xmax><ymax>120</ymax></bndbox></object><object><name>proposal</name><bndbox><xmin>518</xmin><ymin>466</ymin><xmax>282</xmax><ymax>334</ymax></bndbox></object><object><name>proposal</name><bndbox><xmin>298</xmin><ymin>380</ymin><xmax>258</xmax><ymax>295</ymax></bndbox></object><object><name>proposal</name><bndbox><xmin>213</xmin><ymin>510</ymin><xmax>283</xmax><ymax>183</ymax></bndbox></object><object><name>proposal</name><bndbox><xmin>404</xmin><ymin>376</ymin><xmax>372</xmax><ymax>157</ymax></bndbox></object><object><name>proposal</name><bndbox><xmin>544</xmin><ymin>401</ymin><xmax>256</xmax><ymax>399</ymax></bndbox></object><object><name>proposal</name><bndbox><xmin>244</xmin><ymin>444</ymin><xmax>472</xmax><ymax>356</ymax></bndbox></object><object><name>proposal</name><bndbox><xmin>553</xmin><ymin>466</ymin><xmax>247</xmax><ymax>334</ymax></bndbox></object><object><name>proposal</name><bndbox><xmin>46</xmin><ymin>551</ymin><xmax>364</xmax><ymax>249</ymax></bndbox></object><object><name>proposal</name><bndbox><xmin>450</xmin><ymin>502</ymin><xmax>132</xmax><ymax>223</ymax></bndbox></object><object><name>proposal</name><bndbox><xmin>374</xmin><ymin>22</ymin><xmax>426</xmax><ymax>778</ymax></bndbox></object><object><name>proposal</name><bndbox><xmin>495</xmin><ymin>376</ymin><xmax>167</xmax><ymax>155</ymax></bndbox></object><object><name>proposal</name><bndbox><xmin>404</xmin><ymin>371</ymin><xmax>130</xmax><ymax>119</ymax></bndbox></object><object><name>proposal</name><bndbox><xmin>470</xmin><ymin>502</ymin><xmax>330</xmax><ymax>298</ymax></bndbox></object><object><name>proposal</name><bndbox><xmin>503</xmin><ymin>339</ymin><xmax>131</xmax><ymax>145</ymax></bndbox></object><object><name>proposal</name><bndbox><xmin>211</xmin><ymin>414</ymin><xmax>332</xmax><ymax>293</ymax></bndbox></object><object><name>proposal</name><bndbox><xmin>459</xmin><ymin>496</ymin><xmax>109</xmax><ymax>225</ymax></bndbox></object><object><name>proposal</name><bndbox><xmin>172</xmin><ymin>333</ymin><xmax>628</xmax><ymax>467</ymax></bndbox></object><object><name>proposal</name><bndbox><xmin>47</xmin><ymin>502</ymin><xmax>753</xmax><ymax>298</ymax></bndbox></object><object><name>proposal</name><bndbox><xmin>0</xmin><ymin>114</ymin><xmax>718</xmax><ymax>686</ymax></bndbox></object><object><name>proposal</name><bndbox><xmin>413</xmin><ymin>374</ymin><xmax>211</xmax><ymax>156</ymax></bndbox></object><object><name>proposal</name><bndbox><xmin>48</xmin><ymin>613</ymin><xmax>548</xmax><ymax>187</ymax></bndbox></object><object><name>proposal</name><bndbox><xmin>424</xmin><ymin>496</ymin><xmax>191</xmax><ymax>304</ymax></bndbox></object><object><name>proposal</name><bndbox><xmin>363</xmin><ymin>304</ymin><xmax>437</xmax><ymax>496</ymax></bndbox></object><object><name>proposal</name><bndbox><xmin>404</xmin><ymin>373</ymin><xmax>130</xmax><ymax>158</ymax></bndbox></object><object><name>proposal</name><bndbox><xmin>481</xmin><ymin>283</ymin><xmax>152</xmax><ymax>149</ymax></bndbox></object><object><name>proposal</name><bndbox><xmin>212</xmin><ymin>515</ymin><xmax>273</xmax><ymax>178</ymax></bndbox></object><object><name>proposal</name><bndbox><xmin>540</xmin><ymin>468</ymin><xmax>260</xmax><ymax>332</ymax></bndbox></object><object><name>proposal</name><bndbox><xmin>542</xmin><ymin>518</ymin><xmax>172</xmax><ymax>211</ymax></bndbox></object><object><name>proposal</name><bndbox><xmin>521</xmin><ymin>382</ymin><xmax>71</xmax><ymax>80</ymax></bndbox></object><object><name>proposal</name><bndbox><xmin>553</xmin><ymin>480</ymin><xmax>247</xmax><ymax>320</ymax></bndbox></object><object><name>proposal</name><bndbox><xmin>424</xmin><ymin>302</ymin><xmax>128</xmax><ymax>122</ymax></bndbox></object><object><name>proposal</name><bndbox><xmin>410</xmin><ymin>291</ymin><xmax>390</xmax><ymax>509</ymax></bndbox></object><object><name>proposal</name><bndbox><xmin>416</xmin><ymin>515</ymin><xmax>125</xmax><ymax>204</ymax></bndbox></object><object><name>proposal</name><bndbox><xmin>553</xmin><ymin>505</ymin><xmax>247</xmax><ymax>295</ymax></bndbox></object><object><name>proposal</name><bndbox><xmin>130</xmin><ymin>438</ymin><xmax>344</xmax><ymax>244</ymax></bndbox></object><object><name>proposal</name><bndbox><xmin>425</xmin><ymin>342</ymin><xmax>375</xmax><ymax>458</ymax></bndbox></object><object><name>proposal</name><bndbox><xmin>213</xmin><ymin>516</ymin><xmax>272</xmax><ymax>166</ymax></bndbox></object><object><name>proposal</name><bndbox><xmin>554</xmin><ymin>502</ymin><xmax>213</xmax><ymax>298</ymax></bndbox></object><object><name>proposal</name><bndbox><xmin>0</xmin><ymin>206</ymin><xmax>595</xmax><ymax>594</ymax></bndbox></object><object><name>proposal</name><bndbox><xmin>415</xmin><ymin>374</ymin><xmax>187</xmax><ymax>156</ymax></bndbox></object><object><name>proposal</name><bndbox><xmin>334</xmin><ymin>0</ymin><xmax>466</xmax><ymax>800</ymax></bndbox></object><object><name>proposal</name><bndbox><xmin>293</xmin><ymin>211</ymin><xmax>507</xmax><ymax>589</ymax></bndbox></object><object><name>proposal</name><bndbox><xmin>426</xmin><ymin>491</ymin><xmax>156</xmax><ymax>230</ymax></bndbox></object><object><name>proposal</name><bndbox><xmin>212</xmin><ymin>449</ymin><xmax>510</xmax><ymax>351</ymax></bndbox></object><object><name>proposal</name><bndbox><xmin>513</xmin><ymin>464</ymin><xmax>214</xmax><ymax>278</ymax></bndbox></object><object><name>proposal</name><bndbox><xmin>411</xmin><ymin>130</ymin><xmax>389</xmax><ymax>670</ymax></bndbox></object><object><name>proposal</name><bndbox><xmin>213</xmin><ymin>504</ymin><xmax>549</xmax><ymax>296</ymax></bndbox></object><object><name>proposal</name><bndbox><xmin>541</xmin><ymin>392</ymin><xmax>259</xmax><ymax>408</ymax></bndbox></object><object><name>proposal</name><bndbox><xmin>576</xmin><ymin>472</ymin><xmax>224</xmax><ymax>328</ymax></bndbox></object><object><name>proposal</name><bndbox><xmin>542</xmin><ymin>518</ymin><xmax>177</xmax><ymax>210</ymax></bndbox></object><object><name>proposal</name><bndbox><xmin>212</xmin><ymin>509</ymin><xmax>331</xmax><ymax>181</ymax></bndbox></object><object><name>proposal</name><bndbox><xmin>521</xmin><ymin>377</ymin><xmax>119</xmax><ymax>127</ymax></bndbox></object><object><name>proposal</name><bndbox><xmin>4</xmin><ymin>511</ymin><xmax>512</xmax><ymax>289</ymax></bndbox></object><object><name>proposal</name><bndbox><xmin>374</xmin><ymin>137</ymin><xmax>340</xmax><ymax>584</ymax></bndbox></object><object><name>proposal</name><bndbox><xmin>212</xmin><ymin>581</ymin><xmax>194</xmax><ymax>190</ymax></bndbox></object><object><name>proposal</name><bndbox><xmin>503</xmin><ymin>252</ymin><xmax>297</xmax><ymax>548</ymax></bndbox></object><object><name>proposal</name><bndbox><xmin>546</xmin><ymin>337</ymin><xmax>63</xmax><ymax>90</ymax></bndbox></object><object><name>proposal</name><bndbox><xmin>404</xmin><ymin>403</ymin><xmax>135</xmax><ymax>117</ymax></bndbox></object><object><name>proposal</name><bndbox><xmin>516</xmin><ymin>401</ymin><xmax>101</xmax><ymax>133</ymax></bndbox></object><object><name>proposal</name><bndbox><xmin>259</xmin><ymin>14</ymin><xmax>541</xmax><ymax>786</ymax></bndbox></object><object><name>proposal</name><bndbox><xmin>48</xmin><ymin>511</ymin><xmax>471</xmax><ymax>289</ymax></bndbox></object><object><name>proposal</name><bndbox><xmin>387</xmin><ymin>373</ymin><xmax>219</xmax><ymax>212</ymax></bndbox></object><object><name>proposal</name><bndbox><xmin>374</xmin><ymin>368</ymin><xmax>426</xmax><ymax>432</ymax></bndbox></object><object><name>proposal</name><bndbox><xmin>209</xmin><ymin>509</ymin><xmax>307</xmax><ymax>184</ymax></bndbox></object><object><name>proposal</name><bndbox><xmin>309</xmin><ymin>0</ymin><xmax>491</xmax><ymax>800</ymax></bndbox></object><object><name>proposal</name><bndbox><xmin>4</xmin><ymin>397</ymin><xmax>515</xmax><ymax>403</ymax></bndbox></object><object><name>proposal</name><bndbox><xmin>518</xmin><ymin>521</ymin><xmax>156</xmax><ymax>246</ymax></bndbox></object><object><name>proposal</name><bndbox><xmin>176</xmin><ymin>331</ymin><xmax>624</xmax><ymax>469</ymax></bndbox></object><object><name>proposal</name><bndbox><xmin>46</xmin><ymin>565</ymin><xmax>364</xmax><ymax>235</ymax></bndbox></object><object><name>proposal</name><bndbox><xmin>408</xmin><ymin>496</ymin><xmax>150</xmax><ymax>225</ymax></bndbox></object><object><name>proposal</name><bndbox><xmin>212</xmin><ymin>501</ymin><xmax>304</xmax><ymax>199</ymax></bndbox></object><object><name>proposal</name><bndbox><xmin>591</xmin><ymin>537</ymin><xmax>137</xmax><ymax>197</ymax></bndbox></object><object><name>proposal</name><bndbox><xmin>228</xmin><ymin>631</ymin><xmax>467</xmax><ymax>169</ymax></bndbox></object><object><name>proposal</name><bndbox><xmin>452</xmin><ymin>376</ymin><xmax>82</xmax><ymax>121</ymax></bndbox></object><object><name>proposal</name><bndbox><xmin>502</xmin><ymin>291</ymin><xmax>196</xmax><ymax>199</ymax></bndbox></object><object><name>proposal</name><bndbox><xmin>172</xmin><ymin>528</ymin><xmax>169</xmax><ymax>272</ymax></bndbox></object><object><name>proposal</name><bndbox><xmin>416</xmin><ymin>437</ymin><xmax>384</xmax><ymax>363</ymax></bndbox></object><object><name>proposal</name><bndbox><xmin>450</xmin><ymin>502</ymin><xmax>117</xmax><ymax>217</ymax></bndbox></object><object><name>proposal</name><bndbox><xmin>489</xmin><ymin>317</ymin><xmax>166</xmax><ymax>217</ymax></bndbox></object><object><name>proposal</name><bndbox><xmin>501</xmin><ymin>397</ymin><xmax>88</xmax><ymax>52</ymax></bndbox></object><object><name>proposal</name><bndbox><xmin>0</xmin><ymin>186</ymin><xmax>800</xmax><ymax>614</ymax></bndbox></object><object><name>proposal</name><bndbox><xmin>166</xmin><ymin>511</ymin><xmax>308</xmax><ymax>289</ymax></bndbox></object><object><name>proposal</name><bndbox><xmin>0</xmin><ymin>555</ymin><xmax>455</xmax><ymax>245</ymax></bndbox></object><object><name>proposal</name><bndbox><xmin>234</xmin><ymin>633</ymin><xmax>353</xmax><ymax>155</ymax></bndbox></object><object><name>proposal</name><bndbox><xmin>0</xmin><ymin>204</ymin><xmax>602</xmax><ymax>596</ymax></bndbox></object><object><name>proposal</name><bndbox><xmin>413</xmin><ymin>374</ymin><xmax>211</xmax><ymax>155</ymax></bndbox></object><object><name>proposal</name><bndbox><xmin>503</xmin><ymin>312</ymin><xmax>195</xmax><ymax>155</ymax></bndbox></object><object><name>proposal</name><bndbox><xmin>374</xmin><ymin>472</ymin><xmax>426</xmax><ymax>328</ymax></bndbox></object><object><name>proposal</name><bndbox><xmin>550</xmin><ymin>517</ymin><xmax>166</xmax><ymax>197</ymax></bndbox></object><object><name>proposal</name><bndbox><xmin>546</xmin><ymin>508</ymin><xmax>173</xmax><ymax>231</ymax></bndbox></object><object><name>proposal</name><bndbox><xmin>553</xmin><ymin>523</ymin><xmax>121</xmax><ymax>191</ymax></bndbox></object><object><name>proposal</name><bndbox><xmin>130</xmin><ymin>511</ymin><xmax>344</xmax><ymax>171</ymax></bndbox></object><object><name>proposal</name><bndbox><xmin>410</xmin><ymin>302</ymin><xmax>390</xmax><ymax>498</ymax></bndbox></object><object><name>proposal</name><bndbox><xmin>450</xmin><ymin>502</ymin><xmax>122</xmax><ymax>217</ymax></bndbox></object><object><name>proposal</name><bndbox><xmin>536</xmin><ymin>459</ymin><xmax>264</xmax><ymax>270</ymax></bndbox></object><object><name>proposal</name><bndbox><xmin>171</xmin><ymin>318</ymin><xmax>248</xmax><ymax>364</ymax></bndbox></object><object><name>proposal</name><bndbox><xmin>46</xmin><ymin>565</ymin><xmax>410</xmax><ymax>235</ymax></bndbox></object><object><name>proposal</name><bndbox><xmin>167</xmin><ymin>211</ymin><xmax>633</xmax><ymax>589</ymax></bndbox></object><object><name>proposal</name><bndbox><xmin>0</xmin><ymin>270</ymin><xmax>800</xmax><ymax>530</ymax></bndbox></object><object><name>proposal</name><bndbox><xmin>228</xmin><ymin>368</ymin><xmax>572</xmax><ymax>432</ymax></bndbox></object><object><name>proposal</name><bndbox><xmin>527</xmin><ymin>512</ymin><xmax>192</xmax><ymax>256</ymax></bndbox></object><object><name>proposal</name><bndbox><xmin>0</xmin><ymin>291</ymin><xmax>800</xmax><ymax>509</ymax></bndbox></object><object><name>proposal</name><bndbox><xmin>160</xmin><ymin>203</ymin><xmax>352</xmax><ymax>597</ymax></bndbox></object><object><name>proposal</name><bndbox><xmin>175</xmin><ymin>380</ymin><xmax>381</xmax><ymax>295</ymax></bndbox></object><object><name>proposal</name><bndbox><xmin>224</xmin><ymin>540</ymin><xmax>576</xmax><ymax>260</ymax></bndbox></object><object><name>proposal</name><bndbox><xmin>520</xmin><ymin>379</ymin><xmax>120</xmax><ymax>152</ymax></bndbox></object><object><name>proposal</name><bndbox><xmin>316</xmin><ymin>0</ymin><xmax>484</xmax><ymax>746</ymax></bndbox></object><object><name>proposal</name><bndbox><xmin>541</xmin><ymin>521</ymin><xmax>133</xmax><ymax>200</ymax></bndbox></object><object><name>proposal</name><bndbox><xmin>374</xmin><ymin>352</ymin><xmax>426</xmax><ymax>448</ymax></bndbox></object><object><name>proposal</name><bndbox><xmin>359</xmin><ymin>347</ymin><xmax>441</xmax><ymax>453</ymax></bndbox></object><object><name>proposal</name><bndbox><xmin>404</xmin><ymin>373</ymin><xmax>130</xmax><ymax>138</ymax></bndbox></object><object><name>proposal</name><bndbox><xmin>167</xmin><ymin>512</ymin><xmax>552</xmax><ymax>288</ymax></bndbox></object><object><name>proposal</name><bndbox><xmin>48</xmin><ymin>562</ymin><xmax>411</xmax><ymax>238</ymax></bndbox></object><object><name>proposal</name><bndbox><xmin>166</xmin><ymin>502</ymin><xmax>581</xmax><ymax>298</ymax></bndbox></object><object><name>proposal</name><bndbox><xmin>217</xmin><ymin>499</ymin><xmax>302</xmax><ymax>189</ymax></bndbox></object><object><name>proposal</name><bndbox><xmin>249</xmin><ymin>616</ymin><xmax>347</xmax><ymax>184</ymax></bndbox></object><object><name>proposal</name><bndbox><xmin>491</xmin><ymin>315</ymin><xmax>61</xmax><ymax>151</ymax></bndbox></object><object><name>proposal</name><bndbox><xmin>292</xmin><ymin>628</ymin><xmax>326</xmax><ymax>172</ymax></bndbox></object><object><name>proposal</name><bndbox><xmin>544</xmin><ymin>517</ymin><xmax>175</xmax><ymax>222</ymax></bndbox></object><object><name>proposal</name><bndbox><xmin>481</xmin><ymin>302</ymin><xmax>152</xmax><ymax>130</ymax></bndbox></object><object><name>proposal</name><bndbox><xmin>211</xmin><ymin>501</ymin><xmax>305</xmax><ymax>264</ymax></bndbox></object></annotation>