<annotation><folder>Proposals</folder><filename>img-160.jpg</filename><size><width>720</width><height>720</height><depth>3</depth></size><object><name>proposal</name><bndbox><xmin>272</xmin><ymin>523</ymin><xmax>133</xmax><ymax>87</ymax></bndbox></object><object><name>proposal</name><bndbox><xmin>387</xmin><ymin>507</ymin><xmax>151</xmax><ymax>125</ymax></bndbox></object><object><name>proposal</name><bndbox><xmin>272</xmin><ymin>452</ymin><xmax>196</xmax><ymax>158</ymax></bndbox></object><object><name>proposal</name><bndbox><xmin>390</xmin><ymin>507</ymin><xmax>148</xmax><ymax>107</ymax></bndbox></object><object><name>proposal</name><bndbox><xmin>284</xmin><ymin>396</ymin><xmax>195</xmax><ymax>177</ymax></bndbox></object><object><name>proposal</name><bndbox><xmin>436</xmin><ymin>338</ymin><xmax>129</xmax><ymax>117</ymax></bndbox></object><object><name>proposal</name><bndbox><xmin>597</xmin><ymin>0</ymin><xmax>154</xmax><ymax>64</ymax></bndbox></object><object><name>proposal</name><bndbox><xmin>231</xmin><ymin>484</ymin><xmax>115</xmax><ymax>108</ymax></bndbox></object><object><name>proposal</name><bndbox><xmin>546</xmin><ymin>56</ymin><xmax>111</xmax><ymax>130</ymax></bndbox></object><object><name>proposal</name><bndbox><xmin>488</xmin><ymin>288</ymin><xmax>138</xmax><ymax>265</ymax></bndbox></object><object><name>proposal</name><bndbox><xmin>413</xmin><ymin>338</ymin><xmax>152</xmax><ymax>117</ymax></bndbox></object><object><name>proposal</name><bndbox><xmin>199</xmin><ymin>455</ymin><xmax>186</xmax><ymax>165</ymax></bndbox></object><object><name>proposal</name><bndbox><xmin>320</xmin><ymin>441</ymin><xmax>148</xmax><ymax>125</ymax></bndbox></object><object><name>proposal</name><bndbox><xmin>636</xmin><ymin>200</ymin><xmax>66</xmax><ymax>83</ymax></bndbox></object><object><name>proposal</name><bndbox><xmin>657</xmin><ymin>118</ymin><xmax>143</xmax><ymax>426</ymax></bndbox></object><object><name>proposal</name><bndbox><xmin>556</xmin><ymin>35</ymin><xmax>109</xmax><ymax>154</ymax></bndbox></object><object><name>proposal</name><bndbox><xmin>576</xmin><ymin>58</ymin><xmax>79</xmax><ymax>127</ymax></bndbox></object><object><name>proposal</name><bndbox><xmin>235</xmin><ymin>380</ymin><xmax>281</xmax><ymax>243</ymax></bndbox></object><object><name>proposal</name><bndbox><xmin>435</xmin><ymin>312</ymin><xmax>130</xmax><ymax>175</ymax></bndbox></object><object><name>proposal</name><bndbox><xmin>436</xmin><ymin>338</ymin><xmax>105</xmax><ymax>117</ymax></bndbox></object><object><name>proposal</name><bndbox><xmin>583</xmin><ymin>126</ymin><xmax>148</xmax><ymax>181</ymax></bndbox></object><object><name>proposal</name><bndbox><xmin>377</xmin><ymin>460</ymin><xmax>136</xmax><ymax>116</ymax></bndbox></object><object><name>proposal</name><bndbox><xmin>447</xmin><ymin>375</ymin><xmax>90</xmax><ymax>79</ymax></bndbox></object><object><name>proposal</name><bndbox><xmin>376</xmin><ymin>347</ymin><xmax>238</xmax><ymax>277</ymax></bndbox></object><object><name>proposal</name><bndbox><xmin>0</xmin><ymin>295</ymin><xmax>611</xmax><ymax>306</ymax></bndbox></object><object><name>proposal</name><bndbox><xmin>545</xmin><ymin>14</ymin><xmax>173</xmax><ymax>178</ymax></bndbox></object><object><name>proposal</name><bndbox><xmin>583</xmin><ymin>132</ymin><xmax>208</xmax><ymax>175</ymax></bndbox></object><object><name>proposal</name><bndbox><xmin>641</xmin><ymin>0</ymin><xmax>159</xmax><ymax>213</ymax></bndbox></object><object><name>proposal</name><bndbox><xmin>251</xmin><ymin>481</ymin><xmax>94</xmax><ymax>139</ymax></bndbox></object><object><name>proposal</name><bndbox><xmin>313</xmin><ymin>306</ymin><xmax>269</xmax><ymax>317</ymax></bndbox></object><object><name>proposal</name><bndbox><xmin>328</xmin><ymin>541</ymin><xmax>156</xmax><ymax>101</ymax></bndbox></object><object><name>proposal</name><bndbox><xmin>235</xmin><ymin>505</ymin><xmax>114</xmax><ymax>118</ymax></bndbox></object><object><name>proposal</name><bndbox><xmin>266</xmin><ymin>380</ymin><xmax>247</xmax><ymax>232</ymax></bndbox></object><object><name>proposal</name><bndbox><xmin>546</xmin><ymin>0</ymin><xmax>254</xmax><ymax>338</ymax></bndbox></object><object><name>proposal</name><bndbox><xmin>633</xmin><ymin>132</ymin><xmax>158</xmax><ymax>141</ymax></bndbox></object><object><name>proposal</name><bndbox><xmin>611</xmin><ymin>149</ymin><xmax>127</xmax><ymax>78</ymax></bndbox></object><object><name>proposal</name><bndbox><xmin>436</xmin><ymin>338</ymin><xmax>129</xmax><ymax>132</ymax></bndbox></object><object><name>proposal</name><bndbox><xmin>413</xmin><ymin>309</ymin><xmax>204</xmax><ymax>157</ymax></bndbox></object><object><name>proposal</name><bndbox><xmin>562</xmin><ymin>56</ymin><xmax>91</xmax><ymax>134</ymax></bndbox></object><object><name>proposal</name><bndbox><xmin>262</xmin><ymin>484</ymin><xmax>84</xmax><ymax>108</ymax></bndbox></object><object><name>proposal</name><bndbox><xmin>451</xmin><ymin>377</ymin><xmax>84</xmax><ymax>109</ymax></bndbox></object><object><name>proposal</name><bndbox><xmin>413</xmin><ymin>309</ymin><xmax>198</xmax><ymax>250</ymax></bndbox></object><object><name>proposal</name><bndbox><xmin>659</xmin><ymin>145</ymin><xmax>141</xmax><ymax>122</ymax></bndbox></object><object><name>proposal</name><bndbox><xmin>283</xmin><ymin>530</ymin><xmax>122</xmax><ymax>93</ymax></bndbox></object><object><name>proposal</name><bndbox><xmin>237</xmin><ymin>418</ymin><xmax>186</xmax><ymax>194</ymax></bndbox></object><object><name>proposal</name><bndbox><xmin>269</xmin><ymin>485</ymin><xmax>136</xmax><ymax>128</ymax></bndbox></object><object><name>proposal</name><bndbox><xmin>395</xmin><ymin>334</ymin><xmax>142</xmax><ymax>140</ymax></bndbox></object><object><name>proposal</name><bndbox><xmin>435</xmin><ymin>363</ymin><xmax>126</xmax><ymax>179</ymax></bndbox></object><object><name>proposal</name><bndbox><xmin>561</xmin><ymin>8</ymin><xmax>155</xmax><ymax>240</ymax></bndbox></object><object><name>proposal</name><bndbox><xmin>268</xmin><ymin>415</ymin><xmax>209</xmax><ymax>195</ymax></bndbox></object><object><name>proposal</name><bndbox><xmin>633</xmin><ymin>122</ymin><xmax>167</xmax><ymax>151</ymax></bndbox></object><object><name>proposal</name><bndbox><xmin>266</xmin><ymin>380</ymin><xmax>246</xmax><ymax>212</ymax></bndbox></object><object><name>proposal</name><bndbox><xmin>283</xmin><ymin>422</ymin><xmax>247</xmax><ymax>188</ymax></bndbox></object><object><name>proposal</name><bndbox><xmin>322</xmin><ymin>415</ymin><xmax>155</xmax><ymax>151</ymax></bndbox></object><object><name>proposal</name><bndbox><xmin>315</xmin><ymin>396</ymin><xmax>174</xmax><ymax>214</ymax></bndbox></object><object><name>proposal</name><bndbox><xmin>231</xmin><ymin>293</ymin><xmax>386</xmax><ymax>330</ymax></bndbox></object><object><name>proposal</name><bndbox><xmin>268</xmin><ymin>338</ymin><xmax>292</xmax><ymax>282</ymax></bndbox></object><object><name>proposal</name><bndbox><xmin>321</xmin><ymin>376</ymin><xmax>156</xmax><ymax>234</ymax></bndbox></object><object><name>proposal</name><bndbox><xmin>626</xmin><ymin>147</ymin><xmax>79</xmax><ymax>95</ymax></bndbox></object><object><name>proposal</name><bndbox><xmin>272</xmin><ymin>452</ymin><xmax>266</xmax><ymax>218</ymax></bndbox></object><object><name>proposal</name><bndbox><xmin>219</xmin><ymin>484</ymin><xmax>137</xmax><ymax>136</ymax></bndbox></object><object><name>proposal</name><bndbox><xmin>219</xmin><ymin>306</ymin><xmax>363</xmax><ymax>314</ymax></bndbox></object><object><name>proposal</name><bndbox><xmin>88</xmin><ymin>400</ymin><xmax>344</xmax><ymax>312</ymax></bndbox></object><object><name>proposal</name><bndbox><xmin>207</xmin><ymin>316</ymin><xmax>358</xmax><ymax>304</ymax></bndbox></object><object><name>proposal</name><bndbox><xmin>641</xmin><ymin>0</ymin><xmax>159</xmax><ymax>162</ymax></bndbox></object><object><name>proposal</name><bndbox><xmin>436</xmin><ymin>293</ymin><xmax>181</xmax><ymax>173</ymax></bndbox></object><object><name>proposal</name><bndbox><xmin>436</xmin><ymin>312</ymin><xmax>129</xmax><ymax>158</ymax></bndbox></object><object><name>proposal</name><bndbox><xmin>311</xmin><ymin>334</ymin><xmax>239</xmax><ymax>169</ymax></bndbox></object><object><name>proposal</name><bndbox><xmin>82</xmin><ymin>407</ymin><xmax>291</xmax><ymax>186</ymax></bndbox></object><object><name>proposal</name><bndbox><xmin>550</xmin><ymin>0</ymin><xmax>198</xmax><ymax>241</ymax></bndbox></object><object><name>proposal</name><bndbox><xmin>244</xmin><ymin>161</ymin><xmax>370</xmax><ymax>465</ymax></bndbox></object><object><name>proposal</name><bndbox><xmin>436</xmin><ymin>338</ymin><xmax>114</xmax><ymax>132</ymax></bndbox></object><object><name>proposal</name><bndbox><xmin>549</xmin><ymin>0</ymin><xmax>251</xmax><ymax>338</ymax></bndbox></object><object><name>proposal</name><bndbox><xmin>413</xmin><ymin>338</ymin><xmax>139</xmax><ymax>117</ymax></bndbox></object><object><name>proposal</name><bndbox><xmin>418</xmin><ymin>312</ymin><xmax>147</xmax><ymax>169</ymax></bndbox></object><object><name>proposal</name><bndbox><xmin>207</xmin><ymin>495</ymin><xmax>181</xmax><ymax>128</ymax></bndbox></object><object><name>proposal</name><bndbox><xmin>316</xmin><ymin>389</ymin><xmax>161</xmax><ymax>177</ymax></bndbox></object><object><name>proposal</name><bndbox><xmin>488</xmin><ymin>260</ymin><xmax>164</xmax><ymax>293</ymax></bndbox></object><object><name>proposal</name><bndbox><xmin>562</xmin><ymin>35</ymin><xmax>154</xmax><ymax>162</ymax></bndbox></object><object><name>proposal</name><bndbox><xmin>617</xmin><ymin>35</ymin><xmax>97</xmax><ymax>94</ymax></bndbox></object><object><name>proposal</name><bndbox><xmin>413</xmin><ymin>338</ymin><xmax>122</xmax><ymax>148</ymax></bndbox></object><object><name>proposal</name><bndbox><xmin>467</xmin><ymin>308</ymin><xmax>150</xmax><ymax>263</ymax></bndbox></object><object><name>proposal</name><bndbox><xmin>546</xmin><ymin>0</ymin><xmax>254</xmax><ymax>213</ymax></bndbox></object><object><name>proposal</name><bndbox><xmin>266</xmin><ymin>380</ymin><xmax>250</xmax><ymax>212</ymax></bndbox></object><object><name>proposal</name><bndbox><xmin>316</xmin><ymin>395</ymin><xmax>162</xmax><ymax>171</ymax></bndbox></object><object><name>proposal</name><bndbox><xmin>556</xmin><ymin>17</ymin><xmax>151</xmax><ymax>172</ymax></bndbox></object><object><name>proposal</name><bndbox><xmin>231</xmin><ymin>484</ymin><xmax>210</xmax><ymax>126</ymax></bndbox></object><object><name>proposal</name><bndbox><xmin>597</xmin><ymin>14</ymin><xmax>84</xmax><ymax>128</ymax></bndbox></object><object><name>proposal</name><bndbox><xmin>559</xmin><ymin>0</ymin><xmax>241</xmax><ymax>162</ymax></bndbox></object><object><name>proposal</name><bndbox><xmin>619</xmin><ymin>14</ymin><xmax>99</xmax><ymax>108</ymax></bndbox></object><object><name>proposal</name><bndbox><xmin>488</xmin><ymin>260</ymin><xmax>164</xmax><ymax>281</ymax></bndbox></object><object><name>proposal</name><bndbox><xmin>558</xmin><ymin>0</ymin><xmax>192</xmax><ymax>196</ymax></bndbox></object><object><name>proposal</name><bndbox><xmin>546</xmin><ymin>0</ymin><xmax>204</xmax><ymax>186</ymax></bndbox></object><object><name>proposal</name><bndbox><xmin>315</xmin><ymin>376</ymin><xmax>201</xmax><ymax>234</ymax></bndbox></object><object><name>proposal</name><bndbox><xmin>320</xmin><ymin>396</ymin><xmax>218</xmax><ymax>236</ymax></bndbox></object><object><name>proposal</name><bndbox><xmin>546</xmin><ymin>0</ymin><xmax>254</xmax><ymax>544</ymax></bndbox></object><object><name>proposal</name><bndbox><xmin>556</xmin><ymin>8</ymin><xmax>160</xmax><ymax>240</ymax></bndbox></object><object><name>proposal</name><bndbox><xmin>626</xmin><ymin>0</ymin><xmax>174</xmax><ymax>207</ymax></bndbox></object><object><name>proposal</name><bndbox><xmin>467</xmin><ymin>308</ymin><xmax>150</xmax><ymax>243</ymax></bndbox></object><object><name>proposal</name><bndbox><xmin>413</xmin><ymin>338</ymin><xmax>137</xmax><ymax>117</ymax></bndbox></object><object><name>proposal</name><bndbox><xmin>199</xmin><ymin>485</ymin><xmax>249</xmax><ymax>125</ymax></bndbox></object><object><name>proposal</name><bndbox><xmin>284</xmin><ymin>396</ymin><xmax>208</xmax><ymax>190</ymax></bndbox></object><object><name>proposal</name><bndbox><xmin>545</xmin><ymin>0</ymin><xmax>182</xmax><ymax>192</ymax></bndbox></object><object><name>proposal</name><bndbox><xmin>251</xmin><ymin>477</ymin><xmax>137</xmax><ymax>146</ymax></bndbox></object><object><name>proposal</name><bndbox><xmin>262</xmin><ymin>380</ymin><xmax>250</xmax><ymax>241</ymax></bndbox></object><object><name>proposal</name><bndbox><xmin>207</xmin><ymin>282</ymin><xmax>407</xmax><ymax>443</ymax></bndbox></object><object><name>proposal</name><bndbox><xmin>562</xmin><ymin>56</ymin><xmax>91</xmax><ymax>130</ymax></bndbox></object><object><name>proposal</name><bndbox><xmin>320</xmin><ymin>396</ymin><xmax>157</xmax><ymax>177</ymax></bndbox></object><object><name>proposal</name><bndbox><xmin>546</xmin><ymin>0</ymin><xmax>254</xmax><ymax>186</ymax></bndbox></object><object><name>proposal</name><bndbox><xmin>70</xmin><ymin>399</ymin><xmax>303</xmax><ymax>194</ymax></bndbox></object><object><name>proposal</name><bndbox><xmin>231</xmin><ymin>312</ymin><xmax>340</xmax><ymax>330</ymax></bndbox></object><object><name>proposal</name><bndbox><xmin>322</xmin><ymin>298</ymin><xmax>304</xmax><ymax>268</ymax></bndbox></object><object><name>proposal</name><bndbox><xmin>281</xmin><ymin>389</ymin><xmax>235</xmax><ymax>177</ymax></bndbox></object><object><name>proposal</name><bndbox><xmin>624</xmin><ymin>143</ymin><xmax>176</xmax><ymax>144</ymax></bndbox></object><object><name>proposal</name><bndbox><xmin>231</xmin><ymin>450</ymin><xmax>100</xmax><ymax>160</ymax></bndbox></object><object><name>proposal</name><bndbox><xmin>295</xmin><ymin>338</ymin><xmax>270</xmax><ymax>235</ymax></bndbox></object><object><name>proposal</name><bndbox><xmin>373</xmin><ymin>282</ymin><xmax>241</xmax><ymax>338</ymax></bndbox></object><object><name>proposal</name><bndbox><xmin>131</xmin><ymin>295</ymin><xmax>434</xmax><ymax>325</ymax></bndbox></object><object><name>proposal</name><bndbox><xmin>436</xmin><ymin>338</ymin><xmax>129</xmax><ymax>124</ymax></bndbox></object><object><name>proposal</name><bndbox><xmin>499</xmin><ymin>309</ymin><xmax>72</xmax><ymax>122</ymax></bndbox></object><object><name>proposal</name><bndbox><xmin>274</xmin><ymin>527</ymin><xmax>109</xmax><ymax>92</ymax></bndbox></object><object><name>proposal</name><bndbox><xmin>284</xmin><ymin>484</ymin><xmax>90</xmax><ymax>101</ymax></bndbox></object><object><name>proposal</name><bndbox><xmin>94</xmin><ymin>417</ymin><xmax>444</xmax><ymax>232</ymax></bndbox></object><object><name>proposal</name><bndbox><xmin>559</xmin><ymin>0</ymin><xmax>160</xmax><ymax>97</ymax></bndbox></object><object><name>proposal</name><bndbox><xmin>419</xmin><ymin>376</ymin><xmax>97</xmax><ymax>129</ymax></bndbox></object><object><name>proposal</name><bndbox><xmin>66</xmin><ymin>406</ymin><xmax>366</xmax><ymax>323</ymax></bndbox></object><object><name>proposal</name><bndbox><xmin>561</xmin><ymin>56</ymin><xmax>94</xmax><ymax>134</ymax></bndbox></object><object><name>proposal</name><bndbox><xmin>436</xmin><ymin>338</ymin><xmax>114</xmax><ymax>117</ymax></bndbox></object><object><name>proposal</name><bndbox><xmin>254</xmin><ymin>343</ymin><xmax>311</xmax><ymax>277</ymax></bndbox></object><object><name>proposal</name><bndbox><xmin>534</xmin><ymin>56</ymin><xmax>121</xmax><ymax>135</ymax></bndbox></object><object><name>proposal</name><bndbox><xmin>582</xmin><ymin>0</ymin><xmax>218</xmax><ymax>299</ymax></bndbox></object><object><name>proposal</name><bndbox><xmin>315</xmin><ymin>386</ymin><xmax>189</xmax><ymax>187</ymax></bndbox></object><object><name>proposal</name><bndbox><xmin>413</xmin><ymin>338</ymin><xmax>152</xmax><ymax>132</ymax></bndbox></object><object><name>proposal</name><bndbox><xmin>392</xmin><ymin>364</ymin><xmax>124</xmax><ymax>158</ymax></bndbox></object><object><name>proposal</name><bndbox><xmin>316</xmin><ymin>396</ymin><xmax>230</xmax><ymax>170</ymax></bndbox></object><object><name>proposal</name><bndbox><xmin>549</xmin><ymin>0</ymin><xmax>251</xmax><ymax>197</ymax></bndbox></object><object><name>proposal</name><bndbox><xmin>583</xmin><ymin>141</ymin><xmax>184</xmax><ymax>166</ymax></bndbox></object><object><name>proposal</name><bndbox><xmin>546</xmin><ymin>0</ymin><xmax>254</xmax><ymax>207</ymax></bndbox></object><object><name>proposal</name><bndbox><xmin>583</xmin><ymin>0</ymin><xmax>174</xmax><ymax>64</ymax></bndbox></object><object><name>proposal</name><bndbox><xmin>549</xmin><ymin>0</ymin><xmax>251</xmax><ymax>669</ymax></bndbox></object><object><name>proposal</name><bndbox><xmin>435</xmin><ymin>334</ymin><xmax>94</xmax><ymax>106</ymax></bndbox></object><object><name>proposal</name><bndbox><xmin>321</xmin><ymin>415</ymin><xmax>156</xmax><ymax>195</ymax></bndbox></object><object><name>proposal</name><bndbox><xmin>626</xmin><ymin>147</ymin><xmax>79</xmax><ymax>50</ymax></bndbox></object><object><name>proposal</name><bndbox><xmin>581</xmin><ymin>0</ymin><xmax>219</xmax><ymax>213</ymax></bndbox></object><object><name>proposal</name><bndbox><xmin>549</xmin><ymin>35</ymin><xmax>167</xmax><ymax>162</ymax></bndbox></object><object><name>proposal</name><bndbox><xmin>199</xmin><ymin>481</ymin><xmax>249</xmax><ymax>139</ymax></bndbox></object><object><name>proposal</name><bndbox><xmin>295</xmin><ymin>282</ymin><xmax>325</xmax><ymax>342</ymax></bndbox></object><object><name>proposal</name><bndbox><xmin>220</xmin><ymin>477</ymin><xmax>163</xmax><ymax>142</ymax></bndbox></object><object><name>proposal</name><bndbox><xmin>237</xmin><ymin>402</ymin><xmax>186</xmax><ymax>196</ymax></bndbox></object><object><name>proposal</name><bndbox><xmin>155</xmin><ymin>395</ymin><xmax>329</xmax><ymax>405</ymax></bndbox></object><object><name>proposal</name><bndbox><xmin>576</xmin><ymin>58</ymin><xmax>124</xmax><ymax>127</ymax></bndbox></object><object><name>proposal</name><bndbox><xmin>659</xmin><ymin>122</ymin><xmax>141</xmax><ymax>145</ymax></bndbox></object><object><name>proposal</name><bndbox><xmin>131</xmin><ymin>450</ymin><xmax>251</xmax><ymax>178</ymax></bndbox></object><object><name>proposal</name><bndbox><xmin>419</xmin><ymin>341</ymin><xmax>142</xmax><ymax>150</ymax></bndbox></object><object><name>proposal</name><bndbox><xmin>207</xmin><ymin>481</ymin><xmax>198</xmax><ymax>132</ymax></bndbox></object><object><name>proposal</name><bndbox><xmin>451</xmin><ymin>377</ymin><xmax>99</xmax><ymax>109</ymax></bndbox></object><object><name>proposal</name><bndbox><xmin>66</xmin><ymin>399</ymin><xmax>366</xmax><ymax>322</ymax></bndbox></object><object><name>proposal</name><bndbox><xmin>499</xmin><ymin>309</ymin><xmax>112</xmax><ymax>124</ymax></bndbox></object><object><name>proposal</name><bndbox><xmin>304</xmin><ymin>396</ymin><xmax>199</xmax><ymax>239</ymax></bndbox></object><object><name>proposal</name><bndbox><xmin>502</xmin><ymin>0</ymin><xmax>298</xmax><ymax>312</ymax></bndbox></object><object><name>proposal</name><bndbox><xmin>269</xmin><ymin>396</ymin><xmax>209</xmax><ymax>219</ymax></bndbox></object><object><name>proposal</name><bndbox><xmin>361</xmin><ymin>334</ymin><xmax>189</xmax><ymax>169</ymax></bndbox></object><object><name>proposal</name><bndbox><xmin>583</xmin><ymin>0</ymin><xmax>174</xmax><ymax>129</ymax></bndbox></object><object><name>proposal</name><bndbox><xmin>546</xmin><ymin>0</ymin><xmax>254</xmax><ymax>308</ymax></bndbox></object><object><name>proposal</name><bndbox><xmin>262</xmin><ymin>484</ymin><xmax>148</xmax><ymax>158</ymax></bndbox></object><object><name>proposal</name><bndbox><xmin>583</xmin><ymin>147</ymin><xmax>184</xmax><ymax>160</ymax></bndbox></object><object><name>proposal</name><bndbox><xmin>66</xmin><ymin>399</ymin><xmax>344</xmax><ymax>318</ymax></bndbox></object><object><name>proposal</name><bndbox><xmin>440</xmin><ymin>338</ymin><xmax>80</xmax><ymax>117</ymax></bndbox></object><object><name>proposal</name><bndbox><xmin>435</xmin><ymin>341</ymin><xmax>126</xmax><ymax>150</ymax></bndbox></object><object><name>proposal</name><bndbox><xmin>262</xmin><ymin>484</ymin><xmax>94</xmax><ymax>136</ymax></bndbox></object><object><name>proposal</name><bndbox><xmin>610</xmin><ymin>0</ymin><xmax>190</xmax><ymax>197</ymax></bndbox></object><object><name>proposal</name><bndbox><xmin>435</xmin><ymin>312</ymin><xmax>130</xmax><ymax>169</ymax></bndbox></object><object><name>proposal</name><bndbox><xmin>583</xmin><ymin>122</ymin><xmax>217</xmax><ymax>186</ymax></bndbox></object><object><name>proposal</name><bndbox><xmin>262</xmin><ymin>312</ymin><xmax>303</xmax><ymax>330</ymax></bndbox></object><object><name>proposal</name><bndbox><xmin>207</xmin><ymin>338</ymin><xmax>358</xmax><ymax>277</ymax></bndbox></object><object><name>proposal</name><bndbox><xmin>626</xmin><ymin>141</ymin><xmax>79</xmax><ymax>101</ymax></bndbox></object><object><name>proposal</name><bndbox><xmin>277</xmin><ymin>441</ymin><xmax>261</xmax><ymax>208</ymax></bndbox></object><object><name>proposal</name><bndbox><xmin>259</xmin><ymin>477</ymin><xmax>127</xmax><ymax>109</ymax></bndbox></object><object><name>proposal</name><bndbox><xmin>193</xmin><ymin>534</ymin><xmax>290</xmax><ymax>136</ymax></bndbox></object><object><name>proposal</name><bndbox><xmin>231</xmin><ymin>421</ymin><xmax>299</xmax><ymax>189</ymax></bndbox></object><object><name>proposal</name><bndbox><xmin>659</xmin><ymin>122</ymin><xmax>141</xmax><ymax>165</ymax></bndbox></object><object><name>proposal</name><bndbox><xmin>262</xmin><ymin>484</ymin><xmax>69</xmax><ymax>136</ymax></bndbox></object><object><name>proposal</name><bndbox><xmin>413</xmin><ymin>338</ymin><xmax>152</xmax><ymax>124</ymax></bndbox></object><object><name>proposal</name><bndbox><xmin>405</xmin><ymin>338</ymin><xmax>147</xmax><ymax>226</ymax></bndbox></object><object><name>proposal</name><bndbox><xmin>237</xmin><ymin>441</ymin><xmax>182</xmax><ymax>157</ymax></bndbox></object><object><name>proposal</name><bndbox><xmin>440</xmin><ymin>306</ymin><xmax>142</xmax><ymax>164</ymax></bndbox></object><object><name>proposal</name><bndbox><xmin>387</xmin><ymin>376</ymin><xmax>90</xmax><ymax>133</ymax></bndbox></object><object><name>proposal</name><bndbox><xmin>419</xmin><ymin>376</ymin><xmax>93</xmax><ymax>128</ymax></bndbox></object><object><name>proposal</name><bndbox><xmin>501</xmin><ymin>34</ymin><xmax>203</xmax><ymax>162</ymax></bndbox></object><object><name>proposal</name><bndbox><xmin>231</xmin><ymin>380</ymin><xmax>281</xmax><ymax>241</ymax></bndbox></object><object><name>proposal</name><bndbox><xmin>440</xmin><ymin>309</ymin><xmax>142</xmax><ymax>161</ymax></bndbox></object><object><name>proposal</name><bndbox><xmin>558</xmin><ymin>34</ymin><xmax>146</xmax><ymax>162</ymax></bndbox></object><object><name>proposal</name><bndbox><xmin>659</xmin><ymin>143</ymin><xmax>141</xmax><ymax>144</ymax></bndbox></object><object><name>proposal</name><bndbox><xmin>440</xmin><ymin>338</ymin><xmax>100</xmax><ymax>117</ymax></bndbox></object><object><name>proposal</name><bndbox><xmin>548</xmin><ymin>8</ymin><xmax>168</xmax><ymax>240</ymax></bndbox></object><object><name>proposal</name><bndbox><xmin>262</xmin><ymin>455</ymin><xmax>123</xmax><ymax>165</ymax></bndbox></object><object><name>proposal</name><bndbox><xmin>435</xmin><ymin>334</ymin><xmax>94</xmax><ymax>69</ymax></bndbox></object><object><name>proposal</name><bndbox><xmin>116</xmin><ymin>295</ymin><xmax>289</xmax><ymax>328</ymax></bndbox></object><object><name>proposal</name><bndbox><xmin>387</xmin><ymin>308</ymin><xmax>230</xmax><ymax>305</ymax></bndbox></object><object><name>proposal</name><bndbox><xmin>419</xmin><ymin>341</ymin><xmax>142</xmax><ymax>201</ymax></bndbox></object><object><name>proposal</name><bndbox><xmin>554</xmin><ymin>0</ymin><xmax>246</xmax><ymax>312</ymax></bndbox></object><object><name>proposal</name><bndbox><xmin>581</xmin><ymin>0</ymin><xmax>141</xmax><ymax>128</ymax></bndbox></object><object><name>proposal</name><bndbox><xmin>416</xmin><ymin>312</ymin><xmax>149</xmax><ymax>158</ymax></bndbox></object><object><name>proposal</name><bndbox><xmin>281</xmin><ymin>484</ymin><xmax>124</xmax><ymax>139</ymax></bndbox></object><object><name>proposal</name><bndbox><xmin>262</xmin><ymin>481</ymin><xmax>68</xmax><ymax>120</ymax></bndbox></object><object><name>proposal</name><bndbox><xmin>436</xmin><ymin>312</ymin><xmax>101</xmax><ymax>155</ymax></bndbox></object><object><name>proposal</name><bndbox><xmin>207</xmin><ymin>450</ymin><xmax>123</xmax><ymax>130</ymax></bndbox></object><object><name>proposal</name><bndbox><xmin>371</xmin><ymin>479</ymin><xmax>167</xmax><ymax>191</ymax></bndbox></object><object><name>proposal</name><bndbox><xmin>436</xmin><ymin>312</ymin><xmax>101</xmax><ymax>178</ymax></bndbox></object><object><name>proposal</name><bndbox><xmin>672</xmin><ymin>0</ymin><xmax>128</xmax><ymax>179</ymax></bndbox></object><object><name>proposal</name><bndbox><xmin>611</xmin><ymin>141</ymin><xmax>156</xmax><ymax>132</ymax></bndbox></object><object><name>proposal</name><bndbox><xmin>659</xmin><ymin>143</ymin><xmax>132</xmax><ymax>144</ymax></bndbox></object><object><name>proposal</name><bndbox><xmin>534</xmin><ymin>0</ymin><xmax>210</xmax><ymax>307</ymax></bndbox></object><object><name>proposal</name><bndbox><xmin>219</xmin><ymin>306</ymin><xmax>363</xmax><ymax>317</ymax></bndbox></object><object><name>proposal</name><bndbox><xmin>624</xmin><ymin>26</ymin><xmax>95</xmax><ymax>96</ymax></bndbox></object><object><name>proposal</name><bndbox><xmin>207</xmin><ymin>477</ymin><xmax>181</xmax><ymax>146</ymax></bndbox></object><object><name>proposal</name><bndbox><xmin>597</xmin><ymin>0</ymin><xmax>157</xmax><ymax>272</ymax></bndbox></object><object><name>proposal</name><bndbox><xmin>435</xmin><ymin>334</ymin><xmax>115</xmax><ymax>120</ymax></bndbox></object><object><name>proposal</name><bndbox><xmin>419</xmin><ymin>376</ymin><xmax>69</xmax><ymax>77</ymax></bndbox></object><object><name>proposal</name><bndbox><xmin>214</xmin><ymin>481</ymin><xmax>174</xmax><ymax>142</ymax></bndbox></object><object><name>proposal</name><bndbox><xmin>214</xmin><ymin>481</ymin><xmax>191</xmax><ymax>142</ymax></bndbox></object><object><name>proposal</name><bndbox><xmin>254</xmin><ymin>485</ymin><xmax>77</xmax><ymax>127</ymax></bndbox></object><object><name>proposal</name><bndbox><xmin>555</xmin><ymin>17</ymin><xmax>150</xmax><ymax>185</ymax></bndbox></object><object><name>proposal</name><bndbox><xmin>582</xmin><ymin>118</ymin><xmax>218</xmax><ymax>194</ymax></bndbox></object><object><name>proposal</name><bndbox><xmin>545</xmin><ymin>14</ymin><xmax>136</xmax><ymax>98</ymax></bndbox></object><object><name>proposal</name><bndbox><xmin>583</xmin><ymin>0</ymin><xmax>141</xmax><ymax>64</ymax></bndbox></object><object><name>proposal</name><bndbox><xmin>619</xmin><ymin>35</ymin><xmax>97</xmax><ymax>119</ymax></bndbox></object><object><name>proposal</name><bndbox><xmin>424</xmin><ymin>338</ymin><xmax>106</xmax><ymax>139</ymax></bndbox></object><object><name>proposal</name><bndbox><xmin>320</xmin><ymin>451</ymin><xmax>169</xmax><ymax>115</ymax></bndbox></object><object><name>proposal</name><bndbox><xmin>562</xmin><ymin>0</ymin><xmax>188</xmax><ymax>186</ymax></bndbox></object><object><name>proposal</name><bndbox><xmin>231</xmin><ymin>312</ymin><xmax>340</xmax><ymax>303</ymax></bndbox></object><object><name>proposal</name><bndbox><xmin>322</xmin><ymin>376</ymin><xmax>155</xmax><ymax>190</ymax></bndbox></object><object><name>proposal</name><bndbox><xmin>610</xmin><ymin>35</ymin><xmax>106</xmax><ymax>162</ymax></bndbox></object><object><name>proposal</name><bndbox><xmin>583</xmin><ymin>177</ymin><xmax>184</xmax><ymax>130</ymax></bndbox></object><object><name>proposal</name><bndbox><xmin>555</xmin><ymin>17</ymin><xmax>150</xmax><ymax>173</ymax></bndbox></object><object><name>proposal</name><bndbox><xmin>659</xmin><ymin>118</ymin><xmax>141</xmax><ymax>169</ymax></bndbox></object><object><name>proposal</name><bndbox><xmin>207</xmin><ymin>161</ymin><xmax>407</xmax><ymax>465</ymax></bndbox></object><object><name>proposal</name><bndbox><xmin>268</xmin><ymin>485</ymin><xmax>77</xmax><ymax>116</ymax></bndbox></object><object><name>proposal</name><bndbox><xmin>315</xmin><ymin>396</ymin><xmax>174</xmax><ymax>227</ymax></bndbox></object><object><name>proposal</name><bndbox><xmin>313</xmin><ymin>388</ymin><xmax>200</xmax><ymax>235</ymax></bndbox></object><object><name>proposal</name><bndbox><xmin>436</xmin><ymin>309</ymin><xmax>135</xmax><ymax>157</ymax></bndbox></object><object><name>proposal</name><bndbox><xmin>268</xmin><ymin>312</ymin><xmax>297</xmax><ymax>309</ymax></bndbox></object><object><name>proposal</name><bndbox><xmin>231</xmin><ymin>390</ymin><xmax>272</xmax><ymax>245</ymax></bndbox></object><object><name>proposal</name><bndbox><xmin>241</xmin><ymin>193</ymin><xmax>284</xmax><ymax>373</ymax></bndbox></object><object><name>proposal</name><bndbox><xmin>425</xmin><ymin>312</ymin><xmax>140</xmax><ymax>163</ymax></bndbox></object><object><name>proposal</name><bndbox><xmin>435</xmin><ymin>363</ymin><xmax>95</xmax><ymax>128</ymax></bndbox></object><object><name>proposal</name><bndbox><xmin>546</xmin><ymin>0</ymin><xmax>245</xmax><ymax>307</ymax></bndbox></object><object><name>proposal</name><bndbox><xmin>207</xmin><ymin>282</ymin><xmax>407</xmax><ymax>338</ymax></bndbox></object><object><name>proposal</name><bndbox><xmin>558</xmin><ymin>0</ymin><xmax>242</xmax><ymax>196</ymax></bndbox></object><object><name>proposal</name><bndbox><xmin>268</xmin><ymin>312</ymin><xmax>297</xmax><ymax>330</ymax></bndbox></object><object><name>proposal</name><bndbox><xmin>435</xmin><ymin>309</ymin><xmax>128</xmax><ymax>167</ymax></bndbox></object><object><name>proposal</name><bndbox><xmin>235</xmin><ymin>312</ymin><xmax>330</xmax><ymax>330</ymax></bndbox></object><object><name>proposal</name><bndbox><xmin>295</xmin><ymin>360</ymin><xmax>184</xmax><ymax>213</ymax></bndbox></object><object><name>proposal</name><bndbox><xmin>555</xmin><ymin>8</ymin><xmax>161</xmax><ymax>240</ymax></bndbox></object><object><name>proposal</name><bndbox><xmin>546</xmin><ymin>0</ymin><xmax>254</xmax><ymax>521</ymax></bndbox></object><object><name>proposal</name><bndbox><xmin>618</xmin><ymin>0</ymin><xmax>182</xmax><ymax>230</ymax></bndbox></object><object><name>proposal</name><bndbox><xmin>436</xmin><ymin>338</ymin><xmax>95</xmax><ymax>124</ymax></bndbox></object><object><name>proposal</name><bndbox><xmin>440</xmin><ymin>312</ymin><xmax>125</xmax><ymax>175</ymax></bndbox></object><object><name>proposal</name><bndbox><xmin>320</xmin><ymin>452</ymin><xmax>169</xmax><ymax>114</ymax></bndbox></object><object><name>proposal</name><bndbox><xmin>304</xmin><ymin>312</ymin><xmax>261</xmax><ymax>323</ymax></bndbox></object><object><name>proposal</name><bndbox><xmin>549</xmin><ymin>0</ymin><xmax>202</xmax><ymax>197</ymax></bndbox></object><object><name>proposal</name><bndbox><xmin>549</xmin><ymin>0</ymin><xmax>199</xmax><ymax>250</ymax></bndbox></object><object><name>proposal</name><bndbox><xmin>609</xmin><ymin>132</ymin><xmax>182</xmax><ymax>141</ymax></bndbox></object><object><name>proposal</name><bndbox><xmin>501</xmin><ymin>0</ymin><xmax>172</xmax><ymax>192</ymax></bndbox></object><object><name>proposal</name><bndbox><xmin>581</xmin><ymin>0</ymin><xmax>163</xmax><ymax>128</ymax></bndbox></object><object><name>proposal</name><bndbox><xmin>108</xmin><ymin>411</ymin><xmax>264</xmax><ymax>163</ymax></bndbox></object><object><name>proposal</name><bndbox><xmin>681</xmin><ymin>0</ymin><xmax>119</xmax><ymax>162</ymax></bndbox></object><object><name>proposal</name><bndbox><xmin>108</xmin><ymin>411</ymin><xmax>398</xmax><ymax>250</ymax></bndbox></object><object><name>proposal</name><bndbox><xmin>387</xmin><ymin>338</ymin><xmax>138</xmax><ymax>171</ymax></bndbox></object><object><name>proposal</name><bndbox><xmin>546</xmin><ymin>0</ymin><xmax>201</xmax><ymax>186</ymax></bndbox></object><object><name>proposal</name><bndbox><xmin>413</xmin><ymin>338</ymin><xmax>152</xmax><ymax>200</ymax></bndbox></object><object><name>proposal</name><bndbox><xmin>583</xmin><ymin>122</ymin><xmax>217</xmax><ymax>185</ymax></bndbox></object><object><name>proposal</name><bndbox><xmin>261</xmin><ymin>534</ymin><xmax>127</xmax><ymax>89</ymax></bndbox></object><object><name>proposal</name><bndbox><xmin>231</xmin><ymin>381</ymin><xmax>266</xmax><ymax>242</ymax></bndbox></object><object><name>proposal</name><bndbox><xmin>436</xmin><ymin>338</ymin><xmax>114</xmax><ymax>124</ymax></bndbox></object><object><name>proposal</name><bndbox><xmin>269</xmin><ymin>485</ymin><xmax>136</xmax><ymax>130</ymax></bndbox></object><object><name>proposal</name><bndbox><xmin>534</xmin><ymin>43</ymin><xmax>197</xmax><ymax>264</ymax></bndbox></object><object><name>proposal</name><bndbox><xmin>457</xmin><ymin>387</ymin><xmax>80</xmax><ymax>118</ymax></bndbox></object><object><name>proposal</name><bndbox><xmin>231</xmin><ymin>396</ymin><xmax>285</xmax><ymax>227</ymax></bndbox></object><object><name>proposal</name><bndbox><xmin>556</xmin><ymin>17</ymin><xmax>151</xmax><ymax>185</ymax></bndbox></object><object><name>proposal</name><bndbox><xmin>395</xmin><ymin>375</ymin><xmax>91</xmax><ymax>99</ymax></bndbox></object><object><name>proposal</name><bndbox><xmin>435</xmin><ymin>334</ymin><xmax>102</xmax><ymax>171</ymax></bndbox></object><object><name>proposal</name><bndbox><xmin>271</xmin><ymin>484</ymin><xmax>75</xmax><ymax>136</ymax></bndbox></object><object><name>proposal</name><bndbox><xmin>546</xmin><ymin>0</ymin><xmax>211</xmax><ymax>201</ymax></bndbox></object><object><name>proposal</name><bndbox><xmin>320</xmin><ymin>308</ymin><xmax>297</xmax><ymax>324</ymax></bndbox></object><object><name>proposal</name><bndbox><xmin>419</xmin><ymin>361</ymin><xmax>127</xmax><ymax>181</ymax></bndbox></object><object><name>proposal</name><bndbox><xmin>499</xmin><ymin>309</ymin><xmax>112</xmax><ymax>125</ymax></bndbox></object><object><name>proposal</name><bndbox><xmin>316</xmin><ymin>396</ymin><xmax>176</xmax><ymax>190</ymax></bndbox></object><object><name>proposal</name><bndbox><xmin>387</xmin><ymin>507</ymin><xmax>151</xmax><ymax>106</ymax></bndbox></object><object><name>proposal</name><bndbox><xmin>268</xmin><ymin>415</ymin><xmax>245</xmax><ymax>195</ymax></bndbox></object><object><name>proposal</name><bndbox><xmin>562</xmin><ymin>0</ymin><xmax>238</xmax><ymax>312</ymax></bndbox></object><object><name>proposal</name><bndbox><xmin>272</xmin><ymin>541</ymin><xmax>212</xmax><ymax>101</ymax></bndbox></object><object><name>proposal</name><bndbox><xmin>609</xmin><ymin>141</ymin><xmax>139</xmax><ymax>100</ymax></bndbox></object><object><name>proposal</name><bndbox><xmin>313</xmin><ymin>396</ymin><xmax>200</xmax><ymax>227</ymax></bndbox></object><object><name>proposal</name><bndbox><xmin>199</xmin><ymin>481</ymin><xmax>267</xmax><ymax>139</ymax></bndbox></object><object><name>proposal</name><bndbox><xmin>373</xmin><ymin>342</ymin><xmax>241</xmax><ymax>278</ymax></bndbox></object><object><name>proposal</name><bndbox><xmin>207</xmin><ymin>481</ymin><xmax>277</xmax><ymax>244</ymax></bndbox></object><object><name>proposal</name><bndbox><xmin>423</xmin><ymin>309</ymin><xmax>188</xmax><ymax>250</ymax></bndbox></object><object><name>proposal</name><bndbox><xmin>22</xmin><ymin>494</ymin><xmax>490</xmax><ymax>220</ymax></bndbox></object><object><name>proposal</name><bndbox><xmin>419</xmin><ymin>306</ymin><xmax>163</xmax><ymax>180</ymax></bndbox></object><object><name>proposal</name><bndbox><xmin>269</xmin><ymin>338</ymin><xmax>296</xmax><ymax>277</ymax></bndbox></object><object><name>proposal</name><bndbox><xmin>313</xmin><ymin>309</ymin><xmax>269</xmax><ymax>300</ymax></bndbox></object><object><name>proposal</name><bndbox><xmin>297</xmin><ymin>389</ymin><xmax>219</xmax><ymax>177</ymax></bndbox></object><object><name>proposal</name><bndbox><xmin>237</xmin><ymin>402</ymin><xmax>182</xmax><ymax>196</ymax></bndbox></object><object><name>proposal</name><bndbox><xmin>108</xmin><ymin>309</ymin><xmax>457</xmax><ymax>352</ymax></bndbox></object><object><name>proposal</name><bndbox><xmin>413</xmin><ymin>293</ymin><xmax>180</xmax><ymax>173</ymax></bndbox></object><object><name>proposal</name><bndbox><xmin>392</xmin><ymin>309</ymin><xmax>179</xmax><ymax>213</ymax></bndbox></object><object><name>proposal</name><bndbox><xmin>262</xmin><ymin>481</ymin><xmax>83</xmax><ymax>120</ymax></bndbox></object><object><name>proposal</name><bndbox><xmin>315</xmin><ymin>396</ymin><xmax>197</xmax><ymax>214</ymax></bndbox></object><object><name>proposal</name><bndbox><xmin>413</xmin><ymin>338</ymin><xmax>112</xmax><ymax>95</ymax></bndbox></object><object><name>proposal</name><bndbox><xmin>624</xmin><ymin>0</ymin><xmax>130</xmax><ymax>85</ymax></bndbox></object><object><name>proposal</name><bndbox><xmin>435</xmin><ymin>309</ymin><xmax>176</xmax><ymax>155</ymax></bndbox></object><object><name>proposal</name><bndbox><xmin>88</xmin><ymin>400</ymin><xmax>284</xmax><ymax>253</ymax></bndbox></object><object><name>proposal</name><bndbox><xmin>413</xmin><ymin>293</ymin><xmax>180</xmax><ymax>241</ymax></bndbox></object><object><name>proposal</name><bndbox><xmin>558</xmin><ymin>0</ymin><xmax>242</xmax><ymax>268</ymax></bndbox></object><object><name>proposal</name><bndbox><xmin>251</xmin><ymin>477</ymin><xmax>80</xmax><ymax>129</ymax></bndbox></object><object><name>proposal</name><bndbox><xmin>284</xmin><ymin>452</ymin><xmax>184</xmax><ymax>114</ymax></bndbox></object><object><name>proposal</name><bndbox><xmin>262</xmin><ymin>380</ymin><xmax>254</xmax><ymax>240</ymax></bndbox></object><object><name>proposal</name><bndbox><xmin>555</xmin><ymin>8</ymin><xmax>150</xmax><ymax>207</ymax></bndbox></object><object><name>proposal</name><bndbox><xmin>313</xmin><ymin>306</ymin><xmax>269</xmax><ymax>303</ymax></bndbox></object><object><name>proposal</name><bndbox><xmin>583</xmin><ymin>122</ymin><xmax>217</xmax><ymax>190</ymax></bndbox></object><object><name>proposal</name><bndbox><xmin>534</xmin><ymin>0</ymin><xmax>210</xmax><ymax>191</ymax></bndbox></object><object><name>proposal</name><bndbox><xmin>284</xmin><ymin>338</ymin><xmax>281</xmax><ymax>235</ymax></bndbox></object><object><name>proposal</name><bndbox><xmin>82</xmin><ymin>407</ymin><xmax>291</xmax><ymax>213</ymax></bndbox></object><object><name>proposal</name><bndbox><xmin>315</xmin><ymin>386</ymin><xmax>197</xmax><ymax>187</ymax></bndbox></object><object><name>proposal</name><bndbox><xmin>231</xmin><ymin>494</ymin><xmax>174</xmax><ymax>129</ymax></bndbox></object><object><name>proposal</name><bndbox><xmin>235</xmin><ymin>484</ymin><xmax>175</xmax><ymax>158</ymax></bndbox></object><object><name>proposal</name><bndbox><xmin>659</xmin><ymin>122</ymin><xmax>141</xmax><ymax>146</ymax></bndbox></object><object><name>proposal</name><bndbox><xmin>297</xmin><ymin>415</ymin><xmax>180</xmax><ymax>151</ymax></bndbox></object><object><name>proposal</name><bndbox><xmin>499</xmin><ymin>288</ymin><xmax>127</xmax><ymax>143</ymax></bndbox></object><object><name>proposal</name><bndbox><xmin>515</xmin><ymin>288</ymin><xmax>111</xmax><ymax>145</ymax></bndbox></object><object><name>proposal</name><bndbox><xmin>576</xmin><ymin>0</ymin><xmax>175</xmax><ymax>64</ymax></bndbox></object><object><name>proposal</name><bndbox><xmin>392</xmin><ymin>451</ymin><xmax>120</xmax><ymax>84</ymax></bndbox></object><object><name>proposal</name><bndbox><xmin>315</xmin><ymin>376</ymin><xmax>197</xmax><ymax>234</ymax></bndbox></object><object><name>proposal</name><bndbox><xmin>597</xmin><ymin>0</ymin><xmax>157</xmax><ymax>142</ymax></bndbox></object><object><name>proposal</name><bndbox><xmin>272</xmin><ymin>402</ymin><xmax>428</xmax><ymax>398</ymax></bndbox></object><object><name>proposal</name><bndbox><xmin>231</xmin><ymin>396</ymin><xmax>258</xmax><ymax>227</ymax></bndbox></object><object><name>proposal</name><bndbox><xmin>545</xmin><ymin>14</ymin><xmax>173</xmax><ymax>108</ymax></bndbox></object><object><name>proposal</name><bndbox><xmin>315</xmin><ymin>396</ymin><xmax>201</xmax><ymax>227</ymax></bndbox></object><object><name>proposal</name><bndbox><xmin>304</xmin><ymin>396</ymin><xmax>199</xmax><ymax>216</ymax></bndbox></object><object><name>proposal</name><bndbox><xmin>436</xmin><ymin>338</ymin><xmax>129</xmax><ymax>193</ymax></bndbox></object><object><name>proposal</name><bndbox><xmin>371</xmin><ymin>479</ymin><xmax>132</xmax><ymax>191</ymax></bndbox></object><object><name>proposal</name><bndbox><xmin>413</xmin><ymin>338</ymin><xmax>122</xmax><ymax>221</ymax></bndbox></object><object><name>proposal</name><bndbox><xmin>88</xmin><ymin>399</ymin><xmax>344</xmax><ymax>313</ymax></bndbox></object><object><name>proposal</name><bndbox><xmin>199</xmin><ymin>481</ymin><xmax>146</xmax><ymax>139</ymax></bndbox></object><object><name>proposal</name><bndbox><xmin>534</xmin><ymin>0</ymin><xmax>266</xmax><ymax>213</ymax></bndbox></object><object><name>proposal</name><bndbox><xmin>583</xmin><ymin>0</ymin><xmax>164</xmax><ymax>121</ymax></bndbox></object><object><name>proposal</name><bndbox><xmin>268</xmin><ymin>338</ymin><xmax>292</xmax><ymax>272</ymax></bndbox></object><object><name>proposal</name><bndbox><xmin>440</xmin><ymin>338</ymin><xmax>90</xmax><ymax>139</ymax></bndbox></object><object><name>proposal</name><bndbox><xmin>395</xmin><ymin>364</ymin><xmax>142</xmax><ymax>110</ymax></bndbox></object><object><name>proposal</name><bndbox><xmin>94</xmin><ymin>417</ymin><xmax>278</xmax><ymax>211</ymax></bndbox></object><object><name>proposal</name><bndbox><xmin>416</xmin><ymin>312</ymin><xmax>149</xmax><ymax>174</ymax></bndbox></object><object><name>proposal</name><bndbox><xmin>546</xmin><ymin>0</ymin><xmax>254</xmax><ymax>307</ymax></bndbox></object><object><name>proposal</name><bndbox><xmin>283</xmin><ymin>517</ymin><xmax>201</xmax><ymax>125</ymax></bndbox></object><object><name>proposal</name><bndbox><xmin>251</xmin><ymin>485</ymin><xmax>154</xmax><ymax>128</ymax></bndbox></object><object><name>proposal</name><bndbox><xmin>636</xmin><ymin>200</ymin><xmax>76</xmax><ymax>97</ymax></bndbox></object><object><name>proposal</name><bndbox><xmin>316</xmin><ymin>396</ymin><xmax>176</xmax><ymax>177</ymax></bndbox></object><object><name>proposal</name><bndbox><xmin>499</xmin><ymin>0</ymin><xmax>301</xmax><ymax>582</ymax></bndbox></object><object><name>proposal</name><bndbox><xmin>81</xmin><ymin>372</ymin><xmax>291</xmax><ymax>245</ymax></bndbox></object><object><name>proposal</name><bndbox><xmin>562</xmin><ymin>0</ymin><xmax>238</xmax><ymax>186</ymax></bndbox></object><object><name>proposal</name><bndbox><xmin>553</xmin><ymin>0</ymin><xmax>247</xmax><ymax>581</ymax></bndbox></object><object><name>proposal</name><bndbox><xmin>199</xmin><ymin>376</ymin><xmax>257</xmax><ymax>244</ymax></bndbox></object><object><name>proposal</name><bndbox><xmin>557</xmin><ymin>58</ymin><xmax>98</xmax><ymax>134</ymax></bndbox></object><object><name>proposal</name><bndbox><xmin>610</xmin><ymin>132</ymin><xmax>101</xmax><ymax>65</ymax></bndbox></object><object><name>proposal</name><bndbox><xmin>231</xmin><ymin>485</ymin><xmax>105</xmax><ymax>130</ymax></bndbox></object><object><name>proposal</name><bndbox><xmin>254</xmin><ymin>480</ymin><xmax>129</xmax><ymax>139</ymax></bndbox></object><object><name>proposal</name><bndbox><xmin>316</xmin><ymin>338</ymin><xmax>219</xmax><ymax>228</ymax></bndbox></object><object><name>proposal</name><bndbox><xmin>214</xmin><ymin>309</ymin><xmax>397</xmax><ymax>314</ymax></bndbox></object><object><name>proposal</name><bndbox><xmin>320</xmin><ymin>441</ymin><xmax>218</xmax><ymax>173</ymax></bndbox></object><object><name>proposal</name><bndbox><xmin>316</xmin><ymin>389</ymin><xmax>155</xmax><ymax>177</ymax></bndbox></object><object><name>proposal</name><bndbox><xmin>315</xmin><ymin>312</ymin><xmax>250</xmax><ymax>261</ymax></bndbox></object><object><name>proposal</name><bndbox><xmin>659</xmin><ymin>174</ymin><xmax>89</xmax><ymax>53</ymax></bndbox></object><object><name>proposal</name><bndbox><xmin>235</xmin><ymin>386</ymin><xmax>269</xmax><ymax>256</ymax></bndbox></object><object><name>proposal</name><bndbox><xmin>262</xmin><ymin>380</ymin><xmax>250</xmax><ymax>240</ymax></bndbox></object><object><name>proposal</name><bndbox><xmin>320</xmin><ymin>338</ymin><xmax>232</xmax><ymax>235</ymax></bndbox></object><object><name>proposal</name><bndbox><xmin>320</xmin><ymin>309</ymin><xmax>245</xmax><ymax>257</ymax></bndbox></object><object><name>proposal</name><bndbox><xmin>322</xmin><ymin>415</ymin><xmax>167</xmax><ymax>151</ymax></bndbox></object><object><name>proposal</name><bndbox><xmin>295</xmin><ymin>338</ymin><xmax>319</xmax><ymax>286</ymax></bndbox></object><object><name>proposal</name><bndbox><xmin>440</xmin><ymin>306</ymin><xmax>142</xmax><ymax>180</ymax></bndbox></object><object><name>proposal</name><bndbox><xmin>548</xmin><ymin>8</ymin><xmax>168</xmax><ymax>211</ymax></bndbox></object><object><name>proposal</name><bndbox><xmin>231</xmin><ymin>293</ymin><xmax>386</xmax><ymax>317</ymax></bndbox></object><object><name>proposal</name><bndbox><xmin>447</xmin><ymin>369</ymin><xmax>103</xmax><ymax>85</ymax></bndbox></object><object><name>proposal</name><bndbox><xmin>199</xmin><ymin>481</ymin><xmax>249</xmax><ymax>129</ymax></bndbox></object><object><name>proposal</name><bndbox><xmin>561</xmin><ymin>56</ymin><xmax>94</xmax><ymax>135</ymax></bndbox></object><object><name>proposal</name><bndbox><xmin>284</xmin><ymin>484</ymin><xmax>157</xmax><ymax>101</ymax></bndbox></object><object><name>proposal</name><bndbox><xmin>413</xmin><ymin>282</ymin><xmax>195</xmax><ymax>257</ymax></bndbox></object><object><name>proposal</name><bndbox><xmin>211</xmin><ymin>419</ymin><xmax>494</xmax><ymax>381</ymax></bndbox></object><object><name>proposal</name><bndbox><xmin>583</xmin><ymin>143</ymin><xmax>184</xmax><ymax>164</ymax></bndbox></object><object><name>proposal</name><bndbox><xmin>549</xmin><ymin>0</ymin><xmax>251</xmax><ymax>228</ymax></bndbox></object><object><name>proposal</name><bndbox><xmin>413</xmin><ymin>338</ymin><xmax>147</xmax><ymax>140</ymax></bndbox></object><object><name>proposal</name><bndbox><xmin>548</xmin><ymin>14</ymin><xmax>157</xmax><ymax>201</ymax></bndbox></object><object><name>proposal</name><bndbox><xmin>207</xmin><ymin>312</ymin><xmax>358</xmax><ymax>311</ymax></bndbox></object><object><name>proposal</name><bndbox><xmin>268</xmin><ymin>480</ymin><xmax>72</xmax><ymax>121</ymax></bndbox></object><object><name>proposal</name><bndbox><xmin>413</xmin><ymin>293</ymin><xmax>204</xmax><ymax>173</ymax></bndbox></object><object><name>proposal</name><bndbox><xmin>243</xmin><ymin>288</ymin><xmax>383</xmax><ymax>423</ymax></bndbox></object><object><name>proposal</name><bndbox><xmin>558</xmin><ymin>14</ymin><xmax>166</xmax><ymax>201</ymax></bndbox></object><object><name>proposal</name><bndbox><xmin>556</xmin><ymin>35</ymin><xmax>151</xmax><ymax>157</ymax></bndbox></object><object><name>proposal</name><bndbox><xmin>326</xmin><ymin>376</ymin><xmax>130</xmax><ymax>137</ymax></bndbox></object><object><name>proposal</name><bndbox><xmin>244</xmin><ymin>161</ymin><xmax>321</xmax><ymax>405</ymax></bndbox></object><object><name>proposal</name><bndbox><xmin>231</xmin><ymin>421</ymin><xmax>237</xmax><ymax>189</ymax></bndbox></object><object><name>proposal</name><bndbox><xmin>436</xmin><ymin>312</ymin><xmax>124</xmax><ymax>155</ymax></bndbox></object><object><name>proposal</name><bndbox><xmin>581</xmin><ymin>0</ymin><xmax>163</xmax><ymax>121</ymax></bndbox></object><object><name>proposal</name><bndbox><xmin>642</xmin><ymin>200</ymin><xmax>60</xmax><ymax>83</ymax></bndbox></object><object><name>proposal</name><bndbox><xmin>220</xmin><ymin>338</ymin><xmax>332</xmax><ymax>281</ymax></bndbox></object><object><name>proposal</name><bndbox><xmin>546</xmin><ymin>0</ymin><xmax>211</xmax><ymax>190</ymax></bndbox></object><object><name>proposal</name><bndbox><xmin>207</xmin><ymin>338</ymin><xmax>358</xmax><ymax>285</ymax></bndbox></object><object><name>proposal</name><bndbox><xmin>320</xmin><ymin>415</ymin><xmax>157</xmax><ymax>158</ymax></bndbox></object><object><name>proposal</name><bndbox><xmin>550</xmin><ymin>0</ymin><xmax>250</xmax><ymax>299</ymax></bndbox></object><object><name>proposal</name><bndbox><xmin>546</xmin><ymin>0</ymin><xmax>254</xmax><ymax>190</ymax></bndbox></object><object><name>proposal</name><bndbox><xmin>235</xmin><ymin>494</ymin><xmax>175</xmax><ymax>148</ymax></bndbox></object><object><name>proposal</name><bndbox><xmin>371</xmin><ymin>479</ymin><xmax>135</xmax><ymax>191</ymax></bndbox></object><object><name>proposal</name><bndbox><xmin>447</xmin><ymin>364</ymin><xmax>69</xmax><ymax>110</ymax></bndbox></object><object><name>proposal</name><bndbox><xmin>549</xmin><ymin>0</ymin><xmax>251</xmax><ymax>660</ymax></bndbox></object><object><name>proposal</name><bndbox><xmin>262</xmin><ymin>312</ymin><xmax>309</xmax><ymax>303</ymax></bndbox></object><object><name>proposal</name><bndbox><xmin>419</xmin><ymin>361</ymin><xmax>127</xmax><ymax>130</ymax></bndbox></object><object><name>proposal</name><bndbox><xmin>211</xmin><ymin>419</ymin><xmax>440</xmax><ymax>381</ymax></bndbox></object><object><name>proposal</name><bndbox><xmin>534</xmin><ymin>0</ymin><xmax>210</xmax><ymax>190</ymax></bndbox></object><object><name>proposal</name><bndbox><xmin>392</xmin><ymin>451</ymin><xmax>120</xmax><ymax>114</ymax></bndbox></object><object><name>proposal</name><bndbox><xmin>418</xmin><ymin>312</ymin><xmax>147</xmax><ymax>163</ymax></bndbox></object><object><name>proposal</name><bndbox><xmin>320</xmin><ymin>309</ymin><xmax>243</xmax><ymax>257</ymax></bndbox></object><object><name>proposal</name><bndbox><xmin>546</xmin><ymin>0</ymin><xmax>204</xmax><ymax>190</ymax></bndbox></object><object><name>proposal</name><bndbox><xmin>545</xmin><ymin>0</ymin><xmax>209</xmax><ymax>112</ymax></bndbox></object><object><name>proposal</name><bndbox><xmin>471</xmin><ymin>369</ymin><xmax>79</xmax><ymax>85</ymax></bndbox></object><object><name>proposal</name><bndbox><xmin>373</xmin><ymin>330</ymin><xmax>241</xmax><ymax>296</ymax></bndbox></object><object><name>proposal</name><bndbox><xmin>304</xmin><ymin>390</ymin><xmax>199</xmax><ymax>245</ymax></bndbox></object><object><name>proposal</name><bndbox><xmin>545</xmin><ymin>0</ymin><xmax>205</xmax><ymax>192</ymax></bndbox></object><object><name>proposal</name><bndbox><xmin>545</xmin><ymin>0</ymin><xmax>209</xmax><ymax>227</ymax></bndbox></object><object><name>proposal</name><bndbox><xmin>549</xmin><ymin>8</ymin><xmax>167</xmax><ymax>211</ymax></bndbox></object><object><name>proposal</name><bndbox><xmin>506</xmin><ymin>352</ymin><xmax>111</xmax><ymax>81</ymax></bndbox></object><object><name>proposal</name><bndbox><xmin>220</xmin><ymin>477</ymin><xmax>212</xmax><ymax>235</ymax></bndbox></object><object><name>proposal</name><bndbox><xmin>108</xmin><ymin>417</ymin><xmax>264</xmax><ymax>157</ymax></bndbox></object><object><name>proposal</name><bndbox><xmin>116</xmin><ymin>423</ymin><xmax>289</xmax><ymax>200</ymax></bndbox></object><object><name>proposal</name><bndbox><xmin>436</xmin><ymin>288</ymin><xmax>190</xmax><ymax>179</ymax></bndbox></object><object><name>proposal</name><bndbox><xmin>549</xmin><ymin>0</ymin><xmax>251</xmax><ymax>339</ymax></bndbox></object><object><name>proposal</name><bndbox><xmin>243</xmin><ymin>450</ymin><xmax>139</xmax><ymax>149</ymax></bndbox></object><object><name>proposal</name><bndbox><xmin>435</xmin><ymin>338</ymin><xmax>90</xmax><ymax>95</ymax></bndbox></object><object><name>proposal</name><bndbox><xmin>597</xmin><ymin>0</ymin><xmax>127</xmax><ymax>64</ymax></bndbox></object><object><name>proposal</name><bndbox><xmin>231</xmin><ymin>494</ymin><xmax>115</xmax><ymax>98</ymax></bndbox></object><object><name>proposal</name><bndbox><xmin>108</xmin><ymin>411</ymin><xmax>324</xmax><ymax>250</ymax></bndbox></object><object><name>proposal</name><bndbox><xmin>501</xmin><ymin>0</ymin><xmax>299</xmax><ymax>196</ymax></bndbox></object><object><name>proposal</name><bndbox><xmin>549</xmin><ymin>0</ymin><xmax>251</xmax><ymax>251</ymax></bndbox></object><object><name>proposal</name><bndbox><xmin>268</xmin><ymin>494</ymin><xmax>142</xmax><ymax>148</ymax></bndbox></object><object><name>proposal</name><bndbox><xmin>231</xmin><ymin>312</ymin><xmax>334</xmax><ymax>323</ymax></bndbox></object><object><name>proposal</name><bndbox><xmin>435</xmin><ymin>341</ymin><xmax>126</xmax><ymax>201</ymax></bndbox></object><object><name>proposal</name><bndbox><xmin>562</xmin><ymin>0</ymin><xmax>238</xmax><ymax>246</ymax></bndbox></object><object><name>proposal</name><bndbox><xmin>320</xmin><ymin>371</ymin><xmax>183</xmax><ymax>195</ymax></bndbox></object><object><name>proposal</name><bndbox><xmin>262</xmin><ymin>380</ymin><xmax>250</xmax><ymax>212</ymax></bndbox></object><object><name>proposal</name><bndbox><xmin>213</xmin><ymin>484</ymin><xmax>299</xmax><ymax>225</ymax></bndbox></object><object><name>proposal</name><bndbox><xmin>322</xmin><ymin>312</ymin><xmax>238</xmax><ymax>254</ymax></bndbox></object><object><name>proposal</name><bndbox><xmin>425</xmin><ymin>312</ymin><xmax>140</xmax><ymax>172</ymax></bndbox></object><object><name>proposal</name><bndbox><xmin>316</xmin><ymin>389</ymin><xmax>172</xmax><ymax>177</ymax></bndbox></object><object><name>proposal</name><bndbox><xmin>563</xmin><ymin>0</ymin><xmax>237</xmax><ymax>242</ymax></bndbox></object><object><name>proposal</name><bndbox><xmin>583</xmin><ymin>145</ymin><xmax>217</xmax><ymax>162</ymax></bndbox></object><object><name>proposal</name><bndbox><xmin>283</xmin><ymin>520</ymin><xmax>108</xmax><ymax>90</ymax></bndbox></object><object><name>proposal</name><bndbox><xmin>220</xmin><ymin>396</ymin><xmax>197</xmax><ymax>169</ymax></bndbox></object><object><name>proposal</name><bndbox><xmin>597</xmin><ymin>0</ymin><xmax>125</xmax><ymax>121</ymax></bndbox></object><object><name>proposal</name><bndbox><xmin>89</xmin><ymin>406</ymin><xmax>288</xmax><ymax>191</ymax></bndbox></object><object><name>proposal</name><bndbox><xmin>268</xmin><ymin>312</ymin><xmax>303</xmax><ymax>303</ymax></bndbox></object><object><name>proposal</name><bndbox><xmin>549</xmin><ymin>0</ymin><xmax>251</xmax><ymax>230</ymax></bndbox></object><object><name>proposal</name><bndbox><xmin>316</xmin><ymin>338</ymin><xmax>209</xmax><ymax>228</ymax></bndbox></object></annotation>