<annotation><folder>Proposals</folder><filename>img-83.jpg</filename><size><width>720</width><height>720</height><depth>3</depth></size><object><name>proposal</name><bndbox><xmin>135</xmin><ymin>229</ymin><xmax>426</xmax><ymax>365</ymax></bndbox></object><object><name>proposal</name><bndbox><xmin>149</xmin><ymin>229</ymin><xmax>412</xmax><ymax>349</ymax></bndbox></object><object><name>proposal</name><bndbox><xmin>135</xmin><ymin>225</ymin><xmax>568</xmax><ymax>389</ymax></bndbox></object><object><name>proposal</name><bndbox><xmin>221</xmin><ymin>287</ymin><xmax>329</xmax><ymax>378</ymax></bndbox></object><object><name>proposal</name><bndbox><xmin>316</xmin><ymin>287</ymin><xmax>197</xmax><ymax>303</ymax></bndbox></object><object><name>proposal</name><bndbox><xmin>135</xmin><ymin>229</ymin><xmax>426</xmax><ymax>403</ymax></bndbox></object><object><name>proposal</name><bndbox><xmin>139</xmin><ymin>236</ymin><xmax>411</xmax><ymax>362</ymax></bndbox></object><object><name>proposal</name><bndbox><xmin>127</xmin><ymin>201</ymin><xmax>386</xmax><ymax>431</ymax></bndbox></object><object><name>proposal</name><bndbox><xmin>279</xmin><ymin>230</ymin><xmax>269</xmax><ymax>131</ymax></bndbox></object><object><name>proposal</name><bndbox><xmin>146</xmin><ymin>193</ymin><xmax>416</xmax><ymax>296</ymax></bndbox></object><object><name>proposal</name><bndbox><xmin>135</xmin><ymin>223</ymin><xmax>413</xmax><ymax>409</ymax></bndbox></object><object><name>proposal</name><bndbox><xmin>156</xmin><ymin>225</ymin><xmax>404</xmax><ymax>408</ymax></bndbox></object><object><name>proposal</name><bndbox><xmin>377</xmin><ymin>410</ymin><xmax>110</xmax><ymax>137</ymax></bndbox></object><object><name>proposal</name><bndbox><xmin>229</xmin><ymin>201</ymin><xmax>284</xmax><ymax>331</ymax></bndbox></object><object><name>proposal</name><bndbox><xmin>156</xmin><ymin>229</ymin><xmax>405</xmax><ymax>349</ymax></bndbox></object><object><name>proposal</name><bndbox><xmin>82</xmin><ymin>267</ymin><xmax>468</xmax><ymax>344</ymax></bndbox></object><object><name>proposal</name><bndbox><xmin>146</xmin><ymin>201</ymin><xmax>367</xmax><ymax>393</ymax></bndbox></object><object><name>proposal</name><bndbox><xmin>135</xmin><ymin>284</ymin><xmax>380</xmax><ymax>348</ymax></bndbox></object><object><name>proposal</name><bndbox><xmin>375</xmin><ymin>433</ymin><xmax>138</xmax><ymax>157</ymax></bndbox></object><object><name>proposal</name><bndbox><xmin>377</xmin><ymin>395</ymin><xmax>110</xmax><ymax>151</ymax></bndbox></object><object><name>proposal</name><bndbox><xmin>312</xmin><ymin>447</ymin><xmax>159</xmax><ymax>76</ymax></bndbox></object><object><name>proposal</name><bndbox><xmin>236</xmin><ymin>287</ymin><xmax>237</xmax><ymax>219</ymax></bndbox></object><object><name>proposal</name><bndbox><xmin>135</xmin><ymin>229</ymin><xmax>426</xmax><ymax>349</ymax></bndbox></object><object><name>proposal</name><bndbox><xmin>379</xmin><ymin>304</ymin><xmax>93</xmax><ymax>110</ymax></bndbox></object><object><name>proposal</name><bndbox><xmin>318</xmin><ymin>287</ymin><xmax>171</xmax><ymax>202</ymax></bndbox></object><object><name>proposal</name><bndbox><xmin>318</xmin><ymin>287</ymin><xmax>168</xmax><ymax>202</ymax></bndbox></object><object><name>proposal</name><bndbox><xmin>100</xmin><ymin>76</ymin><xmax>462</xmax><ymax>540</ymax></bndbox></object><object><name>proposal</name><bndbox><xmin>236</xmin><ymin>342</ymin><xmax>165</xmax><ymax>133</ymax></bndbox></object><object><name>proposal</name><bndbox><xmin>236</xmin><ymin>342</ymin><xmax>165</xmax><ymax>164</ymax></bndbox></object><object><name>proposal</name><bndbox><xmin>341</xmin><ymin>416</ymin><xmax>130</xmax><ymax>107</ymax></bndbox></object><object><name>proposal</name><bndbox><xmin>377</xmin><ymin>378</ymin><xmax>110</xmax><ymax>168</ymax></bndbox></object><object><name>proposal</name><bndbox><xmin>156</xmin><ymin>284</ymin><xmax>357</xmax><ymax>330</ymax></bndbox></object><object><name>proposal</name><bndbox><xmin>379</xmin><ymin>300</ymin><xmax>321</xmax><ymax>299</ymax></bndbox></object><object><name>proposal</name><bndbox><xmin>135</xmin><ymin>268</ymin><xmax>380</xmax><ymax>364</ymax></bndbox></object><object><name>proposal</name><bndbox><xmin>316</xmin><ymin>287</ymin><xmax>157</xmax><ymax>202</ymax></bndbox></object><object><name>proposal</name><bndbox><xmin>341</xmin><ymin>377</ymin><xmax>172</xmax><ymax>213</ymax></bndbox></object><object><name>proposal</name><bndbox><xmin>229</xmin><ymin>201</ymin><xmax>284</xmax><ymax>393</ymax></bndbox></object><object><name>proposal</name><bndbox><xmin>107</xmin><ymin>193</ymin><xmax>455</xmax><ymax>529</ymax></bndbox></object><object><name>proposal</name><bndbox><xmin>370</xmin><ymin>427</ymin><xmax>143</xmax><ymax>168</ymax></bndbox></object><object><name>proposal</name><bndbox><xmin>312</xmin><ymin>392</ymin><xmax>89</xmax><ymax>114</ymax></bndbox></object><object><name>proposal</name><bndbox><xmin>312</xmin><ymin>447</ymin><xmax>159</xmax><ymax>136</ymax></bndbox></object><object><name>proposal</name><bndbox><xmin>135</xmin><ymin>232</ymin><xmax>427</xmax><ymax>400</ymax></bndbox></object><object><name>proposal</name><bndbox><xmin>377</xmin><ymin>395</ymin><xmax>136</xmax><ymax>199</ymax></bndbox></object><object><name>proposal</name><bndbox><xmin>391</xmin><ymin>425</ymin><xmax>125</xmax><ymax>119</ymax></bndbox></object><object><name>proposal</name><bndbox><xmin>156</xmin><ymin>225</ymin><xmax>404</xmax><ymax>389</ymax></bndbox></object><object><name>proposal</name><bndbox><xmin>375</xmin><ymin>433</ymin><xmax>175</xmax><ymax>157</ymax></bndbox></object><object><name>proposal</name><bndbox><xmin>379</xmin><ymin>300</ymin><xmax>197</xmax><ymax>168</ymax></bndbox></object><object><name>proposal</name><bndbox><xmin>100</xmin><ymin>124</ymin><xmax>462</xmax><ymax>492</ymax></bndbox></object><object><name>proposal</name><bndbox><xmin>135</xmin><ymin>229</ymin><xmax>413</xmax><ymax>403</ymax></bndbox></object><object><name>proposal</name><bndbox><xmin>322</xmin><ymin>433</ymin><xmax>191</xmax><ymax>157</ymax></bndbox></object><object><name>proposal</name><bndbox><xmin>379</xmin><ymin>329</ymin><xmax>110</xmax><ymax>139</ymax></bndbox></object><object><name>proposal</name><bndbox><xmin>379</xmin><ymin>329</ymin><xmax>110</xmax><ymax>104</ymax></bndbox></object><object><name>proposal</name><bndbox><xmin>279</xmin><ymin>230</ymin><xmax>281</xmax><ymax>131</ymax></bndbox></object><object><name>proposal</name><bndbox><xmin>236</xmin><ymin>344</ymin><xmax>277</xmax><ymax>246</ymax></bndbox></object><object><name>proposal</name><bndbox><xmin>279</xmin><ymin>230</ymin><xmax>281</xmax><ymax>136</ymax></bndbox></object><object><name>proposal</name><bndbox><xmin>156</xmin><ymin>229</ymin><xmax>392</xmax><ymax>349</ymax></bndbox></object><object><name>proposal</name><bndbox><xmin>182</xmin><ymin>207</ymin><xmax>380</xmax><ymax>409</ymax></bndbox></object><object><name>proposal</name><bndbox><xmin>82</xmin><ymin>230</ymin><xmax>478</xmax><ymax>384</ymax></bndbox></object><object><name>proposal</name><bndbox><xmin>156</xmin><ymin>230</ymin><xmax>404</xmax><ymax>384</ymax></bndbox></object><object><name>proposal</name><bndbox><xmin>82</xmin><ymin>287</ymin><xmax>431</xmax><ymax>346</ymax></bndbox></object><object><name>proposal</name><bndbox><xmin>379</xmin><ymin>300</ymin><xmax>110</xmax><ymax>168</ymax></bndbox></object><object><name>proposal</name><bndbox><xmin>236</xmin><ymin>356</ymin><xmax>277</xmax><ymax>234</ymax></bndbox></object><object><name>proposal</name><bndbox><xmin>279</xmin><ymin>225</ymin><xmax>281</xmax><ymax>141</ymax></bndbox></object><object><name>proposal</name><bndbox><xmin>146</xmin><ymin>285</ymin><xmax>340</xmax><ymax>204</ymax></bndbox></object><object><name>proposal</name><bndbox><xmin>82</xmin><ymin>225</ymin><xmax>478</xmax><ymax>389</ymax></bndbox></object><object><name>proposal</name><bndbox><xmin>259</xmin><ymin>433</ymin><xmax>291</xmax><ymax>157</ymax></bndbox></object><object><name>proposal</name><bndbox><xmin>396</xmin><ymin>300</ymin><xmax>180</xmax><ymax>105</ymax></bndbox></object><object><name>proposal</name><bndbox><xmin>107</xmin><ymin>344</ymin><xmax>406</xmax><ymax>378</ymax></bndbox></object><object><name>proposal</name><bndbox><xmin>370</xmin><ymin>442</ymin><xmax>143</xmax><ymax>153</ymax></bndbox></object><object><name>proposal</name><bndbox><xmin>135</xmin><ymin>229</ymin><xmax>413</xmax><ymax>349</ymax></bndbox></object><object><name>proposal</name><bndbox><xmin>379</xmin><ymin>300</ymin><xmax>289</xmax><ymax>187</ymax></bndbox></object><object><name>proposal</name><bndbox><xmin>156</xmin><ymin>284</ymin><xmax>357</xmax><ymax>349</ymax></bndbox></object><object><name>proposal</name><bndbox><xmin>379</xmin><ymin>304</ymin><xmax>93</xmax><ymax>109</ymax></bndbox></object><object><name>proposal</name><bndbox><xmin>407</xmin><ymin>304</ymin><xmax>261</xmax><ymax>183</ymax></bndbox></object><object><name>proposal</name><bndbox><xmin>369</xmin><ymin>433</ymin><xmax>144</xmax><ymax>157</ymax></bndbox></object><object><name>proposal</name><bndbox><xmin>183</xmin><ymin>267</ymin><xmax>306</xmax><ymax>222</ymax></bndbox></object><object><name>proposal</name><bndbox><xmin>259</xmin><ymin>433</ymin><xmax>254</xmax><ymax>157</ymax></bndbox></object><object><name>proposal</name><bndbox><xmin>135</xmin><ymin>225</ymin><xmax>568</xmax><ymax>408</ymax></bndbox></object><object><name>proposal</name><bndbox><xmin>375</xmin><ymin>377</ymin><xmax>138</xmax><ymax>213</ymax></bndbox></object><object><name>proposal</name><bndbox><xmin>146</xmin><ymin>220</ymin><xmax>416</xmax><ymax>269</ymax></bndbox></object><object><name>proposal</name><bndbox><xmin>229</xmin><ymin>201</ymin><xmax>284</xmax><ymax>321</ymax></bndbox></object><object><name>proposal</name><bndbox><xmin>236</xmin><ymin>287</ymin><xmax>253</xmax><ymax>202</ymax></bndbox></object><object><name>proposal</name><bndbox><xmin>407</xmin><ymin>304</ymin><xmax>156</xmax><ymax>101</ymax></bndbox></object><object><name>proposal</name><bndbox><xmin>135</xmin><ymin>229</ymin><xmax>413</xmax><ymax>365</ymax></bndbox></object><object><name>proposal</name><bndbox><xmin>317</xmin><ymin>447</ymin><xmax>154</xmax><ymax>136</ymax></bndbox></object><object><name>proposal</name><bndbox><xmin>75</xmin><ymin>287</ymin><xmax>438</xmax><ymax>513</ymax></bndbox></object><object><name>proposal</name><bndbox><xmin>183</xmin><ymin>267</ymin><xmax>367</xmax><ymax>323</ymax></bndbox></object><object><name>proposal</name><bndbox><xmin>371</xmin><ymin>395</ymin><xmax>142</xmax><ymax>199</ymax></bndbox></object><object><name>proposal</name><bndbox><xmin>318</xmin><ymin>287</ymin><xmax>155</xmax><ymax>202</ymax></bndbox></object><object><name>proposal</name><bndbox><xmin>221</xmin><ymin>287</ymin><xmax>412</xmax><ymax>513</ymax></bndbox></object></annotation>