<annotation><folder>Proposals</folder><filename>img-185.jpg</filename><size><width>720</width><height>720</height><depth>3</depth></size><object><name>proposal</name><bndbox><xmin>174</xmin><ymin>258</ymin><xmax>283</xmax><ymax>224</ymax></bndbox></object><object><name>proposal</name><bndbox><xmin>291</xmin><ymin>281</ymin><xmax>113</xmax><ymax>183</ymax></bndbox></object><object><name>proposal</name><bndbox><xmin>255</xmin><ymin>437</ymin><xmax>348</xmax><ymax>134</ymax></bndbox></object><object><name>proposal</name><bndbox><xmin>380</xmin><ymin>313</ymin><xmax>152</xmax><ymax>202</ymax></bndbox></object><object><name>proposal</name><bndbox><xmin>381</xmin><ymin>278</ymin><xmax>158</xmax><ymax>104</ymax></bndbox></object><object><name>proposal</name><bndbox><xmin>280</xmin><ymin>293</ymin><xmax>267</xmax><ymax>265</ymax></bndbox></object><object><name>proposal</name><bndbox><xmin>291</xmin><ymin>281</ymin><xmax>162</xmax><ymax>158</ymax></bndbox></object><object><name>proposal</name><bndbox><xmin>316</xmin><ymin>249</ymin><xmax>284</xmax><ymax>207</ymax></bndbox></object><object><name>proposal</name><bndbox><xmin>146</xmin><ymin>279</ymin><xmax>259</xmax><ymax>206</ymax></bndbox></object><object><name>proposal</name><bndbox><xmin>291</xmin><ymin>280</ymin><xmax>245</xmax><ymax>99</ymax></bndbox></object><object><name>proposal</name><bndbox><xmin>199</xmin><ymin>280</ymin><xmax>353</xmax><ymax>136</ymax></bndbox></object><object><name>proposal</name><bndbox><xmin>359</xmin><ymin>352</ymin><xmax>153</xmax><ymax>149</ymax></bndbox></object><object><name>proposal</name><bndbox><xmin>280</xmin><ymin>412</ymin><xmax>222</xmax><ymax>113</ymax></bndbox></object><object><name>proposal</name><bndbox><xmin>359</xmin><ymin>362</ymin><xmax>153</xmax><ymax>139</ymax></bndbox></object><object><name>proposal</name><bndbox><xmin>170</xmin><ymin>278</ymin><xmax>319</xmax><ymax>280</ymax></bndbox></object><object><name>proposal</name><bndbox><xmin>437</xmin><ymin>305</ymin><xmax>193</xmax><ymax>204</ymax></bndbox></object><object><name>proposal</name><bndbox><xmin>267</xmin><ymin>331</ymin><xmax>317</xmax><ymax>186</ymax></bndbox></object><object><name>proposal</name><bndbox><xmin>345</xmin><ymin>258</ymin><xmax>194</xmax><ymax>125</ymax></bndbox></object><object><name>proposal</name><bndbox><xmin>395</xmin><ymin>293</ymin><xmax>207</xmax><ymax>148</ymax></bndbox></object><object><name>proposal</name><bndbox><xmin>307</xmin><ymin>329</ymin><xmax>293</xmax><ymax>200</ymax></bndbox></object><object><name>proposal</name><bndbox><xmin>278</xmin><ymin>419</ymin><xmax>256</xmax><ymax>94</ymax></bndbox></object><object><name>proposal</name><bndbox><xmin>181</xmin><ymin>282</ymin><xmax>419</xmax><ymax>276</ymax></bndbox></object><object><name>proposal</name><bndbox><xmin>419</xmin><ymin>257</ymin><xmax>248</xmax><ymax>286</ymax></bndbox></object><object><name>proposal</name><bndbox><xmin>370</xmin><ymin>306</ymin><xmax>119</xmax><ymax>112</ymax></bndbox></object><object><name>proposal</name><bndbox><xmin>0</xmin><ymin>227</ymin><xmax>552</xmax><ymax>344</ymax></bndbox></object><object><name>proposal</name><bndbox><xmin>279</xmin><ymin>443</ymin><xmax>194</xmax><ymax>84</ymax></bndbox></object><object><name>proposal</name><bndbox><xmin>387</xmin><ymin>288</ymin><xmax>280</xmax><ymax>144</ymax></bndbox></object><object><name>proposal</name><bndbox><xmin>308</xmin><ymin>351</ymin><xmax>149</xmax><ymax>89</ymax></bndbox></object><object><name>proposal</name><bndbox><xmin>279</xmin><ymin>419</ymin><xmax>255</xmax><ymax>94</ymax></bndbox></object><object><name>proposal</name><bndbox><xmin>285</xmin><ymin>300</ymin><xmax>160</xmax><ymax>277</ymax></bndbox></object><object><name>proposal</name><bndbox><xmin>291</xmin><ymin>250</ymin><xmax>245</xmax><ymax>164</ymax></bndbox></object><object><name>proposal</name><bndbox><xmin>255</xmin><ymin>412</ymin><xmax>348</xmax><ymax>159</ymax></bndbox></object><object><name>proposal</name><bndbox><xmin>301</xmin><ymin>362</ymin><xmax>156</xmax><ymax>88</ymax></bndbox></object><object><name>proposal</name><bndbox><xmin>337</xmin><ymin>390</ymin><xmax>136</xmax><ymax>158</ymax></bndbox></object><object><name>proposal</name><bndbox><xmin>264</xmin><ymin>331</ymin><xmax>307</xmax><ymax>191</ymax></bndbox></object><object><name>proposal</name><bndbox><xmin>249</xmin><ymin>412</ymin><xmax>253</xmax><ymax>246</ymax></bndbox></object><object><name>proposal</name><bndbox><xmin>264</xmin><ymin>282</ymin><xmax>307</xmax><ymax>240</ymax></bndbox></object><object><name>proposal</name><bndbox><xmin>272</xmin><ymin>340</ymin><xmax>199</xmax><ymax>99</ymax></bndbox></object><object><name>proposal</name><bndbox><xmin>387</xmin><ymin>271</ymin><xmax>152</xmax><ymax>111</ymax></bndbox></object><object><name>proposal</name><bndbox><xmin>174</xmin><ymin>308</ymin><xmax>230</xmax><ymax>162</ymax></bndbox></object><object><name>proposal</name><bndbox><xmin>191</xmin><ymin>267</ymin><xmax>353</xmax><ymax>200</ymax></bndbox></object><object><name>proposal</name><bndbox><xmin>171</xmin><ymin>289</ymin><xmax>234</xmax><ymax>178</ymax></bndbox></object><object><name>proposal</name><bndbox><xmin>267</xmin><ymin>282</ymin><xmax>305</xmax><ymax>244</ymax></bndbox></object><object><name>proposal</name><bndbox><xmin>384</xmin><ymin>351</ymin><xmax>168</xmax><ymax>94</ymax></bndbox></object><object><name>proposal</name><bndbox><xmin>291</xmin><ymin>280</ymin><xmax>245</xmax><ymax>134</ymax></bndbox></object><object><name>proposal</name><bndbox><xmin>170</xmin><ymin>281</ymin><xmax>462</xmax><ymax>309</ymax></bndbox></object><object><name>proposal</name><bndbox><xmin>405</xmin><ymin>293</ymin><xmax>139</xmax><ymax>123</ymax></bndbox></object><object><name>proposal</name><bndbox><xmin>425</xmin><ymin>367</ymin><xmax>113</xmax><ymax>176</ymax></bndbox></object><object><name>proposal</name><bndbox><xmin>255</xmin><ymin>443</ymin><xmax>218</xmax><ymax>151</ymax></bndbox></object><object><name>proposal</name><bndbox><xmin>255</xmin><ymin>271</ymin><xmax>376</xmax><ymax>287</ymax></bndbox></object><object><name>proposal</name><bndbox><xmin>345</xmin><ymin>291</ymin><xmax>218</xmax><ymax>212</ymax></bndbox></object><object><name>proposal</name><bndbox><xmin>367</xmin><ymin>315</ymin><xmax>174</xmax><ymax>191</ymax></bndbox></object><object><name>proposal</name><bndbox><xmin>387</xmin><ymin>389</ymin><xmax>154</xmax><ymax>130</ymax></bndbox></object><object><name>proposal</name><bndbox><xmin>170</xmin><ymin>281</ymin><xmax>234</xmax><ymax>186</ymax></bndbox></object><object><name>proposal</name><bndbox><xmin>280</xmin><ymin>293</ymin><xmax>323</xmax><ymax>265</ymax></bndbox></object><object><name>proposal</name><bndbox><xmin>265</xmin><ymin>313</ymin><xmax>341</xmax><ymax>208</ymax></bndbox></object><object><name>proposal</name><bndbox><xmin>171</xmin><ymin>282</ymin><xmax>233</xmax><ymax>185</ymax></bndbox></object><object><name>proposal</name><bndbox><xmin>359</xmin><ymin>394</ymin><xmax>128</xmax><ymax>110</ymax></bndbox></object><object><name>proposal</name><bndbox><xmin>199</xmin><ymin>258</ymin><xmax>339</xmax><ymax>190</ymax></bndbox></object><object><name>proposal</name><bndbox><xmin>218</xmin><ymin>218</ymin><xmax>464</xmax><ymax>582</ymax></bndbox></object><object><name>proposal</name><bndbox><xmin>430</xmin><ymin>391</ymin><xmax>121</xmax><ymax>113</ymax></bndbox></object><object><name>proposal</name><bndbox><xmin>278</xmin><ymin>391</ymin><xmax>251</xmax><ymax>116</ymax></bndbox></object><object><name>proposal</name><bndbox><xmin>181</xmin><ymin>278</ymin><xmax>223</xmax><ymax>192</ymax></bndbox></object><object><name>proposal</name><bndbox><xmin>171</xmin><ymin>249</ymin><xmax>464</xmax><ymax>317</ymax></bndbox></object><object><name>proposal</name><bndbox><xmin>171</xmin><ymin>282</ymin><xmax>233</xmax><ymax>188</ymax></bndbox></object><object><name>proposal</name><bndbox><xmin>380</xmin><ymin>257</ymin><xmax>184</xmax><ymax>127</ymax></bndbox></object><object><name>proposal</name><bndbox><xmin>255</xmin><ymin>250</ymin><xmax>281</xmax><ymax>338</ymax></bndbox></object><object><name>proposal</name><bndbox><xmin>285</xmin><ymin>300</ymin><xmax>119</xmax><ymax>195</ymax></bndbox></object><object><name>proposal</name><bndbox><xmin>174</xmin><ymin>227</ymin><xmax>426</xmax><ymax>258</ymax></bndbox></object><object><name>proposal</name><bndbox><xmin>367</xmin><ymin>336</ymin><xmax>162</xmax><ymax>129</ymax></bndbox></object><object><name>proposal</name><bndbox><xmin>367</xmin><ymin>227</ymin><xmax>188</xmax><ymax>295</ymax></bndbox></object><object><name>proposal</name><bndbox><xmin>407</xmin><ymin>340</ymin><xmax>199</xmax><ymax>181</ymax></bndbox></object><object><name>proposal</name><bndbox><xmin>170</xmin><ymin>281</ymin><xmax>234</xmax><ymax>189</ymax></bndbox></object><object><name>proposal</name><bndbox><xmin>261</xmin><ymin>313</ymin><xmax>290</xmax><ymax>245</ymax></bndbox></object><object><name>proposal</name><bndbox><xmin>370</xmin><ymin>218</ymin><xmax>194</xmax><ymax>200</ymax></bndbox></object><object><name>proposal</name><bndbox><xmin>310</xmin><ymin>294</ymin><xmax>290</xmax><ymax>219</ymax></bndbox></object><object><name>proposal</name><bndbox><xmin>273</xmin><ymin>282</ymin><xmax>328</xmax><ymax>251</ymax></bndbox></object><object><name>proposal</name><bndbox><xmin>255</xmin><ymin>337</ymin><xmax>347</xmax><ymax>221</ymax></bndbox></object><object><name>proposal</name><bndbox><xmin>255</xmin><ymin>462</ymin><xmax>264</xmax><ymax>104</ymax></bndbox></object><object><name>proposal</name><bndbox><xmin>367</xmin><ymin>336</ymin><xmax>162</xmax><ymax>170</ymax></bndbox></object><object><name>proposal</name><bndbox><xmin>171</xmin><ymin>278</ymin><xmax>233</xmax><ymax>193</ymax></bndbox></object><object><name>proposal</name><bndbox><xmin>375</xmin><ymin>315</ymin><xmax>177</xmax><ymax>116</ymax></bndbox></object><object><name>proposal</name><bndbox><xmin>252</xmin><ymin>280</ymin><xmax>153</xmax><ymax>168</ymax></bndbox></object><object><name>proposal</name><bndbox><xmin>190</xmin><ymin>280</ymin><xmax>251</xmax><ymax>187</ymax></bndbox></object><object><name>proposal</name><bndbox><xmin>255</xmin><ymin>294</ymin><xmax>351</xmax><ymax>294</ymax></bndbox></object><object><name>proposal</name><bndbox><xmin>170</xmin><ymin>281</ymin><xmax>234</xmax><ymax>190</ymax></bndbox></object><object><name>proposal</name><bndbox><xmin>218</xmin><ymin>390</ymin><xmax>314</xmax><ymax>410</ymax></bndbox></object><object><name>proposal</name><bndbox><xmin>375</xmin><ymin>271</ymin><xmax>257</xmax><ymax>187</ymax></bndbox></object><object><name>proposal</name><bndbox><xmin>174</xmin><ymin>280</ymin><xmax>299</xmax><ymax>314</ymax></bndbox></object><object><name>proposal</name><bndbox><xmin>285</xmin><ymin>300</ymin><xmax>152</xmax><ymax>277</ymax></bndbox></object><object><name>proposal</name><bndbox><xmin>359</xmin><ymin>394</ymin><xmax>187</xmax><ymax>110</ymax></bndbox></object><object><name>proposal</name><bndbox><xmin>311</xmin><ymin>342</ymin><xmax>142</xmax><ymax>106</ymax></bndbox></object><object><name>proposal</name><bndbox><xmin>380</xmin><ymin>315</ymin><xmax>148</xmax><ymax>94</ymax></bndbox></object><object><name>proposal</name><bndbox><xmin>174</xmin><ymin>280</ymin><xmax>378</xmax><ymax>264</ymax></bndbox></object><object><name>proposal</name><bndbox><xmin>380</xmin><ymin>340</ymin><xmax>166</xmax><ymax>102</ymax></bndbox></object><object><name>proposal</name><bndbox><xmin>387</xmin><ymin>298</ymin><xmax>216</xmax><ymax>162</ymax></bndbox></object><object><name>proposal</name><bndbox><xmin>255</xmin><ymin>271</ymin><xmax>375</xmax><ymax>287</ymax></bndbox></object><object><name>proposal</name><bndbox><xmin>255</xmin><ymin>394</ymin><xmax>213</xmax><ymax>159</ymax></bndbox></object><object><name>proposal</name><bndbox><xmin>255</xmin><ymin>280</ymin><xmax>375</xmax><ymax>278</ymax></bndbox></object><object><name>proposal</name><bndbox><xmin>455</xmin><ymin>373</ymin><xmax>80</xmax><ymax>146</ymax></bndbox></object><object><name>proposal</name><bndbox><xmin>261</xmin><ymin>313</ymin><xmax>342</xmax><ymax>245</ymax></bndbox></object><object><name>proposal</name><bndbox><xmin>359</xmin><ymin>394</ymin><xmax>109</xmax><ymax>107</ymax></bndbox></object><object><name>proposal</name><bndbox><xmin>268</xmin><ymin>432</ymin><xmax>321</xmax><ymax>220</ymax></bndbox></object><object><name>proposal</name><bndbox><xmin>289</xmin><ymin>334</ymin><xmax>256</xmax><ymax>182</ymax></bndbox></object><object><name>proposal</name><bndbox><xmin>337</xmin><ymin>412</ymin><xmax>282</xmax><ymax>179</ymax></bndbox></object><object><name>proposal</name><bndbox><xmin>408</xmin><ymin>297</ymin><xmax>195</xmax><ymax>163</ymax></bndbox></object><object><name>proposal</name><bndbox><xmin>359</xmin><ymin>419</ymin><xmax>138</xmax><ymax>96</ymax></bndbox></object><object><name>proposal</name><bndbox><xmin>272</xmin><ymin>358</ymin><xmax>132</xmax><ymax>105</ymax></bndbox></object><object><name>proposal</name><bndbox><xmin>310</xmin><ymin>281</ymin><xmax>196</xmax><ymax>238</ymax></bndbox></object><object><name>proposal</name><bndbox><xmin>387</xmin><ymin>288</ymin><xmax>147</xmax><ymax>94</ymax></bndbox></object><object><name>proposal</name><bndbox><xmin>381</xmin><ymin>293</ymin><xmax>153</xmax><ymax>119</ymax></bndbox></object><object><name>proposal</name><bndbox><xmin>415</xmin><ymin>391</ymin><xmax>136</xmax><ymax>113</ymax></bndbox></object><object><name>proposal</name><bndbox><xmin>370</xmin><ymin>218</ymin><xmax>312</xmax><ymax>325</ymax></bndbox></object><object><name>proposal</name><bndbox><xmin>367</xmin><ymin>336</ymin><xmax>162</xmax><ymax>145</ymax></bndbox></object><object><name>proposal</name><bndbox><xmin>170</xmin><ymin>358</ymin><xmax>256</xmax><ymax>110</ymax></bndbox></object><object><name>proposal</name><bndbox><xmin>437</xmin><ymin>371</ymin><xmax>114</xmax><ymax>148</ymax></bndbox></object><object><name>proposal</name><bndbox><xmin>174</xmin><ymin>280</ymin><xmax>345</xmax><ymax>263</ymax></bndbox></object><object><name>proposal</name><bndbox><xmin>337</xmin><ymin>340</ymin><xmax>156</xmax><ymax>208</ymax></bndbox></object><object><name>proposal</name><bndbox><xmin>369</xmin><ymin>293</ymin><xmax>164</xmax><ymax>97</ymax></bndbox></object><object><name>proposal</name><bndbox><xmin>174</xmin><ymin>281</ymin><xmax>367</xmax><ymax>244</ymax></bndbox></object><object><name>proposal</name><bndbox><xmin>300</xmin><ymin>351</ymin><xmax>141</xmax><ymax>112</ymax></bndbox></object><object><name>proposal</name><bndbox><xmin>344</xmin><ymin>249</ymin><xmax>195</xmax><ymax>134</ymax></bndbox></object><object><name>proposal</name><bndbox><xmin>289</xmin><ymin>368</ymin><xmax>256</xmax><ymax>138</ymax></bndbox></object><object><name>proposal</name><bndbox><xmin>199</xmin><ymin>268</ymin><xmax>431</xmax><ymax>277</ymax></bndbox></object><object><name>proposal</name><bndbox><xmin>273</xmin><ymin>282</ymin><xmax>260</xmax><ymax>127</ymax></bndbox></object><object><name>proposal</name><bndbox><xmin>367</xmin><ymin>315</ymin><xmax>171</xmax><ymax>101</ymax></bndbox></object><object><name>proposal</name><bndbox><xmin>265</xmin><ymin>338</ymin><xmax>272</xmax><ymax>184</ymax></bndbox></object><object><name>proposal</name><bndbox><xmin>0</xmin><ymin>151</ymin><xmax>603</xmax><ymax>412</ymax></bndbox></object><object><name>proposal</name><bndbox><xmin>422</xmin><ymin>395</ymin><xmax>124</xmax><ymax>126</ymax></bndbox></object><object><name>proposal</name><bndbox><xmin>252</xmin><ymin>283</ymin><xmax>221</xmax><ymax>258</ymax></bndbox></object><object><name>proposal</name><bndbox><xmin>264</xmin><ymin>331</ymin><xmax>320</xmax><ymax>191</ymax></bndbox></object><object><name>proposal</name><bndbox><xmin>171</xmin><ymin>289</ymin><xmax>234</xmax><ymax>156</ymax></bndbox></object><object><name>proposal</name><bndbox><xmin>170</xmin><ymin>278</ymin><xmax>336</xmax><ymax>280</ymax></bndbox></object><object><name>proposal</name><bndbox><xmin>71</xmin><ymin>250</ymin><xmax>558</xmax><ymax>187</ymax></bndbox></object><object><name>proposal</name><bndbox><xmin>171</xmin><ymin>282</ymin><xmax>319</xmax><ymax>271</ymax></bndbox></object><object><name>proposal</name><bndbox><xmin>359</xmin><ymin>390</ymin><xmax>153</xmax><ymax>111</ymax></bndbox></object><object><name>proposal</name><bndbox><xmin>278</xmin><ymin>272</ymin><xmax>127</xmax><ymax>176</ymax></bndbox></object><object><name>proposal</name><bndbox><xmin>214</xmin><ymin>282</ymin><xmax>386</xmax><ymax>262</ymax></bndbox></object><object><name>proposal</name><bndbox><xmin>255</xmin><ymin>313</ymin><xmax>290</xmax><ymax>253</ymax></bndbox></object><object><name>proposal</name><bndbox><xmin>255</xmin><ymin>278</ymin><xmax>376</xmax><ymax>280</ymax></bndbox></object><object><name>proposal</name><bndbox><xmin>367</xmin><ymin>315</ymin><xmax>162</xmax><ymax>191</ymax></bndbox></object><object><name>proposal</name><bndbox><xmin>415</xmin><ymin>391</ymin><xmax>120</xmax><ymax>128</ymax></bndbox></object><object><name>proposal</name><bndbox><xmin>393</xmin><ymin>271</ymin><xmax>239</xmax><ymax>248</ymax></bndbox></object><object><name>proposal</name><bndbox><xmin>345</xmin><ymin>258</ymin><xmax>285</xmax><ymax>251</ymax></bndbox></object><object><name>proposal</name><bndbox><xmin>296</xmin><ymin>282</ymin><xmax>305</xmax><ymax>251</ymax></bndbox></object><object><name>proposal</name><bndbox><xmin>0</xmin><ymin>299</ymin><xmax>555</xmax><ymax>501</ymax></bndbox></object><object><name>proposal</name><bndbox><xmin>267</xmin><ymin>306</ymin><xmax>317</xmax><ymax>211</ymax></bndbox></object><object><name>proposal</name><bndbox><xmin>406</xmin><ymin>293</ymin><xmax>196</xmax><ymax>148</ymax></bndbox></object><object><name>proposal</name><bndbox><xmin>281</xmin><ymin>329</ymin><xmax>319</xmax><ymax>215</ymax></bndbox></object><object><name>proposal</name><bndbox><xmin>255</xmin><ymin>278</ymin><xmax>347</xmax><ymax>280</ymax></bndbox></object><object><name>proposal</name><bndbox><xmin>279</xmin><ymin>437</ymin><xmax>194</xmax><ymax>90</ymax></bndbox></object><object><name>proposal</name><bndbox><xmin>286</xmin><ymin>282</ymin><xmax>285</xmax><ymax>235</ymax></bndbox></object><object><name>proposal</name><bndbox><xmin>289</xmin><ymin>281</ymin><xmax>217</xmax><ymax>264</ymax></bndbox></object><object><name>proposal</name><bndbox><xmin>345</xmin><ymin>264</ymin><xmax>200</xmax><ymax>119</ymax></bndbox></object><object><name>proposal</name><bndbox><xmin>288</xmin><ymin>418</ymin><xmax>166</xmax><ymax>86</ymax></bndbox></object><object><name>proposal</name><bndbox><xmin>261</xmin><ymin>394</ymin><xmax>206</xmax><ymax>164</ymax></bndbox></object><object><name>proposal</name><bndbox><xmin>273</xmin><ymin>342</ymin><xmax>279</xmax><ymax>123</ymax></bndbox></object><object><name>proposal</name><bndbox><xmin>171</xmin><ymin>278</ymin><xmax>235</xmax><ymax>193</ymax></bndbox></object><object><name>proposal</name><bndbox><xmin>288</xmin><ymin>299</ymin><xmax>379</xmax><ymax>267</ymax></bndbox></object><object><name>proposal</name><bndbox><xmin>181</xmin><ymin>278</ymin><xmax>225</xmax><ymax>192</ymax></bndbox></object><object><name>proposal</name><bndbox><xmin>375</xmin><ymin>315</ymin><xmax>257</xmax><ymax>143</ymax></bndbox></object><object><name>proposal</name><bndbox><xmin>359</xmin><ymin>394</ymin><xmax>109</xmax><ymax>111</ymax></bndbox></object><object><name>proposal</name><bndbox><xmin>405</xmin><ymin>305</ymin><xmax>137</xmax><ymax>111</ymax></bndbox></object><object><name>proposal</name><bndbox><xmin>410</xmin><ymin>390</ymin><xmax>131</xmax><ymax>132</ymax></bndbox></object><object><name>proposal</name><bndbox><xmin>301</xmin><ymin>250</ymin><xmax>272</xmax><ymax>200</ymax></bndbox></object><object><name>proposal</name><bndbox><xmin>409</xmin><ymin>374</ymin><xmax>146</xmax><ymax>141</ymax></bndbox></object><object><name>proposal</name><bndbox><xmin>255</xmin><ymin>257</ymin><xmax>412</xmax><ymax>309</ymax></bndbox></object><object><name>proposal</name><bndbox><xmin>301</xmin><ymin>282</ymin><xmax>299</xmax><ymax>247</ymax></bndbox></object><object><name>proposal</name><bndbox><xmin>406</xmin><ymin>293</ymin><xmax>127</xmax><ymax>116</ymax></bndbox></object><object><name>proposal</name><bndbox><xmin>387</xmin><ymin>294</ymin><xmax>276</xmax><ymax>168</ymax></bndbox></object><object><name>proposal</name><bndbox><xmin>409</xmin><ymin>374</ymin><xmax>103</xmax><ymax>116</ymax></bndbox></object><object><name>proposal</name><bndbox><xmin>174</xmin><ymin>257</ymin><xmax>493</xmax><ymax>309</ymax></bndbox></object><object><name>proposal</name><bndbox><xmin>336</xmin><ymin>218</ymin><xmax>346</xmax><ymax>330</ymax></bndbox></object><object><name>proposal</name><bndbox><xmin>255</xmin><ymin>419</ymin><xmax>189</xmax><ymax>111</ymax></bndbox></object><object><name>proposal</name><bndbox><xmin>261</xmin><ymin>294</ymin><xmax>339</xmax><ymax>264</ymax></bndbox></object><object><name>proposal</name><bndbox><xmin>320</xmin><ymin>342</ymin><xmax>114</xmax><ymax>106</ymax></bndbox></object><object><name>proposal</name><bndbox><xmin>387</xmin><ymin>292</ymin><xmax>216</xmax><ymax>168</ymax></bndbox></object><object><name>proposal</name><bndbox><xmin>290</xmin><ymin>365</ymin><xmax>114</xmax><ymax>128</ymax></bndbox></object><object><name>proposal</name><bndbox><xmin>171</xmin><ymin>282</ymin><xmax>431</xmax><ymax>271</ymax></bndbox></object><object><name>proposal</name><bndbox><xmin>375</xmin><ymin>297</ymin><xmax>164</xmax><ymax>163</ymax></bndbox></object><object><name>proposal</name><bndbox><xmin>0</xmin><ymin>169</ymin><xmax>632</xmax><ymax>421</ymax></bndbox></object><object><name>proposal</name><bndbox><xmin>308</xmin><ymin>313</ymin><xmax>125</xmax><ymax>126</ymax></bndbox></object><object><name>proposal</name><bndbox><xmin>170</xmin><ymin>373</ymin><xmax>275</xmax><ymax>217</ymax></bndbox></object><object><name>proposal</name><bndbox><xmin>375</xmin><ymin>278</ymin><xmax>164</xmax><ymax>104</ymax></bndbox></object><object><name>proposal</name><bndbox><xmin>265</xmin><ymin>282</ymin><xmax>337</xmax><ymax>269</ymax></bndbox></object><object><name>proposal</name><bndbox><xmin>0</xmin><ymin>299</ymin><xmax>555</xmax><ymax>350</ymax></bndbox></object><object><name>proposal</name><bndbox><xmin>265</xmin><ymin>342</ymin><xmax>169</xmax><ymax>159</ymax></bndbox></object><object><name>proposal</name><bndbox><xmin>278</xmin><ymin>315</ymin><xmax>260</xmax><ymax>198</ymax></bndbox></object><object><name>proposal</name><bndbox><xmin>428</xmin><ymin>279</ymin><xmax>175</xmax><ymax>229</ymax></bndbox></object><object><name>proposal</name><bndbox><xmin>288</xmin><ymin>329</ymin><xmax>312</xmax><ymax>215</ymax></bndbox></object><object><name>proposal</name><bndbox><xmin>291</xmin><ymin>300</ymin><xmax>150</xmax><ymax>78</ymax></bndbox></object><object><name>proposal</name><bndbox><xmin>171</xmin><ymin>249</ymin><xmax>464</xmax><ymax>207</ymax></bndbox></object><object><name>proposal</name><bndbox><xmin>265</xmin><ymin>394</ymin><xmax>242</xmax><ymax>119</ymax></bndbox></object><object><name>proposal</name><bndbox><xmin>301</xmin><ymin>391</ymin><xmax>160</xmax><ymax>75</ymax></bndbox></object><object><name>proposal</name><bndbox><xmin>408</xmin><ymin>297</ymin><xmax>131</xmax><ymax>163</ymax></bndbox></object><object><name>proposal</name><bndbox><xmin>267</xmin><ymin>282</ymin><xmax>305</xmax><ymax>235</ymax></bndbox></object><object><name>proposal</name><bndbox><xmin>171</xmin><ymin>289</ymin><xmax>234</xmax><ymax>183</ymax></bndbox></object><object><name>proposal</name><bndbox><xmin>255</xmin><ymin>337</ymin><xmax>376</xmax><ymax>221</ymax></bndbox></object><object><name>proposal</name><bndbox><xmin>267</xmin><ymin>282</ymin><xmax>317</xmax><ymax>235</ymax></bndbox></object><object><name>proposal</name><bndbox><xmin>369</xmin><ymin>293</ymin><xmax>233</xmax><ymax>226</ymax></bndbox></object><object><name>proposal</name><bndbox><xmin>171</xmin><ymin>282</ymin><xmax>235</xmax><ymax>189</ymax></bndbox></object><object><name>proposal</name><bndbox><xmin>190</xmin><ymin>250</ymin><xmax>413</xmax><ymax>308</ymax></bndbox></object><object><name>proposal</name><bndbox><xmin>190</xmin><ymin>280</ymin><xmax>263</xmax><ymax>190</ymax></bndbox></object><object><name>proposal</name><bndbox><xmin>170</xmin><ymin>278</ymin><xmax>234</xmax><ymax>189</ymax></bndbox></object><object><name>proposal</name><bndbox><xmin>199</xmin><ymin>249</ymin><xmax>346</xmax><ymax>134</ymax></bndbox></object><object><name>proposal</name><bndbox><xmin>387</xmin><ymin>305</ymin><xmax>152</xmax><ymax>105</ymax></bndbox></object><object><name>proposal</name><bndbox><xmin>289</xmin><ymin>249</ymin><xmax>256</xmax><ymax>257</ymax></bndbox></object><object><name>proposal</name><bndbox><xmin>380</xmin><ymin>293</ymin><xmax>172</xmax><ymax>172</ymax></bndbox></object><object><name>proposal</name><bndbox><xmin>408</xmin><ymin>293</ymin><xmax>121</xmax><ymax>116</ymax></bndbox></object><object><name>proposal</name><bndbox><xmin>252</xmin><ymin>280</ymin><xmax>153</xmax><ymax>186</ymax></bndbox></object><object><name>proposal</name><bndbox><xmin>380</xmin><ymin>315</ymin><xmax>159</xmax><ymax>94</ymax></bndbox></object><object><name>proposal</name><bndbox><xmin>255</xmin><ymin>402</ymin><xmax>251</xmax><ymax>156</ymax></bndbox></object><object><name>proposal</name><bndbox><xmin>345</xmin><ymin>338</ymin><xmax>192</xmax><ymax>163</ymax></bndbox></object><object><name>proposal</name><bndbox><xmin>344</xmin><ymin>249</ymin><xmax>201</xmax><ymax>134</ymax></bndbox></object><object><name>proposal</name><bndbox><xmin>265</xmin><ymin>394</ymin><xmax>222</xmax><ymax>110</ymax></bndbox></object><object><name>proposal</name><bndbox><xmin>278</xmin><ymin>280</ymin><xmax>256</xmax><ymax>233</ymax></bndbox></object><object><name>proposal</name><bndbox><xmin>229</xmin><ymin>412</ymin><xmax>216</xmax><ymax>82</ymax></bndbox></object><object><name>proposal</name><bndbox><xmin>279</xmin><ymin>413</ymin><xmax>227</xmax><ymax>91</ymax></bndbox></object><object><name>proposal</name><bndbox><xmin>345</xmin><ymin>268</ymin><xmax>200</xmax><ymax>115</ymax></bndbox></object><object><name>proposal</name><bndbox><xmin>380</xmin><ymin>271</ymin><xmax>164</xmax><ymax>140</ymax></bndbox></object><object><name>proposal</name><bndbox><xmin>199</xmin><ymin>250</ymin><xmax>337</xmax><ymax>145</ymax></bndbox></object><object><name>proposal</name><bndbox><xmin>190</xmin><ymin>250</ymin><xmax>303</xmax><ymax>220</ymax></bndbox></object><object><name>proposal</name><bndbox><xmin>174</xmin><ymin>351</ymin><xmax>358</xmax><ymax>176</ymax></bndbox></object><object><name>proposal</name><bndbox><xmin>310</xmin><ymin>313</ymin><xmax>236</xmax><ymax>200</ymax></bndbox></object><object><name>proposal</name><bndbox><xmin>437</xmin><ymin>280</ymin><xmax>245</xmax><ymax>229</ymax></bndbox></object><object><name>proposal</name><bndbox><xmin>279</xmin><ymin>443</ymin><xmax>228</xmax><ymax>61</ymax></bndbox></object><object><name>proposal</name><bndbox><xmin>336</xmin><ymin>317</ymin><xmax>327</xmax><ymax>231</ymax></bndbox></object><object><name>proposal</name><bndbox><xmin>252</xmin><ymin>280</ymin><xmax>221</xmax><ymax>314</ymax></bndbox></object><object><name>proposal</name><bndbox><xmin>387</xmin><ymin>294</ymin><xmax>276</xmax><ymax>167</ymax></bndbox></object><object><name>proposal</name><bndbox><xmin>278</xmin><ymin>315</ymin><xmax>274</xmax><ymax>198</ymax></bndbox></object><object><name>proposal</name><bndbox><xmin>311</xmin><ymin>282</ymin><xmax>107</xmax><ymax>166</ymax></bndbox></object><object><name>proposal</name><bndbox><xmin>425</xmin><ymin>415</ymin><xmax>144</xmax><ymax>128</ymax></bndbox></object><object><name>proposal</name><bndbox><xmin>170</xmin><ymin>271</ymin><xmax>369</xmax><ymax>200</ymax></bndbox></object><object><name>proposal</name><bndbox><xmin>380</xmin><ymin>340</ymin><xmax>220</xmax><ymax>102</ymax></bndbox></object><object><name>proposal</name><bndbox><xmin>279</xmin><ymin>412</ymin><xmax>227</xmax><ymax>92</ymax></bndbox></object><object><name>proposal</name><bndbox><xmin>0</xmin><ymin>174</ymin><xmax>493</xmax><ymax>324</ymax></bndbox></object><object><name>proposal</name><bndbox><xmin>265</xmin><ymin>339</ymin><xmax>267</xmax><ymax>183</ymax></bndbox></object><object><name>proposal</name><bndbox><xmin>190</xmin><ymin>280</ymin><xmax>316</xmax><ymax>278</ymax></bndbox></object><object><name>proposal</name><bndbox><xmin>265</xmin><ymin>339</ymin><xmax>169</xmax><ymax>162</ymax></bndbox></object><object><name>proposal</name><bndbox><xmin>380</xmin><ymin>293</ymin><xmax>158</xmax><ymax>119</ymax></bndbox></object><object><name>proposal</name><bndbox><xmin>370</xmin><ymin>313</ymin><xmax>181</xmax><ymax>189</ymax></bndbox></object><object><name>proposal</name><bndbox><xmin>278</xmin><ymin>391</ymin><xmax>251</xmax><ymax>122</ymax></bndbox></object><object><name>proposal</name><bndbox><xmin>359</xmin><ymin>339</ymin><xmax>153</xmax><ymax>162</ymax></bndbox></object><object><name>proposal</name><bndbox><xmin>290</xmin><ymin>331</ymin><xmax>281</xmax><ymax>186</ymax></bndbox></object><object><name>proposal</name><bndbox><xmin>265</xmin><ymin>329</ymin><xmax>286</xmax><ymax>222</ymax></bndbox></object><object><name>proposal</name><bndbox><xmin>261</xmin><ymin>313</ymin><xmax>206</xmax><ymax>245</ymax></bndbox></object><object><name>proposal</name><bndbox><xmin>252</xmin><ymin>250</ymin><xmax>241</xmax><ymax>291</ymax></bndbox></object><object><name>proposal</name><bndbox><xmin>419</xmin><ymin>373</ymin><xmax>120</xmax><ymax>131</ymax></bndbox></object><object><name>proposal</name><bndbox><xmin>380</xmin><ymin>334</ymin><xmax>152</xmax><ymax>120</ymax></bndbox></object><object><name>proposal</name><bndbox><xmin>424</xmin><ymin>279</ymin><xmax>176</xmax><ymax>206</ymax></bndbox></object><object><name>proposal</name><bndbox><xmin>408</xmin><ymin>342</ymin><xmax>224</xmax><ymax>177</ymax></bndbox></object><object><name>proposal</name><bndbox><xmin>267</xmin><ymin>258</ymin><xmax>415</xmax><ymax>287</ymax></bndbox></object><object><name>proposal</name><bndbox><xmin>291</xmin><ymin>250</ymin><xmax>245</xmax><ymax>129</ymax></bndbox></object><object><name>proposal</name><bndbox><xmin>255</xmin><ymin>271</ymin><xmax>347</xmax><ymax>287</ymax></bndbox></object><object><name>proposal</name><bndbox><xmin>174</xmin><ymin>365</ymin><xmax>283</xmax><ymax>117</ymax></bndbox></object><object><name>proposal</name><bndbox><xmin>375</xmin><ymin>297</ymin><xmax>228</xmax><ymax>163</ymax></bndbox></object><object><name>proposal</name><bndbox><xmin>280</xmin><ymin>282</ymin><xmax>320</xmax><ymax>247</ymax></bndbox></object><object><name>proposal</name><bndbox><xmin>174</xmin><ymin>340</ymin><xmax>432</xmax><ymax>213</ymax></bndbox></object><object><name>proposal</name><bndbox><xmin>165</xmin><ymin>340</ymin><xmax>328</xmax><ymax>208</ymax></bndbox></object><object><name>proposal</name><bndbox><xmin>375</xmin><ymin>313</ymin><xmax>176</xmax><ymax>189</ymax></bndbox></object><object><name>proposal</name><bndbox><xmin>214</xmin><ymin>282</ymin><xmax>386</xmax><ymax>247</ymax></bndbox></object><object><name>proposal</name><bndbox><xmin>367</xmin><ymin>313</ymin><xmax>90</xmax><ymax>127</ymax></bndbox></object><object><name>proposal</name><bndbox><xmin>174</xmin><ymin>272</ymin><xmax>289</xmax><ymax>176</ymax></bndbox></object><object><name>proposal</name><bndbox><xmin>190</xmin><ymin>250</ymin><xmax>413</xmax><ymax>217</ymax></bndbox></object><object><name>proposal</name><bndbox><xmin>288</xmin><ymin>313</ymin><xmax>169</xmax><ymax>191</ymax></bndbox></object><object><name>proposal</name><bndbox><xmin>350</xmin><ymin>340</ymin><xmax>143</xmax><ymax>108</ymax></bndbox></object><object><name>proposal</name><bndbox><xmin>265</xmin><ymin>282</ymin><xmax>335</xmax><ymax>262</ymax></bndbox></object><object><name>proposal</name><bndbox><xmin>341</xmin><ymin>291</ymin><xmax>222</xmax><ymax>224</ymax></bndbox></object><object><name>proposal</name><bndbox><xmin>171</xmin><ymin>271</ymin><xmax>431</xmax><ymax>287</ymax></bndbox></object><object><name>proposal</name><bndbox><xmin>181</xmin><ymin>278</ymin><xmax>419</xmax><ymax>280</ymax></bndbox></object><object><name>proposal</name><bndbox><xmin>424</xmin><ymin>373</ymin><xmax>127</xmax><ymax>146</ymax></bndbox></object><object><name>proposal</name><bndbox><xmin>181</xmin><ymin>282</ymin><xmax>223</xmax><ymax>185</ymax></bndbox></object><object><name>proposal</name><bndbox><xmin>336</xmin><ymin>415</ymin><xmax>233</xmax><ymax>133</ymax></bndbox></object><object><name>proposal</name><bndbox><xmin>344</xmin><ymin>249</ymin><xmax>291</xmax><ymax>207</ymax></bndbox></object><object><name>proposal</name><bndbox><xmin>249</xmin><ymin>412</ymin><xmax>354</xmax><ymax>246</ymax></bndbox></object><object><name>proposal</name><bndbox><xmin>146</xmin><ymin>249</ymin><xmax>489</xmax><ymax>317</ymax></bndbox></object><object><name>proposal</name><bndbox><xmin>313</xmin><ymin>299</ymin><xmax>75</xmax><ymax>174</ymax></bndbox></object><object><name>proposal</name><bndbox><xmin>278</xmin><ymin>280</ymin><xmax>228</xmax><ymax>224</ymax></bndbox></object><object><name>proposal</name><bndbox><xmin>311</xmin><ymin>342</ymin><xmax>131</xmax><ymax>106</ymax></bndbox></object><object><name>proposal</name><bndbox><xmin>380</xmin><ymin>293</ymin><xmax>165</xmax><ymax>119</ymax></bndbox></object><object><name>proposal</name><bndbox><xmin>265</xmin><ymin>393</ymin><xmax>192</xmax><ymax>78</ymax></bndbox></object><object><name>proposal</name><bndbox><xmin>428</xmin><ymin>280</ymin><xmax>254</xmax><ymax>265</ymax></bndbox></object><object><name>proposal</name><bndbox><xmin>255</xmin><ymin>436</ymin><xmax>190</xmax><ymax>122</ymax></bndbox></object><object><name>proposal</name><bndbox><xmin>170</xmin><ymin>278</ymin><xmax>234</xmax><ymax>193</ymax></bndbox></object><object><name>proposal</name><bndbox><xmin>395</xmin><ymin>292</ymin><xmax>237</xmax><ymax>164</ymax></bndbox></object><object><name>proposal</name><bndbox><xmin>367</xmin><ymin>315</ymin><xmax>171</xmax><ymax>94</ymax></bndbox></object><object><name>proposal</name><bndbox><xmin>170</xmin><ymin>373</ymin><xmax>275</xmax><ymax>121</ymax></bndbox></object><object><name>proposal</name><bndbox><xmin>300</xmin><ymin>342</ymin><xmax>134</xmax><ymax>159</ymax></bndbox></object><object><name>proposal</name><bndbox><xmin>345</xmin><ymin>250</ymin><xmax>148</xmax><ymax>174</ymax></bndbox></object><object><name>proposal</name><bndbox><xmin>407</xmin><ymin>289</ymin><xmax>225</xmax><ymax>202</ymax></bndbox></object><object><name>proposal</name><bndbox><xmin>0</xmin><ymin>169</ymin><xmax>538</xmax><ymax>333</ymax></bndbox></object><object><name>proposal</name><bndbox><xmin>279</xmin><ymin>419</ymin><xmax>255</xmax><ymax>82</ymax></bndbox></object><object><name>proposal</name><bndbox><xmin>432</xmin><ymin>293</ymin><xmax>231</xmax><ymax>192</ymax></bndbox></object><object><name>proposal</name><bndbox><xmin>265</xmin><ymin>313</ymin><xmax>281</xmax><ymax>200</ymax></bndbox></object><object><name>proposal</name><bndbox><xmin>286</xmin><ymin>282</ymin><xmax>285</xmax><ymax>237</ymax></bndbox></object><object><name>proposal</name><bndbox><xmin>425</xmin><ymin>367</ymin><xmax>113</xmax><ymax>134</ymax></bndbox></object><object><name>proposal</name><bndbox><xmin>359</xmin><ymin>339</ymin><xmax>178</xmax><ymax>162</ymax></bndbox></object><object><name>proposal</name><bndbox><xmin>367</xmin><ymin>289</ymin><xmax>188</xmax><ymax>99</ymax></bndbox></object><object><name>proposal</name><bndbox><xmin>375</xmin><ymin>313</ymin><xmax>157</xmax><ymax>202</ymax></bndbox></object><object><name>proposal</name><bndbox><xmin>345</xmin><ymin>250</ymin><xmax>255</xmax><ymax>210</ymax></bndbox></object><object><name>proposal</name><bndbox><xmin>381</xmin><ymin>360</ymin><xmax>125</xmax><ymax>108</ymax></bndbox></object><object><name>proposal</name><bndbox><xmin>290</xmin><ymin>365</ymin><xmax>114</xmax><ymax>133</ymax></bndbox></object><object><name>proposal</name><bndbox><xmin>174</xmin><ymin>340</ymin><xmax>297</xmax><ymax>122</ymax></bndbox></object><object><name>proposal</name><bndbox><xmin>407</xmin><ymin>289</ymin><xmax>225</xmax><ymax>167</ymax></bndbox></object><object><name>proposal</name><bndbox><xmin>375</xmin><ymin>313</ymin><xmax>177</xmax><ymax>202</ymax></bndbox></object><object><name>proposal</name><bndbox><xmin>278</xmin><ymin>414</ymin><xmax>228</xmax><ymax>144</ymax></bndbox></object><object><name>proposal</name><bndbox><xmin>174</xmin><ymin>358</ymin><xmax>230</xmax><ymax>195</ymax></bndbox></object><object><name>proposal</name><bndbox><xmin>191</xmin><ymin>267</ymin><xmax>353</xmax><ymax>291</ymax></bndbox></object><object><name>proposal</name><bndbox><xmin>310</xmin><ymin>334</ymin><xmax>236</xmax><ymax>179</ymax></bndbox></object><object><name>proposal</name><bndbox><xmin>301</xmin><ymin>456</ymin><xmax>201</xmax><ymax>69</ymax></bndbox></object><object><name>proposal</name><bndbox><xmin>367</xmin><ymin>313</ymin><xmax>105</xmax><ymax>111</ymax></bndbox></object><object><name>proposal</name><bndbox><xmin>290</xmin><ymin>331</ymin><xmax>281</xmax><ymax>188</ymax></bndbox></object><object><name>proposal</name><bndbox><xmin>278</xmin><ymin>280</ymin><xmax>147</xmax><ymax>168</ymax></bndbox></object><object><name>proposal</name><bndbox><xmin>199</xmin><ymin>249</ymin><xmax>436</xmax><ymax>207</ymax></bndbox></object><object><name>proposal</name><bndbox><xmin>273</xmin><ymin>282</ymin><xmax>327</xmax><ymax>262</ymax></bndbox></object><object><name>proposal</name><bndbox><xmin>387</xmin><ymin>292</ymin><xmax>213</xmax><ymax>168</ymax></bndbox></object><object><name>proposal</name><bndbox><xmin>272</xmin><ymin>351</ymin><xmax>266</xmax><ymax>97</ymax></bndbox></object><object><name>proposal</name><bndbox><xmin>387</xmin><ymin>279</ymin><xmax>213</xmax><ymax>206</ymax></bndbox></object><object><name>proposal</name><bndbox><xmin>381</xmin><ymin>293</ymin><xmax>183</xmax><ymax>91</ymax></bndbox></object><object><name>proposal</name><bndbox><xmin>288</xmin><ymin>281</ymin><xmax>253</xmax><ymax>244</ymax></bndbox></object><object><name>proposal</name><bndbox><xmin>301</xmin><ymin>338</ymin><xmax>170</xmax><ymax>112</ymax></bndbox></object><object><name>proposal</name><bndbox><xmin>265</xmin><ymin>282</ymin><xmax>286</xmax><ymax>269</ymax></bndbox></object><object><name>proposal</name><bndbox><xmin>415</xmin><ymin>343</ymin><xmax>217</xmax><ymax>176</ymax></bndbox></object><object><name>proposal</name><bndbox><xmin>277</xmin><ymin>334</ymin><xmax>268</xmax><ymax>172</ymax></bndbox></object><object><name>proposal</name><bndbox><xmin>171</xmin><ymin>279</ymin><xmax>234</xmax><ymax>188</ymax></bndbox></object><object><name>proposal</name><bndbox><xmin>412</xmin><ymin>368</ymin><xmax>139</xmax><ymax>136</ymax></bndbox></object><object><name>proposal</name><bndbox><xmin>367</xmin><ymin>306</ymin><xmax>104</xmax><ymax>144</ymax></bndbox></object><object><name>proposal</name><bndbox><xmin>280</xmin><ymin>297</ymin><xmax>259</xmax><ymax>261</ymax></bndbox></object><object><name>proposal</name><bndbox><xmin>216</xmin><ymin>250</ymin><xmax>376</xmax><ymax>550</ymax></bndbox></object><object><name>proposal</name><bndbox><xmin>291</xmin><ymin>281</ymin><xmax>142</xmax><ymax>158</ymax></bndbox></object><object><name>proposal</name><bndbox><xmin>280</xmin><ymin>293</ymin><xmax>320</xmax><ymax>265</ymax></bndbox></object><object><name>proposal</name><bndbox><xmin>369</xmin><ymin>293</ymin><xmax>233</xmax><ymax>148</ymax></bndbox></object><object><name>proposal</name><bndbox><xmin>278</xmin><ymin>280</ymin><xmax>127</xmax><ymax>168</ymax></bndbox></object><object><name>proposal</name><bndbox><xmin>273</xmin><ymin>329</ymin><xmax>278</xmax><ymax>222</ymax></bndbox></object><object><name>proposal</name><bndbox><xmin>255</xmin><ymin>391</ymin><xmax>280</xmax><ymax>167</ymax></bndbox></object><object><name>proposal</name><bndbox><xmin>367</xmin><ymin>289</ymin><xmax>188</xmax><ymax>233</ymax></bndbox></object><object><name>proposal</name><bndbox><xmin>380</xmin><ymin>333</ymin><xmax>171</xmax><ymax>169</ymax></bndbox></object><object><name>proposal</name><bndbox><xmin>367</xmin><ymin>227</ymin><xmax>265</xmax><ymax>295</ymax></bndbox></object><object><name>proposal</name><bndbox><xmin>430</xmin><ymin>391</ymin><xmax>121</xmax><ymax>128</ymax></bndbox></object><object><name>proposal</name><bndbox><xmin>419</xmin><ymin>373</ymin><xmax>120</xmax><ymax>170</ymax></bndbox></object><object><name>proposal</name><bndbox><xmin>291</xmin><ymin>227</ymin><xmax>197</xmax><ymax>151</ymax></bndbox></object><object><name>proposal</name><bndbox><xmin>313</xmin><ymin>299</ymin><xmax>242</xmax><ymax>216</ymax></bndbox></object><object><name>proposal</name><bndbox><xmin>278</xmin><ymin>280</ymin><xmax>140</xmax><ymax>168</ymax></bndbox></object><object><name>proposal</name><bndbox><xmin>407</xmin><ymin>340</ymin><xmax>125</xmax><ymax>92</ymax></bndbox></object><object><name>proposal</name><bndbox><xmin>288</xmin><ymin>331</ymin><xmax>283</xmax><ymax>191</ymax></bndbox></object><object><name>proposal</name><bndbox><xmin>344</xmin><ymin>249</ymin><xmax>201</xmax><ymax>175</ymax></bndbox></object><object><name>proposal</name><bndbox><xmin>370</xmin><ymin>293</ymin><xmax>194</xmax><ymax>125</ymax></bndbox></object><object><name>proposal</name><bndbox><xmin>288</xmin><ymin>418</ymin><xmax>176</xmax><ymax>107</ymax></bndbox></object><object><name>proposal</name><bndbox><xmin>301</xmin><ymin>230</ymin><xmax>434</xmax><ymax>220</ymax></bndbox></object><object><name>proposal</name><bndbox><xmin>408</xmin><ymin>293</ymin><xmax>194</xmax><ymax>148</ymax></bndbox></object><object><name>proposal</name><bndbox><xmin>344</xmin><ymin>249</ymin><xmax>222</xmax><ymax>134</ymax></bndbox></object><object><name>proposal</name><bndbox><xmin>174</xmin><ymin>250</ymin><xmax>319</xmax><ymax>248</ymax></bndbox></object><object><name>proposal</name><bndbox><xmin>255</xmin><ymin>443</ymin><xmax>190</xmax><ymax>96</ymax></bndbox></object><object><name>proposal</name><bndbox><xmin>408</xmin><ymin>342</ymin><xmax>144</xmax><ymax>177</ymax></bndbox></object><object><name>proposal</name><bndbox><xmin>174</xmin><ymin>227</ymin><xmax>314</xmax><ymax>241</ymax></bndbox></object><object><name>proposal</name><bndbox><xmin>330</xmin><ymin>365</ymin><xmax>127</xmax><ymax>98</ymax></bndbox></object><object><name>proposal</name><bndbox><xmin>170</xmin><ymin>289</ymin><xmax>462</xmax><ymax>301</ymax></bndbox></object><object><name>proposal</name><bndbox><xmin>345</xmin><ymin>268</ymin><xmax>194</xmax><ymax>115</ymax></bndbox></object><object><name>proposal</name><bndbox><xmin>422</xmin><ymin>392</ymin><xmax>184</xmax><ymax>129</ymax></bndbox></object><object><name>proposal</name><bndbox><xmin>380</xmin><ymin>322</ymin><xmax>223</xmax><ymax>180</ymax></bndbox></object><object><name>proposal</name><bndbox><xmin>280</xmin><ymin>293</ymin><xmax>259</xmax><ymax>265</ymax></bndbox></object><object><name>proposal</name><bndbox><xmin>301</xmin><ymin>391</ymin><xmax>228</xmax><ymax>75</ymax></bndbox></object><object><name>proposal</name><bndbox><xmin>427</xmin><ymin>373</ymin><xmax>118</xmax><ymax>129</ymax></bndbox></object><object><name>proposal</name><bndbox><xmin>190</xmin><ymin>280</ymin><xmax>251</xmax><ymax>190</ymax></bndbox></object><object><name>proposal</name><bndbox><xmin>281</xmin><ymin>331</ymin><xmax>290</xmax><ymax>191</ymax></bndbox></object><object><name>proposal</name><bndbox><xmin>412</xmin><ymin>343</ymin><xmax>190</xmax><ymax>176</ymax></bndbox></object><object><name>proposal</name><bndbox><xmin>279</xmin><ymin>443</ymin><xmax>228</xmax><ymax>84</ymax></bndbox></object><object><name>proposal</name><bndbox><xmin>300</xmin><ymin>351</ymin><xmax>232</xmax><ymax>114</ymax></bndbox></object><object><name>proposal</name><bndbox><xmin>311</xmin><ymin>282</ymin><xmax>94</xmax><ymax>166</ymax></bndbox></object><object><name>proposal</name><bndbox><xmin>267</xmin><ymin>281</ymin><xmax>239</xmax><ymax>238</ymax></bndbox></object><object><name>proposal</name><bndbox><xmin>375</xmin><ymin>271</ymin><xmax>164</xmax><ymax>153</ymax></bndbox></object><object><name>proposal</name><bndbox><xmin>174</xmin><ymin>365</ymin><xmax>230</xmax><ymax>133</ymax></bndbox></object><object><name>proposal</name><bndbox><xmin>171</xmin><ymin>282</ymin><xmax>431</xmax><ymax>269</ymax></bndbox></object><object><name>proposal</name><bndbox><xmin>272</xmin><ymin>281</ymin><xmax>269</xmax><ymax>238</ymax></bndbox></object><object><name>proposal</name><bndbox><xmin>301</xmin><ymin>282</ymin><xmax>299</xmax><ymax>262</ymax></bndbox></object><object><name>proposal</name><bndbox><xmin>424</xmin><ymin>279</ymin><xmax>176</xmax><ymax>177</ymax></bndbox></object><object><name>proposal</name><bndbox><xmin>170</xmin><ymin>281</ymin><xmax>275</xmax><ymax>309</ymax></bndbox></object><object><name>proposal</name><bndbox><xmin>375</xmin><ymin>271</ymin><xmax>169</xmax><ymax>109</ymax></bndbox></object><object><name>proposal</name><bndbox><xmin>255</xmin><ymin>390</ymin><xmax>277</xmax><ymax>204</ymax></bndbox></object><object><name>proposal</name><bndbox><xmin>375</xmin><ymin>293</ymin><xmax>288</xmax><ymax>222</ymax></bndbox></object><object><name>proposal</name><bndbox><xmin>255</xmin><ymin>279</ymin><xmax>345</xmax><ymax>292</ymax></bndbox></object><object><name>proposal</name><bndbox><xmin>345</xmin><ymin>250</ymin><xmax>191</xmax><ymax>129</ymax></bndbox></object><object><name>proposal</name><bndbox><xmin>171</xmin><ymin>282</ymin><xmax>233</xmax><ymax>189</ymax></bndbox></object><object><name>proposal</name><bndbox><xmin>279</xmin><ymin>419</ymin><xmax>255</xmax><ymax>85</ymax></bndbox></object><object><name>proposal</name><bndbox><xmin>278</xmin><ymin>280</ymin><xmax>228</xmax><ymax>233</ymax></bndbox></object><object><name>proposal</name><bndbox><xmin>301</xmin><ymin>437</ymin><xmax>302</xmax><ymax>88</ymax></bndbox></object><object><name>proposal</name><bndbox><xmin>174</xmin><ymin>351</ymin><xmax>283</xmax><ymax>117</ymax></bndbox></object><object><name>proposal</name><bndbox><xmin>345</xmin><ymin>258</ymin><xmax>219</xmax><ymax>125</ymax></bndbox></object><object><name>proposal</name><bndbox><xmin>255</xmin><ymin>315</ymin><xmax>297</xmax><ymax>275</ymax></bndbox></object><object><name>proposal</name><bndbox><xmin>262</xmin><ymin>338</ymin><xmax>275</xmax><ymax>257</ymax></bndbox></object><object><name>proposal</name><bndbox><xmin>288</xmin><ymin>329</ymin><xmax>312</xmax><ymax>200</ymax></bndbox></object><object><name>proposal</name><bndbox><xmin>191</xmin><ymin>258</ymin><xmax>412</xmax><ymax>300</ymax></bndbox></object><object><name>proposal</name><bndbox><xmin>174</xmin><ymin>360</ymin><xmax>230</xmax><ymax>138</ymax></bndbox></object><object><name>proposal</name><bndbox><xmin>199</xmin><ymin>250</ymin><xmax>294</xmax><ymax>145</ymax></bndbox></object><object><name>proposal</name><bndbox><xmin>0</xmin><ymin>169</ymin><xmax>552</xmax><ymax>375</ymax></bndbox></object><object><name>proposal</name><bndbox><xmin>307</xmin><ymin>329</ymin><xmax>293</xmax><ymax>215</ymax></bndbox></object><object><name>proposal</name><bndbox><xmin>437</xmin><ymin>373</ymin><xmax>102</xmax><ymax>119</ymax></bndbox></object><object><name>proposal</name><bndbox><xmin>410</xmin><ymin>410</ymin><xmax>179</xmax><ymax>112</ymax></bndbox></object><object><name>proposal</name><bndbox><xmin>437</xmin><ymin>371</ymin><xmax>114</xmax><ymax>133</ymax></bndbox></object><object><name>proposal</name><bndbox><xmin>267</xmin><ymin>282</ymin><xmax>317</xmax><ymax>244</ymax></bndbox></object><object><name>proposal</name><bndbox><xmin>170</xmin><ymin>278</ymin><xmax>462</xmax><ymax>280</ymax></bndbox></object><object><name>proposal</name><bndbox><xmin>408</xmin><ymin>293</ymin><xmax>192</xmax><ymax>167</ymax></bndbox></object><object><name>proposal</name><bndbox><xmin>264</xmin><ymin>282</ymin><xmax>320</xmax><ymax>237</ymax></bndbox></object><object><name>proposal</name><bndbox><xmin>191</xmin><ymin>258</ymin><xmax>353</xmax><ymax>209</ymax></bndbox></object><object><name>proposal</name><bndbox><xmin>171</xmin><ymin>282</ymin><xmax>319</xmax><ymax>269</ymax></bndbox></object><object><name>proposal</name><bndbox><xmin>422</xmin><ymin>352</ymin><xmax>124</xmax><ymax>113</ymax></bndbox></object><object><name>proposal</name><bndbox><xmin>409</xmin><ymin>374</ymin><xmax>103</xmax><ymax>127</ymax></bndbox></object><object><name>proposal</name><bndbox><xmin>437</xmin><ymin>391</ymin><xmax>114</xmax><ymax>128</ymax></bndbox></object><object><name>proposal</name><bndbox><xmin>359</xmin><ymin>394</ymin><xmax>148</xmax><ymax>127</ymax></bndbox></object><object><name>proposal</name><bndbox><xmin>170</xmin><ymin>271</ymin><xmax>461</xmax><ymax>287</ymax></bndbox></object><object><name>proposal</name><bndbox><xmin>273</xmin><ymin>282</ymin><xmax>278</xmax><ymax>269</ymax></bndbox></object><object><name>proposal</name><bndbox><xmin>174</xmin><ymin>227</ymin><xmax>314</xmax><ymax>235</ymax></bndbox></object><object><name>proposal</name><bndbox><xmin>0</xmin><ymin>169</ymin><xmax>511</xmax><ymax>381</ymax></bndbox></object><object><name>proposal</name><bndbox><xmin>380</xmin><ymin>313</ymin><xmax>152</xmax><ymax>188</ymax></bndbox></object><object><name>proposal</name><bndbox><xmin>387</xmin><ymin>305</ymin><xmax>151</xmax><ymax>77</ymax></bndbox></object><object><name>proposal</name><bndbox><xmin>430</xmin><ymin>389</ymin><xmax>111</xmax><ymax>130</ymax></bndbox></object><object><name>proposal</name><bndbox><xmin>289</xmin><ymin>351</ymin><xmax>256</xmax><ymax>155</ymax></bndbox></object><object><name>proposal</name><bndbox><xmin>316</xmin><ymin>249</ymin><xmax>319</xmax><ymax>207</ymax></bndbox></object><object><name>proposal</name><bndbox><xmin>146</xmin><ymin>249</ymin><xmax>399</xmax><ymax>257</ymax></bndbox></object><object><name>proposal</name><bndbox><xmin>387</xmin><ymin>362</ymin><xmax>145</xmax><ymax>139</ymax></bndbox></object><object><name>proposal</name><bndbox><xmin>314</xmin><ymin>250</ymin><xmax>315</xmax><ymax>139</ymax></bndbox></object><object><name>proposal</name><bndbox><xmin>345</xmin><ymin>291</ymin><xmax>218</xmax><ymax>224</ymax></bndbox></object><object><name>proposal</name><bndbox><xmin>345</xmin><ymin>227</ymin><xmax>287</xmax><ymax>295</ymax></bndbox></object><object><name>proposal</name><bndbox><xmin>235</xmin><ymin>412</ymin><xmax>209</xmax><ymax>154</ymax></bndbox></object><object><name>proposal</name><bndbox><xmin>387</xmin><ymin>298</ymin><xmax>213</xmax><ymax>162</ymax></bndbox></object><object><name>proposal</name><bndbox><xmin>174</xmin><ymin>280</ymin><xmax>345</xmax><ymax>286</ymax></bndbox></object><object><name>proposal</name><bndbox><xmin>273</xmin><ymin>282</ymin><xmax>329</xmax><ymax>159</ymax></bndbox></object><object><name>proposal</name><bndbox><xmin>255</xmin><ymin>390</ymin><xmax>277</xmax><ymax>268</ymax></bndbox></object><object><name>proposal</name><bndbox><xmin>375</xmin><ymin>271</ymin><xmax>257</xmax><ymax>248</ymax></bndbox></object><object><name>proposal</name><bndbox><xmin>171</xmin><ymin>289</ymin><xmax>301</xmax><ymax>156</ymax></bndbox></object><object><name>proposal</name><bndbox><xmin>337</xmin><ymin>419</ymin><xmax>160</xmax><ymax>129</ymax></bndbox></object><object><name>proposal</name><bndbox><xmin>419</xmin><ymin>293</ymin><xmax>244</xmax><ymax>192</ymax></bndbox></object><object><name>proposal</name><bndbox><xmin>310</xmin><ymin>281</ymin><xmax>196</xmax><ymax>264</ymax></bndbox></object><object><name>proposal</name><bndbox><xmin>252</xmin><ymin>283</ymin><xmax>168</xmax><ymax>165</ymax></bndbox></object><object><name>proposal</name><bndbox><xmin>259</xmin><ymin>282</ymin><xmax>343</xmax><ymax>251</ymax></bndbox></object><object><name>proposal</name><bndbox><xmin>277</xmin><ymin>334</ymin><xmax>268</xmax><ymax>182</ymax></bndbox></object><object><name>proposal</name><bndbox><xmin>387</xmin><ymin>305</ymin><xmax>202</xmax><ymax>156</ymax></bndbox></object><object><name>proposal</name><bndbox><xmin>171</xmin><ymin>278</ymin><xmax>431</xmax><ymax>280</ymax></bndbox></object><object><name>proposal</name><bndbox><xmin>369</xmin><ymin>313</ymin><xmax>160</xmax><ymax>108</ymax></bndbox></object><object><name>proposal</name><bndbox><xmin>375</xmin><ymin>285</ymin><xmax>169</xmax><ymax>95</ymax></bndbox></object><object><name>proposal</name><bndbox><xmin>344</xmin><ymin>249</ymin><xmax>256</xmax><ymax>207</ymax></bndbox></object><object><name>proposal</name><bndbox><xmin>345</xmin><ymin>227</ymin><xmax>255</xmax><ymax>229</ymax></bndbox></object><object><name>proposal</name><bndbox><xmin>408</xmin><ymin>311</ymin><xmax>125</xmax><ymax>98</ymax></bndbox></object><object><name>proposal</name><bndbox><xmin>408</xmin><ymin>297</ymin><xmax>192</xmax><ymax>163</ymax></bndbox></object><object><name>proposal</name><bndbox><xmin>359</xmin><ymin>334</ymin><xmax>187</xmax><ymax>170</ymax></bndbox></object><object><name>proposal</name><bndbox><xmin>265</xmin><ymin>412</ymin><xmax>189</xmax><ymax>92</ymax></bndbox></object><object><name>proposal</name><bndbox><xmin>146</xmin><ymin>368</ymin><xmax>399</xmax><ymax>198</ymax></bndbox></object><object><name>proposal</name><bndbox><xmin>279</xmin><ymin>351</ymin><xmax>253</xmax><ymax>176</ymax></bndbox></object><object><name>proposal</name><bndbox><xmin>265</xmin><ymin>391</ymin><xmax>242</xmax><ymax>122</ymax></bndbox></object><object><name>proposal</name><bndbox><xmin>265</xmin><ymin>418</ymin><xmax>189</xmax><ymax>86</ymax></bndbox></object><object><name>proposal</name><bndbox><xmin>289</xmin><ymin>330</ymin><xmax>256</xmax><ymax>186</ymax></bndbox></object><object><name>proposal</name><bndbox><xmin>412</xmin><ymin>305</ymin><xmax>218</xmax><ymax>240</ymax></bndbox></object><object><name>proposal</name><bndbox><xmin>370</xmin><ymin>313</ymin><xmax>181</xmax><ymax>206</ymax></bndbox></object><object><name>proposal</name><bndbox><xmin>199</xmin><ymin>250</ymin><xmax>337</xmax><ymax>129</ymax></bndbox></object><object><name>proposal</name><bndbox><xmin>367</xmin><ymin>289</ymin><xmax>265</xmax><ymax>217</ymax></bndbox></object><object><name>proposal</name><bndbox><xmin>367</xmin><ymin>289</ymin><xmax>188</xmax><ymax>161</ymax></bndbox></object><object><name>proposal</name><bndbox><xmin>255</xmin><ymin>294</ymin><xmax>345</xmax><ymax>294</ymax></bndbox></object><object><name>proposal</name><bndbox><xmin>375</xmin><ymin>313</ymin><xmax>228</xmax><ymax>206</ymax></bndbox></object><object><name>proposal</name><bndbox><xmin>281</xmin><ymin>282</ymin><xmax>319</xmax><ymax>247</ymax></bndbox></object><object><name>proposal</name><bndbox><xmin>251</xmin><ymin>250</ymin><xmax>242</xmax><ymax>360</ymax></bndbox></object><object><name>proposal</name><bndbox><xmin>424</xmin><ymin>322</ymin><xmax>179</xmax><ymax>197</ymax></bndbox></object><object><name>proposal</name><bndbox><xmin>301</xmin><ymin>391</ymin><xmax>228</xmax><ymax>115</ymax></bndbox></object><object><name>proposal</name><bndbox><xmin>375</xmin><ymin>285</ymin><xmax>154</xmax><ymax>95</ymax></bndbox></object><object><name>proposal</name><bndbox><xmin>181</xmin><ymin>278</ymin><xmax>225</xmax><ymax>194</ymax></bndbox></object><object><name>proposal</name><bndbox><xmin>279</xmin><ymin>419</ymin><xmax>165</xmax><ymax>82</ymax></bndbox></object><object><name>proposal</name><bndbox><xmin>333</xmin><ymin>391</ymin><xmax>164</xmax><ymax>74</ymax></bndbox></object><object><name>proposal</name><bndbox><xmin>235</xmin><ymin>412</ymin><xmax>209</xmax><ymax>89</ymax></bndbox></object><object><name>proposal</name><bndbox><xmin>0</xmin><ymin>169</ymin><xmax>511</xmax><ymax>289</ymax></bndbox></object><object><name>proposal</name><bndbox><xmin>381</xmin><ymin>293</ymin><xmax>163</xmax><ymax>91</ymax></bndbox></object><object><name>proposal</name><bndbox><xmin>345</xmin><ymin>268</ymin><xmax>219</xmax><ymax>115</ymax></bndbox></object><object><name>proposal</name><bndbox><xmin>146</xmin><ymin>368</ymin><xmax>399</xmax><ymax>138</ymax></bndbox></object><object><name>proposal</name><bndbox><xmin>388</xmin><ymin>297</ymin><xmax>151</xmax><ymax>163</ymax></bndbox></object><object><name>proposal</name><bndbox><xmin>345</xmin><ymin>264</ymin><xmax>194</xmax><ymax>119</ymax></bndbox></object><object><name>proposal</name><bndbox><xmin>289</xmin><ymin>313</ymin><xmax>256</xmax><ymax>203</ymax></bndbox></object><object><name>proposal</name><bndbox><xmin>345</xmin><ymin>250</ymin><xmax>258</xmax><ymax>210</ymax></bndbox></object><object><name>proposal</name><bndbox><xmin>0</xmin><ymin>227</ymin><xmax>632</xmax><ymax>363</ymax></bndbox></object><object><name>proposal</name><bndbox><xmin>199</xmin><ymin>250</ymin><xmax>407</xmax><ymax>271</ymax></bndbox></object><object><name>proposal</name><bndbox><xmin>410</xmin><ymin>390</ymin><xmax>131</xmax><ymax>101</ymax></bndbox></object><object><name>proposal</name><bndbox><xmin>291</xmin><ymin>280</ymin><xmax>151</xmax><ymax>134</ymax></bndbox></object><object><name>proposal</name><bndbox><xmin>280</xmin><ymin>412</ymin><xmax>174</xmax><ymax>92</ymax></bndbox></object><object><name>proposal</name><bndbox><xmin>259</xmin><ymin>282</ymin><xmax>342</xmax><ymax>251</ymax></bndbox></object><object><name>proposal</name><bndbox><xmin>267</xmin><ymin>313</ymin><xmax>305</xmax><ymax>206</ymax></bndbox></object><object><name>proposal</name><bndbox><xmin>191</xmin><ymin>267</ymin><xmax>412</xmax><ymax>291</ymax></bndbox></object><object><name>proposal</name><bndbox><xmin>311</xmin><ymin>282</ymin><xmax>152</xmax><ymax>166</ymax></bndbox></object><object><name>proposal</name><bndbox><xmin>369</xmin><ymin>313</ymin><xmax>182</xmax><ymax>206</ymax></bndbox></object><object><name>proposal</name><bndbox><xmin>272</xmin><ymin>281</ymin><xmax>132</xmax><ymax>183</ymax></bndbox></object><object><name>proposal</name><bndbox><xmin>171</xmin><ymin>278</ymin><xmax>432</xmax><ymax>280</ymax></bndbox></object><object><name>proposal</name><bndbox><xmin>280</xmin><ymin>281</ymin><xmax>124</xmax><ymax>183</ymax></bndbox></object><object><name>proposal</name><bndbox><xmin>370</xmin><ymin>313</ymin><xmax>233</xmax><ymax>206</ymax></bndbox></object><object><name>proposal</name><bndbox><xmin>289</xmin><ymin>268</ymin><xmax>341</xmax><ymax>277</ymax></bndbox></object><object><name>proposal</name><bndbox><xmin>165</xmin><ymin>281</ymin><xmax>498</xmax><ymax>314</ymax></bndbox></object><object><name>proposal</name><bndbox><xmin>174</xmin><ymin>258</ymin><xmax>364</xmax><ymax>224</ymax></bndbox></object><object><name>proposal</name><bndbox><xmin>265</xmin><ymin>339</ymin><xmax>272</xmax><ymax>183</ymax></bndbox></object><object><name>proposal</name><bndbox><xmin>174</xmin><ymin>280</ymin><xmax>378</xmax><ymax>247</ymax></bndbox></object><object><name>proposal</name><bndbox><xmin>387</xmin><ymin>294</ymin><xmax>216</xmax><ymax>166</ymax></bndbox></object><object><name>proposal</name><bndbox><xmin>265</xmin><ymin>339</ymin><xmax>169</xmax><ymax>183</ymax></bndbox></object><object><name>proposal</name><bndbox><xmin>408</xmin><ymin>293</ymin><xmax>125</xmax><ymax>116</ymax></bndbox></object><object><name>proposal</name><bndbox><xmin>407</xmin><ymin>289</ymin><xmax>225</xmax><ymax>233</ymax></bndbox></object><object><name>proposal</name><bndbox><xmin>345</xmin><ymin>268</ymin><xmax>285</xmax><ymax>241</ymax></bndbox></object><object><name>proposal</name><bndbox><xmin>415</xmin><ymin>391</ymin><xmax>136</xmax><ymax>128</ymax></bndbox></object><object><name>proposal</name><bndbox><xmin>387</xmin><ymin>374</ymin><xmax>125</xmax><ymax>127</ymax></bndbox></object><object><name>proposal</name><bndbox><xmin>281</xmin><ymin>282</ymin><xmax>319</xmax><ymax>262</ymax></bndbox></object><object><name>proposal</name><bndbox><xmin>255</xmin><ymin>272</ymin><xmax>189</xmax><ymax>258</ymax></bndbox></object><object><name>proposal</name><bndbox><xmin>313</xmin><ymin>299</ymin><xmax>200</xmax><ymax>174</ymax></bndbox></object><object><name>proposal</name><bndbox><xmin>288</xmin><ymin>412</ymin><xmax>331</xmax><ymax>154</ymax></bndbox></object><object><name>proposal</name><bndbox><xmin>387</xmin><ymin>278</ymin><xmax>152</xmax><ymax>104</ymax></bndbox></object><object><name>proposal</name><bndbox><xmin>170</xmin><ymin>271</ymin><xmax>462</xmax><ymax>287</ymax></bndbox></object><object><name>proposal</name><bndbox><xmin>199</xmin><ymin>258</ymin><xmax>431</xmax><ymax>287</ymax></bndbox></object><object><name>proposal</name><bndbox><xmin>255</xmin><ymin>280</ymin><xmax>347</xmax><ymax>278</ymax></bndbox></object><object><name>proposal</name><bndbox><xmin>410</xmin><ymin>331</ymin><xmax>222</xmax><ymax>191</ymax></bndbox></object><object><name>proposal</name><bndbox><xmin>367</xmin><ymin>315</ymin><xmax>161</xmax><ymax>94</ymax></bndbox></object><object><name>proposal</name><bndbox><xmin>280</xmin><ymin>414</ymin><xmax>226</xmax><ymax>144</ymax></bndbox></object><object><name>proposal</name><bndbox><xmin>170</xmin><ymin>227</ymin><xmax>462</xmax><ymax>363</ymax></bndbox></object><object><name>proposal</name><bndbox><xmin>381</xmin><ymin>271</ymin><xmax>158</xmax><ymax>153</ymax></bndbox></object><object><name>proposal</name><bndbox><xmin>267</xmin><ymin>282</ymin><xmax>317</xmax><ymax>231</ymax></bndbox></object><object><name>proposal</name><bndbox><xmin>428</xmin><ymin>279</ymin><xmax>111</xmax><ymax>140</ymax></bndbox></object><object><name>proposal</name><bndbox><xmin>306</xmin><ymin>342</ymin><xmax>128</xmax><ymax>159</ymax></bndbox></object><object><name>proposal</name><bndbox><xmin>296</xmin><ymin>281</ymin><xmax>210</xmax><ymax>238</ymax></bndbox></object><object><name>proposal</name><bndbox><xmin>165</xmin><ymin>281</ymin><xmax>498</xmax><ymax>204</ymax></bndbox></object><object><name>proposal</name><bndbox><xmin>380</xmin><ymin>322</ymin><xmax>223</xmax><ymax>197</ymax></bndbox></object><object><name>proposal</name><bndbox><xmin>311</xmin><ymin>313</ymin><xmax>235</xmax><ymax>152</ymax></bndbox></object><object><name>proposal</name><bndbox><xmin>273</xmin><ymin>342</ymin><xmax>224</xmax><ymax>123</ymax></bndbox></object><object><name>proposal</name><bndbox><xmin>0</xmin><ymin>169</ymin><xmax>511</xmax><ymax>402</ymax></bndbox></object><object><name>proposal</name><bndbox><xmin>273</xmin><ymin>280</ymin><xmax>261</xmax><ymax>233</ymax></bndbox></object><object><name>proposal</name><bndbox><xmin>146</xmin><ymin>279</ymin><xmax>399</xmax><ymax>287</ymax></bndbox></object><object><name>proposal</name><bndbox><xmin>199</xmin><ymin>281</ymin><xmax>307</xmax><ymax>264</ymax></bndbox></object><object><name>proposal</name><bndbox><xmin>165</xmin><ymin>281</ymin><xmax>237</xmax><ymax>204</ymax></bndbox></object><object><name>proposal</name><bndbox><xmin>252</xmin><ymin>280</ymin><xmax>221</xmax><ymax>247</ymax></bndbox></object><object><name>proposal</name><bndbox><xmin>255</xmin><ymin>418</ymin><xmax>190</xmax><ymax>140</ymax></bndbox></object><object><name>proposal</name><bndbox><xmin>419</xmin><ymin>257</ymin><xmax>145</xmax><ymax>286</ymax></bndbox></object><object><name>proposal</name><bndbox><xmin>369</xmin><ymin>313</ymin><xmax>160</xmax><ymax>96</ymax></bndbox></object><object><name>proposal</name><bndbox><xmin>267</xmin><ymin>331</ymin><xmax>305</xmax><ymax>186</ymax></bndbox></object><object><name>proposal</name><bndbox><xmin>381</xmin><ymin>293</ymin><xmax>157</xmax><ymax>119</ymax></bndbox></object><object><name>proposal</name><bndbox><xmin>199</xmin><ymin>280</ymin><xmax>345</xmax><ymax>136</ymax></bndbox></object><object><name>proposal</name><bndbox><xmin>375</xmin><ymin>271</ymin><xmax>164</xmax><ymax>111</ymax></bndbox></object><object><name>proposal</name><bndbox><xmin>412</xmin><ymin>305</ymin><xmax>218</xmax><ymax>204</ymax></bndbox></object><object><name>proposal</name><bndbox><xmin>387</xmin><ymin>294</ymin><xmax>202</xmax><ymax>167</ymax></bndbox></object><object><name>proposal</name><bndbox><xmin>416</xmin><ymin>294</ymin><xmax>184</xmax><ymax>197</ymax></bndbox></object><object><name>proposal</name><bndbox><xmin>381</xmin><ymin>360</ymin><xmax>158</xmax><ymax>108</ymax></bndbox></object><object><name>proposal</name><bndbox><xmin>308</xmin><ymin>341</ymin><xmax>125</xmax><ymax>98</ymax></bndbox></object><object><name>proposal</name><bndbox><xmin>255</xmin><ymin>334</ymin><xmax>290</xmax><ymax>232</ymax></bndbox></object><object><name>proposal</name><bndbox><xmin>181</xmin><ymin>278</ymin><xmax>225</xmax><ymax>189</ymax></bndbox></object><object><name>proposal</name><bndbox><xmin>170</xmin><ymin>278</ymin><xmax>234</xmax><ymax>192</ymax></bndbox></object><object><name>proposal</name><bndbox><xmin>174</xmin><ymin>272</ymin><xmax>493</xmax><ymax>294</ymax></bndbox></object><object><name>proposal</name><bndbox><xmin>381</xmin><ymin>271</ymin><xmax>158</xmax><ymax>111</ymax></bndbox></object><object><name>proposal</name><bndbox><xmin>267</xmin><ymin>282</ymin><xmax>305</xmax><ymax>231</ymax></bndbox></object><object><name>proposal</name><bndbox><xmin>395</xmin><ymin>293</ymin><xmax>207</xmax><ymax>226</ymax></bndbox></object><object><name>proposal</name><bndbox><xmin>174</xmin><ymin>227</ymin><xmax>429</xmax><ymax>298</ymax></bndbox></object><object><name>proposal</name><bndbox><xmin>171</xmin><ymin>280</ymin><xmax>459</xmax><ymax>278</ymax></bndbox></object><object><name>proposal</name><bndbox><xmin>174</xmin><ymin>227</ymin><xmax>429</xmax><ymax>281</ymax></bndbox></object><object><name>proposal</name><bndbox><xmin>249</xmin><ymin>300</ymin><xmax>196</xmax><ymax>277</ymax></bndbox></object><object><name>proposal</name><bndbox><xmin>279</xmin><ymin>443</ymin><xmax>194</xmax><ymax>105</ymax></bndbox></object><object><name>proposal</name><bndbox><xmin>425</xmin><ymin>367</ymin><xmax>194</xmax><ymax>176</ymax></bndbox></object><object><name>proposal</name><bndbox><xmin>255</xmin><ymin>271</ymin><xmax>377</xmax><ymax>287</ymax></bndbox></object><object><name>proposal</name><bndbox><xmin>171</xmin><ymin>278</ymin><xmax>336</xmax><ymax>280</ymax></bndbox></object><object><name>proposal</name><bndbox><xmin>380</xmin><ymin>271</ymin><xmax>164</xmax><ymax>138</ymax></bndbox></object><object><name>proposal</name><bndbox><xmin>264</xmin><ymin>282</ymin><xmax>320</xmax><ymax>240</ymax></bndbox></object><object><name>proposal</name><bndbox><xmin>170</xmin><ymin>278</ymin><xmax>319</xmax><ymax>189</ymax></bndbox></object><object><name>proposal</name><bndbox><xmin>345</xmin><ymin>258</ymin><xmax>337</xmax><ymax>251</ymax></bndbox></object><object><name>proposal</name><bndbox><xmin>395</xmin><ymin>289</ymin><xmax>237</xmax><ymax>167</ymax></bndbox></object><object><name>proposal</name><bndbox><xmin>374</xmin><ymin>313</ymin><xmax>154</xmax><ymax>96</ymax></bndbox></object><object><name>proposal</name><bndbox><xmin>296</xmin><ymin>281</ymin><xmax>210</xmax><ymax>264</ymax></bndbox></object></annotation>