<annotation><folder>Proposals</folder><filename>img-193.jpg</filename><size><width>720</width><height>720</height><depth>3</depth></size><object><name>proposal</name><bndbox><xmin>315</xmin><ymin>382</ymin><xmax>84</xmax><ymax>56</ymax></bndbox></object><object><name>proposal</name><bndbox><xmin>268</xmin><ymin>399</ymin><xmax>107</xmax><ymax>69</ymax></bndbox></object><object><name>proposal</name><bndbox><xmin>618</xmin><ymin>412</ymin><xmax>143</xmax><ymax>52</ymax></bndbox></object><object><name>proposal</name><bndbox><xmin>612</xmin><ymin>412</ymin><xmax>149</xmax><ymax>56</ymax></bndbox></object><object><name>proposal</name><bndbox><xmin>316</xmin><ymin>398</ymin><xmax>85</xmax><ymax>30</ymax></bndbox></object><object><name>proposal</name><bndbox><xmin>315</xmin><ymin>408</ymin><xmax>46</xmax><ymax>30</ymax></bndbox></object><object><name>proposal</name><bndbox><xmin>319</xmin><ymin>384</ymin><xmax>83</xmax><ymax>38</ymax></bndbox></object><object><name>proposal</name><bndbox><xmin>630</xmin><ymin>411</ymin><xmax>159</xmax><ymax>68</ymax></bndbox></object><object><name>proposal</name><bndbox><xmin>634</xmin><ymin>412</ymin><xmax>127</xmax><ymax>56</ymax></bndbox></object><object><name>proposal</name><bndbox><xmin>315</xmin><ymin>402</ymin><xmax>69</xmax><ymax>41</ymax></bndbox></object><object><name>proposal</name><bndbox><xmin>612</xmin><ymin>412</ymin><xmax>154</xmax><ymax>56</ymax></bndbox></object><object><name>proposal</name><bndbox><xmin>311</xmin><ymin>384</ymin><xmax>98</xmax><ymax>64</ymax></bndbox></object><object><name>proposal</name><bndbox><xmin>269</xmin><ymin>398</ymin><xmax>157</xmax><ymax>70</ymax></bndbox></object><object><name>proposal</name><bndbox><xmin>295</xmin><ymin>384</ymin><xmax>106</xmax><ymax>36</ymax></bndbox></object><object><name>proposal</name><bndbox><xmin>311</xmin><ymin>399</ymin><xmax>64</xmax><ymax>49</ymax></bndbox></object><object><name>proposal</name><bndbox><xmin>597</xmin><ymin>403</ymin><xmax>109</xmax><ymax>97</ymax></bndbox></object><object><name>proposal</name><bndbox><xmin>618</xmin><ymin>412</ymin><xmax>149</xmax><ymax>52</ymax></bndbox></object><object><name>proposal</name><bndbox><xmin>589</xmin><ymin>412</ymin><xmax>175</xmax><ymax>76</ymax></bndbox></object><object><name>proposal</name><bndbox><xmin>612</xmin><ymin>425</ymin><xmax>91</xmax><ymax>43</ymax></bndbox></object><object><name>proposal</name><bndbox><xmin>315</xmin><ymin>408</ymin><xmax>65</xmax><ymax>35</ymax></bndbox></object><object><name>proposal</name><bndbox><xmin>303</xmin><ymin>392</ymin><xmax>98</xmax><ymax>28</ymax></bndbox></object><object><name>proposal</name><bndbox><xmin>269</xmin><ymin>398</ymin><xmax>86</xmax><ymax>70</ymax></bndbox></object><object><name>proposal</name><bndbox><xmin>311</xmin><ymin>384</ymin><xmax>88</xmax><ymax>64</ymax></bndbox></object><object><name>proposal</name><bndbox><xmin>589</xmin><ymin>412</ymin><xmax>186</xmax><ymax>76</ymax></bndbox></object><object><name>proposal</name><bndbox><xmin>310</xmin><ymin>392</ymin><xmax>91</xmax><ymax>47</ymax></bndbox></object><object><name>proposal</name><bndbox><xmin>349</xmin><ymin>410</ymin><xmax>77</xmax><ymax>34</ymax></bndbox></object><object><name>proposal</name><bndbox><xmin>295</xmin><ymin>384</ymin><xmax>117</xmax><ymax>81</ymax></bndbox></object><object><name>proposal</name><bndbox><xmin>296</xmin><ymin>406</ymin><xmax>116</xmax><ymax>59</ymax></bndbox></object><object><name>proposal</name><bndbox><xmin>319</xmin><ymin>384</ymin><xmax>80</xmax><ymax>31</ymax></bndbox></object><object><name>proposal</name><bndbox><xmin>315</xmin><ymin>402</ymin><xmax>111</xmax><ymax>42</ymax></bndbox></object><object><name>proposal</name><bndbox><xmin>309</xmin><ymin>392</ymin><xmax>92</xmax><ymax>49</ymax></bndbox></object><object><name>proposal</name><bndbox><xmin>316</xmin><ymin>391</ymin><xmax>85</xmax><ymax>34</ymax></bndbox></object><object><name>proposal</name><bndbox><xmin>597</xmin><ymin>403</ymin><xmax>99</xmax><ymax>97</ymax></bndbox></object><object><name>proposal</name><bndbox><xmin>315</xmin><ymin>382</ymin><xmax>111</xmax><ymax>62</ymax></bndbox></object><object><name>proposal</name><bndbox><xmin>608</xmin><ymin>412</ymin><xmax>158</xmax><ymax>77</ymax></bndbox></object><object><name>proposal</name><bndbox><xmin>616</xmin><ymin>409</ymin><xmax>95</xmax><ymax>55</ymax></bndbox></object><object><name>proposal</name><bndbox><xmin>597</xmin><ymin>427</ymin><xmax>75</xmax><ymax>73</ymax></bndbox></object><object><name>proposal</name><bndbox><xmin>630</xmin><ymin>427</ymin><xmax>47</xmax><ymax>35</ymax></bndbox></object><object><name>proposal</name><bndbox><xmin>634</xmin><ymin>426</ymin><xmax>82</xmax><ymax>42</ymax></bndbox></object><object><name>proposal</name><bndbox><xmin>315</xmin><ymin>402</ymin><xmax>69</xmax><ymax>36</ymax></bndbox></object><object><name>proposal</name><bndbox><xmin>318</xmin><ymin>392</ymin><xmax>83</xmax><ymax>32</ymax></bndbox></object><object><name>proposal</name><bndbox><xmin>349</xmin><ymin>411</ymin><xmax>60</xmax><ymax>32</ymax></bndbox></object><object><name>proposal</name><bndbox><xmin>311</xmin><ymin>384</ymin><xmax>91</xmax><ymax>64</ymax></bndbox></object><object><name>proposal</name><bndbox><xmin>349</xmin><ymin>398</ymin><xmax>60</xmax><ymax>45</ymax></bndbox></object><object><name>proposal</name><bndbox><xmin>634</xmin><ymin>409</ymin><xmax>82</xmax><ymax>59</ymax></bndbox></object><object><name>proposal</name><bndbox><xmin>634</xmin><ymin>426</ymin><xmax>123</xmax><ymax>42</ymax></bndbox></object><object><name>proposal</name><bndbox><xmin>631</xmin><ymin>412</ymin><xmax>151</xmax><ymax>67</ymax></bndbox></object><object><name>proposal</name><bndbox><xmin>318</xmin><ymin>392</ymin><xmax>83</xmax><ymax>42</ymax></bndbox></object><object><name>proposal</name><bndbox><xmin>307</xmin><ymin>392</ymin><xmax>94</xmax><ymax>57</ymax></bndbox></object><object><name>proposal</name><bndbox><xmin>356</xmin><ymin>410</ymin><xmax>70</xmax><ymax>34</ymax></bndbox></object><object><name>proposal</name><bndbox><xmin>311</xmin><ymin>398</ymin><xmax>98</xmax><ymax>50</ymax></bndbox></object><object><name>proposal</name><bndbox><xmin>269</xmin><ymin>382</ymin><xmax>157</xmax><ymax>86</ymax></bndbox></object><object><name>proposal</name><bndbox><xmin>308</xmin><ymin>392</ymin><xmax>93</xmax><ymax>57</ymax></bndbox></object><object><name>proposal</name><bndbox><xmin>295</xmin><ymin>384</ymin><xmax>106</xmax><ymax>38</ymax></bndbox></object><object><name>proposal</name><bndbox><xmin>598</xmin><ymin>409</ymin><xmax>110</xmax><ymax>91</ymax></bndbox></object><object><name>proposal</name><bndbox><xmin>315</xmin><ymin>382</ymin><xmax>84</xmax><ymax>59</ymax></bndbox></object><object><name>proposal</name><bndbox><xmin>578</xmin><ymin>409</ymin><xmax>138</xmax><ymax>92</ymax></bndbox></object><object><name>proposal</name><bndbox><xmin>310</xmin><ymin>392</ymin><xmax>91</xmax><ymax>49</ymax></bndbox></object><object><name>proposal</name><bndbox><xmin>317</xmin><ymin>382</ymin><xmax>82</xmax><ymax>38</ymax></bndbox></object></annotation>