<annotation><folder>Proposals</folder><filename>img-258.jpg</filename><size><width>720</width><height>720</height><depth>3</depth></size><object><name>proposal</name><bndbox><xmin>351</xmin><ymin>378</ymin><xmax>191</xmax><ymax>93</ymax></bndbox></object><object><name>proposal</name><bndbox><xmin>283</xmin><ymin>343</ymin><xmax>92</xmax><ymax>73</ymax></bndbox></object><object><name>proposal</name><bndbox><xmin>337</xmin><ymin>399</ymin><xmax>126</xmax><ymax>81</ymax></bndbox></object><object><name>proposal</name><bndbox><xmin>354</xmin><ymin>384</ymin><xmax>138</xmax><ymax>81</ymax></bndbox></object><object><name>proposal</name><bndbox><xmin>355</xmin><ymin>385</ymin><xmax>162</xmax><ymax>92</ymax></bndbox></object><object><name>proposal</name><bndbox><xmin>265</xmin><ymin>130</ymin><xmax>383</xmax><ymax>321</ymax></bndbox></object><object><name>proposal</name><bndbox><xmin>283</xmin><ymin>342</ymin><xmax>92</xmax><ymax>72</ymax></bndbox></object><object><name>proposal</name><bndbox><xmin>306</xmin><ymin>340</ymin><xmax>129</xmax><ymax>66</ymax></bndbox></object><object><name>proposal</name><bndbox><xmin>338</xmin><ymin>375</ymin><xmax>156</xmax><ymax>96</ymax></bndbox></object><object><name>proposal</name><bndbox><xmin>337</xmin><ymin>366</ymin><xmax>194</xmax><ymax>106</ymax></bndbox></object><object><name>proposal</name><bndbox><xmin>379</xmin><ymin>296</ymin><xmax>263</xmax><ymax>152</ymax></bndbox></object><object><name>proposal</name><bndbox><xmin>296</xmin><ymin>320</ymin><xmax>177</xmax><ymax>124</ymax></bndbox></object><object><name>proposal</name><bndbox><xmin>296</xmin><ymin>356</ymin><xmax>204</xmax><ymax>116</ymax></bndbox></object><object><name>proposal</name><bndbox><xmin>296</xmin><ymin>340</ymin><xmax>79</xmax><ymax>76</ymax></bndbox></object><object><name>proposal</name><bndbox><xmin>294</xmin><ymin>268</ymin><xmax>458</xmax><ymax>260</ymax></bndbox></object><object><name>proposal</name><bndbox><xmin>351</xmin><ymin>378</ymin><xmax>188</xmax><ymax>98</ymax></bndbox></object><object><name>proposal</name><bndbox><xmin>145</xmin><ymin>325</ymin><xmax>350</xmax><ymax>146</ymax></bndbox></object><object><name>proposal</name><bndbox><xmin>308</xmin><ymin>385</ymin><xmax>298</xmax><ymax>157</ymax></bndbox></object><object><name>proposal</name><bndbox><xmin>302</xmin><ymin>339</ymin><xmax>133</xmax><ymax>66</ymax></bndbox></object><object><name>proposal</name><bndbox><xmin>285</xmin><ymin>322</ymin><xmax>515</xmax><ymax>251</ymax></bndbox></object><object><name>proposal</name><bndbox><xmin>283</xmin><ymin>254</ymin><xmax>469</xmax><ymax>274</ymax></bndbox></object><object><name>proposal</name><bndbox><xmin>338</xmin><ymin>400</ymin><xmax>145</xmax><ymax>71</ymax></bndbox></object><object><name>proposal</name><bndbox><xmin>355</xmin><ymin>383</ymin><xmax>162</xmax><ymax>88</ymax></bndbox></object><object><name>proposal</name><bndbox><xmin>280</xmin><ymin>316</ymin><xmax>434</xmax><ymax>201</ymax></bndbox></object><object><name>proposal</name><bndbox><xmin>284</xmin><ymin>414</ymin><xmax>211</xmax><ymax>119</ymax></bndbox></object><object><name>proposal</name><bndbox><xmin>349</xmin><ymin>385</ymin><xmax>168</xmax><ymax>86</ymax></bndbox></object><object><name>proposal</name><bndbox><xmin>355</xmin><ymin>385</ymin><xmax>162</xmax><ymax>86</ymax></bndbox></object><object><name>proposal</name><bndbox><xmin>337</xmin><ymin>375</ymin><xmax>155</xmax><ymax>69</ymax></bndbox></object><object><name>proposal</name><bndbox><xmin>296</xmin><ymin>345</ymin><xmax>148</xmax><ymax>71</ymax></bndbox></object><object><name>proposal</name><bndbox><xmin>337</xmin><ymin>358</ymin><xmax>205</xmax><ymax>93</ymax></bndbox></object><object><name>proposal</name><bndbox><xmin>383</xmin><ymin>391</ymin><xmax>111</xmax><ymax>52</ymax></bndbox></object><object><name>proposal</name><bndbox><xmin>338</xmin><ymin>338</ymin><xmax>241</xmax><ymax>175</ymax></bndbox></object><object><name>proposal</name><bndbox><xmin>337</xmin><ymin>399</ymin><xmax>147</xmax><ymax>92</ymax></bndbox></object><object><name>proposal</name><bndbox><xmin>337</xmin><ymin>358</ymin><xmax>205</xmax><ymax>98</ymax></bndbox></object><object><name>proposal</name><bndbox><xmin>287</xmin><ymin>343</ymin><xmax>88</xmax><ymax>63</ymax></bndbox></object><object><name>proposal</name><bndbox><xmin>337</xmin><ymin>362</ymin><xmax>193</xmax><ymax>108</ymax></bndbox></object><object><name>proposal</name><bndbox><xmin>351</xmin><ymin>326</ymin><xmax>144</xmax><ymax>56</ymax></bndbox></object><object><name>proposal</name><bndbox><xmin>282</xmin><ymin>209</ymin><xmax>368</xmax><ymax>227</ymax></bndbox></object><object><name>proposal</name><bndbox><xmin>180</xmin><ymin>264</ymin><xmax>399</xmax><ymax>315</ymax></bndbox></object><object><name>proposal</name><bndbox><xmin>287</xmin><ymin>357</ymin><xmax>185</xmax><ymax>52</ymax></bndbox></object><object><name>proposal</name><bndbox><xmin>33</xmin><ymin>333</ymin><xmax>479</xmax><ymax>172</ymax></bndbox></object><object><name>proposal</name><bndbox><xmin>410</xmin><ymin>296</ymin><xmax>232</xmax><ymax>152</ymax></bndbox></object><object><name>proposal</name><bndbox><xmin>296</xmin><ymin>323</ymin><xmax>250</xmax><ymax>149</ymax></bndbox></object><object><name>proposal</name><bndbox><xmin>338</xmin><ymin>384</ymin><xmax>183</xmax><ymax>87</ymax></bndbox></object><object><name>proposal</name><bndbox><xmin>280</xmin><ymin>355</ymin><xmax>260</xmax><ymax>89</ymax></bndbox></object><object><name>proposal</name><bndbox><xmin>267</xmin><ymin>305</ymin><xmax>319</xmax><ymax>151</ymax></bndbox></object><object><name>proposal</name><bndbox><xmin>296</xmin><ymin>372</ymin><xmax>223</xmax><ymax>130</ymax></bndbox></object><object><name>proposal</name><bndbox><xmin>296</xmin><ymin>323</ymin><xmax>227</xmax><ymax>122</ymax></bndbox></object><object><name>proposal</name><bndbox><xmin>285</xmin><ymin>323</ymin><xmax>434</xmax><ymax>250</ymax></bndbox></object><object><name>proposal</name><bndbox><xmin>280</xmin><ymin>361</ymin><xmax>192</xmax><ymax>110</ymax></bndbox></object><object><name>proposal</name><bndbox><xmin>337</xmin><ymin>399</ymin><xmax>124</xmax><ymax>77</ymax></bndbox></object><object><name>proposal</name><bndbox><xmin>280</xmin><ymin>316</ymin><xmax>260</xmax><ymax>155</ymax></bndbox></object><object><name>proposal</name><bndbox><xmin>338</xmin><ymin>384</ymin><xmax>156</xmax><ymax>87</ymax></bndbox></object><object><name>proposal</name><bndbox><xmin>348</xmin><ymin>335</ymin><xmax>147</xmax><ymax>74</ymax></bndbox></object><object><name>proposal</name><bndbox><xmin>278</xmin><ymin>316</ymin><xmax>432</xmax><ymax>235</ymax></bndbox></object><object><name>proposal</name><bndbox><xmin>351</xmin><ymin>279</ymin><xmax>369</xmax><ymax>198</ymax></bndbox></object><object><name>proposal</name><bndbox><xmin>246</xmin><ymin>252</ymin><xmax>483</xmax><ymax>188</ymax></bndbox></object><object><name>proposal</name><bndbox><xmin>241</xmin><ymin>209</ymin><xmax>408</xmax><ymax>227</ymax></bndbox></object><object><name>proposal</name><bndbox><xmin>296</xmin><ymin>349</ymin><xmax>225</xmax><ymax>95</ymax></bndbox></object><object><name>proposal</name><bndbox><xmin>278</xmin><ymin>355</ymin><xmax>214</xmax><ymax>110</ymax></bndbox></object><object><name>proposal</name><bndbox><xmin>337</xmin><ymin>375</ymin><xmax>198</xmax><ymax>75</ymax></bndbox></object><object><name>proposal</name><bndbox><xmin>283</xmin><ymin>317</ymin><xmax>92</xmax><ymax>99</ymax></bndbox></object><object><name>proposal</name><bndbox><xmin>337</xmin><ymin>361</ymin><xmax>203</xmax><ymax>109</ymax></bndbox></object><object><name>proposal</name><bndbox><xmin>145</xmin><ymin>199</ymin><xmax>319</xmax><ymax>277</ymax></bndbox></object><object><name>proposal</name><bndbox><xmin>280</xmin><ymin>322</ymin><xmax>436</xmax><ymax>195</ymax></bndbox></object><object><name>proposal</name><bndbox><xmin>411</xmin><ymin>366</ymin><xmax>120</xmax><ymax>71</ymax></bndbox></object><object><name>proposal</name><bndbox><xmin>287</xmin><ymin>342</ymin><xmax>88</xmax><ymax>63</ymax></bndbox></object><object><name>proposal</name><bndbox><xmin>411</xmin><ymin>379</ymin><xmax>88</xmax><ymax>72</ymax></bndbox></object><object><name>proposal</name><bndbox><xmin>267</xmin><ymin>307</ymin><xmax>319</xmax><ymax>137</ymax></bndbox></object><object><name>proposal</name><bndbox><xmin>278</xmin><ymin>252</ymin><xmax>451</xmax><ymax>188</ymax></bndbox></object><object><name>proposal</name><bndbox><xmin>379</xmin><ymin>305</ymin><xmax>207</xmax><ymax>146</ymax></bndbox></object><object><name>proposal</name><bndbox><xmin>296</xmin><ymin>372</ymin><xmax>223</xmax><ymax>144</ymax></bndbox></object><object><name>proposal</name><bndbox><xmin>355</xmin><ymin>384</ymin><xmax>139</xmax><ymax>81</ymax></bndbox></object><object><name>proposal</name><bndbox><xmin>349</xmin><ymin>376</ymin><xmax>259</xmax><ymax>101</ymax></bndbox></object><object><name>proposal</name><bndbox><xmin>296</xmin><ymin>323</ymin><xmax>148</xmax><ymax>93</ymax></bndbox></object><object><name>proposal</name><bndbox><xmin>296</xmin><ymin>351</ymin><xmax>239</xmax><ymax>153</ymax></bndbox></object><object><name>proposal</name><bndbox><xmin>351</xmin><ymin>341</ymin><xmax>168</xmax><ymax>57</ymax></bndbox></object><object><name>proposal</name><bndbox><xmin>267</xmin><ymin>356</ymin><xmax>203</xmax><ymax>84</ymax></bndbox></object><object><name>proposal</name><bndbox><xmin>337</xmin><ymin>400</ymin><xmax>110</xmax><ymax>50</ymax></bndbox></object><object><name>proposal</name><bndbox><xmin>337</xmin><ymin>325</ymin><xmax>382</xmax><ymax>142</ymax></bndbox></object><object><name>proposal</name><bndbox><xmin>296</xmin><ymin>355</ymin><xmax>242</xmax><ymax>117</ymax></bndbox></object><object><name>proposal</name><bndbox><xmin>338</xmin><ymin>385</ymin><xmax>137</xmax><ymax>82</ymax></bndbox></object><object><name>proposal</name><bndbox><xmin>282</xmin><ymin>357</ymin><xmax>230</xmax><ymax>90</ymax></bndbox></object><object><name>proposal</name><bndbox><xmin>306</xmin><ymin>254</ymin><xmax>423</xmax><ymax>186</ymax></bndbox></object><object><name>proposal</name><bndbox><xmin>351</xmin><ymin>383</ymin><xmax>165</xmax><ymax>94</ymax></bndbox></object><object><name>proposal</name><bndbox><xmin>278</xmin><ymin>316</ymin><xmax>194</xmax><ymax>126</ymax></bndbox></object><object><name>proposal</name><bndbox><xmin>436</xmin><ymin>355</ymin><xmax>104</xmax><ymax>74</ymax></bndbox></object><object><name>proposal</name><bndbox><xmin>282</xmin><ymin>384</ymin><xmax>212</xmax><ymax>88</ymax></bndbox></object><object><name>proposal</name><bndbox><xmin>353</xmin><ymin>333</ymin><xmax>357</xmax><ymax>132</ymax></bndbox></object><object><name>proposal</name><bndbox><xmin>232</xmin><ymin>264</ymin><xmax>404</xmax><ymax>168</ymax></bndbox></object><object><name>proposal</name><bndbox><xmin>296</xmin><ymin>351</ymin><xmax>225</xmax><ymax>93</ymax></bndbox></object><object><name>proposal</name><bndbox><xmin>284</xmin><ymin>296</ymin><xmax>358</xmax><ymax>255</ymax></bndbox></object><object><name>proposal</name><bndbox><xmin>267</xmin><ymin>305</ymin><xmax>319</xmax><ymax>139</ymax></bndbox></object><object><name>proposal</name><bndbox><xmin>337</xmin><ymin>375</ymin><xmax>157</xmax><ymax>75</ymax></bndbox></object><object><name>proposal</name><bndbox><xmin>282</xmin><ymin>357</ymin><xmax>190</xmax><ymax>82</ymax></bndbox></object><object><name>proposal</name><bndbox><xmin>296</xmin><ymin>372</ymin><xmax>239</xmax><ymax>144</ymax></bndbox></object><object><name>proposal</name><bndbox><xmin>377</xmin><ymin>366</ymin><xmax>119</xmax><ymax>88</ymax></bndbox></object><object><name>proposal</name><bndbox><xmin>354</xmin><ymin>407</ymin><xmax>136</xmax><ymax>58</ymax></bndbox></object><object><name>proposal</name><bndbox><xmin>411</xmin><ymin>366</ymin><xmax>120</xmax><ymax>85</ymax></bndbox></object><object><name>proposal</name><bndbox><xmin>337</xmin><ymin>375</ymin><xmax>297</xmax><ymax>134</ymax></bndbox></object><object><name>proposal</name><bndbox><xmin>349</xmin><ymin>385</ymin><xmax>168</xmax><ymax>92</ymax></bndbox></object><object><name>proposal</name><bndbox><xmin>345</xmin><ymin>381</ymin><xmax>190</xmax><ymax>123</ymax></bndbox></object><object><name>proposal</name><bndbox><xmin>410</xmin><ymin>296</ymin><xmax>232</xmax><ymax>189</ymax></bndbox></object><object><name>proposal</name><bndbox><xmin>411</xmin><ymin>352</ymin><xmax>153</xmax><ymax>66</ymax></bndbox></object><object><name>proposal</name><bndbox><xmin>296</xmin><ymin>320</ymin><xmax>225</xmax><ymax>124</ymax></bndbox></object><object><name>proposal</name><bndbox><xmin>337</xmin><ymin>399</ymin><xmax>147</xmax><ymax>55</ymax></bndbox></object><object><name>proposal</name><bndbox><xmin>337</xmin><ymin>376</ymin><xmax>182</xmax><ymax>68</ymax></bndbox></object><object><name>proposal</name><bndbox><xmin>282</xmin><ymin>357</ymin><xmax>212</xmax><ymax>115</ymax></bndbox></object><object><name>proposal</name><bndbox><xmin>355</xmin><ymin>376</ymin><xmax>253</xmax><ymax>95</ymax></bndbox></object><object><name>proposal</name><bndbox><xmin>296</xmin><ymin>351</ymin><xmax>220</xmax><ymax>93</ymax></bndbox></object><object><name>proposal</name><bndbox><xmin>355</xmin><ymin>376</ymin><xmax>253</xmax><ymax>101</ymax></bndbox></object><object><name>proposal</name><bndbox><xmin>180</xmin><ymin>345</ymin><xmax>399</xmax><ymax>234</ymax></bndbox></object><object><name>proposal</name><bndbox><xmin>296</xmin><ymin>356</ymin><xmax>177</xmax><ymax>88</ymax></bndbox></object><object><name>proposal</name><bndbox><xmin>355</xmin><ymin>383</ymin><xmax>180</xmax><ymax>133</ymax></bndbox></object><object><name>proposal</name><bndbox><xmin>351</xmin><ymin>296</ymin><xmax>285</xmax><ymax>136</ymax></bndbox></object><object><name>proposal</name><bndbox><xmin>337</xmin><ymin>375</ymin><xmax>157</xmax><ymax>92</ymax></bndbox></object><object><name>proposal</name><bndbox><xmin>337</xmin><ymin>391</ymin><xmax>157</xmax><ymax>74</ymax></bndbox></object><object><name>proposal</name><bndbox><xmin>411</xmin><ymin>375</ymin><xmax>108</xmax><ymax>62</ymax></bndbox></object><object><name>proposal</name><bndbox><xmin>278</xmin><ymin>316</ymin><xmax>324</xmax><ymax>151</ymax></bndbox></object><object><name>proposal</name><bndbox><xmin>345</xmin><ymin>381</ymin><xmax>174</xmax><ymax>90</ymax></bndbox></object><object><name>proposal</name><bndbox><xmin>345</xmin><ymin>381</ymin><xmax>190</xmax><ymax>135</ymax></bndbox></object><object><name>proposal</name><bndbox><xmin>296</xmin><ymin>356</ymin><xmax>223</xmax><ymax>88</ymax></bndbox></object><object><name>proposal</name><bndbox><xmin>299</xmin><ymin>323</ymin><xmax>139</xmax><ymax>83</ymax></bndbox></object><object><name>proposal</name><bndbox><xmin>337</xmin><ymin>375</ymin><xmax>155</xmax><ymax>81</ymax></bndbox></object><object><name>proposal</name><bndbox><xmin>338</xmin><ymin>384</ymin><xmax>264</xmax><ymax>83</ymax></bndbox></object><object><name>proposal</name><bndbox><xmin>338</xmin><ymin>385</ymin><xmax>178</xmax><ymax>95</ymax></bndbox></object><object><name>proposal</name><bndbox><xmin>280</xmin><ymin>316</ymin><xmax>164</xmax><ymax>128</ymax></bndbox></object><object><name>proposal</name><bndbox><xmin>267</xmin><ymin>356</ymin><xmax>203</xmax><ymax>80</ymax></bndbox></object><object><name>proposal</name><bndbox><xmin>241</xmin><ymin>317</ymin><xmax>212</xmax><ymax>88</ymax></bndbox></object><object><name>proposal</name><bndbox><xmin>376</xmin><ymin>385</ymin><xmax>118</xmax><ymax>61</ymax></bndbox></object><object><name>proposal</name><bndbox><xmin>294</xmin><ymin>399</ymin><xmax>190</xmax><ymax>129</ymax></bndbox></object><object><name>proposal</name><bndbox><xmin>392</xmin><ymin>396</ymin><xmax>125</xmax><ymax>47</ymax></bndbox></object><object><name>proposal</name><bndbox><xmin>283</xmin><ymin>254</ymin><xmax>446</xmax><ymax>186</ymax></bndbox></object><object><name>proposal</name><bndbox><xmin>410</xmin><ymin>387</ymin><xmax>192</xmax><ymax>61</ymax></bndbox></object><object><name>proposal</name><bndbox><xmin>345</xmin><ymin>401</ymin><xmax>190</xmax><ymax>103</ymax></bndbox></object><object><name>proposal</name><bndbox><xmin>287</xmin><ymin>345</ymin><xmax>107</xmax><ymax>60</ymax></bndbox></object><object><name>proposal</name><bndbox><xmin>306</xmin><ymin>254</ymin><xmax>423</xmax><ymax>181</ymax></bndbox></object><object><name>proposal</name><bndbox><xmin>296</xmin><ymin>356</ymin><xmax>227</xmax><ymax>89</ymax></bndbox></object><object><name>proposal</name><bndbox><xmin>180</xmin><ymin>338</ymin><xmax>385</xmax><ymax>135</ymax></bndbox></object><object><name>proposal</name><bndbox><xmin>337</xmin><ymin>399</ymin><xmax>115</xmax><ymax>71</ymax></bndbox></object><object><name>proposal</name><bndbox><xmin>280</xmin><ymin>338</ymin><xmax>299</xmax><ymax>241</ymax></bndbox></object><object><name>proposal</name><bndbox><xmin>338</xmin><ymin>375</ymin><xmax>156</xmax><ymax>92</ymax></bndbox></object><object><name>proposal</name><bndbox><xmin>285</xmin><ymin>378</ymin><xmax>321</xmax><ymax>164</ymax></bndbox></object><object><name>proposal</name><bndbox><xmin>351</xmin><ymin>338</ymin><xmax>214</xmax><ymax>79</ymax></bndbox></object><object><name>proposal</name><bndbox><xmin>280</xmin><ymin>384</ymin><xmax>241</xmax><ymax>195</ymax></bndbox></object><object><name>proposal</name><bndbox><xmin>351</xmin><ymin>399</ymin><xmax>108</xmax><ymax>78</ymax></bndbox></object><object><name>proposal</name><bndbox><xmin>296</xmin><ymin>372</ymin><xmax>223</xmax><ymax>100</ymax></bndbox></object><object><name>proposal</name><bndbox><xmin>338</xmin><ymin>384</ymin><xmax>183</xmax><ymax>81</ymax></bndbox></object><object><name>proposal</name><bndbox><xmin>282</xmin><ymin>384</ymin><xmax>128</xmax><ymax>63</ymax></bndbox></object><object><name>proposal</name><bndbox><xmin>246</xmin><ymin>316</ymin><xmax>129</xmax><ymax>100</ymax></bndbox></object><object><name>proposal</name><bndbox><xmin>296</xmin><ymin>361</ymin><xmax>225</xmax><ymax>111</ymax></bndbox></object><object><name>proposal</name><bndbox><xmin>337</xmin><ymin>376</ymin><xmax>182</xmax><ymax>94</ymax></bndbox></object><object><name>proposal</name><bndbox><xmin>65</xmin><ymin>290</ymin><xmax>399</xmax><ymax>201</ymax></bndbox></object><object><name>proposal</name><bndbox><xmin>379</xmin><ymin>376</ymin><xmax>115</xmax><ymax>64</ymax></bndbox></object><object><name>proposal</name><bndbox><xmin>180</xmin><ymin>330</ymin><xmax>339</xmax><ymax>143</ymax></bndbox></object><object><name>proposal</name><bndbox><xmin>411</xmin><ymin>358</ymin><xmax>131</xmax><ymax>65</ymax></bndbox></object><object><name>proposal</name><bndbox><xmin>296</xmin><ymin>349</ymin><xmax>225</xmax><ymax>122</ymax></bndbox></object><object><name>proposal</name><bndbox><xmin>296</xmin><ymin>263</ymin><xmax>466</xmax><ymax>187</ymax></bndbox></object><object><name>proposal</name><bndbox><xmin>351</xmin><ymin>379</ymin><xmax>188</xmax><ymax>97</ymax></bndbox></object><object><name>proposal</name><bndbox><xmin>282</xmin><ymin>384</ymin><xmax>324</xmax><ymax>159</ymax></bndbox></object><object><name>proposal</name><bndbox><xmin>379</xmin><ymin>366</ymin><xmax>152</xmax><ymax>85</ymax></bndbox></object><object><name>proposal</name><bndbox><xmin>180</xmin><ymin>349</ymin><xmax>339</xmax><ymax>124</ymax></bndbox></object><object><name>proposal</name><bndbox><xmin>337</xmin><ymin>323</ymin><xmax>382</xmax><ymax>149</ymax></bndbox></object><object><name>proposal</name><bndbox><xmin>355</xmin><ymin>400</ymin><xmax>180</xmax><ymax>116</ymax></bndbox></object><object><name>proposal</name><bndbox><xmin>267</xmin><ymin>361</ymin><xmax>203</xmax><ymax>79</ymax></bndbox></object><object><name>proposal</name><bndbox><xmin>282</xmin><ymin>209</ymin><xmax>368</xmax><ymax>231</ymax></bndbox></object><object><name>proposal</name><bndbox><xmin>354</xmin><ymin>385</ymin><xmax>121</xmax><ymax>80</ymax></bndbox></object><object><name>proposal</name><bndbox><xmin>346</xmin><ymin>398</ymin><xmax>241</xmax><ymax>111</ymax></bndbox></object><object><name>proposal</name><bndbox><xmin>285</xmin><ymin>396</ymin><xmax>232</xmax><ymax>177</ymax></bndbox></object><object><name>proposal</name><bndbox><xmin>353</xmin><ymin>366</ymin><xmax>165</xmax><ymax>99</ymax></bndbox></object><object><name>proposal</name><bndbox><xmin>337</xmin><ymin>399</ymin><xmax>103</xmax><ymax>57</ymax></bndbox></object><object><name>proposal</name><bndbox><xmin>377</xmin><ymin>376</ymin><xmax>226</xmax><ymax>76</ymax></bndbox></object><object><name>proposal</name><bndbox><xmin>338</xmin><ymin>339</ymin><xmax>234</xmax><ymax>128</ymax></bndbox></object><object><name>proposal</name><bndbox><xmin>351</xmin><ymin>385</ymin><xmax>165</xmax><ymax>70</ymax></bndbox></object><object><name>proposal</name><bndbox><xmin>296</xmin><ymin>356</ymin><xmax>283</xmax><ymax>160</ymax></bndbox></object><object><name>proposal</name><bndbox><xmin>280</xmin><ymin>316</ymin><xmax>436</xmax><ymax>201</ymax></bndbox></object><object><name>proposal</name><bndbox><xmin>337</xmin><ymin>399</ymin><xmax>103</xmax><ymax>73</ymax></bndbox></object><object><name>proposal</name><bndbox><xmin>351</xmin><ymin>376</ymin><xmax>188</xmax><ymax>100</ymax></bndbox></object><object><name>proposal</name><bndbox><xmin>282</xmin><ymin>209</ymin><xmax>367</xmax><ymax>227</ymax></bndbox></object><object><name>proposal</name><bndbox><xmin>355</xmin><ymin>358</ymin><xmax>191</xmax><ymax>114</ymax></bndbox></object><object><name>proposal</name><bndbox><xmin>338</xmin><ymin>384</ymin><xmax>219</xmax><ymax>81</ymax></bndbox></object><object><name>proposal</name><bndbox><xmin>278</xmin><ymin>316</ymin><xmax>216</xmax><ymax>151</ymax></bndbox></object><object><name>proposal</name><bndbox><xmin>345</xmin><ymin>401</ymin><xmax>147</xmax><ymax>70</ymax></bndbox></object><object><name>proposal</name><bndbox><xmin>349</xmin><ymin>375</ymin><xmax>168</xmax><ymax>102</ymax></bndbox></object><object><name>proposal</name><bndbox><xmin>351</xmin><ymin>378</ymin><xmax>165</xmax><ymax>77</ymax></bndbox></object><object><name>proposal</name><bndbox><xmin>296</xmin><ymin>361</ymin><xmax>239</xmax><ymax>155</ymax></bndbox></object><object><name>proposal</name><bndbox><xmin>337</xmin><ymin>399</ymin><xmax>124</xmax><ymax>55</ymax></bndbox></object><object><name>proposal</name><bndbox><xmin>355</xmin><ymin>361</ymin><xmax>166</xmax><ymax>111</ymax></bndbox></object><object><name>proposal</name><bndbox><xmin>338</xmin><ymin>400</ymin><xmax>241</xmax><ymax>113</ymax></bndbox></object><object><name>proposal</name><bndbox><xmin>338</xmin><ymin>384</ymin><xmax>156</xmax><ymax>69</ymax></bndbox></object><object><name>proposal</name><bndbox><xmin>337</xmin><ymin>399</ymin><xmax>103</xmax><ymax>68</ymax></bndbox></object><object><name>proposal</name><bndbox><xmin>305</xmin><ymin>254</ymin><xmax>424</xmax><ymax>181</ymax></bndbox></object><object><name>proposal</name><bndbox><xmin>355</xmin><ymin>383</ymin><xmax>168</xmax><ymax>89</ymax></bndbox></object><object><name>proposal</name><bndbox><xmin>282</xmin><ymin>384</ymin><xmax>137</xmax><ymax>88</ymax></bndbox></object><object><name>proposal</name><bndbox><xmin>145</xmin><ymin>243</ymin><xmax>319</xmax><ymax>233</ymax></bndbox></object><object><name>proposal</name><bndbox><xmin>349</xmin><ymin>361</ymin><xmax>259</xmax><ymax>116</ymax></bndbox></object><object><name>proposal</name><bndbox><xmin>302</xmin><ymin>324</ymin><xmax>133</xmax><ymax>82</ymax></bndbox></object><object><name>proposal</name><bndbox><xmin>337</xmin><ymin>377</ymin><xmax>199</xmax><ymax>95</ymax></bndbox></object><object><name>proposal</name><bndbox><xmin>338</xmin><ymin>333</ymin><xmax>378</xmax><ymax>199</ymax></bndbox></object><object><name>proposal</name><bndbox><xmin>337</xmin><ymin>395</ymin><xmax>297</xmax><ymax>115</ymax></bndbox></object><object><name>proposal</name><bndbox><xmin>351</xmin><ymin>326</ymin><xmax>168</xmax><ymax>73</ymax></bndbox></object><object><name>proposal</name><bndbox><xmin>278</xmin><ymin>316</ymin><xmax>186</xmax><ymax>126</ymax></bndbox></object><object><name>proposal</name><bndbox><xmin>377</xmin><ymin>366</ymin><xmax>122</xmax><ymax>88</ymax></bndbox></object><object><name>proposal</name><bndbox><xmin>403</xmin><ymin>397</ymin><xmax>113</xmax><ymax>55</ymax></bndbox></object><object><name>proposal</name><bndbox><xmin>296</xmin><ymin>320</ymin><xmax>242</xmax><ymax>152</ymax></bndbox></object><object><name>proposal</name><bndbox><xmin>327</xmin><ymin>396</ymin><xmax>190</xmax><ymax>143</ymax></bndbox></object><object><name>proposal</name><bndbox><xmin>337</xmin><ymin>333</ymin><xmax>373</xmax><ymax>139</ymax></bndbox></object><object><name>proposal</name><bndbox><xmin>287</xmin><ymin>325</ymin><xmax>208</xmax><ymax>85</ymax></bndbox></object><object><name>proposal</name><bndbox><xmin>278</xmin><ymin>324</ymin><xmax>194</xmax><ymax>118</ymax></bndbox></object><object><name>proposal</name><bndbox><xmin>337</xmin><ymin>377</ymin><xmax>199</xmax><ymax>88</ymax></bndbox></object><object><name>proposal</name><bndbox><xmin>410</xmin><ymin>375</ymin><xmax>84</xmax><ymax>73</ymax></bndbox></object><object><name>proposal</name><bndbox><xmin>241</xmin><ymin>313</ymin><xmax>229</xmax><ymax>127</ymax></bndbox></object><object><name>proposal</name><bndbox><xmin>296</xmin><ymin>263</ymin><xmax>466</xmax><ymax>239</ymax></bndbox></object><object><name>proposal</name><bndbox><xmin>337</xmin><ymin>375</ymin><xmax>198</xmax><ymax>92</ymax></bndbox></object><object><name>proposal</name><bndbox><xmin>285</xmin><ymin>281</ymin><xmax>425</xmax><ymax>261</ymax></bndbox></object><object><name>proposal</name><bndbox><xmin>351</xmin><ymin>281</ymin><xmax>369</xmax><ymax>196</ymax></bndbox></object><object><name>proposal</name><bndbox><xmin>241</xmin><ymin>243</ymin><xmax>229</xmax><ymax>197</ymax></bndbox></object><object><name>proposal</name><bndbox><xmin>282</xmin><ymin>356</ymin><xmax>230</xmax><ymax>160</ymax></bndbox></object><object><name>proposal</name><bndbox><xmin>282</xmin><ymin>356</ymin><xmax>230</xmax><ymax>91</ymax></bndbox></object><object><name>proposal</name><bndbox><xmin>345</xmin><ymin>335</ymin><xmax>270</xmax><ymax>202</ymax></bndbox></object><object><name>proposal</name><bndbox><xmin>411</xmin><ymin>375</ymin><xmax>83</xmax><ymax>75</ymax></bndbox></object><object><name>proposal</name><bndbox><xmin>241</xmin><ymin>317</ymin><xmax>212</xmax><ymax>64</ymax></bndbox></object><object><name>proposal</name><bndbox><xmin>285</xmin><ymin>375</ymin><xmax>349</xmax><ymax>198</ymax></bndbox></object><object><name>proposal</name><bndbox><xmin>294</xmin><ymin>399</ymin><xmax>298</xmax><ymax>129</ymax></bndbox></object><object><name>proposal</name><bndbox><xmin>296</xmin><ymin>297</ymin><xmax>220</xmax><ymax>147</ymax></bndbox></object><object><name>proposal</name><bndbox><xmin>284</xmin><ymin>339</ymin><xmax>302</xmax><ymax>212</ymax></bndbox></object><object><name>proposal</name><bndbox><xmin>296</xmin><ymin>351</ymin><xmax>239</xmax><ymax>165</ymax></bndbox></object><object><name>proposal</name><bndbox><xmin>282</xmin><ymin>335</ymin><xmax>241</xmax><ymax>115</ymax></bndbox></object><object><name>proposal</name><bndbox><xmin>296</xmin><ymin>323</ymin><xmax>196</xmax><ymax>122</ymax></bndbox></object><object><name>proposal</name><bndbox><xmin>296</xmin><ymin>339</ymin><xmax>79</xmax><ymax>77</ymax></bndbox></object><object><name>proposal</name><bndbox><xmin>354</xmin><ymin>384</ymin><xmax>203</xmax><ymax>81</ymax></bndbox></object><object><name>proposal</name><bndbox><xmin>267</xmin><ymin>356</ymin><xmax>203</xmax><ymax>88</ymax></bndbox></object><object><name>proposal</name><bndbox><xmin>180</xmin><ymin>264</ymin><xmax>274</xmax><ymax>209</ymax></bndbox></object><object><name>proposal</name><bndbox><xmin>232</xmin><ymin>264</ymin><xmax>222</xmax><ymax>141</ymax></bndbox></object><object><name>proposal</name><bndbox><xmin>337</xmin><ymin>333</ymin><xmax>373</xmax><ymax>132</ymax></bndbox></object><object><name>proposal</name><bndbox><xmin>241</xmin><ymin>313</ymin><xmax>290</xmax><ymax>159</ymax></bndbox></object><object><name>proposal</name><bndbox><xmin>283</xmin><ymin>344</ymin><xmax>92</xmax><ymax>70</ymax></bndbox></object><object><name>proposal</name><bndbox><xmin>411</xmin><ymin>363</ymin><xmax>101</xmax><ymax>55</ymax></bndbox></object><object><name>proposal</name><bndbox><xmin>241</xmin><ymin>209</ymin><xmax>408</xmax><ymax>231</ymax></bndbox></object><object><name>proposal</name><bndbox><xmin>337</xmin><ymin>375</ymin><xmax>182</xmax><ymax>95</ymax></bndbox></object><object><name>proposal</name><bndbox><xmin>145</xmin><ymin>306</ymin><xmax>294</xmax><ymax>165</ymax></bndbox></object><object><name>proposal</name><bndbox><xmin>296</xmin><ymin>320</ymin><xmax>283</xmax><ymax>196</ymax></bndbox></object><object><name>proposal</name><bndbox><xmin>411</xmin><ymin>362</ymin><xmax>119</xmax><ymax>75</ymax></bndbox></object><object><name>proposal</name><bndbox><xmin>241</xmin><ymin>257</ymin><xmax>301</xmax><ymax>149</ymax></bndbox></object><object><name>proposal</name><bndbox><xmin>306</xmin><ymin>345</ymin><xmax>138</xmax><ymax>61</ymax></bndbox></object><object><name>proposal</name><bndbox><xmin>285</xmin><ymin>333</ymin><xmax>416</xmax><ymax>200</ymax></bndbox></object><object><name>proposal</name><bndbox><xmin>296</xmin><ymin>355</ymin><xmax>225</xmax><ymax>89</ymax></bndbox></object><object><name>proposal</name><bndbox><xmin>294</xmin><ymin>358</ymin><xmax>298</xmax><ymax>170</ymax></bndbox></object><object><name>proposal</name><bndbox><xmin>337</xmin><ymin>331</ymin><xmax>234</xmax><ymax>182</ymax></bndbox></object><object><name>proposal</name><bndbox><xmin>349</xmin><ymin>383</ymin><xmax>168</xmax><ymax>88</ymax></bndbox></object><object><name>proposal</name><bndbox><xmin>296</xmin><ymin>297</ymin><xmax>239</xmax><ymax>219</ymax></bndbox></object><object><name>proposal</name><bndbox><xmin>296</xmin><ymin>320</ymin><xmax>223</xmax><ymax>134</ymax></bndbox></object><object><name>proposal</name><bndbox><xmin>351</xmin><ymin>378</ymin><xmax>165</xmax><ymax>99</ymax></bndbox></object><object><name>proposal</name><bndbox><xmin>282</xmin><ymin>296</ymin><xmax>357</xmax><ymax>220</ymax></bndbox></object><object><name>proposal</name><bndbox><xmin>285</xmin><ymin>391</ymin><xmax>232</xmax><ymax>182</ymax></bndbox></object><object><name>proposal</name><bndbox><xmin>278</xmin><ymin>355</ymin><xmax>186</xmax><ymax>87</ymax></bndbox></object><object><name>proposal</name><bndbox><xmin>377</xmin><ymin>385</ymin><xmax>117</xmax><ymax>67</ymax></bndbox></object><object><name>proposal</name><bndbox><xmin>351</xmin><ymin>385</ymin><xmax>165</xmax><ymax>86</ymax></bndbox></object><object><name>proposal</name><bndbox><xmin>337</xmin><ymin>361</ymin><xmax>203</xmax><ymax>119</ymax></bndbox></object><object><name>proposal</name><bndbox><xmin>282</xmin><ymin>209</ymin><xmax>367</xmax><ymax>231</ymax></bndbox></object><object><name>proposal</name><bndbox><xmin>354</xmin><ymin>387</ymin><xmax>238</xmax><ymax>129</ymax></bndbox></object><object><name>proposal</name><bndbox><xmin>337</xmin><ymin>375</ymin><xmax>182</xmax><ymax>76</ymax></bndbox></object><object><name>proposal</name><bndbox><xmin>296</xmin><ymin>233</ymin><xmax>504</xmax><ymax>217</ymax></bndbox></object><object><name>proposal</name><bndbox><xmin>296</xmin><ymin>320</ymin><xmax>196</xmax><ymax>124</ymax></bndbox></object><object><name>proposal</name><bndbox><xmin>180</xmin><ymin>345</ymin><xmax>359</xmax><ymax>128</ymax></bndbox></object><object><name>proposal</name><bndbox><xmin>180</xmin><ymin>264</ymin><xmax>385</xmax><ymax>209</ymax></bndbox></object><object><name>proposal</name><bndbox><xmin>377</xmin><ymin>385</ymin><xmax>117</xmax><ymax>61</ymax></bndbox></object><object><name>proposal</name><bndbox><xmin>337</xmin><ymin>375</ymin><xmax>182</xmax><ymax>81</ymax></bndbox></object><object><name>proposal</name><bndbox><xmin>337</xmin><ymin>399</ymin><xmax>147</xmax><ymax>52</ymax></bndbox></object><object><name>proposal</name><bndbox><xmin>287</xmin><ymin>345</ymin><xmax>88</xmax><ymax>61</ymax></bndbox></object><object><name>proposal</name><bndbox><xmin>337</xmin><ymin>391</ymin><xmax>103</xmax><ymax>81</ymax></bndbox></object><object><name>proposal</name><bndbox><xmin>338</xmin><ymin>384</ymin><xmax>201</xmax><ymax>87</ymax></bndbox></object><object><name>proposal</name><bndbox><xmin>351</xmin><ymin>325</ymin><xmax>144</xmax><ymax>57</ymax></bndbox></object><object><name>proposal</name><bndbox><xmin>379</xmin><ymin>377</ymin><xmax>157</xmax><ymax>71</ymax></bndbox></object><object><name>proposal</name><bndbox><xmin>355</xmin><ymin>400</ymin><xmax>145</xmax><ymax>72</ymax></bndbox></object><object><name>proposal</name><bndbox><xmin>241</xmin><ymin>257</ymin><xmax>379</xmax><ymax>148</ymax></bndbox></object><object><name>proposal</name><bndbox><xmin>345</xmin><ymin>401</ymin><xmax>190</xmax><ymax>115</ymax></bndbox></object><object><name>proposal</name><bndbox><xmin>278</xmin><ymin>355</ymin><xmax>246</xmax><ymax>110</ymax></bndbox></object><object><name>proposal</name><bndbox><xmin>223</xmin><ymin>296</ymin><xmax>416</xmax><ymax>298</ymax></bndbox></object><object><name>proposal</name><bndbox><xmin>374</xmin><ymin>349</ymin><xmax>145</xmax><ymax>50</ymax></bndbox></object><object><name>proposal</name><bndbox><xmin>278</xmin><ymin>355</ymin><xmax>194</xmax><ymax>87</ymax></bndbox></object><object><name>proposal</name><bndbox><xmin>285</xmin><ymin>396</ymin><xmax>232</xmax><ymax>143</ymax></bndbox></object><object><name>proposal</name><bndbox><xmin>285</xmin><ymin>398</ymin><xmax>231</xmax><ymax>175</ymax></bndbox></object><object><name>proposal</name><bndbox><xmin>337</xmin><ymin>399</ymin><xmax>124</xmax><ymax>52</ymax></bndbox></object><object><name>proposal</name><bndbox><xmin>376</xmin><ymin>379</ymin><xmax>96</xmax><ymax>61</ymax></bndbox></object><object><name>proposal</name><bndbox><xmin>377</xmin><ymin>400</ymin><xmax>117</xmax><ymax>46</ymax></bndbox></object><object><name>proposal</name><bndbox><xmin>302</xmin><ymin>344</ymin><xmax>133</xmax><ymax>61</ymax></bndbox></object><object><name>proposal</name><bndbox><xmin>338</xmin><ymin>378</ymin><xmax>178</xmax><ymax>102</ymax></bndbox></object><object><name>proposal</name><bndbox><xmin>267</xmin><ymin>305</ymin><xmax>319</xmax><ymax>149</ymax></bndbox></object><object><name>proposal</name><bndbox><xmin>280</xmin><ymin>361</ymin><xmax>164</xmax><ymax>83</ymax></bndbox></object><object><name>proposal</name><bndbox><xmin>296</xmin><ymin>356</ymin><xmax>196</xmax><ymax>88</ymax></bndbox></object><object><name>proposal</name><bndbox><xmin>337</xmin><ymin>376</ymin><xmax>157</xmax><ymax>68</ymax></bndbox></object><object><name>proposal</name><bndbox><xmin>337</xmin><ymin>352</ymin><xmax>250</xmax><ymax>157</ymax></bndbox></object><object><name>proposal</name><bndbox><xmin>285</xmin><ymin>352</ymin><xmax>349</xmax><ymax>221</ymax></bndbox></object><object><name>proposal</name><bndbox><xmin>351</xmin><ymin>378</ymin><xmax>165</xmax><ymax>93</ymax></bndbox></object><object><name>proposal</name><bndbox><xmin>278</xmin><ymin>316</ymin><xmax>222</xmax><ymax>235</ymax></bndbox></object><object><name>proposal</name><bndbox><xmin>403</xmin><ymin>397</ymin><xmax>113</xmax><ymax>115</ymax></bndbox></object><object><name>proposal</name><bndbox><xmin>418</xmin><ymin>375</ymin><xmax>103</xmax><ymax>62</ymax></bndbox></object><object><name>proposal</name><bndbox><xmin>180</xmin><ymin>345</ymin><xmax>271</xmax><ymax>128</ymax></bndbox></object><object><name>proposal</name><bndbox><xmin>374</xmin><ymin>338</ymin><xmax>191</xmax><ymax>99</ymax></bndbox></object><object><name>proposal</name><bndbox><xmin>403</xmin><ymin>397</ymin><xmax>113</xmax><ymax>49</ymax></bndbox></object><object><name>proposal</name><bndbox><xmin>283</xmin><ymin>254</ymin><xmax>469</xmax><ymax>187</ymax></bndbox></object><object><name>proposal</name><bndbox><xmin>296</xmin><ymin>320</ymin><xmax>239</xmax><ymax>196</ymax></bndbox></object><object><name>proposal</name><bndbox><xmin>351</xmin><ymin>326</ymin><xmax>214</xmax><ymax>73</ymax></bndbox></object><object><name>proposal</name><bndbox><xmin>285</xmin><ymin>361</ymin><xmax>321</xmax><ymax>181</ymax></bndbox></object><object><name>proposal</name><bndbox><xmin>338</xmin><ymin>409</ymin><xmax>146</xmax><ymax>71</ymax></bndbox></object><object><name>proposal</name><bndbox><xmin>296</xmin><ymin>263</ymin><xmax>466</xmax><ymax>250</ymax></bndbox></object><object><name>proposal</name><bndbox><xmin>379</xmin><ymin>399</ymin><xmax>104</xmax><ymax>52</ymax></bndbox></object><object><name>proposal</name><bndbox><xmin>285</xmin><ymin>333</ymin><xmax>425</xmax><ymax>240</ymax></bndbox></object><object><name>proposal</name><bndbox><xmin>241</xmin><ymin>243</ymin><xmax>360</xmax><ymax>330</ymax></bndbox></object><object><name>proposal</name><bndbox><xmin>377</xmin><ymin>400</ymin><xmax>122</xmax><ymax>54</ymax></bndbox></object><object><name>proposal</name><bndbox><xmin>285</xmin><ymin>281</ymin><xmax>431</xmax><ymax>261</ymax></bndbox></object><object><name>proposal</name><bndbox><xmin>280</xmin><ymin>355</ymin><xmax>260</xmax><ymax>116</ymax></bndbox></object><object><name>proposal</name><bndbox><xmin>296</xmin><ymin>356</ymin><xmax>250</xmax><ymax>116</ymax></bndbox></object><object><name>proposal</name><bndbox><xmin>338</xmin><ymin>384</ymin><xmax>264</xmax><ymax>81</ymax></bndbox></object><object><name>proposal</name><bndbox><xmin>349</xmin><ymin>375</ymin><xmax>259</xmax><ymax>102</ymax></bndbox></object><object><name>proposal</name><bndbox><xmin>351</xmin><ymin>281</ymin><xmax>366</xmax><ymax>196</ymax></bndbox></object><object><name>proposal</name><bndbox><xmin>351</xmin><ymin>383</ymin><xmax>188</xmax><ymax>93</ymax></bndbox></object><object><name>proposal</name><bndbox><xmin>296</xmin><ymin>320</ymin><xmax>225</xmax><ymax>152</ymax></bndbox></object><object><name>proposal</name><bndbox><xmin>287</xmin><ymin>344</ymin><xmax>88</xmax><ymax>62</ymax></bndbox></object><object><name>proposal</name><bndbox><xmin>338</xmin><ymin>339</ymin><xmax>248</xmax><ymax>168</ymax></bndbox></object><object><name>proposal</name><bndbox><xmin>180</xmin><ymin>264</ymin><xmax>339</xmax><ymax>209</ymax></bndbox></object><object><name>proposal</name><bndbox><xmin>351</xmin><ymin>385</ymin><xmax>165</xmax><ymax>92</ymax></bndbox></object><object><name>proposal</name><bndbox><xmin>296</xmin><ymin>344</ymin><xmax>79</xmax><ymax>72</ymax></bndbox></object><object><name>proposal</name><bndbox><xmin>411</xmin><ymin>313</ymin><xmax>154</xmax><ymax>105</ymax></bndbox></object><object><name>proposal</name><bndbox><xmin>175</xmin><ymin>357</ymin><xmax>344</xmax><ymax>237</ymax></bndbox></object><object><name>proposal</name><bndbox><xmin>338</xmin><ymin>338</ymin><xmax>227</xmax><ymax>133</ymax></bndbox></object></annotation>