<annotation><folder>Proposals</folder><filename>img-29.jpg</filename><size><width>720</width><height>720</height><depth>3</depth></size><object><name>proposal</name><bndbox><xmin>310</xmin><ymin>263</ymin><xmax>232</xmax><ymax>221</ymax></bndbox></object><object><name>proposal</name><bndbox><xmin>316</xmin><ymin>250</ymin><xmax>241</xmax><ymax>256</ymax></bndbox></object><object><name>proposal</name><bndbox><xmin>387</xmin><ymin>298</ymin><xmax>107</xmax><ymax>152</ymax></bndbox></object><object><name>proposal</name><bndbox><xmin>337</xmin><ymin>301</ymin><xmax>219</xmax><ymax>181</ymax></bndbox></object><object><name>proposal</name><bndbox><xmin>478</xmin><ymin>389</ymin><xmax>77</xmax><ymax>117</ymax></bndbox></object><object><name>proposal</name><bndbox><xmin>338</xmin><ymin>303</ymin><xmax>94</xmax><ymax>93</ymax></bndbox></object><object><name>proposal</name><bndbox><xmin>317</xmin><ymin>301</ymin><xmax>225</xmax><ymax>181</ymax></bndbox></object><object><name>proposal</name><bndbox><xmin>318</xmin><ymin>297</ymin><xmax>238</xmax><ymax>187</ymax></bndbox></object><object><name>proposal</name><bndbox><xmin>411</xmin><ymin>306</ymin><xmax>118</xmax><ymax>122</ymax></bndbox></object><object><name>proposal</name><bndbox><xmin>317</xmin><ymin>295</ymin><xmax>225</xmax><ymax>210</ymax></bndbox></object><object><name>proposal</name><bndbox><xmin>479</xmin><ymin>412</ymin><xmax>75</xmax><ymax>72</ymax></bndbox></object><object><name>proposal</name><bndbox><xmin>485</xmin><ymin>444</ymin><xmax>64</xmax><ymax>32</ymax></bndbox></object><object><name>proposal</name><bndbox><xmin>436</xmin><ymin>299</ymin><xmax>120</xmax><ymax>185</ymax></bndbox></object><object><name>proposal</name><bndbox><xmin>494</xmin><ymin>421</ymin><xmax>48</xmax><ymax>38</ymax></bndbox></object><object><name>proposal</name><bndbox><xmin>523</xmin><ymin>428</ymin><xmax>33</xmax><ymax>42</ymax></bndbox></object><object><name>proposal</name><bndbox><xmin>403</xmin><ymin>302</ymin><xmax>109</xmax><ymax>117</ymax></bndbox></object><object><name>proposal</name><bndbox><xmin>338</xmin><ymin>297</ymin><xmax>208</xmax><ymax>208</ymax></bndbox></object><object><name>proposal</name><bndbox><xmin>365</xmin><ymin>297</ymin><xmax>191</xmax><ymax>209</ymax></bndbox></object><object><name>proposal</name><bndbox><xmin>414</xmin><ymin>302</ymin><xmax>84</xmax><ymax>107</ymax></bndbox></object><object><name>proposal</name><bndbox><xmin>316</xmin><ymin>303</ymin><xmax>112</xmax><ymax>55</ymax></bndbox></object><object><name>proposal</name><bndbox><xmin>321</xmin><ymin>297</ymin><xmax>235</xmax><ymax>209</ymax></bndbox></object><object><name>proposal</name><bndbox><xmin>468</xmin><ymin>317</ymin><xmax>74</xmax><ymax>146</ymax></bndbox></object><object><name>proposal</name><bndbox><xmin>438</xmin><ymin>299</ymin><xmax>119</xmax><ymax>185</ymax></bndbox></object><object><name>proposal</name><bndbox><xmin>310</xmin><ymin>253</ymin><xmax>232</xmax><ymax>231</ymax></bndbox></object><object><name>proposal</name><bndbox><xmin>317</xmin><ymin>295</ymin><xmax>239</xmax><ymax>201</ymax></bndbox></object><object><name>proposal</name><bndbox><xmin>316</xmin><ymin>300</ymin><xmax>213</xmax><ymax>136</ymax></bndbox></object><object><name>proposal</name><bndbox><xmin>475</xmin><ymin>389</ymin><xmax>80</xmax><ymax>117</ymax></bndbox></object><object><name>proposal</name><bndbox><xmin>317</xmin><ymin>305</ymin><xmax>225</xmax><ymax>177</ymax></bndbox></object><object><name>proposal</name><bndbox><xmin>316</xmin><ymin>282</ymin><xmax>210</xmax><ymax>154</ymax></bndbox></object><object><name>proposal</name><bndbox><xmin>316</xmin><ymin>263</ymin><xmax>240</xmax><ymax>221</ymax></bndbox></object><object><name>proposal</name><bndbox><xmin>403</xmin><ymin>302</ymin><xmax>97</xmax><ymax>108</ymax></bndbox></object><object><name>proposal</name><bndbox><xmin>368</xmin><ymin>297</ymin><xmax>187</xmax><ymax>209</ymax></bndbox></object><object><name>proposal</name><bndbox><xmin>387</xmin><ymin>297</ymin><xmax>111</xmax><ymax>140</ymax></bndbox></object><object><name>proposal</name><bndbox><xmin>233</xmin><ymin>184</ymin><xmax>296</xmax><ymax>252</ymax></bndbox></object><object><name>proposal</name><bndbox><xmin>413</xmin><ymin>302</ymin><xmax>87</xmax><ymax>108</ymax></bndbox></object><object><name>proposal</name><bndbox><xmin>438</xmin><ymin>305</ymin><xmax>118</xmax><ymax>166</ymax></bndbox></object><object><name>proposal</name><bndbox><xmin>310</xmin><ymin>253</ymin><xmax>147</xmax><ymax>105</ymax></bndbox></object><object><name>proposal</name><bndbox><xmin>411</xmin><ymin>306</ymin><xmax>118</xmax><ymax>144</ymax></bndbox></object><object><name>proposal</name><bndbox><xmin>524</xmin><ymin>430</ymin><xmax>32</xmax><ymax>40</ymax></bndbox></object><object><name>proposal</name><bndbox><xmin>337</xmin><ymin>301</ymin><xmax>205</xmax><ymax>181</ymax></bndbox></object><object><name>proposal</name><bndbox><xmin>316</xmin><ymin>303</ymin><xmax>240</xmax><ymax>181</ymax></bndbox></object><object><name>proposal</name><bndbox><xmin>329</xmin><ymin>297</ymin><xmax>173</xmax><ymax>139</ymax></bndbox></object><object><name>proposal</name><bndbox><xmin>484</xmin><ymin>389</ymin><xmax>71</xmax><ymax>95</ymax></bndbox></object><object><name>proposal</name><bndbox><xmin>316</xmin><ymin>303</ymin><xmax>213</xmax><ymax>133</ymax></bndbox></object><object><name>proposal</name><bndbox><xmin>404</xmin><ymin>297</ymin><xmax>94</xmax><ymax>105</ymax></bndbox></object><object><name>proposal</name><bndbox><xmin>338</xmin><ymin>303</ymin><xmax>94</xmax><ymax>55</ymax></bndbox></object><object><name>proposal</name><bndbox><xmin>317</xmin><ymin>297</ymin><xmax>225</xmax><ymax>185</ymax></bndbox></object><object><name>proposal</name><bndbox><xmin>316</xmin><ymin>263</ymin><xmax>210</xmax><ymax>175</ymax></bndbox></object><object><name>proposal</name><bndbox><xmin>233</xmin><ymin>184</ymin><xmax>324</xmax><ymax>322</ymax></bndbox></object><object><name>proposal</name><bndbox><xmin>310</xmin><ymin>263</ymin><xmax>232</xmax><ymax>214</ymax></bndbox></object><object><name>proposal</name><bndbox><xmin>344</xmin><ymin>305</ymin><xmax>261</xmax><ymax>336</ymax></bndbox></object><object><name>proposal</name><bndbox><xmin>478</xmin><ymin>389</ymin><xmax>78</xmax><ymax>95</ymax></bndbox></object><object><name>proposal</name><bndbox><xmin>310</xmin><ymin>263</ymin><xmax>172</xmax><ymax>95</ymax></bndbox></object><object><name>proposal</name><bndbox><xmin>317</xmin><ymin>297</ymin><xmax>225</xmax><ymax>208</ymax></bndbox></object><object><name>proposal</name><bndbox><xmin>316</xmin><ymin>303</ymin><xmax>241</xmax><ymax>203</ymax></bndbox></object><object><name>proposal</name><bndbox><xmin>316</xmin><ymin>250</ymin><xmax>241</xmax><ymax>226</ymax></bndbox></object><object><name>proposal</name><bndbox><xmin>382</xmin><ymin>297</ymin><xmax>116</xmax><ymax>141</ymax></bndbox></object><object><name>proposal</name><bndbox><xmin>316</xmin><ymin>303</ymin><xmax>226</xmax><ymax>181</ymax></bndbox></object><object><name>proposal</name><bndbox><xmin>479</xmin><ymin>389</ymin><xmax>83</xmax><ymax>160</ymax></bndbox></object><object><name>proposal</name><bndbox><xmin>310</xmin><ymin>263</ymin><xmax>257</xmax><ymax>276</ymax></bndbox></object><object><name>proposal</name><bndbox><xmin>289</xmin><ymin>256</ymin><xmax>168</xmax><ymax>121</ymax></bndbox></object><object><name>proposal</name><bndbox><xmin>405</xmin><ymin>298</ymin><xmax>82</xmax><ymax>67</ymax></bndbox></object><object><name>proposal</name><bndbox><xmin>479</xmin><ymin>389</ymin><xmax>75</xmax><ymax>95</ymax></bndbox></object><object><name>proposal</name><bndbox><xmin>438</xmin><ymin>305</ymin><xmax>88</xmax><ymax>123</ymax></bndbox></object><object><name>proposal</name><bndbox><xmin>494</xmin><ymin>421</ymin><xmax>62</xmax><ymax>63</ymax></bndbox></object><object><name>proposal</name><bndbox><xmin>338</xmin><ymin>271</ymin><xmax>152</xmax><ymax>165</ymax></bndbox></object><object><name>proposal</name><bndbox><xmin>316</xmin><ymin>271</ymin><xmax>241</xmax><ymax>213</ymax></bndbox></object><object><name>proposal</name><bndbox><xmin>319</xmin><ymin>295</ymin><xmax>237</xmax><ymax>210</ymax></bndbox></object><object><name>proposal</name><bndbox><xmin>422</xmin><ymin>302</ymin><xmax>71</xmax><ymax>64</ymax></bndbox></object><object><name>proposal</name><bndbox><xmin>484</xmin><ymin>389</ymin><xmax>71</xmax><ymax>92</ymax></bndbox></object><object><name>proposal</name><bndbox><xmin>316</xmin><ymin>300</ymin><xmax>241</xmax><ymax>176</ymax></bndbox></object><object><name>proposal</name><bndbox><xmin>380</xmin><ymin>297</ymin><xmax>118</xmax><ymax>140</ymax></bndbox></object><object><name>proposal</name><bndbox><xmin>478</xmin><ymin>395</ymin><xmax>77</xmax><ymax>111</ymax></bndbox></object><object><name>proposal</name><bndbox><xmin>438</xmin><ymin>305</ymin><xmax>104</xmax><ymax>154</ymax></bndbox></object><object><name>proposal</name><bndbox><xmin>494</xmin><ymin>421</ymin><xmax>62</xmax><ymax>50</ymax></bndbox></object><object><name>proposal</name><bndbox><xmin>387</xmin><ymin>298</ymin><xmax>170</xmax><ymax>208</ymax></bndbox></object><object><name>proposal</name><bndbox><xmin>316</xmin><ymin>263</ymin><xmax>174</xmax><ymax>175</ymax></bndbox></object><object><name>proposal</name><bndbox><xmin>321</xmin><ymin>297</ymin><xmax>221</xmax><ymax>209</ymax></bndbox></object><object><name>proposal</name><bndbox><xmin>289</xmin><ymin>250</ymin><xmax>168</xmax><ymax>127</ymax></bndbox></object><object><name>proposal</name><bndbox><xmin>485</xmin><ymin>419</ymin><xmax>72</xmax><ymax>87</ymax></bndbox></object><object><name>proposal</name><bndbox><xmin>316</xmin><ymin>303</ymin><xmax>251</xmax><ymax>236</ymax></bndbox></object><object><name>proposal</name><bndbox><xmin>332</xmin><ymin>296</ymin><xmax>223</xmax><ymax>210</ymax></bndbox></object><object><name>proposal</name><bndbox><xmin>404</xmin><ymin>297</ymin><xmax>108</xmax><ymax>122</ymax></bndbox></object><object><name>proposal</name><bndbox><xmin>316</xmin><ymin>303</ymin><xmax>90</xmax><ymax>93</ymax></bndbox></object><object><name>proposal</name><bndbox><xmin>329</xmin><ymin>297</ymin><xmax>226</xmax><ymax>209</ymax></bndbox></object><object><name>proposal</name><bndbox><xmin>316</xmin><ymin>303</ymin><xmax>96</xmax><ymax>94</ymax></bndbox></object><object><name>proposal</name><bndbox><xmin>387</xmin><ymin>297</ymin><xmax>168</xmax><ymax>209</ymax></bndbox></object><object><name>proposal</name><bndbox><xmin>318</xmin><ymin>297</ymin><xmax>236</xmax><ymax>187</ymax></bndbox></object><object><name>proposal</name><bndbox><xmin>485</xmin><ymin>419</ymin><xmax>72</xmax><ymax>57</ymax></bndbox></object><object><name>proposal</name><bndbox><xmin>380</xmin><ymin>297</ymin><xmax>175</xmax><ymax>209</ymax></bndbox></object><object><name>proposal</name><bndbox><xmin>485</xmin><ymin>421</ymin><xmax>64</xmax><ymax>55</ymax></bndbox></object><object><name>proposal</name><bndbox><xmin>485</xmin><ymin>417</ymin><xmax>72</xmax><ymax>67</ymax></bndbox></object><object><name>proposal</name><bndbox><xmin>523</xmin><ymin>435</ymin><xmax>33</xmax><ymax>36</ymax></bndbox></object><object><name>proposal</name><bndbox><xmin>395</xmin><ymin>298</ymin><xmax>92</xmax><ymax>67</ymax></bndbox></object><object><name>proposal</name><bndbox><xmin>321</xmin><ymin>263</ymin><xmax>169</xmax><ymax>175</ymax></bndbox></object><object><name>proposal</name><bndbox><xmin>317</xmin><ymin>297</ymin><xmax>291</xmax><ymax>368</ymax></bndbox></object><object><name>proposal</name><bndbox><xmin>310</xmin><ymin>263</ymin><xmax>147</xmax><ymax>95</ymax></bndbox></object><object><name>proposal</name><bndbox><xmin>387</xmin><ymin>298</ymin><xmax>142</xmax><ymax>152</ymax></bndbox></object><object><name>proposal</name><bndbox><xmin>317</xmin><ymin>297</ymin><xmax>229</xmax><ymax>208</ymax></bndbox></object><object><name>proposal</name><bndbox><xmin>485</xmin><ymin>421</ymin><xmax>65</xmax><ymax>56</ymax></bndbox></object><object><name>proposal</name><bndbox><xmin>245</xmin><ymin>206</ymin><xmax>311</xmax><ymax>265</ymax></bndbox></object><object><name>proposal</name><bndbox><xmin>337</xmin><ymin>297</ymin><xmax>205</xmax><ymax>185</ymax></bndbox></object><object><name>proposal</name><bndbox><xmin>307</xmin><ymin>256</ymin><xmax>150</xmax><ymax>98</ymax></bndbox></object><object><name>proposal</name><bndbox><xmin>318</xmin><ymin>297</ymin><xmax>184</xmax><ymax>139</ymax></bndbox></object><object><name>proposal</name><bndbox><xmin>484</xmin><ymin>389</ymin><xmax>71</xmax><ymax>117</ymax></bndbox></object><object><name>proposal</name><bndbox><xmin>523</xmin><ymin>428</ymin><xmax>34</xmax><ymax>43</ymax></bndbox></object><object><name>proposal</name><bndbox><xmin>317</xmin><ymin>297</ymin><xmax>239</xmax><ymax>208</ymax></bndbox></object><object><name>proposal</name><bndbox><xmin>316</xmin><ymin>264</ymin><xmax>241</xmax><ymax>242</ymax></bndbox></object><object><name>proposal</name><bndbox><xmin>485</xmin><ymin>421</ymin><xmax>72</xmax><ymax>55</ymax></bndbox></object><object><name>proposal</name><bndbox><xmin>329</xmin><ymin>295</ymin><xmax>213</xmax><ymax>201</ymax></bndbox></object><object><name>proposal</name><bndbox><xmin>413</xmin><ymin>302</ymin><xmax>99</xmax><ymax>117</ymax></bndbox></object><object><name>proposal</name><bndbox><xmin>316</xmin><ymin>271</ymin><xmax>174</xmax><ymax>165</ymax></bndbox></object><object><name>proposal</name><bndbox><xmin>317</xmin><ymin>297</ymin><xmax>225</xmax><ymax>198</ymax></bndbox></object><object><name>proposal</name><bndbox><xmin>329</xmin><ymin>297</ymin><xmax>227</xmax><ymax>187</ymax></bndbox></object><object><name>proposal</name><bndbox><xmin>338</xmin><ymin>297</ymin><xmax>219</xmax><ymax>208</ymax></bndbox></object><object><name>proposal</name><bndbox><xmin>332</xmin><ymin>296</ymin><xmax>170</xmax><ymax>141</ymax></bndbox></object><object><name>proposal</name><bndbox><xmin>310</xmin><ymin>253</ymin><xmax>232</xmax><ymax>224</ymax></bndbox></object><object><name>proposal</name><bndbox><xmin>310</xmin><ymin>253</ymin><xmax>257</xmax><ymax>286</ymax></bndbox></object><object><name>proposal</name><bndbox><xmin>322</xmin><ymin>263</ymin><xmax>168</xmax><ymax>175</ymax></bndbox></object><object><name>proposal</name><bndbox><xmin>316</xmin><ymin>271</ymin><xmax>213</xmax><ymax>165</ymax></bndbox></object><object><name>proposal</name><bndbox><xmin>389</xmin><ymin>297</ymin><xmax>166</xmax><ymax>209</ymax></bndbox></object><object><name>proposal</name><bndbox><xmin>316</xmin><ymin>303</ymin><xmax>112</xmax><ymax>94</ymax></bndbox></object><object><name>proposal</name><bndbox><xmin>475</xmin><ymin>389</ymin><xmax>80</xmax><ymax>95</ymax></bndbox></object><object><name>proposal</name><bndbox><xmin>438</xmin><ymin>299</ymin><xmax>91</xmax><ymax>127</ymax></bndbox></object><object><name>proposal</name><bndbox><xmin>319</xmin><ymin>295</ymin><xmax>223</xmax><ymax>187</ymax></bndbox></object><object><name>proposal</name><bndbox><xmin>316</xmin><ymin>263</ymin><xmax>226</xmax><ymax>200</ymax></bndbox></object><object><name>proposal</name><bndbox><xmin>317</xmin><ymin>297</ymin><xmax>239</xmax><ymax>185</ymax></bndbox></object><object><name>proposal</name><bndbox><xmin>318</xmin><ymin>297</ymin><xmax>184</xmax><ymax>150</ymax></bndbox></object><object><name>proposal</name><bndbox><xmin>471</xmin><ymin>349</ymin><xmax>84</xmax><ymax>157</ymax></bndbox></object><object><name>proposal</name><bndbox><xmin>382</xmin><ymin>297</ymin><xmax>173</xmax><ymax>209</ymax></bndbox></object><object><name>proposal</name><bndbox><xmin>318</xmin><ymin>297</ymin><xmax>244</xmax><ymax>252</ymax></bndbox></object><object><name>proposal</name><bndbox><xmin>404</xmin><ymin>297</ymin><xmax>151</xmax><ymax>174</ymax></bndbox></object><object><name>proposal</name><bndbox><xmin>316</xmin><ymin>303</ymin><xmax>169</xmax><ymax>133</ymax></bndbox></object><object><name>proposal</name><bndbox><xmin>485</xmin><ymin>440</ymin><xmax>64</xmax><ymax>36</ymax></bndbox></object><object><name>proposal</name><bndbox><xmin>387</xmin><ymin>337</ymin><xmax>107</xmax><ymax>113</ymax></bndbox></object><object><name>proposal</name><bndbox><xmin>523</xmin><ymin>435</ymin><xmax>33</xmax><ymax>35</ymax></bndbox></object><object><name>proposal</name><bndbox><xmin>479</xmin><ymin>406</ymin><xmax>75</xmax><ymax>78</ymax></bndbox></object><object><name>proposal</name><bndbox><xmin>387</xmin><ymin>337</ymin><xmax>98</xmax><ymax>99</ymax></bndbox></object><object><name>proposal</name><bndbox><xmin>347</xmin><ymin>312</ymin><xmax>59</xmax><ymax>84</ymax></bndbox></object><object><name>proposal</name><bndbox><xmin>311</xmin><ymin>186</ymin><xmax>176</xmax><ymax>179</ymax></bndbox></object><object><name>proposal</name><bndbox><xmin>338</xmin><ymin>297</ymin><xmax>204</xmax><ymax>198</ymax></bndbox></object><object><name>proposal</name><bndbox><xmin>478</xmin><ymin>389</ymin><xmax>77</xmax><ymax>92</ymax></bndbox></object><object><name>proposal</name><bndbox><xmin>347</xmin><ymin>333</ymin><xmax>72</xmax><ymax>63</ymax></bndbox></object><object><name>proposal</name><bndbox><xmin>337</xmin><ymin>297</ymin><xmax>219</xmax><ymax>185</ymax></bndbox></object><object><name>proposal</name><bndbox><xmin>502</xmin><ymin>430</ymin><xmax>55</xmax><ymax>76</ymax></bndbox></object><object><name>proposal</name><bndbox><xmin>387</xmin><ymin>306</ymin><xmax>142</xmax><ymax>130</ymax></bndbox></object><object><name>proposal</name><bndbox><xmin>494</xmin><ymin>421</ymin><xmax>63</xmax><ymax>85</ymax></bndbox></object><object><name>proposal</name><bndbox><xmin>317</xmin><ymin>295</ymin><xmax>225</xmax><ymax>201</ymax></bndbox></object><object><name>proposal</name><bndbox><xmin>332</xmin><ymin>296</ymin><xmax>170</xmax><ymax>151</ymax></bndbox></object><object><name>proposal</name><bndbox><xmin>438</xmin><ymin>318</ymin><xmax>91</xmax><ymax>108</ymax></bndbox></object><object><name>proposal</name><bndbox><xmin>503</xmin><ymin>435</ymin><xmax>53</xmax><ymax>49</ymax></bndbox></object><object><name>proposal</name><bndbox><xmin>471</xmin><ymin>349</ymin><xmax>84</xmax><ymax>132</ymax></bndbox></object><object><name>proposal</name><bndbox><xmin>387</xmin><ymin>318</ymin><xmax>98</xmax><ymax>118</ymax></bndbox></object><object><name>proposal</name><bndbox><xmin>411</xmin><ymin>306</ymin><xmax>146</xmax><ymax>200</ymax></bndbox></object><object><name>proposal</name><bndbox><xmin>316</xmin><ymin>303</ymin><xmax>226</xmax><ymax>174</ymax></bndbox></object><object><name>proposal</name><bndbox><xmin>338</xmin><ymin>271</ymin><xmax>191</xmax><ymax>165</ymax></bndbox></object><object><name>proposal</name><bndbox><xmin>316</xmin><ymin>264</ymin><xmax>210</xmax><ymax>172</ymax></bndbox></object><object><name>proposal</name><bndbox><xmin>311</xmin><ymin>186</ymin><xmax>143</xmax><ymax>211</ymax></bndbox></object><object><name>proposal</name><bndbox><xmin>329</xmin><ymin>295</ymin><xmax>213</xmax><ymax>210</ymax></bndbox></object><object><name>proposal</name><bndbox><xmin>368</xmin><ymin>297</ymin><xmax>130</xmax><ymax>140</ymax></bndbox></object><object><name>proposal</name><bndbox><xmin>322</xmin><ymin>263</ymin><xmax>220</xmax><ymax>200</ymax></bndbox></object><object><name>proposal</name><bndbox><xmin>321</xmin><ymin>297</ymin><xmax>221</xmax><ymax>180</ymax></bndbox></object><object><name>proposal</name><bndbox><xmin>329</xmin><ymin>297</ymin><xmax>173</xmax><ymax>140</ymax></bndbox></object><object><name>proposal</name><bndbox><xmin>365</xmin><ymin>297</ymin><xmax>177</xmax><ymax>180</ymax></bndbox></object><object><name>proposal</name><bndbox><xmin>485</xmin><ymin>440</ymin><xmax>64</xmax><ymax>66</ymax></bndbox></object><object><name>proposal</name><bndbox><xmin>494</xmin><ymin>421</ymin><xmax>48</xmax><ymax>42</ymax></bndbox></object><object><name>proposal</name><bndbox><xmin>389</xmin><ymin>297</ymin><xmax>109</xmax><ymax>140</ymax></bndbox></object><object><name>proposal</name><bndbox><xmin>316</xmin><ymin>282</ymin><xmax>241</xmax><ymax>224</ymax></bndbox></object><object><name>proposal</name><bndbox><xmin>368</xmin><ymin>297</ymin><xmax>119</xmax><ymax>140</ymax></bndbox></object><object><name>proposal</name><bndbox><xmin>319</xmin><ymin>295</ymin><xmax>223</xmax><ymax>210</ymax></bndbox></object><object><name>proposal</name><bndbox><xmin>509</xmin><ymin>433</ymin><xmax>46</xmax><ymax>37</ymax></bndbox></object><object><name>proposal</name><bndbox><xmin>478</xmin><ymin>389</ymin><xmax>77</xmax><ymax>95</ymax></bndbox></object><object><name>proposal</name><bndbox><xmin>485</xmin><ymin>421</ymin><xmax>65</xmax><ymax>63</ymax></bndbox></object><object><name>proposal</name><bndbox><xmin>329</xmin><ymin>297</ymin><xmax>225</xmax><ymax>187</ymax></bndbox></object><object><name>proposal</name><bndbox><xmin>443</xmin><ymin>306</ymin><xmax>86</xmax><ymax>122</ymax></bndbox></object><object><name>proposal</name><bndbox><xmin>310</xmin><ymin>253</ymin><xmax>172</xmax><ymax>105</ymax></bndbox></object><object><name>proposal</name><bndbox><xmin>319</xmin><ymin>295</ymin><xmax>237</xmax><ymax>187</ymax></bndbox></object><object><name>proposal</name><bndbox><xmin>349</xmin><ymin>250</ymin><xmax>138</xmax><ymax>115</ymax></bndbox></object><object><name>proposal</name><bndbox><xmin>389</xmin><ymin>297</ymin><xmax>109</xmax><ymax>141</ymax></bndbox></object><object><name>proposal</name><bndbox><xmin>318</xmin><ymin>297</ymin><xmax>184</xmax><ymax>140</ymax></bndbox></object><object><name>proposal</name><bndbox><xmin>337</xmin><ymin>312</ymin><xmax>205</xmax><ymax>170</ymax></bndbox></object><object><name>proposal</name><bndbox><xmin>233</xmin><ymin>184</ymin><xmax>221</xmax><ymax>213</ymax></bndbox></object><object><name>proposal</name><bndbox><xmin>387</xmin><ymin>297</ymin><xmax>100</xmax><ymax>140</ymax></bndbox></object><object><name>proposal</name><bndbox><xmin>436</xmin><ymin>299</ymin><xmax>90</xmax><ymax>129</ymax></bndbox></object><object><name>proposal</name><bndbox><xmin>310</xmin><ymin>253</ymin><xmax>246</xmax><ymax>231</ymax></bndbox></object><object><name>proposal</name><bndbox><xmin>317</xmin><ymin>295</ymin><xmax>239</xmax><ymax>210</ymax></bndbox></object><object><name>proposal</name><bndbox><xmin>494</xmin><ymin>419</ymin><xmax>62</xmax><ymax>40</ymax></bndbox></object><object><name>proposal</name><bndbox><xmin>311</xmin><ymin>247</ymin><xmax>143</xmax><ymax>150</ymax></bndbox></object><object><name>proposal</name><bndbox><xmin>307</xmin><ymin>250</ymin><xmax>150</xmax><ymax>104</ymax></bndbox></object><object><name>proposal</name><bndbox><xmin>492</xmin><ymin>419</ymin><xmax>63</xmax><ymax>52</ymax></bndbox></object><object><name>proposal</name><bndbox><xmin>494</xmin><ymin>419</ymin><xmax>63</xmax><ymax>44</ymax></bndbox></object><object><name>proposal</name><bndbox><xmin>317</xmin><ymin>301</ymin><xmax>239</xmax><ymax>181</ymax></bndbox></object><object><name>proposal</name><bndbox><xmin>365</xmin><ymin>297</ymin><xmax>191</xmax><ymax>180</ymax></bndbox></object><object><name>proposal</name><bndbox><xmin>317</xmin><ymin>297</ymin><xmax>240</xmax><ymax>208</ymax></bndbox></object></annotation>