<annotation><folder>Proposals</folder><filename>img-33.jpg</filename><size><width>720</width><height>720</height><depth>3</depth></size><object><name>proposal</name><bndbox><xmin>257</xmin><ymin>261</ymin><xmax>241</xmax><ymax>146</ymax></bndbox></object><object><name>proposal</name><bndbox><xmin>355</xmin><ymin>261</ymin><xmax>137</xmax><ymax>93</ymax></bndbox></object><object><name>proposal</name><bndbox><xmin>240</xmin><ymin>255</ymin><xmax>446</xmax><ymax>207</ymax></bndbox></object><object><name>proposal</name><bndbox><xmin>355</xmin><ymin>263</ymin><xmax>138</xmax><ymax>91</ymax></bndbox></object><object><name>proposal</name><bndbox><xmin>584</xmin><ymin>383</ymin><xmax>216</xmax><ymax>160</ymax></bndbox></object><object><name>proposal</name><bndbox><xmin>590</xmin><ymin>365</ymin><xmax>109</xmax><ymax>50</ymax></bndbox></object><object><name>proposal</name><bndbox><xmin>244</xmin><ymin>255</ymin><xmax>249</xmax><ymax>99</ymax></bndbox></object><object><name>proposal</name><bndbox><xmin>276</xmin><ymin>255</ymin><xmax>91</xmax><ymax>116</ymax></bndbox></object><object><name>proposal</name><bndbox><xmin>338</xmin><ymin>261</ymin><xmax>160</xmax><ymax>82</ymax></bndbox></object><object><name>proposal</name><bndbox><xmin>290</xmin><ymin>255</ymin><xmax>88</xmax><ymax>91</ymax></bndbox></object><object><name>proposal</name><bndbox><xmin>355</xmin><ymin>261</ymin><xmax>124</xmax><ymax>99</ymax></bndbox></object><object><name>proposal</name><bndbox><xmin>286</xmin><ymin>296</ymin><xmax>184</xmax><ymax>111</ymax></bndbox></object><object><name>proposal</name><bndbox><xmin>361</xmin><ymin>296</ymin><xmax>94</xmax><ymax>64</ymax></bndbox></object><object><name>proposal</name><bndbox><xmin>281</xmin><ymin>268</ymin><xmax>196</xmax><ymax>139</ymax></bndbox></object><object><name>proposal</name><bndbox><xmin>338</xmin><ymin>263</ymin><xmax>154</xmax><ymax>80</ymax></bndbox></object><object><name>proposal</name><bndbox><xmin>186</xmin><ymin>230</ymin><xmax>312</xmax><ymax>177</ymax></bndbox></object><object><name>proposal</name><bndbox><xmin>286</xmin><ymin>289</ymin><xmax>207</xmax><ymax>118</ymax></bndbox></object><object><name>proposal</name><bndbox><xmin>624</xmin><ymin>388</ymin><xmax>106</xmax><ymax>67</ymax></bndbox></object><object><name>proposal</name><bndbox><xmin>430</xmin><ymin>296</ymin><xmax>262</xmax><ymax>166</ymax></bndbox></object><object><name>proposal</name><bndbox><xmin>605</xmin><ymin>328</ymin><xmax>102</xmax><ymax>93</ymax></bndbox></object><object><name>proposal</name><bndbox><xmin>571</xmin><ymin>366</ymin><xmax>212</xmax><ymax>141</ymax></bndbox></object><object><name>proposal</name><bndbox><xmin>624</xmin><ymin>388</ymin><xmax>72</xmax><ymax>53</ymax></bndbox></object><object><name>proposal</name><bndbox><xmin>286</xmin><ymin>270</ymin><xmax>214</xmax><ymax>132</ymax></bndbox></object><object><name>proposal</name><bndbox><xmin>488</xmin><ymin>344</ymin><xmax>312</xmax><ymax>166</ymax></bndbox></object><object><name>proposal</name><bndbox><xmin>286</xmin><ymin>286</ymin><xmax>188</xmax><ymax>116</ymax></bndbox></object><object><name>proposal</name><bndbox><xmin>549</xmin><ymin>366</ymin><xmax>251</xmax><ymax>144</ymax></bndbox></object><object><name>proposal</name><bndbox><xmin>327</xmin><ymin>286</ymin><xmax>124</xmax><ymax>36</ymax></bndbox></object><object><name>proposal</name><bndbox><xmin>605</xmin><ymin>349</ymin><xmax>93</xmax><ymax>66</ymax></bndbox></object><object><name>proposal</name><bndbox><xmin>557</xmin><ymin>365</ymin><xmax>160</xmax><ymax>106</ymax></bndbox></object><object><name>proposal</name><bndbox><xmin>295</xmin><ymin>261</ymin><xmax>464</xmax><ymax>201</ymax></bndbox></object><object><name>proposal</name><bndbox><xmin>576</xmin><ymin>365</ymin><xmax>224</xmax><ymax>173</ymax></bndbox></object><object><name>proposal</name><bndbox><xmin>326</xmin><ymin>261</ymin><xmax>320</xmax><ymax>109</ymax></bndbox></object><object><name>proposal</name><bndbox><xmin>483</xmin><ymin>385</ymin><xmax>156</xmax><ymax>96</ymax></bndbox></object><object><name>proposal</name><bndbox><xmin>286</xmin><ymin>255</ymin><xmax>184</xmax><ymax>152</ymax></bndbox></object><object><name>proposal</name><bndbox><xmin>361</xmin><ymin>296</ymin><xmax>105</xmax><ymax>64</ymax></bndbox></object><object><name>proposal</name><bndbox><xmin>314</xmin><ymin>337</ymin><xmax>127</xmax><ymax>70</ymax></bndbox></object><object><name>proposal</name><bndbox><xmin>590</xmin><ymin>365</ymin><xmax>106</xmax><ymax>76</ymax></bndbox></object><object><name>proposal</name><bndbox><xmin>604</xmin><ymin>378</ymin><xmax>196</xmax><ymax>160</ymax></bndbox></object><object><name>proposal</name><bndbox><xmin>355</xmin><ymin>261</ymin><xmax>137</xmax><ymax>84</ymax></bndbox></object><object><name>proposal</name><bndbox><xmin>621</xmin><ymin>383</ymin><xmax>103</xmax><ymax>43</ymax></bndbox></object><object><name>proposal</name><bndbox><xmin>574</xmin><ymin>406</ymin><xmax>56</xmax><ymax>57</ymax></bndbox></object><object><name>proposal</name><bndbox><xmin>355</xmin><ymin>261</ymin><xmax>125</xmax><ymax>85</ymax></bndbox></object><object><name>proposal</name><bndbox><xmin>584</xmin><ymin>384</ymin><xmax>199</xmax><ymax>120</ymax></bndbox></object><object><name>proposal</name><bndbox><xmin>244</xmin><ymin>255</ymin><xmax>134</xmax><ymax>91</ymax></bndbox></object><object><name>proposal</name><bndbox><xmin>286</xmin><ymin>291</ymin><xmax>201</xmax><ymax>116</ymax></bndbox></object><object><name>proposal</name><bndbox><xmin>549</xmin><ymin>365</ymin><xmax>172</xmax><ymax>114</ymax></bndbox></object><object><name>proposal</name><bndbox><xmin>614</xmin><ymin>410</ymin><xmax>186</xmax><ymax>94</ymax></bndbox></object><object><name>proposal</name><bndbox><xmin>244</xmin><ymin>255</ymin><xmax>248</xmax><ymax>152</ymax></bndbox></object><object><name>proposal</name><bndbox><xmin>332</xmin><ymin>262</ymin><xmax>343</xmax><ymax>219</ymax></bndbox></object><object><name>proposal</name><bndbox><xmin>240</xmin><ymin>255</ymin><xmax>252</xmax><ymax>152</ymax></bndbox></object><object><name>proposal</name><bndbox><xmin>576</xmin><ymin>372</ymin><xmax>224</xmax><ymax>165</ymax></bndbox></object><object><name>proposal</name><bndbox><xmin>571</xmin><ymin>390</ymin><xmax>68</xmax><ymax>91</ymax></bndbox></object><object><name>proposal</name><bndbox><xmin>639</xmin><ymin>388</ymin><xmax>92</xmax><ymax>46</ymax></bndbox></object><object><name>proposal</name><bndbox><xmin>483</xmin><ymin>346</ymin><xmax>220</xmax><ymax>135</ymax></bndbox></object><object><name>proposal</name><bndbox><xmin>525</xmin><ymin>346</ymin><xmax>182</xmax><ymax>75</ymax></bndbox></object><object><name>proposal</name><bndbox><xmin>284</xmin><ymin>286</ymin><xmax>227</xmax><ymax>120</ymax></bndbox></object><object><name>proposal</name><bndbox><xmin>314</xmin><ymin>337</ymin><xmax>255</xmax><ymax>90</ymax></bndbox></object><object><name>proposal</name><bndbox><xmin>186</xmin><ymin>230</ymin><xmax>290</xmax><ymax>177</ymax></bndbox></object><object><name>proposal</name><bndbox><xmin>584</xmin><ymin>384</ymin><xmax>199</xmax><ymax>123</ymax></bndbox></object><object><name>proposal</name><bndbox><xmin>605</xmin><ymin>349</ymin><xmax>102</xmax><ymax>72</ymax></bndbox></object><object><name>proposal</name><bndbox><xmin>610</xmin><ymin>427</ymin><xmax>123</xmax><ymax>80</ymax></bndbox></object><object><name>proposal</name><bndbox><xmin>355</xmin><ymin>261</ymin><xmax>138</xmax><ymax>99</ymax></bndbox></object><object><name>proposal</name><bndbox><xmin>303</xmin><ymin>261</ymin><xmax>195</xmax><ymax>146</ymax></bndbox></object><object><name>proposal</name><bndbox><xmin>605</xmin><ymin>337</ymin><xmax>93</xmax><ymax>78</ymax></bndbox></object><object><name>proposal</name><bndbox><xmin>282</xmin><ymin>288</ymin><xmax>218</xmax><ymax>117</ymax></bndbox></object><object><name>proposal</name><bndbox><xmin>222</xmin><ymin>230</ymin><xmax>254</xmax><ymax>177</ymax></bndbox></object><object><name>proposal</name><bndbox><xmin>576</xmin><ymin>372</ymin><xmax>137</xmax><ymax>121</ymax></bndbox></object><object><name>proposal</name><bndbox><xmin>576</xmin><ymin>414</ymin><xmax>63</xmax><ymax>67</ymax></bndbox></object><object><name>proposal</name><bndbox><xmin>537</xmin><ymin>366</ymin><xmax>246</xmax><ymax>141</ymax></bndbox></object><object><name>proposal</name><bndbox><xmin>537</xmin><ymin>379</ymin><xmax>263</xmax><ymax>159</ymax></bndbox></object><object><name>proposal</name><bndbox><xmin>584</xmin><ymin>378</ymin><xmax>119</xmax><ymax>89</ymax></bndbox></object><object><name>proposal</name><bndbox><xmin>584</xmin><ymin>379</ymin><xmax>216</xmax><ymax>150</ymax></bndbox></object><object><name>proposal</name><bndbox><xmin>584</xmin><ymin>379</ymin><xmax>216</xmax><ymax>159</ymax></bndbox></object><object><name>proposal</name><bndbox><xmin>605</xmin><ymin>349</ymin><xmax>195</xmax><ymax>158</ymax></bndbox></object><object><name>proposal</name><bndbox><xmin>584</xmin><ymin>378</ymin><xmax>119</xmax><ymax>94</ymax></bndbox></object><object><name>proposal</name><bndbox><xmin>639</xmin><ymin>389</ymin><xmax>92</xmax><ymax>45</ymax></bndbox></object><object><name>proposal</name><bndbox><xmin>338</xmin><ymin>261</ymin><xmax>141</xmax><ymax>82</ymax></bndbox></object><object><name>proposal</name><bndbox><xmin>590</xmin><ymin>365</ymin><xmax>132</xmax><ymax>109</ymax></bndbox></object><object><name>proposal</name><bndbox><xmin>610</xmin><ymin>410</ymin><xmax>190</xmax><ymax>128</ymax></bndbox></object><object><name>proposal</name><bndbox><xmin>285</xmin><ymin>286</ymin><xmax>211</xmax><ymax>120</ymax></bndbox></object><object><name>proposal</name><bndbox><xmin>577</xmin><ymin>366</ymin><xmax>59</xmax><ymax>61</ymax></bndbox></object><object><name>proposal</name><bndbox><xmin>244</xmin><ymin>255</ymin><xmax>226</xmax><ymax>152</ymax></bndbox></object><object><name>proposal</name><bndbox><xmin>285</xmin><ymin>286</ymin><xmax>215</xmax><ymax>120</ymax></bndbox></object><object><name>proposal</name><bndbox><xmin>276</xmin><ymin>255</ymin><xmax>175</xmax><ymax>67</ymax></bndbox></object><object><name>proposal</name><bndbox><xmin>332</xmin><ymin>262</ymin><xmax>166</xmax><ymax>76</ymax></bndbox></object><object><name>proposal</name><bndbox><xmin>276</xmin><ymin>255</ymin><xmax>175</xmax><ymax>116</ymax></bndbox></object><object><name>proposal</name><bndbox><xmin>475</xmin><ymin>348</ymin><xmax>240</xmax><ymax>144</ymax></bndbox></object><object><name>proposal</name><bndbox><xmin>576</xmin><ymin>384</ymin><xmax>146</xmax><ymax>109</ymax></bndbox></object><object><name>proposal</name><bndbox><xmin>576</xmin><ymin>384</ymin><xmax>146</xmax><ymax>93</ymax></bndbox></object><object><name>proposal</name><bndbox><xmin>303</xmin><ymin>296</ymin><xmax>173</xmax><ymax>102</ymax></bndbox></object><object><name>proposal</name><bndbox><xmin>608</xmin><ymin>372</ymin><xmax>95</xmax><ymax>43</ymax></bndbox></object><object><name>proposal</name><bndbox><xmin>285</xmin><ymin>296</ymin><xmax>208</xmax><ymax>111</ymax></bndbox></object><object><name>proposal</name><bndbox><xmin>430</xmin><ymin>298</ymin><xmax>316</xmax><ymax>164</ymax></bndbox></object><object><name>proposal</name><bndbox><xmin>576</xmin><ymin>379</ymin><xmax>224</xmax><ymax>150</ymax></bndbox></object><object><name>proposal</name><bndbox><xmin>295</xmin><ymin>261</ymin><xmax>384</xmax><ymax>232</ymax></bndbox></object><object><name>proposal</name><bndbox><xmin>562</xmin><ymin>348</ymin><xmax>74</xmax><ymax>87</ymax></bndbox></object><object><name>proposal</name><bndbox><xmin>624</xmin><ymin>388</ymin><xmax>98</xmax><ymax>86</ymax></bndbox></object><object><name>proposal</name><bndbox><xmin>639</xmin><ymin>388</ymin><xmax>91</xmax><ymax>44</ymax></bndbox></object><object><name>proposal</name><bndbox><xmin>286</xmin><ymin>289</ymin><xmax>188</xmax><ymax>113</ymax></bndbox></object><object><name>proposal</name><bndbox><xmin>286</xmin><ymin>286</ymin><xmax>187</xmax><ymax>117</ymax></bndbox></object><object><name>proposal</name><bndbox><xmin>590</xmin><ymin>365</ymin><xmax>127</xmax><ymax>56</ymax></bndbox></object><object><name>proposal</name><bndbox><xmin>326</xmin><ymin>261</ymin><xmax>172</xmax><ymax>99</ymax></bndbox></object><object><name>proposal</name><bndbox><xmin>355</xmin><ymin>261</ymin><xmax>125</xmax><ymax>99</ymax></bndbox></object><object><name>proposal</name><bndbox><xmin>338</xmin><ymin>261</ymin><xmax>154</xmax><ymax>82</ymax></bndbox></object><object><name>proposal</name><bndbox><xmin>614</xmin><ymin>427</ymin><xmax>88</xmax><ymax>77</ymax></bndbox></object><object><name>proposal</name><bndbox><xmin>604</xmin><ymin>378</ymin><xmax>99</xmax><ymax>89</ymax></bndbox></object><object><name>proposal</name><bndbox><xmin>284</xmin><ymin>268</ymin><xmax>190</xmax><ymax>138</ymax></bndbox></object><object><name>proposal</name><bndbox><xmin>576</xmin><ymin>365</ymin><xmax>224</xmax><ymax>164</ymax></bndbox></object><object><name>proposal</name><bndbox><xmin>284</xmin><ymin>268</ymin><xmax>193</xmax><ymax>138</ymax></bndbox></object><object><name>proposal</name><bndbox><xmin>584</xmin><ymin>384</ymin><xmax>128</xmax><ymax>108</ymax></bndbox></object><object><name>proposal</name><bndbox><xmin>621</xmin><ymin>383</ymin><xmax>109</xmax><ymax>49</ymax></bndbox></object><object><name>proposal</name><bndbox><xmin>186</xmin><ymin>230</ymin><xmax>290</xmax><ymax>161</ymax></bndbox></object><object><name>proposal</name><bndbox><xmin>571</xmin><ymin>378</ymin><xmax>165</xmax><ymax>151</ymax></bndbox></object><object><name>proposal</name><bndbox><xmin>571</xmin><ymin>392</ymin><xmax>68</xmax><ymax>89</ymax></bndbox></object><object><name>proposal</name><bndbox><xmin>483</xmin><ymin>392</ymin><xmax>156</xmax><ymax>89</ymax></bndbox></object><object><name>proposal</name><bndbox><xmin>290</xmin><ymin>255</ymin><xmax>469</xmax><ymax>207</ymax></bndbox></object><object><name>proposal</name><bndbox><xmin>295</xmin><ymin>261</ymin><xmax>384</xmax><ymax>201</ymax></bndbox></object><object><name>proposal</name><bndbox><xmin>568</xmin><ymin>366</ymin><xmax>232</xmax><ymax>144</ymax></bndbox></object><object><name>proposal</name><bndbox><xmin>286</xmin><ymin>286</ymin><xmax>207</xmax><ymax>116</ymax></bndbox></object><object><name>proposal</name><bndbox><xmin>276</xmin><ymin>255</ymin><xmax>483</xmax><ymax>207</ymax></bndbox></object><object><name>proposal</name><bndbox><xmin>284</xmin><ymin>286</ymin><xmax>203</xmax><ymax>116</ymax></bndbox></object><object><name>proposal</name><bndbox><xmin>263</xmin><ymin>261</ymin><xmax>229</xmax><ymax>146</ymax></bndbox></object><object><name>proposal</name><bndbox><xmin>483</xmin><ymin>346</ymin><xmax>226</xmax><ymax>135</ymax></bndbox></object><object><name>proposal</name><bndbox><xmin>537</xmin><ymin>384</ymin><xmax>246</xmax><ymax>123</ymax></bndbox></object><object><name>proposal</name><bndbox><xmin>571</xmin><ymin>392</ymin><xmax>68</xmax><ymax>59</ymax></bndbox></object><object><name>proposal</name><bndbox><xmin>244</xmin><ymin>255</ymin><xmax>236</xmax><ymax>91</ymax></bndbox></object><object><name>proposal</name><bndbox><xmin>283</xmin><ymin>295</ymin><xmax>188</xmax><ymax>112</ymax></bndbox></object><object><name>proposal</name><bndbox><xmin>326</xmin><ymin>286</ymin><xmax>140</xmax><ymax>74</ymax></bndbox></object><object><name>proposal</name><bndbox><xmin>240</xmin><ymin>255</ymin><xmax>252</xmax><ymax>90</ymax></bndbox></object><object><name>proposal</name><bndbox><xmin>355</xmin><ymin>261</ymin><xmax>124</xmax><ymax>82</ymax></bndbox></object><object><name>proposal</name><bndbox><xmin>284</xmin><ymin>269</ymin><xmax>192</xmax><ymax>137</ymax></bndbox></object><object><name>proposal</name><bndbox><xmin>605</xmin><ymin>349</ymin><xmax>195</xmax><ymax>155</ymax></bndbox></object><object><name>proposal</name><bndbox><xmin>577</xmin><ymin>366</ymin><xmax>206</xmax><ymax>141</ymax></bndbox></object><object><name>proposal</name><bndbox><xmin>284</xmin><ymin>286</ymin><xmax>169</xmax><ymax>116</ymax></bndbox></object><object><name>proposal</name><bndbox><xmin>624</xmin><ymin>384</ymin><xmax>93</xmax><ymax>37</ymax></bndbox></object><object><name>proposal</name><bndbox><xmin>244</xmin><ymin>255</ymin><xmax>248</xmax><ymax>88</ymax></bndbox></object><object><name>proposal</name><bndbox><xmin>537</xmin><ymin>365</ymin><xmax>263</xmax><ymax>173</ymax></bndbox></object><object><name>proposal</name><bndbox><xmin>361</xmin><ymin>296</ymin><xmax>89</xmax><ymax>63</ymax></bndbox></object><object><name>proposal</name><bndbox><xmin>557</xmin><ymin>365</ymin><xmax>79</xmax><ymax>106</ymax></bndbox></object><object><name>proposal</name><bndbox><xmin>244</xmin><ymin>255</ymin><xmax>249</xmax><ymax>152</ymax></bndbox></object><object><name>proposal</name><bndbox><xmin>590</xmin><ymin>365</ymin><xmax>127</xmax><ymax>62</ymax></bndbox></object><object><name>proposal</name><bndbox><xmin>186</xmin><ymin>230</ymin><xmax>312</xmax><ymax>113</ymax></bndbox></object><object><name>proposal</name><bndbox><xmin>282</xmin><ymin>262</ymin><xmax>430</xmax><ymax>230</ymax></bndbox></object><object><name>proposal</name><bndbox><xmin>624</xmin><ymin>388</ymin><xmax>93</xmax><ymax>39</ymax></bndbox></object><object><name>proposal</name><bndbox><xmin>282</xmin><ymin>262</ymin><xmax>233</xmax><ymax>143</ymax></bndbox></object><object><name>proposal</name><bndbox><xmin>283</xmin><ymin>261</ymin><xmax>209</xmax><ymax>146</ymax></bndbox></object><object><name>proposal</name><bndbox><xmin>355</xmin><ymin>261</ymin><xmax>291</xmax><ymax>201</ymax></bndbox></object><object><name>proposal</name><bndbox><xmin>282</xmin><ymin>262</ymin><xmax>433</xmax><ymax>230</ymax></bndbox></object><object><name>proposal</name><bndbox><xmin>332</xmin><ymin>262</ymin><xmax>183</xmax><ymax>88</ymax></bndbox></object><object><name>proposal</name><bndbox><xmin>285</xmin><ymin>286</ymin><xmax>209</xmax><ymax>120</ymax></bndbox></object><object><name>proposal</name><bndbox><xmin>610</xmin><ymin>427</ymin><xmax>92</xmax><ymax>77</ymax></bndbox></object><object><name>proposal</name><bndbox><xmin>303</xmin><ymin>296</ymin><xmax>173</xmax><ymax>111</ymax></bndbox></object><object><name>proposal</name><bndbox><xmin>571</xmin><ymin>390</ymin><xmax>68</xmax><ymax>61</ymax></bndbox></object><object><name>proposal</name><bndbox><xmin>571</xmin><ymin>378</ymin><xmax>229</xmax><ymax>160</ymax></bndbox></object><object><name>proposal</name><bndbox><xmin>286</xmin><ymin>286</ymin><xmax>214</xmax><ymax>116</ymax></bndbox></object><object><name>proposal</name><bndbox><xmin>495</xmin><ymin>392</ymin><xmax>144</xmax><ymax>89</ymax></bndbox></object><object><name>proposal</name><bndbox><xmin>290</xmin><ymin>255</ymin><xmax>202</xmax><ymax>88</ymax></bndbox></object><object><name>proposal</name><bndbox><xmin>557</xmin><ymin>390</ymin><xmax>66</xmax><ymax>81</ymax></bndbox></object><object><name>proposal</name><bndbox><xmin>530</xmin><ymin>337</ymin><xmax>168</xmax><ymax>78</ymax></bndbox></object><object><name>proposal</name><bndbox><xmin>571</xmin><ymin>378</ymin><xmax>138</xmax><ymax>103</ymax></bndbox></object><object><name>proposal</name><bndbox><xmin>354</xmin><ymin>261</ymin><xmax>138</xmax><ymax>82</ymax></bndbox></object><object><name>proposal</name><bndbox><xmin>537</xmin><ymin>366</ymin><xmax>263</xmax><ymax>171</ymax></bndbox></object><object><name>proposal</name><bndbox><xmin>240</xmin><ymin>255</ymin><xmax>252</xmax><ymax>99</ymax></bndbox></object><object><name>proposal</name><bndbox><xmin>285</xmin><ymin>286</ymin><xmax>208</xmax><ymax>121</ymax></bndbox></object><object><name>proposal</name><bndbox><xmin>338</xmin><ymin>261</ymin><xmax>160</xmax><ymax>93</ymax></bndbox></object><object><name>proposal</name><bndbox><xmin>361</xmin><ymin>296</ymin><xmax>94</xmax><ymax>63</ymax></bndbox></object><object><name>proposal</name><bndbox><xmin>425</xmin><ymin>296</ymin><xmax>261</xmax><ymax>185</ymax></bndbox></object><object><name>proposal</name><bndbox><xmin>562</xmin><ymin>348</ymin><xmax>150</xmax><ymax>144</ymax></bndbox></object><object><name>proposal</name><bndbox><xmin>475</xmin><ymin>348</ymin><xmax>237</xmax><ymax>144</ymax></bndbox></object><object><name>proposal</name><bndbox><xmin>584</xmin><ymin>384</ymin><xmax>216</xmax><ymax>153</ymax></bndbox></object><object><name>proposal</name><bndbox><xmin>576</xmin><ymin>384</ymin><xmax>137</xmax><ymax>93</ymax></bndbox></object><object><name>proposal</name><bndbox><xmin>567</xmin><ymin>366</ymin><xmax>154</xmax><ymax>113</ymax></bndbox></object><object><name>proposal</name><bndbox><xmin>584</xmin><ymin>373</ymin><xmax>131</xmax><ymax>119</ymax></bndbox></object><object><name>proposal</name><bndbox><xmin>587</xmin><ymin>378</ymin><xmax>143</xmax><ymax>77</ymax></bndbox></object><object><name>proposal</name><bndbox><xmin>605</xmin><ymin>349</ymin><xmax>195</xmax><ymax>180</ymax></bndbox></object><object><name>proposal</name><bndbox><xmin>584</xmin><ymin>384</ymin><xmax>216</xmax><ymax>140</ymax></bndbox></object><object><name>proposal</name><bndbox><xmin>604</xmin><ymin>378</ymin><xmax>105</xmax><ymax>89</ymax></bndbox></object><object><name>proposal</name><bndbox><xmin>286</xmin><ymin>296</ymin><xmax>207</xmax><ymax>111</ymax></bndbox></object><object><name>proposal</name><bndbox><xmin>263</xmin><ymin>295</ymin><xmax>208</xmax><ymax>112</ymax></bndbox></object><object><name>proposal</name><bndbox><xmin>605</xmin><ymin>328</ymin><xmax>93</xmax><ymax>87</ymax></bndbox></object><object><name>proposal</name><bndbox><xmin>361</xmin><ymin>296</ymin><xmax>105</xmax><ymax>63</ymax></bndbox></object><object><name>proposal</name><bndbox><xmin>577</xmin><ymin>366</ymin><xmax>144</xmax><ymax>113</ymax></bndbox></object><object><name>proposal</name><bndbox><xmin>285</xmin><ymin>270</ymin><xmax>209</xmax><ymax>136</ymax></bndbox></object><object><name>proposal</name><bndbox><xmin>284</xmin><ymin>288</ymin><xmax>216</xmax><ymax>117</ymax></bndbox></object><object><name>proposal</name><bndbox><xmin>578</xmin><ymin>365</ymin><xmax>222</xmax><ymax>164</ymax></bndbox></object><object><name>proposal</name><bndbox><xmin>286</xmin><ymin>291</ymin><xmax>185</xmax><ymax>116</ymax></bndbox></object><object><name>proposal</name><bndbox><xmin>484</xmin><ymin>344</ymin><xmax>316</xmax><ymax>166</ymax></bndbox></object><object><name>proposal</name><bndbox><xmin>284</xmin><ymin>268</ymin><xmax>193</xmax><ymax>135</ymax></bndbox></object><object><name>proposal</name><bndbox><xmin>286</xmin><ymin>261</ymin><xmax>207</xmax><ymax>146</ymax></bndbox></object><object><name>proposal</name><bndbox><xmin>286</xmin><ymin>295</ymin><xmax>201</xmax><ymax>112</ymax></bndbox></object><object><name>proposal</name><bndbox><xmin>355</xmin><ymin>261</ymin><xmax>143</xmax><ymax>99</ymax></bndbox></object><object><name>proposal</name><bndbox><xmin>604</xmin><ymin>328</ymin><xmax>103</xmax><ymax>139</ymax></bndbox></object><object><name>proposal</name><bndbox><xmin>576</xmin><ymin>372</ymin><xmax>146</xmax><ymax>105</ymax></bndbox></object><object><name>proposal</name><bndbox><xmin>576</xmin><ymin>372</ymin><xmax>222</xmax><ymax>165</ymax></bndbox></object><object><name>proposal</name><bndbox><xmin>590</xmin><ymin>366</ymin><xmax>109</xmax><ymax>49</ymax></bndbox></object><object><name>proposal</name><bndbox><xmin>286</xmin><ymin>270</ymin><xmax>207</xmax><ymax>132</ymax></bndbox></object><object><name>proposal</name><bndbox><xmin>355</xmin><ymin>261</ymin><xmax>291</xmax><ymax>109</ymax></bndbox></object><object><name>proposal</name><bndbox><xmin>576</xmin><ymin>372</ymin><xmax>146</xmax><ymax>121</ymax></bndbox></object><object><name>proposal</name><bndbox><xmin>286</xmin><ymin>289</ymin><xmax>214</xmax><ymax>113</ymax></bndbox></object><object><name>proposal</name><bndbox><xmin>285</xmin><ymin>296</ymin><xmax>191</xmax><ymax>111</ymax></bndbox></object><object><name>proposal</name><bndbox><xmin>633</xmin><ymin>438</ymin><xmax>89</xmax><ymax>38</ymax></bndbox></object><object><name>proposal</name><bndbox><xmin>483</xmin><ymin>378</ymin><xmax>220</xmax><ymax>103</ymax></bndbox></object><object><name>proposal</name><bndbox><xmin>604</xmin><ymin>300</ymin><xmax>158</xmax><ymax>167</ymax></bndbox></object><object><name>proposal</name><bndbox><xmin>355</xmin><ymin>263</ymin><xmax>124</xmax><ymax>83</ymax></bndbox></object><object><name>proposal</name><bndbox><xmin>576</xmin><ymin>366</ymin><xmax>224</xmax><ymax>158</ymax></bndbox></object><object><name>proposal</name><bndbox><xmin>639</xmin><ymin>389</ymin><xmax>91</xmax><ymax>44</ymax></bndbox></object><object><name>proposal</name><bndbox><xmin>263</xmin><ymin>291</ymin><xmax>224</xmax><ymax>116</ymax></bndbox></object><object><name>proposal</name><bndbox><xmin>578</xmin><ymin>365</ymin><xmax>222</xmax><ymax>173</ymax></bndbox></object><object><name>proposal</name><bndbox><xmin>222</xmin><ymin>237</ymin><xmax>254</xmax><ymax>170</ymax></bndbox></object><object><name>proposal</name><bndbox><xmin>186</xmin><ymin>230</ymin><xmax>460</xmax><ymax>161</ymax></bndbox></object><object><name>proposal</name><bndbox><xmin>237</xmin><ymin>262</ymin><xmax>278</xmax><ymax>276</ymax></bndbox></object><object><name>proposal</name><bndbox><xmin>576</xmin><ymin>372</ymin><xmax>137</xmax><ymax>105</ymax></bndbox></object><object><name>proposal</name><bndbox><xmin>537</xmin><ymin>384</ymin><xmax>263</xmax><ymax>153</ymax></bndbox></object><object><name>proposal</name><bndbox><xmin>490</xmin><ymin>344</ymin><xmax>310</xmax><ymax>166</ymax></bndbox></object><object><name>proposal</name><bndbox><xmin>604</xmin><ymin>378</ymin><xmax>99</xmax><ymax>126</ymax></bndbox></object><object><name>proposal</name><bndbox><xmin>584</xmin><ymin>384</ymin><xmax>216</xmax><ymax>159</ymax></bndbox></object><object><name>proposal</name><bndbox><xmin>354</xmin><ymin>263</ymin><xmax>138</xmax><ymax>80</ymax></bndbox></object><object><name>proposal</name><bndbox><xmin>286</xmin><ymin>286</ymin><xmax>214</xmax><ymax>117</ymax></bndbox></object><object><name>proposal</name><bndbox><xmin>549</xmin><ymin>366</ymin><xmax>172</xmax><ymax>113</ymax></bndbox></object><object><name>proposal</name><bndbox><xmin>576</xmin><ymin>366</ymin><xmax>224</xmax><ymax>171</ymax></bndbox></object><object><name>proposal</name><bndbox><xmin>578</xmin><ymin>379</ymin><xmax>222</xmax><ymax>150</ymax></bndbox></object><object><name>proposal</name><bndbox><xmin>355</xmin><ymin>261</ymin><xmax>143</xmax><ymax>82</ymax></bndbox></object><object><name>proposal</name><bndbox><xmin>303</xmin><ymin>296</ymin><xmax>173</xmax><ymax>95</ymax></bndbox></object><object><name>proposal</name><bndbox><xmin>282</xmin><ymin>289</ymin><xmax>80</xmax><ymax>61</ymax></bndbox></object><object><name>proposal</name><bndbox><xmin>355</xmin><ymin>261</ymin><xmax>138</xmax><ymax>93</ymax></bndbox></object><object><name>proposal</name><bndbox><xmin>286</xmin><ymin>286</ymin><xmax>208</xmax><ymax>116</ymax></bndbox></object><object><name>proposal</name><bndbox><xmin>276</xmin><ymin>255</ymin><xmax>403</xmax><ymax>207</ymax></bndbox></object><object><name>proposal</name><bndbox><xmin>483</xmin><ymin>378</ymin><xmax>317</xmax><ymax>160</ymax></bndbox></object><object><name>proposal</name><bndbox><xmin>562</xmin><ymin>348</ymin><xmax>153</xmax><ymax>144</ymax></bndbox></object><object><name>proposal</name><bndbox><xmin>483</xmin><ymin>300</ymin><xmax>279</xmax><ymax>162</ymax></bndbox></object><object><name>proposal</name><bndbox><xmin>240</xmin><ymin>255</ymin><xmax>439</xmax><ymax>207</ymax></bndbox></object><object><name>proposal</name><bndbox><xmin>578</xmin><ymin>379</ymin><xmax>222</xmax><ymax>159</ymax></bndbox></object><object><name>proposal</name><bndbox><xmin>284</xmin><ymin>269</ymin><xmax>192</xmax><ymax>134</ymax></bndbox></object><object><name>proposal</name><bndbox><xmin>332</xmin><ymin>262</ymin><xmax>166</xmax><ymax>78</ymax></bndbox></object><object><name>proposal</name><bndbox><xmin>282</xmin><ymin>262</ymin><xmax>233</xmax><ymax>88</ymax></bndbox></object><object><name>proposal</name><bndbox><xmin>584</xmin><ymin>373</ymin><xmax>128</xmax><ymax>119</ymax></bndbox></object><object><name>proposal</name><bndbox><xmin>576</xmin><ymin>384</ymin><xmax>224</xmax><ymax>153</ymax></bndbox></object><object><name>proposal</name><bndbox><xmin>332</xmin><ymin>262</ymin><xmax>343</xmax><ymax>200</ymax></bndbox></object><object><name>proposal</name><bndbox><xmin>283</xmin><ymin>291</ymin><xmax>188</xmax><ymax>116</ymax></bndbox></object><object><name>proposal</name><bndbox><xmin>286</xmin><ymin>295</ymin><xmax>185</xmax><ymax>112</ymax></bndbox></object><object><name>proposal</name><bndbox><xmin>240</xmin><ymin>255</ymin><xmax>446</xmax><ymax>226</ymax></bndbox></object><object><name>proposal</name><bndbox><xmin>257</xmin><ymin>286</ymin><xmax>236</xmax><ymax>121</ymax></bndbox></object><object><name>proposal</name><bndbox><xmin>314</xmin><ymin>300</ymin><xmax>448</xmax><ymax>162</ymax></bndbox></object><object><name>proposal</name><bndbox><xmin>576</xmin><ymin>384</ymin><xmax>224</xmax><ymax>140</ymax></bndbox></object><object><name>proposal</name><bndbox><xmin>584</xmin><ymin>384</ymin><xmax>131</xmax><ymax>108</ymax></bndbox></object><object><name>proposal</name><bndbox><xmin>610</xmin><ymin>427</ymin><xmax>126</xmax><ymax>102</ymax></bndbox></object></annotation>