<annotation><folder>Proposals</folder><filename>img-132.jpg</filename><size><width>720</width><height>720</height><depth>3</depth></size><object><name>proposal</name><bndbox><xmin>110</xmin><ymin>196</ymin><xmax>690</xmax><ymax>347</ymax></bndbox></object><object><name>proposal</name><bndbox><xmin>144</xmin><ymin>234</ymin><xmax>324</xmax><ymax>130</ymax></bndbox></object><object><name>proposal</name><bndbox><xmin>170</xmin><ymin>216</ymin><xmax>630</xmax><ymax>193</ymax></bndbox></object><object><name>proposal</name><bndbox><xmin>276</xmin><ymin>329</ymin><xmax>375</xmax><ymax>149</ymax></bndbox></object><object><name>proposal</name><bndbox><xmin>193</xmin><ymin>252</ymin><xmax>300</xmax><ymax>190</ymax></bndbox></object><object><name>proposal</name><bndbox><xmin>268</xmin><ymin>266</ymin><xmax>256</xmax><ymax>177</ymax></bndbox></object><object><name>proposal</name><bndbox><xmin>0</xmin><ymin>205</ymin><xmax>44</xmax><ymax>37</ymax></bndbox></object><object><name>proposal</name><bndbox><xmin>198</xmin><ymin>247</ymin><xmax>348</xmax><ymax>196</ymax></bndbox></object><object><name>proposal</name><bndbox><xmin>0</xmin><ymin>307</ymin><xmax>658</xmax><ymax>200</ymax></bndbox></object><object><name>proposal</name><bndbox><xmin>170</xmin><ymin>151</ymin><xmax>434</xmax><ymax>220</ymax></bndbox></object><object><name>proposal</name><bndbox><xmin>0</xmin><ymin>231</ymin><xmax>23</xmax><ymax>26</ymax></bndbox></object><object><name>proposal</name><bndbox><xmin>190</xmin><ymin>251</ymin><xmax>439</xmax><ymax>211</ymax></bndbox></object><object><name>proposal</name><bndbox><xmin>192</xmin><ymin>315</ymin><xmax>424</xmax><ymax>147</ymax></bndbox></object><object><name>proposal</name><bndbox><xmin>110</xmin><ymin>249</ymin><xmax>383</xmax><ymax>165</ymax></bndbox></object><object><name>proposal</name><bndbox><xmin>0</xmin><ymin>307</ymin><xmax>800</xmax><ymax>493</ymax></bndbox></object><object><name>proposal</name><bndbox><xmin>110</xmin><ymin>251</ymin><xmax>519</xmax><ymax>204</ymax></bndbox></object><object><name>proposal</name><bndbox><xmin>249</xmin><ymin>280</ymin><xmax>332</xmax><ymax>163</ymax></bndbox></object><object><name>proposal</name><bndbox><xmin>192</xmin><ymin>315</ymin><xmax>288</xmax><ymax>127</ymax></bndbox></object><object><name>proposal</name><bndbox><xmin>118</xmin><ymin>241</ymin><xmax>239</xmax><ymax>174</ymax></bndbox></object><object><name>proposal</name><bndbox><xmin>249</xmin><ymin>252</ymin><xmax>363</xmax><ymax>210</ymax></bndbox></object><object><name>proposal</name><bndbox><xmin>221</xmin><ymin>249</ymin><xmax>272</xmax><ymax>122</ymax></bndbox></object><object><name>proposal</name><bndbox><xmin>0</xmin><ymin>238</ymin><xmax>35</xmax><ymax>19</ymax></bndbox></object><object><name>proposal</name><bndbox><xmin>296</xmin><ymin>321</ymin><xmax>360</xmax><ymax>152</ymax></bndbox></object><object><name>proposal</name><bndbox><xmin>225</xmin><ymin>294</ymin><xmax>281</xmax><ymax>140</ymax></bndbox></object><object><name>proposal</name><bndbox><xmin>56</xmin><ymin>197</ymin><xmax>744</xmax><ymax>347</ymax></bndbox></object><object><name>proposal</name><bndbox><xmin>249</xmin><ymin>280</ymin><xmax>332</xmax><ymax>182</ymax></bndbox></object><object><name>proposal</name><bndbox><xmin>0</xmin><ymin>196</ymin><xmax>800</xmax><ymax>491</ymax></bndbox></object><object><name>proposal</name><bndbox><xmin>442</xmin><ymin>212</ymin><xmax>358</xmax><ymax>201</ymax></bndbox></object><object><name>proposal</name><bndbox><xmin>372</xmin><ymin>321</ymin><xmax>428</xmax><ymax>251</ymax></bndbox></object><object><name>proposal</name><bndbox><xmin>110</xmin><ymin>227</ymin><xmax>370</xmax><ymax>215</ymax></bndbox></object><object><name>proposal</name><bndbox><xmin>0</xmin><ymin>192</ymin><xmax>474</xmax><ymax>157</ymax></bndbox></object><object><name>proposal</name><bndbox><xmin>144</xmin><ymin>241</ymin><xmax>272</xmax><ymax>123</ymax></bndbox></object><object><name>proposal</name><bndbox><xmin>0</xmin><ymin>0</ymin><xmax>800</xmax><ymax>406</ymax></bndbox></object><object><name>proposal</name><bndbox><xmin>279</xmin><ymin>316</ymin><xmax>343</xmax><ymax>146</ymax></bndbox></object><object><name>proposal</name><bndbox><xmin>109</xmin><ymin>241</ymin><xmax>371</xmax><ymax>150</ymax></bndbox></object><object><name>proposal</name><bndbox><xmin>402</xmin><ymin>346</ymin><xmax>254</xmax><ymax>127</ymax></bndbox></object><object><name>proposal</name><bndbox><xmin>0</xmin><ymin>0</ymin><xmax>800</xmax><ymax>626</ymax></bndbox></object><object><name>proposal</name><bndbox><xmin>170</xmin><ymin>151</ymin><xmax>483</xmax><ymax>326</ymax></bndbox></object><object><name>proposal</name><bndbox><xmin>192</xmin><ymin>248</ymin><xmax>424</xmax><ymax>214</ymax></bndbox></object><object><name>proposal</name><bndbox><xmin>405</xmin><ymin>141</ymin><xmax>395</xmax><ymax>479</ymax></bndbox></object><object><name>proposal</name><bndbox><xmin>0</xmin><ymin>183</ymin><xmax>552</xmax><ymax>259</ymax></bndbox></object><object><name>proposal</name><bndbox><xmin>221</xmin><ymin>248</ymin><xmax>272</xmax><ymax>123</ymax></bndbox></object><object><name>proposal</name><bndbox><xmin>0</xmin><ymin>210</ymin><xmax>800</xmax><ymax>524</ymax></bndbox></object><object><name>proposal</name><bndbox><xmin>190</xmin><ymin>251</ymin><xmax>439</xmax><ymax>204</ymax></bndbox></object><object><name>proposal</name><bndbox><xmin>372</xmin><ymin>346</ymin><xmax>279</xmax><ymax>127</ymax></bndbox></object><object><name>proposal</name><bndbox><xmin>279</xmin><ymin>336</ymin><xmax>343</xmax><ymax>120</ymax></bndbox></object><object><name>proposal</name><bndbox><xmin>225</xmin><ymin>252</ymin><xmax>256</xmax><ymax>194</ymax></bndbox></object><object><name>proposal</name><bndbox><xmin>0</xmin><ymin>0</ymin><xmax>800</xmax><ymax>409</ymax></bndbox></object><object><name>proposal</name><bndbox><xmin>0</xmin><ymin>154</ymin><xmax>552</xmax><ymax>194</ymax></bndbox></object><object><name>proposal</name><bndbox><xmin>276</xmin><ymin>315</ymin><xmax>204</xmax><ymax>129</ymax></bndbox></object><object><name>proposal</name><bndbox><xmin>0</xmin><ymin>34</ymin><xmax>800</xmax><ymax>454</ymax></bndbox></object><object><name>proposal</name><bndbox><xmin>56</xmin><ymin>234</ymin><xmax>360</xmax><ymax>130</ymax></bndbox></object><object><name>proposal</name><bndbox><xmin>0</xmin><ymin>16</ymin><xmax>800</xmax><ymax>784</ymax></bndbox></object><object><name>proposal</name><bndbox><xmin>244</xmin><ymin>310</ymin><xmax>231</xmax><ymax>137</ymax></bndbox></object><object><name>proposal</name><bndbox><xmin>0</xmin><ymin>406</ymin><xmax>604</xmax><ymax>132</ymax></bndbox></object><object><name>proposal</name><bndbox><xmin>170</xmin><ymin>95</ymin><xmax>630</xmax><ymax>382</ymax></bndbox></object><object><name>proposal</name><bndbox><xmin>0</xmin><ymin>47</ymin><xmax>800</xmax><ymax>434</ymax></bndbox></object><object><name>proposal</name><bndbox><xmin>0</xmin><ymin>309</ymin><xmax>653</xmax><ymax>243</ymax></bndbox></object><object><name>proposal</name><bndbox><xmin>442</xmin><ymin>216</ymin><xmax>358</xmax><ymax>262</ymax></bndbox></object><object><name>proposal</name><bndbox><xmin>0</xmin><ymin>297</ymin><xmax>800</xmax><ymax>503</ymax></bndbox></object><object><name>proposal</name><bndbox><xmin>244</xmin><ymin>266</ymin><xmax>280</xmax><ymax>177</ymax></bndbox></object><object><name>proposal</name><bndbox><xmin>244</xmin><ymin>308</ymin><xmax>280</xmax><ymax>135</ymax></bndbox></object><object><name>proposal</name><bndbox><xmin>223</xmin><ymin>261</ymin><xmax>453</xmax><ymax>217</ymax></bndbox></object><object><name>proposal</name><bndbox><xmin>0</xmin><ymin>170</ymin><xmax>100</xmax><ymax>87</ymax></bndbox></object><object><name>proposal</name><bndbox><xmin>118</xmin><ymin>249</ymin><xmax>239</xmax><ymax>166</ymax></bndbox></object><object><name>proposal</name><bndbox><xmin>119</xmin><ymin>183</ymin><xmax>681</xmax><ymax>305</ymax></bndbox></object><object><name>proposal</name><bndbox><xmin>249</xmin><ymin>259</ymin><xmax>363</xmax><ymax>194</ymax></bndbox></object><object><name>proposal</name><bndbox><xmin>435</xmin><ymin>216</ymin><xmax>365</xmax><ymax>272</ymax></bndbox></object><object><name>proposal</name><bndbox><xmin>114</xmin><ymin>196</ymin><xmax>686</xmax><ymax>347</ymax></bndbox></object><object><name>proposal</name><bndbox><xmin>119</xmin><ymin>234</ymin><xmax>238</xmax><ymax>130</ymax></bndbox></object><object><name>proposal</name><bndbox><xmin>377</xmin><ymin>281</ymin><xmax>299</xmax><ymax>197</ymax></bndbox></object><object><name>proposal</name><bndbox><xmin>336</xmin><ymin>211</ymin><xmax>348</xmax><ymax>160</ymax></bndbox></object><object><name>proposal</name><bndbox><xmin>119</xmin><ymin>249</ymin><xmax>374</xmax><ymax>157</ymax></bndbox></object><object><name>proposal</name><bndbox><xmin>0</xmin><ymin>205</ymin><xmax>100</xmax><ymax>52</ymax></bndbox></object><object><name>proposal</name><bndbox><xmin>244</xmin><ymin>310</ymin><xmax>412</xmax><ymax>163</ymax></bndbox></object><object><name>proposal</name><bndbox><xmin>276</xmin><ymin>319</ymin><xmax>257</xmax><ymax>124</ymax></bndbox></object><object><name>proposal</name><bndbox><xmin>0</xmin><ymin>234</ymin><xmax>800</xmax><ymax>566</ymax></bndbox></object><object><name>proposal</name><bndbox><xmin>0</xmin><ymin>308</ymin><xmax>800</xmax><ymax>492</ymax></bndbox></object><object><name>proposal</name><bndbox><xmin>0</xmin><ymin>210</ymin><xmax>320</xmax><ymax>271</ymax></bndbox></object><object><name>proposal</name><bndbox><xmin>225</xmin><ymin>294</ymin><xmax>281</xmax><ymax>150</ymax></bndbox></object><object><name>proposal</name><bndbox><xmin>119</xmin><ymin>252</ymin><xmax>374</xmax><ymax>165</ymax></bndbox></object><object><name>proposal</name><bndbox><xmin>306</xmin><ymin>183</ymin><xmax>494</xmax><ymax>293</ymax></bndbox></object><object><name>proposal</name><bndbox><xmin>170</xmin><ymin>216</ymin><xmax>514</xmax><ymax>155</ymax></bndbox></object><object><name>proposal</name><bndbox><xmin>0</xmin><ymin>154</ymin><xmax>481</xmax><ymax>292</ymax></bndbox></object><object><name>proposal</name><bndbox><xmin>0</xmin><ymin>196</ymin><xmax>800</xmax><ymax>604</ymax></bndbox></object><object><name>proposal</name><bndbox><xmin>171</xmin><ymin>224</ymin><xmax>405</xmax><ymax>238</ymax></bndbox></object><object><name>proposal</name><bndbox><xmin>0</xmin><ymin>154</ymin><xmax>671</xmax><ymax>324</ymax></bndbox></object><object><name>proposal</name><bndbox><xmin>0</xmin><ymin>0</ymin><xmax>800</xmax><ymax>640</ymax></bndbox></object><object><name>proposal</name><bndbox><xmin>56</xmin><ymin>208</ymin><xmax>424</xmax><ymax>239</ymax></bndbox></object><object><name>proposal</name><bndbox><xmin>56</xmin><ymin>234</ymin><xmax>412</xmax><ymax>130</ymax></bndbox></object><object><name>proposal</name><bndbox><xmin>244</xmin><ymin>315</ymin><xmax>236</xmax><ymax>125</ymax></bndbox></object><object><name>proposal</name><bndbox><xmin>442</xmin><ymin>216</ymin><xmax>358</xmax><ymax>272</ymax></bndbox></object><object><name>proposal</name><bndbox><xmin>0</xmin><ymin>72</ymin><xmax>800</xmax><ymax>554</ymax></bndbox></object><object><name>proposal</name><bndbox><xmin>268</xmin><ymin>315</ymin><xmax>212</xmax><ymax>125</ymax></bndbox></object><object><name>proposal</name><bndbox><xmin>0</xmin><ymin>223</ymin><xmax>45</xmax><ymax>34</ymax></bndbox></object><object><name>proposal</name><bndbox><xmin>142</xmin><ymin>234</ymin><xmax>338</xmax><ymax>157</ymax></bndbox></object><object><name>proposal</name><bndbox><xmin>244</xmin><ymin>275</ymin><xmax>368</xmax><ymax>178</ymax></bndbox></object><object><name>proposal</name><bndbox><xmin>0</xmin><ymin>85</ymin><xmax>800</xmax><ymax>324</ymax></bndbox></object><object><name>proposal</name><bndbox><xmin>144</xmin><ymin>234</ymin><xmax>272</xmax><ymax>130</ymax></bndbox></object><object><name>proposal</name><bndbox><xmin>0</xmin><ymin>197</ymin><xmax>755</xmax><ymax>603</ymax></bndbox></object><object><name>proposal</name><bndbox><xmin>0</xmin><ymin>154</ymin><xmax>800</xmax><ymax>324</ymax></bndbox></object><object><name>proposal</name><bndbox><xmin>0</xmin><ymin>192</ymin><xmax>468</xmax><ymax>172</ymax></bndbox></object><object><name>proposal</name><bndbox><xmin>170</xmin><ymin>234</ymin><xmax>300</xmax><ymax>137</ymax></bndbox></object><object><name>proposal</name><bndbox><xmin>244</xmin><ymin>266</ymin><xmax>280</xmax><ymax>178</ymax></bndbox></object><object><name>proposal</name><bndbox><xmin>195</xmin><ymin>245</ymin><xmax>369</xmax><ymax>198</ymax></bndbox></object><object><name>proposal</name><bndbox><xmin>0</xmin><ymin>0</ymin><xmax>800</xmax><ymax>501</ymax></bndbox></object><object><name>proposal</name><bndbox><xmin>198</xmin><ymin>224</ymin><xmax>348</xmax><ymax>219</ymax></bndbox></object><object><name>proposal</name><bndbox><xmin>0</xmin><ymin>194</ymin><xmax>472</xmax><ymax>212</ymax></bndbox></object><object><name>proposal</name><bndbox><xmin>223</xmin><ymin>335</ymin><xmax>246</xmax><ymax>107</ymax></bndbox></object><object><name>proposal</name><bndbox><xmin>0</xmin><ymin>183</ymin><xmax>552</xmax><ymax>169</ymax></bndbox></object><object><name>proposal</name><bndbox><xmin>0</xmin><ymin>317</ymin><xmax>800</xmax><ymax>483</ymax></bndbox></object><object><name>proposal</name><bndbox><xmin>170</xmin><ymin>211</ymin><xmax>363</xmax><ymax>160</ymax></bndbox></object><object><name>proposal</name><bndbox><xmin>223</xmin><ymin>252</ymin><xmax>453</xmax><ymax>226</ymax></bndbox></object><object><name>proposal</name><bndbox><xmin>0</xmin><ymin>179</ymin><xmax>93</xmax><ymax>74</ymax></bndbox></object><object><name>proposal</name><bndbox><xmin>0</xmin><ymin>72</ymin><xmax>800</xmax><ymax>341</ymax></bndbox></object><object><name>proposal</name><bndbox><xmin>0</xmin><ymin>49</ymin><xmax>800</xmax><ymax>751</ymax></bndbox></object><object><name>proposal</name><bndbox><xmin>0</xmin><ymin>0</ymin><xmax>800</xmax><ymax>544</ymax></bndbox></object><object><name>proposal</name><bndbox><xmin>249</xmin><ymin>266</ymin><xmax>332</xmax><ymax>196</ymax></bndbox></object><object><name>proposal</name><bndbox><xmin>306</xmin><ymin>183</ymin><xmax>494</xmax><ymax>299</ymax></bndbox></object><object><name>proposal</name><bndbox><xmin>119</xmin><ymin>234</ymin><xmax>503</xmax><ymax>227</ymax></bndbox></object><object><name>proposal</name><bndbox><xmin>225</xmin><ymin>308</ymin><xmax>255</xmax><ymax>117</ymax></bndbox></object><object><name>proposal</name><bndbox><xmin>110</xmin><ymin>227</ymin><xmax>383</xmax><ymax>144</ymax></bndbox></object><object><name>proposal</name><bndbox><xmin>453</xmin><ymin>321</ymin><xmax>223</xmax><ymax>139</ymax></bndbox></object><object><name>proposal</name><bndbox><xmin>0</xmin><ymin>50</ymin><xmax>800</xmax><ymax>750</ymax></bndbox></object><object><name>proposal</name><bndbox><xmin>285</xmin><ymin>336</ymin><xmax>255</xmax><ymax>116</ymax></bndbox></object><object><name>proposal</name><bndbox><xmin>0</xmin><ymin>179</ymin><xmax>110</xmax><ymax>74</ymax></bndbox></object><object><name>proposal</name><bndbox><xmin>444</xmin><ymin>321</ymin><xmax>232</xmax><ymax>157</ymax></bndbox></object><object><name>proposal</name><bndbox><xmin>0</xmin><ymin>307</ymin><xmax>658</xmax><ymax>260</ymax></bndbox></object><object><name>proposal</name><bndbox><xmin>434</xmin><ymin>356</ymin><xmax>237</xmax><ymax>122</ymax></bndbox></object><object><name>proposal</name><bndbox><xmin>119</xmin><ymin>234</ymin><xmax>353</xmax><ymax>172</ymax></bndbox></object><object><name>proposal</name><bndbox><xmin>211</xmin><ymin>253</ymin><xmax>353</xmax><ymax>191</ymax></bndbox></object><object><name>proposal</name><bndbox><xmin>225</xmin><ymin>266</ymin><xmax>281</xmax><ymax>168</ymax></bndbox></object><object><name>proposal</name><bndbox><xmin>244</xmin><ymin>308</ymin><xmax>280</xmax><ymax>136</ymax></bndbox></object><object><name>proposal</name><bndbox><xmin>0</xmin><ymin>335</ymin><xmax>372</xmax><ymax>166</ymax></bndbox></object><object><name>proposal</name><bndbox><xmin>244</xmin><ymin>275</ymin><xmax>368</xmax><ymax>187</ymax></bndbox></object><object><name>proposal</name><bndbox><xmin>0</xmin><ymin>234</ymin><xmax>44</xmax><ymax>19</ymax></bndbox></object><object><name>proposal</name><bndbox><xmin>187</xmin><ymin>256</ymin><xmax>170</xmax><ymax>159</ymax></bndbox></object><object><name>proposal</name><bndbox><xmin>268</xmin><ymin>308</ymin><xmax>256</xmax><ymax>136</ymax></bndbox></object><object><name>proposal</name><bndbox><xmin>0</xmin><ymin>180</ymin><xmax>552</xmax><ymax>154</ymax></bndbox></object><object><name>proposal</name><bndbox><xmin>360</xmin><ymin>197</ymin><xmax>192</xmax><ymax>205</ymax></bndbox></object><object><name>proposal</name><bndbox><xmin>249</xmin><ymin>259</ymin><xmax>363</xmax><ymax>203</ymax></bndbox></object><object><name>proposal</name><bndbox><xmin>0</xmin><ymin>164</ymin><xmax>93</xmax><ymax>89</ymax></bndbox></object><object><name>proposal</name><bndbox><xmin>0</xmin><ymin>180</ymin><xmax>552</xmax><ymax>148</ymax></bndbox></object><object><name>proposal</name><bndbox><xmin>276</xmin><ymin>329</ymin><xmax>264</xmax><ymax>123</ymax></bndbox></object><object><name>proposal</name><bndbox><xmin>0</xmin><ymin>50</ymin><xmax>800</xmax><ymax>747</ymax></bndbox></object><object><name>proposal</name><bndbox><xmin>0</xmin><ymin>335</ymin><xmax>372</xmax><ymax>148</ymax></bndbox></object><object><name>proposal</name><bndbox><xmin>0</xmin><ymin>406</ymin><xmax>604</xmax><ymax>151</ymax></bndbox></object><object><name>proposal</name><bndbox><xmin>110</xmin><ymin>317</ymin><xmax>282</xmax><ymax>97</ymax></bndbox></object><object><name>proposal</name><bndbox><xmin>424</xmin><ymin>346</ymin><xmax>227</xmax><ymax>127</ymax></bndbox></object><object><name>proposal</name><bndbox><xmin>244</xmin><ymin>266</ymin><xmax>368</xmax><ymax>187</ymax></bndbox></object><object><name>proposal</name><bndbox><xmin>0</xmin><ymin>197</ymin><xmax>658</xmax><ymax>304</ymax></bndbox></object><object><name>proposal</name><bndbox><xmin>211</xmin><ymin>253</ymin><xmax>353</xmax><ymax>190</ymax></bndbox></object><object><name>proposal</name><bndbox><xmin>0</xmin><ymin>183</ymin><xmax>508</xmax><ymax>165</ymax></bndbox></object><object><name>proposal</name><bndbox><xmin>404</xmin><ymin>196</ymin><xmax>396</xmax><ymax>348</ymax></bndbox></object><object><name>proposal</name><bndbox><xmin>244</xmin><ymin>252</ymin><xmax>368</xmax><ymax>201</ymax></bndbox></object><object><name>proposal</name><bndbox><xmin>0</xmin><ymin>154</ymin><xmax>552</xmax><ymax>195</ymax></bndbox></object><object><name>proposal</name><bndbox><xmin>193</xmin><ymin>252</ymin><xmax>300</xmax><ymax>154</ymax></bndbox></object><object><name>proposal</name><bndbox><xmin>0</xmin><ymin>194</ymin><xmax>451</xmax><ymax>155</ymax></bndbox></object><object><name>proposal</name><bndbox><xmin>0</xmin><ymin>192</ymin><xmax>451</xmax><ymax>157</ymax></bndbox></object><object><name>proposal</name><bndbox><xmin>197</xmin><ymin>96</ymin><xmax>603</xmax><ymax>313</ymax></bndbox></object><object><name>proposal</name><bndbox><xmin>56</xmin><ymin>241</ymin><xmax>620</xmax><ymax>237</ymax></bndbox></object><object><name>proposal</name><bndbox><xmin>280</xmin><ymin>349</ymin><xmax>520</xmax><ymax>210</ymax></bndbox></object><object><name>proposal</name><bndbox><xmin>178</xmin><ymin>231</ymin><xmax>440</xmax><ymax>221</ymax></bndbox></object><object><name>proposal</name><bndbox><xmin>119</xmin><ymin>234</ymin><xmax>552</xmax><ymax>243</ymax></bndbox></object><object><name>proposal</name><bndbox><xmin>142</xmin><ymin>241</ymin><xmax>338</xmax><ymax>150</ymax></bndbox></object><object><name>proposal</name><bndbox><xmin>249</xmin><ymin>266</ymin><xmax>332</xmax><ymax>177</ymax></bndbox></object><object><name>proposal</name><bndbox><xmin>280</xmin><ymin>349</ymin><xmax>373</xmax><ymax>203</ymax></bndbox></object><object><name>proposal</name><bndbox><xmin>0</xmin><ymin>106</ymin><xmax>483</xmax><ymax>258</ymax></bndbox></object><object><name>proposal</name><bndbox><xmin>119</xmin><ymin>250</ymin><xmax>353</xmax><ymax>156</ymax></bndbox></object><object><name>proposal</name><bndbox><xmin>0</xmin><ymin>231</ymin><xmax>32</xmax><ymax>26</ymax></bndbox></object><object><name>proposal</name><bndbox><xmin>119</xmin><ymin>252</ymin><xmax>552</xmax><ymax>226</ymax></bndbox></object><object><name>proposal</name><bndbox><xmin>349</xmin><ymin>350</ymin><xmax>307</xmax><ymax>109</ymax></bndbox></object><object><name>proposal</name><bndbox><xmin>225</xmin><ymin>285</ymin><xmax>281</xmax><ymax>149</ymax></bndbox></object><object><name>proposal</name><bndbox><xmin>369</xmin><ymin>350</ymin><xmax>287</xmax><ymax>109</ymax></bndbox></object><object><name>proposal</name><bndbox><xmin>0</xmin><ymin>159</ymin><xmax>93</xmax><ymax>94</ymax></bndbox></object><object><name>proposal</name><bndbox><xmin>0</xmin><ymin>223</ymin><xmax>72</xmax><ymax>34</ymax></bndbox></object><object><name>proposal</name><bndbox><xmin>0</xmin><ymin>210</ymin><xmax>374</xmax><ymax>181</ymax></bndbox></object><object><name>proposal</name><bndbox><xmin>0</xmin><ymin>311</ymin><xmax>800</xmax><ymax>376</ymax></bndbox></object><object><name>proposal</name><bndbox><xmin>0</xmin><ymin>240</ymin><xmax>307</xmax><ymax>175</ymax></bndbox></object><object><name>proposal</name><bndbox><xmin>0</xmin><ymin>207</ymin><xmax>800</xmax><ymax>593</ymax></bndbox></object><object><name>proposal</name><bndbox><xmin>223</xmin><ymin>294</ymin><xmax>430</xmax><ymax>183</ymax></bndbox></object><object><name>proposal</name><bndbox><xmin>0</xmin><ymin>154</ymin><xmax>474</xmax><ymax>195</ymax></bndbox></object><object><name>proposal</name><bndbox><xmin>0</xmin><ymin>154</ymin><xmax>552</xmax><ymax>210</ymax></bndbox></object><object><name>proposal</name><bndbox><xmin>56</xmin><ymin>241</ymin><xmax>301</xmax><ymax>174</ymax></bndbox></object><object><name>proposal</name><bndbox><xmin>0</xmin><ymin>34</ymin><xmax>800</xmax><ymax>766</ymax></bndbox></object><object><name>proposal</name><bndbox><xmin>119</xmin><ymin>234</ymin><xmax>393</xmax><ymax>211</ymax></bndbox></object><object><name>proposal</name><bndbox><xmin>221</xmin><ymin>248</ymin><xmax>395</xmax><ymax>214</ymax></bndbox></object><object><name>proposal</name><bndbox><xmin>0</xmin><ymin>72</ymin><xmax>800</xmax><ymax>568</ymax></bndbox></object><object><name>proposal</name><bndbox><xmin>0</xmin><ymin>234</ymin><xmax>110</xmax><ymax>21</ymax></bndbox></object><object><name>proposal</name><bndbox><xmin>0</xmin><ymin>205</ymin><xmax>320</xmax><ymax>276</ymax></bndbox></object><object><name>proposal</name><bndbox><xmin>56</xmin><ymin>241</ymin><xmax>412</xmax><ymax>123</ymax></bndbox></object><object><name>proposal</name><bndbox><xmin>296</xmin><ymin>307</ymin><xmax>362</xmax><ymax>166</ymax></bndbox></object><object><name>proposal</name><bndbox><xmin>0</xmin><ymin>309</ymin><xmax>800</xmax><ymax>425</ymax></bndbox></object><object><name>proposal</name><bndbox><xmin>0</xmin><ymin>194</ymin><xmax>474</xmax><ymax>155</ymax></bndbox></object><object><name>proposal</name><bndbox><xmin>336</xmin><ymin>315</ymin><xmax>280</xmax><ymax>141</ymax></bndbox></object><object><name>proposal</name><bndbox><xmin>0</xmin><ymin>237</ymin><xmax>44</xmax><ymax>20</ymax></bndbox></object><object><name>proposal</name><bndbox><xmin>0</xmin><ymin>154</ymin><xmax>552</xmax><ymax>198</ymax></bndbox></object><object><name>proposal</name><bndbox><xmin>118</xmin><ymin>256</ymin><xmax>239</xmax><ymax>159</ymax></bndbox></object><object><name>proposal</name><bndbox><xmin>442</xmin><ymin>216</ymin><xmax>358</xmax><ymax>266</ymax></bndbox></object><object><name>proposal</name><bndbox><xmin>372</xmin><ymin>321</ymin><xmax>279</xmax><ymax>152</ymax></bndbox></object><object><name>proposal</name><bndbox><xmin>276</xmin><ymin>216</ymin><xmax>524</xmax><ymax>272</ymax></bndbox></object><object><name>proposal</name><bndbox><xmin>110</xmin><ymin>249</ymin><xmax>506</xmax><ymax>213</ymax></bndbox></object><object><name>proposal</name><bndbox><xmin>207</xmin><ymin>224</ymin><xmax>339</xmax><ymax>219</ymax></bndbox></object><object><name>proposal</name><bndbox><xmin>276</xmin><ymin>329</ymin><xmax>317</xmax><ymax>136</ymax></bndbox></object><object><name>proposal</name><bndbox><xmin>193</xmin><ymin>249</ymin><xmax>300</xmax><ymax>193</ymax></bndbox></object><object><name>proposal</name><bndbox><xmin>211</xmin><ymin>253</ymin><xmax>365</xmax><ymax>209</ymax></bndbox></object><object><name>proposal</name><bndbox><xmin>0</xmin><ymin>310</ymin><xmax>372</xmax><ymax>173</ymax></bndbox></object><object><name>proposal</name><bndbox><xmin>0</xmin><ymin>335</ymin><xmax>658</xmax><ymax>232</ymax></bndbox></object><object><name>proposal</name><bndbox><xmin>355</xmin><ymin>329</ymin><xmax>238</xmax><ymax>136</ymax></bndbox></object><object><name>proposal</name><bndbox><xmin>225</xmin><ymin>266</ymin><xmax>281</xmax><ymax>176</ymax></bndbox></object><object><name>proposal</name><bndbox><xmin>244</xmin><ymin>252</ymin><xmax>368</xmax><ymax>210</ymax></bndbox></object><object><name>proposal</name><bndbox><xmin>322</xmin><ymin>394</ymin><xmax>336</xmax><ymax>109</ymax></bndbox></object><object><name>proposal</name><bndbox><xmin>369</xmin><ymin>350</ymin><xmax>253</xmax><ymax>106</ymax></bndbox></object><object><name>proposal</name><bndbox><xmin>276</xmin><ymin>316</ymin><xmax>199</xmax><ymax>131</ymax></bndbox></object><object><name>proposal</name><bndbox><xmin>276</xmin><ymin>321</ymin><xmax>400</xmax><ymax>157</ymax></bndbox></object><object><name>proposal</name><bndbox><xmin>110</xmin><ymin>315</ymin><xmax>370</xmax><ymax>127</ymax></bndbox></object><object><name>proposal</name><bndbox><xmin>0</xmin><ymin>0</ymin><xmax>800</xmax><ymax>687</ymax></bndbox></object><object><name>proposal</name><bndbox><xmin>177</xmin><ymin>237</ymin><xmax>369</xmax><ymax>206</ymax></bndbox></object><object><name>proposal</name><bndbox><xmin>114</xmin><ymin>231</ymin><xmax>490</xmax><ymax>221</ymax></bndbox></object><object><name>proposal</name><bndbox><xmin>0</xmin><ymin>154</ymin><xmax>616</xmax><ymax>308</ymax></bndbox></object><object><name>proposal</name><bndbox><xmin>244</xmin><ymin>197</ymin><xmax>308</xmax><ymax>205</ymax></bndbox></object><object><name>proposal</name><bndbox><xmin>0</xmin><ymin>30</ymin><xmax>800</xmax><ymax>770</ymax></bndbox></object><object><name>proposal</name><bndbox><xmin>0</xmin><ymin>154</ymin><xmax>552</xmax><ymax>180</ymax></bndbox></object><object><name>proposal</name><bndbox><xmin>0</xmin><ymin>154</ymin><xmax>552</xmax><ymax>190</ymax></bndbox></object><object><name>proposal</name><bndbox><xmin>0</xmin><ymin>335</ymin><xmax>372</xmax><ymax>165</ymax></bndbox></object><object><name>proposal</name><bndbox><xmin>276</xmin><ymin>329</ymin><xmax>395</xmax><ymax>149</ymax></bndbox></object><object><name>proposal</name><bndbox><xmin>0</xmin><ymin>185</ymin><xmax>84</xmax><ymax>72</ymax></bndbox></object><object><name>proposal</name><bndbox><xmin>171</xmin><ymin>224</ymin><xmax>393</xmax><ymax>220</ymax></bndbox></object><object><name>proposal</name><bndbox><xmin>192</xmin><ymin>330</ymin><xmax>288</xmax><ymax>112</ymax></bndbox></object><object><name>proposal</name><bndbox><xmin>119</xmin><ymin>252</ymin><xmax>537</xmax><ymax>226</ymax></bndbox></object><object><name>proposal</name><bndbox><xmin>377</xmin><ymin>261</ymin><xmax>299</xmax><ymax>217</ymax></bndbox></object><object><name>proposal</name><bndbox><xmin>0</xmin><ymin>0</ymin><xmax>800</xmax><ymax>797</ymax></bndbox></object><object><name>proposal</name><bndbox><xmin>0</xmin><ymin>205</ymin><xmax>39</xmax><ymax>33</ymax></bndbox></object><object><name>proposal</name><bndbox><xmin>0</xmin><ymin>41</ymin><xmax>800</xmax><ymax>759</ymax></bndbox></object><object><name>proposal</name><bndbox><xmin>0</xmin><ymin>231</ymin><xmax>45</xmax><ymax>26</ymax></bndbox></object><object><name>proposal</name><bndbox><xmin>177</xmin><ymin>224</ymin><xmax>369</xmax><ymax>219</ymax></bndbox></object><object><name>proposal</name><bndbox><xmin>453</xmin><ymin>321</ymin><xmax>223</xmax><ymax>157</ymax></bndbox></object><object><name>proposal</name><bndbox><xmin>0</xmin><ymin>106</ymin><xmax>656</xmax><ymax>395</ymax></bndbox></object><object><name>proposal</name><bndbox><xmin>119</xmin><ymin>236</ymin><xmax>498</xmax><ymax>220</ymax></bndbox></object><object><name>proposal</name><bndbox><xmin>0</xmin><ymin>154</ymin><xmax>676</xmax><ymax>324</ymax></bndbox></object><object><name>proposal</name><bndbox><xmin>223</xmin><ymin>281</ymin><xmax>453</xmax><ymax>197</ymax></bndbox></object><object><name>proposal</name><bndbox><xmin>0</xmin><ymin>141</ymin><xmax>800</xmax><ymax>659</ymax></bndbox></object><object><name>proposal</name><bndbox><xmin>280</xmin><ymin>349</ymin><xmax>373</xmax><ymax>147</ymax></bndbox></object><object><name>proposal</name><bndbox><xmin>223</xmin><ymin>294</ymin><xmax>283</xmax><ymax>150</ymax></bndbox></object><object><name>proposal</name><bndbox><xmin>328</xmin><ymin>329</ymin><xmax>328</xmax><ymax>149</ymax></bndbox></object><object><name>proposal</name><bndbox><xmin>80</xmin><ymin>266</ymin><xmax>571</xmax><ymax>211</ymax></bndbox></object><object><name>proposal</name><bndbox><xmin>0</xmin><ymin>210</ymin><xmax>374</xmax><ymax>271</ymax></bndbox></object><object><name>proposal</name><bndbox><xmin>0</xmin><ymin>72</ymin><xmax>800</xmax><ymax>472</ymax></bndbox></object><object><name>proposal</name><bndbox><xmin>0</xmin><ymin>169</ymin><xmax>93</xmax><ymax>84</ymax></bndbox></object><object><name>proposal</name><bndbox><xmin>377</xmin><ymin>252</ymin><xmax>299</xmax><ymax>226</ymax></bndbox></object><object><name>proposal</name><bndbox><xmin>29</xmin><ymin>85</ymin><xmax>771</xmax><ymax>377</ymax></bndbox></object><object><name>proposal</name><bndbox><xmin>0</xmin><ymin>185</ymin><xmax>800</xmax><ymax>615</ymax></bndbox></object><object><name>proposal</name><bndbox><xmin>336</xmin><ymin>88</ymin><xmax>464</xmax><ymax>321</ymax></bndbox></object><object><name>proposal</name><bndbox><xmin>109</xmin><ymin>234</ymin><xmax>513</xmax><ymax>228</ymax></bndbox></object><object><name>proposal</name><bndbox><xmin>0</xmin><ymin>292</ymin><xmax>800</xmax><ymax>508</ymax></bndbox></object><object><name>proposal</name><bndbox><xmin>244</xmin><ymin>259</ymin><xmax>374</xmax><ymax>202</ymax></bndbox></object><object><name>proposal</name><bndbox><xmin>0</xmin><ymin>183</ymin><xmax>800</xmax><ymax>617</ymax></bndbox></object><object><name>proposal</name><bndbox><xmin>56</xmin><ymin>241</ymin><xmax>360</xmax><ymax>123</ymax></bndbox></object><object><name>proposal</name><bndbox><xmin>306</xmin><ymin>183</ymin><xmax>494</xmax><ymax>305</ymax></bndbox></object><object><name>proposal</name><bndbox><xmin>0</xmin><ymin>335</ymin><xmax>800</xmax><ymax>304</ymax></bndbox></object><object><name>proposal</name><bndbox><xmin>119</xmin><ymin>236</ymin><xmax>498</xmax><ymax>226</ymax></bndbox></object><object><name>proposal</name><bndbox><xmin>322</xmin><ymin>221</ymin><xmax>478</xmax><ymax>331</ymax></bndbox></object><object><name>proposal</name><bndbox><xmin>109</xmin><ymin>241</ymin><xmax>513</xmax><ymax>221</ymax></bndbox></object><object><name>proposal</name><bndbox><xmin>0</xmin><ymin>311</ymin><xmax>800</xmax><ymax>489</ymax></bndbox></object><object><name>proposal</name><bndbox><xmin>0</xmin><ymin>85</ymin><xmax>800</xmax><ymax>377</ymax></bndbox></object><object><name>proposal</name><bndbox><xmin>0</xmin><ymin>231</ymin><xmax>45</xmax><ymax>17</ymax></bndbox></object><object><name>proposal</name><bndbox><xmin>56</xmin><ymin>208</ymin><xmax>744</xmax><ymax>364</ymax></bndbox></object><object><name>proposal</name><bndbox><xmin>56</xmin><ymin>208</ymin><xmax>427</xmax><ymax>207</ymax></bndbox></object><object><name>proposal</name><bndbox><xmin>187</xmin><ymin>208</ymin><xmax>296</xmax><ymax>156</ymax></bndbox></object><object><name>proposal</name><bndbox><xmin>225</xmin><ymin>308</ymin><xmax>255</xmax><ymax>134</ymax></bndbox></object><object><name>proposal</name><bndbox><xmin>434</xmin><ymin>356</ymin><xmax>222</xmax><ymax>122</ymax></bndbox></object><object><name>proposal</name><bndbox><xmin>244</xmin><ymin>254</ymin><xmax>231</xmax><ymax>193</ymax></bndbox></object><object><name>proposal</name><bndbox><xmin>225</xmin><ymin>252</ymin><xmax>451</xmax><ymax>226</ymax></bndbox></object><object><name>proposal</name><bndbox><xmin>80</xmin><ymin>266</ymin><xmax>426</xmax><ymax>176</ymax></bndbox></object><object><name>proposal</name><bndbox><xmin>442</xmin><ymin>216</ymin><xmax>358</xmax><ymax>260</ymax></bndbox></object><object><name>proposal</name><bndbox><xmin>0</xmin><ymin>205</ymin><xmax>653</xmax><ymax>276</ymax></bndbox></object><object><name>proposal</name><bndbox><xmin>171</xmin><ymin>236</ymin><xmax>393</xmax><ymax>208</ymax></bndbox></object></annotation>