<annotation><folder>Proposals</folder><filename>img-189.jpg</filename><size><width>720</width><height>720</height><depth>3</depth></size><object><name>proposal</name><bndbox><xmin>364</xmin><ymin>257</ymin><xmax>249</xmax><ymax>156</ymax></bndbox></object><object><name>proposal</name><bndbox><xmin>362</xmin><ymin>385</ymin><xmax>174</xmax><ymax>98</ymax></bndbox></object><object><name>proposal</name><bndbox><xmin>303</xmin><ymin>256</ymin><xmax>403</xmax><ymax>288</ymax></bndbox></object><object><name>proposal</name><bndbox><xmin>244</xmin><ymin>255</ymin><xmax>239</xmax><ymax>148</ymax></bndbox></object><object><name>proposal</name><bndbox><xmin>401</xmin><ymin>315</ymin><xmax>305</xmax><ymax>150</ymax></bndbox></object><object><name>proposal</name><bndbox><xmin>244</xmin><ymin>255</ymin><xmax>225</xmax><ymax>125</ymax></bndbox></object><object><name>proposal</name><bndbox><xmin>303</xmin><ymin>385</ymin><xmax>233</xmax><ymax>159</ymax></bndbox></object><object><name>proposal</name><bndbox><xmin>341</xmin><ymin>340</ymin><xmax>101</xmax><ymax>69</ymax></bndbox></object><object><name>proposal</name><bndbox><xmin>255</xmin><ymin>290</ymin><xmax>283</xmax><ymax>234</ymax></bndbox></object><object><name>proposal</name><bndbox><xmin>391</xmin><ymin>255</ymin><xmax>222</xmax><ymax>175</ymax></bndbox></object><object><name>proposal</name><bndbox><xmin>360</xmin><ymin>270</ymin><xmax>161</xmax><ymax>93</ymax></bndbox></object><object><name>proposal</name><bndbox><xmin>302</xmin><ymin>385</ymin><xmax>209</xmax><ymax>167</ymax></bndbox></object><object><name>proposal</name><bndbox><xmin>315</xmin><ymin>322</ymin><xmax>127</xmax><ymax>74</ymax></bndbox></object><object><name>proposal</name><bndbox><xmin>255</xmin><ymin>255</ymin><xmax>347</xmax><ymax>295</ymax></bndbox></object><object><name>proposal</name><bndbox><xmin>254</xmin><ymin>251</ymin><xmax>296</xmax><ymax>292</ymax></bndbox></object><object><name>proposal</name><bndbox><xmin>435</xmin><ymin>269</ymin><xmax>167</xmax><ymax>181</ymax></bndbox></object><object><name>proposal</name><bndbox><xmin>244</xmin><ymin>255</ymin><xmax>462</xmax><ymax>299</ymax></bndbox></object><object><name>proposal</name><bndbox><xmin>356</xmin><ymin>307</ymin><xmax>145</xmax><ymax>100</ymax></bndbox></object><object><name>proposal</name><bndbox><xmin>255</xmin><ymin>273</ymin><xmax>283</xmax><ymax>262</ymax></bndbox></object><object><name>proposal</name><bndbox><xmin>369</xmin><ymin>320</ymin><xmax>148</xmax><ymax>78</ymax></bndbox></object><object><name>proposal</name><bndbox><xmin>302</xmin><ymin>368</ymin><xmax>300</xmax><ymax>182</ymax></bndbox></object><object><name>proposal</name><bndbox><xmin>318</xmin><ymin>295</ymin><xmax>152</xmax><ymax>108</ymax></bndbox></object><object><name>proposal</name><bndbox><xmin>254</xmin><ymin>256</ymin><xmax>237</xmax><ymax>117</ymax></bndbox></object><object><name>proposal</name><bndbox><xmin>343</xmin><ymin>370</ymin><xmax>206</xmax><ymax>129</ymax></bndbox></object><object><name>proposal</name><bndbox><xmin>341</xmin><ymin>340</ymin><xmax>101</xmax><ymax>72</ymax></bndbox></object><object><name>proposal</name><bndbox><xmin>307</xmin><ymin>322</ymin><xmax>194</xmax><ymax>87</ymax></bndbox></object><object><name>proposal</name><bndbox><xmin>302</xmin><ymin>256</ymin><xmax>300</xmax><ymax>296</ymax></bndbox></object><object><name>proposal</name><bndbox><xmin>255</xmin><ymin>273</ymin><xmax>283</xmax><ymax>251</ymax></bndbox></object><object><name>proposal</name><bndbox><xmin>307</xmin><ymin>322</ymin><xmax>135</xmax><ymax>103</ymax></bndbox></object><object><name>proposal</name><bndbox><xmin>302</xmin><ymin>384</ymin><xmax>227</xmax><ymax>168</ymax></bndbox></object><object><name>proposal</name><bndbox><xmin>369</xmin><ymin>320</ymin><xmax>148</xmax><ymax>73</ymax></bndbox></object><object><name>proposal</name><bndbox><xmin>227</xmin><ymin>242</ymin><xmax>215</xmax><ymax>154</ymax></bndbox></object><object><name>proposal</name><bndbox><xmin>307</xmin><ymin>322</ymin><xmax>135</xmax><ymax>74</ymax></bndbox></object><object><name>proposal</name><bndbox><xmin>254</xmin><ymin>256</ymin><xmax>284</xmax><ymax>287</ymax></bndbox></object><object><name>proposal</name><bndbox><xmin>356</xmin><ymin>279</ymin><xmax>163</xmax><ymax>130</ymax></bndbox></object><object><name>proposal</name><bndbox><xmin>255</xmin><ymin>255</ymin><xmax>358</xmax><ymax>295</ymax></bndbox></object><object><name>proposal</name><bndbox><xmin>303</xmin><ymin>340</ymin><xmax>213</xmax><ymax>214</ymax></bndbox></object><object><name>proposal</name><bndbox><xmin>341</xmin><ymin>340</ymin><xmax>175</xmax><ymax>76</ymax></bndbox></object><object><name>proposal</name><bndbox><xmin>360</xmin><ymin>259</ymin><xmax>152</xmax><ymax>104</ymax></bndbox></object><object><name>proposal</name><bndbox><xmin>435</xmin><ymin>244</ymin><xmax>178</xmax><ymax>217</ymax></bndbox></object><object><name>proposal</name><bndbox><xmin>356</xmin><ymin>306</ymin><xmax>160</xmax><ymax>110</ymax></bndbox></object><object><name>proposal</name><bndbox><xmin>255</xmin><ymin>255</ymin><xmax>221</xmax><ymax>125</ymax></bndbox></object><object><name>proposal</name><bndbox><xmin>356</xmin><ymin>318</ymin><xmax>145</xmax><ymax>82</ymax></bndbox></object><object><name>proposal</name><bndbox><xmin>381</xmin><ymin>332</ymin><xmax>120</xmax><ymax>77</ymax></bndbox></object><object><name>proposal</name><bndbox><xmin>227</xmin><ymin>242</ymin><xmax>215</xmax><ymax>170</ymax></bndbox></object><object><name>proposal</name><bndbox><xmin>256</xmin><ymin>290</ymin><xmax>269</xmax><ymax>234</ymax></bndbox></object><object><name>proposal</name><bndbox><xmin>255</xmin><ymin>255</ymin><xmax>246</xmax><ymax>170</ymax></bndbox></object><object><name>proposal</name><bndbox><xmin>362</xmin><ymin>385</ymin><xmax>151</xmax><ymax>98</ymax></bndbox></object><object><name>proposal</name><bndbox><xmin>255</xmin><ymin>301</ymin><xmax>267</xmax><ymax>162</ymax></bndbox></object><object><name>proposal</name><bndbox><xmin>255</xmin><ymin>255</ymin><xmax>187</xmax><ymax>170</ymax></bndbox></object><object><name>proposal</name><bndbox><xmin>255</xmin><ymin>244</ymin><xmax>358</xmax><ymax>306</ymax></bndbox></object><object><name>proposal</name><bndbox><xmin>391</xmin><ymin>268</ymin><xmax>205</xmax><ymax>162</ymax></bndbox></object><object><name>proposal</name><bndbox><xmin>221</xmin><ymin>242</ymin><xmax>308</xmax><ymax>310</ymax></bndbox></object><object><name>proposal</name><bndbox><xmin>255</xmin><ymin>263</ymin><xmax>283</xmax><ymax>277</ymax></bndbox></object><object><name>proposal</name><bndbox><xmin>255</xmin><ymin>290</ymin><xmax>267</xmax><ymax>235</ymax></bndbox></object><object><name>proposal</name><bndbox><xmin>221</xmin><ymin>242</ymin><xmax>298</xmax><ymax>170</ymax></bndbox></object><object><name>proposal</name><bndbox><xmin>356</xmin><ymin>268</ymin><xmax>240</xmax><ymax>162</ymax></bndbox></object><object><name>proposal</name><bndbox><xmin>255</xmin><ymin>242</ymin><xmax>148</xmax><ymax>154</ymax></bndbox></object><object><name>proposal</name><bndbox><xmin>227</xmin><ymin>242</ymin><xmax>359</xmax><ymax>154</ymax></bndbox></object><object><name>proposal</name><bndbox><xmin>360</xmin><ymin>385</ymin><xmax>153</xmax><ymax>98</ymax></bndbox></object><object><name>proposal</name><bndbox><xmin>360</xmin><ymin>306</ymin><xmax>141</xmax><ymax>103</ymax></bndbox></object><object><name>proposal</name><bndbox><xmin>315</xmin><ymin>306</ymin><xmax>186</xmax><ymax>119</ymax></bndbox></object><object><name>proposal</name><bndbox><xmin>221</xmin><ymin>242</ymin><xmax>220</xmax><ymax>154</ymax></bndbox></object><object><name>proposal</name><bndbox><xmin>302</xmin><ymin>307</ymin><xmax>300</xmax><ymax>245</ymax></bndbox></object><object><name>proposal</name><bndbox><xmin>227</xmin><ymin>242</ymin><xmax>375</xmax><ymax>310</ymax></bndbox></object><object><name>proposal</name><bndbox><xmin>341</xmin><ymin>340</ymin><xmax>175</xmax><ymax>143</ymax></bndbox></object><object><name>proposal</name><bndbox><xmin>244</xmin><ymin>255</ymin><xmax>292</xmax><ymax>299</ymax></bndbox></object><object><name>proposal</name><bndbox><xmin>254</xmin><ymin>256</ymin><xmax>210</xmax><ymax>117</ymax></bndbox></object><object><name>proposal</name><bndbox><xmin>356</xmin><ymin>318</ymin><xmax>145</xmax><ymax>91</ymax></bndbox></object><object><name>proposal</name><bndbox><xmin>255</xmin><ymin>242</ymin><xmax>294</xmax><ymax>257</ymax></bndbox></object><object><name>proposal</name><bndbox><xmin>364</xmin><ymin>256</ymin><xmax>248</xmax><ymax>154</ymax></bndbox></object><object><name>proposal</name><bndbox><xmin>318</xmin><ymin>295</ymin><xmax>195</xmax><ymax>188</ymax></bndbox></object><object><name>proposal</name><bndbox><xmin>255</xmin><ymin>273</ymin><xmax>283</xmax><ymax>267</ymax></bndbox></object><object><name>proposal</name><bndbox><xmin>333</xmin><ymin>300</ymin><xmax>186</xmax><ymax>109</ymax></bndbox></object><object><name>proposal</name><bndbox><xmin>255</xmin><ymin>290</ymin><xmax>269</xmax><ymax>235</ymax></bndbox></object><object><name>proposal</name><bndbox><xmin>391</xmin><ymin>255</ymin><xmax>222</xmax><ymax>195</ymax></bndbox></object><object><name>proposal</name><bndbox><xmin>360</xmin><ymin>259</ymin><xmax>171</xmax><ymax>104</ymax></bndbox></object><object><name>proposal</name><bndbox><xmin>360</xmin><ymin>270</ymin><xmax>152</xmax><ymax>93</ymax></bndbox></object><object><name>proposal</name><bndbox><xmin>360</xmin><ymin>273</ymin><xmax>161</xmax><ymax>125</ymax></bndbox></object><object><name>proposal</name><bndbox><xmin>409</xmin><ymin>315</ymin><xmax>107</xmax><ymax>101</ymax></bndbox></object><object><name>proposal</name><bndbox><xmin>229</xmin><ymin>242</ymin><xmax>368</xmax><ymax>301</ymax></bndbox></object><object><name>proposal</name><bndbox><xmin>303</xmin><ymin>385</ymin><xmax>233</xmax><ymax>169</ymax></bndbox></object><object><name>proposal</name><bndbox><xmin>254</xmin><ymin>273</ymin><xmax>284</xmax><ymax>263</ymax></bndbox></object><object><name>proposal</name><bndbox><xmin>356</xmin><ymin>307</ymin><xmax>246</xmax><ymax>143</ymax></bndbox></object><object><name>proposal</name><bndbox><xmin>255</xmin><ymin>290</ymin><xmax>267</xmax><ymax>172</ymax></bndbox></object><object><name>proposal</name><bndbox><xmin>255</xmin><ymin>255</ymin><xmax>246</xmax><ymax>295</ymax></bndbox></object><object><name>proposal</name><bndbox><xmin>316</xmin><ymin>290</ymin><xmax>206</xmax><ymax>235</ymax></bndbox></object><object><name>proposal</name><bndbox><xmin>391</xmin><ymin>268</ymin><xmax>222</xmax><ymax>162</ymax></bndbox></object><object><name>proposal</name><bndbox><xmin>254</xmin><ymin>242</ymin><xmax>267</xmax><ymax>170</ymax></bndbox></object><object><name>proposal</name><bndbox><xmin>254</xmin><ymin>242</ymin><xmax>295</xmax><ymax>265</ymax></bndbox></object><object><name>proposal</name><bndbox><xmin>356</xmin><ymin>268</ymin><xmax>257</xmax><ymax>162</ymax></bndbox></object><object><name>proposal</name><bndbox><xmin>221</xmin><ymin>242</ymin><xmax>392</xmax><ymax>310</ymax></bndbox></object><object><name>proposal</name><bndbox><xmin>255</xmin><ymin>255</ymin><xmax>347</xmax><ymax>206</ymax></bndbox></object><object><name>proposal</name><bndbox><xmin>356</xmin><ymin>318</ymin><xmax>145</xmax><ymax>75</ymax></bndbox></object><object><name>proposal</name><bndbox><xmin>360</xmin><ymin>257</ymin><xmax>141</xmax><ymax>152</ymax></bndbox></object><object><name>proposal</name><bndbox><xmin>302</xmin><ymin>255</ymin><xmax>311</xmax><ymax>297</ymax></bndbox></object><object><name>proposal</name><bndbox><xmin>302</xmin><ymin>368</ymin><xmax>300</xmax><ymax>184</ymax></bndbox></object><object><name>proposal</name><bndbox><xmin>244</xmin><ymin>255</ymin><xmax>368</xmax><ymax>335</ymax></bndbox></object><object><name>proposal</name><bndbox><xmin>316</xmin><ymin>289</ymin><xmax>206</xmax><ymax>235</ymax></bndbox></object><object><name>proposal</name><bndbox><xmin>335</xmin><ymin>347</ymin><xmax>203</xmax><ymax>196</ymax></bndbox></object><object><name>proposal</name><bndbox><xmin>364</xmin><ymin>257</ymin><xmax>232</xmax><ymax>156</ymax></bndbox></object><object><name>proposal</name><bndbox><xmin>254</xmin><ymin>256</ymin><xmax>296</xmax><ymax>287</ymax></bndbox></object><object><name>proposal</name><bndbox><xmin>360</xmin><ymin>306</ymin><xmax>141</xmax><ymax>100</ymax></bndbox></object><object><name>proposal</name><bndbox><xmin>255</xmin><ymin>255</ymin><xmax>209</xmax><ymax>119</ymax></bndbox></object><object><name>proposal</name><bndbox><xmin>269</xmin><ymin>295</ymin><xmax>247</xmax><ymax>121</ymax></bndbox></object><object><name>proposal</name><bndbox><xmin>227</xmin><ymin>242</ymin><xmax>237</xmax><ymax>154</ymax></bndbox></object><object><name>proposal</name><bndbox><xmin>255</xmin><ymin>242</ymin><xmax>148</xmax><ymax>170</ymax></bndbox></object><object><name>proposal</name><bndbox><xmin>364</xmin><ymin>256</ymin><xmax>246</xmax><ymax>181</ymax></bndbox></object><object><name>proposal</name><bndbox><xmin>221</xmin><ymin>242</ymin><xmax>220</xmax><ymax>170</ymax></bndbox></object><object><name>proposal</name><bndbox><xmin>254</xmin><ymin>242</ymin><xmax>295</xmax><ymax>257</ymax></bndbox></object><object><name>proposal</name><bndbox><xmin>227</xmin><ymin>242</ymin><xmax>375</xmax><ymax>208</ymax></bndbox></object><object><name>proposal</name><bndbox><xmin>307</xmin><ymin>322</ymin><xmax>194</xmax><ymax>103</ymax></bndbox></object><object><name>proposal</name><bndbox><xmin>254</xmin><ymin>242</ymin><xmax>267</xmax><ymax>154</ymax></bndbox></object><object><name>proposal</name><bndbox><xmin>360</xmin><ymin>257</ymin><xmax>242</xmax><ymax>204</ymax></bndbox></object><object><name>proposal</name><bndbox><xmin>255</xmin><ymin>255</ymin><xmax>209</xmax><ymax>170</ymax></bndbox></object><object><name>proposal</name><bndbox><xmin>249</xmin><ymin>340</ymin><xmax>267</xmax><ymax>250</ymax></bndbox></object><object><name>proposal</name><bndbox><xmin>281</xmin><ymin>255</ymin><xmax>188</xmax><ymax>148</ymax></bndbox></object><object><name>proposal</name><bndbox><xmin>302</xmin><ymin>384</ymin><xmax>209</xmax><ymax>168</ymax></bndbox></object><object><name>proposal</name><bndbox><xmin>255</xmin><ymin>289</ymin><xmax>267</xmax><ymax>174</ymax></bndbox></object><object><name>proposal</name><bndbox><xmin>254</xmin><ymin>242</ymin><xmax>149</xmax><ymax>154</ymax></bndbox></object><object><name>proposal</name><bndbox><xmin>318</xmin><ymin>295</ymin><xmax>388</xmax><ymax>188</ymax></bndbox></object><object><name>proposal</name><bndbox><xmin>302</xmin><ymin>368</ymin><xmax>209</xmax><ymax>184</ymax></bndbox></object><object><name>proposal</name><bndbox><xmin>38</xmin><ymin>242</ymin><xmax>511</xmax><ymax>331</ymax></bndbox></object><object><name>proposal</name><bndbox><xmin>244</xmin><ymin>255</ymin><xmax>225</xmax><ymax>148</ymax></bndbox></object><object><name>proposal</name><bndbox><xmin>241</xmin><ymin>256</ymin><xmax>465</xmax><ymax>334</ymax></bndbox></object><object><name>proposal</name><bndbox><xmin>302</xmin><ymin>322</ymin><xmax>199</xmax><ymax>228</ymax></bndbox></object><object><name>proposal</name><bndbox><xmin>407</xmin><ymin>330</ymin><xmax>94</xmax><ymax>79</ymax></bndbox></object><object><name>proposal</name><bndbox><xmin>356</xmin><ymin>259</ymin><xmax>175</xmax><ymax>141</ymax></bndbox></object><object><name>proposal</name><bndbox><xmin>221</xmin><ymin>242</ymin><xmax>392</xmax><ymax>188</ymax></bndbox></object><object><name>proposal</name><bndbox><xmin>401</xmin><ymin>315</ymin><xmax>115</xmax><ymax>101</ymax></bndbox></object><object><name>proposal</name><bndbox><xmin>346</xmin><ymin>370</ymin><xmax>203</xmax><ymax>137</ymax></bndbox></object><object><name>proposal</name><bndbox><xmin>281</xmin><ymin>255</ymin><xmax>188</xmax><ymax>113</ymax></bndbox></object><object><name>proposal</name><bndbox><xmin>356</xmin><ymin>318</ymin><xmax>145</xmax><ymax>89</ymax></bndbox></object><object><name>proposal</name><bndbox><xmin>360</xmin><ymin>270</ymin><xmax>171</xmax><ymax>93</ymax></bndbox></object><object><name>proposal</name><bndbox><xmin>254</xmin><ymin>273</ymin><xmax>284</xmax><ymax>251</ymax></bndbox></object><object><name>proposal</name><bndbox><xmin>364</xmin><ymin>256</ymin><xmax>222</xmax><ymax>117</ymax></bndbox></object><object><name>proposal</name><bndbox><xmin>249</xmin><ymin>348</ymin><xmax>226</xmax><ymax>242</ymax></bndbox></object><object><name>proposal</name><bndbox><xmin>420</xmin><ymin>343</ymin><xmax>96</xmax><ymax>73</ymax></bndbox></object><object><name>proposal</name><bndbox><xmin>254</xmin><ymin>242</ymin><xmax>267</xmax><ymax>156</ymax></bndbox></object><object><name>proposal</name><bndbox><xmin>318</xmin><ymin>295</ymin><xmax>124</xmax><ymax>108</ymax></bndbox></object><object><name>proposal</name><bndbox><xmin>356</xmin><ymin>268</ymin><xmax>246</xmax><ymax>162</ymax></bndbox></object><object><name>proposal</name><bndbox><xmin>356</xmin><ymin>279</ymin><xmax>163</xmax><ymax>129</ymax></bndbox></object><object><name>proposal</name><bndbox><xmin>381</xmin><ymin>332</ymin><xmax>120</xmax><ymax>74</ymax></bndbox></object><object><name>proposal</name><bndbox><xmin>346</xmin><ymin>370</ymin><xmax>203</xmax><ymax>116</ymax></bndbox></object><object><name>proposal</name><bndbox><xmin>318</xmin><ymin>295</ymin><xmax>124</xmax><ymax>117</ymax></bndbox></object><object><name>proposal</name><bndbox><xmin>364</xmin><ymin>256</ymin><xmax>342</xmax><ymax>209</ymax></bndbox></object><object><name>proposal</name><bndbox><xmin>356</xmin><ymin>307</ymin><xmax>145</xmax><ymax>102</ymax></bndbox></object><object><name>proposal</name><bndbox><xmin>356</xmin><ymin>318</ymin><xmax>145</xmax><ymax>77</ymax></bndbox></object><object><name>proposal</name><bndbox><xmin>227</xmin><ymin>242</ymin><xmax>274</xmax><ymax>167</ymax></bndbox></object><object><name>proposal</name><bndbox><xmin>360</xmin><ymin>259</ymin><xmax>161</xmax><ymax>104</ymax></bndbox></object><object><name>proposal</name><bndbox><xmin>373</xmin><ymin>315</ymin><xmax>143</xmax><ymax>101</ymax></bndbox></object><object><name>proposal</name><bndbox><xmin>318</xmin><ymin>256</ymin><xmax>388</xmax><ymax>227</ymax></bndbox></object><object><name>proposal</name><bndbox><xmin>356</xmin><ymin>270</ymin><xmax>175</xmax><ymax>93</ymax></bndbox></object><object><name>proposal</name><bndbox><xmin>315</xmin><ymin>314</ymin><xmax>186</xmax><ymax>111</ymax></bndbox></object><object><name>proposal</name><bndbox><xmin>356</xmin><ymin>259</ymin><xmax>175</xmax><ymax>104</ymax></bndbox></object><object><name>proposal</name><bndbox><xmin>302</xmin><ymin>257</ymin><xmax>311</xmax><ymax>293</ymax></bndbox></object><object><name>proposal</name><bndbox><xmin>356</xmin><ymin>255</ymin><xmax>257</xmax><ymax>175</ymax></bndbox></object><object><name>proposal</name><bndbox><xmin>255</xmin><ymin>242</ymin><xmax>294</xmax><ymax>244</ymax></bndbox></object><object><name>proposal</name><bndbox><xmin>360</xmin><ymin>273</ymin><xmax>161</xmax><ymax>120</ymax></bndbox></object><object><name>proposal</name><bndbox><xmin>407</xmin><ymin>336</ymin><xmax>112</xmax><ymax>73</ymax></bndbox></object><object><name>proposal</name><bndbox><xmin>315</xmin><ymin>322</ymin><xmax>186</xmax><ymax>103</ymax></bndbox></object><object><name>proposal</name><bndbox><xmin>269</xmin><ymin>295</ymin><xmax>201</xmax><ymax>108</ymax></bndbox></object><object><name>proposal</name><bndbox><xmin>254</xmin><ymin>256</ymin><xmax>267</xmax><ymax>117</ymax></bndbox></object><object><name>proposal</name><bndbox><xmin>356</xmin><ymin>256</ymin><xmax>145</xmax><ymax>153</ymax></bndbox></object><object><name>proposal</name><bndbox><xmin>254</xmin><ymin>240</ymin><xmax>296</xmax><ymax>303</ymax></bndbox></object><object><name>proposal</name><bndbox><xmin>221</xmin><ymin>242</ymin><xmax>298</xmax><ymax>167</ymax></bndbox></object><object><name>proposal</name><bndbox><xmin>302</xmin><ymin>388</ymin><xmax>186</xmax><ymax>162</ymax></bndbox></object><object><name>proposal</name><bndbox><xmin>343</xmin><ymin>370</ymin><xmax>206</xmax><ymax>137</ymax></bndbox></object><object><name>proposal</name><bndbox><xmin>227</xmin><ymin>242</ymin><xmax>284</xmax><ymax>310</ymax></bndbox></object><object><name>proposal</name><bndbox><xmin>255</xmin><ymin>244</ymin><xmax>358</xmax><ymax>217</ymax></bndbox></object><object><name>proposal</name><bndbox><xmin>356</xmin><ymin>256</ymin><xmax>246</xmax><ymax>194</ymax></bndbox></object><object><name>proposal</name><bndbox><xmin>254</xmin><ymin>242</ymin><xmax>149</xmax><ymax>170</ymax></bndbox></object><object><name>proposal</name><bndbox><xmin>255</xmin><ymin>255</ymin><xmax>209</xmax><ymax>141</ymax></bndbox></object><object><name>proposal</name><bndbox><xmin>356</xmin><ymin>318</ymin><xmax>145</xmax><ymax>80</ymax></bndbox></object><object><name>proposal</name><bndbox><xmin>315</xmin><ymin>322</ymin><xmax>127</xmax><ymax>103</ymax></bndbox></object><object><name>proposal</name><bndbox><xmin>419</xmin><ymin>336</ymin><xmax>100</xmax><ymax>72</ymax></bndbox></object><object><name>proposal</name><bndbox><xmin>228</xmin><ymin>240</ymin><xmax>322</xmax><ymax>303</ymax></bndbox></object><object><name>proposal</name><bndbox><xmin>244</xmin><ymin>255</ymin><xmax>368</xmax><ymax>155</ymax></bndbox></object></annotation>