<annotation><folder>Proposals</folder><filename>img-27.jpg</filename><size><width>720</width><height>720</height><depth>3</depth></size><object><name>proposal</name><bndbox><xmin>308</xmin><ymin>366</ymin><xmax>119</xmax><ymax>83</ymax></bndbox></object><object><name>proposal</name><bndbox><xmin>372</xmin><ymin>340</ymin><xmax>103</xmax><ymax>108</ymax></bndbox></object><object><name>proposal</name><bndbox><xmin>399</xmin><ymin>355</ymin><xmax>84</xmax><ymax>73</ymax></bndbox></object><object><name>proposal</name><bndbox><xmin>306</xmin><ymin>326</ymin><xmax>135</xmax><ymax>229</ymax></bndbox></object><object><name>proposal</name><bndbox><xmin>298</xmin><ymin>325</ymin><xmax>139</xmax><ymax>125</ymax></bndbox></object><object><name>proposal</name><bndbox><xmin>283</xmin><ymin>325</ymin><xmax>169</xmax><ymax>133</ymax></bndbox></object><object><name>proposal</name><bndbox><xmin>397</xmin><ymin>359</ymin><xmax>55</xmax><ymax>89</ymax></bndbox></object><object><name>proposal</name><bndbox><xmin>294</xmin><ymin>313</ymin><xmax>135</xmax><ymax>145</ymax></bndbox></object><object><name>proposal</name><bndbox><xmin>408</xmin><ymin>374</ymin><xmax>44</xmax><ymax>75</ymax></bndbox></object><object><name>proposal</name><bndbox><xmin>295</xmin><ymin>313</ymin><xmax>186</xmax><ymax>142</ymax></bndbox></object><object><name>proposal</name><bndbox><xmin>303</xmin><ymin>326</ymin><xmax>124</xmax><ymax>144</ymax></bndbox></object><object><name>proposal</name><bndbox><xmin>400</xmin><ymin>360</ymin><xmax>62</xmax><ymax>133</ymax></bndbox></object><object><name>proposal</name><bndbox><xmin>306</xmin><ymin>326</ymin><xmax>121</xmax><ymax>123</ymax></bndbox></object><object><name>proposal</name><bndbox><xmin>306</xmin><ymin>326</ymin><xmax>143</xmax><ymax>229</ymax></bndbox></object><object><name>proposal</name><bndbox><xmin>298</xmin><ymin>325</ymin><xmax>129</xmax><ymax>132</ymax></bndbox></object><object><name>proposal</name><bndbox><xmin>283</xmin><ymin>325</ymin><xmax>144</xmax><ymax>133</ymax></bndbox></object><object><name>proposal</name><bndbox><xmin>333</xmin><ymin>340</ymin><xmax>148</xmax><ymax>179</ymax></bndbox></object><object><name>proposal</name><bndbox><xmin>283</xmin><ymin>340</ymin><xmax>171</xmax><ymax>224</ymax></bndbox></object><object><name>proposal</name><bndbox><xmin>372</xmin><ymin>346</ymin><xmax>65</xmax><ymax>63</ymax></bndbox></object><object><name>proposal</name><bndbox><xmin>303</xmin><ymin>340</ymin><xmax>151</xmax><ymax>285</ymax></bndbox></object><object><name>proposal</name><bndbox><xmin>306</xmin><ymin>327</ymin><xmax>146</xmax><ymax>192</ymax></bndbox></object><object><name>proposal</name><bndbox><xmin>304</xmin><ymin>327</ymin><xmax>148</xmax><ymax>192</ymax></bndbox></object><object><name>proposal</name><bndbox><xmin>304</xmin><ymin>327</ymin><xmax>137</xmax><ymax>192</ymax></bndbox></object><object><name>proposal</name><bndbox><xmin>397</xmin><ymin>364</ymin><xmax>50</xmax><ymax>72</ymax></bndbox></object><object><name>proposal</name><bndbox><xmin>395</xmin><ymin>351</ymin><xmax>57</xmax><ymax>97</ymax></bndbox></object><object><name>proposal</name><bndbox><xmin>303</xmin><ymin>340</ymin><xmax>178</xmax><ymax>224</ymax></bndbox></object><object><name>proposal</name><bndbox><xmin>369</xmin><ymin>340</ymin><xmax>112</xmax><ymax>202</ymax></bndbox></object><object><name>proposal</name><bndbox><xmin>303</xmin><ymin>359</ymin><xmax>149</xmax><ymax>150</ymax></bndbox></object><object><name>proposal</name><bndbox><xmin>303</xmin><ymin>326</ymin><xmax>149</xmax><ymax>183</ymax></bndbox></object><object><name>proposal</name><bndbox><xmin>308</xmin><ymin>359</ymin><xmax>144</xmax><ymax>98</ymax></bndbox></object><object><name>proposal</name><bndbox><xmin>283</xmin><ymin>325</ymin><xmax>192</xmax><ymax>133</ymax></bndbox></object><object><name>proposal</name><bndbox><xmin>303</xmin><ymin>325</ymin><xmax>124</xmax><ymax>125</ymax></bndbox></object><object><name>proposal</name><bndbox><xmin>330</xmin><ymin>326</ymin><xmax>71</xmax><ymax>79</ymax></bndbox></object><object><name>proposal</name><bndbox><xmin>283</xmin><ymin>325</ymin><xmax>144</xmax><ymax>132</ymax></bndbox></object><object><name>proposal</name><bndbox><xmin>308</xmin><ymin>366</ymin><xmax>119</xmax><ymax>91</ymax></bndbox></object><object><name>proposal</name><bndbox><xmin>328</xmin><ymin>340</ymin><xmax>153</xmax><ymax>241</ymax></bndbox></object><object><name>proposal</name><bndbox><xmin>397</xmin><ymin>340</ymin><xmax>78</xmax><ymax>108</ymax></bndbox></object><object><name>proposal</name><bndbox><xmin>304</xmin><ymin>313</ymin><xmax>177</xmax><ymax>142</ymax></bndbox></object><object><name>proposal</name><bndbox><xmin>304</xmin><ymin>313</ymin><xmax>125</xmax><ymax>142</ymax></bndbox></object><object><name>proposal</name><bndbox><xmin>408</xmin><ymin>374</ymin><xmax>44</xmax><ymax>74</ymax></bndbox></object><object><name>proposal</name><bndbox><xmin>397</xmin><ymin>380</ymin><xmax>55</xmax><ymax>68</ymax></bndbox></object><object><name>proposal</name><bndbox><xmin>294</xmin><ymin>363</ymin><xmax>135</xmax><ymax>95</ymax></bndbox></object><object><name>proposal</name><bndbox><xmin>397</xmin><ymin>364</ymin><xmax>55</xmax><ymax>84</ymax></bndbox></object><object><name>proposal</name><bndbox><xmin>309</xmin><ymin>363</ymin><xmax>120</xmax><ymax>92</ymax></bndbox></object><object><name>proposal</name><bndbox><xmin>304</xmin><ymin>326</ymin><xmax>148</xmax><ymax>229</ymax></bndbox></object><object><name>proposal</name><bndbox><xmin>304</xmin><ymin>326</ymin><xmax>137</xmax><ymax>195</ymax></bndbox></object><object><name>proposal</name><bndbox><xmin>298</xmin><ymin>363</ymin><xmax>131</xmax><ymax>92</ymax></bndbox></object><object><name>proposal</name><bndbox><xmin>395</xmin><ymin>351</ymin><xmax>57</xmax><ymax>98</ymax></bndbox></object><object><name>proposal</name><bndbox><xmin>298</xmin><ymin>325</ymin><xmax>129</xmax><ymax>133</ymax></bndbox></object><object><name>proposal</name><bndbox><xmin>306</xmin><ymin>326</ymin><xmax>146</xmax><ymax>131</ymax></bndbox></object><object><name>proposal</name><bndbox><xmin>278</xmin><ymin>283</ymin><xmax>151</xmax><ymax>175</ymax></bndbox></object><object><name>proposal</name><bndbox><xmin>283</xmin><ymin>340</ymin><xmax>198</xmax><ymax>224</ymax></bndbox></object><object><name>proposal</name><bndbox><xmin>306</xmin><ymin>326</ymin><xmax>146</xmax><ymax>229</ymax></bndbox></object><object><name>proposal</name><bndbox><xmin>298</xmin><ymin>354</ymin><xmax>183</xmax><ymax>101</ymax></bndbox></object><object><name>proposal</name><bndbox><xmin>303</xmin><ymin>326</ymin><xmax>124</xmax><ymax>183</ymax></bndbox></object><object><name>proposal</name><bndbox><xmin>303</xmin><ymin>340</ymin><xmax>159</xmax><ymax>224</ymax></bndbox></object><object><name>proposal</name><bndbox><xmin>400</xmin><ymin>360</ymin><xmax>62</xmax><ymax>76</ymax></bndbox></object><object><name>proposal</name><bndbox><xmin>400</xmin><ymin>373</ymin><xmax>52</xmax><ymax>75</ymax></bndbox></object><object><name>proposal</name><bndbox><xmin>306</xmin><ymin>327</ymin><xmax>135</xmax><ymax>192</ymax></bndbox></object><object><name>proposal</name><bndbox><xmin>372</xmin><ymin>346</ymin><xmax>80</xmax><ymax>102</ymax></bndbox></object><object><name>proposal</name><bndbox><xmin>304</xmin><ymin>326</ymin><xmax>148</xmax><ymax>195</ymax></bndbox></object><object><name>proposal</name><bndbox><xmin>298</xmin><ymin>325</ymin><xmax>129</xmax><ymax>125</ymax></bndbox></object><object><name>proposal</name><bndbox><xmin>306</xmin><ymin>326</ymin><xmax>135</xmax><ymax>195</ymax></bndbox></object><object><name>proposal</name><bndbox><xmin>306</xmin><ymin>326</ymin><xmax>121</xmax><ymax>131</ymax></bndbox></object><object><name>proposal</name><bndbox><xmin>304</xmin><ymin>326</ymin><xmax>146</xmax><ymax>195</ymax></bndbox></object><object><name>proposal</name><bndbox><xmin>251</xmin><ymin>283</ymin><xmax>178</xmax><ymax>219</ymax></bndbox></object><object><name>proposal</name><bndbox><xmin>306</xmin><ymin>326</ymin><xmax>144</xmax><ymax>229</ymax></bndbox></object><object><name>proposal</name><bndbox><xmin>303</xmin><ymin>340</ymin><xmax>159</xmax><ymax>285</ymax></bndbox></object><object><name>proposal</name><bndbox><xmin>399</xmin><ymin>355</ymin><xmax>84</xmax><ymax>94</ymax></bndbox></object><object><name>proposal</name><bndbox><xmin>303</xmin><ymin>340</ymin><xmax>151</xmax><ymax>224</ymax></bndbox></object><object><name>proposal</name><bndbox><xmin>298</xmin><ymin>325</ymin><xmax>177</xmax><ymax>125</ymax></bndbox></object><object><name>proposal</name><bndbox><xmin>394</xmin><ymin>357</ymin><xmax>44</xmax><ymax>54</ymax></bndbox></object><object><name>proposal</name><bndbox><xmin>251</xmin><ymin>363</ymin><xmax>178</xmax><ymax>139</ymax></bndbox></object><object><name>proposal</name><bndbox><xmin>306</xmin><ymin>327</ymin><xmax>144</xmax><ymax>192</ymax></bndbox></object></annotation>