<annotation><folder>Proposals</folder><filename>img-178.jpg</filename><size><width>720</width><height>720</height><depth>3</depth></size><object><name>proposal</name><bndbox><xmin>0</xmin><ymin>342</ymin><xmax>107</xmax><ymax>87</ymax></bndbox></object><object><name>proposal</name><bndbox><xmin>351</xmin><ymin>338</ymin><xmax>164</xmax><ymax>108</ymax></bndbox></object><object><name>proposal</name><bndbox><xmin>0</xmin><ymin>382</ymin><xmax>193</xmax><ymax>144</ymax></bndbox></object><object><name>proposal</name><bndbox><xmin>303</xmin><ymin>344</ymin><xmax>140</xmax><ymax>54</ymax></bndbox></object><object><name>proposal</name><bndbox><xmin>0</xmin><ymin>373</ymin><xmax>105</xmax><ymax>123</ymax></bndbox></object><object><name>proposal</name><bndbox><xmin>273</xmin><ymin>344</ymin><xmax>242</xmax><ymax>120</ymax></bndbox></object><object><name>proposal</name><bndbox><xmin>223</xmin><ymin>347</ymin><xmax>329</xmax><ymax>117</ymax></bndbox></object><object><name>proposal</name><bndbox><xmin>267</xmin><ymin>372</ymin><xmax>90</xmax><ymax>85</ymax></bndbox></object><object><name>proposal</name><bndbox><xmin>0</xmin><ymin>362</ymin><xmax>42</xmax><ymax>54</ymax></bndbox></object><object><name>proposal</name><bndbox><xmin>379</xmin><ymin>368</ymin><xmax>119</xmax><ymax>68</ymax></bndbox></object><object><name>proposal</name><bndbox><xmin>379</xmin><ymin>365</ymin><xmax>133</xmax><ymax>72</ymax></bndbox></object><object><name>proposal</name><bndbox><xmin>270</xmin><ymin>368</ymin><xmax>244</xmax><ymax>99</ymax></bndbox></object><object><name>proposal</name><bndbox><xmin>347</xmin><ymin>344</ymin><xmax>163</xmax><ymax>93</ymax></bndbox></object><object><name>proposal</name><bndbox><xmin>303</xmin><ymin>333</ymin><xmax>143</xmax><ymax>80</ymax></bndbox></object><object><name>proposal</name><bndbox><xmin>270</xmin><ymin>369</ymin><xmax>157</xmax><ymax>98</ymax></bndbox></object><object><name>proposal</name><bndbox><xmin>0</xmin><ymin>373</ymin><xmax>129</xmax><ymax>111</ymax></bndbox></object><object><name>proposal</name><bndbox><xmin>223</xmin><ymin>347</ymin><xmax>297</xmax><ymax>117</ymax></bndbox></object><object><name>proposal</name><bndbox><xmin>269</xmin><ymin>373</ymin><xmax>239</xmax><ymax>202</ymax></bndbox></object><object><name>proposal</name><bndbox><xmin>0</xmin><ymin>348</ymin><xmax>201</xmax><ymax>178</ymax></bndbox></object><object><name>proposal</name><bndbox><xmin>223</xmin><ymin>347</ymin><xmax>297</xmax><ymax>120</ymax></bndbox></object><object><name>proposal</name><bndbox><xmin>379</xmin><ymin>375</ymin><xmax>119</xmax><ymax>61</ymax></bndbox></object><object><name>proposal</name><bndbox><xmin>0</xmin><ymin>343</ymin><xmax>193</xmax><ymax>249</ymax></bndbox></object><object><name>proposal</name><bndbox><xmin>40</xmin><ymin>463</ymin><xmax>286</xmax><ymax>179</ymax></bndbox></object><object><name>proposal</name><bndbox><xmin>0</xmin><ymin>362</ymin><xmax>50</xmax><ymax>54</ymax></bndbox></object><object><name>proposal</name><bndbox><xmin>0</xmin><ymin>345</ymin><xmax>105</xmax><ymax>151</ymax></bndbox></object><object><name>proposal</name><bndbox><xmin>303</xmin><ymin>344</ymin><xmax>218</xmax><ymax>96</ymax></bndbox></object><object><name>proposal</name><bndbox><xmin>303</xmin><ymin>344</ymin><xmax>207</xmax><ymax>93</ymax></bndbox></object><object><name>proposal</name><bndbox><xmin>303</xmin><ymin>344</ymin><xmax>217</xmax><ymax>78</ymax></bndbox></object><object><name>proposal</name><bndbox><xmin>20</xmin><ymin>462</ymin><xmax>309</xmax><ymax>172</ymax></bndbox></object><object><name>proposal</name><bndbox><xmin>351</xmin><ymin>338</ymin><xmax>169</xmax><ymax>108</ymax></bndbox></object><object><name>proposal</name><bndbox><xmin>161</xmin><ymin>264</ymin><xmax>355</xmax><ymax>224</ymax></bndbox></object><object><name>proposal</name><bndbox><xmin>0</xmin><ymin>362</ymin><xmax>56</xmax><ymax>71</ymax></bndbox></object><object><name>proposal</name><bndbox><xmin>379</xmin><ymin>368</ymin><xmax>135</xmax><ymax>68</ymax></bndbox></object><object><name>proposal</name><bndbox><xmin>0</xmin><ymin>397</ymin><xmax>39</xmax><ymax>40</ymax></bndbox></object><object><name>proposal</name><bndbox><xmin>28</xmin><ymin>450</ymin><xmax>107</xmax><ymax>74</ymax></bndbox></object><object><name>proposal</name><bndbox><xmin>0</xmin><ymin>309</ymin><xmax>112</xmax><ymax>168</ymax></bndbox></object><object><name>proposal</name><bndbox><xmin>126</xmin><ymin>358</ymin><xmax>353</xmax><ymax>217</ymax></bndbox></object><object><name>proposal</name><bndbox><xmin>121</xmin><ymin>457</ymin><xmax>72</xmax><ymax>69</ymax></bndbox></object><object><name>proposal</name><bndbox><xmin>347</xmin><ymin>351</ymin><xmax>169</xmax><ymax>85</ymax></bndbox></object><object><name>proposal</name><bndbox><xmin>40</xmin><ymin>482</ymin><xmax>263</xmax><ymax>146</ymax></bndbox></object><object><name>proposal</name><bndbox><xmin>379</xmin><ymin>387</ymin><xmax>137</xmax><ymax>49</ymax></bndbox></object><object><name>proposal</name><bndbox><xmin>0</xmin><ymin>378</ymin><xmax>129</xmax><ymax>106</ymax></bndbox></object><object><name>proposal</name><bndbox><xmin>390</xmin><ymin>382</ymin><xmax>172</xmax><ymax>87</ymax></bndbox></object><object><name>proposal</name><bndbox><xmin>379</xmin><ymin>351</ymin><xmax>183</xmax><ymax>118</ymax></bndbox></object><object><name>proposal</name><bndbox><xmin>40</xmin><ymin>457</ymin><xmax>286</xmax><ymax>185</ymax></bndbox></object><object><name>proposal</name><bndbox><xmin>273</xmin><ymin>344</ymin><xmax>242</xmax><ymax>123</ymax></bndbox></object><object><name>proposal</name><bndbox><xmin>0</xmin><ymin>343</ymin><xmax>190</xmax><ymax>219</ymax></bndbox></object><object><name>proposal</name><bndbox><xmin>0</xmin><ymin>373</ymin><xmax>129</xmax><ymax>123</ymax></bndbox></object><object><name>proposal</name><bndbox><xmin>223</xmin><ymin>340</ymin><xmax>292</xmax><ymax>127</ymax></bndbox></object><object><name>proposal</name><bndbox><xmin>8</xmin><ymin>456</ymin><xmax>321</xmax><ymax>178</ymax></bndbox></object><object><name>proposal</name><bndbox><xmin>223</xmin><ymin>347</ymin><xmax>293</xmax><ymax>120</ymax></bndbox></object><object><name>proposal</name><bndbox><xmin>351</xmin><ymin>344</ymin><xmax>164</xmax><ymax>102</ymax></bndbox></object><object><name>proposal</name><bndbox><xmin>0</xmin><ymin>349</ymin><xmax>54</xmax><ymax>86</ymax></bndbox></object><object><name>proposal</name><bndbox><xmin>0</xmin><ymin>349</ymin><xmax>50</xmax><ymax>80</ymax></bndbox></object><object><name>proposal</name><bndbox><xmin>303</xmin><ymin>344</ymin><xmax>140</xmax><ymax>80</ymax></bndbox></object><object><name>proposal</name><bndbox><xmin>0</xmin><ymin>349</ymin><xmax>75</xmax><ymax>85</ymax></bndbox></object><object><name>proposal</name><bndbox><xmin>379</xmin><ymin>387</ymin><xmax>135</xmax><ymax>49</ymax></bndbox></object><object><name>proposal</name><bndbox><xmin>390</xmin><ymin>351</ymin><xmax>172</xmax><ymax>118</ymax></bndbox></object><object><name>proposal</name><bndbox><xmin>27</xmin><ymin>456</ymin><xmax>109</xmax><ymax>40</ymax></bndbox></object><object><name>proposal</name><bndbox><xmin>0</xmin><ymin>362</ymin><xmax>56</xmax><ymax>67</ymax></bndbox></object><object><name>proposal</name><bndbox><xmin>351</xmin><ymin>333</ymin><xmax>161</xmax><ymax>104</ymax></bndbox></object><object><name>proposal</name><bndbox><xmin>0</xmin><ymin>374</ymin><xmax>55</xmax><ymax>51</ymax></bndbox></object><object><name>proposal</name><bndbox><xmin>0</xmin><ymin>374</ymin><xmax>55</xmax><ymax>37</ymax></bndbox></object><object><name>proposal</name><bndbox><xmin>334</xmin><ymin>341</ymin><xmax>332</xmax><ymax>218</ymax></bndbox></object><object><name>proposal</name><bndbox><xmin>27</xmin><ymin>457</ymin><xmax>108</xmax><ymax>69</ymax></bndbox></object><object><name>proposal</name><bndbox><xmin>0</xmin><ymin>354</ymin><xmax>112</xmax><ymax>121</ymax></bndbox></object><object><name>proposal</name><bndbox><xmin>345</xmin><ymin>333</ymin><xmax>108</xmax><ymax>86</ymax></bndbox></object><object><name>proposal</name><bndbox><xmin>367</xmin><ymin>341</ymin><xmax>299</xmax><ymax>154</ymax></bndbox></object><object><name>proposal</name><bndbox><xmin>223</xmin><ymin>338</ymin><xmax>292</xmax><ymax>129</ymax></bndbox></object><object><name>proposal</name><bndbox><xmin>345</xmin><ymin>338</ymin><xmax>175</xmax><ymax>129</ymax></bndbox></object><object><name>proposal</name><bndbox><xmin>390</xmin><ymin>344</ymin><xmax>276</xmax><ymax>143</ymax></bndbox></object><object><name>proposal</name><bndbox><xmin>351</xmin><ymin>344</ymin><xmax>169</xmax><ymax>102</ymax></bndbox></object><object><name>proposal</name><bndbox><xmin>346</xmin><ymin>347</ymin><xmax>175</xmax><ymax>93</ymax></bndbox></object><object><name>proposal</name><bndbox><xmin>379</xmin><ymin>351</ymin><xmax>137</xmax><ymax>85</ymax></bndbox></object><object><name>proposal</name><bndbox><xmin>223</xmin><ymin>338</ymin><xmax>297</xmax><ymax>129</ymax></bndbox></object><object><name>proposal</name><bndbox><xmin>0</xmin><ymin>363</ymin><xmax>55</xmax><ymax>74</ymax></bndbox></object><object><name>proposal</name><bndbox><xmin>0</xmin><ymin>348</ymin><xmax>195</xmax><ymax>214</ymax></bndbox></object><object><name>proposal</name><bndbox><xmin>345</xmin><ymin>333</ymin><xmax>158</xmax><ymax>104</ymax></bndbox></object><object><name>proposal</name><bndbox><xmin>0</xmin><ymin>450</ymin><xmax>85</xmax><ymax>62</ymax></bndbox></object><object><name>proposal</name><bndbox><xmin>20</xmin><ymin>456</ymin><xmax>309</xmax><ymax>172</ymax></bndbox></object><object><name>proposal</name><bndbox><xmin>306</xmin><ymin>357</ymin><xmax>214</xmax><ymax>65</ymax></bndbox></object><object><name>proposal</name><bndbox><xmin>367</xmin><ymin>341</ymin><xmax>433</xmax><ymax>154</ymax></bndbox></object><object><name>proposal</name><bndbox><xmin>267</xmin><ymin>347</ymin><xmax>249</xmax><ymax>110</ymax></bndbox></object><object><name>proposal</name><bndbox><xmin>390</xmin><ymin>382</ymin><xmax>276</xmax><ymax>109</ymax></bndbox></object><object><name>proposal</name><bndbox><xmin>347</xmin><ymin>344</ymin><xmax>169</xmax><ymax>72</ymax></bndbox></object><object><name>proposal</name><bndbox><xmin>351</xmin><ymin>333</ymin><xmax>152</xmax><ymax>104</ymax></bndbox></object><object><name>proposal</name><bndbox><xmin>269</xmin><ymin>373</ymin><xmax>210</xmax><ymax>202</ymax></bndbox></object><object><name>proposal</name><bndbox><xmin>270</xmin><ymin>333</ymin><xmax>246</xmax><ymax>155</ymax></bndbox></object><object><name>proposal</name><bndbox><xmin>379</xmin><ymin>365</ymin><xmax>119</xmax><ymax>72</ymax></bndbox></object><object><name>proposal</name><bndbox><xmin>0</xmin><ymin>351</ymin><xmax>195</xmax><ymax>211</ymax></bndbox></object><object><name>proposal</name><bndbox><xmin>0</xmin><ymin>363</ymin><xmax>50</xmax><ymax>70</ymax></bndbox></object><object><name>proposal</name><bndbox><xmin>0</xmin><ymin>309</ymin><xmax>129</xmax><ymax>203</ymax></bndbox></object><object><name>proposal</name><bndbox><xmin>347</xmin><ymin>333</ymin><xmax>99</xmax><ymax>80</ymax></bndbox></object><object><name>proposal</name><bndbox><xmin>0</xmin><ymin>358</ymin><xmax>328</xmax><ymax>169</ymax></bndbox></object><object><name>proposal</name><bndbox><xmin>270</xmin><ymin>369</ymin><xmax>157</xmax><ymax>96</ymax></bndbox></object><object><name>proposal</name><bndbox><xmin>345</xmin><ymin>344</ymin><xmax>98</xmax><ymax>80</ymax></bndbox></object><object><name>proposal</name><bndbox><xmin>0</xmin><ymin>363</ymin><xmax>54</xmax><ymax>74</ymax></bndbox></object><object><name>proposal</name><bndbox><xmin>286</xmin><ymin>347</ymin><xmax>230</xmax><ymax>105</ymax></bndbox></object><object><name>proposal</name><bndbox><xmin>0</xmin><ymin>381</ymin><xmax>190</xmax><ymax>181</ymax></bndbox></object><object><name>proposal</name><bndbox><xmin>126</xmin><ymin>344</ymin><xmax>395</xmax><ymax>231</ymax></bndbox></object><object><name>proposal</name><bndbox><xmin>0</xmin><ymin>354</ymin><xmax>112</xmax><ymax>83</ymax></bndbox></object><object><name>proposal</name><bndbox><xmin>0</xmin><ymin>382</ymin><xmax>103</xmax><ymax>93</ymax></bndbox></object><object><name>proposal</name><bndbox><xmin>0</xmin><ymin>345</ymin><xmax>105</xmax><ymax>139</ymax></bndbox></object><object><name>proposal</name><bndbox><xmin>0</xmin><ymin>343</ymin><xmax>194</xmax><ymax>219</ymax></bndbox></object><object><name>proposal</name><bndbox><xmin>270</xmin><ymin>333</ymin><xmax>530</xmax><ymax>158</ymax></bndbox></object><object><name>proposal</name><bndbox><xmin>0</xmin><ymin>447</ymin><xmax>73</xmax><ymax>69</ymax></bndbox></object><object><name>proposal</name><bndbox><xmin>271</xmin><ymin>333</ymin><xmax>227</xmax><ymax>134</ymax></bndbox></object><object><name>proposal</name><bndbox><xmin>303</xmin><ymin>347</ymin><xmax>213</xmax><ymax>101</ymax></bndbox></object><object><name>proposal</name><bndbox><xmin>0</xmin><ymin>373</ymin><xmax>201</xmax><ymax>153</ymax></bndbox></object><object><name>proposal</name><bndbox><xmin>0</xmin><ymin>349</ymin><xmax>51</xmax><ymax>79</ymax></bndbox></object><object><name>proposal</name><bndbox><xmin>0</xmin><ymin>343</ymin><xmax>190</xmax><ymax>206</ymax></bndbox></object><object><name>proposal</name><bndbox><xmin>209</xmin><ymin>349</ymin><xmax>374</xmax><ymax>121</ymax></bndbox></object><object><name>proposal</name><bndbox><xmin>306</xmin><ymin>357</ymin><xmax>206</xmax><ymax>59</ymax></bndbox></object><object><name>proposal</name><bndbox><xmin>271</xmin><ymin>333</ymin><xmax>243</xmax><ymax>134</ymax></bndbox></object><object><name>proposal</name><bndbox><xmin>0</xmin><ymin>374</ymin><xmax>193</xmax><ymax>218</ymax></bndbox></object><object><name>proposal</name><bndbox><xmin>0</xmin><ymin>377</ymin><xmax>193</xmax><ymax>215</ymax></bndbox></object><object><name>proposal</name><bndbox><xmin>20</xmin><ymin>459</ymin><xmax>309</xmax><ymax>169</ymax></bndbox></object><object><name>proposal</name><bndbox><xmin>0</xmin><ymin>349</ymin><xmax>51</xmax><ymax>85</ymax></bndbox></object><object><name>proposal</name><bndbox><xmin>270</xmin><ymin>333</ymin><xmax>244</xmax><ymax>134</ymax></bndbox></object><object><name>proposal</name><bndbox><xmin>273</xmin><ymin>371</ymin><xmax>84</xmax><ymax>93</ymax></bndbox></object><object><name>proposal</name><bndbox><xmin>270</xmin><ymin>333</ymin><xmax>176</xmax><ymax>155</ymax></bndbox></object><object><name>proposal</name><bndbox><xmin>0</xmin><ymin>381</ymin><xmax>194</xmax><ymax>168</ymax></bndbox></object><object><name>proposal</name><bndbox><xmin>30</xmin><ymin>463</ymin><xmax>296</xmax><ymax>179</ymax></bndbox></object><object><name>proposal</name><bndbox><xmin>223</xmin><ymin>347</ymin><xmax>293</xmax><ymax>117</ymax></bndbox></object><object><name>proposal</name><bndbox><xmin>28</xmin><ymin>450</ymin><xmax>157</xmax><ymax>76</ymax></bndbox></object><object><name>proposal</name><bndbox><xmin>220</xmin><ymin>347</ymin><xmax>343</xmax><ymax>120</ymax></bndbox></object><object><name>proposal</name><bndbox><xmin>347</xmin><ymin>344</ymin><xmax>173</xmax><ymax>78</ymax></bndbox></object><object><name>proposal</name><bndbox><xmin>14</xmin><ymin>462</ymin><xmax>71</xmax><ymax>50</ymax></bndbox></object><object><name>proposal</name><bndbox><xmin>0</xmin><ymin>382</ymin><xmax>129</xmax><ymax>93</ymax></bndbox></object><object><name>proposal</name><bndbox><xmin>303</xmin><ymin>344</ymin><xmax>110</xmax><ymax>54</ymax></bndbox></object><object><name>proposal</name><bndbox><xmin>351</xmin><ymin>338</ymin><xmax>169</xmax><ymax>129</ymax></bndbox></object><object><name>proposal</name><bndbox><xmin>379</xmin><ymin>365</ymin><xmax>136</xmax><ymax>75</ymax></bndbox></object><object><name>proposal</name><bndbox><xmin>0</xmin><ymin>362</ymin><xmax>50</xmax><ymax>67</ymax></bndbox></object><object><name>proposal</name><bndbox><xmin>271</xmin><ymin>333</ymin><xmax>245</xmax><ymax>134</ymax></bndbox></object><object><name>proposal</name><bndbox><xmin>28</xmin><ymin>450</ymin><xmax>154</xmax><ymax>76</ymax></bndbox></object><object><name>proposal</name><bndbox><xmin>0</xmin><ymin>309</ymin><xmax>129</xmax><ymax>168</ymax></bndbox></object><object><name>proposal</name><bndbox><xmin>0</xmin><ymin>348</ymin><xmax>193</xmax><ymax>214</ymax></bndbox></object><object><name>proposal</name><bndbox><xmin>351</xmin><ymin>344</ymin><xmax>169</xmax><ymax>123</ymax></bndbox></object><object><name>proposal</name><bndbox><xmin>394</xmin><ymin>351</ymin><xmax>117</xmax><ymax>53</ymax></bndbox></object><object><name>proposal</name><bndbox><xmin>0</xmin><ymin>381</ymin><xmax>190</xmax><ymax>168</ymax></bndbox></object><object><name>proposal</name><bndbox><xmin>0</xmin><ymin>309</ymin><xmax>55</xmax><ymax>128</ymax></bndbox></object><object><name>proposal</name><bndbox><xmin>0</xmin><ymin>351</ymin><xmax>193</xmax><ymax>211</ymax></bndbox></object><object><name>proposal</name><bndbox><xmin>0</xmin><ymin>349</ymin><xmax>76</xmax><ymax>86</ymax></bndbox></object><object><name>proposal</name><bndbox><xmin>390</xmin><ymin>341</ymin><xmax>275</xmax><ymax>128</ymax></bndbox></object><object><name>proposal</name><bndbox><xmin>387</xmin><ymin>356</ymin><xmax>92</xmax><ymax>53</ymax></bndbox></object><object><name>proposal</name><bndbox><xmin>267</xmin><ymin>347</ymin><xmax>254</xmax><ymax>110</ymax></bndbox></object><object><name>proposal</name><bndbox><xmin>0</xmin><ymin>309</ymin><xmax>193</xmax><ymax>217</ymax></bndbox></object><object><name>proposal</name><bndbox><xmin>0</xmin><ymin>348</ymin><xmax>195</xmax><ymax>224</ymax></bndbox></object><object><name>proposal</name><bndbox><xmin>303</xmin><ymin>347</ymin><xmax>217</xmax><ymax>101</ymax></bndbox></object><object><name>proposal</name><bndbox><xmin>390</xmin><ymin>358</ymin><xmax>172</xmax><ymax>111</ymax></bndbox></object><object><name>proposal</name><bndbox><xmin>0</xmin><ymin>397</ymin><xmax>54</xmax><ymax>40</ymax></bndbox></object><object><name>proposal</name><bndbox><xmin>270</xmin><ymin>333</ymin><xmax>530</xmax><ymax>162</ymax></bndbox></object><object><name>proposal</name><bndbox><xmin>306</xmin><ymin>347</ymin><xmax>214</xmax><ymax>92</ymax></bndbox></object><object><name>proposal</name><bndbox><xmin>0</xmin><ymin>381</ymin><xmax>194</xmax><ymax>181</ymax></bndbox></object><object><name>proposal</name><bndbox><xmin>0</xmin><ymin>382</ymin><xmax>103</xmax><ymax>130</ymax></bndbox></object><object><name>proposal</name><bndbox><xmin>271</xmin><ymin>333</ymin><xmax>175</xmax><ymax>125</ymax></bndbox></object><object><name>proposal</name><bndbox><xmin>390</xmin><ymin>344</ymin><xmax>276</xmax><ymax>147</ymax></bndbox></object><object><name>proposal</name><bndbox><xmin>30</xmin><ymin>482</ymin><xmax>273</xmax><ymax>152</ymax></bndbox></object><object><name>proposal</name><bndbox><xmin>0</xmin><ymin>363</ymin><xmax>55</xmax><ymax>62</ymax></bndbox></object><object><name>proposal</name><bndbox><xmin>271</xmin><ymin>333</ymin><xmax>227</xmax><ymax>125</ymax></bndbox></object><object><name>proposal</name><bndbox><xmin>356</xmin><ymin>344</ymin><xmax>159</xmax><ymax>96</ymax></bndbox></object><object><name>proposal</name><bndbox><xmin>0</xmin><ymin>343</ymin><xmax>201</xmax><ymax>183</ymax></bndbox></object><object><name>proposal</name><bndbox><xmin>303</xmin><ymin>333</ymin><xmax>213</xmax><ymax>103</ymax></bndbox></object><object><name>proposal</name><bndbox><xmin>0</xmin><ymin>378</ymin><xmax>105</xmax><ymax>106</ymax></bndbox></object><object><name>proposal</name><bndbox><xmin>223</xmin><ymin>347</ymin><xmax>329</xmax><ymax>120</ymax></bndbox></object><object><name>proposal</name><bndbox><xmin>0</xmin><ymin>363</ymin><xmax>50</xmax><ymax>71</ymax></bndbox></object><object><name>proposal</name><bndbox><xmin>303</xmin><ymin>344</ymin><xmax>212</xmax><ymax>96</ymax></bndbox></object><object><name>proposal</name><bndbox><xmin>303</xmin><ymin>344</ymin><xmax>213</xmax><ymax>72</ymax></bndbox></object><object><name>proposal</name><bndbox><xmin>40</xmin><ymin>463</ymin><xmax>286</xmax><ymax>153</ymax></bndbox></object><object><name>proposal</name><bndbox><xmin>0</xmin><ymin>351</ymin><xmax>195</xmax><ymax>221</ymax></bndbox></object><object><name>proposal</name><bndbox><xmin>0</xmin><ymin>354</ymin><xmax>112</xmax><ymax>123</ymax></bndbox></object><object><name>proposal</name><bndbox><xmin>306</xmin><ymin>357</ymin><xmax>155</xmax><ymax>56</ymax></bndbox></object><object><name>proposal</name><bndbox><xmin>0</xmin><ymin>382</ymin><xmax>54</xmax><ymax>43</ymax></bndbox></object><object><name>proposal</name><bndbox><xmin>220</xmin><ymin>347</ymin><xmax>332</xmax><ymax>120</ymax></bndbox></object></annotation>