<annotation><folder>Proposals</folder><filename>img-144.jpg</filename><size><width>720</width><height>720</height><depth>3</depth></size><object><name>proposal</name><bndbox><xmin>356</xmin><ymin>364</ymin><xmax>125</xmax><ymax>145</ymax></bndbox></object><object><name>proposal</name><bndbox><xmin>290</xmin><ymin>398</ymin><xmax>171</xmax><ymax>111</ymax></bndbox></object><object><name>proposal</name><bndbox><xmin>295</xmin><ymin>368</ymin><xmax>188</xmax><ymax>141</ymax></bndbox></object><object><name>proposal</name><bndbox><xmin>370</xmin><ymin>356</ymin><xmax>137</xmax><ymax>159</ymax></bndbox></object><object><name>proposal</name><bndbox><xmin>295</xmin><ymin>343</ymin><xmax>219</xmax><ymax>195</ymax></bndbox></object><object><name>proposal</name><bndbox><xmin>293</xmin><ymin>400</ymin><xmax>115</xmax><ymax>152</ymax></bndbox></object><object><name>proposal</name><bndbox><xmin>295</xmin><ymin>367</ymin><xmax>202</xmax><ymax>146</ymax></bndbox></object><object><name>proposal</name><bndbox><xmin>294</xmin><ymin>398</ymin><xmax>158</xmax><ymax>111</ymax></bndbox></object><object><name>proposal</name><bndbox><xmin>300</xmin><ymin>400</ymin><xmax>86</xmax><ymax>81</ymax></bndbox></object><object><name>proposal</name><bndbox><xmin>292</xmin><ymin>337</ymin><xmax>222</xmax><ymax>205</ymax></bndbox></object><object><name>proposal</name><bndbox><xmin>19</xmin><ymin>235</ymin><xmax>50</xmax><ymax>31</ymax></bndbox></object><object><name>proposal</name><bndbox><xmin>295</xmin><ymin>368</ymin><xmax>188</xmax><ymax>143</ymax></bndbox></object><object><name>proposal</name><bndbox><xmin>362</xmin><ymin>337</ymin><xmax>176</xmax><ymax>173</ymax></bndbox></object><object><name>proposal</name><bndbox><xmin>334</xmin><ymin>430</ymin><xmax>102</xmax><ymax>114</ymax></bndbox></object><object><name>proposal</name><bndbox><xmin>292</xmin><ymin>390</ymin><xmax>83</xmax><ymax>82</ymax></bndbox></object><object><name>proposal</name><bndbox><xmin>0</xmin><ymin>182</ymin><xmax>154</xmax><ymax>104</ymax></bndbox></object><object><name>proposal</name><bndbox><xmin>0</xmin><ymin>217</ymin><xmax>148</xmax><ymax>73</ymax></bndbox></object><object><name>proposal</name><bndbox><xmin>18</xmin><ymin>216</ymin><xmax>71</xmax><ymax>47</ymax></bndbox></object><object><name>proposal</name><bndbox><xmin>384</xmin><ymin>423</ymin><xmax>77</xmax><ymax>86</ymax></bndbox></object><object><name>proposal</name><bndbox><xmin>0</xmin><ymin>217</ymin><xmax>191</xmax><ymax>100</ymax></bndbox></object><object><name>proposal</name><bndbox><xmin>27</xmin><ymin>182</ymin><xmax>127</xmax><ymax>89</ymax></bndbox></object><object><name>proposal</name><bndbox><xmin>19</xmin><ymin>216</ymin><xmax>70</xmax><ymax>49</ymax></bndbox></object><object><name>proposal</name><bndbox><xmin>361</xmin><ymin>356</ymin><xmax>146</xmax><ymax>159</ymax></bndbox></object><object><name>proposal</name><bndbox><xmin>0</xmin><ymin>152</ymin><xmax>154</xmax><ymax>119</ymax></bndbox></object><object><name>proposal</name><bndbox><xmin>290</xmin><ymin>398</ymin><xmax>162</xmax><ymax>111</ymax></bndbox></object><object><name>proposal</name><bndbox><xmin>370</xmin><ymin>356</ymin><xmax>129</xmax><ymax>148</ymax></bndbox></object><object><name>proposal</name><bndbox><xmin>0</xmin><ymin>223</ymin><xmax>191</xmax><ymax>67</ymax></bndbox></object><object><name>proposal</name><bndbox><xmin>295</xmin><ymin>400</ymin><xmax>133</xmax><ymax>142</ymax></bndbox></object><object><name>proposal</name><bndbox><xmin>294</xmin><ymin>368</ymin><xmax>189</xmax><ymax>142</ymax></bndbox></object><object><name>proposal</name><bndbox><xmin>0</xmin><ymin>202</ymin><xmax>154</xmax><ymax>87</ymax></bndbox></object><object><name>proposal</name><bndbox><xmin>295</xmin><ymin>417</ymin><xmax>113</xmax><ymax>135</ymax></bndbox></object><object><name>proposal</name><bndbox><xmin>77</xmin><ymin>240</ymin><xmax>38</xmax><ymax>30</ymax></bndbox></object><object><name>proposal</name><bndbox><xmin>150</xmin><ymin>319</ymin><xmax>391</xmax><ymax>232</ymax></bndbox></object><object><name>proposal</name><bndbox><xmin>363</xmin><ymin>450</ymin><xmax>90</xmax><ymax>59</ymax></bndbox></object><object><name>proposal</name><bndbox><xmin>294</xmin><ymin>364</ymin><xmax>189</xmax><ymax>160</ymax></bndbox></object><object><name>proposal</name><bndbox><xmin>294</xmin><ymin>417</ymin><xmax>156</xmax><ymax>135</ymax></bndbox></object><object><name>proposal</name><bndbox><xmin>78</xmin><ymin>231</ymin><xmax>92</xmax><ymax>46</ymax></bndbox></object><object><name>proposal</name><bndbox><xmin>292</xmin><ymin>337</ymin><xmax>246</xmax><ymax>205</ymax></bndbox></object><object><name>proposal</name><bndbox><xmin>295</xmin><ymin>373</ymin><xmax>189</xmax><ymax>136</ymax></bndbox></object><object><name>proposal</name><bndbox><xmin>292</xmin><ymin>343</ymin><xmax>222</xmax><ymax>195</ymax></bndbox></object><object><name>proposal</name><bndbox><xmin>0</xmin><ymin>178</ymin><xmax>154</xmax><ymax>111</ymax></bndbox></object><object><name>proposal</name><bndbox><xmin>304</xmin><ymin>398</ymin><xmax>148</xmax><ymax>111</ymax></bndbox></object><object><name>proposal</name><bndbox><xmin>75</xmin><ymin>219</ymin><xmax>65</xmax><ymax>48</ymax></bndbox></object><object><name>proposal</name><bndbox><xmin>295</xmin><ymin>374</ymin><xmax>195</xmax><ymax>138</ymax></bndbox></object><object><name>proposal</name><bndbox><xmin>0</xmin><ymin>217</ymin><xmax>191</xmax><ymax>73</ymax></bndbox></object><object><name>proposal</name><bndbox><xmin>350</xmin><ymin>356</ymin><xmax>157</xmax><ymax>159</ymax></bndbox></object><object><name>proposal</name><bndbox><xmin>241</xmin><ymin>368</ymin><xmax>160</xmax><ymax>135</ymax></bndbox></object><object><name>proposal</name><bndbox><xmin>292</xmin><ymin>343</ymin><xmax>83</xmax><ymax>129</ymax></bndbox></object><object><name>proposal</name><bndbox><xmin>356</xmin><ymin>332</ymin><xmax>185</xmax><ymax>219</ymax></bndbox></object><object><name>proposal</name><bndbox><xmin>370</xmin><ymin>356</ymin><xmax>137</xmax><ymax>150</ymax></bndbox></object><object><name>proposal</name><bndbox><xmin>0</xmin><ymin>215</ymin><xmax>76</xmax><ymax>50</ymax></bndbox></object><object><name>proposal</name><bndbox><xmin>292</xmin><ymin>343</ymin><xmax>158</xmax><ymax>195</ymax></bndbox></object><object><name>proposal</name><bndbox><xmin>356</xmin><ymin>372</ymin><xmax>125</xmax><ymax>98</ymax></bndbox></object><object><name>proposal</name><bndbox><xmin>290</xmin><ymin>398</ymin><xmax>111</xmax><ymax>105</ymax></bndbox></object><object><name>proposal</name><bndbox><xmin>77</xmin><ymin>245</ymin><xmax>48</xmax><ymax>41</ymax></bndbox></object><object><name>proposal</name><bndbox><xmin>293</xmin><ymin>368</ymin><xmax>193</xmax><ymax>142</ymax></bndbox></object><object><name>proposal</name><bndbox><xmin>0</xmin><ymin>223</ymin><xmax>191</xmax><ymax>94</ymax></bndbox></object><object><name>proposal</name><bndbox><xmin>295</xmin><ymin>373</ymin><xmax>189</xmax><ymax>138</ymax></bndbox></object><object><name>proposal</name><bndbox><xmin>295</xmin><ymin>393</ymin><xmax>140</xmax><ymax>122</ymax></bndbox></object><object><name>proposal</name><bndbox><xmin>295</xmin><ymin>395</ymin><xmax>151</xmax><ymax>120</ymax></bndbox></object><object><name>proposal</name><bndbox><xmin>294</xmin><ymin>373</ymin><xmax>190</xmax><ymax>141</ymax></bndbox></object><object><name>proposal</name><bndbox><xmin>328</xmin><ymin>400</ymin><xmax>58</xmax><ymax>81</ymax></bndbox></object><object><name>proposal</name><bndbox><xmin>77</xmin><ymin>245</ymin><xmax>34</xmax><ymax>25</ymax></bndbox></object><object><name>proposal</name><bndbox><xmin>314</xmin><ymin>400</ymin><xmax>72</xmax><ymax>81</ymax></bndbox></object><object><name>proposal</name><bndbox><xmin>295</xmin><ymin>369</ymin><xmax>202</xmax><ymax>144</ymax></bndbox></object><object><name>proposal</name><bndbox><xmin>294</xmin><ymin>400</ymin><xmax>156</xmax><ymax>152</ymax></bndbox></object><object><name>proposal</name><bndbox><xmin>295</xmin><ymin>367</ymin><xmax>195</xmax><ymax>145</ymax></bndbox></object><object><name>proposal</name><bndbox><xmin>290</xmin><ymin>364</ymin><xmax>191</xmax><ymax>136</ymax></bndbox></object><object><name>proposal</name><bndbox><xmin>370</xmin><ymin>356</ymin><xmax>144</xmax><ymax>168</ymax></bndbox></object><object><name>proposal</name><bndbox><xmin>334</xmin><ymin>430</ymin><xmax>67</xmax><ymax>73</ymax></bndbox></object><object><name>proposal</name><bndbox><xmin>338</xmin><ymin>332</ymin><xmax>203</xmax><ymax>219</ymax></bndbox></object><object><name>proposal</name><bndbox><xmin>27</xmin><ymin>217</ymin><xmax>48</xmax><ymax>34</ymax></bndbox></object><object><name>proposal</name><bndbox><xmin>0</xmin><ymin>223</ymin><xmax>148</xmax><ymax>67</ymax></bndbox></object><object><name>proposal</name><bndbox><xmin>294</xmin><ymin>400</ymin><xmax>157</xmax><ymax>109</ymax></bndbox></object><object><name>proposal</name><bndbox><xmin>367</xmin><ymin>454</ymin><xmax>83</xmax><ymax>58</ymax></bndbox></object><object><name>proposal</name><bndbox><xmin>295</xmin><ymin>393</ymin><xmax>155</xmax><ymax>122</ymax></bndbox></object><object><name>proposal</name><bndbox><xmin>292</xmin><ymin>400</ymin><xmax>158</xmax><ymax>142</ymax></bndbox></object><object><name>proposal</name><bndbox><xmin>334</xmin><ymin>454</ymin><xmax>118</xmax><ymax>55</ymax></bndbox></object><object><name>proposal</name><bndbox><xmin>0</xmin><ymin>178</ymin><xmax>154</xmax><ymax>93</ymax></bndbox></object><object><name>proposal</name><bndbox><xmin>294</xmin><ymin>373</ymin><xmax>190</xmax><ymax>137</ymax></bndbox></object><object><name>proposal</name><bndbox><xmin>290</xmin><ymin>398</ymin><xmax>96</xmax><ymax>102</ymax></bndbox></object><object><name>proposal</name><bndbox><xmin>295</xmin><ymin>356</ymin><xmax>212</xmax><ymax>159</ymax></bndbox></object><object><name>proposal</name><bndbox><xmin>294</xmin><ymin>373</ymin><xmax>189</xmax><ymax>151</ymax></bndbox></object><object><name>proposal</name><bndbox><xmin>23</xmin><ymin>234</ymin><xmax>52</xmax><ymax>29</ymax></bndbox></object><object><name>proposal</name><bndbox><xmin>292</xmin><ymin>335</ymin><xmax>222</xmax><ymax>207</ymax></bndbox></object><object><name>proposal</name><bndbox><xmin>293</xmin><ymin>356</ymin><xmax>214</xmax><ymax>196</ymax></bndbox></object><object><name>proposal</name><bndbox><xmin>295</xmin><ymin>374</ymin><xmax>202</xmax><ymax>140</ymax></bndbox></object><object><name>proposal</name><bndbox><xmin>296</xmin><ymin>400</ymin><xmax>90</xmax><ymax>85</ymax></bndbox></object><object><name>proposal</name><bndbox><xmin>295</xmin><ymin>400</ymin><xmax>113</xmax><ymax>152</ymax></bndbox></object><object><name>proposal</name><bndbox><xmin>304</xmin><ymin>398</ymin><xmax>139</xmax><ymax>108</ymax></bndbox></object><object><name>proposal</name><bndbox><xmin>370</xmin><ymin>356</ymin><xmax>141</xmax><ymax>168</ymax></bndbox></object><object><name>proposal</name><bndbox><xmin>0</xmin><ymin>223</ymin><xmax>137</xmax><ymax>66</ymax></bndbox></object><object><name>proposal</name><bndbox><xmin>334</xmin><ymin>423</ymin><xmax>127</xmax><ymax>121</ymax></bndbox></object><object><name>proposal</name><bndbox><xmin>296</xmin><ymin>400</ymin><xmax>156</xmax><ymax>109</ymax></bndbox></object><object><name>proposal</name><bndbox><xmin>0</xmin><ymin>229</ymin><xmax>109</xmax><ymax>60</ymax></bndbox></object><object><name>proposal</name><bndbox><xmin>75</xmin><ymin>219</ymin><xmax>82</xmax><ymax>64</ymax></bndbox></object><object><name>proposal</name><bndbox><xmin>295</xmin><ymin>427</ymin><xmax>113</xmax><ymax>125</ymax></bndbox></object><object><name>proposal</name><bndbox><xmin>0</xmin><ymin>217</ymin><xmax>172</xmax><ymax>72</ymax></bndbox></object><object><name>proposal</name><bndbox><xmin>0</xmin><ymin>215</ymin><xmax>76</xmax><ymax>43</ymax></bndbox></object><object><name>proposal</name><bndbox><xmin>294</xmin><ymin>368</ymin><xmax>190</xmax><ymax>142</ymax></bndbox></object><object><name>proposal</name><bndbox><xmin>295</xmin><ymin>400</ymin><xmax>151</xmax><ymax>115</ymax></bndbox></object><object><name>proposal</name><bndbox><xmin>356</xmin><ymin>332</ymin><xmax>185</xmax><ymax>179</ymax></bndbox></object><object><name>proposal</name><bndbox><xmin>293</xmin><ymin>372</ymin><xmax>193</xmax><ymax>138</ymax></bndbox></object><object><name>proposal</name><bndbox><xmin>0</xmin><ymin>217</ymin><xmax>137</xmax><ymax>72</ymax></bndbox></object><object><name>proposal</name><bndbox><xmin>304</xmin><ymin>439</ymin><xmax>148</xmax><ymax>70</ymax></bndbox></object><object><name>proposal</name><bndbox><xmin>295</xmin><ymin>369</ymin><xmax>195</xmax><ymax>144</ymax></bndbox></object><object><name>proposal</name><bndbox><xmin>75</xmin><ymin>238</ymin><xmax>60</xmax><ymax>29</ymax></bndbox></object><object><name>proposal</name><bndbox><xmin>292</xmin><ymin>335</ymin><xmax>85</xmax><ymax>147</ymax></bndbox></object><object><name>proposal</name><bndbox><xmin>0</xmin><ymin>182</ymin><xmax>154</xmax><ymax>89</ymax></bndbox></object><object><name>proposal</name><bndbox><xmin>19</xmin><ymin>210</ymin><xmax>70</xmax><ymax>56</ymax></bndbox></object><object><name>proposal</name><bndbox><xmin>0</xmin><ymin>223</ymin><xmax>172</xmax><ymax>66</ymax></bndbox></object><object><name>proposal</name><bndbox><xmin>295</xmin><ymin>395</ymin><xmax>107</xmax><ymax>120</ymax></bndbox></object><object><name>proposal</name><bndbox><xmin>292</xmin><ymin>335</ymin><xmax>158</xmax><ymax>207</ymax></bndbox></object><object><name>proposal</name><bndbox><xmin>304</xmin><ymin>398</ymin><xmax>82</xmax><ymax>69</ymax></bndbox></object><object><name>proposal</name><bndbox><xmin>405</xmin><ymin>332</ymin><xmax>136</xmax><ymax>179</ymax></bndbox></object><object><name>proposal</name><bndbox><xmin>0</xmin><ymin>223</ymin><xmax>148</xmax><ymax>94</ymax></bndbox></object><object><name>proposal</name><bndbox><xmin>292</xmin><ymin>399</ymin><xmax>158</xmax><ymax>139</ymax></bndbox></object><object><name>proposal</name><bndbox><xmin>292</xmin><ymin>356</ymin><xmax>219</xmax><ymax>182</ymax></bndbox></object><object><name>proposal</name><bndbox><xmin>370</xmin><ymin>356</ymin><xmax>129</xmax><ymax>159</ymax></bndbox></object><object><name>proposal</name><bndbox><xmin>294</xmin><ymin>372</ymin><xmax>190</xmax><ymax>138</ymax></bndbox></object><object><name>proposal</name><bndbox><xmin>75</xmin><ymin>219</ymin><xmax>79</xmax><ymax>51</ymax></bndbox></object><object><name>proposal</name><bndbox><xmin>370</xmin><ymin>356</ymin><xmax>138</xmax><ymax>148</ymax></bndbox></object><object><name>proposal</name><bndbox><xmin>23</xmin><ymin>234</ymin><xmax>52</xmax><ymax>31</ymax></bndbox></object><object><name>proposal</name><bndbox><xmin>31</xmin><ymin>217</ymin><xmax>44</xmax><ymax>30</ymax></bndbox></object><object><name>proposal</name><bndbox><xmin>295</xmin><ymin>372</ymin><xmax>195</xmax><ymax>142</ymax></bndbox></object><object><name>proposal</name><bndbox><xmin>367</xmin><ymin>356</ymin><xmax>140</xmax><ymax>159</ymax></bndbox></object><object><name>proposal</name><bndbox><xmin>334</xmin><ymin>454</ymin><xmax>109</xmax><ymax>52</ymax></bndbox></object><object><name>proposal</name><bndbox><xmin>75</xmin><ymin>219</ymin><xmax>65</xmax><ymax>51</ymax></bndbox></object><object><name>proposal</name><bndbox><xmin>290</xmin><ymin>398</ymin><xmax>153</xmax><ymax>108</ymax></bndbox></object><object><name>proposal</name><bndbox><xmin>290</xmin><ymin>364</ymin><xmax>191</xmax><ymax>145</ymax></bndbox></object><object><name>proposal</name><bndbox><xmin>294</xmin><ymin>400</ymin><xmax>92</xmax><ymax>92</ymax></bndbox></object><object><name>proposal</name><bndbox><xmin>370</xmin><ymin>356</ymin><xmax>138</xmax><ymax>159</ymax></bndbox></object><object><name>proposal</name><bndbox><xmin>293</xmin><ymin>400</ymin><xmax>157</xmax><ymax>152</ymax></bndbox></object><object><name>proposal</name><bndbox><xmin>23</xmin><ymin>235</ymin><xmax>46</xmax><ymax>28</ymax></bndbox></object><object><name>proposal</name><bndbox><xmin>290</xmin><ymin>332</ymin><xmax>251</xmax><ymax>219</ymax></bndbox></object><object><name>proposal</name><bndbox><xmin>150</xmin><ymin>319</ymin><xmax>251</xmax><ymax>184</ymax></bndbox></object><object><name>proposal</name><bndbox><xmin>290</xmin><ymin>364</ymin><xmax>191</xmax><ymax>180</ymax></bndbox></object><object><name>proposal</name><bndbox><xmin>23</xmin><ymin>216</ymin><xmax>66</xmax><ymax>47</ymax></bndbox></object><object><name>proposal</name><bndbox><xmin>293</xmin><ymin>398</ymin><xmax>168</xmax><ymax>111</ymax></bndbox></object><object><name>proposal</name><bndbox><xmin>295</xmin><ymin>374</ymin><xmax>195</xmax><ymax>140</ymax></bndbox></object><object><name>proposal</name><bndbox><xmin>18</xmin><ymin>210</ymin><xmax>71</xmax><ymax>56</ymax></bndbox></object><object><name>proposal</name><bndbox><xmin>0</xmin><ymin>152</ymin><xmax>90</xmax><ymax>114</ymax></bndbox></object><object><name>proposal</name><bndbox><xmin>294</xmin><ymin>398</ymin><xmax>167</xmax><ymax>111</ymax></bndbox></object><object><name>proposal</name><bndbox><xmin>367</xmin><ymin>356</ymin><xmax>140</xmax><ymax>156</ymax></bndbox></object><object><name>proposal</name><bndbox><xmin>0</xmin><ymin>229</ymin><xmax>170</xmax><ymax>60</ymax></bndbox></object><object><name>proposal</name><bndbox><xmin>295</xmin><ymin>372</ymin><xmax>202</xmax><ymax>142</ymax></bndbox></object><object><name>proposal</name><bndbox><xmin>294</xmin><ymin>400</ymin><xmax>162</xmax><ymax>109</ymax></bndbox></object><object><name>proposal</name><bndbox><xmin>362</xmin><ymin>337</ymin><xmax>152</xmax><ymax>173</ymax></bndbox></object><object><name>proposal</name><bndbox><xmin>295</xmin><ymin>400</ymin><xmax>107</xmax><ymax>115</ymax></bndbox></object><object><name>proposal</name><bndbox><xmin>294</xmin><ymin>400</ymin><xmax>158</xmax><ymax>109</ymax></bndbox></object><object><name>proposal</name><bndbox><xmin>372</xmin><ymin>423</ymin><xmax>89</xmax><ymax>86</ymax></bndbox></object><object><name>proposal</name><bndbox><xmin>77</xmin><ymin>245</ymin><xmax>32</xmax><ymax>30</ymax></bndbox></object><object><name>proposal</name><bndbox><xmin>0</xmin><ymin>202</ymin><xmax>89</xmax><ymax>64</ymax></bndbox></object><object><name>proposal</name><bndbox><xmin>295</xmin><ymin>399</ymin><xmax>155</xmax><ymax>139</ymax></bndbox></object><object><name>proposal</name><bndbox><xmin>295</xmin><ymin>400</ymin><xmax>155</xmax><ymax>152</ymax></bndbox></object><object><name>proposal</name><bndbox><xmin>295</xmin><ymin>356</ymin><xmax>212</xmax><ymax>196</ymax></bndbox></object><object><name>proposal</name><bndbox><xmin>241</xmin><ymin>319</ymin><xmax>160</xmax><ymax>184</ymax></bndbox></object><object><name>proposal</name><bndbox><xmin>304</xmin><ymin>398</ymin><xmax>151</xmax><ymax>111</ymax></bndbox></object><object><name>proposal</name><bndbox><xmin>304</xmin><ymin>398</ymin><xmax>157</xmax><ymax>111</ymax></bndbox></object><object><name>proposal</name><bndbox><xmin>75</xmin><ymin>238</ymin><xmax>50</xmax><ymax>29</ymax></bndbox></object><object><name>proposal</name><bndbox><xmin>292</xmin><ymin>335</ymin><xmax>136</xmax><ymax>207</ymax></bndbox></object><object><name>proposal</name><bndbox><xmin>295</xmin><ymin>427</ymin><xmax>155</xmax><ymax>125</ymax></bndbox></object><object><name>proposal</name><bndbox><xmin>292</xmin><ymin>335</ymin><xmax>246</xmax><ymax>207</ymax></bndbox></object><object><name>proposal</name><bndbox><xmin>295</xmin><ymin>367</ymin><xmax>195</xmax><ymax>146</ymax></bndbox></object><object><name>proposal</name><bndbox><xmin>290</xmin><ymin>398</ymin><xmax>165</xmax><ymax>111</ymax></bndbox></object><object><name>proposal</name><bndbox><xmin>365</xmin><ymin>450</ymin><xmax>88</xmax><ymax>59</ymax></bndbox></object><object><name>proposal</name><bndbox><xmin>294</xmin><ymin>373</ymin><xmax>189</xmax><ymax>137</ymax></bndbox></object><object><name>proposal</name><bndbox><xmin>295</xmin><ymin>368</ymin><xmax>189</xmax><ymax>143</ymax></bndbox></object><object><name>proposal</name><bndbox><xmin>295</xmin><ymin>367</ymin><xmax>202</xmax><ymax>147</ymax></bndbox></object><object><name>proposal</name><bndbox><xmin>295</xmin><ymin>356</ymin><xmax>219</xmax><ymax>182</ymax></bndbox></object><object><name>proposal</name><bndbox><xmin>19</xmin><ymin>216</ymin><xmax>70</xmax><ymax>47</ymax></bndbox></object><object><name>proposal</name><bndbox><xmin>295</xmin><ymin>356</ymin><xmax>213</xmax><ymax>159</ymax></bndbox></object><object><name>proposal</name><bndbox><xmin>292</xmin><ymin>343</ymin><xmax>127</xmax><ymax>195</ymax></bndbox></object><object><name>proposal</name><bndbox><xmin>361</xmin><ymin>356</ymin><xmax>146</xmax><ymax>150</ymax></bndbox></object><object><name>proposal</name><bndbox><xmin>356</xmin><ymin>364</ymin><xmax>125</xmax><ymax>116</ymax></bndbox></object><object><name>proposal</name><bndbox><xmin>294</xmin><ymin>400</ymin><xmax>159</xmax><ymax>109</ymax></bndbox></object><object><name>proposal</name><bndbox><xmin>356</xmin><ymin>364</ymin><xmax>125</xmax><ymax>106</ymax></bndbox></object><object><name>proposal</name><bndbox><xmin>295</xmin><ymin>398</ymin><xmax>155</xmax><ymax>117</ymax></bndbox></object><object><name>proposal</name><bndbox><xmin>295</xmin><ymin>400</ymin><xmax>155</xmax><ymax>142</ymax></bndbox></object><object><name>proposal</name><bndbox><xmin>294</xmin><ymin>372</ymin><xmax>189</xmax><ymax>138</ymax></bndbox></object><object><name>proposal</name><bndbox><xmin>0</xmin><ymin>216</ymin><xmax>215</xmax><ymax>73</ymax></bndbox></object><object><name>proposal</name><bndbox><xmin>292</xmin><ymin>343</ymin><xmax>219</xmax><ymax>195</ymax></bndbox></object><object><name>proposal</name><bndbox><xmin>19</xmin><ymin>215</ymin><xmax>70</xmax><ymax>50</ymax></bndbox></object><object><name>proposal</name><bndbox><xmin>150</xmin><ymin>319</ymin><xmax>331</xmax><ymax>225</ymax></bndbox></object><object><name>proposal</name><bndbox><xmin>294</xmin><ymin>417</ymin><xmax>114</xmax><ymax>135</ymax></bndbox></object><object><name>proposal</name><bndbox><xmin>295</xmin><ymin>398</ymin><xmax>140</xmax><ymax>117</ymax></bndbox></object><object><name>proposal</name><bndbox><xmin>370</xmin><ymin>356</ymin><xmax>141</xmax><ymax>150</ymax></bndbox></object><object><name>proposal</name><bndbox><xmin>296</xmin><ymin>400</ymin><xmax>157</xmax><ymax>109</ymax></bndbox></object><object><name>proposal</name><bndbox><xmin>295</xmin><ymin>373</ymin><xmax>188</xmax><ymax>136</ymax></bndbox></object><object><name>proposal</name><bndbox><xmin>294</xmin><ymin>373</ymin><xmax>189</xmax><ymax>141</ymax></bndbox></object><object><name>proposal</name><bndbox><xmin>0</xmin><ymin>215</ymin><xmax>76</xmax><ymax>55</ymax></bndbox></object><object><name>proposal</name><bndbox><xmin>370</xmin><ymin>356</ymin><xmax>144</xmax><ymax>150</ymax></bndbox></object><object><name>proposal</name><bndbox><xmin>295</xmin><ymin>399</ymin><xmax>124</xmax><ymax>139</ymax></bndbox></object><object><name>proposal</name><bndbox><xmin>290</xmin><ymin>430</ymin><xmax>111</xmax><ymax>73</ymax></bndbox></object><object><name>proposal</name><bndbox><xmin>293</xmin><ymin>400</ymin><xmax>93</xmax><ymax>99</ymax></bndbox></object></annotation>