<annotation><folder>Proposals</folder><filename>img-200.jpg</filename><size><width>720</width><height>720</height><depth>3</depth></size><object><name>proposal</name><bndbox><xmin>347</xmin><ymin>398</ymin><xmax>111</xmax><ymax>90</ymax></bndbox></object><object><name>proposal</name><bndbox><xmin>436</xmin><ymin>290</ymin><xmax>121</xmax><ymax>97</ymax></bndbox></object><object><name>proposal</name><bndbox><xmin>230</xmin><ymin>404</ymin><xmax>48</xmax><ymax>23</ymax></bndbox></object><object><name>proposal</name><bndbox><xmin>370</xmin><ymin>337</ymin><xmax>109</xmax><ymax>56</ymax></bndbox></object><object><name>proposal</name><bndbox><xmin>472</xmin><ymin>290</ymin><xmax>85</xmax><ymax>92</ymax></bndbox></object><object><name>proposal</name><bndbox><xmin>213</xmin><ymin>356</ymin><xmax>260</xmax><ymax>125</ymax></bndbox></object><object><name>proposal</name><bndbox><xmin>471</xmin><ymin>290</ymin><xmax>94</xmax><ymax>85</ymax></bndbox></object><object><name>proposal</name><bndbox><xmin>228</xmin><ymin>394</ymin><xmax>61</xmax><ymax>34</ymax></bndbox></object><object><name>proposal</name><bndbox><xmin>436</xmin><ymin>324</ymin><xmax>57</xmax><ymax>63</ymax></bndbox></object><object><name>proposal</name><bndbox><xmin>298</xmin><ymin>356</ymin><xmax>181</xmax><ymax>132</ymax></bndbox></object><object><name>proposal</name><bndbox><xmin>302</xmin><ymin>361</ymin><xmax>147</xmax><ymax>120</ymax></bndbox></object><object><name>proposal</name><bndbox><xmin>216</xmin><ymin>352</ymin><xmax>243</xmax><ymax>137</ymax></bndbox></object><object><name>proposal</name><bndbox><xmin>472</xmin><ymin>290</ymin><xmax>92</xmax><ymax>108</ymax></bndbox></object><object><name>proposal</name><bndbox><xmin>213</xmin><ymin>403</ymin><xmax>101</xmax><ymax>75</ymax></bndbox></object><object><name>proposal</name><bndbox><xmin>225</xmin><ymin>344</ymin><xmax>269</xmax><ymax>135</ymax></bndbox></object><object><name>proposal</name><bndbox><xmin>477</xmin><ymin>322</ymin><xmax>80</xmax><ymax>76</ymax></bndbox></object><object><name>proposal</name><bndbox><xmin>229</xmin><ymin>358</ymin><xmax>235</xmax><ymax>126</ymax></bndbox></object><object><name>proposal</name><bndbox><xmin>427</xmin><ymin>303</ymin><xmax>138</xmax><ymax>135</ymax></bndbox></object><object><name>proposal</name><bndbox><xmin>273</xmin><ymin>345</ymin><xmax>124</xmax><ymax>119</ymax></bndbox></object><object><name>proposal</name><bndbox><xmin>302</xmin><ymin>334</ymin><xmax>162</xmax><ymax>154</ymax></bndbox></object><object><name>proposal</name><bndbox><xmin>273</xmin><ymin>334</ymin><xmax>191</xmax><ymax>98</ymax></bndbox></object><object><name>proposal</name><bndbox><xmin>684</xmin><ymin>169</ymin><xmax>116</xmax><ymax>114</ymax></bndbox></object><object><name>proposal</name><bndbox><xmin>309</xmin><ymin>365</ymin><xmax>141</xmax><ymax>69</ymax></bndbox></object><object><name>proposal</name><bndbox><xmin>300</xmin><ymin>352</ymin><xmax>168</xmax><ymax>131</ymax></bndbox></object><object><name>proposal</name><bndbox><xmin>309</xmin><ymin>365</ymin><xmax>149</xmax><ymax>123</ymax></bndbox></object><object><name>proposal</name><bndbox><xmin>428</xmin><ymin>363</ymin><xmax>102</xmax><ymax>74</ymax></bndbox></object><object><name>proposal</name><bndbox><xmin>435</xmin><ymin>337</ymin><xmax>57</xmax><ymax>50</ymax></bndbox></object><object><name>proposal</name><bndbox><xmin>213</xmin><ymin>401</ymin><xmax>102</xmax><ymax>61</ymax></bndbox></object><object><name>proposal</name><bndbox><xmin>300</xmin><ymin>347</ymin><xmax>181</xmax><ymax>134</ymax></bndbox></object><object><name>proposal</name><bndbox><xmin>256</xmin><ymin>365</ymin><xmax>202</xmax><ymax>210</ymax></bndbox></object><object><name>proposal</name><bndbox><xmin>220</xmin><ymin>337</ymin><xmax>259</xmax><ymax>147</ymax></bndbox></object><object><name>proposal</name><bndbox><xmin>315</xmin><ymin>345</ymin><xmax>75</xmax><ymax>57</ymax></bndbox></object><object><name>proposal</name><bndbox><xmin>436</xmin><ymin>290</ymin><xmax>197</xmax><ymax>126</ymax></bndbox></object><object><name>proposal</name><bndbox><xmin>302</xmin><ymin>334</ymin><xmax>157</xmax><ymax>154</ymax></bndbox></object><object><name>proposal</name><bndbox><xmin>213</xmin><ymin>334</ymin><xmax>251</xmax><ymax>128</ymax></bndbox></object><object><name>proposal</name><bndbox><xmin>302</xmin><ymin>337</ymin><xmax>177</xmax><ymax>144</ymax></bndbox></object><object><name>proposal</name><bndbox><xmin>424</xmin><ymin>280</ymin><xmax>209</xmax><ymax>191</ymax></bndbox></object><object><name>proposal</name><bndbox><xmin>286</xmin><ymin>347</ymin><xmax>182</xmax><ymax>134</ymax></bndbox></object><object><name>proposal</name><bndbox><xmin>391</xmin><ymin>334</ymin><xmax>102</xmax><ymax>59</ymax></bndbox></object><object><name>proposal</name><bndbox><xmin>216</xmin><ymin>395</ymin><xmax>117</xmax><ymax>70</ymax></bndbox></object><object><name>proposal</name><bndbox><xmin>444</xmin><ymin>324</ymin><xmax>49</xmax><ymax>58</ymax></bndbox></object><object><name>proposal</name><bndbox><xmin>225</xmin><ymin>356</ymin><xmax>248</xmax><ymax>131</ymax></bndbox></object><object><name>proposal</name><bndbox><xmin>298</xmin><ymin>356</ymin><xmax>157</xmax><ymax>125</ymax></bndbox></object><object><name>proposal</name><bndbox><xmin>220</xmin><ymin>398</ymin><xmax>75</xmax><ymax>65</ymax></bndbox></object><object><name>proposal</name><bndbox><xmin>391</xmin><ymin>324</ymin><xmax>139</xmax><ymax>129</ymax></bndbox></object><object><name>proposal</name><bndbox><xmin>428</xmin><ymin>290</ymin><xmax>129</xmax><ymax>147</ymax></bndbox></object><object><name>proposal</name><bndbox><xmin>756</xmin><ymin>169</ymin><xmax>44</xmax><ymax>45</ymax></bndbox></object><object><name>proposal</name><bndbox><xmin>435</xmin><ymin>310</ymin><xmax>198</xmax><ymax>102</ymax></bndbox></object><object><name>proposal</name><bndbox><xmin>684</xmin><ymin>169</ymin><xmax>116</xmax><ymax>130</ymax></bndbox></object><object><name>proposal</name><bndbox><xmin>213</xmin><ymin>290</ymin><xmax>344</xmax><ymax>172</ymax></bndbox></object><object><name>proposal</name><bndbox><xmin>223</xmin><ymin>314</ymin><xmax>334</xmax><ymax>175</ymax></bndbox></object><object><name>proposal</name><bndbox><xmin>309</xmin><ymin>345</ymin><xmax>88</xmax><ymax>57</ymax></bndbox></object><object><name>proposal</name><bndbox><xmin>301</xmin><ymin>352</ymin><xmax>152</xmax><ymax>124</ymax></bndbox></object><object><name>proposal</name><bndbox><xmin>216</xmin><ymin>395</ymin><xmax>99</xmax><ymax>68</ymax></bndbox></object><object><name>proposal</name><bndbox><xmin>286</xmin><ymin>408</ymin><xmax>59</xmax><ymax>50</ymax></bndbox></object><object><name>proposal</name><bndbox><xmin>391</xmin><ymin>324</ymin><xmax>92</xmax><ymax>65</ymax></bndbox></object><object><name>proposal</name><bndbox><xmin>213</xmin><ymin>356</ymin><xmax>260</xmax><ymax>131</ymax></bndbox></object><object><name>proposal</name><bndbox><xmin>223</xmin><ymin>403</ymin><xmax>98</xmax><ymax>75</ymax></bndbox></object><object><name>proposal</name><bndbox><xmin>302</xmin><ymin>362</ymin><xmax>151</xmax><ymax>122</ymax></bndbox></object><object><name>proposal</name><bndbox><xmin>273</xmin><ymin>345</ymin><xmax>124</xmax><ymax>71</ymax></bndbox></object><object><name>proposal</name><bndbox><xmin>220</xmin><ymin>398</ymin><xmax>95</xmax><ymax>65</ymax></bndbox></object><object><name>proposal</name><bndbox><xmin>284</xmin><ymin>336</ymin><xmax>210</xmax><ymax>145</ymax></bndbox></object><object><name>proposal</name><bndbox><xmin>213</xmin><ymin>401</ymin><xmax>158</xmax><ymax>63</ymax></bndbox></object><object><name>proposal</name><bndbox><xmin>297</xmin><ymin>334</ymin><xmax>182</xmax><ymax>154</ymax></bndbox></object><object><name>proposal</name><bndbox><xmin>756</xmin><ymin>172</ymin><xmax>44</xmax><ymax>41</ymax></bndbox></object><object><name>proposal</name><bndbox><xmin>223</xmin><ymin>365</ymin><xmax>227</xmax><ymax>99</ymax></bndbox></object><object><name>proposal</name><bndbox><xmin>225</xmin><ymin>334</ymin><xmax>269</xmax><ymax>153</ymax></bndbox></object><object><name>proposal</name><bndbox><xmin>755</xmin><ymin>186</ymin><xmax>45</xmax><ymax>29</ymax></bndbox></object><object><name>proposal</name><bndbox><xmin>220</xmin><ymin>337</ymin><xmax>259</xmax><ymax>144</ymax></bndbox></object><object><name>proposal</name><bndbox><xmin>309</xmin><ymin>334</ymin><xmax>155</xmax><ymax>98</ymax></bndbox></object><object><name>proposal</name><bndbox><xmin>301</xmin><ymin>360</ymin><xmax>158</xmax><ymax>129</ymax></bndbox></object><object><name>proposal</name><bndbox><xmin>226</xmin><ymin>344</ymin><xmax>268</xmax><ymax>140</ymax></bndbox></object><object><name>proposal</name><bndbox><xmin>309</xmin><ymin>365</ymin><xmax>141</xmax><ymax>67</ymax></bndbox></object><object><name>proposal</name><bndbox><xmin>213</xmin><ymin>324</ymin><xmax>312</xmax><ymax>164</ymax></bndbox></object><object><name>proposal</name><bndbox><xmin>229</xmin><ymin>407</ymin><xmax>44</xmax><ymax>22</ymax></bndbox></object><object><name>proposal</name><bndbox><xmin>227</xmin><ymin>336</ymin><xmax>267</xmax><ymax>145</ymax></bndbox></object><object><name>proposal</name><bndbox><xmin>226</xmin><ymin>327</ymin><xmax>268</xmax><ymax>157</ymax></bndbox></object><object><name>proposal</name><bndbox><xmin>302</xmin><ymin>360</ymin><xmax>151</xmax><ymax>116</ymax></bndbox></object><object><name>proposal</name><bndbox><xmin>764</xmin><ymin>186</ymin><xmax>36</xmax><ymax>29</ymax></bndbox></object><object><name>proposal</name><bndbox><xmin>347</xmin><ymin>398</ymin><xmax>117</xmax><ymax>90</ymax></bndbox></object><object><name>proposal</name><bndbox><xmin>220</xmin><ymin>398</ymin><xmax>95</xmax><ymax>58</ymax></bndbox></object><object><name>proposal</name><bndbox><xmin>223</xmin><ymin>314</ymin><xmax>334</xmax><ymax>162</ymax></bndbox></object><object><name>proposal</name><bndbox><xmin>223</xmin><ymin>360</ymin><xmax>230</xmax><ymax>116</ymax></bndbox></object><object><name>proposal</name><bndbox><xmin>302</xmin><ymin>334</ymin><xmax>177</xmax><ymax>154</ymax></bndbox></object><object><name>proposal</name><bndbox><xmin>302</xmin><ymin>362</ymin><xmax>147</xmax><ymax>119</ymax></bndbox></object><object><name>proposal</name><bndbox><xmin>429</xmin><ymin>324</ymin><xmax>64</xmax><ymax>69</ymax></bndbox></object><object><name>proposal</name><bndbox><xmin>300</xmin><ymin>352</ymin><xmax>181</xmax><ymax>129</ymax></bndbox></object><object><name>proposal</name><bndbox><xmin>298</xmin><ymin>356</ymin><xmax>160</xmax><ymax>132</ymax></bndbox></object><object><name>proposal</name><bndbox><xmin>273</xmin><ymin>334</ymin><xmax>257</xmax><ymax>103</ymax></bndbox></object><object><name>proposal</name><bndbox><xmin>223</xmin><ymin>356</ymin><xmax>256</xmax><ymax>132</ymax></bndbox></object><object><name>proposal</name><bndbox><xmin>462</xmin><ymin>290</ymin><xmax>171</xmax><ymax>126</ymax></bndbox></object><object><name>proposal</name><bndbox><xmin>300</xmin><ymin>347</ymin><xmax>181</xmax><ymax>158</ymax></bndbox></object><object><name>proposal</name><bndbox><xmin>302</xmin><ymin>352</ymin><xmax>168</xmax><ymax>137</ymax></bndbox></object><object><name>proposal</name><bndbox><xmin>231</xmin><ymin>344</ymin><xmax>263</xmax><ymax>135</ymax></bndbox></object><object><name>proposal</name><bndbox><xmin>370</xmin><ymin>345</ymin><xmax>85</xmax><ymax>48</ymax></bndbox></object><object><name>proposal</name><bndbox><xmin>298</xmin><ymin>356</ymin><xmax>156</xmax><ymax>125</ymax></bndbox></object><object><name>proposal</name><bndbox><xmin>446</xmin><ymin>310</ymin><xmax>187</xmax><ymax>102</ymax></bndbox></object><object><name>proposal</name><bndbox><xmin>223</xmin><ymin>395</ymin><xmax>91</xmax><ymax>62</ymax></bndbox></object><object><name>proposal</name><bndbox><xmin>391</xmin><ymin>324</ymin><xmax>102</xmax><ymax>69</ymax></bndbox></object><object><name>proposal</name><bndbox><xmin>213</xmin><ymin>403</ymin><xmax>108</xmax><ymax>75</ymax></bndbox></object><object><name>proposal</name><bndbox><xmin>227</xmin><ymin>344</ymin><xmax>267</xmax><ymax>137</ymax></bndbox></object><object><name>proposal</name><bndbox><xmin>213</xmin><ymin>356</ymin><xmax>241</xmax><ymax>125</ymax></bndbox></object><object><name>proposal</name><bndbox><xmin>309</xmin><ymin>345</ymin><xmax>141</xmax><ymax>89</ymax></bndbox></object><object><name>proposal</name><bndbox><xmin>216</xmin><ymin>314</ymin><xmax>341</xmax><ymax>175</ymax></bndbox></object><object><name>proposal</name><bndbox><xmin>223</xmin><ymin>403</ymin><xmax>91</xmax><ymax>75</ymax></bndbox></object><object><name>proposal</name><bndbox><xmin>284</xmin><ymin>344</ymin><xmax>210</xmax><ymax>137</ymax></bndbox></object><object><name>proposal</name><bndbox><xmin>309</xmin><ymin>324</ymin><xmax>174</xmax><ymax>78</ymax></bndbox></object><object><name>proposal</name><bndbox><xmin>300</xmin><ymin>347</ymin><xmax>168</xmax><ymax>134</ymax></bndbox></object><object><name>proposal</name><bndbox><xmin>230</xmin><ymin>398</ymin><xmax>65</xmax><ymax>29</ymax></bndbox></object><object><name>proposal</name><bndbox><xmin>315</xmin><ymin>345</ymin><xmax>82</xmax><ymax>57</ymax></bndbox></object><object><name>proposal</name><bndbox><xmin>273</xmin><ymin>324</ymin><xmax>257</xmax><ymax>140</ymax></bndbox></object><object><name>proposal</name><bndbox><xmin>297</xmin><ymin>334</ymin><xmax>167</xmax><ymax>154</ymax></bndbox></object><object><name>proposal</name><bndbox><xmin>230</xmin><ymin>398</ymin><xmax>85</xmax><ymax>58</ymax></bndbox></object><object><name>proposal</name><bndbox><xmin>220</xmin><ymin>398</ymin><xmax>112</xmax><ymax>65</ymax></bndbox></object><object><name>proposal</name><bndbox><xmin>760</xmin><ymin>187</ymin><xmax>40</xmax><ymax>29</ymax></bndbox></object><object><name>proposal</name><bndbox><xmin>286</xmin><ymin>410</ymin><xmax>46</xmax><ymax>43</ymax></bndbox></object><object><name>proposal</name><bndbox><xmin>302</xmin><ymin>360</ymin><xmax>168</xmax><ymax>129</ymax></bndbox></object><object><name>proposal</name><bndbox><xmin>286</xmin><ymin>347</ymin><xmax>195</xmax><ymax>158</ymax></bndbox></object><object><name>proposal</name><bndbox><xmin>684</xmin><ymin>192</ymin><xmax>116</xmax><ymax>107</ymax></bndbox></object><object><name>proposal</name><bndbox><xmin>213</xmin><ymin>324</ymin><xmax>317</xmax><ymax>164</ymax></bndbox></object><object><name>proposal</name><bndbox><xmin>428</xmin><ymin>363</ymin><xmax>97</xmax><ymax>74</ymax></bndbox></object><object><name>proposal</name><bndbox><xmin>225</xmin><ymin>344</ymin><xmax>269</xmax><ymax>143</ymax></bndbox></object><object><name>proposal</name><bndbox><xmin>216</xmin><ymin>395</ymin><xmax>98</xmax><ymax>68</ymax></bndbox></object><object><name>proposal</name><bndbox><xmin>220</xmin><ymin>362</ymin><xmax>235</xmax><ymax>119</ymax></bndbox></object><object><name>proposal</name><bndbox><xmin>435</xmin><ymin>310</ymin><xmax>221</xmax><ymax>114</ymax></bndbox></object><object><name>proposal</name><bndbox><xmin>462</xmin><ymin>290</ymin><xmax>102</xmax><ymax>92</ymax></bndbox></object><object><name>proposal</name><bndbox><xmin>472</xmin><ymin>290</ymin><xmax>222</xmax><ymax>126</ymax></bndbox></object><object><name>proposal</name><bndbox><xmin>446</xmin><ymin>290</ymin><xmax>187</xmax><ymax>122</ymax></bndbox></object><object><name>proposal</name><bndbox><xmin>225</xmin><ymin>334</ymin><xmax>269</xmax><ymax>145</ymax></bndbox></object><object><name>proposal</name><bndbox><xmin>436</xmin><ymin>345</ymin><xmax>57</xmax><ymax>42</ymax></bndbox></object><object><name>proposal</name><bndbox><xmin>391</xmin><ymin>334</ymin><xmax>139</xmax><ymax>103</ymax></bndbox></object><object><name>proposal</name><bndbox><xmin>309</xmin><ymin>324</ymin><xmax>216</xmax><ymax>164</ymax></bndbox></object><object><name>proposal</name><bndbox><xmin>182</xmin><ymin>401</ymin><xmax>133</xmax><ymax>113</ymax></bndbox></object><object><name>proposal</name><bndbox><xmin>444</xmin><ymin>345</ymin><xmax>49</xmax><ymax>37</ymax></bndbox></object><object><name>proposal</name><bndbox><xmin>213</xmin><ymin>356</ymin><xmax>266</xmax><ymax>125</ymax></bndbox></object><object><name>proposal</name><bndbox><xmin>230</xmin><ymin>398</ymin><xmax>102</xmax><ymax>58</ymax></bndbox></object><object><name>proposal</name><bndbox><xmin>302</xmin><ymin>337</ymin><xmax>177</xmax><ymax>198</ymax></bndbox></object><object><name>proposal</name><bndbox><xmin>220</xmin><ymin>404</ymin><xmax>95</xmax><ymax>52</ymax></bndbox></object><object><name>proposal</name><bndbox><xmin>435</xmin><ymin>290</ymin><xmax>221</xmax><ymax>134</ymax></bndbox></object><object><name>proposal</name><bndbox><xmin>684</xmin><ymin>192</ymin><xmax>116</xmax><ymax>91</ymax></bndbox></object><object><name>proposal</name><bndbox><xmin>302</xmin><ymin>334</ymin><xmax>177</xmax><ymax>147</ymax></bndbox></object><object><name>proposal</name><bndbox><xmin>254</xmin><ymin>411</ymin><xmax>101</xmax><ymax>56</ymax></bndbox></object><object><name>proposal</name><bndbox><xmin>421</xmin><ymin>314</ymin><xmax>136</xmax><ymax>142</ymax></bndbox></object><object><name>proposal</name><bndbox><xmin>213</xmin><ymin>401</ymin><xmax>158</xmax><ymax>61</ymax></bndbox></object><object><name>proposal</name><bndbox><xmin>220</xmin><ymin>361</ymin><xmax>229</xmax><ymax>120</ymax></bndbox></object><object><name>proposal</name><bndbox><xmin>232</xmin><ymin>405</ymin><xmax>43</xmax><ymax>24</ymax></bndbox></object><object><name>proposal</name><bndbox><xmin>428</xmin><ymin>363</ymin><xmax>102</xmax><ymax>90</ymax></bndbox></object><object><name>proposal</name><bndbox><xmin>302</xmin><ymin>360</ymin><xmax>157</xmax><ymax>129</ymax></bndbox></object><object><name>proposal</name><bndbox><xmin>477</xmin><ymin>322</ymin><xmax>87</xmax><ymax>60</ymax></bndbox></object><object><name>proposal</name><bndbox><xmin>301</xmin><ymin>352</ymin><xmax>158</xmax><ymax>137</ymax></bndbox></object><object><name>proposal</name><bndbox><xmin>446</xmin><ymin>290</ymin><xmax>210</xmax><ymax>134</ymax></bndbox></object><object><name>proposal</name><bndbox><xmin>228</xmin><ymin>399</ymin><xmax>42</xmax><ymax>29</ymax></bndbox></object><object><name>proposal</name><bndbox><xmin>300</xmin><ymin>352</ymin><xmax>168</xmax><ymax>129</ymax></bndbox></object><object><name>proposal</name><bndbox><xmin>213</xmin><ymin>365</ymin><xmax>237</xmax><ymax>99</ymax></bndbox></object><object><name>proposal</name><bndbox><xmin>428</xmin><ymin>363</ymin><xmax>97</xmax><ymax>90</ymax></bndbox></object><object><name>proposal</name><bndbox><xmin>472</xmin><ymin>290</ymin><xmax>92</xmax><ymax>64</ymax></bndbox></object><object><name>proposal</name><bndbox><xmin>446</xmin><ymin>290</ymin><xmax>187</xmax><ymax>134</ymax></bndbox></object><object><name>proposal</name><bndbox><xmin>286</xmin><ymin>347</ymin><xmax>195</xmax><ymax>134</ymax></bndbox></object><object><name>proposal</name><bndbox><xmin>213</xmin><ymin>356</ymin><xmax>266</xmax><ymax>132</ymax></bndbox></object><object><name>proposal</name><bndbox><xmin>421</xmin><ymin>303</ymin><xmax>144</xmax><ymax>153</ymax></bndbox></object><object><name>proposal</name><bndbox><xmin>253</xmin><ymin>398</ymin><xmax>42</xmax><ymax>23</ymax></bndbox></object><object><name>proposal</name><bndbox><xmin>220</xmin><ymin>398</ymin><xmax>135</xmax><ymax>69</ymax></bndbox></object><object><name>proposal</name><bndbox><xmin>306</xmin><ymin>337</ymin><xmax>173</xmax><ymax>69</ymax></bndbox></object><object><name>proposal</name><bndbox><xmin>347</xmin><ymin>363</ymin><xmax>178</xmax><ymax>125</ymax></bndbox></object><object><name>proposal</name><bndbox><xmin>168</xmin><ymin>394</ymin><xmax>147</xmax><ymax>144</ymax></bndbox></object><object><name>proposal</name><bndbox><xmin>309</xmin><ymin>345</ymin><xmax>141</xmax><ymax>87</ymax></bndbox></object><object><name>proposal</name><bndbox><xmin>302</xmin><ymin>334</ymin><xmax>157</xmax><ymax>147</ymax></bndbox></object><object><name>proposal</name><bndbox><xmin>300</xmin><ymin>352</ymin><xmax>181</xmax><ymax>153</ymax></bndbox></object><object><name>proposal</name><bndbox><xmin>429</xmin><ymin>345</ymin><xmax>64</xmax><ymax>48</ymax></bndbox></object><object><name>proposal</name><bndbox><xmin>306</xmin><ymin>361</ymin><xmax>68</xmax><ymax>45</ymax></bndbox></object><object><name>proposal</name><bndbox><xmin>301</xmin><ymin>360</ymin><xmax>152</xmax><ymax>116</ymax></bndbox></object><object><name>proposal</name><bndbox><xmin>298</xmin><ymin>365</ymin><xmax>152</xmax><ymax>99</ymax></bndbox></object><object><name>proposal</name><bndbox><xmin>220</xmin><ymin>337</ymin><xmax>259</xmax><ymax>198</ymax></bndbox></object><object><name>proposal</name><bndbox><xmin>301</xmin><ymin>352</ymin><xmax>169</xmax><ymax>137</ymax></bndbox></object><object><name>proposal</name><bndbox><xmin>302</xmin><ymin>337</ymin><xmax>177</xmax><ymax>147</ymax></bndbox></object><object><name>proposal</name><bndbox><xmin>225</xmin><ymin>356</ymin><xmax>248</xmax><ymax>125</ymax></bndbox></object><object><name>proposal</name><bndbox><xmin>223</xmin><ymin>395</ymin><xmax>92</xmax><ymax>62</ymax></bndbox></object><object><name>proposal</name><bndbox><xmin>298</xmin><ymin>356</ymin><xmax>175</xmax><ymax>132</ymax></bndbox></object><object><name>proposal</name><bndbox><xmin>220</xmin><ymin>398</ymin><xmax>75</xmax><ymax>50</ymax></bndbox></object><object><name>proposal</name><bndbox><xmin>286</xmin><ymin>408</ymin><xmax>60</xmax><ymax>50</ymax></bndbox></object><object><name>proposal</name><bndbox><xmin>427</xmin><ymin>314</ymin><xmax>130</xmax><ymax>120</ymax></bndbox></object><object><name>proposal</name><bndbox><xmin>273</xmin><ymin>345</ymin><xmax>177</xmax><ymax>89</ymax></bndbox></object><object><name>proposal</name><bndbox><xmin>302</xmin><ymin>362</ymin><xmax>153</xmax><ymax>119</ymax></bndbox></object><object><name>proposal</name><bndbox><xmin>231</xmin><ymin>334</ymin><xmax>263</xmax><ymax>145</ymax></bndbox></object><object><name>proposal</name><bndbox><xmin>477</xmin><ymin>322</ymin><xmax>80</xmax><ymax>60</ymax></bndbox></object><object><name>proposal</name><bndbox><xmin>223</xmin><ymin>401</ymin><xmax>92</xmax><ymax>57</ymax></bndbox></object><object><name>proposal</name><bndbox><xmin>216</xmin><ymin>352</ymin><xmax>254</xmax><ymax>137</ymax></bndbox></object><object><name>proposal</name><bndbox><xmin>231</xmin><ymin>362</ymin><xmax>224</xmax><ymax>119</ymax></bndbox></object><object><name>proposal</name><bndbox><xmin>286</xmin><ymin>334</ymin><xmax>193</xmax><ymax>154</ymax></bndbox></object><object><name>proposal</name><bndbox><xmin>435</xmin><ymin>310</ymin><xmax>198</xmax><ymax>114</ymax></bndbox></object><object><name>proposal</name><bndbox><xmin>231</xmin><ymin>404</ymin><xmax>84</xmax><ymax>52</ymax></bndbox></object><object><name>proposal</name><bndbox><xmin>168</xmin><ymin>394</ymin><xmax>146</xmax><ymax>144</ymax></bndbox></object><object><name>proposal</name><bndbox><xmin>488</xmin><ymin>284</ymin><xmax>113</xmax><ymax>94</ymax></bndbox></object><object><name>proposal</name><bndbox><xmin>223</xmin><ymin>401</ymin><xmax>148</xmax><ymax>57</ymax></bndbox></object><object><name>proposal</name><bndbox><xmin>435</xmin><ymin>330</ymin><xmax>57</xmax><ymax>57</ymax></bndbox></object><object><name>proposal</name><bndbox><xmin>754</xmin><ymin>172</ymin><xmax>46</xmax><ymax>41</ymax></bndbox></object><object><name>proposal</name><bndbox><xmin>427</xmin><ymin>314</ymin><xmax>130</xmax><ymax>124</ymax></bndbox></object><object><name>proposal</name><bndbox><xmin>756</xmin><ymin>166</ymin><xmax>44</xmax><ymax>47</ymax></bndbox></object><object><name>proposal</name><bndbox><xmin>300</xmin><ymin>352</ymin><xmax>181</xmax><ymax>131</ymax></bndbox></object><object><name>proposal</name><bndbox><xmin>168</xmin><ymin>334</ymin><xmax>291</xmax><ymax>204</ymax></bndbox></object></annotation>