<annotation><folder>Proposals</folder><filename>img-384.jpg</filename><size><width>402</width><height>300</height><depth>3</depth></size><object><name>proposal</name><bndbox><xmin>285</xmin><ymin>233</ymin><xmax>331</xmax><ymax>236</ymax></bndbox></object><object><name>proposal</name><bndbox><xmin>277</xmin><ymin>317</ymin><xmax>199</xmax><ymax>201</ymax></bndbox></object><object><name>proposal</name><bndbox><xmin>358</xmin><ymin>79</ymin><xmax>342</xmax><ymax>443</ymax></bndbox></object><object><name>proposal</name><bndbox><xmin>523</xmin><ymin>379</ymin><xmax>170</xmax><ymax>290</ymax></bndbox></object><object><name>proposal</name><bndbox><xmin>277</xmin><ymin>285</ymin><xmax>346</xmax><ymax>402</ymax></bndbox></object><object><name>proposal</name><bndbox><xmin>52</xmin><ymin>144</ymin><xmax>206</xmax><ymax>157</ymax></bndbox></object><object><name>proposal</name><bndbox><xmin>188</xmin><ymin>221</ymin><xmax>114</xmax><ymax>88</ymax></bndbox></object><object><name>proposal</name><bndbox><xmin>108</xmin><ymin>153</ymin><xmax>276</xmax><ymax>181</ymax></bndbox></object><object><name>proposal</name><bndbox><xmin>112</xmin><ymin>503</ymin><xmax>483</xmax><ymax>297</ymax></bndbox></object><object><name>proposal</name><bndbox><xmin>52</xmin><ymin>144</ymin><xmax>206</xmax><ymax>146</ymax></bndbox></object><object><name>proposal</name><bndbox><xmin>86</xmin><ymin>164</ymin><xmax>90</xmax><ymax>108</ymax></bndbox></object><object><name>proposal</name><bndbox><xmin>0</xmin><ymin>134</ymin><xmax>597</xmax><ymax>666</ymax></bndbox></object><object><name>proposal</name><bndbox><xmin>317</xmin><ymin>400</ymin><xmax>263</xmax><ymax>248</ymax></bndbox></object><object><name>proposal</name><bndbox><xmin>53</xmin><ymin>144</ymin><xmax>424</xmax><ymax>408</ymax></bndbox></object><object><name>proposal</name><bndbox><xmin>299</xmin><ymin>392</ymin><xmax>287</xmax><ymax>295</ymax></bndbox></object><object><name>proposal</name><bndbox><xmin>277</xmin><ymin>297</ymin><xmax>430</xmax><ymax>436</ymax></bndbox></object><object><name>proposal</name><bndbox><xmin>0</xmin><ymin>77</ymin><xmax>196</xmax><ymax>363</ymax></bndbox></object><object><name>proposal</name><bndbox><xmin>0</xmin><ymin>152</ymin><xmax>290</xmax><ymax>390</ymax></bndbox></object><object><name>proposal</name><bndbox><xmin>497</xmin><ymin>339</ymin><xmax>244</xmax><ymax>276</ymax></bndbox></object><object><name>proposal</name><bndbox><xmin>389</xmin><ymin>299</ymin><xmax>311</xmax><ymax>383</ymax></bndbox></object><object><name>proposal</name><bndbox><xmin>317</xmin><ymin>400</ymin><xmax>263</xmax><ymax>237</ymax></bndbox></object><object><name>proposal</name><bndbox><xmin>388</xmin><ymin>323</ymin><xmax>321</xmax><ymax>349</ymax></bndbox></object><object><name>proposal</name><bndbox><xmin>530</xmin><ymin>280</ymin><xmax>270</xmax><ymax>520</ymax></bndbox></object><object><name>proposal</name><bndbox><xmin>0</xmin><ymin>0</ymin><xmax>722</xmax><ymax>800</ymax></bndbox></object><object><name>proposal</name><bndbox><xmin>214</xmin><ymin>104</ymin><xmax>138</xmax><ymax>170</ymax></bndbox></object><object><name>proposal</name><bndbox><xmin>343</xmin><ymin>314</ymin><xmax>291</xmax><ymax>142</ymax></bndbox></object><object><name>proposal</name><bndbox><xmin>79</xmin><ymin>135</ymin><xmax>130</xmax><ymax>137</ymax></bndbox></object><object><name>proposal</name><bndbox><xmin>389</xmin><ymin>300</ymin><xmax>320</xmax><ymax>382</ymax></bndbox></object><object><name>proposal</name><bndbox><xmin>369</xmin><ymin>320</ymin><xmax>431</xmax><ymax>362</ymax></bndbox></object><object><name>proposal</name><bndbox><xmin>275</xmin><ymin>233</ymin><xmax>202</xmax><ymax>285</ymax></bndbox></object><object><name>proposal</name><bndbox><xmin>383</xmin><ymin>299</ymin><xmax>315</xmax><ymax>383</ymax></bndbox></object><object><name>proposal</name><bndbox><xmin>0</xmin><ymin>239</ymin><xmax>597</xmax><ymax>561</ymax></bndbox></object><object><name>proposal</name><bndbox><xmin>0</xmin><ymin>130</ymin><xmax>290</xmax><ymax>264</ymax></bndbox></object><object><name>proposal</name><bndbox><xmin>48</xmin><ymin>135</ymin><xmax>216</xmax><ymax>166</ymax></bndbox></object><object><name>proposal</name><bndbox><xmin>0</xmin><ymin>239</ymin><xmax>675</xmax><ymax>279</ymax></bndbox></object><object><name>proposal</name><bndbox><xmin>0</xmin><ymin>77</ymin><xmax>324</xmax><ymax>363</ymax></bndbox></object><object><name>proposal</name><bndbox><xmin>497</xmin><ymin>398</ymin><xmax>217</xmax><ymax>262</ymax></bndbox></object><object><name>proposal</name><bndbox><xmin>0</xmin><ymin>345</ymin><xmax>626</xmax><ymax>455</ymax></bndbox></object><object><name>proposal</name><bndbox><xmin>363</xmin><ymin>79</ymin><xmax>437</xmax><ymax>593</ymax></bndbox></object><object><name>proposal</name><bndbox><xmin>54</xmin><ymin>103</ymin><xmax>307</xmax><ymax>228</ymax></bndbox></object><object><name>proposal</name><bndbox><xmin>279</xmin><ymin>267</ymin><xmax>487</xmax><ymax>457</ymax></bndbox></object><object><name>proposal</name><bndbox><xmin>386</xmin><ymin>322</ymin><xmax>380</xmax><ymax>400</ymax></bndbox></object><object><name>proposal</name><bndbox><xmin>190</xmin><ymin>524</ymin><xmax>405</xmax><ymax>276</ymax></bndbox></object><object><name>proposal</name><bndbox><xmin>53</xmin><ymin>144</ymin><xmax>205</xmax><ymax>145</ymax></bndbox></object><object><name>proposal</name><bndbox><xmin>0</xmin><ymin>134</ymin><xmax>595</xmax><ymax>666</ymax></bndbox></object><object><name>proposal</name><bndbox><xmin>94</xmin><ymin>163</ymin><xmax>150</xmax><ymax>117</ymax></bndbox></object><object><name>proposal</name><bndbox><xmin>54</xmin><ymin>149</ymin><xmax>712</xmax><ymax>573</ymax></bndbox></object><object><name>proposal</name><bndbox><xmin>28</xmin><ymin>138</ymin><xmax>296</xmax><ymax>283</ymax></bndbox></object><object><name>proposal</name><bndbox><xmin>149</xmin><ymin>79</ymin><xmax>651</xmax><ymax>593</ymax></bndbox></object><object><name>proposal</name><bndbox><xmin>299</xmin><ymin>345</ymin><xmax>290</xmax><ymax>346</ymax></bndbox></object><object><name>proposal</name><bndbox><xmin>0</xmin><ymin>288</ymin><xmax>800</xmax><ymax>512</ymax></bndbox></object><object><name>proposal</name><bndbox><xmin>389</xmin><ymin>277</ymin><xmax>313</xmax><ymax>405</ymax></bndbox></object><object><name>proposal</name><bndbox><xmin>149</xmin><ymin>233</ymin><xmax>338</xmax><ymax>319</ymax></bndbox></object><object><name>proposal</name><bndbox><xmin>392</xmin><ymin>149</ymin><xmax>342</xmax><ymax>520</ymax></bndbox></object><object><name>proposal</name><bndbox><xmin>182</xmin><ymin>104</ymin><xmax>87</xmax><ymax>154</ymax></bndbox></object><object><name>proposal</name><bndbox><xmin>313</xmin><ymin>6</ymin><xmax>487</xmax><ymax>485</ymax></bndbox></object><object><name>proposal</name><bndbox><xmin>321</xmin><ymin>400</ymin><xmax>247</xmax><ymax>249</ymax></bndbox></object><object><name>proposal</name><bndbox><xmin>299</xmin><ymin>378</ymin><xmax>410</xmax><ymax>323</ymax></bndbox></object><object><name>proposal</name><bndbox><xmin>265</xmin><ymin>315</ymin><xmax>355</xmax><ymax>376</ymax></bndbox></object><object><name>proposal</name><bndbox><xmin>277</xmin><ymin>219</ymin><xmax>375</xmax><ymax>393</ymax></bndbox></object><object><name>proposal</name><bndbox><xmin>0</xmin><ymin>0</ymin><xmax>473</xmax><ymax>333</ymax></bndbox></object><object><name>proposal</name><bndbox><xmin>53</xmin><ymin>144</ymin><xmax>168</xmax><ymax>119</ymax></bndbox></object><object><name>proposal</name><bndbox><xmin>0</xmin><ymin>156</ymin><xmax>596</xmax><ymax>644</ymax></bndbox></object><object><name>proposal</name><bndbox><xmin>0</xmin><ymin>113</ymin><xmax>800</xmax><ymax>687</ymax></bndbox></object><object><name>proposal</name><bndbox><xmin>392</xmin><ymin>379</ymin><xmax>311</xmax><ymax>290</ymax></bndbox></object><object><name>proposal</name><bndbox><xmin>0</xmin><ymin>233</ymin><xmax>617</xmax><ymax>567</ymax></bndbox></object><object><name>proposal</name><bndbox><xmin>284</xmin><ymin>233</ymin><xmax>340</xmax><ymax>222</ymax></bndbox></object><object><name>proposal</name><bndbox><xmin>53</xmin><ymin>96</ymin><xmax>121</xmax><ymax>176</ymax></bndbox></object><object><name>proposal</name><bndbox><xmin>143</xmin><ymin>154</ymin><xmax>128</xmax><ymax>107</ymax></bndbox></object><object><name>proposal</name><bndbox><xmin>0</xmin><ymin>39</ymin><xmax>368</xmax><ymax>294</ymax></bndbox></object><object><name>proposal</name><bndbox><xmin>299</xmin><ymin>336</ymin><xmax>501</xmax><ymax>464</ymax></bndbox></object><object><name>proposal</name><bndbox><xmin>313</xmin><ymin>0</ymin><xmax>487</xmax><ymax>442</ymax></bndbox></object><object><name>proposal</name><bndbox><xmin>389</xmin><ymin>299</ymin><xmax>309</xmax><ymax>383</ymax></bndbox></object><object><name>proposal</name><bndbox><xmin>171</xmin><ymin>112</ymin><xmax>106</xmax><ymax>187</ymax></bndbox></object><object><name>proposal</name><bndbox><xmin>0</xmin><ymin>69</ymin><xmax>800</xmax><ymax>731</ymax></bndbox></object><object><name>proposal</name><bndbox><xmin>299</xmin><ymin>366</ymin><xmax>325</xmax><ymax>325</ymax></bndbox></object><object><name>proposal</name><bndbox><xmin>69</xmin><ymin>155</ymin><xmax>110</xmax><ymax>117</ymax></bndbox></object><object><name>proposal</name><bndbox><xmin>507</xmin><ymin>483</ymin><xmax>202</xmax><ymax>191</ymax></bndbox></object><object><name>proposal</name><bndbox><xmin>513</xmin><ymin>320</ymin><xmax>194</xmax><ymax>331</ymax></bndbox></object><object><name>proposal</name><bndbox><xmin>382</xmin><ymin>273</ymin><xmax>327</xmax><ymax>409</ymax></bndbox></object><object><name>proposal</name><bndbox><xmin>188</xmin><ymin>197</ymin><xmax>102</xmax><ymax>126</ymax></bndbox></object><object><name>proposal</name><bndbox><xmin>172</xmin><ymin>197</ymin><xmax>187</xmax><ymax>179</ymax></bndbox></object><object><name>proposal</name><bndbox><xmin>277</xmin><ymin>285</ymin><xmax>317</xmax><ymax>402</ymax></bndbox></object><object><name>proposal</name><bndbox><xmin>132</xmin><ymin>128</ymin><xmax>509</xmax><ymax>305</ymax></bndbox></object><object><name>proposal</name><bndbox><xmin>466</xmin><ymin>320</ymin><xmax>334</xmax><ymax>362</ymax></bndbox></object><object><name>proposal</name><bndbox><xmin>4</xmin><ymin>75</ymin><xmax>796</xmax><ymax>725</ymax></bndbox></object><object><name>proposal</name><bndbox><xmin>48</xmin><ymin>134</ymin><xmax>126</xmax><ymax>121</ymax></bndbox></object><object><name>proposal</name><bndbox><xmin>0</xmin><ymin>69</ymin><xmax>360</xmax><ymax>483</ymax></bndbox></object><object><name>proposal</name><bndbox><xmin>513</xmin><ymin>448</ymin><xmax>189</xmax><ymax>234</ymax></bndbox></object><object><name>proposal</name><bndbox><xmin>279</xmin><ymin>267</ymin><xmax>457</xmax><ymax>404</ymax></bndbox></object><object><name>proposal</name><bndbox><xmin>300</xmin><ymin>345</ymin><xmax>326</xmax><ymax>346</ymax></bndbox></object><object><name>proposal</name><bndbox><xmin>0</xmin><ymin>77</ymin><xmax>256</xmax><ymax>355</ymax></bndbox></object><object><name>proposal</name><bndbox><xmin>341</xmin><ymin>448</ymin><xmax>300</xmax><ymax>352</ymax></bndbox></object><object><name>proposal</name><bndbox><xmin>108</xmin><ymin>155</ymin><xmax>119</xmax><ymax>100</ymax></bndbox></object><object><name>proposal</name><bndbox><xmin>0</xmin><ymin>0</ymin><xmax>722</xmax><ymax>481</ymax></bndbox></object><object><name>proposal</name><bndbox><xmin>0</xmin><ymin>0</ymin><xmax>710</xmax><ymax>552</ymax></bndbox></object><object><name>proposal</name><bndbox><xmin>277</xmin><ymin>233</ymin><xmax>210</xmax><ymax>307</ymax></bndbox></object><object><name>proposal</name><bndbox><xmin>0</xmin><ymin>160</ymin><xmax>290</xmax><ymax>226</ymax></bndbox></object><object><name>proposal</name><bndbox><xmin>377</xmin><ymin>273</ymin><xmax>325</xmax><ymax>409</ymax></bndbox></object><object><name>proposal</name><bndbox><xmin>494</xmin><ymin>0</ymin><xmax>306</xmax><ymax>800</ymax></bndbox></object><object><name>proposal</name><bndbox><xmin>0</xmin><ymin>119</ymin><xmax>256</xmax><ymax>225</ymax></bndbox></object><object><name>proposal</name><bndbox><xmin>0</xmin><ymin>336</ymin><xmax>800</xmax><ymax>464</ymax></bndbox></object><object><name>proposal</name><bndbox><xmin>149</xmin><ymin>233</ymin><xmax>475</xmax><ymax>319</ymax></bndbox></object><object><name>proposal</name><bndbox><xmin>523</xmin><ymin>379</ymin><xmax>277</xmax><ymax>343</ymax></bndbox></object><object><name>proposal</name><bndbox><xmin>303</xmin><ymin>507</ymin><xmax>220</xmax><ymax>194</ymax></bndbox></object><object><name>proposal</name><bndbox><xmin>67</xmin><ymin>228</ymin><xmax>327</xmax><ymax>148</ymax></bndbox></object><object><name>proposal</name><bndbox><xmin>147</xmin><ymin>197</ymin><xmax>111</xmax><ymax>104</ymax></bndbox></object><object><name>proposal</name><bndbox><xmin>349</xmin><ymin>254</ymin><xmax>268</xmax><ymax>178</ymax></bndbox></object><object><name>proposal</name><bndbox><xmin>291</xmin><ymin>320</ymin><xmax>303</xmax><ymax>367</ymax></bndbox></object><object><name>proposal</name><bndbox><xmin>171</xmin><ymin>198</ymin><xmax>93</xmax><ymax>103</ymax></bndbox></object><object><name>proposal</name><bndbox><xmin>411</xmin><ymin>322</ymin><xmax>303</xmax><ymax>338</ymax></bndbox></object><object><name>proposal</name><bndbox><xmin>496</xmin><ymin>483</ymin><xmax>213</xmax><ymax>218</ymax></bndbox></object><object><name>proposal</name><bndbox><xmin>96</xmin><ymin>138</ymin><xmax>162</xmax><ymax>195</ymax></bndbox></object><object><name>proposal</name><bndbox><xmin>62</xmin><ymin>19</ymin><xmax>429</xmax><ymax>290</ymax></bndbox></object><object><name>proposal</name><bndbox><xmin>0</xmin><ymin>82</ymin><xmax>284</xmax><ymax>251</ymax></bndbox></object><object><name>proposal</name><bndbox><xmin>0</xmin><ymin>39</ymin><xmax>360</xmax><ymax>294</ymax></bndbox></object><object><name>proposal</name><bndbox><xmin>299</xmin><ymin>345</ymin><xmax>327</xmax><ymax>342</ymax></bndbox></object><object><name>proposal</name><bndbox><xmin>299</xmin><ymin>366</ymin><xmax>327</xmax><ymax>321</ymax></bndbox></object><object><name>proposal</name><bndbox><xmin>120</xmin><ymin>67</ymin><xmax>214</xmax><ymax>242</ymax></bndbox></object><object><name>proposal</name><bndbox><xmin>299</xmin><ymin>400</ymin><xmax>274</xmax><ymax>307</ymax></bndbox></object><object><name>proposal</name><bndbox><xmin>53</xmin><ymin>144</ymin><xmax>243</xmax><ymax>179</ymax></bndbox></object><object><name>proposal</name><bndbox><xmin>12</xmin><ymin>174</ymin><xmax>244</xmax><ymax>159</ymax></bndbox></object><object><name>proposal</name><bndbox><xmin>80</xmin><ymin>176</ymin><xmax>148</xmax><ymax>103</ymax></bndbox></object><object><name>proposal</name><bndbox><xmin>277</xmin><ymin>297</ymin><xmax>297</xmax><ymax>221</ymax></bndbox></object><object><name>proposal</name><bndbox><xmin>312</xmin><ymin>323</ymin><xmax>488</xmax><ymax>477</ymax></bndbox></object><object><name>proposal</name><bndbox><xmin>525</xmin><ymin>377</ymin><xmax>150</xmax><ymax>293</ymax></bndbox></object><object><name>proposal</name><bndbox><xmin>0</xmin><ymin>116</ymin><xmax>290</xmax><ymax>278</ymax></bndbox></object><object><name>proposal</name><bndbox><xmin>251</xmin><ymin>233</ymin><xmax>399</xmax><ymax>285</ymax></bndbox></object><object><name>proposal</name><bndbox><xmin>382</xmin><ymin>79</ymin><xmax>318</xmax><ymax>420</ymax></bndbox></object><object><name>proposal</name><bndbox><xmin>189</xmin><ymin>535</ymin><xmax>530</xmax><ymax>265</ymax></bndbox></object><object><name>proposal</name><bndbox><xmin>189</xmin><ymin>459</ymin><xmax>437</xmax><ymax>341</ymax></bndbox></object><object><name>proposal</name><bndbox><xmin>315</xmin><ymin>406</ymin><xmax>248</xmax><ymax>232</ymax></bndbox></object><object><name>proposal</name><bndbox><xmin>299</xmin><ymin>366</ymin><xmax>326</xmax><ymax>325</ymax></bndbox></object><object><name>proposal</name><bndbox><xmin>507</xmin><ymin>320</ymin><xmax>200</xmax><ymax>261</ymax></bndbox></object><object><name>proposal</name><bndbox><xmin>0</xmin><ymin>119</ymin><xmax>256</xmax><ymax>287</ymax></bndbox></object><object><name>proposal</name><bndbox><xmin>513</xmin><ymin>410</ymin><xmax>183</xmax><ymax>210</ymax></bndbox></object><object><name>proposal</name><bndbox><xmin>0</xmin><ymin>77</ymin><xmax>258</xmax><ymax>277</ymax></bndbox></object><object><name>proposal</name><bndbox><xmin>108</xmin><ymin>155</ymin><xmax>160</xmax><ymax>144</ymax></bndbox></object><object><name>proposal</name><bndbox><xmin>0</xmin><ymin>134</ymin><xmax>766</xmax><ymax>622</ymax></bndbox></object><object><name>proposal</name><bndbox><xmin>91</xmin><ymin>21</ymin><xmax>263</xmax><ymax>211</ymax></bndbox></object><object><name>proposal</name><bndbox><xmin>53</xmin><ymin>144</ymin><xmax>174</xmax><ymax>112</ymax></bndbox></object><object><name>proposal</name><bndbox><xmin>105</xmin><ymin>502</ymin><xmax>490</xmax><ymax>298</ymax></bndbox></object><object><name>proposal</name><bndbox><xmin>452</xmin><ymin>504</ymin><xmax>314</xmax><ymax>220</ymax></bndbox></object><object><name>proposal</name><bndbox><xmin>48</xmin><ymin>144</ymin><xmax>210</xmax><ymax>145</ymax></bndbox></object><object><name>proposal</name><bndbox><xmin>103</xmin><ymin>138</ymin><xmax>155</xmax><ymax>195</ymax></bndbox></object><object><name>proposal</name><bndbox><xmin>452</xmin><ymin>498</ymin><xmax>257</xmax><ymax>203</ymax></bndbox></object><object><name>proposal</name><bndbox><xmin>291</xmin><ymin>315</ymin><xmax>303</xmax><ymax>372</ymax></bndbox></object><object><name>proposal</name><bndbox><xmin>48</xmin><ymin>152</ymin><xmax>216</xmax><ymax>149</ymax></bndbox></object><object><name>proposal</name><bndbox><xmin>466</xmin><ymin>336</ymin><xmax>334</xmax><ymax>336</ymax></bndbox></object><object><name>proposal</name><bndbox><xmin>48</xmin><ymin>135</ymin><xmax>161</xmax><ymax>137</ymax></bndbox></object><object><name>proposal</name><bndbox><xmin>0</xmin><ymin>239</ymin><xmax>469</xmax><ymax>561</ymax></bndbox></object><object><name>proposal</name><bndbox><xmin>299</xmin><ymin>366</ymin><xmax>290</xmax><ymax>325</ymax></bndbox></object><object><name>proposal</name><bndbox><xmin>172</xmin><ymin>197</ymin><xmax>93</xmax><ymax>103</ymax></bndbox></object><object><name>proposal</name><bndbox><xmin>494</xmin><ymin>149</ymin><xmax>306</xmax><ymax>651</ymax></bndbox></object><object><name>proposal</name><bndbox><xmin>0</xmin><ymin>134</ymin><xmax>596</xmax><ymax>666</ymax></bndbox></object><object><name>proposal</name><bndbox><xmin>269</xmin><ymin>160</ymin><xmax>288</xmax><ymax>321</ymax></bndbox></object><object><name>proposal</name><bndbox><xmin>275</xmin><ymin>233</ymin><xmax>342</xmax><ymax>458</ymax></bndbox></object><object><name>proposal</name><bndbox><xmin>321</xmin><ymin>403</ymin><xmax>246</xmax><ymax>235</ymax></bndbox></object><object><name>proposal</name><bndbox><xmin>0</xmin><ymin>0</ymin><xmax>800</xmax><ymax>582</ymax></bndbox></object><object><name>proposal</name><bndbox><xmin>52</xmin><ymin>144</ymin><xmax>156</xmax><ymax>128</ymax></bndbox></object><object><name>proposal</name><bndbox><xmin>0</xmin><ymin>197</ymin><xmax>359</xmax><ymax>224</ymax></bndbox></object><object><name>proposal</name><bndbox><xmin>206</xmin><ymin>480</ymin><xmax>594</xmax><ymax>320</ymax></bndbox></object><object><name>proposal</name><bndbox><xmin>321</xmin><ymin>403</ymin><xmax>305</xmax><ymax>323</ymax></bndbox></object><object><name>proposal</name><bndbox><xmin>277</xmin><ymin>233</ymin><xmax>204</xmax><ymax>379</ymax></bndbox></object><object><name>proposal</name><bndbox><xmin>527</xmin><ymin>336</ymin><xmax>273</xmax><ymax>464</ymax></bndbox></object><object><name>proposal</name><bndbox><xmin>507</xmin><ymin>483</ymin><xmax>202</xmax><ymax>218</ymax></bndbox></object><object><name>proposal</name><bndbox><xmin>53</xmin><ymin>144</ymin><xmax>237</xmax><ymax>179</ymax></bndbox></object><object><name>proposal</name><bndbox><xmin>57</xmin><ymin>72</ymin><xmax>116</xmax><ymax>183</ymax></bndbox></object><object><name>proposal</name><bndbox><xmin>50</xmin><ymin>134</ymin><xmax>218</xmax><ymax>164</ymax></bndbox></object><object><name>proposal</name><bndbox><xmin>277</xmin><ymin>297</ymin><xmax>489</xmax><ymax>436</ymax></bndbox></object><object><name>proposal</name><bndbox><xmin>0</xmin><ymin>112</ymin><xmax>286</xmax><ymax>222</ymax></bndbox></object><object><name>proposal</name><bndbox><xmin>214</xmin><ymin>103</ymin><xmax>147</xmax><ymax>171</ymax></bndbox></object><object><name>proposal</name><bndbox><xmin>389</xmin><ymin>300</ymin><xmax>313</xmax><ymax>382</ymax></bndbox></object><object><name>proposal</name><bndbox><xmin>321</xmin><ymin>403</ymin><xmax>243</xmax><ymax>288</ymax></bndbox></object><object><name>proposal</name><bndbox><xmin>112</xmin><ymin>79</ymin><xmax>688</xmax><ymax>721</ymax></bndbox></object><object><name>proposal</name><bndbox><xmin>512</xmin><ymin>391</ymin><xmax>163</xmax><ymax>313</ymax></bndbox></object><object><name>proposal</name><bndbox><xmin>300</xmin><ymin>392</ymin><xmax>283</xmax><ymax>295</ymax></bndbox></object><object><name>proposal</name><bndbox><xmin>67</xmin><ymin>221</ymin><xmax>327</xmax><ymax>155</ymax></bndbox></object><object><name>proposal</name><bndbox><xmin>277</xmin><ymin>307</ymin><xmax>430</xmax><ymax>330</ymax></bndbox></object><object><name>proposal</name><bndbox><xmin>358</xmin><ymin>278</ymin><xmax>259</xmax><ymax>154</ymax></bndbox></object><object><name>proposal</name><bndbox><xmin>344</xmin><ymin>317</ymin><xmax>365</xmax><ymax>355</ymax></bndbox></object><object><name>proposal</name><bndbox><xmin>299</xmin><ymin>345</ymin><xmax>326</xmax><ymax>342</ymax></bndbox></object><object><name>proposal</name><bndbox><xmin>94</xmin><ymin>163</ymin><xmax>133</xmax><ymax>98</ymax></bndbox></object><object><name>proposal</name><bndbox><xmin>96</xmin><ymin>155</ymin><xmax>148</xmax><ymax>127</ymax></bndbox></object><object><name>proposal</name><bndbox><xmin>54</xmin><ymin>149</ymin><xmax>248</xmax><ymax>160</ymax></bndbox></object><object><name>proposal</name><bndbox><xmin>382</xmin><ymin>219</ymin><xmax>284</xmax><ymax>282</ymax></bndbox></object><object><name>proposal</name><bndbox><xmin>300</xmin><ymin>322</ymin><xmax>500</xmax><ymax>478</ymax></bndbox></object><object><name>proposal</name><bndbox><xmin>0</xmin><ymin>160</ymin><xmax>338</xmax><ymax>226</ymax></bndbox></object><object><name>proposal</name><bndbox><xmin>132</xmin><ymin>128</ymin><xmax>506</xmax><ymax>330</ymax></bndbox></object><object><name>proposal</name><bndbox><xmin>54</xmin><ymin>149</ymin><xmax>473</xmax><ymax>391</ymax></bndbox></object><object><name>proposal</name><bndbox><xmin>0</xmin><ymin>112</ymin><xmax>360</xmax><ymax>326</ymax></bndbox></object><object><name>proposal</name><bndbox><xmin>0</xmin><ymin>233</ymin><xmax>469</xmax><ymax>567</ymax></bndbox></object><object><name>proposal</name><bndbox><xmin>368</xmin><ymin>0</ymin><xmax>432</xmax><ymax>491</ymax></bndbox></object><object><name>proposal</name><bndbox><xmin>382</xmin><ymin>288</ymin><xmax>332</xmax><ymax>372</ymax></bndbox></object><object><name>proposal</name><bndbox><xmin>191</xmin><ymin>197</ymin><xmax>83</xmax><ymax>101</ymax></bndbox></object><object><name>proposal</name><bndbox><xmin>98</xmin><ymin>155</ymin><xmax>146</xmax><ymax>116</ymax></bndbox></object><object><name>proposal</name><bndbox><xmin>0</xmin><ymin>134</ymin><xmax>626</xmax><ymax>666</ymax></bndbox></object><object><name>proposal</name><bndbox><xmin>112</xmin><ymin>280</ymin><xmax>688</xmax><ymax>520</ymax></bndbox></object><object><name>proposal</name><bndbox><xmin>277</xmin><ymin>219</ymin><xmax>378</xmax><ymax>321</ymax></bndbox></object><object><name>proposal</name><bndbox><xmin>523</xmin><ymin>414</ymin><xmax>170</xmax><ymax>245</ymax></bndbox></object><object><name>proposal</name><bndbox><xmin>321</xmin><ymin>336</ymin><xmax>479</xmax><ymax>464</ymax></bndbox></object><object><name>proposal</name><bndbox><xmin>98</xmin><ymin>160</ymin><xmax>146</xmax><ymax>111</ymax></bndbox></object><object><name>proposal</name><bndbox><xmin>0</xmin><ymin>67</ymin><xmax>334</xmax><ymax>266</ymax></bndbox></object><object><name>proposal</name><bndbox><xmin>62</xmin><ymin>51</ymin><xmax>299</xmax><ymax>258</ymax></bndbox></object><object><name>proposal</name><bndbox><xmin>279</xmin><ymin>263</ymin><xmax>487</xmax><ymax>461</ymax></bndbox></object><object><name>proposal</name><bndbox><xmin>523</xmin><ymin>384</ymin><xmax>170</xmax><ymax>283</ymax></bndbox></object><object><name>proposal</name><bndbox><xmin>277</xmin><ymin>233</ymin><xmax>373</xmax><ymax>285</ymax></bndbox></object><object><name>proposal</name><bndbox><xmin>312</xmin><ymin>317</ymin><xmax>488</xmax><ymax>483</ymax></bndbox></object><object><name>proposal</name><bndbox><xmin>0</xmin><ymin>362</ymin><xmax>595</xmax><ymax>438</ymax></bndbox></object><object><name>proposal</name><bndbox><xmin>300</xmin><ymin>322</ymin><xmax>466</xmax><ymax>400</ymax></bndbox></object><object><name>proposal</name><bndbox><xmin>285</xmin><ymin>0</ymin><xmax>515</xmax><ymax>469</ymax></bndbox></object><object><name>proposal</name><bndbox><xmin>0</xmin><ymin>116</ymin><xmax>800</xmax><ymax>684</ymax></bndbox></object><object><name>proposal</name><bndbox><xmin>0</xmin><ymin>156</ymin><xmax>597</xmax><ymax>644</ymax></bndbox></object><object><name>proposal</name><bndbox><xmin>382</xmin><ymin>274</ymin><xmax>327</xmax><ymax>408</ymax></bndbox></object><object><name>proposal</name><bndbox><xmin>94</xmin><ymin>163</ymin><xmax>150</xmax><ymax>98</ymax></bndbox></object><object><name>proposal</name><bndbox><xmin>0</xmin><ymin>233</ymin><xmax>595</xmax><ymax>567</ymax></bndbox></object><object><name>proposal</name><bndbox><xmin>52</xmin><ymin>134</ymin><xmax>156</xmax><ymax>138</ymax></bndbox></object><object><name>proposal</name><bndbox><xmin>321</xmin><ymin>314</ymin><xmax>247</xmax><ymax>319</ymax></bndbox></object><object><name>proposal</name><bndbox><xmin>0</xmin><ymin>58</ymin><xmax>304</xmax><ymax>375</ymax></bndbox></object><object><name>proposal</name><bndbox><xmin>53</xmin><ymin>144</ymin><xmax>306</xmax><ymax>237</ymax></bndbox></object><object><name>proposal</name><bndbox><xmin>513</xmin><ymin>320</ymin><xmax>159</xmax><ymax>272</ymax></bndbox></object><object><name>proposal</name><bndbox><xmin>53</xmin><ymin>144</ymin><xmax>205</xmax><ymax>155</ymax></bndbox></object><object><name>proposal</name><bndbox><xmin>149</xmin><ymin>79</ymin><xmax>561</xmax><ymax>473</ymax></bndbox></object><object><name>proposal</name><bndbox><xmin>251</xmin><ymin>79</ymin><xmax>458</xmax><ymax>603</ymax></bndbox></object><object><name>proposal</name><bndbox><xmin>132</xmin><ymin>97</ymin><xmax>532</xmax><ymax>336</ymax></bndbox></object><object><name>proposal</name><bndbox><xmin>53</xmin><ymin>144</ymin><xmax>205</xmax><ymax>157</ymax></bndbox></object><object><name>proposal</name><bndbox><xmin>0</xmin><ymin>67</ymin><xmax>347</xmax><ymax>507</ymax></bndbox></object><object><name>proposal</name><bndbox><xmin>171</xmin><ymin>201</ymin><xmax>93</xmax><ymax>99</ymax></bndbox></object><object><name>proposal</name><bndbox><xmin>53</xmin><ymin>144</ymin><xmax>212</xmax><ymax>156</ymax></bndbox></object><object><name>proposal</name><bndbox><xmin>251</xmin><ymin>79</ymin><xmax>449</xmax><ymax>439</ymax></bndbox></object><object><name>proposal</name><bndbox><xmin>172</xmin><ymin>201</ymin><xmax>95</xmax><ymax>100</ymax></bndbox></object><object><name>proposal</name><bndbox><xmin>0</xmin><ymin>200</ymin><xmax>568</xmax><ymax>600</ymax></bndbox></object><object><name>proposal</name><bndbox><xmin>411</xmin><ymin>322</ymin><xmax>287</xmax><ymax>333</ymax></bndbox></object><object><name>proposal</name><bndbox><xmin>284</xmin><ymin>233</ymin><xmax>329</xmax><ymax>211</ymax></bndbox></object><object><name>proposal</name><bndbox><xmin>389</xmin><ymin>300</ymin><xmax>309</xmax><ymax>382</ymax></bndbox></object><object><name>proposal</name><bndbox><xmin>69</xmin><ymin>155</ymin><xmax>105</xmax><ymax>117</ymax></bndbox></object><object><name>proposal</name><bndbox><xmin>470</xmin><ymin>306</ymin><xmax>330</xmax><ymax>494</ymax></bndbox></object><object><name>proposal</name><bndbox><xmin>497</xmin><ymin>280</ymin><xmax>303</xmax><ymax>520</ymax></bndbox></object><object><name>proposal</name><bndbox><xmin>108</xmin><ymin>163</ymin><xmax>119</xmax><ymax>93</ymax></bndbox></object><object><name>proposal</name><bndbox><xmin>513</xmin><ymin>219</ymin><xmax>183</xmax><ymax>401</ymax></bndbox></object><object><name>proposal</name><bndbox><xmin>344</xmin><ymin>317</ymin><xmax>320</xmax><ymax>351</ymax></bndbox></object><object><name>proposal</name><bndbox><xmin>52</xmin><ymin>144</ymin><xmax>215</xmax><ymax>157</ymax></bndbox></object><object><name>proposal</name><bndbox><xmin>497</xmin><ymin>280</ymin><xmax>303</xmax><ymax>335</ymax></bndbox></object><object><name>proposal</name><bndbox><xmin>108</xmin><ymin>153</ymin><xmax>114</xmax><ymax>104</ymax></bndbox></object><object><name>proposal</name><bndbox><xmin>511</xmin><ymin>410</ymin><xmax>198</xmax><ymax>262</ymax></bndbox></object><object><name>proposal</name><bndbox><xmin>0</xmin><ymin>0</ymin><xmax>800</xmax><ymax>800</ymax></bndbox></object><object><name>proposal</name><bndbox><xmin>512</xmin><ymin>391</ymin><xmax>200</xmax><ymax>313</ymax></bndbox></object><object><name>proposal</name><bndbox><xmin>389</xmin><ymin>299</ymin><xmax>313</xmax><ymax>383</ymax></bndbox></object><object><name>proposal</name><bndbox><xmin>0</xmin><ymin>0</ymin><xmax>800</xmax><ymax>691</ymax></bndbox></object><object><name>proposal</name><bndbox><xmin>368</xmin><ymin>0</ymin><xmax>432</xmax><ymax>469</ymax></bndbox></object><object><name>proposal</name><bndbox><xmin>288</xmin><ymin>0</ymin><xmax>512</xmax><ymax>442</ymax></bndbox></object><object><name>proposal</name><bndbox><xmin>0</xmin><ymin>315</ymin><xmax>800</xmax><ymax>485</ymax></bndbox></object><object><name>proposal</name><bndbox><xmin>182</xmin><ymin>103</ymin><xmax>179</xmax><ymax>171</ymax></bndbox></object><object><name>proposal</name><bndbox><xmin>176</xmin><ymin>379</ymin><xmax>624</xmax><ymax>421</ymax></bndbox></object><object><name>proposal</name><bndbox><xmin>0</xmin><ymin>79</ymin><xmax>800</xmax><ymax>721</ymax></bndbox></object><object><name>proposal</name><bndbox><xmin>171</xmin><ymin>201</ymin><xmax>93</xmax><ymax>100</ymax></bndbox></object><object><name>proposal</name><bndbox><xmin>299</xmin><ymin>345</ymin><xmax>327</xmax><ymax>346</ymax></bndbox></object><object><name>proposal</name><bndbox><xmin>72</xmin><ymin>103</ymin><xmax>280</xmax><ymax>171</ymax></bndbox></object><object><name>proposal</name><bndbox><xmin>395</xmin><ymin>322</ymin><xmax>271</xmax><ymax>158</ymax></bndbox></object><object><name>proposal</name><bndbox><xmin>349</xmin><ymin>79</ymin><xmax>361</xmax><ymax>345</ymax></bndbox></object><object><name>proposal</name><bndbox><xmin>389</xmin><ymin>299</ymin><xmax>320</xmax><ymax>383</ymax></bndbox></object><object><name>proposal</name><bndbox><xmin>62</xmin><ymin>153</ymin><xmax>117</xmax><ymax>119</ymax></bndbox></object><object><name>proposal</name><bndbox><xmin>190</xmin><ymin>197</ymin><xmax>84</xmax><ymax>104</ymax></bndbox></object><object><name>proposal</name><bndbox><xmin>0</xmin><ymin>21</ymin><xmax>361</xmax><ymax>412</ymax></bndbox></object><object><name>proposal</name><bndbox><xmin>513</xmin><ymin>347</ymin><xmax>194</xmax><ymax>304</ymax></bndbox></object><object><name>proposal</name><bndbox><xmin>321</xmin><ymin>320</ymin><xmax>479</xmax><ymax>371</ymax></bndbox></object><object><name>proposal</name><bndbox><xmin>206</xmin><ymin>307</ymin><xmax>594</xmax><ymax>493</ymax></bndbox></object><object><name>proposal</name><bndbox><xmin>0</xmin><ymin>21</ymin><xmax>354</xmax><ymax>234</ymax></bndbox></object><object><name>proposal</name><bndbox><xmin>0</xmin><ymin>69</ymin><xmax>378</xmax><ymax>362</ymax></bndbox></object><object><name>proposal</name><bndbox><xmin>313</xmin><ymin>535</ymin><xmax>406</xmax><ymax>265</ymax></bndbox></object><object><name>proposal</name><bndbox><xmin>277</xmin><ymin>285</ymin><xmax>346</xmax><ymax>406</ymax></bndbox></object><object><name>proposal</name><bndbox><xmin>53</xmin><ymin>144</ymin><xmax>175</xmax><ymax>135</ymax></bndbox></object><object><name>proposal</name><bndbox><xmin>358</xmin><ymin>281</ymin><xmax>259</xmax><ymax>188</ymax></bndbox></object><object><name>proposal</name><bndbox><xmin>0</xmin><ymin>239</ymin><xmax>263</xmax><ymax>182</ymax></bndbox></object><object><name>proposal</name><bndbox><xmin>299</xmin><ymin>345</ymin><xmax>326</xmax><ymax>346</ymax></bndbox></object><object><name>proposal</name><bndbox><xmin>382</xmin><ymin>254</ymin><xmax>284</xmax><ymax>226</ymax></bndbox></object><object><name>proposal</name><bndbox><xmin>275</xmin><ymin>0</ymin><xmax>525</xmax><ymax>800</ymax></bndbox></object><object><name>proposal</name><bndbox><xmin>299</xmin><ymin>366</ymin><xmax>327</xmax><ymax>325</ymax></bndbox></object><object><name>proposal</name><bndbox><xmin>68</xmin><ymin>144</ymin><xmax>222</xmax><ymax>179</ymax></bndbox></object><object><name>proposal</name><bndbox><xmin>344</xmin><ymin>317</ymin><xmax>286</xmax><ymax>255</ymax></bndbox></object><object><name>proposal</name><bndbox><xmin>108</xmin><ymin>166</ymin><xmax>114</xmax><ymax>91</ymax></bndbox></object><object><name>proposal</name><bndbox><xmin>494</xmin><ymin>379</ymin><xmax>225</xmax><ymax>421</ymax></bndbox></object><object><name>proposal</name><bndbox><xmin>288</xmin><ymin>0</ymin><xmax>512</xmax><ymax>580</ymax></bndbox></object><object><name>proposal</name><bndbox><xmin>171</xmin><ymin>199</ymin><xmax>93</xmax><ymax>102</ymax></bndbox></object><object><name>proposal</name><bndbox><xmin>0</xmin><ymin>402</ymin><xmax>595</xmax><ymax>398</ymax></bndbox></object><object><name>proposal</name><bndbox><xmin>0</xmin><ymin>0</ymin><xmax>800</xmax><ymax>580</ymax></bndbox></object><object><name>proposal</name><bndbox><xmin>143</xmin><ymin>103</ymin><xmax>218</xmax><ymax>171</ymax></bndbox></object><object><name>proposal</name><bndbox><xmin>299</xmin><ymin>392</ymin><xmax>287</xmax><ymax>299</ymax></bndbox></object><object><name>proposal</name><bndbox><xmin>303</xmin><ymin>406</ymin><xmax>267</xmax><ymax>320</ymax></bndbox></object><object><name>proposal</name><bndbox><xmin>383</xmin><ymin>277</ymin><xmax>326</xmax><ymax>405</ymax></bndbox></object><object><name>proposal</name><bndbox><xmin>127</xmin><ymin>69</ymin><xmax>207</xmax><ymax>232</ymax></bndbox></object><object><name>proposal</name><bndbox><xmin>68</xmin><ymin>144</ymin><xmax>153</xmax><ymax>136</ymax></bndbox></object><object><name>proposal</name><bndbox><xmin>349</xmin><ymin>254</ymin><xmax>268</xmax><ymax>170</ymax></bndbox></object><object><name>proposal</name><bndbox><xmin>300</xmin><ymin>398</ymin><xmax>280</xmax><ymax>293</ymax></bndbox></object><object><name>proposal</name><bndbox><xmin>452</xmin><ymin>483</ymin><xmax>257</xmax><ymax>218</ymax></bndbox></object><object><name>proposal</name><bndbox><xmin>494</xmin><ymin>379</ymin><xmax>306</xmax><ymax>421</ymax></bndbox></object><object><name>proposal</name><bndbox><xmin>358</xmin><ymin>278</ymin><xmax>273</xmax><ymax>146</ymax></bndbox></object><object><name>proposal</name><bndbox><xmin>299</xmin><ymin>358</ymin><xmax>403</xmax><ymax>329</ymax></bndbox></object><object><name>proposal</name><bndbox><xmin>383</xmin><ymin>299</ymin><xmax>319</xmax><ymax>383</ymax></bndbox></object><object><name>proposal</name><bndbox><xmin>389</xmin><ymin>277</ymin><xmax>320</xmax><ymax>405</ymax></bndbox></object><object><name>proposal</name><bndbox><xmin>321</xmin><ymin>281</ymin><xmax>479</xmax><ymax>410</ymax></bndbox></object><object><name>proposal</name><bndbox><xmin>0</xmin><ymin>0</ymin><xmax>491</xmax><ymax>309</ymax></bndbox></object><object><name>proposal</name><bndbox><xmin>108</xmin><ymin>163</ymin><xmax>150</xmax><ymax>136</ymax></bndbox></object><object><name>proposal</name><bndbox><xmin>180</xmin><ymin>21</ymin><xmax>181</xmax><ymax>253</ymax></bndbox></object><object><name>proposal</name><bndbox><xmin>198</xmin><ymin>169</ymin><xmax>186</xmax><ymax>165</ymax></bndbox></object><object><name>proposal</name><bndbox><xmin>303</xmin><ymin>314</ymin><xmax>265</xmax><ymax>387</ymax></bndbox></object><object><name>proposal</name><bndbox><xmin>91</xmin><ymin>58</ymin><xmax>131</xmax><ymax>174</ymax></bndbox></object><object><name>proposal</name><bndbox><xmin>299</xmin><ymin>392</ymin><xmax>403</xmax><ymax>295</ymax></bndbox></object><object><name>proposal</name><bndbox><xmin>0</xmin><ymin>79</ymin><xmax>700</xmax><ymax>439</ymax></bndbox></object><object><name>proposal</name><bndbox><xmin>312</xmin><ymin>400</ymin><xmax>268</xmax><ymax>304</ymax></bndbox></object><object><name>proposal</name><bndbox><xmin>284</xmin><ymin>233</ymin><xmax>340</xmax><ymax>223</ymax></bndbox></object><object><name>proposal</name><bndbox><xmin>67</xmin><ymin>240</ymin><xmax>272</xmax><ymax>107</ymax></bndbox></object><object><name>proposal</name><bndbox><xmin>4</xmin><ymin>377</ymin><xmax>583</xmax><ymax>423</ymax></bndbox></object><object><name>proposal</name><bndbox><xmin>299</xmin><ymin>400</ymin><xmax>264</xmax><ymax>254</ymax></bndbox></object><object><name>proposal</name><bndbox><xmin>50</xmin><ymin>144</ymin><xmax>218</xmax><ymax>154</ymax></bndbox></object><object><name>proposal</name><bndbox><xmin>299</xmin><ymin>345</ymin><xmax>281</xmax><ymax>342</ymax></bndbox></object><object><name>proposal</name><bndbox><xmin>53</xmin><ymin>152</ymin><xmax>156</xmax><ymax>120</ymax></bndbox></object><object><name>proposal</name><bndbox><xmin>276</xmin><ymin>0</ymin><xmax>524</xmax><ymax>442</ymax></bndbox></object><object><name>proposal</name><bndbox><xmin>321</xmin><ymin>403</ymin><xmax>243</xmax><ymax>235</ymax></bndbox></object><object><name>proposal</name><bndbox><xmin>281</xmin><ymin>233</ymin><xmax>360</xmax><ymax>236</ymax></bndbox></object><object><name>proposal</name><bndbox><xmin>149</xmin><ymin>233</ymin><xmax>418</xmax><ymax>405</ymax></bndbox></object><object><name>proposal</name><bndbox><xmin>358</xmin><ymin>281</ymin><xmax>273</xmax><ymax>188</ymax></bndbox></object><object><name>proposal</name><bndbox><xmin>513</xmin><ymin>320</ymin><xmax>192</xmax><ymax>331</ymax></bndbox></object><object><name>proposal</name><bndbox><xmin>368</xmin><ymin>171</ymin><xmax>310</xmax><ymax>298</ymax></bndbox></object><object><name>proposal</name><bndbox><xmin>108</xmin><ymin>160</ymin><xmax>101</xmax><ymax>111</ymax></bndbox></object><object><name>proposal</name><bndbox><xmin>275</xmin><ymin>79</ymin><xmax>439</xmax><ymax>647</ymax></bndbox></object><object><name>proposal</name><bndbox><xmin>0</xmin><ymin>144</ymin><xmax>359</xmax><ymax>277</ymax></bndbox></object><object><name>proposal</name><bndbox><xmin>0</xmin><ymin>0</ymin><xmax>800</xmax><ymax>499</ymax></bndbox></object><object><name>proposal</name><bndbox><xmin>469</xmin><ymin>269</ymin><xmax>241</xmax><ymax>187</ymax></bndbox></object><object><name>proposal</name><bndbox><xmin>0</xmin><ymin>77</ymin><xmax>360</xmax><ymax>355</ymax></bndbox></object><object><name>proposal</name><bndbox><xmin>316</xmin><ymin>406</ymin><xmax>450</xmax><ymax>394</ymax></bndbox></object><object><name>proposal</name><bndbox><xmin>285</xmin><ymin>0</ymin><xmax>515</xmax><ymax>800</ymax></bndbox></object><object><name>proposal</name><bndbox><xmin>226</xmin><ymin>169</ymin><xmax>98</xmax><ymax>140</ymax></bndbox></object><object><name>proposal</name><bndbox><xmin>0</xmin><ymin>114</ymin><xmax>284</xmax><ymax>312</ymax></bndbox></object><object><name>proposal</name><bndbox><xmin>413</xmin><ymin>334</ymin><xmax>262</xmax><ymax>336</ymax></bndbox></object><object><name>proposal</name><bndbox><xmin>0</xmin><ymin>138</ymin><xmax>290</xmax><ymax>404</ymax></bndbox></object><object><name>proposal</name><bndbox><xmin>68</xmin><ymin>152</ymin><xmax>222</xmax><ymax>171</ymax></bndbox></object><object><name>proposal</name><bndbox><xmin>279</xmin><ymin>263</ymin><xmax>462</xmax><ymax>408</ymax></bndbox></object><object><name>proposal</name><bndbox><xmin>132</xmin><ymin>75</ymin><xmax>569</xmax><ymax>383</ymax></bndbox></object><object><name>proposal</name><bndbox><xmin>317</xmin><ymin>307</ymin><xmax>263</xmax><ymax>330</ymax></bndbox></object><object><name>proposal</name><bndbox><xmin>0</xmin><ymin>138</ymin><xmax>800</xmax><ymax>662</ymax></bndbox></object><object><name>proposal</name><bndbox><xmin>93</xmin><ymin>406</ymin><xmax>502</xmax><ymax>394</ymax></bndbox></object><object><name>proposal</name><bndbox><xmin>291</xmin><ymin>315</ymin><xmax>329</xmax><ymax>376</ymax></bndbox></object><object><name>proposal</name><bndbox><xmin>377</xmin><ymin>273</ymin><xmax>332</xmax><ymax>409</ymax></bndbox></object><object><name>proposal</name><bndbox><xmin>358</xmin><ymin>278</ymin><xmax>259</xmax><ymax>175</ymax></bndbox></object><object><name>proposal</name><bndbox><xmin>53</xmin><ymin>152</ymin><xmax>211</xmax><ymax>149</ymax></bndbox></object><object><name>proposal</name><bndbox><xmin>12</xmin><ymin>138</ymin><xmax>246</xmax><ymax>195</ymax></bndbox></object><object><name>proposal</name><bndbox><xmin>0</xmin><ymin>77</ymin><xmax>256</xmax><ymax>256</ymax></bndbox></object><object><name>proposal</name><bndbox><xmin>344</xmin><ymin>317</ymin><xmax>456</xmax><ymax>265</ymax></bndbox></object><object><name>proposal</name><bndbox><xmin>321</xmin><ymin>379</ymin><xmax>479</xmax><ymax>421</ymax></bndbox></object><object><name>proposal</name><bndbox><xmin>315</xmin><ymin>406</ymin><xmax>280</xmax><ymax>394</ymax></bndbox></object><object><name>proposal</name><bndbox><xmin>53</xmin><ymin>144</ymin><xmax>215</xmax><ymax>155</ymax></bndbox></object><object><name>proposal</name><bndbox><xmin>53</xmin><ymin>69</ymin><xmax>281</xmax><ymax>232</ymax></bndbox></object><object><name>proposal</name><bndbox><xmin>392</xmin><ymin>379</ymin><xmax>301</xmax><ymax>290</ymax></bndbox></object><object><name>proposal</name><bndbox><xmin>410</xmin><ymin>320</ymin><xmax>297</xmax><ymax>413</ymax></bndbox></object><object><name>proposal</name><bndbox><xmin>0</xmin><ymin>289</ymin><xmax>595</xmax><ymax>511</ymax></bndbox></object><object><name>proposal</name><bndbox><xmin>96</xmin><ymin>160</ymin><xmax>148</xmax><ymax>111</ymax></bndbox></object><object><name>proposal</name><bndbox><xmin>507</xmin><ymin>319</ymin><xmax>293</xmax><ymax>363</ymax></bndbox></object><object><name>proposal</name><bndbox><xmin>470</xmin><ymin>379</ymin><xmax>223</xmax><ymax>290</ymax></bndbox></object><object><name>proposal</name><bndbox><xmin>299</xmin><ymin>367</ymin><xmax>326</xmax><ymax>320</ymax></bndbox></object><object><name>proposal</name><bndbox><xmin>62</xmin><ymin>51</ymin><xmax>306</xmax><ymax>258</ymax></bndbox></object><object><name>proposal</name><bndbox><xmin>382</xmin><ymin>79</ymin><xmax>318</xmax><ymax>401</ymax></bndbox></object><object><name>proposal</name><bndbox><xmin>265</xmin><ymin>285</ymin><xmax>358</xmax><ymax>402</ymax></bndbox></object><object><name>proposal</name><bndbox><xmin>411</xmin><ymin>322</ymin><xmax>287</xmax><ymax>338</ymax></bndbox></object><object><name>proposal</name><bndbox><xmin>382</xmin><ymin>274</ymin><xmax>320</xmax><ymax>408</ymax></bndbox></object><object><name>proposal</name><bndbox><xmin>513</xmin><ymin>479</ymin><xmax>183</xmax><ymax>203</ymax></bndbox></object><object><name>proposal</name><bndbox><xmin>299</xmin><ymin>366</ymin><xmax>287</xmax><ymax>325</ymax></bndbox></object><object><name>proposal</name><bndbox><xmin>53</xmin><ymin>144</ymin><xmax>168</xmax><ymax>136</ymax></bndbox></object><object><name>proposal</name><bndbox><xmin>7</xmin><ymin>166</ymin><xmax>166</xmax><ymax>139</ymax></bndbox></object><object><name>proposal</name><bndbox><xmin>79</xmin><ymin>155</ymin><xmax>185</xmax><ymax>146</ymax></bndbox></object><object><name>proposal</name><bndbox><xmin>0</xmin><ymin>134</ymin><xmax>766</xmax><ymax>666</ymax></bndbox></object><object><name>proposal</name><bndbox><xmin>52</xmin><ymin>134</ymin><xmax>215</xmax><ymax>156</ymax></bndbox></object><object><name>proposal</name><bndbox><xmin>0</xmin><ymin>69</ymin><xmax>360</xmax><ymax>357</ymax></bndbox></object><object><name>proposal</name><bndbox><xmin>507</xmin><ymin>319</ymin><xmax>202</xmax><ymax>363</ymax></bndbox></object><object><name>proposal</name><bndbox><xmin>349</xmin><ymin>254</ymin><xmax>268</xmax><ymax>199</ymax></bndbox></object><object><name>proposal</name><bndbox><xmin>0</xmin><ymin>144</ymin><xmax>580</xmax><ymax>493</ymax></bndbox></object><object><name>proposal</name><bndbox><xmin>470</xmin><ymin>373</ymin><xmax>233</xmax><ymax>427</ymax></bndbox></object><object><name>proposal</name><bndbox><xmin>80</xmin><ymin>176</ymin><xmax>101</xmax><ymax>96</ymax></bndbox></object><object><name>proposal</name><bndbox><xmin>0</xmin><ymin>69</ymin><xmax>360</xmax><ymax>264</ymax></bndbox></object><object><name>proposal</name><bndbox><xmin>417</xmin><ymin>322</ymin><xmax>281</xmax><ymax>322</ymax></bndbox></object><object><name>proposal</name><bndbox><xmin>143</xmin><ymin>21</ymin><xmax>225</xmax><ymax>253</ymax></bndbox></object><object><name>proposal</name><bndbox><xmin>513</xmin><ymin>448</ymin><xmax>176</xmax><ymax>234</ymax></bndbox></object><object><name>proposal</name><bndbox><xmin>313</xmin><ymin>6</ymin><xmax>487</xmax><ymax>794</ymax></bndbox></object><object><name>proposal</name><bndbox><xmin>496</xmin><ymin>483</ymin><xmax>213</xmax><ymax>208</ymax></bndbox></object><object><name>proposal</name><bndbox><xmin>0</xmin><ymin>377</ymin><xmax>513</xmax><ymax>423</ymax></bndbox></object><object><name>proposal</name><bndbox><xmin>0</xmin><ymin>359</ymin><xmax>595</xmax><ymax>441</ymax></bndbox></object><object><name>proposal</name><bndbox><xmin>52</xmin><ymin>134</ymin><xmax>215</xmax><ymax>167</ymax></bndbox></object><object><name>proposal</name><bndbox><xmin>98</xmin><ymin>160</ymin><xmax>129</xmax><ymax>111</ymax></bndbox></object><object><name>proposal</name><bndbox><xmin>312</xmin><ymin>400</ymin><xmax>358</xmax><ymax>400</ymax></bndbox></object><object><name>proposal</name><bndbox><xmin>0</xmin><ymin>259</ymin><xmax>766</xmax><ymax>541</ymax></bndbox></object><object><name>proposal</name><bndbox><xmin>275</xmin><ymin>205</ymin><xmax>396</xmax><ymax>313</ymax></bndbox></object><object><name>proposal</name><bndbox><xmin>315</xmin><ymin>280</ymin><xmax>485</xmax><ymax>520</ymax></bndbox></object><object><name>proposal</name><bndbox><xmin>411</xmin><ymin>322</ymin><xmax>287</xmax><ymax>322</ymax></bndbox></object><object><name>proposal</name><bndbox><xmin>410</xmin><ymin>0</ymin><xmax>390</xmax><ymax>800</ymax></bndbox></object><object><name>proposal</name><bndbox><xmin>343</xmin><ymin>314</ymin><xmax>297</xmax><ymax>142</ymax></bndbox></object><object><name>proposal</name><bndbox><xmin>300</xmin><ymin>392</ymin><xmax>326</xmax><ymax>295</ymax></bndbox></object><object><name>proposal</name><bndbox><xmin>0</xmin><ymin>79</ymin><xmax>710</xmax><ymax>721</ymax></bndbox></object><object><name>proposal</name><bndbox><xmin>0</xmin><ymin>116</ymin><xmax>290</xmax><ymax>270</ymax></bndbox></object><object><name>proposal</name><bndbox><xmin>82</xmin><ymin>152</ymin><xmax>162</xmax><ymax>130</ymax></bndbox></object><object><name>proposal</name><bndbox><xmin>105</xmin><ymin>379</ymin><xmax>695</xmax><ymax>421</ymax></bndbox></object><object><name>proposal</name><bndbox><xmin>321</xmin><ymin>403</ymin><xmax>246</xmax><ymax>288</ymax></bndbox></object><object><name>proposal</name><bndbox><xmin>265</xmin><ymin>315</ymin><xmax>358</xmax><ymax>376</ymax></bndbox></object><object><name>proposal</name><bndbox><xmin>0</xmin><ymin>79</ymin><xmax>710</xmax><ymax>645</ymax></bndbox></object><object><name>proposal</name><bndbox><xmin>53</xmin><ymin>92</ymin><xmax>123</xmax><ymax>180</ymax></bndbox></object><object><name>proposal</name><bndbox><xmin>505</xmin><ymin>490</ymin><xmax>210</xmax><ymax>187</ymax></bndbox></object><object><name>proposal</name><bndbox><xmin>162</xmin><ymin>197</ymin><xmax>96</xmax><ymax>136</ymax></bndbox></object><object><name>proposal</name><bndbox><xmin>275</xmin><ymin>219</ymin><xmax>525</xmax><ymax>581</ymax></bndbox></object><object><name>proposal</name><bndbox><xmin>54</xmin><ymin>149</ymin><xmax>248</xmax><ymax>182</ymax></bndbox></object><object><name>proposal</name><bndbox><xmin>275</xmin><ymin>205</ymin><xmax>396</xmax><ymax>521</ymax></bndbox></object><object><name>proposal</name><bndbox><xmin>108</xmin><ymin>206</ymin><xmax>119</xmax><ymax>74</ymax></bndbox></object><object><name>proposal</name><bndbox><xmin>149</xmin><ymin>315</ymin><xmax>438</xmax><ymax>485</ymax></bndbox></object><object><name>proposal</name><bndbox><xmin>53</xmin><ymin>152</ymin><xmax>237</xmax><ymax>171</ymax></bndbox></object><object><name>proposal</name><bndbox><xmin>0</xmin><ymin>77</ymin><xmax>800</xmax><ymax>723</ymax></bndbox></object><object><name>proposal</name><bndbox><xmin>299</xmin><ymin>345</ymin><xmax>324</xmax><ymax>346</ymax></bndbox></object><object><name>proposal</name><bndbox><xmin>316</xmin><ymin>406</ymin><xmax>254</xmax><ymax>232</ymax></bndbox></object><object><name>proposal</name><bndbox><xmin>516</xmin><ymin>391</ymin><xmax>159</xmax><ymax>279</ymax></bndbox></object><object><name>proposal</name><bndbox><xmin>513</xmin><ymin>0</ymin><xmax>287</xmax><ymax>800</ymax></bndbox></object><object><name>proposal</name><bndbox><xmin>316</xmin><ymin>406</ymin><xmax>247</xmax><ymax>232</ymax></bndbox></object><object><name>proposal</name><bndbox><xmin>466</xmin><ymin>336</ymin><xmax>334</xmax><ymax>327</ymax></bndbox></object><object><name>proposal</name><bndbox><xmin>0</xmin><ymin>116</ymin><xmax>338</xmax><ymax>278</ymax></bndbox></object><object><name>proposal</name><bndbox><xmin>275</xmin><ymin>219</ymin><xmax>391</xmax><ymax>299</ymax></bndbox></object><object><name>proposal</name><bndbox><xmin>52</xmin><ymin>144</ymin><xmax>215</xmax><ymax>146</ymax></bndbox></object><object><name>proposal</name><bndbox><xmin>4</xmin><ymin>336</ymin><xmax>796</xmax><ymax>464</ymax></bndbox></object><object><name>proposal</name><bndbox><xmin>200</xmin><ymin>79</ymin><xmax>500</xmax><ymax>337</ymax></bndbox></object><object><name>proposal</name><bndbox><xmin>0</xmin><ymin>81</ymin><xmax>265</xmax><ymax>252</ymax></bndbox></object><object><name>proposal</name><bndbox><xmin>82</xmin><ymin>152</ymin><xmax>162</xmax><ymax>119</ymax></bndbox></object><object><name>proposal</name><bndbox><xmin>289</xmin><ymin>233</ymin><xmax>278</xmax><ymax>405</ymax></bndbox></object><object><name>proposal</name><bndbox><xmin>124</xmin><ymin>138</ymin><xmax>98</xmax><ymax>94</ymax></bndbox></object><object><name>proposal</name><bndbox><xmin>0</xmin><ymin>0</ymin><xmax>360</xmax><ymax>255</ymax></bndbox></object><object><name>proposal</name><bndbox><xmin>0</xmin><ymin>0</ymin><xmax>491</xmax><ymax>333</ymax></bndbox></object><object><name>proposal</name><bndbox><xmin>96</xmin><ymin>166</ymin><xmax>77</xmax><ymax>105</ymax></bndbox></object><object><name>proposal</name><bndbox><xmin>54</xmin><ymin>149</ymin><xmax>155</xmax><ymax>125</ymax></bndbox></object><object><name>proposal</name><bndbox><xmin>189</xmin><ymin>459</ymin><xmax>611</xmax><ymax>341</ymax></bndbox></object><object><name>proposal</name><bndbox><xmin>275</xmin><ymin>233</ymin><xmax>400</xmax><ymax>458</ymax></bndbox></object><object><name>proposal</name><bndbox><xmin>299</xmin><ymin>378</ymin><xmax>281</xmax><ymax>309</ymax></bndbox></object><object><name>proposal</name><bndbox><xmin>440</xmin><ymin>472</ymin><xmax>186</xmax><ymax>328</ymax></bndbox></object><object><name>proposal</name><bndbox><xmin>143</xmin><ymin>154</ymin><xmax>159</xmax><ymax>177</ymax></bndbox></object><object><name>proposal</name><bndbox><xmin>12</xmin><ymin>146</ymin><xmax>123</xmax><ymax>159</ymax></bndbox></object><object><name>proposal</name><bndbox><xmin>0</xmin><ymin>138</ymin><xmax>710</xmax><ymax>404</ymax></bndbox></object><object><name>proposal</name><bndbox><xmin>454</xmin><ymin>319</ymin><xmax>176</xmax><ymax>253</ymax></bndbox></object><object><name>proposal</name><bndbox><xmin>172</xmin><ymin>197</ymin><xmax>118</xmax><ymax>126</ymax></bndbox></object><object><name>proposal</name><bndbox><xmin>108</xmin><ymin>163</ymin><xmax>120</xmax><ymax>116</ymax></bndbox></object><object><name>proposal</name><bndbox><xmin>466</xmin><ymin>320</ymin><xmax>334</xmax><ymax>343</ymax></bndbox></object><object><name>proposal</name><bndbox><xmin>299</xmin><ymin>370</ymin><xmax>467</xmax><ymax>354</ymax></bndbox></object><object><name>proposal</name><bndbox><xmin>108</xmin><ymin>155</ymin><xmax>120</xmax><ymax>124</ymax></bndbox></object><object><name>proposal</name><bndbox><xmin>513</xmin><ymin>347</ymin><xmax>253</xmax><ymax>375</ymax></bndbox></object><object><name>proposal</name><bndbox><xmin>96</xmin><ymin>155</ymin><xmax>162</xmax><ymax>178</ymax></bndbox></object><object><name>proposal</name><bndbox><xmin>299</xmin><ymin>370</ymin><xmax>264</xmax><ymax>284</ymax></bndbox></object><object><name>proposal</name><bndbox><xmin>143</xmin><ymin>154</ymin><xmax>113</xmax><ymax>177</ymax></bndbox></object><object><name>proposal</name><bndbox><xmin>143</xmin><ymin>104</ymin><xmax>218</xmax><ymax>170</ymax></bndbox></object><object><name>proposal</name><bndbox><xmin>48</xmin><ymin>152</ymin><xmax>161</xmax><ymax>120</ymax></bndbox></object><object><name>proposal</name><bndbox><xmin>246</xmin><ymin>228</ymin><xmax>322</xmax><ymax>473</ymax></bndbox></object><object><name>proposal</name><bndbox><xmin>96</xmin><ymin>155</ymin><xmax>148</xmax><ymax>116</ymax></bndbox></object><object><name>proposal</name><bndbox><xmin>312</xmin><ymin>319</ymin><xmax>488</xmax><ymax>481</ymax></bndbox></object><object><name>proposal</name><bndbox><xmin>280</xmin><ymin>301</ymin><xmax>247</xmax><ymax>239</ymax></bndbox></object><object><name>proposal</name><bndbox><xmin>508</xmin><ymin>149</ymin><xmax>226</xmax><ymax>342</ymax></bndbox></object><object><name>proposal</name><bndbox><xmin>198</xmin><ymin>112</ymin><xmax>79</xmax><ymax>187</ymax></bndbox></object><object><name>proposal</name><bndbox><xmin>363</xmin><ymin>269</ymin><xmax>312</xmax><ymax>194</ymax></bndbox></object><object><name>proposal</name><bndbox><xmin>0</xmin><ymin>377</ymin><xmax>587</xmax><ymax>423</ymax></bndbox></object><object><name>proposal</name><bndbox><xmin>0</xmin><ymin>14</ymin><xmax>491</xmax><ymax>319</ymax></bndbox></object><object><name>proposal</name><bndbox><xmin>344</xmin><ymin>281</ymin><xmax>272</xmax><ymax>188</ymax></bndbox></object><object><name>proposal</name><bndbox><xmin>0</xmin><ymin>279</ymin><xmax>800</xmax><ymax>521</ymax></bndbox></object><object><name>proposal</name><bndbox><xmin>102</xmin><ymin>240</ymin><xmax>154</xmax><ymax>104</ymax></bndbox></object><object><name>proposal</name><bndbox><xmin>189</xmin><ymin>516</ymin><xmax>611</xmax><ymax>284</ymax></bndbox></object><object><name>proposal</name><bndbox><xmin>132</xmin><ymin>128</ymin><xmax>506</xmax><ymax>305</ymax></bndbox></object><object><name>proposal</name><bndbox><xmin>67</xmin><ymin>160</ymin><xmax>490</xmax><ymax>321</ymax></bndbox></object><object><name>proposal</name><bndbox><xmin>0</xmin><ymin>307</ymin><xmax>800</xmax><ymax>493</ymax></bndbox></object><object><name>proposal</name><bndbox><xmin>300</xmin><ymin>345</ymin><xmax>326</xmax><ymax>342</ymax></bndbox></object><object><name>proposal</name><bndbox><xmin>171</xmin><ymin>197</ymin><xmax>87</xmax><ymax>104</ymax></bndbox></object><object><name>proposal</name><bndbox><xmin>0</xmin><ymin>228</ymin><xmax>568</xmax><ymax>572</ymax></bndbox></object><object><name>proposal</name><bndbox><xmin>277</xmin><ymin>233</ymin><xmax>489</xmax><ymax>500</ymax></bndbox></object><object><name>proposal</name><bndbox><xmin>0</xmin><ymin>81</ymin><xmax>262</xmax><ymax>252</ymax></bndbox></object><object><name>proposal</name><bndbox><xmin>206</xmin><ymin>515</ymin><xmax>594</xmax><ymax>285</ymax></bndbox></object><object><name>proposal</name><bndbox><xmin>64</xmin><ymin>153</ymin><xmax>463</xmax><ymax>387</ymax></bndbox></object><object><name>proposal</name><bndbox><xmin>452</xmin><ymin>336</ymin><xmax>348</xmax><ymax>464</ymax></bndbox></object><object><name>proposal</name><bndbox><xmin>281</xmin><ymin>459</ymin><xmax>345</xmax><ymax>341</ymax></bndbox></object><object><name>proposal</name><bndbox><xmin>0</xmin><ymin>359</ymin><xmax>597</xmax><ymax>441</ymax></bndbox></object><object><name>proposal</name><bndbox><xmin>321</xmin><ymin>400</ymin><xmax>247</xmax><ymax>291</ymax></bndbox></object><object><name>proposal</name><bndbox><xmin>0</xmin><ymin>233</ymin><xmax>477</xmax><ymax>567</ymax></bndbox></object><object><name>proposal</name><bndbox><xmin>0</xmin><ymin>144</ymin><xmax>696</xmax><ymax>493</ymax></bndbox></object><object><name>proposal</name><bndbox><xmin>275</xmin><ymin>233</ymin><xmax>199</xmax><ymax>291</ymax></bndbox></object><object><name>proposal</name><bndbox><xmin>358</xmin><ymin>219</ymin><xmax>294</xmax><ymax>250</ymax></bndbox></object><object><name>proposal</name><bndbox><xmin>93</xmin><ymin>503</ymin><xmax>502</xmax><ymax>297</ymax></bndbox></object><object><name>proposal</name><bndbox><xmin>0</xmin><ymin>114</ymin><xmax>284</xmax><ymax>219</ymax></bndbox></object><object><name>proposal</name><bndbox><xmin>300</xmin><ymin>392</ymin><xmax>283</xmax><ymax>299</ymax></bndbox></object><object><name>proposal</name><bndbox><xmin>0</xmin><ymin>69</ymin><xmax>334</xmax><ymax>264</ymax></bndbox></object><object><name>proposal</name><bndbox><xmin>512</xmin><ymin>391</ymin><xmax>288</xmax><ymax>409</ymax></bndbox></object><object><name>proposal</name><bndbox><xmin>363</xmin><ymin>79</ymin><xmax>349</xmax><ymax>377</ymax></bndbox></object><object><name>proposal</name><bndbox><xmin>288</xmin><ymin>0</ymin><xmax>512</xmax><ymax>499</ymax></bndbox></object><object><name>proposal</name><bndbox><xmin>299</xmin><ymin>366</ymin><xmax>290</xmax><ymax>321</ymax></bndbox></object><object><name>proposal</name><bndbox><xmin>0</xmin><ymin>79</ymin><xmax>700</xmax><ymax>721</ymax></bndbox></object><object><name>proposal</name><bndbox><xmin>120</xmin><ymin>69</ymin><xmax>214</xmax><ymax>240</ymax></bndbox></object><object><name>proposal</name><bndbox><xmin>456</xmin><ymin>336</ymin><xmax>344</xmax><ymax>464</ymax></bndbox></object><object><name>proposal</name><bndbox><xmin>0</xmin><ymin>0</ymin><xmax>800</xmax><ymax>672</ymax></bndbox></object><object><name>proposal</name><bndbox><xmin>279</xmin><ymin>263</ymin><xmax>457</xmax><ymax>408</ymax></bndbox></object><object><name>proposal</name><bndbox><xmin>358</xmin><ymin>219</ymin><xmax>338</xmax><ymax>401</ymax></bndbox></object><object><name>proposal</name><bndbox><xmin>386</xmin><ymin>322</ymin><xmax>289</xmax><ymax>292</ymax></bndbox></object><object><name>proposal</name><bndbox><xmin>452</xmin><ymin>518</ymin><xmax>257</xmax><ymax>173</ymax></bndbox></object><object><name>proposal</name><bndbox><xmin>108</xmin><ymin>163</ymin><xmax>119</xmax><ymax>92</ymax></bndbox></object><object><name>proposal</name><bndbox><xmin>513</xmin><ymin>347</ymin><xmax>287</xmax><ymax>453</ymax></bndbox></object><object><name>proposal</name><bndbox><xmin>53</xmin><ymin>79</ymin><xmax>747</xmax><ymax>721</ymax></bndbox></object><object><name>proposal</name><bndbox><xmin>0</xmin><ymin>82</ymin><xmax>346</xmax><ymax>470</ymax></bndbox></object><object><name>proposal</name><bndbox><xmin>529</xmin><ymin>379</ymin><xmax>271</xmax><ymax>421</ymax></bndbox></object><object><name>proposal</name><bndbox><xmin>281</xmin><ymin>0</ymin><xmax>519</xmax><ymax>469</ymax></bndbox></object><object><name>proposal</name><bndbox><xmin>452</xmin><ymin>490</ymin><xmax>263</xmax><ymax>201</ymax></bndbox></object><object><name>proposal</name><bndbox><xmin>312</xmin><ymin>535</ymin><xmax>358</xmax><ymax>265</ymax></bndbox></object></annotation>