<annotation><folder>Proposals</folder><filename>img-298.jpg</filename><size><width>449</width><height>300</height><depth>3</depth></size><object><name>proposal</name><bndbox><xmin>264</xmin><ymin>237</ymin><xmax>197</xmax><ymax>160</ymax></bndbox></object><object><name>proposal</name><bndbox><xmin>507</xmin><ymin>351</ymin><xmax>97</xmax><ymax>110</ymax></bndbox></object><object><name>proposal</name><bndbox><xmin>278</xmin><ymin>234</ymin><xmax>113</xmax><ymax>109</ymax></bndbox></object><object><name>proposal</name><bndbox><xmin>476</xmin><ymin>325</ymin><xmax>144</xmax><ymax>133</ymax></bndbox></object><object><name>proposal</name><bndbox><xmin>466</xmin><ymin>250</ymin><xmax>119</xmax><ymax>124</ymax></bndbox></object><object><name>proposal</name><bndbox><xmin>426</xmin><ymin>238</ymin><xmax>184</xmax><ymax>215</ymax></bndbox></object><object><name>proposal</name><bndbox><xmin>115</xmin><ymin>231</ymin><xmax>374</xmax><ymax>272</ymax></bndbox></object><object><name>proposal</name><bndbox><xmin>538</xmin><ymin>332</ymin><xmax>83</xmax><ymax>55</ymax></bndbox></object><object><name>proposal</name><bndbox><xmin>483</xmin><ymin>341</ymin><xmax>170</xmax><ymax>118</ymax></bndbox></object><object><name>proposal</name><bndbox><xmin>510</xmin><ymin>307</ymin><xmax>76</xmax><ymax>65</ymax></bndbox></object><object><name>proposal</name><bndbox><xmin>527</xmin><ymin>331</ymin><xmax>94</xmax><ymax>69</ymax></bndbox></object><object><name>proposal</name><bndbox><xmin>481</xmin><ymin>315</ymin><xmax>140</xmax><ymax>103</ymax></bndbox></object><object><name>proposal</name><bndbox><xmin>481</xmin><ymin>348</ymin><xmax>60</xmax><ymax>70</ymax></bndbox></object><object><name>proposal</name><bndbox><xmin>538</xmin><ymin>330</ymin><xmax>83</xmax><ymax>57</ymax></bndbox></object><object><name>proposal</name><bndbox><xmin>224</xmin><ymin>240</ymin><xmax>265</xmax><ymax>237</ymax></bndbox></object><object><name>proposal</name><bndbox><xmin>477</xmin><ymin>331</ymin><xmax>144</xmax><ymax>88</ymax></bndbox></object><object><name>proposal</name><bndbox><xmin>27</xmin><ymin>157</ymin><xmax>344</xmax><ymax>189</ymax></bndbox></object><object><name>proposal</name><bndbox><xmin>467</xmin><ymin>363</ymin><xmax>103</xmax><ymax>146</ymax></bndbox></object><object><name>proposal</name><bndbox><xmin>240</xmin><ymin>231</ymin><xmax>249</xmax><ymax>270</ymax></bndbox></object><object><name>proposal</name><bndbox><xmin>0</xmin><ymin>185</ymin><xmax>542</xmax><ymax>199</ymax></bndbox></object><object><name>proposal</name><bndbox><xmin>314</xmin><ymin>231</ymin><xmax>79</xmax><ymax>62</ymax></bndbox></object><object><name>proposal</name><bndbox><xmin>508</xmin><ymin>318</ymin><xmax>165</xmax><ymax>144</ymax></bndbox></object><object><name>proposal</name><bndbox><xmin>508</xmin><ymin>353</ymin><xmax>48</xmax><ymax>68</ymax></bndbox></object><object><name>proposal</name><bndbox><xmin>466</xmin><ymin>250</ymin><xmax>119</xmax><ymax>145</ymax></bndbox></object><object><name>proposal</name><bndbox><xmin>437</xmin><ymin>238</ymin><xmax>153</xmax><ymax>271</ymax></bndbox></object><object><name>proposal</name><bndbox><xmin>0</xmin><ymin>209</ymin><xmax>307</xmax><ymax>163</ymax></bndbox></object><object><name>proposal</name><bndbox><xmin>263</xmin><ymin>204</ymin><xmax>249</xmax><ymax>146</ymax></bndbox></object><object><name>proposal</name><bndbox><xmin>265</xmin><ymin>213</ymin><xmax>144</xmax><ymax>131</ymax></bndbox></object><object><name>proposal</name><bndbox><xmin>469</xmin><ymin>267</ymin><xmax>230</xmax><ymax>137</ymax></bndbox></object><object><name>proposal</name><bndbox><xmin>171</xmin><ymin>192</ymin><xmax>255</xmax><ymax>158</ymax></bndbox></object><object><name>proposal</name><bndbox><xmin>538</xmin><ymin>331</ymin><xmax>175</xmax><ymax>86</ymax></bndbox></object><object><name>proposal</name><bndbox><xmin>123</xmin><ymin>143</ymin><xmax>439</xmax><ymax>161</ymax></bndbox></object><object><name>proposal</name><bndbox><xmin>173</xmin><ymin>150</ymin><xmax>229</xmax><ymax>122</ymax></bndbox></object><object><name>proposal</name><bndbox><xmin>476</xmin><ymin>335</ymin><xmax>116</xmax><ymax>121</ymax></bndbox></object><object><name>proposal</name><bndbox><xmin>476</xmin><ymin>272</ymin><xmax>187</xmax><ymax>173</ymax></bndbox></object><object><name>proposal</name><bndbox><xmin>263</xmin><ymin>205</ymin><xmax>279</xmax><ymax>145</ymax></bndbox></object><object><name>proposal</name><bndbox><xmin>476</xmin><ymin>298</ymin><xmax>264</xmax><ymax>160</ymax></bndbox></object><object><name>proposal</name><bndbox><xmin>263</xmin><ymin>214</ymin><xmax>136</xmax><ymax>136</ymax></bndbox></object><object><name>proposal</name><bndbox><xmin>468</xmin><ymin>238</ymin><xmax>122</xmax><ymax>135</ymax></bndbox></object><object><name>proposal</name><bndbox><xmin>213</xmin><ymin>237</ymin><xmax>178</xmax><ymax>100</ymax></bndbox></object><object><name>proposal</name><bndbox><xmin>476</xmin><ymin>335</ymin><xmax>266</xmax><ymax>135</ymax></bndbox></object><object><name>proposal</name><bndbox><xmin>139</xmin><ymin>233</ymin><xmax>322</xmax><ymax>270</ymax></bndbox></object><object><name>proposal</name><bndbox><xmin>476</xmin><ymin>325</ymin><xmax>297</xmax><ymax>145</ymax></bndbox></object><object><name>proposal</name><bndbox><xmin>27</xmin><ymin>157</ymin><xmax>421</xmax><ymax>187</ymax></bndbox></object><object><name>proposal</name><bndbox><xmin>265</xmin><ymin>213</ymin><xmax>183</xmax><ymax>129</ymax></bndbox></object><object><name>proposal</name><bndbox><xmin>170</xmin><ymin>233</ymin><xmax>144</xmax><ymax>100</ymax></bndbox></object><object><name>proposal</name><bndbox><xmin>481</xmin><ymin>355</ymin><xmax>54</xmax><ymax>58</ymax></bndbox></object><object><name>proposal</name><bndbox><xmin>481</xmin><ymin>323</ymin><xmax>232</xmax><ymax>144</ymax></bndbox></object><object><name>proposal</name><bndbox><xmin>171</xmin><ymin>192</ymin><xmax>142</xmax><ymax>153</ymax></bndbox></object><object><name>proposal</name><bndbox><xmin>494</xmin><ymin>348</ymin><xmax>107</xmax><ymax>105</ymax></bndbox></object><object><name>proposal</name><bndbox><xmin>193</xmin><ymin>171</ymin><xmax>288</xmax><ymax>122</ymax></bndbox></object><object><name>proposal</name><bndbox><xmin>130</xmin><ymin>127</ymin><xmax>241</xmax><ymax>155</ymax></bndbox></object><object><name>proposal</name><bndbox><xmin>224</xmin><ymin>240</ymin><xmax>265</xmax><ymax>281</ymax></bndbox></object><object><name>proposal</name><bndbox><xmin>476</xmin><ymin>331</ymin><xmax>145</xmax><ymax>88</ymax></bndbox></object><object><name>proposal</name><bndbox><xmin>540</xmin><ymin>331</ymin><xmax>81</xmax><ymax>55</ymax></bndbox></object><object><name>proposal</name><bndbox><xmin>437</xmin><ymin>238</ymin><xmax>153</xmax><ymax>183</ymax></bndbox></object><object><name>proposal</name><bndbox><xmin>466</xmin><ymin>250</ymin><xmax>127</xmax><ymax>124</ymax></bndbox></object><object><name>proposal</name><bndbox><xmin>534</xmin><ymin>369</ymin><xmax>58</xmax><ymax>59</ymax></bndbox></object><object><name>proposal</name><bndbox><xmin>437</xmin><ymin>336</ymin><xmax>101</xmax><ymax>89</ymax></bndbox></object><object><name>proposal</name><bndbox><xmin>265</xmin><ymin>204</ymin><xmax>183</xmax><ymax>140</ymax></bndbox></object><object><name>proposal</name><bndbox><xmin>485</xmin><ymin>341</ymin><xmax>116</xmax><ymax>112</ymax></bndbox></object><object><name>proposal</name><bndbox><xmin>0</xmin><ymin>107</ymin><xmax>448</xmax><ymax>239</ymax></bndbox></object><object><name>proposal</name><bndbox><xmin>426</xmin><ymin>238</ymin><xmax>178</xmax><ymax>215</ymax></bndbox></object><object><name>proposal</name><bndbox><xmin>507</xmin><ymin>351</ymin><xmax>77</xmax><ymax>72</ymax></bndbox></object><object><name>proposal</name><bndbox><xmin>217</xmin><ymin>182</ymin><xmax>372</xmax><ymax>111</ymax></bndbox></object><object><name>proposal</name><bndbox><xmin>217</xmin><ymin>206</ymin><xmax>446</xmax><ymax>141</ymax></bndbox></object><object><name>proposal</name><bndbox><xmin>537</xmin><ymin>330</ymin><xmax>70</xmax><ymax>62</ymax></bndbox></object><object><name>proposal</name><bndbox><xmin>534</xmin><ymin>358</ymin><xmax>84</xmax><ymax>109</ymax></bndbox></object><object><name>proposal</name><bndbox><xmin>263</xmin><ymin>213</ymin><xmax>279</xmax><ymax>137</ymax></bndbox></object><object><name>proposal</name><bndbox><xmin>538</xmin><ymin>329</ymin><xmax>83</xmax><ymax>58</ymax></bndbox></object><object><name>proposal</name><bndbox><xmin>217</xmin><ymin>261</ymin><xmax>78</xmax><ymax>70</ymax></bndbox></object><object><name>proposal</name><bndbox><xmin>428</xmin><ymin>355</ymin><xmax>144</xmax><ymax>114</ymax></bndbox></object><object><name>proposal</name><bndbox><xmin>170</xmin><ymin>233</ymin><xmax>107</xmax><ymax>241</ymax></bndbox></object><object><name>proposal</name><bndbox><xmin>477</xmin><ymin>335</ymin><xmax>128</xmax><ymax>117</ymax></bndbox></object><object><name>proposal</name><bndbox><xmin>259</xmin><ymin>204</ymin><xmax>189</xmax><ymax>140</ymax></bndbox></object><object><name>proposal</name><bndbox><xmin>281</xmin><ymin>200</ymin><xmax>129</xmax><ymax>93</ymax></bndbox></object><object><name>proposal</name><bndbox><xmin>134</xmin><ymin>146</ymin><xmax>401</xmax><ymax>154</ymax></bndbox></object><object><name>proposal</name><bndbox><xmin>477</xmin><ymin>338</ymin><xmax>84</xmax><ymax>81</ymax></bndbox></object><object><name>proposal</name><bndbox><xmin>191</xmin><ymin>252</ymin><xmax>123</xmax><ymax>179</ymax></bndbox></object><object><name>proposal</name><bndbox><xmin>224</xmin><ymin>240</ymin><xmax>265</xmax><ymax>236</ymax></bndbox></object><object><name>proposal</name><bndbox><xmin>200</xmin><ymin>252</ymin><xmax>107</xmax><ymax>80</ymax></bndbox></object><object><name>proposal</name><bndbox><xmin>191</xmin><ymin>275</ymin><xmax>113</xmax><ymax>156</ymax></bndbox></object><object><name>proposal</name><bndbox><xmin>483</xmin><ymin>341</ymin><xmax>122</xmax><ymax>118</ymax></bndbox></object><object><name>proposal</name><bndbox><xmin>240</xmin><ymin>267</ymin><xmax>221</xmax><ymax>143</ymax></bndbox></object><object><name>proposal</name><bndbox><xmin>426</xmin><ymin>238</ymin><xmax>178</xmax><ymax>243</ymax></bndbox></object><object><name>proposal</name><bndbox><xmin>181</xmin><ymin>258</ymin><xmax>152</xmax><ymax>216</ymax></bndbox></object><object><name>proposal</name><bndbox><xmin>27</xmin><ymin>157</ymin><xmax>326</xmax><ymax>174</ymax></bndbox></object><object><name>proposal</name><bndbox><xmin>117</xmin><ymin>187</ymin><xmax>395</xmax><ymax>268</ymax></bndbox></object><object><name>proposal</name><bndbox><xmin>481</xmin><ymin>358</ymin><xmax>60</xmax><ymax>60</ymax></bndbox></object><object><name>proposal</name><bndbox><xmin>240</xmin><ymin>269</ymin><xmax>74</xmax><ymax>78</ymax></bndbox></object><object><name>proposal</name><bndbox><xmin>410</xmin><ymin>337</ymin><xmax>168</xmax><ymax>138</ymax></bndbox></object><object><name>proposal</name><bndbox><xmin>477</xmin><ymin>331</ymin><xmax>144</xmax><ymax>114</ymax></bndbox></object><object><name>proposal</name><bndbox><xmin>509</xmin><ymin>325</ymin><xmax>111</xmax><ymax>127</ymax></bndbox></object><object><name>proposal</name><bndbox><xmin>265</xmin><ymin>214</ymin><xmax>144</xmax><ymax>130</ymax></bndbox></object><object><name>proposal</name><bndbox><xmin>191</xmin><ymin>252</ymin><xmax>123</xmax><ymax>80</ymax></bndbox></object><object><name>proposal</name><bndbox><xmin>508</xmin><ymin>331</ymin><xmax>113</xmax><ymax>77</ymax></bndbox></object><object><name>proposal</name><bndbox><xmin>481</xmin><ymin>350</ymin><xmax>201</xmax><ymax>118</ymax></bndbox></object><object><name>proposal</name><bndbox><xmin>190</xmin><ymin>241</ymin><xmax>124</xmax><ymax>91</ymax></bndbox></object><object><name>proposal</name><bndbox><xmin>191</xmin><ymin>252</ymin><xmax>123</xmax><ymax>81</ymax></bndbox></object><object><name>proposal</name><bndbox><xmin>0</xmin><ymin>238</ymin><xmax>307</xmax><ymax>134</ymax></bndbox></object><object><name>proposal</name><bndbox><xmin>263</xmin><ymin>205</ymin><xmax>185</xmax><ymax>137</ymax></bndbox></object><object><name>proposal</name><bndbox><xmin>485</xmin><ymin>323</ymin><xmax>62</xmax><ymax>63</ymax></bndbox></object><object><name>proposal</name><bndbox><xmin>437</xmin><ymin>238</ymin><xmax>153</xmax><ymax>166</ymax></bndbox></object><object><name>proposal</name><bndbox><xmin>481</xmin><ymin>348</ymin><xmax>111</xmax><ymax>108</ymax></bndbox></object><object><name>proposal</name><bndbox><xmin>114</xmin><ymin>251</ymin><xmax>172</xmax><ymax>134</ymax></bndbox></object><object><name>proposal</name><bndbox><xmin>467</xmin><ymin>338</ymin><xmax>253</xmax><ymax>161</ymax></bndbox></object><object><name>proposal</name><bndbox><xmin>466</xmin><ymin>374</ymin><xmax>79</xmax><ymax>87</ymax></bndbox></object><object><name>proposal</name><bndbox><xmin>200</xmin><ymin>252</ymin><xmax>114</xmax><ymax>80</ymax></bndbox></object><object><name>proposal</name><bndbox><xmin>491</xmin><ymin>358</ymin><xmax>50</xmax><ymax>60</ymax></bndbox></object><object><name>proposal</name><bndbox><xmin>476</xmin><ymin>331</ymin><xmax>145</xmax><ymax>114</ymax></bndbox></object><object><name>proposal</name><bndbox><xmin>151</xmin><ymin>150</ymin><xmax>230</xmax><ymax>123</ymax></bndbox></object><object><name>proposal</name><bndbox><xmin>182</xmin><ymin>150</ymin><xmax>220</xmax><ymax>122</ymax></bndbox></object><object><name>proposal</name><bndbox><xmin>263</xmin><ymin>213</ymin><xmax>164</xmax><ymax>137</ymax></bndbox></object><object><name>proposal</name><bndbox><xmin>481</xmin><ymin>350</ymin><xmax>238</xmax><ymax>132</ymax></bndbox></object><object><name>proposal</name><bndbox><xmin>180</xmin><ymin>182</ymin><xmax>409</xmax><ymax>292</ymax></bndbox></object><object><name>proposal</name><bndbox><xmin>208</xmin><ymin>252</ymin><xmax>106</xmax><ymax>80</ymax></bndbox></object><object><name>proposal</name><bndbox><xmin>467</xmin><ymin>374</ymin><xmax>77</xmax><ymax>79</ymax></bndbox></object><object><name>proposal</name><bndbox><xmin>476</xmin><ymin>331</ymin><xmax>206</xmax><ymax>137</ymax></bndbox></object><object><name>proposal</name><bndbox><xmin>217</xmin><ymin>241</ymin><xmax>97</xmax><ymax>106</ymax></bndbox></object><object><name>proposal</name><bndbox><xmin>479</xmin><ymin>352</ymin><xmax>102</xmax><ymax>66</ymax></bndbox></object><object><name>proposal</name><bndbox><xmin>508</xmin><ymin>353</ymin><xmax>96</xmax><ymax>109</ymax></bndbox></object><object><name>proposal</name><bndbox><xmin>86</xmin><ymin>205</ymin><xmax>456</xmax><ymax>229</ymax></bndbox></object><object><name>proposal</name><bndbox><xmin>265</xmin><ymin>205</ymin><xmax>277</xmax><ymax>135</ymax></bndbox></object><object><name>proposal</name><bndbox><xmin>217</xmin><ymin>196</ymin><xmax>124</xmax><ymax>76</ymax></bndbox></object><object><name>proposal</name><bndbox><xmin>426</xmin><ymin>250</ymin><xmax>159</xmax><ymax>145</ymax></bndbox></object><object><name>proposal</name><bndbox><xmin>166</xmin><ymin>168</ymin><xmax>380</xmax><ymax>138</ymax></bndbox></object><object><name>proposal</name><bndbox><xmin>217</xmin><ymin>261</ymin><xmax>82</xmax><ymax>71</ymax></bndbox></object><object><name>proposal</name><bndbox><xmin>437</xmin><ymin>337</ymin><xmax>90</xmax><ymax>88</ymax></bndbox></object><object><name>proposal</name><bndbox><xmin>477</xmin><ymin>335</ymin><xmax>117</xmax><ymax>94</ymax></bndbox></object><object><name>proposal</name><bndbox><xmin>437</xmin><ymin>250</ymin><xmax>156</xmax><ymax>124</ymax></bndbox></object><object><name>proposal</name><bndbox><xmin>0</xmin><ymin>123</ymin><xmax>395</xmax><ymax>290</ymax></bndbox></object><object><name>proposal</name><bndbox><xmin>487</xmin><ymin>349</ymin><xmax>96</xmax><ymax>96</ymax></bndbox></object><object><name>proposal</name><bndbox><xmin>259</xmin><ymin>235</ymin><xmax>150</xmax><ymax>109</ymax></bndbox></object><object><name>proposal</name><bndbox><xmin>508</xmin><ymin>353</ymin><xmax>48</xmax><ymax>55</ymax></bndbox></object><object><name>proposal</name><bndbox><xmin>510</xmin><ymin>283</ymin><xmax>189</xmax><ymax>121</ymax></bndbox></object><object><name>proposal</name><bndbox><xmin>426</xmin><ymin>238</ymin><xmax>237</xmax><ymax>180</ymax></bndbox></object><object><name>proposal</name><bndbox><xmin>199</xmin><ymin>251</ymin><xmax>87</xmax><ymax>134</ymax></bndbox></object><object><name>proposal</name><bndbox><xmin>376</xmin><ymin>239</ymin><xmax>214</xmax><ymax>164</ymax></bndbox></object><object><name>proposal</name><bndbox><xmin>537</xmin><ymin>330</ymin><xmax>84</xmax><ymax>74</ymax></bndbox></object><object><name>proposal</name><bndbox><xmin>469</xmin><ymin>267</ymin><xmax>89</xmax><ymax>107</ymax></bndbox></object><object><name>proposal</name><bndbox><xmin>0</xmin><ymin>209</ymin><xmax>314</xmax><ymax>163</ymax></bndbox></object><object><name>proposal</name><bndbox><xmin>259</xmin><ymin>204</ymin><xmax>189</xmax><ymax>94</ymax></bndbox></object><object><name>proposal</name><bndbox><xmin>191</xmin><ymin>237</ymin><xmax>252</xmax><ymax>194</ymax></bndbox></object><object><name>proposal</name><bndbox><xmin>66</xmin><ymin>190</ymin><xmax>377</xmax><ymax>207</ymax></bndbox></object><object><name>proposal</name><bndbox><xmin>481</xmin><ymin>350</ymin><xmax>241</xmax><ymax>131</ymax></bndbox></object><object><name>proposal</name><bndbox><xmin>426</xmin><ymin>309</ymin><xmax>130</xmax><ymax>112</ymax></bndbox></object><object><name>proposal</name><bndbox><xmin>412</xmin><ymin>267</ymin><xmax>149</xmax><ymax>146</ymax></bndbox></object><object><name>proposal</name><bndbox><xmin>66</xmin><ymin>190</ymin><xmax>248</xmax><ymax>142</ymax></bndbox></object><object><name>proposal</name><bndbox><xmin>191</xmin><ymin>252</ymin><xmax>116</xmax><ymax>80</ymax></bndbox></object><object><name>proposal</name><bndbox><xmin>481</xmin><ymin>355</ymin><xmax>64</xmax><ymax>103</ymax></bndbox></object><object><name>proposal</name><bndbox><xmin>263</xmin><ymin>205</ymin><xmax>185</xmax><ymax>93</ymax></bndbox></object><object><name>proposal</name><bndbox><xmin>217</xmin><ymin>269</ymin><xmax>97</xmax><ymax>78</ymax></bndbox></object><object><name>proposal</name><bndbox><xmin>213</xmin><ymin>252</ymin><xmax>94</xmax><ymax>81</ymax></bndbox></object><object><name>proposal</name><bndbox><xmin>145</xmin><ymin>171</ymin><xmax>202</xmax><ymax>102</ymax></bndbox></object><object><name>proposal</name><bndbox><xmin>0</xmin><ymin>94</ymin><xmax>382</xmax><ymax>229</ymax></bndbox></object><object><name>proposal</name><bndbox><xmin>476</xmin><ymin>338</ymin><xmax>102</xmax><ymax>81</ymax></bndbox></object><object><name>proposal</name><bndbox><xmin>265</xmin><ymin>213</ymin><xmax>183</xmax><ymax>131</ymax></bndbox></object><object><name>proposal</name><bndbox><xmin>476</xmin><ymin>335</ymin><xmax>65</xmax><ymax>90</ymax></bndbox></object><object><name>proposal</name><bndbox><xmin>264</xmin><ymin>231</ymin><xmax>127</xmax><ymax>107</ymax></bndbox></object><object><name>proposal</name><bndbox><xmin>467</xmin><ymin>370</ymin><xmax>103</xmax><ymax>139</ymax></bndbox></object><object><name>proposal</name><bndbox><xmin>264</xmin><ymin>174</ymin><xmax>271</xmax><ymax>132</ymax></bndbox></object><object><name>proposal</name><bndbox><xmin>476</xmin><ymin>331</ymin><xmax>176</xmax><ymax>90</ymax></bndbox></object><object><name>proposal</name><bndbox><xmin>0</xmin><ymin>107</ymin><xmax>475</xmax><ymax>238</ymax></bndbox></object><object><name>proposal</name><bndbox><xmin>264</xmin><ymin>174</ymin><xmax>283</xmax><ymax>132</ymax></bndbox></object><object><name>proposal</name><bndbox><xmin>538</xmin><ymin>331</ymin><xmax>114</xmax><ymax>81</ymax></bndbox></object><object><name>proposal</name><bndbox><xmin>280</xmin><ymin>200</ymin><xmax>181</xmax><ymax>111</ymax></bndbox></object><object><name>proposal</name><bndbox><xmin>191</xmin><ymin>252</ymin><xmax>116</xmax><ymax>81</ymax></bndbox></object><object><name>proposal</name><bndbox><xmin>263</xmin><ymin>235</ymin><xmax>136</xmax><ymax>115</ymax></bndbox></object><object><name>proposal</name><bndbox><xmin>534</xmin><ymin>360</ymin><xmax>83</xmax><ymax>98</ymax></bndbox></object><object><name>proposal</name><bndbox><xmin>477</xmin><ymin>335</ymin><xmax>64</xmax><ymax>83</ymax></bndbox></object><object><name>proposal</name><bndbox><xmin>537</xmin><ymin>330</ymin><xmax>118</xmax><ymax>88</ymax></bndbox></object><object><name>proposal</name><bndbox><xmin>263</xmin><ymin>205</ymin><xmax>223</xmax><ymax>138</ymax></bndbox></object><object><name>proposal</name><bndbox><xmin>0</xmin><ymin>205</ymin><xmax>542</xmax><ymax>179</ymax></bndbox></object><object><name>proposal</name><bndbox><xmin>481</xmin><ymin>358</ymin><xmax>52</xmax><ymax>60</ymax></bndbox></object><object><name>proposal</name><bndbox><xmin>213</xmin><ymin>240</ymin><xmax>101</xmax><ymax>93</ymax></bndbox></object></annotation>