<annotation><folder>Proposals</folder><filename>img-281.jpg</filename><size><width>720</width><height>720</height><depth>3</depth></size><object><name>proposal</name><bndbox><xmin>467</xmin><ymin>151</ymin><xmax>333</xmax><ymax>290</ymax></bndbox></object><object><name>proposal</name><bndbox><xmin>254</xmin><ymin>340</ymin><xmax>290</xmax><ymax>169</ymax></bndbox></object><object><name>proposal</name><bndbox><xmin>0</xmin><ymin>162</ymin><xmax>753</xmax><ymax>417</ymax></bndbox></object><object><name>proposal</name><bndbox><xmin>0</xmin><ymin>134</ymin><xmax>436</xmax><ymax>294</ymax></bndbox></object><object><name>proposal</name><bndbox><xmin>237</xmin><ymin>359</ymin><xmax>355</xmax><ymax>218</ymax></bndbox></object><object><name>proposal</name><bndbox><xmin>231</xmin><ymin>250</ymin><xmax>274</xmax><ymax>127</ymax></bndbox></object><object><name>proposal</name><bndbox><xmin>168</xmin><ymin>209</ymin><xmax>268</xmax><ymax>168</ymax></bndbox></object><object><name>proposal</name><bndbox><xmin>246</xmin><ymin>229</ymin><xmax>405</xmax><ymax>283</ymax></bndbox></object><object><name>proposal</name><bndbox><xmin>0</xmin><ymin>0</ymin><xmax>638</xmax><ymax>579</ymax></bndbox></object><object><name>proposal</name><bndbox><xmin>34</xmin><ymin>248</ymin><xmax>410</xmax><ymax>334</ymax></bndbox></object><object><name>proposal</name><bndbox><xmin>269</xmin><ymin>101</ymin><xmax>416</xmax><ymax>255</ymax></bndbox></object><object><name>proposal</name><bndbox><xmin>40</xmin><ymin>237</ymin><xmax>431</xmax><ymax>331</ymax></bndbox></object><object><name>proposal</name><bndbox><xmin>225</xmin><ymin>269</ymin><xmax>447</xmax><ymax>338</ymax></bndbox></object><object><name>proposal</name><bndbox><xmin>231</xmin><ymin>185</ymin><xmax>186</xmax><ymax>221</ymax></bndbox></object><object><name>proposal</name><bndbox><xmin>379</xmin><ymin>177</ymin><xmax>306</xmax><ymax>179</ymax></bndbox></object><object><name>proposal</name><bndbox><xmin>39</xmin><ymin>194</ymin><xmax>309</xmax><ymax>295</ymax></bndbox></object><object><name>proposal</name><bndbox><xmin>261</xmin><ymin>247</ymin><xmax>539</xmax><ymax>204</ymax></bndbox></object><object><name>proposal</name><bndbox><xmin>160</xmin><ymin>239</ymin><xmax>277</xmax><ymax>102</ymax></bndbox></object><object><name>proposal</name><bndbox><xmin>237</xmin><ymin>265</ymin><xmax>435</xmax><ymax>300</ymax></bndbox></object><object><name>proposal</name><bndbox><xmin>311</xmin><ymin>268</ymin><xmax>340</xmax><ymax>267</ymax></bndbox></object><object><name>proposal</name><bndbox><xmin>231</xmin><ymin>209</ymin><xmax>205</xmax><ymax>168</ymax></bndbox></object><object><name>proposal</name><bndbox><xmin>0</xmin><ymin>50</ymin><xmax>630</xmax><ymax>329</ymax></bndbox></object><object><name>proposal</name><bndbox><xmin>231</xmin><ymin>193</ymin><xmax>330</xmax><ymax>184</ymax></bndbox></object><object><name>proposal</name><bndbox><xmin>20</xmin><ymin>257</ymin><xmax>647</xmax><ymax>322</ymax></bndbox></object><object><name>proposal</name><bndbox><xmin>0</xmin><ymin>0</ymin><xmax>699</xmax><ymax>463</ymax></bndbox></object><object><name>proposal</name><bndbox><xmin>261</xmin><ymin>265</ymin><xmax>411</xmax><ymax>186</ymax></bndbox></object><object><name>proposal</name><bndbox><xmin>168</xmin><ymin>239</ymin><xmax>208</xmax><ymax>140</ymax></bndbox></object><object><name>proposal</name><bndbox><xmin>223</xmin><ymin>250</ymin><xmax>282</xmax><ymax>113</ymax></bndbox></object><object><name>proposal</name><bndbox><xmin>0</xmin><ymin>239</ymin><xmax>471</xmax><ymax>224</ymax></bndbox></object><object><name>proposal</name><bndbox><xmin>201</xmin><ymin>242</ymin><xmax>141</xmax><ymax>141</ymax></bndbox></object><object><name>proposal</name><bndbox><xmin>224</xmin><ymin>14</ymin><xmax>456</xmax><ymax>350</ymax></bndbox></object><object><name>proposal</name><bndbox><xmin>168</xmin><ymin>232</ymin><xmax>234</xmax><ymax>131</ymax></bndbox></object><object><name>proposal</name><bndbox><xmin>0</xmin><ymin>268</ymin><xmax>394</xmax><ymax>253</ymax></bndbox></object><object><name>proposal</name><bndbox><xmin>15</xmin><ymin>130</ymin><xmax>456</xmax><ymax>330</ymax></bndbox></object><object><name>proposal</name><bndbox><xmin>0</xmin><ymin>0</ymin><xmax>800</xmax><ymax>419</ymax></bndbox></object><object><name>proposal</name><bndbox><xmin>231</xmin><ymin>248</ymin><xmax>213</xmax><ymax>215</ymax></bndbox></object><object><name>proposal</name><bndbox><xmin>0</xmin><ymin>0</ymin><xmax>800</xmax><ymax>460</ymax></bndbox></object><object><name>proposal</name><bndbox><xmin>221</xmin><ymin>344</ymin><xmax>295</xmax><ymax>196</ymax></bndbox></object><object><name>proposal</name><bndbox><xmin>39</xmin><ymin>194</ymin><xmax>397</xmax><ymax>295</ymax></bndbox></object><object><name>proposal</name><bndbox><xmin>0</xmin><ymin>210</ymin><xmax>355</xmax><ymax>188</ymax></bndbox></object><object><name>proposal</name><bndbox><xmin>221</xmin><ymin>240</ymin><xmax>442</xmax><ymax>300</ymax></bndbox></object><object><name>proposal</name><bndbox><xmin>253</xmin><ymin>267</ymin><xmax>398</xmax><ymax>290</ymax></bndbox></object><object><name>proposal</name><bndbox><xmin>225</xmin><ymin>257</ymin><xmax>575</xmax><ymax>251</ymax></bndbox></object><object><name>proposal</name><bndbox><xmin>0</xmin><ymin>286</ymin><xmax>471</xmax><ymax>293</ymax></bndbox></object><object><name>proposal</name><bndbox><xmin>0</xmin><ymin>74</ymin><xmax>800</xmax><ymax>354</ymax></bndbox></object><object><name>proposal</name><bndbox><xmin>380</xmin><ymin>170</ymin><xmax>300</xmax><ymax>194</ymax></bndbox></object><object><name>proposal</name><bndbox><xmin>242</xmin><ymin>0</ymin><xmax>558</xmax><ymax>511</ymax></bndbox></object><object><name>proposal</name><bndbox><xmin>201</xmin><ymin>239</ymin><xmax>244</xmax><ymax>138</ymax></bndbox></object><object><name>proposal</name><bndbox><xmin>224</xmin><ymin>313</ymin><xmax>172</xmax><ymax>104</ymax></bndbox></object><object><name>proposal</name><bndbox><xmin>120</xmin><ymin>150</ymin><xmax>441</xmax><ymax>227</ymax></bndbox></object><object><name>proposal</name><bndbox><xmin>212</xmin><ymin>245</ymin><xmax>227</xmax><ymax>127</ymax></bndbox></object><object><name>proposal</name><bndbox><xmin>120</xmin><ymin>101</ymin><xmax>680</xmax><ymax>347</ymax></bndbox></object><object><name>proposal</name><bndbox><xmin>269</xmin><ymin>257</ymin><xmax>398</xmax><ymax>243</ymax></bndbox></object><object><name>proposal</name><bndbox><xmin>201</xmin><ymin>240</ymin><xmax>244</xmax><ymax>143</ymax></bndbox></object><object><name>proposal</name><bndbox><xmin>269</xmin><ymin>0</ymin><xmax>531</xmax><ymax>500</ymax></bndbox></object><object><name>proposal</name><bndbox><xmin>160</xmin><ymin>239</ymin><xmax>277</xmax><ymax>138</ymax></bndbox></object><object><name>proposal</name><bndbox><xmin>34</xmin><ymin>151</ymin><xmax>538</xmax><ymax>360</ymax></bndbox></object><object><name>proposal</name><bndbox><xmin>201</xmin><ymin>242</ymin><xmax>175</xmax><ymax>132</ymax></bndbox></object><object><name>proposal</name><bndbox><xmin>0</xmin><ymin>149</ymin><xmax>800</xmax><ymax>444</ymax></bndbox></object><object><name>proposal</name><bndbox><xmin>187</xmin><ymin>181</ymin><xmax>314</xmax><ymax>255</ymax></bndbox></object><object><name>proposal</name><bndbox><xmin>338</xmin><ymin>340</ymin><xmax>206</xmax><ymax>95</ymax></bndbox></object><object><name>proposal</name><bndbox><xmin>168</xmin><ymin>141</ymin><xmax>462</xmax><ymax>238</ymax></bndbox></object><object><name>proposal</name><bndbox><xmin>444</xmin><ymin>229</ymin><xmax>236</xmax><ymax>135</ymax></bndbox></object><object><name>proposal</name><bndbox><xmin>231</xmin><ymin>250</ymin><xmax>274</xmax><ymax>113</ymax></bndbox></object><object><name>proposal</name><bndbox><xmin>0</xmin><ymin>239</ymin><xmax>440</xmax><ymax>225</ymax></bndbox></object><object><name>proposal</name><bndbox><xmin>0</xmin><ymin>162</ymin><xmax>753</xmax><ymax>372</ymax></bndbox></object><object><name>proposal</name><bndbox><xmin>156</xmin><ymin>282</ymin><xmax>166</xmax><ymax>153</ymax></bndbox></object><object><name>proposal</name><bndbox><xmin>168</xmin><ymin>232</ymin><xmax>165</xmax><ymax>150</ymax></bndbox></object><object><name>proposal</name><bndbox><xmin>29</xmin><ymin>150</ymin><xmax>441</xmax><ymax>429</ymax></bndbox></object><object><name>proposal</name><bndbox><xmin>168</xmin><ymin>193</ymin><xmax>337</xmax><ymax>170</ymax></bndbox></object><object><name>proposal</name><bndbox><xmin>120</xmin><ymin>150</ymin><xmax>680</xmax><ymax>291</ymax></bndbox></object><object><name>proposal</name><bndbox><xmin>0</xmin><ymin>0</ymin><xmax>800</xmax><ymax>428</ymax></bndbox></object><object><name>proposal</name><bndbox><xmin>187</xmin><ymin>266</ymin><xmax>258</xmax><ymax>170</ymax></bndbox></object><object><name>proposal</name><bndbox><xmin>231</xmin><ymin>247</ymin><xmax>171</xmax><ymax>159</ymax></bndbox></object><object><name>proposal</name><bndbox><xmin>212</xmin><ymin>245</ymin><xmax>200</xmax><ymax>127</ymax></bndbox></object><object><name>proposal</name><bndbox><xmin>363</xmin><ymin>264</ymin><xmax>288</xmax><ymax>170</ymax></bndbox></object><object><name>proposal</name><bndbox><xmin>0</xmin><ymin>134</ymin><xmax>471</xmax><ymax>329</ymax></bndbox></object><object><name>proposal</name><bndbox><xmin>0</xmin><ymin>0</ymin><xmax>800</xmax><ymax>443</ymax></bndbox></object><object><name>proposal</name><bndbox><xmin>253</xmin><ymin>203</ymin><xmax>398</xmax><ymax>354</ymax></bndbox></object><object><name>proposal</name><bndbox><xmin>404</xmin><ymin>124</ymin><xmax>396</xmax><ymax>299</ymax></bndbox></object><object><name>proposal</name><bndbox><xmin>0</xmin><ymin>167</ymin><xmax>420</xmax><ymax>295</ymax></bndbox></object><object><name>proposal</name><bndbox><xmin>173</xmin><ymin>239</ymin><xmax>264</xmax><ymax>111</ymax></bndbox></object><object><name>proposal</name><bndbox><xmin>0</xmin><ymin>0</ymin><xmax>800</xmax><ymax>441</ymax></bndbox></object><object><name>proposal</name><bndbox><xmin>120</xmin><ymin>101</ymin><xmax>565</xmax><ymax>281</ymax></bndbox></object><object><name>proposal</name><bndbox><xmin>246</xmin><ymin>229</ymin><xmax>554</xmax><ymax>302</ymax></bndbox></object><object><name>proposal</name><bndbox><xmin>34</xmin><ymin>142</ymin><xmax>483</xmax><ymax>214</ymax></bndbox></object><object><name>proposal</name><bndbox><xmin>168</xmin><ymin>209</ymin><xmax>632</xmax><ymax>242</ymax></bndbox></object><object><name>proposal</name><bndbox><xmin>179</xmin><ymin>232</ymin><xmax>145</xmax><ymax>150</ymax></bndbox></object><object><name>proposal</name><bndbox><xmin>222</xmin><ymin>217</ymin><xmax>222</xmax><ymax>189</ymax></bndbox></object><object><name>proposal</name><bndbox><xmin>0</xmin><ymin>249</ymin><xmax>446</xmax><ymax>330</ymax></bndbox></object><object><name>proposal</name><bndbox><xmin>168</xmin><ymin>239</ymin><xmax>176</xmax><ymax>140</ymax></bndbox></object><object><name>proposal</name><bndbox><xmin>168</xmin><ymin>88</ymin><xmax>402</xmax><ymax>289</ymax></bndbox></object><object><name>proposal</name><bndbox><xmin>19</xmin><ymin>150</ymin><xmax>781</xmax><ymax>457</ymax></bndbox></object><object><name>proposal</name><bndbox><xmin>0</xmin><ymin>162</ymin><xmax>434</xmax><ymax>417</ymax></bndbox></object><object><name>proposal</name><bndbox><xmin>201</xmin><ymin>239</ymin><xmax>257</xmax><ymax>111</ymax></bndbox></object><object><name>proposal</name><bndbox><xmin>0</xmin><ymin>252</ymin><xmax>382</xmax><ymax>327</ymax></bndbox></object><object><name>proposal</name><bndbox><xmin>0</xmin><ymin>216</ymin><xmax>431</xmax><ymax>339</ymax></bndbox></object><object><name>proposal</name><bndbox><xmin>168</xmin><ymin>234</ymin><xmax>632</xmax><ymax>217</ymax></bndbox></object><object><name>proposal</name><bndbox><xmin>0</xmin><ymin>252</ymin><xmax>672</xmax><ymax>327</ymax></bndbox></object><object><name>proposal</name><bndbox><xmin>0</xmin><ymin>249</ymin><xmax>672</xmax><ymax>330</ymax></bndbox></object><object><name>proposal</name><bndbox><xmin>181</xmin><ymin>209</ymin><xmax>255</xmax><ymax>168</ymax></bndbox></object><object><name>proposal</name><bndbox><xmin>168</xmin><ymin>193</ymin><xmax>504</xmax><ymax>414</ymax></bndbox></object><object><name>proposal</name><bndbox><xmin>0</xmin><ymin>193</ymin><xmax>672</xmax><ymax>449</ymax></bndbox></object><object><name>proposal</name><bndbox><xmin>168</xmin><ymin>262</ymin><xmax>156</xmax><ymax>117</ymax></bndbox></object><object><name>proposal</name><bndbox><xmin>0</xmin><ymin>230</ymin><xmax>756</xmax><ymax>349</ymax></bndbox></object><object><name>proposal</name><bndbox><xmin>0</xmin><ymin>74</ymin><xmax>670</xmax><ymax>310</ymax></bndbox></object><object><name>proposal</name><bndbox><xmin>222</xmin><ymin>8</ymin><xmax>578</xmax><ymax>418</ymax></bndbox></object><object><name>proposal</name><bndbox><xmin>225</xmin><ymin>346</ymin><xmax>319</xmax><ymax>162</ymax></bndbox></object><object><name>proposal</name><bndbox><xmin>19</xmin><ymin>233</ymin><xmax>339</xmax><ymax>256</ymax></bndbox></object><object><name>proposal</name><bndbox><xmin>39</xmin><ymin>162</ymin><xmax>397</xmax><ymax>327</ymax></bndbox></object><object><name>proposal</name><bndbox><xmin>229</xmin><ymin>240</ymin><xmax>229</xmax><ymax>140</ymax></bndbox></object><object><name>proposal</name><bndbox><xmin>158</xmin><ymin>157</ymin><xmax>300</xmax><ymax>193</ymax></bndbox></object><object><name>proposal</name><bndbox><xmin>210</xmin><ymin>244</ymin><xmax>248</xmax><ymax>97</ymax></bndbox></object><object><name>proposal</name><bndbox><xmin>212</xmin><ymin>245</ymin><xmax>227</xmax><ymax>132</ymax></bndbox></object><object><name>proposal</name><bndbox><xmin>237</xmin><ymin>265</ymin><xmax>435</xmax><ymax>312</ymax></bndbox></object><object><name>proposal</name><bndbox><xmin>0</xmin><ymin>110</ymin><xmax>420</xmax><ymax>352</ymax></bndbox></object><object><name>proposal</name><bndbox><xmin>311</xmin><ymin>267</ymin><xmax>340</xmax><ymax>268</ymax></bndbox></object><object><name>proposal</name><bndbox><xmin>181</xmin><ymin>209</ymin><xmax>239</xmax><ymax>158</ymax></bndbox></object><object><name>proposal</name><bndbox><xmin>158</xmin><ymin>124</ymin><xmax>642</xmax><ymax>319</ymax></bndbox></object><object><name>proposal</name><bndbox><xmin>168</xmin><ymin>234</ymin><xmax>206</xmax><ymax>145</ymax></bndbox></object><object><name>proposal</name><bndbox><xmin>205</xmin><ymin>209</ymin><xmax>262</xmax><ymax>128</ymax></bndbox></object><object><name>proposal</name><bndbox><xmin>168</xmin><ymin>262</ymin><xmax>206</xmax><ymax>82</ymax></bndbox></object><object><name>proposal</name><bndbox><xmin>0</xmin><ymin>229</ymin><xmax>376</xmax><ymax>293</ymax></bndbox></object><object><name>proposal</name><bndbox><xmin>221</xmin><ymin>257</ymin><xmax>446</xmax><ymax>243</ymax></bndbox></object><object><name>proposal</name><bndbox><xmin>222</xmin><ymin>217</ymin><xmax>249</xmax><ymax>340</ymax></bndbox></object><object><name>proposal</name><bndbox><xmin>0</xmin><ymin>50</ymin><xmax>800</xmax><ymax>450</ymax></bndbox></object><object><name>proposal</name><bndbox><xmin>222</xmin><ymin>250</ymin><xmax>180</xmax><ymax>156</ymax></bndbox></object><object><name>proposal</name><bndbox><xmin>0</xmin><ymin>0</ymin><xmax>800</xmax><ymax>500</ymax></bndbox></object><object><name>proposal</name><bndbox><xmin>311</xmin><ymin>221</ymin><xmax>489</xmax><ymax>314</ymax></bndbox></object><object><name>proposal</name><bndbox><xmin>397</xmin><ymin>28</ymin><xmax>403</xmax><ymax>413</ymax></bndbox></object><object><name>proposal</name><bndbox><xmin>222</xmin><ymin>217</ymin><xmax>429</xmax><ymax>340</ymax></bndbox></object><object><name>proposal</name><bndbox><xmin>261</xmin><ymin>265</ymin><xmax>539</xmax><ymax>186</ymax></bndbox></object><object><name>proposal</name><bndbox><xmin>0</xmin><ymin>229</ymin><xmax>358</xmax><ymax>260</ymax></bndbox></object><object><name>proposal</name><bndbox><xmin>397</xmin><ymin>60</ymin><xmax>403</xmax><ymax>381</ymax></bndbox></object><object><name>proposal</name><bndbox><xmin>0</xmin><ymin>50</ymin><xmax>651</xmax><ymax>561</ymax></bndbox></object><object><name>proposal</name><bndbox><xmin>291</xmin><ymin>307</ymin><xmax>253</xmax><ymax>128</ymax></bndbox></object><object><name>proposal</name><bndbox><xmin>205</xmin><ymin>209</ymin><xmax>228</xmax><ymax>141</ymax></bndbox></object><object><name>proposal</name><bndbox><xmin>363</xmin><ymin>149</ymin><xmax>437</xmax><ymax>444</ymax></bndbox></object><object><name>proposal</name><bndbox><xmin>311</xmin><ymin>344</ymin><xmax>233</xmax><ymax>146</ymax></bndbox></object><object><name>proposal</name><bndbox><xmin>355</xmin><ymin>0</ymin><xmax>445</xmax><ymax>443</ymax></bndbox></object><object><name>proposal</name><bndbox><xmin>0</xmin><ymin>162</ymin><xmax>800</xmax><ymax>417</ymax></bndbox></object><object><name>proposal</name><bndbox><xmin>19</xmin><ymin>233</ymin><xmax>653</xmax><ymax>374</ymax></bndbox></object><object><name>proposal</name><bndbox><xmin>266</xmin><ymin>268</ymin><xmax>406</xmax><ymax>295</ymax></bndbox></object><object><name>proposal</name><bndbox><xmin>168</xmin><ymin>234</ymin><xmax>234</xmax><ymax>143</ymax></bndbox></object><object><name>proposal</name><bndbox><xmin>0</xmin><ymin>124</ymin><xmax>800</xmax><ymax>458</ymax></bndbox></object><object><name>proposal</name><bndbox><xmin>102</xmin><ymin>229</ymin><xmax>698</xmax><ymax>311</ymax></bndbox></object><object><name>proposal</name><bndbox><xmin>210</xmin><ymin>244</ymin><xmax>248</xmax><ymax>106</ymax></bndbox></object><object><name>proposal</name><bndbox><xmin>231</xmin><ymin>250</ymin><xmax>171</xmax><ymax>156</ymax></bndbox></object><object><name>proposal</name><bndbox><xmin>0</xmin><ymin>148</ymin><xmax>471</xmax><ymax>434</ymax></bndbox></object><object><name>proposal</name><bndbox><xmin>19</xmin><ymin>233</ymin><xmax>357</xmax><ymax>201</ymax></bndbox></object><object><name>proposal</name><bndbox><xmin>0</xmin><ymin>26</ymin><xmax>800</xmax><ymax>498</ymax></bndbox></object><object><name>proposal</name><bndbox><xmin>0</xmin><ymin>29</ymin><xmax>672</xmax><ymax>550</ymax></bndbox></object><object><name>proposal</name><bndbox><xmin>168</xmin><ymin>234</ymin><xmax>209</xmax><ymax>116</ymax></bndbox></object><object><name>proposal</name><bndbox><xmin>168</xmin><ymin>193</ymin><xmax>337</xmax><ymax>184</ymax></bndbox></object><object><name>proposal</name><bndbox><xmin>149</xmin><ymin>359</ymin><xmax>321</xmax><ymax>152</ymax></bndbox></object><object><name>proposal</name><bndbox><xmin>0</xmin><ymin>0</ymin><xmax>800</xmax><ymax>463</ymax></bndbox></object><object><name>proposal</name><bndbox><xmin>231</xmin><ymin>193</ymin><xmax>274</xmax><ymax>170</ymax></bndbox></object><object><name>proposal</name><bndbox><xmin>253</xmin><ymin>357</ymin><xmax>218</xmax><ymax>91</ymax></bndbox></object><object><name>proposal</name><bndbox><xmin>296</xmin><ymin>265</ymin><xmax>504</xmax><ymax>328</ymax></bndbox></object><object><name>proposal</name><bndbox><xmin>337</xmin><ymin>269</ymin><xmax>335</xmax><ymax>231</ymax></bndbox></object><object><name>proposal</name><bndbox><xmin>221</xmin><ymin>264</ymin><xmax>442</xmax><ymax>276</ymax></bndbox></object><object><name>proposal</name><bndbox><xmin>0</xmin><ymin>26</ymin><xmax>570</xmax><ymax>498</ymax></bndbox></object><object><name>proposal</name><bndbox><xmin>242</xmin><ymin>16</ymin><xmax>430</xmax><ymax>495</ymax></bndbox></object><object><name>proposal</name><bndbox><xmin>210</xmin><ymin>244</ymin><xmax>248</xmax><ymax>90</ymax></bndbox></object><object><name>proposal</name><bndbox><xmin>242</xmin><ymin>16</ymin><xmax>430</xmax><ymax>493</ymax></bndbox></object><object><name>proposal</name><bndbox><xmin>266</xmin><ymin>127</ymin><xmax>534</xmax><ymax>436</ymax></bndbox></object><object><name>proposal</name><bndbox><xmin>0</xmin><ymin>134</ymin><xmax>471</xmax><ymax>445</ymax></bndbox></object><object><name>proposal</name><bndbox><xmin>62</xmin><ymin>216</ymin><xmax>369</xmax><ymax>240</ymax></bndbox></object><object><name>proposal</name><bndbox><xmin>168</xmin><ymin>232</ymin><xmax>234</xmax><ymax>150</ymax></bndbox></object><object><name>proposal</name><bndbox><xmin>242</xmin><ymin>16</ymin><xmax>430</xmax><ymax>502</ymax></bndbox></object><object><name>proposal</name><bndbox><xmin>201</xmin><ymin>239</ymin><xmax>210</xmax><ymax>111</ymax></bndbox></object><object><name>proposal</name><bndbox><xmin>363</xmin><ymin>265</ymin><xmax>288</xmax><ymax>169</ymax></bndbox></object><object><name>proposal</name><bndbox><xmin>222</xmin><ymin>307</ymin><xmax>189</xmax><ymax>129</ymax></bndbox></object><object><name>proposal</name><bndbox><xmin>173</xmin><ymin>239</ymin><xmax>264</xmax><ymax>102</ymax></bndbox></object><object><name>proposal</name><bndbox><xmin>250</xmin><ymin>357</ymin><xmax>221</xmax><ymax>98</ymax></bndbox></object><object><name>proposal</name><bndbox><xmin>363</xmin><ymin>265</ymin><xmax>325</xmax><ymax>247</ymax></bndbox></object><object><name>proposal</name><bndbox><xmin>0</xmin><ymin>0</ymin><xmax>699</xmax><ymax>571</ymax></bndbox></object><object><name>proposal</name><bndbox><xmin>201</xmin><ymin>239</ymin><xmax>179</xmax><ymax>138</ymax></bndbox></object><object><name>proposal</name><bndbox><xmin>19</xmin><ymin>233</ymin><xmax>339</xmax><ymax>201</ymax></bndbox></object><object><name>proposal</name><bndbox><xmin>168</xmin><ymin>262</ymin><xmax>206</xmax><ymax>117</ymax></bndbox></object><object><name>proposal</name><bndbox><xmin>224</xmin><ymin>307</ymin><xmax>207</xmax><ymax>110</ymax></bndbox></object></annotation>