<annotation><folder>Proposals</folder><filename>img-580.jpg</filename><size><width>535</width><height>300</height><depth>3</depth></size><object><name>proposal</name><bndbox><xmin>223</xmin><ymin>518</ymin><xmax>110</xmax><ymax>100</ymax></bndbox></object><object><name>proposal</name><bndbox><xmin>353</xmin><ymin>662</ymin><xmax>73</xmax><ymax>51</ymax></bndbox></object><object><name>proposal</name><bndbox><xmin>215</xmin><ymin>519</ymin><xmax>83</xmax><ymax>59</ymax></bndbox></object><object><name>proposal</name><bndbox><xmin>239</xmin><ymin>450</ymin><xmax>43</xmax><ymax>25</ymax></bndbox></object><object><name>proposal</name><bndbox><xmin>219</xmin><ymin>519</ymin><xmax>79</xmax><ymax>52</ymax></bndbox></object><object><name>proposal</name><bndbox><xmin>360</xmin><ymin>631</ymin><xmax>56</xmax><ymax>47</ymax></bndbox></object><object><name>proposal</name><bndbox><xmin>236</xmin><ymin>451</ymin><xmax>43</xmax><ymax>24</ymax></bndbox></object><object><name>proposal</name><bndbox><xmin>337</xmin><ymin>632</ymin><xmax>137</xmax><ymax>82</ymax></bndbox></object><object><name>proposal</name><bndbox><xmin>354</xmin><ymin>664</ymin><xmax>73</xmax><ymax>45</ymax></bndbox></object><object><name>proposal</name><bndbox><xmin>205</xmin><ymin>522</ymin><xmax>93</xmax><ymax>97</ymax></bndbox></object><object><name>proposal</name><bndbox><xmin>350</xmin><ymin>662</ymin><xmax>63</xmax><ymax>52</ymax></bndbox></object><object><name>proposal</name><bndbox><xmin>336</xmin><ymin>639</ymin><xmax>121</xmax><ymax>91</ymax></bndbox></object><object><name>proposal</name><bndbox><xmin>336</xmin><ymin>639</ymin><xmax>113</xmax><ymax>93</ymax></bndbox></object><object><name>proposal</name><bndbox><xmin>354</xmin><ymin>655</ymin><xmax>103</xmax><ymax>73</ymax></bndbox></object><object><name>proposal</name><bndbox><xmin>219</xmin><ymin>521</ymin><xmax>78</xmax><ymax>58</ymax></bndbox></object><object><name>proposal</name><bndbox><xmin>348</xmin><ymin>663</ymin><xmax>80</xmax><ymax>57</ymax></bndbox></object><object><name>proposal</name><bndbox><xmin>219</xmin><ymin>520</ymin><xmax>79</xmax><ymax>58</ymax></bndbox></object><object><name>proposal</name><bndbox><xmin>336</xmin><ymin>639</ymin><xmax>145</xmax><ymax>93</ymax></bndbox></object><object><name>proposal</name><bndbox><xmin>193</xmin><ymin>461</ymin><xmax>134</xmax><ymax>210</ymax></bndbox></object><object><name>proposal</name><bndbox><xmin>349</xmin><ymin>654</ymin><xmax>77</xmax><ymax>60</ymax></bndbox></object><object><name>proposal</name><bndbox><xmin>193</xmin><ymin>514</ymin><xmax>104</xmax><ymax>126</ymax></bndbox></object><object><name>proposal</name><bndbox><xmin>349</xmin><ymin>654</ymin><xmax>81</xmax><ymax>78</ymax></bndbox></object><object><name>proposal</name><bndbox><xmin>239</xmin><ymin>450</ymin><xmax>43</xmax><ymax>50</ymax></bndbox></object><object><name>proposal</name><bndbox><xmin>336</xmin><ymin>639</ymin><xmax>145</xmax><ymax>102</ymax></bndbox></object><object><name>proposal</name><bndbox><xmin>213</xmin><ymin>437</ymin><xmax>69</xmax><ymax>41</ymax></bndbox></object><object><name>proposal</name><bndbox><xmin>226</xmin><ymin>555</ymin><xmax>57</xmax><ymax>23</ymax></bndbox></object><object><name>proposal</name><bndbox><xmin>336</xmin><ymin>640</ymin><xmax>54</xmax><ymax>92</ymax></bndbox></object><object><name>proposal</name><bndbox><xmin>336</xmin><ymin>631</ymin><xmax>148</xmax><ymax>111</ymax></bndbox></object><object><name>proposal</name><bndbox><xmin>213</xmin><ymin>438</ymin><xmax>68</xmax><ymax>37</ymax></bndbox></object><object><name>proposal</name><bndbox><xmin>395</xmin><ymin>632</ymin><xmax>79</xmax><ymax>75</ymax></bndbox></object><object><name>proposal</name><bndbox><xmin>344</xmin><ymin>597</ymin><xmax>174</xmax><ymax>130</ymax></bndbox></object><object><name>proposal</name><bndbox><xmin>368</xmin><ymin>643</ymin><xmax>93</xmax><ymax>54</ymax></bndbox></object><object><name>proposal</name><bndbox><xmin>219</xmin><ymin>520</ymin><xmax>79</xmax><ymax>42</ymax></bndbox></object><object><name>proposal</name><bndbox><xmin>348</xmin><ymin>652</ymin><xmax>84</xmax><ymax>54</ymax></bndbox></object><object><name>proposal</name><bndbox><xmin>228</xmin><ymin>541</ymin><xmax>57</xmax><ymax>38</ymax></bndbox></object><object><name>proposal</name><bndbox><xmin>212</xmin><ymin>543</ymin><xmax>56</xmax><ymax>155</ymax></bndbox></object><object><name>proposal</name><bndbox><xmin>349</xmin><ymin>654</ymin><xmax>81</xmax><ymax>66</ymax></bndbox></object><object><name>proposal</name><bndbox><xmin>223</xmin><ymin>514</ymin><xmax>110</xmax><ymax>104</ymax></bndbox></object><object><name>proposal</name><bndbox><xmin>354</xmin><ymin>652</ymin><xmax>78</xmax><ymax>68</ymax></bndbox></object><object><name>proposal</name><bndbox><xmin>194</xmin><ymin>550</ymin><xmax>76</xmax><ymax>69</ymax></bndbox></object><object><name>proposal</name><bndbox><xmin>365</xmin><ymin>652</ymin><xmax>67</xmax><ymax>36</ymax></bndbox></object><object><name>proposal</name><bndbox><xmin>349</xmin><ymin>654</ymin><xmax>80</xmax><ymax>60</ymax></bndbox></object><object><name>proposal</name><bndbox><xmin>350</xmin><ymin>667</ymin><xmax>77</xmax><ymax>48</ymax></bndbox></object><object><name>proposal</name><bndbox><xmin>354</xmin><ymin>663</ymin><xmax>74</xmax><ymax>57</ymax></bndbox></object><object><name>proposal</name><bndbox><xmin>225</xmin><ymin>540</ymin><xmax>61</xmax><ymax>38</ymax></bndbox></object><object><name>proposal</name><bndbox><xmin>219</xmin><ymin>541</ymin><xmax>66</xmax><ymax>38</ymax></bndbox></object><object><name>proposal</name><bndbox><xmin>336</xmin><ymin>639</ymin><xmax>72</xmax><ymax>91</ymax></bndbox></object><object><name>proposal</name><bndbox><xmin>393</xmin><ymin>640</ymin><xmax>64</xmax><ymax>102</ymax></bndbox></object><object><name>proposal</name><bndbox><xmin>219</xmin><ymin>514</ymin><xmax>78</xmax><ymax>49</ymax></bndbox></object><object><name>proposal</name><bndbox><xmin>336</xmin><ymin>639</ymin><xmax>121</xmax><ymax>93</ymax></bndbox></object><object><name>proposal</name><bndbox><xmin>350</xmin><ymin>680</ymin><xmax>70</xmax><ymax>35</ymax></bndbox></object><object><name>proposal</name><bndbox><xmin>350</xmin><ymin>664</ymin><xmax>77</xmax><ymax>51</ymax></bndbox></object><object><name>proposal</name><bndbox><xmin>236</xmin><ymin>451</ymin><xmax>42</xmax><ymax>31</ymax></bndbox></object><object><name>proposal</name><bndbox><xmin>218</xmin><ymin>531</ymin><xmax>69</xmax><ymax>51</ymax></bndbox></object><object><name>proposal</name><bndbox><xmin>228</xmin><ymin>517</ymin><xmax>98</xmax><ymax>73</ymax></bndbox></object><object><name>proposal</name><bndbox><xmin>232</xmin><ymin>514</ymin><xmax>65</xmax><ymax>36</ymax></bndbox></object><object><name>proposal</name><bndbox><xmin>236</xmin><ymin>451</ymin><xmax>42</xmax><ymax>23</ymax></bndbox></object><object><name>proposal</name><bndbox><xmin>213</xmin><ymin>517</ymin><xmax>111</xmax><ymax>91</ymax></bndbox></object><object><name>proposal</name><bndbox><xmin>393</xmin><ymin>640</ymin><xmax>91</xmax><ymax>102</ymax></bndbox></object><object><name>proposal</name><bndbox><xmin>221</xmin><ymin>534</ymin><xmax>103</xmax><ymax>74</ymax></bndbox></object><object><name>proposal</name><bndbox><xmin>400</xmin><ymin>650</ymin><xmax>61</xmax><ymax>47</ymax></bndbox></object><object><name>proposal</name><bndbox><xmin>344</xmin><ymin>643</ymin><xmax>83</xmax><ymax>83</ymax></bndbox></object><object><name>proposal</name><bndbox><xmin>194</xmin><ymin>517</ymin><xmax>132</xmax><ymax>135</ymax></bndbox></object><object><name>proposal</name><bndbox><xmin>237</xmin><ymin>450</ymin><xmax>46</xmax><ymax>27</ymax></bndbox></object><object><name>proposal</name><bndbox><xmin>348</xmin><ymin>652</ymin><xmax>82</xmax><ymax>62</ymax></bndbox></object><object><name>proposal</name><bndbox><xmin>212</xmin><ymin>436</ymin><xmax>73</xmax><ymax>38</ymax></bndbox></object><object><name>proposal</name><bndbox><xmin>336</xmin><ymin>632</ymin><xmax>145</xmax><ymax>109</ymax></bndbox></object><object><name>proposal</name><bndbox><xmin>346</xmin><ymin>643</ymin><xmax>64</xmax><ymax>65</ymax></bndbox></object></annotation>