<annotation><folder>Proposals</folder><filename>img-584.jpg</filename><size><width>459</width><height>300</height><depth>3</depth></size><object><name>proposal</name><bndbox><xmin>312</xmin><ymin>194</ymin><xmax>339</xmax><ymax>190</ymax></bndbox></object><object><name>proposal</name><bndbox><xmin>412</xmin><ymin>274</ymin><xmax>303</xmax><ymax>221</ymax></bndbox></object><object><name>proposal</name><bndbox><xmin>633</xmin><ymin>21</ymin><xmax>157</xmax><ymax>148</ymax></bndbox></object><object><name>proposal</name><bndbox><xmin>175</xmin><ymin>0</ymin><xmax>625</xmax><ymax>800</ymax></bndbox></object><object><name>proposal</name><bndbox><xmin>640</xmin><ymin>21</ymin><xmax>84</xmax><ymax>86</ymax></bndbox></object><object><name>proposal</name><bndbox><xmin>275</xmin><ymin>381</ymin><xmax>386</xmax><ymax>419</ymax></bndbox></object><object><name>proposal</name><bndbox><xmin>206</xmin><ymin>379</ymin><xmax>417</xmax><ymax>421</ymax></bndbox></object><object><name>proposal</name><bndbox><xmin>407</xmin><ymin>136</ymin><xmax>393</xmax><ymax>664</ymax></bndbox></object><object><name>proposal</name><bndbox><xmin>629</xmin><ymin>23</ymin><xmax>150</xmax><ymax>140</ymax></bndbox></object><object><name>proposal</name><bndbox><xmin>272</xmin><ymin>221</ymin><xmax>406</xmax><ymax>205</ymax></bndbox></object><object><name>proposal</name><bndbox><xmin>627</xmin><ymin>23</ymin><xmax>152</xmax><ymax>108</ymax></bndbox></object><object><name>proposal</name><bndbox><xmin>644</xmin><ymin>23</ymin><xmax>121</xmax><ymax>123</ymax></bndbox></object><object><name>proposal</name><bndbox><xmin>347</xmin><ymin>184</ymin><xmax>332</xmax><ymax>238</ymax></bndbox></object><object><name>proposal</name><bndbox><xmin>0</xmin><ymin>0</ymin><xmax>435</xmax><ymax>560</ymax></bndbox></object><object><name>proposal</name><bndbox><xmin>454</xmin><ymin>421</ymin><xmax>207</xmax><ymax>285</ymax></bndbox></object><object><name>proposal</name><bndbox><xmin>0</xmin><ymin>131</ymin><xmax>399</xmax><ymax>586</ymax></bndbox></object><object><name>proposal</name><bndbox><xmin>443</xmin><ymin>230</ymin><xmax>235</xmax><ymax>418</ymax></bndbox></object><object><name>proposal</name><bndbox><xmin>451</xmin><ymin>130</ymin><xmax>349</xmax><ymax>670</ymax></bndbox></object><object><name>proposal</name><bndbox><xmin>0</xmin><ymin>186</ymin><xmax>384</xmax><ymax>614</ymax></bndbox></object><object><name>proposal</name><bndbox><xmin>634</xmin><ymin>21</ymin><xmax>166</xmax><ymax>152</ymax></bndbox></object><object><name>proposal</name><bndbox><xmin>286</xmin><ymin>449</ymin><xmax>212</xmax><ymax>351</ymax></bndbox></object><object><name>proposal</name><bndbox><xmin>146</xmin><ymin>283</ymin><xmax>482</xmax><ymax>480</ymax></bndbox></object><object><name>proposal</name><bndbox><xmin>650</xmin><ymin>21</ymin><xmax>54</xmax><ymax>87</ymax></bndbox></object><object><name>proposal</name><bndbox><xmin>252</xmin><ymin>137</ymin><xmax>271</xmax><ymax>380</ymax></bndbox></object><object><name>proposal</name><bndbox><xmin>0</xmin><ymin>0</ymin><xmax>725</xmax><ymax>800</ymax></bndbox></object><object><name>proposal</name><bndbox><xmin>312</xmin><ymin>13</ymin><xmax>477</xmax><ymax>410</ymax></bndbox></object><object><name>proposal</name><bndbox><xmin>258</xmin><ymin>253</ymin><xmax>542</xmax><ymax>547</ymax></bndbox></object><object><name>proposal</name><bndbox><xmin>649</xmin><ymin>21</ymin><xmax>51</xmax><ymax>103</ymax></bndbox></object><object><name>proposal</name><bndbox><xmin>175</xmin><ymin>131</ymin><xmax>540</xmax><ymax>422</ymax></bndbox></object><object><name>proposal</name><bndbox><xmin>268</xmin><ymin>195</ymin><xmax>410</xmax><ymax>205</ymax></bndbox></object><object><name>proposal</name><bndbox><xmin>634</xmin><ymin>21</ymin><xmax>83</xmax><ymax>103</ymax></bndbox></object><object><name>proposal</name><bndbox><xmin>0</xmin><ymin>194</ymin><xmax>384</xmax><ymax>606</ymax></bndbox></object><object><name>proposal</name><bndbox><xmin>268</xmin><ymin>0</ymin><xmax>532</xmax><ymax>800</ymax></bndbox></object><object><name>proposal</name><bndbox><xmin>175</xmin><ymin>231</ymin><xmax>259</xmax><ymax>286</ymax></bndbox></object><object><name>proposal</name><bndbox><xmin>440</xmin><ymin>200</ymin><xmax>360</xmax><ymax>600</ymax></bndbox></object><object><name>proposal</name><bndbox><xmin>627</xmin><ymin>21</ymin><xmax>138</xmax><ymax>104</ymax></bndbox></object><object><name>proposal</name><bndbox><xmin>451</xmin><ymin>15</ymin><xmax>349</xmax><ymax>785</ymax></bndbox></object><object><name>proposal</name><bndbox><xmin>498</xmin><ymin>0</ymin><xmax>302</xmax><ymax>172</ymax></bndbox></object><object><name>proposal</name><bndbox><xmin>286</xmin><ymin>433</ymin><xmax>212</xmax><ymax>367</ymax></bndbox></object><object><name>proposal</name><bndbox><xmin>650</xmin><ymin>22</ymin><xmax>140</xmax><ymax>147</ymax></bndbox></object><object><name>proposal</name><bndbox><xmin>569</xmin><ymin>16</ymin><xmax>156</xmax><ymax>115</ymax></bndbox></object><object><name>proposal</name><bndbox><xmin>248</xmin><ymin>131</ymin><xmax>403</xmax><ymax>253</ymax></bndbox></object><object><name>proposal</name><bndbox><xmin>661</xmin><ymin>30</ymin><xmax>97</xmax><ymax>95</ymax></bndbox></object><object><name>proposal</name><bndbox><xmin>0</xmin><ymin>117</ymin><xmax>800</xmax><ymax>683</ymax></bndbox></object><object><name>proposal</name><bndbox><xmin>206</xmin><ymin>433</ymin><xmax>292</xmax><ymax>367</ymax></bndbox></object><object><name>proposal</name><bndbox><xmin>443</xmin><ymin>438</ymin><xmax>298</xmax><ymax>307</ymax></bndbox></object><object><name>proposal</name><bndbox><xmin>538</xmin><ymin>0</ymin><xmax>262</xmax><ymax>163</ymax></bndbox></object><object><name>proposal</name><bndbox><xmin>161</xmin><ymin>393</ymin><xmax>351</xmax><ymax>407</ymax></bndbox></object><object><name>proposal</name><bndbox><xmin>649</xmin><ymin>23</ymin><xmax>109</xmax><ymax>125</ymax></bndbox></object><object><name>proposal</name><bndbox><xmin>576</xmin><ymin>20</ymin><xmax>203</xmax><ymax>111</ymax></bndbox></object><object><name>proposal</name><bndbox><xmin>660</xmin><ymin>45</ymin><xmax>76</xmax><ymax>93</ymax></bndbox></object><object><name>proposal</name><bndbox><xmin>0</xmin><ymin>0</ymin><xmax>650</xmax><ymax>518</ymax></bndbox></object><object><name>proposal</name><bndbox><xmin>167</xmin><ymin>0</ymin><xmax>633</xmax><ymax>800</ymax></bndbox></object><object><name>proposal</name><bndbox><xmin>286</xmin><ymin>433</ymin><xmax>196</xmax><ymax>367</ymax></bndbox></object><object><name>proposal</name><bndbox><xmin>286</xmin><ymin>379</ymin><xmax>438</xmax><ymax>421</ymax></bndbox></object><object><name>proposal</name><bndbox><xmin>447</xmin><ymin>430</ymin><xmax>214</xmax><ymax>276</ymax></bndbox></object><object><name>proposal</name><bndbox><xmin>111</xmin><ymin>192</ymin><xmax>232</xmax><ymax>386</ymax></bndbox></object><object><name>proposal</name><bndbox><xmin>0</xmin><ymin>0</ymin><xmax>336</xmax><ymax>722</ymax></bndbox></object><object><name>proposal</name><bndbox><xmin>179</xmin><ymin>465</ymin><xmax>288</xmax><ymax>335</ymax></bndbox></object><object><name>proposal</name><bndbox><xmin>443</xmin><ymin>368</ymin><xmax>211</xmax><ymax>280</ymax></bndbox></object><object><name>proposal</name><bndbox><xmin>569</xmin><ymin>14</ymin><xmax>221</xmax><ymax>155</ymax></bndbox></object><object><name>proposal</name><bndbox><xmin>633</xmin><ymin>30</ymin><xmax>125</xmax><ymax>123</ymax></bndbox></object><object><name>proposal</name><bndbox><xmin>644</xmin><ymin>22</ymin><xmax>156</xmax><ymax>151</ymax></bndbox></object><object><name>proposal</name><bndbox><xmin>642</xmin><ymin>21</ymin><xmax>103</xmax><ymax>132</ymax></bndbox></object><object><name>proposal</name><bndbox><xmin>660</xmin><ymin>45</ymin><xmax>65</xmax><ymax>93</ymax></bndbox></object><object><name>proposal</name><bndbox><xmin>650</xmin><ymin>15</ymin><xmax>131</xmax><ymax>148</ymax></bndbox></object><object><name>proposal</name><bndbox><xmin>173</xmin><ymin>131</ymin><xmax>511</xmax><ymax>395</ymax></bndbox></object><object><name>proposal</name><bndbox><xmin>411</xmin><ymin>0</ymin><xmax>389</xmax><ymax>207</ymax></bndbox></object><object><name>proposal</name><bndbox><xmin>312</xmin><ymin>167</ymin><xmax>368</xmax><ymax>255</ymax></bndbox></object><object><name>proposal</name><bndbox><xmin>0</xmin><ymin>124</ymin><xmax>483</xmax><ymax>676</ymax></bndbox></object><object><name>proposal</name><bndbox><xmin>443</xmin><ymin>253</ymin><xmax>357</xmax><ymax>547</ymax></bndbox></object><object><name>proposal</name><bndbox><xmin>0</xmin><ymin>201</ymin><xmax>518</xmax><ymax>599</ymax></bndbox></object><object><name>proposal</name><bndbox><xmin>246</xmin><ymin>441</ymin><xmax>248</xmax><ymax>359</ymax></bndbox></object><object><name>proposal</name><bndbox><xmin>318</xmin><ymin>255</ymin><xmax>397</xmax><ymax>245</ymax></bndbox></object><object><name>proposal</name><bndbox><xmin>665</xmin><ymin>0</ymin><xmax>135</xmax><ymax>137</ymax></bndbox></object><object><name>proposal</name><bndbox><xmin>167</xmin><ymin>379</ymin><xmax>324</xmax><ymax>421</ymax></bndbox></object><object><name>proposal</name><bndbox><xmin>650</xmin><ymin>23</ymin><xmax>129</xmax><ymax>140</ymax></bndbox></object><object><name>proposal</name><bndbox><xmin>0</xmin><ymin>85</ymin><xmax>336</xmax><ymax>637</ymax></bndbox></object><object><name>proposal</name><bndbox><xmin>416</xmin><ymin>240</ymin><xmax>299</xmax><ymax>466</ymax></bndbox></object><object><name>proposal</name><bndbox><xmin>286</xmin><ymin>396</ymin><xmax>196</xmax><ymax>358</ymax></bndbox></object><object><name>proposal</name><bndbox><xmin>110</xmin><ymin>0</ymin><xmax>690</xmax><ymax>800</ymax></bndbox></object><object><name>proposal</name><bndbox><xmin>206</xmin><ymin>379</ymin><xmax>292</xmax><ymax>421</ymax></bndbox></object><object><name>proposal</name><bndbox><xmin>569</xmin><ymin>15</ymin><xmax>210</xmax><ymax>148</ymax></bndbox></object><object><name>proposal</name><bndbox><xmin>699</xmin><ymin>23</ymin><xmax>66</xmax><ymax>75</ymax></bndbox></object><object><name>proposal</name><bndbox><xmin>649</xmin><ymin>13</ymin><xmax>77</xmax><ymax>111</ymax></bndbox></object><object><name>proposal</name><bndbox><xmin>0</xmin><ymin>0</ymin><xmax>800</xmax><ymax>560</ymax></bndbox></object><object><name>proposal</name><bndbox><xmin>649</xmin><ymin>21</ymin><xmax>96</xmax><ymax>132</ymax></bndbox></object><object><name>proposal</name><bndbox><xmin>135</xmin><ymin>406</ymin><xmax>493</xmax><ymax>394</ymax></bndbox></object><object><name>proposal</name><bndbox><xmin>649</xmin><ymin>23</ymin><xmax>129</xmax><ymax>139</ymax></bndbox></object><object><name>proposal</name><bndbox><xmin>343</xmin><ymin>240</ymin><xmax>370</xmax><ymax>261</ymax></bndbox></object><object><name>proposal</name><bndbox><xmin>0</xmin><ymin>465</ymin><xmax>467</xmax><ymax>335</ymax></bndbox></object><object><name>proposal</name><bndbox><xmin>140</xmin><ymin>345</ymin><xmax>483</xmax><ymax>455</ymax></bndbox></object><object><name>proposal</name><bndbox><xmin>615</xmin><ymin>0</ymin><xmax>185</xmax><ymax>102</ymax></bndbox></object><object><name>proposal</name><bndbox><xmin>210</xmin><ymin>0</ymin><xmax>590</xmax><ymax>383</ymax></bndbox></object><object><name>proposal</name><bndbox><xmin>633</xmin><ymin>69</ymin><xmax>71</xmax><ymax>84</ymax></bndbox></object><object><name>proposal</name><bndbox><xmin>135</xmin><ymin>139</ymin><xmax>201</xmax><ymax>421</ymax></bndbox></object><object><name>proposal</name><bndbox><xmin>446</xmin><ymin>405</ymin><xmax>354</xmax><ymax>395</ymax></bndbox></object><object><name>proposal</name><bndbox><xmin>140</xmin><ymin>192</ymin><xmax>538</xmax><ymax>608</ymax></bndbox></object><object><name>proposal</name><bndbox><xmin>175</xmin><ymin>252</ymin><xmax>455</xmax><ymax>287</ymax></bndbox></object><object><name>proposal</name><bndbox><xmin>383</xmin><ymin>205</ymin><xmax>296</xmax><ymax>210</ymax></bndbox></object><object><name>proposal</name><bndbox><xmin>258</xmin><ymin>0</ymin><xmax>542</xmax><ymax>515</ymax></bndbox></object><object><name>proposal</name><bndbox><xmin>539</xmin><ymin>0</ymin><xmax>261</xmax><ymax>125</ymax></bndbox></object><object><name>proposal</name><bndbox><xmin>268</xmin><ymin>186</ymin><xmax>410</xmax><ymax>214</ymax></bndbox></object><object><name>proposal</name><bndbox><xmin>640</xmin><ymin>69</ymin><xmax>151</xmax><ymax>99</ymax></bndbox></object><object><name>proposal</name><bndbox><xmin>175</xmin><ymin>155</ymin><xmax>294</xmax><ymax>360</ymax></bndbox></object><object><name>proposal</name><bndbox><xmin>275</xmin><ymin>274</ymin><xmax>312</xmax><ymax>343</ymax></bndbox></object><object><name>proposal</name><bndbox><xmin>539</xmin><ymin>0</ymin><xmax>261</xmax><ymax>143</ymax></bndbox></object><object><name>proposal</name><bndbox><xmin>243</xmin><ymin>283</ymin><xmax>381</xmax><ymax>355</ymax></bndbox></object><object><name>proposal</name><bndbox><xmin>608</xmin><ymin>20</ymin><xmax>171</xmax><ymax>128</ymax></bndbox></object><object><name>proposal</name><bndbox><xmin>412</xmin><ymin>253</ymin><xmax>388</xmax><ymax>547</ymax></bndbox></object><object><name>proposal</name><bndbox><xmin>639</xmin><ymin>30</ymin><xmax>161</xmax><ymax>140</ymax></bndbox></object><object><name>proposal</name><bndbox><xmin>446</xmin><ymin>0</ymin><xmax>354</xmax><ymax>800</ymax></bndbox></object><object><name>proposal</name><bndbox><xmin>248</xmin><ymin>131</ymin><xmax>409</xmax><ymax>252</ymax></bndbox></object><object><name>proposal</name><bndbox><xmin>286</xmin><ymin>368</ymin><xmax>342</xmax><ymax>386</ymax></bndbox></object><object><name>proposal</name><bndbox><xmin>650</xmin><ymin>21</ymin><xmax>124</xmax><ymax>142</ymax></bndbox></object><object><name>proposal</name><bndbox><xmin>443</xmin><ymin>339</ymin><xmax>221</xmax><ymax>367</ymax></bndbox></object><object><name>proposal</name><bndbox><xmin>110</xmin><ymin>253</ymin><xmax>690</xmax><ymax>547</ymax></bndbox></object><object><name>proposal</name><bndbox><xmin>634</xmin><ymin>70</ymin><xmax>166</xmax><ymax>103</ymax></bndbox></object><object><name>proposal</name><bndbox><xmin>173</xmin><ymin>238</ymin><xmax>480</xmax><ymax>280</ymax></bndbox></object><object><name>proposal</name><bndbox><xmin>0</xmin><ymin>186</ymin><xmax>327</xmax><ymax>614</ymax></bndbox></object><object><name>proposal</name><bndbox><xmin>488</xmin><ymin>131</ymin><xmax>227</xmax><ymax>422</ymax></bndbox></object><object><name>proposal</name><bndbox><xmin>268</xmin><ymin>167</ymin><xmax>447</xmax><ymax>539</ymax></bndbox></object><object><name>proposal</name><bndbox><xmin>569</xmin><ymin>13</ymin><xmax>220</xmax><ymax>156</ymax></bndbox></object><object><name>proposal</name><bndbox><xmin>0</xmin><ymin>117</ymin><xmax>399</xmax><ymax>683</ymax></bndbox></object><object><name>proposal</name><bndbox><xmin>0</xmin><ymin>0</ymin><xmax>800</xmax><ymax>717</ymax></bndbox></object><object><name>proposal</name><bndbox><xmin>246</xmin><ymin>432</ymin><xmax>266</xmax><ymax>368</ymax></bndbox></object><object><name>proposal</name><bndbox><xmin>0</xmin><ymin>381</ymin><xmax>661</xmax><ymax>419</ymax></bndbox></object><object><name>proposal</name><bndbox><xmin>167</xmin><ymin>379</ymin><xmax>494</xmax><ymax>421</ymax></bndbox></object><object><name>proposal</name><bndbox><xmin>650</xmin><ymin>21</ymin><xmax>54</xmax><ymax>77</ymax></bndbox></object><object><name>proposal</name><bndbox><xmin>648</xmin><ymin>24</ymin><xmax>141</xmax><ymax>145</ymax></bndbox></object><object><name>proposal</name><bndbox><xmin>224</xmin><ymin>440</ymin><xmax>288</xmax><ymax>360</ymax></bndbox></object><object><name>proposal</name><bndbox><xmin>665</xmin><ymin>0</ymin><xmax>135</xmax><ymax>173</ymax></bndbox></object><object><name>proposal</name><bndbox><xmin>0</xmin><ymin>186</ymin><xmax>389</xmax><ymax>614</ymax></bndbox></object><object><name>proposal</name><bndbox><xmin>0</xmin><ymin>379</ymin><xmax>483</xmax><ymax>421</ymax></bndbox></object><object><name>proposal</name><bndbox><xmin>649</xmin><ymin>23</ymin><xmax>130</xmax><ymax>125</ymax></bndbox></object><object><name>proposal</name><bndbox><xmin>383</xmin><ymin>222</ymin><xmax>296</xmax><ymax>193</ymax></bndbox></object><object><name>proposal</name><bndbox><xmin>639</xmin><ymin>77</ymin><xmax>90</xmax><ymax>83</ymax></bndbox></object><object><name>proposal</name><bndbox><xmin>446</xmin><ymin>302</ymin><xmax>278</xmax><ymax>498</ymax></bndbox></object><object><name>proposal</name><bndbox><xmin>701</xmin><ymin>30</ymin><xmax>57</xmax><ymax>116</ymax></bndbox></object><object><name>proposal</name><bndbox><xmin>491</xmin><ymin>0</ymin><xmax>309</xmax><ymax>238</ymax></bndbox></object><object><name>proposal</name><bndbox><xmin>569</xmin><ymin>14</ymin><xmax>196</xmax><ymax>84</ymax></bndbox></object><object><name>proposal</name><bndbox><xmin>443</xmin><ymin>430</ymin><xmax>257</xmax><ymax>370</ymax></bndbox></object><object><name>proposal</name><bndbox><xmin>318</xmin><ymin>283</ymin><xmax>310</xmax><ymax>212</ymax></bndbox></object><object><name>proposal</name><bndbox><xmin>642</xmin><ymin>21</ymin><xmax>103</xmax><ymax>124</ymax></bndbox></object><object><name>proposal</name><bndbox><xmin>221</xmin><ymin>442</ymin><xmax>262</xmax><ymax>214</ymax></bndbox></object><object><name>proposal</name><bndbox><xmin>627</xmin><ymin>15</ymin><xmax>154</xmax><ymax>136</ymax></bndbox></object><object><name>proposal</name><bndbox><xmin>629</xmin><ymin>23</ymin><xmax>149</xmax><ymax>139</ymax></bndbox></object><object><name>proposal</name><bndbox><xmin>705</xmin><ymin>30</ymin><xmax>59</xmax><ymax>86</ymax></bndbox></object><object><name>proposal</name><bndbox><xmin>26</xmin><ymin>440</ymin><xmax>486</xmax><ymax>360</ymax></bndbox></object><object><name>proposal</name><bndbox><xmin>437</xmin><ymin>136</ymin><xmax>363</xmax><ymax>664</ymax></bndbox></object><object><name>proposal</name><bndbox><xmin>406</xmin><ymin>130</ymin><xmax>394</xmax><ymax>670</ymax></bndbox></object><object><name>proposal</name><bndbox><xmin>650</xmin><ymin>30</ymin><xmax>150</xmax><ymax>145</ymax></bndbox></object><object><name>proposal</name><bndbox><xmin>286</xmin><ymin>379</ymin><xmax>228</xmax><ymax>404</ymax></bndbox></object><object><name>proposal</name><bndbox><xmin>0</xmin><ymin>186</ymin><xmax>348</xmax><ymax>614</ymax></bndbox></object><object><name>proposal</name><bndbox><xmin>175</xmin><ymin>231</ymin><xmax>625</xmax><ymax>569</ymax></bndbox></object><object><name>proposal</name><bndbox><xmin>0</xmin><ymin>0</ymin><xmax>399</xmax><ymax>717</ymax></bndbox></object><object><name>proposal</name><bndbox><xmin>639</xmin><ymin>29</ymin><xmax>156</xmax><ymax>143</ymax></bndbox></object><object><name>proposal</name><bndbox><xmin>182</xmin><ymin>0</ymin><xmax>618</xmax><ymax>552</ymax></bndbox></object><object><name>proposal</name><bndbox><xmin>312</xmin><ymin>199</ymin><xmax>368</xmax><ymax>223</ymax></bndbox></object><object><name>proposal</name><bndbox><xmin>627</xmin><ymin>23</ymin><xmax>152</xmax><ymax>141</ymax></bndbox></object><object><name>proposal</name><bndbox><xmin>0</xmin><ymin>118</ymin><xmax>800</xmax><ymax>682</ymax></bndbox></object><object><name>proposal</name><bndbox><xmin>258</xmin><ymin>274</ymin><xmax>427</xmax><ymax>526</ymax></bndbox></object><object><name>proposal</name><bndbox><xmin>649</xmin><ymin>21</ymin><xmax>151</xmax><ymax>152</ymax></bndbox></object><object><name>proposal</name><bndbox><xmin>678</xmin><ymin>85</ymin><xmax>67</xmax><ymax>67</ymax></bndbox></object><object><name>proposal</name><bndbox><xmin>607</xmin><ymin>7</ymin><xmax>193</xmax><ymax>168</ymax></bndbox></object><object><name>proposal</name><bndbox><xmin>167</xmin><ymin>379</ymin><xmax>557</xmax><ymax>421</ymax></bndbox></object><object><name>proposal</name><bndbox><xmin>467</xmin><ymin>421</ymin><xmax>194</xmax><ymax>285</ymax></bndbox></object><object><name>proposal</name><bndbox><xmin>446</xmin><ymin>254</ymin><xmax>354</xmax><ymax>546</ymax></bndbox></object><object><name>proposal</name><bndbox><xmin>650</xmin><ymin>69</ymin><xmax>54</xmax><ymax>84</ymax></bndbox></object><object><name>proposal</name><bndbox><xmin>252</xmin><ymin>137</ymin><xmax>548</xmax><ymax>380</ymax></bndbox></object><object><name>proposal</name><bndbox><xmin>696</xmin><ymin>29</ymin><xmax>94</xmax><ymax>140</ymax></bndbox></object><object><name>proposal</name><bndbox><xmin>286</xmin><ymin>379</ymin><xmax>196</xmax><ymax>421</ymax></bndbox></object><object><name>proposal</name><bndbox><xmin>268</xmin><ymin>221</ymin><xmax>410</xmax><ymax>205</ymax></bndbox></object><object><name>proposal</name><bndbox><xmin>197</xmin><ymin>179</ymin><xmax>515</xmax><ymax>336</ymax></bndbox></object><object><name>proposal</name><bndbox><xmin>629</xmin><ymin>20</ymin><xmax>150</xmax><ymax>124</ymax></bndbox></object><object><name>proposal</name><bndbox><xmin>650</xmin><ymin>21</ymin><xmax>108</xmax><ymax>104</ymax></bndbox></object><object><name>proposal</name><bndbox><xmin>312</xmin><ymin>0</ymin><xmax>488</xmax><ymax>800</ymax></bndbox></object><object><name>proposal</name><bndbox><xmin>383</xmin><ymin>205</ymin><xmax>300</xmax><ymax>217</ymax></bndbox></object><object><name>proposal</name><bndbox><xmin>206</xmin><ymin>449</ymin><xmax>312</xmax><ymax>351</ymax></bndbox></object><object><name>proposal</name><bndbox><xmin>608</xmin><ymin>17</ymin><xmax>171</xmax><ymax>146</ymax></bndbox></object><object><name>proposal</name><bndbox><xmin>443</xmin><ymin>285</ymin><xmax>272</xmax><ymax>267</ymax></bndbox></object><object><name>proposal</name><bndbox><xmin>633</xmin><ymin>21</ymin><xmax>92</xmax><ymax>110</ymax></bndbox></object><object><name>proposal</name><bndbox><xmin>576</xmin><ymin>20</ymin><xmax>203</xmax><ymax>107</ymax></bndbox></object><object><name>proposal</name><bndbox><xmin>344</xmin><ymin>167</ymin><xmax>334</xmax><ymax>255</ymax></bndbox></object><object><name>proposal</name><bndbox><xmin>267</xmin><ymin>131</ymin><xmax>448</xmax><ymax>575</ymax></bndbox></object><object><name>proposal</name><bndbox><xmin>312</xmin><ymin>193</ymin><xmax>339</xmax><ymax>191</ymax></bndbox></object><object><name>proposal</name><bndbox><xmin>563</xmin><ymin>13</ymin><xmax>163</xmax><ymax>70</ymax></bndbox></object><object><name>proposal</name><bndbox><xmin>695</xmin><ymin>30</ymin><xmax>105</xmax><ymax>143</ymax></bndbox></object><object><name>proposal</name><bndbox><xmin>650</xmin><ymin>21</ymin><xmax>75</xmax><ymax>132</ymax></bndbox></object><object><name>proposal</name><bndbox><xmin>608</xmin><ymin>19</ymin><xmax>163</xmax><ymax>129</ymax></bndbox></object><object><name>proposal</name><bndbox><xmin>286</xmin><ymin>0</ymin><xmax>514</xmax><ymax>800</ymax></bndbox></object><object><name>proposal</name><bndbox><xmin>221</xmin><ymin>400</ymin><xmax>262</xmax><ymax>256</ymax></bndbox></object><object><name>proposal</name><bndbox><xmin>650</xmin><ymin>24</ymin><xmax>108</xmax><ymax>101</ymax></bndbox></object><object><name>proposal</name><bndbox><xmin>167</xmin><ymin>379</ymin><xmax>316</xmax><ymax>421</ymax></bndbox></object><object><name>proposal</name><bndbox><xmin>615</xmin><ymin>0</ymin><xmax>185</xmax><ymax>175</ymax></bndbox></object><object><name>proposal</name><bndbox><xmin>451</xmin><ymin>454</ymin><xmax>273</xmax><ymax>346</ymax></bndbox></object><object><name>proposal</name><bndbox><xmin>608</xmin><ymin>16</ymin><xmax>150</xmax><ymax>137</ymax></bndbox></object><object><name>proposal</name><bndbox><xmin>268</xmin><ymin>167</ymin><xmax>447</xmax><ymax>333</ymax></bndbox></object><object><name>proposal</name><bndbox><xmin>583</xmin><ymin>77</ymin><xmax>146</xmax><ymax>131</ymax></bndbox></object><object><name>proposal</name><bndbox><xmin>634</xmin><ymin>21</ymin><xmax>70</xmax><ymax>103</ymax></bndbox></object><object><name>proposal</name><bndbox><xmin>629</xmin><ymin>23</ymin><xmax>150</xmax><ymax>121</ymax></bndbox></object><object><name>proposal</name><bndbox><xmin>37</xmin><ymin>461</ymin><xmax>475</xmax><ymax>339</ymax></bndbox></object><object><name>proposal</name><bndbox><xmin>400</xmin><ymin>274</ymin><xmax>250</xmax><ymax>221</ymax></bndbox></object><object><name>proposal</name><bndbox><xmin>629</xmin><ymin>20</ymin><xmax>129</xmax><ymax>124</ymax></bndbox></object><object><name>proposal</name><bndbox><xmin>151</xmin><ymin>221</ymin><xmax>527</xmax><ymax>579</ymax></bndbox></object><object><name>proposal</name><bndbox><xmin>135</xmin><ymin>406</ymin><xmax>332</xmax><ymax>207</ymax></bndbox></object><object><name>proposal</name><bndbox><xmin>634</xmin><ymin>29</ymin><xmax>166</xmax><ymax>144</ymax></bndbox></object><object><name>proposal</name><bndbox><xmin>0</xmin><ymin>118</ymin><xmax>384</xmax><ymax>682</ymax></bndbox></object><object><name>proposal</name><bndbox><xmin>443</xmin><ymin>430</ymin><xmax>218</xmax><ymax>276</ymax></bndbox></object><object><name>proposal</name><bndbox><xmin>569</xmin><ymin>15</ymin><xmax>221</xmax><ymax>154</ymax></bndbox></object><object><name>proposal</name><bndbox><xmin>633</xmin><ymin>48</ymin><xmax>70</xmax><ymax>76</ymax></bndbox></object><object><name>proposal</name><bndbox><xmin>0</xmin><ymin>0</ymin><xmax>368</xmax><ymax>800</ymax></bndbox></object><object><name>proposal</name><bndbox><xmin>0</xmin><ymin>201</ymin><xmax>525</xmax><ymax>599</ymax></bndbox></object><object><name>proposal</name><bndbox><xmin>574</xmin><ymin>17</ymin><xmax>205</xmax><ymax>146</ymax></bndbox></object><object><name>proposal</name><bndbox><xmin>246</xmin><ymin>441</ymin><xmax>266</xmax><ymax>359</ymax></bndbox></object><object><name>proposal</name><bndbox><xmin>268</xmin><ymin>131</ymin><xmax>444</xmax><ymax>575</ymax></bndbox></object><object><name>proposal</name><bndbox><xmin>615</xmin><ymin>0</ymin><xmax>185</xmax><ymax>143</ymax></bndbox></object><object><name>proposal</name><bndbox><xmin>286</xmin><ymin>432</ymin><xmax>228</xmax><ymax>351</ymax></bndbox></object><object><name>proposal</name><bndbox><xmin>689</xmin><ymin>86</ymin><xmax>102</xmax><ymax>82</ymax></bndbox></object><object><name>proposal</name><bndbox><xmin>275</xmin><ymin>381</ymin><xmax>237</xmax><ymax>419</ymax></bndbox></object><object><name>proposal</name><bndbox><xmin>649</xmin><ymin>21</ymin><xmax>141</xmax><ymax>148</ymax></bndbox></object><object><name>proposal</name><bndbox><xmin>155</xmin><ymin>461</ymin><xmax>357</xmax><ymax>339</ymax></bndbox></object><object><name>proposal</name><bndbox><xmin>451</xmin><ymin>253</ymin><xmax>349</xmax><ymax>547</ymax></bndbox></object><object><name>proposal</name><bndbox><xmin>563</xmin><ymin>13</ymin><xmax>163</xmax><ymax>111</ymax></bndbox></object><object><name>proposal</name><bndbox><xmin>206</xmin><ymin>430</ymin><xmax>414</xmax><ymax>370</ymax></bndbox></object><object><name>proposal</name><bndbox><xmin>267</xmin><ymin>192</ymin><xmax>411</xmax><ymax>308</ymax></bndbox></object><object><name>proposal</name><bndbox><xmin>175</xmin><ymin>231</ymin><xmax>334</xmax><ymax>403</ymax></bndbox></object><object><name>proposal</name><bndbox><xmin>650</xmin><ymin>15</ymin><xmax>128</xmax><ymax>148</ymax></bndbox></object><object><name>proposal</name><bndbox><xmin>650</xmin><ymin>22</ymin><xmax>150</xmax><ymax>151</ymax></bndbox></object><object><name>proposal</name><bndbox><xmin>655</xmin><ymin>118</ymin><xmax>124</xmax><ymax>46</ymax></bndbox></object><object><name>proposal</name><bndbox><xmin>286</xmin><ymin>442</ymin><xmax>196</xmax><ymax>312</ymax></bndbox></object><object><name>proposal</name><bndbox><xmin>175</xmin><ymin>131</ymin><xmax>476</xmax><ymax>386</ymax></bndbox></object><object><name>proposal</name><bndbox><xmin>615</xmin><ymin>0</ymin><xmax>185</xmax><ymax>153</ymax></bndbox></object><object><name>proposal</name><bndbox><xmin>0</xmin><ymin>0</ymin><xmax>468</xmax><ymax>800</ymax></bndbox></object><object><name>proposal</name><bndbox><xmin>0</xmin><ymin>15</ymin><xmax>336</xmax><ymax>699</ymax></bndbox></object><object><name>proposal</name><bndbox><xmin>347</xmin><ymin>167</ymin><xmax>331</xmax><ymax>255</ymax></bndbox></object><object><name>proposal</name><bndbox><xmin>343</xmin><ymin>261</ymin><xmax>370</xmax><ymax>240</ymax></bndbox></object><object><name>proposal</name><bndbox><xmin>115</xmin><ymin>360</ymin><xmax>353</xmax><ymax>440</ymax></bndbox></object><object><name>proposal</name><bndbox><xmin>0</xmin><ymin>0</ymin><xmax>800</xmax><ymax>607</ymax></bndbox></object><object><name>proposal</name><bndbox><xmin>268</xmin><ymin>131</ymin><xmax>370</xmax><ymax>252</ymax></bndbox></object><object><name>proposal</name><bndbox><xmin>655</xmin><ymin>118</ymin><xmax>124</xmax><ymax>45</ymax></bndbox></object><object><name>proposal</name><bndbox><xmin>644</xmin><ymin>22</ymin><xmax>146</xmax><ymax>147</ymax></bndbox></object><object><name>proposal</name><bndbox><xmin>110</xmin><ymin>393</ymin><xmax>402</xmax><ymax>407</ymax></bndbox></object><object><name>proposal</name><bndbox><xmin>443</xmin><ymin>408</ymin><xmax>357</xmax><ymax>392</ymax></bndbox></object><object><name>proposal</name><bndbox><xmin>650</xmin><ymin>23</ymin><xmax>114</xmax><ymax>128</ymax></bndbox></object><object><name>proposal</name><bndbox><xmin>640</xmin><ymin>21</ymin><xmax>151</xmax><ymax>147</ymax></bndbox></object><object><name>proposal</name><bndbox><xmin>173</xmin><ymin>131</ymin><xmax>511</xmax><ymax>387</ymax></bndbox></object><object><name>proposal</name><bndbox><xmin>576</xmin><ymin>20</ymin><xmax>203</xmax><ymax>144</ymax></bndbox></object><object><name>proposal</name><bndbox><xmin>695</xmin><ymin>30</ymin><xmax>94</xmax><ymax>139</ymax></bndbox></object><object><name>proposal</name><bndbox><xmin>538</xmin><ymin>0</ymin><xmax>262</xmax><ymax>143</ymax></bndbox></object><object><name>proposal</name><bndbox><xmin>576</xmin><ymin>20</ymin><xmax>203</xmax><ymax>143</ymax></bndbox></object><object><name>proposal</name><bndbox><xmin>443</xmin><ymin>430</ymin><xmax>243</xmax><ymax>370</ymax></bndbox></object><object><name>proposal</name><bndbox><xmin>151</xmin><ymin>337</ymin><xmax>238</xmax><ymax>293</ymax></bndbox></object><object><name>proposal</name><bndbox><xmin>175</xmin><ymin>155</ymin><xmax>503</xmax><ymax>360</ymax></bndbox></object><object><name>proposal</name><bndbox><xmin>343</xmin><ymin>138</ymin><xmax>341</xmax><ymax>284</ymax></bndbox></object><object><name>proposal</name><bndbox><xmin>446</xmin><ymin>449</ymin><xmax>277</xmax><ymax>351</ymax></bndbox></object><object><name>proposal</name><bndbox><xmin>135</xmin><ymin>406</ymin><xmax>493</xmax><ymax>300</ymax></bndbox></object><object><name>proposal</name><bndbox><xmin>669</xmin><ymin>93</ymin><xmax>131</xmax><ymax>82</ymax></bndbox></object><object><name>proposal</name><bndbox><xmin>111</xmin><ymin>131</ymin><xmax>689</xmax><ymax>669</ymax></bndbox></object><object><name>proposal</name><bndbox><xmin>649</xmin><ymin>23</ymin><xmax>130</xmax><ymax>140</ymax></bndbox></object><object><name>proposal</name><bndbox><xmin>111</xmin><ymin>131</ymin><xmax>613</xmax><ymax>669</ymax></bndbox></object><object><name>proposal</name><bndbox><xmin>286</xmin><ymin>449</ymin><xmax>232</xmax><ymax>351</ymax></bndbox></object><object><name>proposal</name><bndbox><xmin>610</xmin><ymin>21</ymin><xmax>169</xmax><ymax>110</ymax></bndbox></object><object><name>proposal</name><bndbox><xmin>443</xmin><ymin>339</ymin><xmax>281</xmax><ymax>461</ymax></bndbox></object><object><name>proposal</name><bndbox><xmin>173</xmin><ymin>221</ymin><xmax>505</xmax><ymax>297</ymax></bndbox></object><object><name>proposal</name><bndbox><xmin>312</xmin><ymin>167</ymin><xmax>367</xmax><ymax>255</ymax></bndbox></object><object><name>proposal</name><bndbox><xmin>221</xmin><ymin>379</ymin><xmax>440</xmax><ymax>277</ymax></bndbox></object><object><name>proposal</name><bndbox><xmin>406</xmin><ymin>454</ymin><xmax>318</xmax><ymax>346</ymax></bndbox></object><object><name>proposal</name><bndbox><xmin>627</xmin><ymin>21</ymin><xmax>138</xmax><ymax>110</ymax></bndbox></object><object><name>proposal</name><bndbox><xmin>648</xmin><ymin>22</ymin><xmax>142</xmax><ymax>147</ymax></bndbox></object><object><name>proposal</name><bndbox><xmin>412</xmin><ymin>283</ymin><xmax>312</xmax><ymax>517</ymax></bndbox></object><object><name>proposal</name><bndbox><xmin>146</xmin><ymin>139</ymin><xmax>190</xmax><ymax>421</ymax></bndbox></object><object><name>proposal</name><bndbox><xmin>576</xmin><ymin>20</ymin><xmax>189</xmax><ymax>105</ymax></bndbox></object><object><name>proposal</name><bndbox><xmin>268</xmin><ymin>167</ymin><xmax>416</xmax><ymax>217</ymax></bndbox></object><object><name>proposal</name><bndbox><xmin>0</xmin><ymin>85</ymin><xmax>336</xmax><ymax>629</ymax></bndbox></object><object><name>proposal</name><bndbox><xmin>629</xmin><ymin>20</ymin><xmax>150</xmax><ymax>142</ymax></bndbox></object><object><name>proposal</name><bndbox><xmin>665</xmin><ymin>0</ymin><xmax>135</xmax><ymax>170</ymax></bndbox></object><object><name>proposal</name><bndbox><xmin>639</xmin><ymin>79</ymin><xmax>65</xmax><ymax>74</ymax></bndbox></object><object><name>proposal</name><bndbox><xmin>610</xmin><ymin>21</ymin><xmax>155</xmax><ymax>104</ymax></bndbox></object><object><name>proposal</name><bndbox><xmin>498</xmin><ymin>0</ymin><xmax>302</xmax><ymax>125</ymax></bndbox></object></annotation>