<annotation><folder>Proposals</folder><filename>img-168.jpg</filename><size><width>720</width><height>720</height><depth>3</depth></size><object><name>proposal</name><bndbox><xmin>314</xmin><ymin>291</ymin><xmax>131</xmax><ymax>80</ymax></bndbox></object><object><name>proposal</name><bndbox><xmin>293</xmin><ymin>311</ymin><xmax>114</xmax><ymax>80</ymax></bndbox></object><object><name>proposal</name><bndbox><xmin>256</xmin><ymin>293</ymin><xmax>187</xmax><ymax>100</ymax></bndbox></object><object><name>proposal</name><bndbox><xmin>260</xmin><ymin>271</ymin><xmax>159</xmax><ymax>65</ymax></bndbox></object><object><name>proposal</name><bndbox><xmin>260</xmin><ymin>296</ymin><xmax>280</xmax><ymax>102</ymax></bndbox></object><object><name>proposal</name><bndbox><xmin>256</xmin><ymin>291</ymin><xmax>267</xmax><ymax>132</ymax></bndbox></object><object><name>proposal</name><bndbox><xmin>390</xmin><ymin>329</ymin><xmax>133</xmax><ymax>102</ymax></bndbox></object><object><name>proposal</name><bndbox><xmin>366</xmin><ymin>309</ymin><xmax>107</xmax><ymax>63</ymax></bndbox></object><object><name>proposal</name><bndbox><xmin>260</xmin><ymin>307</ymin><xmax>283</xmax><ymax>218</ymax></bndbox></object><object><name>proposal</name><bndbox><xmin>94</xmin><ymin>85</ymin><xmax>141</xmax><ymax>69</ymax></bndbox></object><object><name>proposal</name><bndbox><xmin>264</xmin><ymin>307</ymin><xmax>276</xmax><ymax>91</ymax></bndbox></object><object><name>proposal</name><bndbox><xmin>351</xmin><ymin>300</ymin><xmax>98</xmax><ymax>71</ymax></bndbox></object><object><name>proposal</name><bndbox><xmin>256</xmin><ymin>290</ymin><xmax>193</xmax><ymax>103</ymax></bndbox></object><object><name>proposal</name><bndbox><xmin>307</xmin><ymin>271</ymin><xmax>195</xmax><ymax>78</ymax></bndbox></object><object><name>proposal</name><bndbox><xmin>375</xmin><ymin>329</ymin><xmax>148</xmax><ymax>102</ymax></bndbox></object><object><name>proposal</name><bndbox><xmin>264</xmin><ymin>305</ymin><xmax>141</xmax><ymax>88</ymax></bndbox></object><object><name>proposal</name><bndbox><xmin>259</xmin><ymin>290</ymin><xmax>265</xmax><ymax>106</ymax></bndbox></object><object><name>proposal</name><bndbox><xmin>256</xmin><ymin>290</ymin><xmax>284</xmax><ymax>145</ymax></bndbox></object><object><name>proposal</name><bndbox><xmin>276</xmin><ymin>280</ymin><xmax>173</xmax><ymax>113</ymax></bndbox></object><object><name>proposal</name><bndbox><xmin>389</xmin><ymin>329</ymin><xmax>134</xmax><ymax>73</ymax></bndbox></object><object><name>proposal</name><bndbox><xmin>276</xmin><ymin>289</ymin><xmax>247</xmax><ymax>113</ymax></bndbox></object><object><name>proposal</name><bndbox><xmin>276</xmin><ymin>291</ymin><xmax>248</xmax><ymax>109</ymax></bndbox></object><object><name>proposal</name><bndbox><xmin>293</xmin><ymin>311</ymin><xmax>230</xmax><ymax>90</ymax></bndbox></object><object><name>proposal</name><bndbox><xmin>293</xmin><ymin>311</ymin><xmax>91</xmax><ymax>80</ymax></bndbox></object><object><name>proposal</name><bndbox><xmin>256</xmin><ymin>293</ymin><xmax>146</xmax><ymax>57</ymax></bndbox></object><object><name>proposal</name><bndbox><xmin>259</xmin><ymin>291</ymin><xmax>265</xmax><ymax>107</ymax></bndbox></object><object><name>proposal</name><bndbox><xmin>353</xmin><ymin>291</ymin><xmax>92</xmax><ymax>80</ymax></bndbox></object><object><name>proposal</name><bndbox><xmin>292</xmin><ymin>294</ymin><xmax>232</xmax><ymax>106</ymax></bndbox></object><object><name>proposal</name><bndbox><xmin>91</xmin><ymin>107</ymin><xmax>65</xmax><ymax>29</ymax></bndbox></object><object><name>proposal</name><bndbox><xmin>260</xmin><ymin>271</ymin><xmax>189</xmax><ymax>102</ymax></bndbox></object><object><name>proposal</name><bndbox><xmin>278</xmin><ymin>307</ymin><xmax>106</xmax><ymax>86</ymax></bndbox></object><object><name>proposal</name><bndbox><xmin>293</xmin><ymin>336</ymin><xmax>250</xmax><ymax>121</ymax></bndbox></object><object><name>proposal</name><bndbox><xmin>196</xmin><ymin>197</ymin><xmax>308</xmax><ymax>194</ymax></bndbox></object><object><name>proposal</name><bndbox><xmin>259</xmin><ymin>294</ymin><xmax>265</xmax><ymax>106</ymax></bndbox></object><object><name>proposal</name><bndbox><xmin>264</xmin><ymin>270</ymin><xmax>276</xmax><ymax>128</ymax></bndbox></object><object><name>proposal</name><bndbox><xmin>390</xmin><ymin>324</ymin><xmax>150</xmax><ymax>111</ymax></bndbox></object><object><name>proposal</name><bndbox><xmin>349</xmin><ymin>293</ymin><xmax>106</xmax><ymax>80</ymax></bndbox></object><object><name>proposal</name><bndbox><xmin>260</xmin><ymin>307</ymin><xmax>280</xmax><ymax>65</ymax></bndbox></object><object><name>proposal</name><bndbox><xmin>353</xmin><ymin>291</ymin><xmax>151</xmax><ymax>82</ymax></bndbox></object><object><name>proposal</name><bndbox><xmin>351</xmin><ymin>288</ymin><xmax>152</xmax><ymax>89</ymax></bndbox></object><object><name>proposal</name><bndbox><xmin>256</xmin><ymin>291</ymin><xmax>267</xmax><ymax>114</ymax></bndbox></object><object><name>proposal</name><bndbox><xmin>276</xmin><ymin>290</ymin><xmax>264</xmax><ymax>145</ymax></bndbox></object><object><name>proposal</name><bndbox><xmin>276</xmin><ymin>290</ymin><xmax>173</xmax><ymax>103</ymax></bndbox></object><object><name>proposal</name><bndbox><xmin>292</xmin><ymin>307</ymin><xmax>92</xmax><ymax>86</ymax></bndbox></object><object><name>proposal</name><bndbox><xmin>264</xmin><ymin>300</ymin><xmax>259</xmax><ymax>98</ymax></bndbox></object><object><name>proposal</name><bndbox><xmin>256</xmin><ymin>293</ymin><xmax>274</xmax><ymax>114</ymax></bndbox></object><object><name>proposal</name><bndbox><xmin>92</xmin><ymin>109</ymin><xmax>49</xmax><ymax>20</ymax></bndbox></object><object><name>proposal</name><bndbox><xmin>351</xmin><ymin>293</ymin><xmax>104</xmax><ymax>71</ymax></bndbox></object><object><name>proposal</name><bndbox><xmin>259</xmin><ymin>293</ymin><xmax>265</xmax><ymax>110</ymax></bndbox></object><object><name>proposal</name><bndbox><xmin>349</xmin><ymin>330</ymin><xmax>174</xmax><ymax>68</ymax></bndbox></object><object><name>proposal</name><bndbox><xmin>92</xmin><ymin>108</ymin><xmax>64</xmax><ymax>24</ymax></bndbox></object><object><name>proposal</name><bndbox><xmin>114</xmin><ymin>137</ymin><xmax>51</xmax><ymax>17</ymax></bndbox></object><object><name>proposal</name><bndbox><xmin>351</xmin><ymin>293</ymin><xmax>104</xmax><ymax>79</ymax></bndbox></object><object><name>proposal</name><bndbox><xmin>292</xmin><ymin>293</ymin><xmax>231</xmax><ymax>138</ymax></bndbox></object><object><name>proposal</name><bndbox><xmin>276</xmin><ymin>280</ymin><xmax>179</xmax><ymax>113</ymax></bndbox></object><object><name>proposal</name><bndbox><xmin>256</xmin><ymin>291</ymin><xmax>199</xmax><ymax>100</ymax></bndbox></object><object><name>proposal</name><bndbox><xmin>312</xmin><ymin>291</ymin><xmax>131</xmax><ymax>52</ymax></bndbox></object><object><name>proposal</name><bndbox><xmin>256</xmin><ymin>280</ymin><xmax>284</xmax><ymax>155</ymax></bndbox></object><object><name>proposal</name><bndbox><xmin>256</xmin><ymin>271</ymin><xmax>284</xmax><ymax>140</ymax></bndbox></object><object><name>proposal</name><bndbox><xmin>196</xmin><ymin>197</ymin><xmax>347</xmax><ymax>328</ymax></bndbox></object><object><name>proposal</name><bndbox><xmin>349</xmin><ymin>309</ymin><xmax>191</xmax><ymax>89</ymax></bndbox></object><object><name>proposal</name><bndbox><xmin>264</xmin><ymin>315</ymin><xmax>120</xmax><ymax>76</ymax></bndbox></object><object><name>proposal</name><bndbox><xmin>276</xmin><ymin>290</ymin><xmax>179</xmax><ymax>103</ymax></bndbox></object><object><name>proposal</name><bndbox><xmin>264</xmin><ymin>270</ymin><xmax>259</xmax><ymax>128</ymax></bndbox></object><object><name>proposal</name><bndbox><xmin>308</xmin><ymin>290</ymin><xmax>216</xmax><ymax>106</ymax></bndbox></object><object><name>proposal</name><bndbox><xmin>314</xmin><ymin>291</ymin><xmax>209</xmax><ymax>132</ymax></bndbox></object><object><name>proposal</name><bndbox><xmin>260</xmin><ymin>300</ymin><xmax>145</xmax><ymax>93</ymax></bndbox></object><object><name>proposal</name><bndbox><xmin>196</xmin><ymin>197</ymin><xmax>305</xmax><ymax>148</ymax></bndbox></object><object><name>proposal</name><bndbox><xmin>351</xmin><ymin>300</ymin><xmax>98</xmax><ymax>73</ymax></bndbox></object><object><name>proposal</name><bndbox><xmin>256</xmin><ymin>299</ymin><xmax>128</xmax><ymax>92</ymax></bndbox></object><object><name>proposal</name><bndbox><xmin>259</xmin><ymin>290</ymin><xmax>264</xmax><ymax>108</ymax></bndbox></object><object><name>proposal</name><bndbox><xmin>196</xmin><ymin>233</ymin><xmax>305</xmax><ymax>112</ymax></bndbox></object><object><name>proposal</name><bndbox><xmin>256</xmin><ymin>288</ymin><xmax>287</xmax><ymax>155</ymax></bndbox></object><object><name>proposal</name><bndbox><xmin>394</xmin><ymin>289</ymin><xmax>110</xmax><ymax>72</ymax></bndbox></object><object><name>proposal</name><bndbox><xmin>256</xmin><ymin>289</ymin><xmax>274</xmax><ymax>118</ymax></bndbox></object><object><name>proposal</name><bndbox><xmin>387</xmin><ymin>343</ymin><xmax>136</xmax><ymax>80</ymax></bndbox></object><object><name>proposal</name><bndbox><xmin>349</xmin><ymin>336</ymin><xmax>174</xmax><ymax>62</ymax></bndbox></object><object><name>proposal</name><bndbox><xmin>264</xmin><ymin>300</ymin><xmax>179</xmax><ymax>91</ymax></bndbox></object><object><name>proposal</name><bndbox><xmin>328</xmin><ymin>293</ymin><xmax>127</xmax><ymax>80</ymax></bndbox></object><object><name>proposal</name><bndbox><xmin>293</xmin><ymin>291</ymin><xmax>162</xmax><ymax>100</ymax></bndbox></object><object><name>proposal</name><bndbox><xmin>351</xmin><ymin>293</ymin><xmax>122</xmax><ymax>79</ymax></bndbox></object><object><name>proposal</name><bndbox><xmin>256</xmin><ymin>301</ymin><xmax>146</xmax><ymax>92</ymax></bndbox></object><object><name>proposal</name><bndbox><xmin>276</xmin><ymin>301</ymin><xmax>164</xmax><ymax>89</ymax></bndbox></object><object><name>proposal</name><bndbox><xmin>276</xmin><ymin>288</ymin><xmax>267</xmax><ymax>155</ymax></bndbox></object><object><name>proposal</name><bndbox><xmin>349</xmin><ymin>329</ymin><xmax>174</xmax><ymax>72</ymax></bndbox></object><object><name>proposal</name><bndbox><xmin>62</xmin><ymin>68</ymin><xmax>94</xmax><ymax>68</ymax></bndbox></object><object><name>proposal</name><bndbox><xmin>304</xmin><ymin>291</ymin><xmax>220</xmax><ymax>109</ymax></bndbox></object><object><name>proposal</name><bndbox><xmin>276</xmin><ymin>289</ymin><xmax>247</xmax><ymax>116</ymax></bndbox></object><object><name>proposal</name><bndbox><xmin>276</xmin><ymin>300</ymin><xmax>267</xmax><ymax>143</ymax></bndbox></object><object><name>proposal</name><bndbox><xmin>349</xmin><ymin>309</ymin><xmax>100</xmax><ymax>73</ymax></bndbox></object><object><name>proposal</name><bndbox><xmin>69</xmin><ymin>48</ymin><xmax>166</xmax><ymax>106</ymax></bndbox></object><object><name>proposal</name><bndbox><xmin>276</xmin><ymin>293</ymin><xmax>254</xmax><ymax>114</ymax></bndbox></object><object><name>proposal</name><bndbox><xmin>311</xmin><ymin>290</ymin><xmax>212</xmax><ymax>108</ymax></bndbox></object><object><name>proposal</name><bndbox><xmin>260</xmin><ymin>291</ymin><xmax>183</xmax><ymax>69</ymax></bndbox></object><object><name>proposal</name><bndbox><xmin>391</xmin><ymin>288</ymin><xmax>112</xmax><ymax>89</ymax></bndbox></object><object><name>proposal</name><bndbox><xmin>432</xmin><ymin>332</ymin><xmax>108</xmax><ymax>66</ymax></bndbox></object><object><name>proposal</name><bndbox><xmin>256</xmin><ymin>291</ymin><xmax>267</xmax><ymax>110</ymax></bndbox></object><object><name>proposal</name><bndbox><xmin>370</xmin><ymin>324</ymin><xmax>170</xmax><ymax>111</ymax></bndbox></object><object><name>proposal</name><bndbox><xmin>293</xmin><ymin>336</ymin><xmax>149</xmax><ymax>55</ymax></bndbox></object><object><name>proposal</name><bndbox><xmin>293</xmin><ymin>315</ymin><xmax>91</xmax><ymax>76</ymax></bndbox></object><object><name>proposal</name><bndbox><xmin>256</xmin><ymin>291</ymin><xmax>189</xmax><ymax>102</ymax></bndbox></object><object><name>proposal</name><bndbox><xmin>256</xmin><ymin>291</ymin><xmax>217</xmax><ymax>81</ymax></bndbox></object><object><name>proposal</name><bndbox><xmin>256</xmin><ymin>280</ymin><xmax>199</xmax><ymax>113</ymax></bndbox></object><object><name>proposal</name><bndbox><xmin>256</xmin><ymin>291</ymin><xmax>163</xmax><ymax>59</ymax></bndbox></object><object><name>proposal</name><bndbox><xmin>256</xmin><ymin>289</ymin><xmax>150</xmax><ymax>61</ymax></bndbox></object><object><name>proposal</name><bndbox><xmin>256</xmin><ymin>307</ymin><xmax>128</xmax><ymax>86</ymax></bndbox></object><object><name>proposal</name><bndbox><xmin>256</xmin><ymin>289</ymin><xmax>184</xmax><ymax>101</ymax></bndbox></object><object><name>proposal</name><bndbox><xmin>260</xmin><ymin>271</ymin><xmax>243</xmax><ymax>106</ymax></bndbox></object><object><name>proposal</name><bndbox><xmin>256</xmin><ymin>291</ymin><xmax>217</xmax><ymax>102</ymax></bndbox></object><object><name>proposal</name><bndbox><xmin>96</xmin><ymin>107</ymin><xmax>60</xmax><ymax>29</ymax></bndbox></object><object><name>proposal</name><bndbox><xmin>276</xmin><ymin>300</ymin><xmax>164</xmax><ymax>90</ymax></bndbox></object><object><name>proposal</name><bndbox><xmin>282</xmin><ymin>271</ymin><xmax>220</xmax><ymax>78</ymax></bndbox></object><object><name>proposal</name><bndbox><xmin>291</xmin><ymin>305</ymin><xmax>149</xmax><ymax>85</ymax></bndbox></object><object><name>proposal</name><bndbox><xmin>41</xmin><ymin>63</ymin><xmax>115</xmax><ymax>73</ymax></bndbox></object><object><name>proposal</name><bndbox><xmin>291</xmin><ymin>305</ymin><xmax>252</xmax><ymax>138</ymax></bndbox></object><object><name>proposal</name><bndbox><xmin>292</xmin><ymin>294</ymin><xmax>232</xmax><ymax>104</ymax></bndbox></object><object><name>proposal</name><bndbox><xmin>260</xmin><ymin>271</ymin><xmax>281</xmax><ymax>172</ymax></bndbox></object><object><name>proposal</name><bndbox><xmin>390</xmin><ymin>343</ymin><xmax>151</xmax><ymax>100</ymax></bndbox></object><object><name>proposal</name><bndbox><xmin>256</xmin><ymin>293</ymin><xmax>267</xmax><ymax>138</ymax></bndbox></object><object><name>proposal</name><bndbox><xmin>276</xmin><ymin>280</ymin><xmax>264</xmax><ymax>155</ymax></bndbox></object><object><name>proposal</name><bndbox><xmin>276</xmin><ymin>271</ymin><xmax>264</xmax><ymax>140</ymax></bndbox></object><object><name>proposal</name><bndbox><xmin>260</xmin><ymin>271</ymin><xmax>159</xmax><ymax>81</ymax></bndbox></object><object><name>proposal</name><bndbox><xmin>358</xmin><ymin>309</ymin><xmax>91</xmax><ymax>73</ymax></bndbox></object><object><name>proposal</name><bndbox><xmin>256</xmin><ymin>291</ymin><xmax>267</xmax><ymax>140</ymax></bndbox></object><object><name>proposal</name><bndbox><xmin>387</xmin><ymin>329</ymin><xmax>136</xmax><ymax>94</ymax></bndbox></object><object><name>proposal</name><bndbox><xmin>293</xmin><ymin>336</ymin><xmax>250</xmax><ymax>189</ymax></bndbox></object><object><name>proposal</name><bndbox><xmin>114</xmin><ymin>137</ymin><xmax>50</xmax><ymax>16</ymax></bndbox></object><object><name>proposal</name><bndbox><xmin>278</xmin><ymin>293</ymin><xmax>165</xmax><ymax>100</ymax></bndbox></object><object><name>proposal</name><bndbox><xmin>264</xmin><ymin>300</ymin><xmax>239</xmax><ymax>93</ymax></bndbox></object><object><name>proposal</name><bndbox><xmin>292</xmin><ymin>307</ymin><xmax>231</xmax><ymax>124</ymax></bndbox></object><object><name>proposal</name><bndbox><xmin>260</xmin><ymin>289</ymin><xmax>244</xmax><ymax>102</ymax></bndbox></object><object><name>proposal</name><bndbox><xmin>307</xmin><ymin>270</ymin><xmax>194</xmax><ymax>75</ymax></bndbox></object><object><name>proposal</name><bndbox><xmin>293</xmin><ymin>336</ymin><xmax>109</xmax><ymax>55</ymax></bndbox></object><object><name>proposal</name><bndbox><xmin>351</xmin><ymin>300</ymin><xmax>152</xmax><ymax>64</ymax></bndbox></object><object><name>proposal</name><bndbox><xmin>276</xmin><ymin>289</ymin><xmax>254</xmax><ymax>118</ymax></bndbox></object><object><name>proposal</name><bndbox><xmin>314</xmin><ymin>291</ymin><xmax>190</xmax><ymax>82</ymax></bndbox></object><object><name>proposal</name><bndbox><xmin>276</xmin><ymin>271</ymin><xmax>264</xmax><ymax>153</ymax></bndbox></object><object><name>proposal</name><bndbox><xmin>293</xmin><ymin>300</ymin><xmax>150</xmax><ymax>91</ymax></bndbox></object><object><name>proposal</name><bndbox><xmin>328</xmin><ymin>293</ymin><xmax>195</xmax><ymax>108</ymax></bndbox></object><object><name>proposal</name><bndbox><xmin>256</xmin><ymin>271</ymin><xmax>284</xmax><ymax>153</ymax></bndbox></object><object><name>proposal</name><bndbox><xmin>353</xmin><ymin>291</ymin><xmax>92</xmax><ymax>73</ymax></bndbox></object><object><name>proposal</name><bndbox><xmin>256</xmin><ymin>293</ymin><xmax>199</xmax><ymax>98</ymax></bndbox></object><object><name>proposal</name><bndbox><xmin>256</xmin><ymin>293</ymin><xmax>217</xmax><ymax>100</ymax></bndbox></object><object><name>proposal</name><bndbox><xmin>260</xmin><ymin>289</ymin><xmax>244</xmax><ymax>72</ymax></bndbox></object><object><name>proposal</name><bndbox><xmin>293</xmin><ymin>336</ymin><xmax>230</xmax><ymax>62</ymax></bndbox></object><object><name>proposal</name><bndbox><xmin>256</xmin><ymin>289</ymin><xmax>199</xmax><ymax>83</ymax></bndbox></object><object><name>proposal</name><bndbox><xmin>91</xmin><ymin>109</ymin><xmax>50</xmax><ymax>23</ymax></bndbox></object><object><name>proposal</name><bndbox><xmin>351</xmin><ymin>300</ymin><xmax>98</xmax><ymax>64</ymax></bndbox></object><object><name>proposal</name><bndbox><xmin>78</xmin><ymin>85</ymin><xmax>167</xmax><ymax>92</ymax></bndbox></object><object><name>proposal</name><bndbox><xmin>113</xmin><ymin>137</ymin><xmax>52</xmax><ymax>17</ymax></bndbox></object><object><name>proposal</name><bndbox><xmin>264</xmin><ymin>271</ymin><xmax>239</xmax><ymax>122</ymax></bndbox></object><object><name>proposal</name><bndbox><xmin>264</xmin><ymin>300</ymin><xmax>277</xmax><ymax>143</ymax></bndbox></object><object><name>proposal</name><bndbox><xmin>346</xmin><ymin>291</ymin><xmax>99</xmax><ymax>73</ymax></bndbox></object><object><name>proposal</name><bndbox><xmin>264</xmin><ymin>271</ymin><xmax>277</xmax><ymax>172</ymax></bndbox></object><object><name>proposal</name><bndbox><xmin>260</xmin><ymin>270</ymin><xmax>280</xmax><ymax>128</ymax></bndbox></object><object><name>proposal</name><bndbox><xmin>298</xmin><ymin>293</ymin><xmax>145</xmax><ymax>50</ymax></bndbox></object><object><name>proposal</name><bndbox><xmin>276</xmin><ymin>293</ymin><xmax>248</xmax><ymax>110</ymax></bndbox></object><object><name>proposal</name><bndbox><xmin>259</xmin><ymin>291</ymin><xmax>145</xmax><ymax>48</ymax></bndbox></object><object><name>proposal</name><bndbox><xmin>260</xmin><ymin>307</ymin><xmax>124</xmax><ymax>53</ymax></bndbox></object><object><name>proposal</name><bndbox><xmin>387</xmin><ymin>288</ymin><xmax>114</xmax><ymax>60</ymax></bndbox></object><object><name>proposal</name><bndbox><xmin>94</xmin><ymin>85</ymin><xmax>151</xmax><ymax>92</ymax></bndbox></object><object><name>proposal</name><bndbox><xmin>256</xmin><ymin>271</ymin><xmax>287</xmax><ymax>140</ymax></bndbox></object><object><name>proposal</name><bndbox><xmin>259</xmin><ymin>294</ymin><xmax>265</xmax><ymax>104</ymax></bndbox></object><object><name>proposal</name><bndbox><xmin>316</xmin><ymin>291</ymin><xmax>139</xmax><ymax>73</ymax></bndbox></object><object><name>proposal</name><bndbox><xmin>256</xmin><ymin>289</ymin><xmax>267</xmax><ymax>113</ymax></bndbox></object><object><name>proposal</name><bndbox><xmin>390</xmin><ymin>329</ymin><xmax>133</xmax><ymax>72</ymax></bndbox></object><object><name>proposal</name><bndbox><xmin>390</xmin><ymin>329</ymin><xmax>150</xmax><ymax>106</ymax></bndbox></object><object><name>proposal</name><bndbox><xmin>358</xmin><ymin>309</ymin><xmax>182</xmax><ymax>63</ymax></bndbox></object><object><name>proposal</name><bndbox><xmin>384</xmin><ymin>339</ymin><xmax>159</xmax><ymax>104</ymax></bndbox></object><object><name>proposal</name><bndbox><xmin>349</xmin><ymin>336</ymin><xmax>128</xmax><ymax>62</ymax></bndbox></object><object><name>proposal</name><bndbox><xmin>259</xmin><ymin>291</ymin><xmax>265</xmax><ymax>109</ymax></bndbox></object><object><name>proposal</name><bndbox><xmin>256</xmin><ymin>280</ymin><xmax>193</xmax><ymax>113</ymax></bndbox></object><object><name>proposal</name><bndbox><xmin>298</xmin><ymin>291</ymin><xmax>175</xmax><ymax>81</ymax></bndbox></object><object><name>proposal</name><bndbox><xmin>386</xmin><ymin>329</ymin><xmax>137</xmax><ymax>73</ymax></bndbox></object><object><name>proposal</name><bndbox><xmin>293</xmin><ymin>305</ymin><xmax>112</xmax><ymax>88</ymax></bndbox></object><object><name>proposal</name><bndbox><xmin>293</xmin><ymin>311</ymin><xmax>99</xmax><ymax>80</ymax></bndbox></object><object><name>proposal</name><bndbox><xmin>256</xmin><ymin>288</ymin><xmax>245</xmax><ymax>102</ymax></bndbox></object><object><name>proposal</name><bndbox><xmin>276</xmin><ymin>291</ymin><xmax>247</xmax><ymax>114</ymax></bndbox></object><object><name>proposal</name><bndbox><xmin>256</xmin><ymin>291</ymin><xmax>146</xmax><ymax>66</ymax></bndbox></object><object><name>proposal</name><bndbox><xmin>292</xmin><ymin>300</ymin><xmax>232</xmax><ymax>98</ymax></bndbox></object><object><name>proposal</name><bndbox><xmin>256</xmin><ymin>288</ymin><xmax>245</xmax><ymax>84</ymax></bndbox></object><object><name>proposal</name><bndbox><xmin>387</xmin><ymin>288</ymin><xmax>114</xmax><ymax>84</ymax></bndbox></object><object><name>proposal</name><bndbox><xmin>391</xmin><ymin>288</ymin><xmax>111</xmax><ymax>61</ymax></bndbox></object><object><name>proposal</name><bndbox><xmin>260</xmin><ymin>271</ymin><xmax>243</xmax><ymax>122</ymax></bndbox></object><object><name>proposal</name><bndbox><xmin>185</xmin><ymin>197</ymin><xmax>358</xmax><ymax>354</ymax></bndbox></object><object><name>proposal</name><bndbox><xmin>260</xmin><ymin>271</ymin><xmax>159</xmax><ymax>122</ymax></bndbox></object><object><name>proposal</name><bndbox><xmin>293</xmin><ymin>307</ymin><xmax>91</xmax><ymax>84</ymax></bndbox></object><object><name>proposal</name><bndbox><xmin>276</xmin><ymin>289</ymin><xmax>179</xmax><ymax>83</ymax></bndbox></object><object><name>proposal</name><bndbox><xmin>261</xmin><ymin>290</ymin><xmax>244</xmax><ymax>87</ymax></bndbox></object><object><name>proposal</name><bndbox><xmin>91</xmin><ymin>108</ymin><xmax>65</xmax><ymax>28</ymax></bndbox></object><object><name>proposal</name><bndbox><xmin>312</xmin><ymin>290</ymin><xmax>212</xmax><ymax>106</ymax></bndbox></object><object><name>proposal</name><bndbox><xmin>256</xmin><ymin>293</ymin><xmax>267</xmax><ymax>108</ymax></bndbox></object><object><name>proposal</name><bndbox><xmin>256</xmin><ymin>291</ymin><xmax>268</xmax><ymax>109</ymax></bndbox></object><object><name>proposal</name><bndbox><xmin>264</xmin><ymin>318</ymin><xmax>92</xmax><ymax>73</ymax></bndbox></object><object><name>proposal</name><bndbox><xmin>264</xmin><ymin>296</ymin><xmax>276</xmax><ymax>102</ymax></bndbox></object><object><name>proposal</name><bndbox><xmin>256</xmin><ymin>289</ymin><xmax>267</xmax><ymax>116</ymax></bndbox></object><object><name>proposal</name><bndbox><xmin>264</xmin><ymin>288</ymin><xmax>277</xmax><ymax>155</ymax></bndbox></object><object><name>proposal</name><bndbox><xmin>346</xmin><ymin>291</ymin><xmax>177</xmax><ymax>132</ymax></bndbox></object><object><name>proposal</name><bndbox><xmin>264</xmin><ymin>307</ymin><xmax>120</xmax><ymax>84</ymax></bndbox></object><object><name>proposal</name><bndbox><xmin>78</xmin><ymin>89</ymin><xmax>78</xmax><ymax>47</ymax></bndbox></object><object><name>proposal</name><bndbox><xmin>116</xmin><ymin>137</ymin><xmax>49</xmax><ymax>17</ymax></bndbox></object></annotation>