<annotation><folder>Proposals</folder><filename>img-541.jpg</filename><size><width>450</width><height>300</height><depth>3</depth></size><object><name>proposal</name><bndbox><xmin>436</xmin><ymin>296</ymin><xmax>217</xmax><ymax>243</ymax></bndbox></object><object><name>proposal</name><bndbox><xmin>475</xmin><ymin>401</ymin><xmax>262</xmax><ymax>344</ymax></bndbox></object><object><name>proposal</name><bndbox><xmin>0</xmin><ymin>86</ymin><xmax>542</xmax><ymax>714</ymax></bndbox></object><object><name>proposal</name><bndbox><xmin>290</xmin><ymin>400</ymin><xmax>447</xmax><ymax>400</ymax></bndbox></object><object><name>proposal</name><bndbox><xmin>459</xmin><ymin>387</ymin><xmax>194</xmax><ymax>295</ymax></bndbox></object><object><name>proposal</name><bndbox><xmin>217</xmin><ymin>205</ymin><xmax>583</xmax><ymax>595</ymax></bndbox></object><object><name>proposal</name><bndbox><xmin>288</xmin><ymin>408</ymin><xmax>174</xmax><ymax>248</ymax></bndbox></object><object><name>proposal</name><bndbox><xmin>440</xmin><ymin>627</ymin><xmax>227</xmax><ymax>173</ymax></bndbox></object><object><name>proposal</name><bndbox><xmin>227</xmin><ymin>387</ymin><xmax>573</xmax><ymax>413</ymax></bndbox></object><object><name>proposal</name><bndbox><xmin>0</xmin><ymin>360</ymin><xmax>800</xmax><ymax>440</ymax></bndbox></object><object><name>proposal</name><bndbox><xmin>227</xmin><ymin>659</ymin><xmax>369</xmax><ymax>141</ymax></bndbox></object><object><name>proposal</name><bndbox><xmin>297</xmin><ymin>355</ymin><xmax>453</xmax><ymax>445</ymax></bndbox></object><object><name>proposal</name><bndbox><xmin>298</xmin><ymin>385</ymin><xmax>452</xmax><ymax>415</ymax></bndbox></object><object><name>proposal</name><bndbox><xmin>282</xmin><ymin>346</ymin><xmax>472</xmax><ymax>454</ymax></bndbox></object><object><name>proposal</name><bndbox><xmin>286</xmin><ymin>504</ymin><xmax>165</xmax><ymax>256</ymax></bndbox></object><object><name>proposal</name><bndbox><xmin>290</xmin><ymin>346</ymin><xmax>406</xmax><ymax>454</ymax></bndbox></object><object><name>proposal</name><bndbox><xmin>463</xmin><ymin>387</ymin><xmax>190</xmax><ymax>168</ymax></bndbox></object><object><name>proposal</name><bndbox><xmin>288</xmin><ymin>408</ymin><xmax>174</xmax><ymax>257</ymax></bndbox></object><object><name>proposal</name><bndbox><xmin>0</xmin><ymin>360</ymin><xmax>462</xmax><ymax>440</ymax></bndbox></object><object><name>proposal</name><bndbox><xmin>227</xmin><ymin>400</ymin><xmax>573</xmax><ymax>400</ymax></bndbox></object><object><name>proposal</name><bndbox><xmin>217</xmin><ymin>295</ymin><xmax>537</xmax><ymax>505</ymax></bndbox></object><object><name>proposal</name><bndbox><xmin>466</xmin><ymin>559</ymin><xmax>218</xmax><ymax>241</ymax></bndbox></object><object><name>proposal</name><bndbox><xmin>520</xmin><ymin>496</ymin><xmax>147</xmax><ymax>304</ymax></bndbox></object><object><name>proposal</name><bndbox><xmin>0</xmin><ymin>182</ymin><xmax>685</xmax><ymax>618</ymax></bndbox></object><object><name>proposal</name><bndbox><xmin>434</xmin><ymin>387</ymin><xmax>233</xmax><ymax>215</ymax></bndbox></object><object><name>proposal</name><bndbox><xmin>434</xmin><ymin>387</ymin><xmax>225</xmax><ymax>200</ymax></bndbox></object><object><name>proposal</name><bndbox><xmin>453</xmin><ymin>59</ymin><xmax>347</xmax><ymax>741</ymax></bndbox></object><object><name>proposal</name><bndbox><xmin>348</xmin><ymin>296</ymin><xmax>305</xmax><ymax>243</ymax></bndbox></object><object><name>proposal</name><bndbox><xmin>288</xmin><ymin>417</ymin><xmax>398</xmax><ymax>383</ymax></bndbox></object><object><name>proposal</name><bndbox><xmin>286</xmin><ymin>504</ymin><xmax>151</xmax><ymax>256</ymax></bndbox></object><object><name>proposal</name><bndbox><xmin>409</xmin><ymin>400</ymin><xmax>250</xmax><ymax>282</ymax></bndbox></object><object><name>proposal</name><bndbox><xmin>288</xmin><ymin>383</ymin><xmax>512</xmax><ymax>417</ymax></bndbox></object><object><name>proposal</name><bndbox><xmin>227</xmin><ymin>400</ymin><xmax>457</xmax><ymax>400</ymax></bndbox></object><object><name>proposal</name><bndbox><xmin>0</xmin><ymin>347</ymin><xmax>463</xmax><ymax>453</ymax></bndbox></object><object><name>proposal</name><bndbox><xmin>0</xmin><ymin>230</ymin><xmax>800</xmax><ymax>570</ymax></bndbox></object><object><name>proposal</name><bndbox><xmin>5</xmin><ymin>448</ymin><xmax>457</xmax><ymax>352</ymax></bndbox></object><object><name>proposal</name><bndbox><xmin>386</xmin><ymin>341</ymin><xmax>262</xmax><ymax>178</ymax></bndbox></object><object><name>proposal</name><bndbox><xmin>276</xmin><ymin>195</ymin><xmax>461</xmax><ymax>589</ymax></bndbox></object><object><name>proposal</name><bndbox><xmin>272</xmin><ymin>365</ymin><xmax>528</xmax><ymax>435</ymax></bndbox></object><object><name>proposal</name><bndbox><xmin>308</xmin><ymin>510</ymin><xmax>240</xmax><ymax>281</ymax></bndbox></object><object><name>proposal</name><bndbox><xmin>458</xmin><ymin>63</ymin><xmax>342</xmax><ymax>657</ymax></bndbox></object><object><name>proposal</name><bndbox><xmin>306</xmin><ymin>382</ymin><xmax>347</xmax><ymax>272</ymax></bndbox></object><object><name>proposal</name><bndbox><xmin>288</xmin><ymin>170</ymin><xmax>379</xmax><ymax>495</ymax></bndbox></object><object><name>proposal</name><bndbox><xmin>348</xmin><ymin>341</ymin><xmax>452</xmax><ymax>459</ymax></bndbox></object><object><name>proposal</name><bndbox><xmin>0</xmin><ymin>330</ymin><xmax>800</xmax><ymax>470</ymax></bndbox></object><object><name>proposal</name><bndbox><xmin>284</xmin><ymin>400</ymin><xmax>453</xmax><ymax>400</ymax></bndbox></object><object><name>proposal</name><bndbox><xmin>369</xmin><ymin>387</ymin><xmax>317</xmax><ymax>413</ymax></bndbox></object><object><name>proposal</name><bndbox><xmin>369</xmin><ymin>387</ymin><xmax>290</xmax><ymax>200</ymax></bndbox></object><object><name>proposal</name><bndbox><xmin>367</xmin><ymin>569</ymin><xmax>231</xmax><ymax>200</ymax></bndbox></object><object><name>proposal</name><bndbox><xmin>297</xmin><ymin>400</ymin><xmax>440</xmax><ymax>400</ymax></bndbox></object><object><name>proposal</name><bndbox><xmin>217</xmin><ymin>0</ymin><xmax>583</xmax><ymax>800</ymax></bndbox></object><object><name>proposal</name><bndbox><xmin>227</xmin><ymin>496</ymin><xmax>459</xmax><ymax>304</ymax></bndbox></object><object><name>proposal</name><bndbox><xmin>288</xmin><ymin>504</ymin><xmax>398</xmax><ymax>296</ymax></bndbox></object><object><name>proposal</name><bndbox><xmin>0</xmin><ymin>274</ymin><xmax>479</xmax><ymax>526</ymax></bndbox></object><object><name>proposal</name><bndbox><xmin>427</xmin><ymin>418</ymin><xmax>218</xmax><ymax>244</ymax></bndbox></object><object><name>proposal</name><bndbox><xmin>417</xmin><ymin>387</ymin><xmax>250</xmax><ymax>148</ymax></bndbox></object><object><name>proposal</name><bndbox><xmin>386</xmin><ymin>385</ymin><xmax>281</xmax><ymax>169</ymax></bndbox></object><object><name>proposal</name><bndbox><xmin>386</xmin><ymin>346</ymin><xmax>281</xmax><ymax>173</ymax></bndbox></object><object><name>proposal</name><bndbox><xmin>276</xmin><ymin>341</ymin><xmax>524</xmax><ymax>459</ymax></bndbox></object><object><name>proposal</name><bndbox><xmin>276</xmin><ymin>341</ymin><xmax>391</xmax><ymax>324</ymax></bndbox></object><object><name>proposal</name><bndbox><xmin>276</xmin><ymin>417</ymin><xmax>423</xmax><ymax>383</ymax></bndbox></object><object><name>proposal</name><bndbox><xmin>284</xmin><ymin>346</ymin><xmax>470</xmax><ymax>454</ymax></bndbox></object><object><name>proposal</name><bndbox><xmin>318</xmin><ymin>417</ymin><xmax>341</xmax><ymax>265</ymax></bndbox></object><object><name>proposal</name><bndbox><xmin>386</xmin><ymin>346</ymin><xmax>281</xmax><ymax>208</ymax></bndbox></object><object><name>proposal</name><bndbox><xmin>282</xmin><ymin>398</ymin><xmax>472</xmax><ymax>402</ymax></bndbox></object><object><name>proposal</name><bndbox><xmin>506</xmin><ymin>307</ymin><xmax>192</xmax><ymax>341</ymax></bndbox></object><object><name>proposal</name><bndbox><xmin>369</xmin><ymin>387</ymin><xmax>290</xmax><ymax>295</ymax></bndbox></object><object><name>proposal</name><bndbox><xmin>305</xmin><ymin>504</ymin><xmax>381</xmax><ymax>296</ymax></bndbox></object><object><name>proposal</name><bndbox><xmin>0</xmin><ymin>60</ymin><xmax>800</xmax><ymax>687</ymax></bndbox></object><object><name>proposal</name><bndbox><xmin>227</xmin><ymin>296</ymin><xmax>573</xmax><ymax>504</ymax></bndbox></object><object><name>proposal</name><bndbox><xmin>494</xmin><ymin>565</ymin><xmax>190</xmax><ymax>235</ymax></bndbox></object><object><name>proposal</name><bndbox><xmin>305</xmin><ymin>417</ymin><xmax>381</xmax><ymax>383</ymax></bndbox></object><object><name>proposal</name><bndbox><xmin>227</xmin><ymin>387</ymin><xmax>459</xmax><ymax>413</ymax></bndbox></object><object><name>proposal</name><bndbox><xmin>469</xmin><ymin>565</ymin><xmax>215</xmax><ymax>235</ymax></bndbox></object><object><name>proposal</name><bndbox><xmin>290</xmin><ymin>385</ymin><xmax>406</xmax><ymax>415</ymax></bndbox></object><object><name>proposal</name><bndbox><xmin>369</xmin><ymin>295</ymin><xmax>288</xmax><ymax>355</ymax></bndbox></object><object><name>proposal</name><bndbox><xmin>463</xmin><ymin>341</ymin><xmax>204</xmax><ymax>214</ymax></bndbox></object><object><name>proposal</name><bndbox><xmin>297</xmin><ymin>385</ymin><xmax>399</xmax><ymax>415</ymax></bndbox></object><object><name>proposal</name><bndbox><xmin>288</xmin><ymin>400</ymin><xmax>512</xmax><ymax>400</ymax></bndbox></object><object><name>proposal</name><bndbox><xmin>288</xmin><ymin>461</ymin><xmax>512</xmax><ymax>339</ymax></bndbox></object><object><name>proposal</name><bndbox><xmin>0</xmin><ymin>86</ymin><xmax>800</xmax><ymax>714</ymax></bndbox></object><object><name>proposal</name><bndbox><xmin>227</xmin><ymin>659</ymin><xmax>318</xmax><ymax>141</ymax></bndbox></object><object><name>proposal</name><bndbox><xmin>296</xmin><ymin>504</ymin><xmax>389</xmax><ymax>296</ymax></bndbox></object><object><name>proposal</name><bndbox><xmin>0</xmin><ymin>274</ymin><xmax>800</xmax><ymax>526</ymax></bndbox></object><object><name>proposal</name><bndbox><xmin>278</xmin><ymin>387</ymin><xmax>421</xmax><ymax>413</ymax></bndbox></object><object><name>proposal</name><bndbox><xmin>308</xmin><ymin>387</ymin><xmax>391</xmax><ymax>413</ymax></bndbox></object><object><name>proposal</name><bndbox><xmin>296</xmin><ymin>510</ymin><xmax>388</xmax><ymax>290</ymax></bndbox></object><object><name>proposal</name><bndbox><xmin>298</xmin><ymin>386</ymin><xmax>439</xmax><ymax>414</ymax></bndbox></object><object><name>proposal</name><bndbox><xmin>227</xmin><ymin>307</ymin><xmax>471</xmax><ymax>493</ymax></bndbox></object><object><name>proposal</name><bndbox><xmin>278</xmin><ymin>295</ymin><xmax>379</xmax><ymax>370</ymax></bndbox></object><object><name>proposal</name><bndbox><xmin>278</xmin><ymin>368</ymin><xmax>290</xmax><ymax>297</ymax></bndbox></object><object><name>proposal</name><bndbox><xmin>299</xmin><ymin>400</ymin><xmax>393</xmax><ymax>400</ymax></bndbox></object><object><name>proposal</name><bndbox><xmin>288</xmin><ymin>504</ymin><xmax>397</xmax><ymax>296</ymax></bndbox></object><object><name>proposal</name><bndbox><xmin>418</xmin><ymin>387</ymin><xmax>249</xmax><ymax>271</ymax></bndbox></object><object><name>proposal</name><bndbox><xmin>288</xmin><ymin>402</ymin><xmax>449</xmax><ymax>398</ymax></bndbox></object><object><name>proposal</name><bndbox><xmin>282</xmin><ymin>341</ymin><xmax>468</xmax><ymax>459</ymax></bndbox></object><object><name>proposal</name><bndbox><xmin>463</xmin><ymin>387</ymin><xmax>198</xmax><ymax>171</ymax></bndbox></object><object><name>proposal</name><bndbox><xmin>290</xmin><ymin>381</ymin><xmax>447</xmax><ymax>419</ymax></bndbox></object><object><name>proposal</name><bndbox><xmin>0</xmin><ymin>27</ymin><xmax>800</xmax><ymax>773</ymax></bndbox></object><object><name>proposal</name><bndbox><xmin>284</xmin><ymin>385</ymin><xmax>470</xmax><ymax>415</ymax></bndbox></object><object><name>proposal</name><bndbox><xmin>452</xmin><ymin>368</ymin><xmax>197</xmax><ymax>167</ymax></bndbox></object><object><name>proposal</name><bndbox><xmin>282</xmin><ymin>346</ymin><xmax>455</xmax><ymax>454</ymax></bndbox></object><object><name>proposal</name><bndbox><xmin>288</xmin><ymin>387</ymin><xmax>449</xmax><ymax>413</ymax></bndbox></object><object><name>proposal</name><bndbox><xmin>272</xmin><ymin>400</ymin><xmax>252</xmax><ymax>265</ymax></bndbox></object><object><name>proposal</name><bndbox><xmin>282</xmin><ymin>387</ymin><xmax>468</xmax><ymax>413</ymax></bndbox></object><object><name>proposal</name><bndbox><xmin>427</xmin><ymin>382</ymin><xmax>271</xmax><ymax>271</ymax></bndbox></object><object><name>proposal</name><bndbox><xmin>0</xmin><ymin>0</ymin><xmax>800</xmax><ymax>769</ymax></bndbox></object><object><name>proposal</name><bndbox><xmin>299</xmin><ymin>510</ymin><xmax>385</xmax><ymax>290</ymax></bndbox></object><object><name>proposal</name><bndbox><xmin>290</xmin><ymin>398</ymin><xmax>447</xmax><ymax>402</ymax></bndbox></object><object><name>proposal</name><bndbox><xmin>276</xmin><ymin>417</ymin><xmax>383</xmax><ymax>265</ymax></bndbox></object><object><name>proposal</name><bndbox><xmin>217</xmin><ymin>306</ymin><xmax>583</xmax><ymax>494</ymax></bndbox></object><object><name>proposal</name><bndbox><xmin>430</xmin><ymin>493</ymin><xmax>215</xmax><ymax>155</ymax></bndbox></object><object><name>proposal</name><bndbox><xmin>276</xmin><ymin>428</ymin><xmax>234</xmax><ymax>332</ymax></bndbox></object><object><name>proposal</name><bndbox><xmin>474</xmin><ymin>230</ymin><xmax>326</xmax><ymax>490</ymax></bndbox></object><object><name>proposal</name><bndbox><xmin>276</xmin><ymin>387</ymin><xmax>423</xmax><ymax>413</ymax></bndbox></object><object><name>proposal</name><bndbox><xmin>276</xmin><ymin>365</ymin><xmax>524</xmax><ymax>435</ymax></bndbox></object><object><name>proposal</name><bndbox><xmin>308</xmin><ymin>387</ymin><xmax>429</xmax><ymax>413</ymax></bndbox></object><object><name>proposal</name><bndbox><xmin>227</xmin><ymin>569</ymin><xmax>389</xmax><ymax>231</ymax></bndbox></object><object><name>proposal</name><bndbox><xmin>386</xmin><ymin>349</ymin><xmax>341</xmax><ymax>250</ymax></bndbox></object><object><name>proposal</name><bndbox><xmin>342</xmin><ymin>290</ymin><xmax>305</xmax><ymax>214</ymax></bndbox></object><object><name>proposal</name><bndbox><xmin>409</xmin><ymin>387</ymin><xmax>258</xmax><ymax>347</ymax></bndbox></object><object><name>proposal</name><bndbox><xmin>329</xmin><ymin>387</ymin><xmax>320</xmax><ymax>148</ymax></bndbox></object><object><name>proposal</name><bndbox><xmin>430</xmin><ymin>418</ymin><xmax>215</xmax><ymax>230</ymax></bndbox></object><object><name>proposal</name><bndbox><xmin>0</xmin><ymin>341</ymin><xmax>800</xmax><ymax>459</ymax></bndbox></object><object><name>proposal</name><bndbox><xmin>320</xmin><ymin>400</ymin><xmax>195</xmax><ymax>207</ymax></bndbox></object><object><name>proposal</name><bndbox><xmin>471</xmin><ymin>230</ymin><xmax>329</xmax><ymax>490</ymax></bndbox></object><object><name>proposal</name><bndbox><xmin>386</xmin><ymin>349</ymin><xmax>267</xmax><ymax>190</ymax></bndbox></object><object><name>proposal</name><bndbox><xmin>276</xmin><ymin>81</ymin><xmax>322</xmax><ymax>688</ymax></bndbox></object><object><name>proposal</name><bndbox><xmin>288</xmin><ymin>387</ymin><xmax>396</xmax><ymax>413</ymax></bndbox></object><object><name>proposal</name><bndbox><xmin>276</xmin><ymin>59</ymin><xmax>524</xmax><ymax>725</ymax></bndbox></object><object><name>proposal</name><bndbox><xmin>421</xmin><ymin>341</ymin><xmax>232</xmax><ymax>198</ymax></bndbox></object><object><name>proposal</name><bndbox><xmin>298</xmin><ymin>385</ymin><xmax>398</xmax><ymax>415</ymax></bndbox></object><object><name>proposal</name><bndbox><xmin>288</xmin><ymin>170</ymin><xmax>465</xmax><ymax>578</ymax></bndbox></object><object><name>proposal</name><bndbox><xmin>348</xmin><ymin>341</ymin><xmax>386</xmax><ymax>374</ymax></bndbox></object><object><name>proposal</name><bndbox><xmin>418</xmin><ymin>400</ymin><xmax>241</xmax><ymax>258</ymax></bndbox></object><object><name>proposal</name><bndbox><xmin>276</xmin><ymin>496</ymin><xmax>410</xmax><ymax>304</ymax></bndbox></object><object><name>proposal</name><bndbox><xmin>457</xmin><ymin>341</ymin><xmax>276</xmax><ymax>258</ymax></bndbox></object><object><name>proposal</name><bndbox><xmin>0</xmin><ymin>30</ymin><xmax>800</xmax><ymax>648</ymax></bndbox></object><object><name>proposal</name><bndbox><xmin>276</xmin><ymin>365</ymin><xmax>229</xmax><ymax>300</ymax></bndbox></object><object><name>proposal</name><bndbox><xmin>299</xmin><ymin>504</ymin><xmax>438</xmax><ymax>296</ymax></bndbox></object><object><name>proposal</name><bndbox><xmin>0</xmin><ymin>365</ymin><xmax>800</xmax><ymax>435</ymax></bndbox></object><object><name>proposal</name><bndbox><xmin>348</xmin><ymin>296</ymin><xmax>303</xmax><ymax>223</ymax></bndbox></object><object><name>proposal</name><bndbox><xmin>440</xmin><ymin>595</ymin><xmax>246</xmax><ymax>205</ymax></bndbox></object><object><name>proposal</name><bndbox><xmin>217</xmin><ymin>387</ymin><xmax>507</xmax><ymax>413</ymax></bndbox></object><object><name>proposal</name><bndbox><xmin>0</xmin><ymin>387</ymin><xmax>800</xmax><ymax>413</ymax></bndbox></object><object><name>proposal</name><bndbox><xmin>463</xmin><ymin>387</ymin><xmax>190</xmax><ymax>295</ymax></bndbox></object><object><name>proposal</name><bndbox><xmin>297</xmin><ymin>365</ymin><xmax>503</xmax><ymax>435</ymax></bndbox></object><object><name>proposal</name><bndbox><xmin>475</xmin><ymin>440</ymin><xmax>155</xmax><ymax>242</ymax></bndbox></object><object><name>proposal</name><bndbox><xmin>427</xmin><ymin>63</ymin><xmax>373</xmax><ymax>737</ymax></bndbox></object><object><name>proposal</name><bndbox><xmin>305</xmin><ymin>387</ymin><xmax>381</xmax><ymax>413</ymax></bndbox></object><object><name>proposal</name><bndbox><xmin>427</xmin><ymin>382</ymin><xmax>191</xmax><ymax>271</ymax></bndbox></object><object><name>proposal</name><bndbox><xmin>296</xmin><ymin>387</ymin><xmax>388</xmax><ymax>413</ymax></bndbox></object><object><name>proposal</name><bndbox><xmin>290</xmin><ymin>400</ymin><xmax>464</xmax><ymax>400</ymax></bndbox></object><object><name>proposal</name><bndbox><xmin>0</xmin><ymin>0</ymin><xmax>616</xmax><ymax>800</ymax></bndbox></object><object><name>proposal</name><bndbox><xmin>288</xmin><ymin>170</ymin><xmax>512</xmax><ymax>630</ymax></bndbox></object><object><name>proposal</name><bndbox><xmin>0</xmin><ymin>417</ymin><xmax>466</xmax><ymax>383</ymax></bndbox></object><object><name>proposal</name><bndbox><xmin>217</xmin><ymin>510</ymin><xmax>537</xmax><ymax>290</ymax></bndbox></object><object><name>proposal</name><bndbox><xmin>0</xmin><ymin>60</ymin><xmax>686</xmax><ymax>740</ymax></bndbox></object><object><name>proposal</name><bndbox><xmin>276</xmin><ymin>395</ymin><xmax>316</xmax><ymax>270</ymax></bndbox></object><object><name>proposal</name><bndbox><xmin>0</xmin><ymin>84</ymin><xmax>800</xmax><ymax>716</ymax></bndbox></object><object><name>proposal</name><bndbox><xmin>320</xmin><ymin>400</ymin><xmax>204</xmax><ymax>253</ymax></bndbox></object><object><name>proposal</name><bndbox><xmin>296</xmin><ymin>400</ymin><xmax>504</xmax><ymax>400</ymax></bndbox></object><object><name>proposal</name><bndbox><xmin>421</xmin><ymin>387</ymin><xmax>232</xmax><ymax>152</ymax></bndbox></object><object><name>proposal</name><bndbox><xmin>299</xmin><ymin>504</ymin><xmax>386</xmax><ymax>296</ymax></bndbox></object><object><name>proposal</name><bndbox><xmin>276</xmin><ymin>195</ymin><xmax>391</xmax><ymax>470</ymax></bndbox></object><object><name>proposal</name><bndbox><xmin>318</xmin><ymin>387</ymin><xmax>349</xmax><ymax>266</ymax></bndbox></object><object><name>proposal</name><bndbox><xmin>276</xmin><ymin>63</ymin><xmax>524</xmax><ymax>706</ymax></bndbox></object><object><name>proposal</name><bndbox><xmin>0</xmin><ymin>60</ymin><xmax>800</xmax><ymax>740</ymax></bndbox></object><object><name>proposal</name><bndbox><xmin>290</xmin><ymin>387</ymin><xmax>450</xmax><ymax>413</ymax></bndbox></object><object><name>proposal</name><bndbox><xmin>276</xmin><ymin>504</ymin><xmax>331</xmax><ymax>268</ymax></bndbox></object><object><name>proposal</name><bndbox><xmin>306</xmin><ymin>387</ymin><xmax>347</xmax><ymax>266</ymax></bndbox></object><object><name>proposal</name><bndbox><xmin>386</xmin><ymin>381</ymin><xmax>281</xmax><ymax>138</ymax></bndbox></object><object><name>proposal</name><bndbox><xmin>409</xmin><ymin>400</ymin><xmax>344</xmax><ymax>348</ymax></bndbox></object><object><name>proposal</name><bndbox><xmin>430</xmin><ymin>418</ymin><xmax>161</xmax><ymax>235</ymax></bndbox></object><object><name>proposal</name><bndbox><xmin>491</xmin><ymin>387</ymin><xmax>242</xmax><ymax>212</ymax></bndbox></object><object><name>proposal</name><bndbox><xmin>466</xmin><ymin>559</ymin><xmax>233</xmax><ymax>241</ymax></bndbox></object><object><name>proposal</name><bndbox><xmin>284</xmin><ymin>398</ymin><xmax>466</xmax><ymax>402</ymax></bndbox></object><object><name>proposal</name><bndbox><xmin>0</xmin><ymin>32</ymin><xmax>800</xmax><ymax>768</ymax></bndbox></object></annotation>